position,per,tx phyrate,tx mcs,tx nss,chload,chload self,total_latency_50_percent,total_latency_95_percent,total_latency_99_percent,txtime_latency_50_percent,txtime_latency_95_percent,txtime_latency_99_percent,uldelay <100ms,uldelay 100-500ms,uldelay 500-900ms,uldelay 900-1300ms,uldelay 1300-1700ms,uldelay 1700-2100ms,uldelay >2100ms,txtime <1ms,txtime 1-5ms,txtime 5-9ms,txtime 9-13ms,txtime 13-17ms,txtime 17-21ms,txtime >21ms,diff tx bytes,diff tx packets,diff tx ppdu cnt,diff tx ppdu retry cnt
"1,1",0,0,0,0,977,4,99999,99999,99999,99999,99999,99999,0,0,0,0,0,0,0,0,0,0,0,0,0,0,0,0,0,0
"1,2",0,0,0,0,975,4,99999,99999,99999,99999,99999,99999,0,0,0,0,0,0,0,0,0,0,0,0,0,0,0,0,0,0
"1,3",0,0,0,0,974,4,99999,99999,99999,99999,99999,99999,0,0,0,0,0,0,0,0,0,0,0,0,0,0,0,0,0,0
"1,4",0,0,0,0,970,4,99999,99999,99999,99999,99999,99999,0,0,0,0,0,0,0,0,0,0,0,0,0,0,0,0,0,0
"1,5",0,0,0,0,963,4,99999,99999,99999,99999,99999,99999,0,0,0,0,0,0,0,0,0,0,0,0,0,0,0,0,0,0
"1,6",0,0,0,0,962,4,99999,99999,99999,99999,99999,99999,0,0,0,0,0,0,0,0,0,0,0,0,0,0,0,0,0,0
"1,7",0,0,0,0,975,4,99999,99999,99999,99999,99999,99999,0,0,0,0,0,0,0,0,0,0,0,0,0,0,0,0,0,0
"1,8",0,0,0,0,970,4,99999,99999,99999,99999,99999,99999,0,0,0,0,0,0,0,0,0,0,0,0,0,0,0,0,0,0
"1,9",0,0,0,0,971,4,99999,99999,99999,99999,99999,99999,0,0,0,0,0,0,0,0,0,0,0,0,0,0,0,0,0,0
"1,10",0,0,0,0,972,4,99999,99999,99999,99999,99999,99999,0,0,0,0,0,0,0,0,0,0,0,0,0,0,0,0,0,0
"1,11",0,0,0,0,968,4,99999,99999,99999,99999,99999,99999,0,0,0,0,0,0,0,0,0,0,0,0,0,0,0,0,0,0
"1,12",40,73125,7,1,1034,2,8,182,281,0,4,5,0.905556,0.094444,0,0,0,0,0,0.8,0.184314,0.015686,0,0,0,0,27495,180,303,123
"1,13",35,73125,7,1,1028,2,6,53,113,0,4,5,0.977778,0.022222,0,0,0,0,0,0.830116,0.15444,0.015444,0,0,0,0,27495,180,278,98
"1,14",40,73125,7,1,1030,2,9,135,197,0,4,6,0.916667,0.083333,0,0,0,0,0,0.80303,0.162879,0.030303,0.003788,0,0,0,27495,180,305,125
"1,15",49,77321,8,1,1035,2,12,329,557,0,4,5,0.877778,0.088889,0.033333,0,0,0,0,0.783784,0.177606,0.03861,0,0,0,0,26599,174,359,179
"1,16",35,79261,8,1,1034,2,11,417,533,0,4,4,0.833333,0.133333,0.033333,0,0,0,0,0.853333,0.137778,0.008889,0,0,0,0,26570,174,271,95
"1,17",43,82361,9,1,1037,2,9,183,382,0,4,5,0.906077,0.093923,0,0,0,0,0,0.771654,0.192913,0.027559,0.007874,0,0,0,27659,181,320,140
"1,18",44,84587,9,1,1035,2,12,306,472,0,4,6,0.838889,0.15,0.011111,0,0,0,0,0.790514,0.166008,0.043478,0,0,0,0,27235,178,326,146
"1,19",37,86104,9,1,1034,2,9,168,503,0,4,8,0.927778,0.055556,0.016667,0,0,0,0,0.794466,0.16996,0.023715,0.011858,0,0,0,26985,177,286,107
"1,20",36,87296,9,1,1034,2,9,174,335,0,4,5,0.917582,0.082418,0,0,0,0,0,0.798387,0.189516,0.012097,0,0,0,0,27725,182,284,103
"1,21",37,88267,9,1,1025,2,9,55,107,0,5,6,0.977778,0.022222,0,0,0,0,0,0.783883,0.161172,0.054945,0,0,0,0,27495,180,289,109
"1,22",43,89130,9,1,1037,2,15,237,412,0,5,7,0.861111,0.133333,0.005556,0,0,0,0,0.737255,0.207843,0.05098,0.003922,0,0,0,27318,179,319,139
"1,23",45,89859,9,1,1036,2,18,503,534,0,4,8,0.770833,0.166667,0.0625,0,0,0,0,0.781893,0.185185,0.032922,0,0,0,0,27506,180,338,154
"1,24",42,90461,9,1,1028,2,10,204,510,0,4,7,0.888889,0.094444,0.016667,0,0,0,0,0.812,0.156,0.032,0,0,0,0,27120,177,313,134
"1,25",38,90939,9,1,1031,2,10,256,452,0,4,5,0.9,0.094444,0.005556,0,0,0,0,0.817021,0.148936,0.034043,0,0,0,0,27339,179,294,114
"1,26",45,92259,10,1,1031,2,13,417,704,0,3,5,0.777778,0.183333,0.038889,0,0,0,0,0.824074,0.162037,0.009259,0.00463,0,0,0,26412,173,327,148
"1,27",44,93406,10,1,1031,2,9,144,242,0,4,6,0.916667,0.083333,0,0,0,0,0,0.808765,0.155378,0.031873,0.003984,0,0,0,27495,180,324,144
"1,28",47,95216,11,1,1043,2,10,149,299,0,4,7,0.894444,0.105556,0,0,0,0,0,0.773438,0.1875,0.039062,0,0,0,0,27495,180,342,162
"1,29",42,96706,11,1,1031,2,8,129,220,0,4,5,0.927778,0.072222,0,0,0,0,0,0.83209,0.141791,0.022388,0.003731,0,0,0,27495,180,315,135
"1,30",41,98035,11,1,1038,2,16,468,564,0,5,7,0.782609,0.173913,0.043478,0,0,0,0,0.76569,0.175732,0.054393,0.004184,0,0,0,26773,176,308,127
"1,31",36,99122,11,1,1043,2,8,93,175,0,4,8,0.955556,0.044444,0,0,0,0,0,0.78,0.184,0.036,0,0,0,0,27495,180,283,103
"1,32",38,100103,11,1,1048,2,11,526,560,0,4,6,0.811111,0.1,0.088889,0,0,0,0,0.779817,0.174312,0.045872,0,0,0,0,25026,164,277,106
"1,33",38,101027,11,1,1045,2,11,247,555,0,4,8,0.9,0.077778,0.022222,0,0,0,0,0.759843,0.19685,0.03937,0.003937,0,0,0,26969,176,292,113
"1,34",38,101853,11,1,1049,2,14,511,576,0,5,8,0.783333,0.15,0.066667,0,0,0,0,0.763393,0.183036,0.044643,0.004464,0.004464,0,0,25541,168,280,107
"1,35",44,102743,11,1,1028,2,11,317,496,0,4,6,0.877778,0.116667,0.005556,0,0,0,0,0.799257,0.171004,0.026022,0.003717,0,0,0,27357,179,323,143
"1,36",30,103391,11,1,1027,2,8,245,520,0,4,5,0.911111,0.066667,0.022222,0,0,0,0,0.823276,0.155172,0.021552,0,0,0,0,26908,176,257,79
"1,37",38,104064,11,1,1031,2,8,51,121,0,4,5,0.983425,0.016575,0,0,0,0,0,0.794872,0.186813,0.014652,0.003663,0,0,0,27561,181,292,111
"1,38",40,104713,11,1,1038,2,8,62,139,0,4,6,0.983333,0.016667,0,0,0,0,0,0.842697,0.134831,0.018727,0.003745,0,0,0,27495,180,301,121
"1,39",38,105307,11,1,1033,2,9,46,116,0,4,6,0.983333,0.016667,0,0,0,0,0,0.81295,0.169065,0.017986,0,0,0,0,27495,180,293,113
"1,40",39,105872,11,1,1026,2,8,93,272,0,4,4,0.955556,0.044444,0,0,0,0,0,0.838462,0.157692,0.003846,0,0,0,0,27495,180,298,118
"1,41",50,106497,11,1,1033,2,10,199,378,0,4,6,0.911111,0.088889,0,0,0,0,0,0.805344,0.179389,0.01145,0.003817,0,0,0,27495,180,361,181
"1,42",38,106973,11,1,1038,2,8,98,142,0,4,4,0.955556,0.044444,0,0,0,0,0,0.825095,0.1673,0.007605,0,0,0,0,27495,180,295,115
"1,43",39,107404,11,1,1032,2,10,517,546,0,4,5,0.827778,0.094444,0.077778,0,0,0,0,0.832599,0.145374,0.022026,0,0,0,0,25484,166,282,112
"1,44",36,107794,11,1,1031,2,8,452,528,0,4,5,0.894444,0.055556,0.044444,0.005556,0,0,0,0.824,0.16,0.016,0,0,0,0,26177,171,271,98
"1,45",37,108158,11,1,1033,2,8,523,546,0,4,4,0.85,0.083333,0.066667,0,0,0,0,0.848485,0.142857,0.008658,0,0,0,0,25838,168,271,101
"1,46",35,108515,11,1,1033,2,7,291,548,0,4,8,0.902703,0.07027,0.027027,0,0,0,0,0.854251,0.11336,0.024291,0.008097,0,0,0,27402,180,277,97
"1,47",40,108895,11,1,1042,2,12,74,125,0,4,6,0.966851,0.033149,0,0,0,0,0,0.73913,0.224638,0.032609,0,0.003623,0,0,27659,181,301,121
"1,48",43,109271,11,1,1047,2,12,163,268,0,4,10,0.894444,0.105556,0,0,0,0,0,0.743802,0.210744,0.033058,0.012397,0,0,0,27495,180,318,138
"1,49",40,109597,11,1,1043,2,11,111,166,0,4,5,0.944444,0.055556,0,0,0,0,0,0.765152,0.189394,0.041667,0.003788,0,0,0,27495,180,302,122
"1,50",44,109913,11,1,1039,2,18,531,823,0,4,8,0.712707,0.198895,0.082873,0.005525,0,0,0,0.763285,0.188406,0.038647,0.009662,0,0,0,25255,165,305,135
"1,51",47,110231,11,1,1035,2,12,505,530,0,4,6,0.85,0.083333,0.066667,0,0,0,0,0.772727,0.181818,0.045455,0,0,0,0,25614,168,325,153
"1,52",53,110564,11,1,1038,2,38,535,814,0,4,7,0.622222,0.25,0.122222,0.005556,0,0,0,0.730392,0.22549,0.044118,0,0,0,0,23902,157,360,192
"1,53",44,110543,10,1,1037,2,15,449,514,0,4,10,0.816667,0.138889,0.044444,0,0,0,0,0.745833,0.2125,0.029167,0.0125,0,0,0,26166,172,316,141
"1,54",35,110525,10,1,1039,2,9,234,730,0,4,5,0.895028,0.077348,0.027624,0,0,0,0,0.838983,0.144068,0.012712,0.004237,0,0,0,26777,176,280,99
"1,55",47,110197,9,1,1029,2,10,147,225,0,4,6,0.900552,0.099448,0,0,0,0,0,0.804,0.172,0.024,0,0,0,0,27659,181,341,161
"1,56",43,109919,9,1,1040,2,19,512,665,0,4,6,0.716667,0.216667,0.066667,0,0,0,0,0.747619,0.219048,0.028571,0.004762,0,0,0,25686,168,304,131
"1,57",43,109663,9,1,1042,2,24,553,743,0,4,5,0.672222,0.183333,0.144444,0,0,0,0,0.78125,0.1875,0.03125,0,0,0,0,23580,154,289,126
"1,58",39,109412,9,1,1033,2,9,133,357,0,4,5,0.927778,0.072222,0,0,0,0,0,0.774809,0.198473,0.019084,0.003817,0.003817,0,0,27495,180,297,117
"1,59",37,109176,9,1,1039,2,9,86,193,0,4,6,0.961111,0.038889,0,0,0,0,0,0.766798,0.181818,0.047431,0.003953,0,0,0,27495,180,290,110
"1,60",45,108925,9,1,1033,2,11,247,394,0,4,6,0.861111,0.138889,0,0,0,0,0,0.77686,0.18595,0.03719,0,0,0,0,27495,180,328,148
"1,61",42,108693,9,1,1033,2,12,113,167,0,4,8,0.933333,0.066667,0,0,0,0,0,0.794118,0.169118,0.029412,0.007353,0,0,0,27495,180,314,134
"1,62",51,108430,9,1,1040,2,18,258,366,0,5,8,0.827778,0.172222,0,0,0,0,0,0.711538,0.223077,0.061538,0.003846,0,0,0,27495,180,375,195
"1,63",31,108241,9,1,1030,2,10,451,521,0,4,5,0.790055,0.165746,0.044199,0,0,0,0,0.861386,0.123762,0.014851,0,0,0,0,26546,174,256,80
"1,64",37,107875,8,1,1046,2,9,61,116,0,4,8,0.966667,0.033333,0,0,0,0,0,0.790514,0.173913,0.031621,0,0.003953,0,0,27495,180,288,108
"1,65",39,107516,8,1,1046,2,11,500,540,0,4,5,0.818681,0.126374,0.054945,0,0,0,0,0.776256,0.205479,0.018265,0,0,0,0,26159,172,282,110
"1,66",39,106945,7,1,1049,2,16,538,781,0,4,7,0.708791,0.137363,0.142857,0.010989,0,0,0,0.811518,0.162304,0.020942,0.005236,0,0,0,23493,154,273,109
"1,67",46,106302,7,1,1031,2,10,291,506,0,4,7,0.85,0.133333,0.016667,0,0,0,0,0.751004,0.208835,0.040161,0,0,0,0,27028,177,333,154
"1,68",37,105734,7,1,1033,2,7,107,208,0,4,5,0.944444,0.055556,0,0,0,0,0,0.807087,0.173228,0.019685,0,0,0,0,27495,180,288,108
"1,69",0,105734,0,0,970,4,99999,99999,99999,99999,99999,99999,0,0,0,0,0,0,0,0,0,0,0,0,0,0,0,0,0,0
"1,70",0,105734,0,0,977,4,99999,99999,99999,99999,99999,99999,0,0,0,0,0,0,0,0,0,0,0,0,0,0,0,0,0,0
"1,71",0,105734,0,0,962,4,99999,99999,99999,99999,99999,99999,0,0,0,0,0,0,0,0,0,0,0,0,0,0,0,0,0,0
"1,72",0,105734,0,0,975,4,99999,99999,99999,99999,99999,99999,0,0,0,0,0,0,0,0,0,0,0,0,0,0,0,0,0,0
"1,73",0,105734,0,0,972,4,99999,99999,99999,99999,99999,99999,0,0,0,0,0,0,0,0,0,0,0,0,0,0,0,0,0,0
"1,74",0,105734,0,0,973,4,99999,99999,99999,99999,99999,99999,0,0,0,0,0,0,0,0,0,0,0,0,0,0,0,0,0,0
"2,1",0,105734,0,0,975,4,99999,99999,99999,99999,99999,99999,0,0,0,0,0,0,0,0,0,0,0,0,0,0,0,0,0,0
"2,2",0,105734,0,0,969,4,99999,99999,99999,99999,99999,99999,0,0,0,0,0,0,0,0,0,0,0,0,0,0,0,0,0,0
"2,3",0,105734,0,0,973,4,99999,99999,99999,99999,99999,99999,0,0,0,0,0,0,0,0,0,0,0,0,0,0,0,0,0,0
"2,4",0,105734,0,0,967,4,99999,99999,99999,99999,99999,99999,0,0,0,0,0,0,0,0,0,0,0,0,0,0,0,0,0,0
"2,5",0,105734,0,0,963,4,99999,99999,99999,99999,99999,99999,0,0,0,0,0,0,0,0,0,0,0,0,0,0,0,0,0,0
"2,6",0,105734,0,0,972,4,99999,99999,99999,99999,99999,99999,0,0,0,0,0,0,0,0,0,0,0,0,0,0,0,0,0,0
"2,7",0,105734,0,0,968,4,99999,99999,99999,99999,99999,99999,0,0,0,0,0,0,0,0,0,0,0,0,0,0,0,0,0,0
"2,8",0,105734,0,0,976,4,99999,99999,99999,99999,99999,99999,0,0,0,0,0,0,0,0,0,0,0,0,0,0,0,0,0,0
"2,9",0,105734,0,0,974,4,99999,99999,99999,99999,99999,99999,0,0,0,0,0,0,0,0,0,0,0,0,0,0,0,0,0,0
"2,10",0,105734,0,0,985,4,99999,99999,99999,99999,99999,99999,0,0,0,0,0,0,0,0,0,0,0,0,0,0,0,0,0,0
"2,11",0,105734,0,0,965,4,99999,99999,99999,99999,99999,99999,0,0,0,0,0,0,0,0,0,0,0,0,0,0,0,0,0,0
"2,12",40,105136,7,1,1038,2,12,481,517,0,4,8,0.888889,0.061111,0.05,0,0,0,0,0.759036,0.204819,0.032129,0.004016,0,0,0,26167,171,304,124
"2,13",39,104617,7,1,1045,2,17,504,657,0,4,5,0.744444,0.194444,0.061111,0,0,0,0,0.79,0.19,0.015,0.005,0,0,0,25668,169,288,114
"2,14",43,104075,7,1,1029,2,10,109,166,0,4,5,0.927778,0.072222,0,0,0,0,0,0.797101,0.181159,0.018116,0.003623,0,0,0,27495,180,317,137
"2,15",44,103794,8,1,1029,2,9,269,548,0,4,6,0.861111,0.116667,0.022222,0,0,0,0,0.822581,0.149194,0.028226,0,0,0,0,26909,176,319,141
"2,16",39,103542,8,1,1041,2,10,72,135,0,4,5,0.966851,0.033149,0,0,0,0,0,0.781481,0.2,0.018519,0,0,0,0,27659,181,296,116
"2,17",45,103442,9,1,1029,2,11,420,574,0,4,6,0.838542,0.119792,0.041667,0,0,0,0,0.779468,0.178707,0.041825,0,0,0,0,28143,184,340,154
"2,18",42,103349,9,1,1044,2,12,177,312,0,4,8,0.888889,0.111111,0,0,0,0,0,0.766284,0.195402,0.034483,0.003831,0,0,0,27495,180,311,131
"2,19",35,103269,9,1,1030,2,10,398,533,0,4,5,0.811111,0.161111,0.027778,0,0,0,0,0.807175,0.174888,0.017937,0,0,0,0,26734,175,278,99
"2,20",45,103175,9,1,1030,2,10,506,651,0,4,6,0.823204,0.121547,0.055249,0,0,0,0,0.795918,0.163265,0.036735,0.004082,0,0,0,26021,171,328,150
"2,21",44,103089,9,1,1031,2,11,513,711,0,4,8,0.786885,0.147541,0.065574,0,0,0,0,0.782979,0.182979,0.034043,0,0,0,0,25993,171,315,141
"2,22",39,103007,9,1,1033,2,9,74,179,0,4,7,0.961111,0.038889,0,0,0,0,0,0.787879,0.17803,0.026515,0.007576,0,0,0,27495,180,297,117
"2,23",43,102929,9,1,1035,2,26,520,544,0,4,8,0.723404,0.18617,0.090426,0,0,0,0,0.71179,0.244541,0.039301,0.004367,0,0,0,25988,171,307,133
"2,24",40,102853,9,1,1036,2,13,548,805,0,5,8,0.827778,0.105556,0.061111,0.005556,0,0,0,0.760504,0.180672,0.054622,0.004202,0,0,0,25667,168,301,121
"2,25",44,102772,9,1,1034,2,13,263,370,0,4,5,0.833333,0.166667,0,0,0,0,0,0.79668,0.165975,0.037344,0,0,0,0,27495,180,322,142
"2,26",43,102869,10,1,1033,2,14,379,536,0,4,5,0.805556,0.166667,0.027778,0,0,0,0,0.84141,0.132159,0.022026,0.004405,0,0,0,26545,175,316,138
"2,27",41,102960,10,1,1041,2,19,524,536,0,5,8,0.733333,0.188889,0.077778,0,0,0,0,0.79902,0.147059,0.04902,0.004902,0,0,0,25378,166,291,122
"2,28",42,103222,11,1,1027,2,8,244,484,0,4,5,0.9,0.088889,0.011111,0,0,0,0,0.809886,0.159696,0.030418,0,0,0,0,27215,178,314,134
"2,29",40,103466,11,1,1041,2,10,136,244,0,4,6,0.933333,0.066667,0,0,0,0,0,0.811538,0.165385,0.019231,0.003846,0,0,0,27495,180,304,124
"2,30",44,103718,11,1,1036,2,10,180,343,0,4,6,0.9,0.1,0,0,0,0,0,0.758364,0.211896,0.02974,0,0,0,0,27495,180,325,145
"2,31",38,103931,11,1,1031,2,13,509,664,0,4,8,0.761905,0.15873,0.068783,0.010582,0,0,0,0.8,0.164444,0.031111,0.004444,0,0,0,26410,174,287,110
"2,32",47,104186,11,1,1045,2,14,205,498,0,5,10,0.877778,0.111111,0.011111,0,0,0,0,0.749004,0.187251,0.051793,0.011952,0,0,0,27154,178,342,162
"2,33",42,104418,11,1,1028,2,10,149,279,0,4,6,0.916667,0.083333,0,0,0,0,0,0.801498,0.179775,0.014981,0.003745,0,0,0,27495,180,313,133
"2,34",48,104663,11,1,1039,2,20,377,490,0,5,7,0.755556,0.233333,0.011111,0,0,0,0,0.74569,0.189655,0.064655,0,0,0,0,27185,178,349,169
"2,35",37,104865,11,1,1033,2,10,85,180,0,4,6,0.955556,0.044444,0,0,0,0,0,0.838951,0.123596,0.033708,0.003745,0,0,0,27495,180,288,108
"2,36",43,105080,11,1,1024,2,9,272,482,0,4,7,0.87766,0.111702,0.010638,0,0,0,0,0.837037,0.140741,0.018519,0.003704,0,0,0,28421,186,332,146
"2,37",40,105272,11,1,1033,2,10,528,541,0,4,6,0.80663,0.121547,0.071823,0,0,0,0,0.7897,0.188841,0.021459,0,0,0,0,25662,168,284,114
"2,38",38,105457,11,1,1032,2,9,514,596,0,4,6,0.866667,0.072222,0.061111,0,0,0,0,0.818182,0.161157,0.020661,0,0,0,0,25862,169,285,111
"2,39",37,105637,11,1,1032,2,10,413,555,0,4,5,0.845304,0.116022,0.038674,0,0,0,0,0.846154,0.141026,0.012821,0,0,0,0,26569,174,282,106
"2,40",46,105843,11,1,1030,2,11,154,236,0,4,7,0.911111,0.088889,0,0,0,0,0,0.790036,0.185053,0.021352,0.003559,0,0,0,27495,180,339,159
"2,41",49,106045,11,1,1038,2,19,527,553,0,4,6,0.738889,0.144444,0.111111,0.005556,0,0,0,0.766667,0.220833,0.0125,0,0,0,0,24254,159,327,161
"2,42",36,106214,11,1,1034,2,7,98,153,0,4,5,0.95,0.05,0,0,0,0,0,0.825397,0.150794,0.015873,0.007937,0,0,0,27495,180,284,104
"2,43",42,106392,11,1,1021,2,9,129,392,0,4,5,0.933333,0.061111,0.005556,0,0,0,0,0.812721,0.169611,0.017668,0,0,0,0,27329,179,315,135
"2,44",43,106566,11,1,1028,2,10,204,336,0,4,5,0.888889,0.111111,0,0,0,0,0,0.860377,0.124528,0.011321,0.003774,0,0,0,27495,180,316,136
"2,45",46,106741,11,1,1034,2,23,541,842,0,4,7,0.707182,0.187845,0.104972,0,0,0,0,0.772093,0.2,0.027907,0,0,0,0,24638,162,314,146
"2,46",39,106884,11,1,1039,2,13,527,585,0,4,8,0.766667,0.1,0.133333,0,0,0,0,0.781991,0.184834,0.023697,0.009479,0,0,0,23779,156,263,103
"2,47",39,107039,11,1,1039,2,9,73,127,0,4,7,0.972222,0.027778,0,0,0,0,0,0.795455,0.159091,0.041667,0,0.003788,0,0,27495,180,296,116
"2,48",37,107191,11,1,1038,2,11,196,497,0,4,6,0.922222,0.066667,0.011111,0,0,0,0,0.806452,0.16129,0.028226,0.004032,0,0,0,27231,178,286,106
"2,49",43,107356,11,1,1034,2,9,248,442,0,4,5,0.861111,0.133333,0.005556,0,0,0,0,0.799145,0.175214,0.017094,0.008547,0,0,0,27294,179,321,141
"2,50",42,107507,11,1,1035,2,9,97,257,0,5,8,0.95,0.05,0,0,0,0,0,0.791822,0.156134,0.04461,0.007435,0,0,0,27495,180,312,132
"2,51",44,107649,11,1,1037,2,21,527,752,0,4,6,0.694444,0.188889,0.116667,0,0,0,0,0.705314,0.251208,0.043478,0,0,0,0,24305,159,296,132
"2,52",42,107804,11,1,1039,2,9,102,193,0,5,8,0.944444,0.055556,0,0,0,0,0,0.780303,0.155303,0.060606,0.003788,0,0,0,27495,180,311,131
"2,53",43,107826,10,1,1028,2,14,489,591,0,4,5,0.738889,0.211111,0.05,0,0,0,0,0.836538,0.139423,0.019231,0.004808,0,0,0,26030,171,314,137
"2,54",38,107844,10,1,1041,2,11,494,559,0,4,5,0.794737,0.157895,0.047368,0,0,0,0,0.815315,0.171171,0.013514,0,0,0,0,27561,181,296,115
"2,55",48,107732,9,1,1031,2,11,500,628,0,4,5,0.822222,0.122222,0.055556,0,0,0,0,0.77686,0.206612,0.012397,0.004132,0,0,0,26011,170,344,166
"2,56",39,107635,9,1,1027,2,10,307,530,0,4,6,0.916667,0.05,0.033333,0,0,0,0,0.792157,0.164706,0.035294,0.003922,0.003922,0,0,26563,174,293,117
"2,57",40,107543,9,1,1043,2,16,537,783,0,4,8,0.761111,0.133333,0.105556,0,0,0,0,0.756881,0.215596,0.018349,0.009174,0,0,0,24675,161,285,116
"2,58",43,107443,9,1,1039,2,11,171,310,0,5,8,0.894444,0.105556,0,0,0,0,0,0.762452,0.183908,0.042146,0.003831,0.003831,0.003831,0,27495,180,317,137
"2,59",42,107346,9,1,1039,2,12,342,566,0,4,7,0.833333,0.133333,0.033333,0,0,0,0,0.758621,0.198276,0.043103,0,0,0,0,26494,174,312,132
"2,60",39,107256,9,1,1039,2,10,190,408,0,4,4,0.888889,0.111111,0,0,0,0,0,0.82,0.172,0.008,0,0,0,0,27495,180,300,120
"2,61",39,107167,9,1,1035,2,11,323,548,0,4,5,0.866667,0.105556,0.027778,0,0,0,0,0.780392,0.2,0.019608,0,0,0,0,26736,175,295,118
"2,62",39,107082,9,1,1039,2,9,136,339,0,4,5,0.933333,0.066667,0,0,0,0,0,0.814516,0.169355,0.016129,0,0,0,0,27495,180,299,119
"2,63",41,106995,9,1,1039,2,12,398,586,0,4,8,0.824176,0.148352,0.027473,0,0,0,0,0.794979,0.158996,0.037657,0.004184,0.004184,0,0,26934,177,306,128
"2,64",41,106820,8,1,1036,2,10,182,453,0,4,5,0.9,0.088889,0.011111,0,0,0,0,0.8,0.184615,0.011538,0.003846,0,0,0,27210,178,310,130
"2,65",40,106651,8,1,1026,2,9,62,125,0,4,5,0.977778,0.022222,0,0,0,0,0,0.81295,0.169065,0.017986,0,0,0,0,27495,180,302,122
"2,66",34,106378,7,1,1035,2,8,67,173,0,4,5,0.966667,0.033333,0,0,0,0,0,0.831373,0.145098,0.023529,0,0,0,0,27495,180,276,96
"2,67",46,106071,7,1,1039,2,14,503,541,0,5,8,0.783333,0.15,0.066667,0,0,0,0,0.79638,0.149321,0.054299,0,0,0,0,25648,168,321,150
"2,68",39,105787,7,1,1034,2,10,188,256,0,4,6,0.888889,0.111111,0,0,0,0,0,0.840467,0.124514,0.031128,0.003891,0,0,0,27495,180,297,117
"2,69",0,105787,0,0,974,4,99999,99999,99999,99999,99999,99999,0,0,0,0,0,0,0,0,0,0,0,0,0,0,0,0,0,0
"2,70",0,105787,0,0,975,4,99999,99999,99999,99999,99999,99999,0,0,0,0,0,0,0,0,0,0,0,0,0,0,0,0,0,0
"2,71",0,105787,0,0,976,4,99999,99999,99999,99999,99999,99999,0,0,0,0,0,0,0,0,0,0,0,0,0,0,0,0,0,0
"2,72",0,105787,0,0,975,4,99999,99999,99999,99999,99999,99999,0,0,0,0,0,0,0,0,0,0,0,0,0,0,0,0,0,0
"2,73",0,105787,0,0,971,4,99999,99999,99999,99999,99999,99999,0,0,0,0,0,0,0,0,0,0,0,0,0,0,0,0,0,0
"2,74",0,105787,0,0,980,4,99999,99999,99999,99999,99999,99999,0,0,0,0,0,0,0,0,0,0,0,0,0,0,0,0,0,0
"3,1",0,0,0,0,977,4,99999,99999,99999,99999,99999,99999,0,0,0,0,0,0,0,0,0,0,0,0,0,0,0,0,0,0
"3,2",0,0,0,0,978,4,99999,99999,99999,99999,99999,99999,0,0,0,0,0,0,0,0,0,0,0,0,0,0,0,0,0,0
"3,3",0,0,0,0,973,4,99999,99999,99999,99999,99999,99999,0,0,0,0,0,0,0,0,0,0,0,0,0,0,0,0,0,0
"3,4",0,0,0,0,977,4,99999,99999,99999,99999,99999,99999,0,0,0,0,0,0,0,0,0,0,0,0,0,0,0,0,0,0
"3,5",0,0,0,0,980,4,99999,99999,99999,99999,99999,99999,0,0,0,0,0,0,0,0,0,0,0,0,0,0,0,0,0,0
"3,6",0,0,0,0,969,4,99999,99999,99999,99999,99999,99999,0,0,0,0,0,0,0,0,0,0,0,0,0,0,0,0,0,0
"3,7",0,0,0,0,965,4,99999,99999,99999,99999,99999,99999,0,0,0,0,0,0,0,0,0,0,0,0,0,0,0,0,0,0
"3,8",0,0,0,0,973,4,99999,99999,99999,99999,99999,99999,0,0,0,0,0,0,0,0,0,0,0,0,0,0,0,0,0,0
"3,9",0,0,0,0,973,4,99999,99999,99999,99999,99999,99999,0,0,0,0,0,0,0,0,0,0,0,0,0,0,0,0,0,0
"3,10",0,0,0,0,967,4,99999,99999,99999,99999,99999,99999,0,0,0,0,0,0,0,0,0,0,0,0,0,0,0,0,0,0
"3,11",0,0,0,0,983,4,99999,99999,99999,99999,99999,99999,0,0,0,0,0,0,0,0,0,0,0,0,0,0,0,0,0,0
"3,12",40,73125,7,1,1026,2,12,521,530,0,4,7,0.772222,0.127778,0.1,0,0,0,0,0.82243,0.163551,0.009346,0.004673,0,0,0,24921,162,292,118
"3,13",44,73125,7,1,1035,2,12,448,535,0,4,7,0.779006,0.176796,0.044199,0,0,0,0,0.8,0.168182,0.031818,0,0,0,0,26505,173,318,141
"3,14",34,73125,7,1,1038,2,15,551,819,0,4,6,0.75,0.105556,0.138889,0.005556,0,0,0,0.833333,0.147059,0.014706,0.004902,0,0,0,23375,154,247,85
"3,15",46,77023,8,1,1037,2,14,504,553,0,4,8,0.8,0.133333,0.066667,0,0,0,0,0.791667,0.179167,0.025,0.004167,0,0,0,25638,168,320,149
"3,16",41,79255,8,1,1030,2,9,411,533,0,4,6,0.822222,0.144444,0.033333,0,0,0,0,0.779221,0.199134,0.021645,0,0,0,0,26502,174,305,128
"3,17",36,82228,9,1,1033,2,10,165,305,0,4,8,0.923077,0.076923,0,0,0,0,0,0.804167,0.154167,0.0375,0.004167,0,0,0,27777,182,283,102
"3,18",37,84406,9,1,1042,2,11,175,337,0,4,8,0.911111,0.088889,0,0,0,0,0,0.786885,0.180328,0.028689,0.004098,0,0,0,27495,180,289,109
"3,19",42,86132,9,1,1031,2,9,146,255,0,4,5,0.922222,0.077778,0,0,0,0,0,0.813953,0.155039,0.027132,0.003876,0,0,0,27495,180,314,134
"3,20",40,87450,9,1,1042,2,12,187,295,0,4,6,0.89071,0.10929,0,0,0,0,0,0.779923,0.173745,0.046332,0,0,0,0,27843,183,308,126
"3,21",47,88551,9,1,1033,2,15,521,677,0,4,6,0.827957,0.107527,0.064516,0,0,0,0,0.753906,0.210938,0.03125,0.003906,0,0,0,26490,174,331,157
"3,22",45,89441,9,1,1035,2,13,235,320,0,5,8,0.855556,0.144444,0,0,0,0,0,0.752066,0.181818,0.066116,0,0,0,0,27495,180,330,150
"3,23",43,90140,9,1,1029,2,11,321,504,0,4,5,0.866667,0.116667,0.016667,0,0,0,0,0.807377,0.172131,0.020492,0,0,0,0,27025,177,317,137
"3,24",43,90733,9,1,1040,2,12,182,443,0,4,6,0.905556,0.083333,0.011111,0,0,0,0,0.806324,0.162055,0.027668,0.003953,0,0,0,27204,178,320,140
"3,25",41,91217,9,1,1037,2,17,503,672,0,4,5,0.75,0.194444,0.055556,0,0,0,0,0.776744,0.195349,0.027907,0,0,0,0,25898,170,297,123
"3,26",45,92548,10,1,1021,2,13,364,527,0,4,8,0.827778,0.15,0.022222,0,0,0,0,0.790123,0.185185,0.016461,0.00823,0,0,0,26970,176,329,149
"3,27",40,94553,11,1,1036,2,10,210,518,0,4,5,0.888889,0.094444,0.016667,0,0,0,0,0.847107,0.115702,0.03719,0,0,0,0,27071,177,302,123
"3,28",43,96207,11,1,1044,2,13,85,128,0,4,7,0.966667,0.033333,0,0,0,0,0,0.757895,0.2,0.035088,0.007018,0,0,0,27495,180,321,141
"3,29",42,97723,11,1,1035,2,9,154,273,0,5,8,0.922222,0.077778,0,0,0,0,0,0.813433,0.134328,0.048507,0,0,0.003731,0,27495,180,313,133
"3,30",40,99004,11,1,1042,2,14,245,512,0,4,5,0.883978,0.093923,0.022099,0,0,0,0,0.753036,0.218623,0.024291,0.004049,0,0,0,27053,177,300,122
"3,31",44,100137,11,1,1040,2,14,503,565,0,4,8,0.816667,0.122222,0.061111,0,0,0,0,0.752174,0.204348,0.043478,0,0,0,0,25846,169,311,137
"3,32",46,101245,11,1,1042,2,11,155,248,0,4,5,0.905556,0.094444,0,0,0,0,0,0.787879,0.19697,0.007576,0.007576,0,0,0,27495,180,336,156
"3,33",37,102150,11,1,1039,2,11,223,498,0,4,6,0.888889,0.1,0.011111,0,0,0,0,0.752033,0.199187,0.044715,0.004065,0,0,0,27236,178,290,110
"3,34",41,102999,11,1,1036,2,10,133,235,0,4,6,0.927778,0.072222,0,0,0,0,0,0.837736,0.139623,0.022642,0,0,0,0,27495,180,310,130
"3,35",41,103750,11,1,1028,2,12,505,541,0,4,5,0.834254,0.110497,0.049724,0.005525,0,0,0,0.787149,0.200803,0.008032,0.004016,0,0,0,26165,171,292,120
"3,36",43,104481,11,1,1034,2,11,223,310,0,4,6,0.872222,0.127778,0,0,0,0,0,0.770115,0.203065,0.02682,0,0,0,0,27495,180,317,137
"3,37",43,105202,11,1,1038,2,11,217,358,0,4,5,0.857143,0.142857,0,0,0,0,0,0.766129,0.209677,0.024194,0,0,0,0,27725,182,320,139
"3,38",37,105772,11,1,1041,2,7,59,78,0,4,5,0.994444,0.005556,0,0,0,0,0,0.802239,0.16791,0.029851,0,0,0,0,27495,180,286,106
"3,39",37,106313,11,1,1027,2,7,53,104,0,4,5,0.983516,0.016484,0,0,0,0,0,0.842491,0.142857,0.014652,0,0,0,0,27777,182,290,109
"3,40",42,106865,11,1,1026,2,9,109,194,0,4,4,0.929348,0.065217,0.005435,0,0,0,0,0.832168,0.157343,0.01049,0,0,0,0,27883,183,317,134
"3,41",39,107357,11,1,1037,2,10,78,138,0,4,5,0.972222,0.027778,0,0,0,0,0,0.794118,0.1875,0.018382,0,0,0,0,27495,180,299,119
"3,42",41,107821,11,1,1036,2,10,503,737,0,4,5,0.927778,0.016667,0.055556,0,0,0,0,0.796429,0.160714,0.042857,0,0,0,0,25866,170,302,126
"3,43",38,108230,11,1,1033,2,10,330,517,0,4,7,0.883333,0.083333,0.033333,0,0,0,0,0.767347,0.204082,0.028571,0,0,0,0,26670,174,287,111
"3,44",42,108656,11,1,1027,2,9,63,198,0,4,5,0.961326,0.038674,0,0,0,0,0,0.821678,0.157343,0.017483,0.003497,0,0,0,27659,181,315,135
"3,45",39,109037,11,1,1034,2,9,68,128,0,4,4,0.972222,0.027778,0,0,0,0,0,0.805147,0.183824,0.011029,0,0,0,0,27495,180,298,118
"3,46",40,109407,11,1,1034,2,9,297,518,0,4,5,0.894444,0.083333,0.022222,0,0,0,0,0.865854,0.113821,0.01626,0.004065,0,0,0,26773,176,302,122
"3,47",41,109750,11,1,1044,2,13,229,434,0,5,7,0.894444,0.1,0.005556,0,0,0,0,0.777778,0.16092,0.057471,0.003831,0,0,0,27294,179,310,130
"3,48",35,110052,11,1,1035,2,12,366,542,0,4,7,0.844444,0.127778,0.027778,0,0,0,0,0.762931,0.202586,0.025862,0.008621,0,0,0,26733,175,279,100
"3,49",41,110364,11,1,1033,2,9,178,266,0,4,9,0.892473,0.107527,0,0,0,0,0,0.815385,0.15,0.019231,0.015385,0,0,0,28421,186,308,127
"3,50",38,110648,11,1,1044,2,10,78,175,0,4,5,0.955556,0.044444,0,0,0,0,0,0.795539,0.174721,0.022305,0.007435,0,0,0,27495,180,293,113
"3,51",41,110932,11,1,1045,2,19,372,524,0,4,8,0.794737,0.178947,0.026316,0,0,0,0,0.780083,0.186722,0.033195,0,0,0,0,28283,185,315,130
"3,52",45,111217,11,1,1036,2,9,275,382,0,4,6,0.872222,0.127778,0,0,0,0,0,0.763265,0.195918,0.040816,0,0,0,0,27495,180,329,149
"3,53",47,111516,11,1,1029,2,10,507,569,0,4,5,0.822222,0.111111,0.066667,0,0,0,0,0.796537,0.181818,0.021645,0,0,0,0,25708,168,342,162
"3,54",45,111472,10,1,1037,2,16,283,617,0,4,7,0.861878,0.110497,0.027624,0,0,0,0,0.752941,0.203922,0.039216,0.003922,0,0,0,26937,176,333,152
"3,55",43,111152,9,1,1039,2,22,481,579,0,4,6,0.738889,0.211111,0.05,0,0,0,0,0.753695,0.226601,0.014778,0.004926,0,0,0,25940,171,313,135
"3,56",38,110867,9,1,1035,2,7,111,243,0,4,5,0.938889,0.061111,0,0,0,0,0,0.812,0.168,0.02,0,0,0,0,27495,180,293,113
"3,57",38,110587,9,1,1038,2,9,64,90,0,4,6,0.994444,0.005556,0,0,0,0,0,0.785455,0.181818,0.032727,0,0,0,0,27495,180,293,113
"3,58",44,110293,9,1,1039,2,13,446,559,0,4,8,0.84492,0.112299,0.042781,0,0,0,0,0.810484,0.16129,0.020161,0.008065,0,0,0,27323,179,322,142
"3,59",36,110058,9,1,1040,2,9,519,540,0,4,7,0.866667,0.066667,0.066667,0,0,0,0,0.793249,0.164557,0.037975,0.004219,0,0,0,25639,168,267,97
"3,60",38,109807,9,1,1027,2,8,71,137,0,4,5,0.966667,0.033333,0,0,0,0,0,0.837838,0.135135,0.023166,0.003861,0,0,0,27495,180,291,111
"3,61",45,109554,9,1,1035,2,15,429,525,0,4,7,0.821053,0.147368,0.031579,0,0,0,0,0.763265,0.212245,0.020408,0.004082,0,0,0,28177,184,338,153
"3,62",45,109303,9,1,1033,2,11,192,303,0,4,4,0.894444,0.105556,0,0,0,0,0,0.806818,0.185606,0.007576,0,0,0,0,27495,180,332,152
"3,63",38,109085,9,1,1033,2,8,108,201,0,4,5,0.939227,0.060773,0,0,0,0,0,0.815094,0.169811,0.011321,0.003774,0,0,0,27561,181,293,112
"3,64",41,108679,8,1,1037,2,8,81,164,0,4,5,0.966851,0.033149,0,0,0,0,0,0.788321,0.178832,0.032847,0,0,0,0,27659,181,310,130
"3,65",38,108296,8,1,1030,2,9,309,504,0,4,6,0.866667,0.116667,0.016667,0,0,0,0,0.804,0.164,0.028,0.004,0,0,0,27072,177,295,115
"3,66",44,107620,7,1,1034,2,12,174,294,0,4,7,0.877778,0.122222,0,0,0,0,0,0.766667,0.2,0.025926,0.007407,0,0,0,27495,180,327,147
"3,67",41,107003,7,1,1035,2,8,68,169,0,4,5,0.966667,0.033333,0,0,0,0,0,0.817844,0.163569,0.018587,0,0,0,0,27495,180,310,130
"3,68",40,106428,7,1,1048,2,12,257,393,0,4,6,0.85,0.144444,0.005556,0,0,0,0,0.792683,0.182927,0.020325,0.004065,0,0,0,27495,180,301,121
"3,69",0,106428,0,0,978,4,99999,99999,99999,99999,99999,99999,0,0,0,0,0,0,0,0,0,0,0,0,0,0,0,0,0,0
"3,70",0,106428,0,0,974,4,99999,99999,99999,99999,99999,99999,0,0,0,0,0,0,0,0,0,0,0,0,0,0,0,0,0,0
"3,71",0,106428,0,0,981,4,99999,99999,99999,99999,99999,99999,0,0,0,0,0,0,0,0,0,0,0,0,0,0,0,0,0,0
"3,72",0,106428,0,0,977,4,99999,99999,99999,99999,99999,99999,0,0,0,0,0,0,0,0,0,0,0,0,0,0,0,0,0,0
"3,73",0,106428,0,0,979,4,99999,99999,99999,99999,99999,99999,0,0,0,0,0,0,0,0,0,0,0,0,0,0,0,0,0,0
"3,74",0,106428,0,0,970,4,99999,99999,99999,99999,99999,99999,0,0,0,0,0,0,0,0,0,0,0,0,0,0,0,0,0,0
"4,1",0,106428,0,0,978,4,99999,99999,99999,99999,99999,99999,0,0,0,0,0,0,0,0,0,0,0,0,0,0,0,0,0,0
"4,2",0,106428,0,0,978,4,99999,99999,99999,99999,99999,99999,0,0,0,0,0,0,0,0,0,0,0,0,0,0,0,0,0,0
"4,3",0,106428,0,0,966,4,99999,99999,99999,99999,99999,99999,0,0,0,0,0,0,0,0,0,0,0,0,0,0,0,0,0,0
"4,4",0,106428,0,0,977,4,99999,99999,99999,99999,99999,99999,0,0,0,0,0,0,0,0,0,0,0,0,0,0,0,0,0,0
"4,5",0,106428,0,0,974,4,99999,99999,99999,99999,99999,99999,0,0,0,0,0,0,0,0,0,0,0,0,0,0,0,0,0,0
"4,6",0,106428,0,0,972,4,99999,99999,99999,99999,99999,99999,0,0,0,0,0,0,0,0,0,0,0,0,0,0,0,0,0,0
"4,7",0,106428,0,0,967,4,99999,99999,99999,99999,99999,99999,0,0,0,0,0,0,0,0,0,0,0,0,0,0,0,0,0,0
"4,8",0,106428,0,0,976,4,99999,99999,99999,99999,99999,99999,0,0,0,0,0,0,0,0,0,0,0,0,0,0,0,0,0,0
"4,9",0,106428,0,0,967,4,99999,99999,99999,99999,99999,99999,0,0,0,0,0,0,0,0,0,0,0,0,0,0,0,0,0,0
"4,10",0,106428,0,0,981,4,99999,99999,99999,99999,99999,99999,0,0,0,0,0,0,0,0,0,0,0,0,0,0,0,0,0,0
"4,11",0,106428,0,0,971,4,99999,99999,99999,99999,99999,99999,0,0,0,0,0,0,0,0,0,0,0,0,0,0,0,0,0,0
"4,12",41,105855,7,1,1042,2,12,134,263,0,4,5,0.922652,0.077348,0,0,0,0,0,0.78626,0.198473,0.015267,0,0,0,0,27659,181,307,127
"4,13",34,105388,7,1,1040,2,13,522,655,0,4,8,0.761111,0.133333,0.105556,0,0,0,0,0.757282,0.208738,0.029126,0.004854,0,0,0,24442,161,252,86
"4,14",46,104812,7,1,1035,2,11,287,513,0,4,5,0.866667,0.116667,0.016667,0,0,0,0,0.795918,0.191837,0.008163,0.004082,0,0,0,26969,177,336,156
"4,15",43,104525,8,1,1039,2,9,178,294,0,4,6,0.911111,0.088889,0,0,0,0,0,0.8,0.172,0.028,0,0,0,0,27495,180,316,136
"4,16",38,104260,8,1,1035,2,9,510,565,0,4,6,0.855556,0.083333,0.061111,0,0,0,0,0.818966,0.159483,0.017241,0.00431,0,0,0,25890,169,281,108
"4,17",40,104152,9,1,1033,2,9,167,258,0,4,7,0.9,0.1,0,0,0,0,0,0.797619,0.166667,0.027778,0.007937,0,0,0,27495,180,305,125
"4,18",43,104044,9,1,1035,2,11,74,123,0,4,8,0.977778,0.022222,0,0,0,0,0,0.776224,0.188811,0.034965,0,0,0,0,27495,180,316,136
"4,19",45,103938,9,1,1032,2,11,157,280,0,4,7,0.9,0.1,0,0,0,0,0,0.797753,0.164794,0.037453,0,0,0,0,27495,180,330,150
"4,20",39,103846,9,1,1042,2,17,518,567,0,4,8,0.718232,0.19337,0.077348,0.01105,0,0,0,0.765854,0.195122,0.039024,0,0,0,0,25137,165,283,113
"4,21",49,103728,9,1,1030,2,16,533,652,0,4,5,0.716667,0.205556,0.077778,0,0,0,0,0.778846,0.206731,0.014423,0,0,0,0,25506,166,356,178
"4,22",38,103642,9,1,1047,2,9,128,207,0,4,8,0.922222,0.077778,0,0,0,0,0,0.789256,0.169421,0.03719,0,0.004132,0,0,27495,180,292,112
"4,23",41,103553,9,1,1029,2,10,428,523,0,4,8,0.833333,0.138889,0.027778,0,0,0,0,0.848361,0.110656,0.032787,0.008197,0,0,0,26748,175,303,126
"4,24",39,103471,9,1,1033,2,12,544,820,0,4,7,0.761111,0.105556,0.133333,0,0,0,0,0.773585,0.188679,0.037736,0,0,0,0,24100,156,286,113
"4,25",42,103391,9,1,1027,2,12,521,645,0,4,5,0.75,0.145833,0.09375,0.010417,0,0,0,0.827103,0.154206,0.018692,0,0,0,0,26261,172,306,131
"4,26",51,103490,10,1,1029,2,26,505,625,0,4,7,0.67033,0.263736,0.065934,0,0,0,0,0.780612,0.188776,0.02551,0.005102,0,0,0,25858,170,360,185
"4,27",40,103720,11,1,1038,2,26,673,775,0,4,5,0.623656,0.209677,0.166667,0,0,0,0,0.827027,0.145946,0.027027,0,0,0,0,23635,155,287,116
"4,28",38,103953,11,1,1036,2,10,146,272,0,4,8,0.916667,0.083333,0,0,0,0,0,0.791165,0.168675,0.032129,0.008032,0,0,0,27495,180,294,114
"4,29",47,104207,11,1,1035,2,14,330,541,0,5,7,0.838889,0.127778,0.033333,0,0,0,0,0.746154,0.2,0.05,0.003846,0,0,0,26655,174,336,160
"4,30",39,104429,11,1,1039,2,11,142,305,0,4,7,0.927778,0.072222,0,0,0,0,0,0.781609,0.187739,0.02682,0.003831,0,0,0,27495,180,297,117
"4,31",39,104646,11,1,1040,2,10,85,199,0,4,5,0.961111,0.038889,0,0,0,0,0,0.791045,0.186567,0.022388,0,0,0,0,27495,180,297,117
"4,32",42,104863,11,1,1035,2,10,201,576,0,4,5,0.927778,0.044444,0.027778,0,0,0,0,0.779783,0.184116,0.036101,0,0,0,0,26641,175,308,131
"4,33",41,105077,11,1,1043,2,14,164,265,0,4,6,0.901639,0.098361,0,0,0,0,0,0.77381,0.178571,0.047619,0,0,0,0,27951,183,312,131
"4,34",35,105269,11,1,1028,2,6,53,124,0,4,7,0.977778,0.022222,0,0,0,0,0,0.822394,0.158301,0.019305,0,0,0,0,27495,180,281,101
"4,35",37,105463,11,1,1045,2,9,66,111,0,4,5,0.966667,0.033333,0,0,0,0,0,0.827586,0.141762,0.030651,0,0,0,0,27495,180,289,109
"4,36",42,105664,11,1,1030,2,10,221,361,0,4,5,0.9,0.1,0,0,0,0,0,0.774436,0.210526,0.015038,0,0,0,0,27495,180,311,131
"4,37",41,105860,11,1,1028,2,8,143,382,0,4,5,0.911111,0.088889,0,0,0,0,0,0.813688,0.1673,0.019011,0,0,0,0,27450,180,307,127
"4,38",40,106047,11,1,1030,2,8,164,502,0,4,6,0.9,0.083333,0.016667,0,0,0,0,0.797665,0.171206,0.031128,0,0,0,0,26999,177,301,122
"4,39",39,106223,11,1,1039,2,9,311,520,0,4,5,0.883333,0.083333,0.033333,0,0,0,0,0.832669,0.151394,0.011952,0,0.003984,0,0,26459,174,289,113
"4,40",40,106397,11,1,1031,2,11,455,529,0,4,8,0.811111,0.138889,0.05,0,0,0,0,0.769565,0.191304,0.03913,0,0,0,0,26064,171,289,116
"4,41",39,106567,11,1,1034,2,12,433,643,0,4,7,0.833333,0.127778,0.038889,0,0,0,0,0.82377,0.155738,0.020492,0,0,0,0,26452,173,293,116
"4,42",46,106757,11,1,1033,2,11,191,333,0,4,5,0.9,0.1,0,0,0,0,0,0.792453,0.181132,0.026415,0,0,0,0,27495,180,338,158
"4,43",42,106928,11,1,1031,2,9,200,362,0,4,4,0.894444,0.105556,0,0,0,0,0,0.809339,0.178988,0.011673,0,0,0,0,27495,180,311,131
"4,44",44,107102,11,1,1029,2,10,180,387,0,4,6,0.911111,0.088889,0,0,0,0,0,0.803089,0.158301,0.03861,0,0,0,0,27495,180,325,145
"4,45",40,107259,11,1,1028,2,10,505,546,0,4,6,0.783784,0.145946,0.064865,0.005405,0,0,0,0.819383,0.15859,0.017621,0.004405,0,0,0,26142,172,288,116
"4,46",43,107421,11,1,1027,2,10,364,512,0,4,5,0.861111,0.116667,0.022222,0,0,0,0,0.825397,0.154762,0.019841,0,0,0,0,26825,176,317,138
"4,47",38,107569,11,1,1036,2,9,73,116,0,4,6,0.972222,0.027778,0,0,0,0,0,0.792453,0.169811,0.033962,0.003774,0,0,0,27495,180,291,111
"4,48",44,107721,11,1,1039,2,13,519,616,0,4,5,0.845304,0.088398,0.066298,0,0,0,0,0.781377,0.198381,0.020243,0,0,0,0,25704,169,310,137
"4,49",43,107872,11,1,1042,2,11,193,300,0,5,8,0.894444,0.105556,0,0,0,0,0,0.757085,0.186235,0.048583,0.008097,0,0,0,27495,180,321,141
"4,50",47,108035,11,1,1044,2,11,190,320,0,4,5,0.867403,0.132597,0,0,0,0,0,0.733591,0.227799,0.03861,0,0,0,0,27659,181,346,166
"4,51",37,108161,11,1,1042,2,12,539,765,0,4,7,0.8,0.105556,0.094444,0,0,0,0,0.814815,0.138889,0.037037,0.009259,0,0,0,24830,163,267,99
"4,52",41,108299,11,1,1034,2,13,180,338,0,4,6,0.894444,0.105556,0,0,0,0,0,0.80695,0.162162,0.027027,0.003861,0,0,0,27495,180,309,129
"4,53",42,108439,11,1,1030,2,15,402,755,0,4,7,0.775956,0.185792,0.038251,0,0,0,0,0.755274,0.227848,0.012658,0.004219,0,0,0,27040,176,306,129
"4,54",34,108454,10,1,1038,2,12,496,895,0,4,7,0.787565,0.160622,0.041451,0.010363,0,0,0,0.815534,0.150485,0.033981,0,0,0,0,27843,183,280,97
"4,55",44,108340,9,1,1037,2,10,423,513,0,4,5,0.85,0.116667,0.033333,0,0,0,0,0.7875,0.191667,0.020833,0,0,0,0,26551,174,323,143
"4,56",40,108236,9,1,1031,2,10,181,341,0,4,5,0.894444,0.105556,0,0,0,0,0,0.809717,0.161943,0.02834,0,0,0,0,27495,180,303,123
"4,57",44,108127,9,1,1041,2,14,332,500,0,4,7,0.816667,0.166667,0.016667,0,0,0,0,0.756303,0.205882,0.033613,0.004202,0,0,0,27053,177,323,143
"4,58",35,108035,9,1,1038,2,9,138,304,0,4,7,0.922652,0.077348,0,0,0,0,0,0.834677,0.133065,0.028226,0.004032,0,0,0,27659,181,279,99
"4,59",39,107940,9,1,1039,2,11,199,350,0,4,6,0.894444,0.105556,0,0,0,0,0,0.754032,0.21371,0.032258,0,0,0,0,27495,180,298,118
"4,60",46,107833,9,1,1040,2,15,207,409,0,4,7,0.855556,0.138889,0.005556,0,0,0,0,0.755725,0.221374,0.019084,0.003817,0,0,0,27344,179,334,154
"4,61",37,107744,9,1,1035,2,9,293,469,0,4,6,0.894444,0.1,0.005556,0,0,0,0,0.792683,0.182927,0.020325,0.004065,0,0,0,27323,179,286,106
"4,62",40,107652,9,1,1032,2,10,206,424,0,4,8,0.888889,0.105556,0.005556,0,0,0,0,0.796078,0.168627,0.035294,0,0,0,0,27344,179,303,123
"4,63",43,107556,9,1,1025,2,8,70,133,0,4,6,0.972376,0.027624,0,0,0,0,0,0.8,0.182759,0.013793,0.003448,0,0,0,27561,181,321,140
"4,64",40,107380,8,1,1037,2,9,68,151,0,4,7,0.977778,0.022222,0,0,0,0,0,0.783688,0.177305,0.035461,0.003546,0,0,0,27495,180,304,124
"4,65",43,107195,8,1,1032,2,11,234,341,0,4,4,0.861111,0.138889,0,0,0,0,0,0.776471,0.211765,0.011765,0,0,0,0,27495,180,320,140
"4,66",42,106893,7,1,1033,2,11,117,228,0,4,5,0.938889,0.061111,0,0,0,0,0,0.79562,0.186131,0.018248,0,0,0,0,27495,180,311,131
"4,67",40,106597,7,1,1039,2,10,183,420,0,4,7,0.905556,0.094444,0,0,0,0,0,0.799213,0.177165,0.019685,0.003937,0,0,0,27495,180,301,121
"4,68",38,106330,7,1,1049,2,13,508,817,0,4,8,0.827778,0.094444,0.072222,0.005556,0,0,0,0.776786,0.200893,0.017857,0.004464,0,0,0,25464,166,278,108
"4,69",0,106330,0,0,973,4,99999,99999,99999,99999,99999,99999,0,0,0,0,0,0,0,0,0,0,0,0,0,0,0,0,0,0
"4,70",0,106330,0,0,970,4,99999,99999,99999,99999,99999,99999,0,0,0,0,0,0,0,0,0,0,0,0,0,0,0,0,0,0
"4,71",0,106330,0,0,961,4,99999,99999,99999,99999,99999,99999,0,0,0,0,0,0,0,0,0,0,0,0,0,0,0,0,0,0
"4,72",0,106330,0,0,973,4,99999,99999,99999,99999,99999,99999,0,0,0,0,0,0,0,0,0,0,0,0,0,0,0,0,0,0
"4,73",0,106330,0,0,980,4,99999,99999,99999,99999,99999,99999,0,0,0,0,0,0,0,0,0,0,0,0,0,0,0,0,0,0
"4,74",0,106330,0,0,974,4,99999,99999,99999,99999,99999,99999,0,0,0,0,0,0,0,0,0,0,0,0,0,0,0,0,0,0
"5,1",0,0,0,0,977,4,99999,99999,99999,99999,99999,99999,0,0,0,0,0,0,0,0,0,0,0,0,0,0,0,0,0,0
"5,2",0,0,0,0,977,4,99999,99999,99999,99999,99999,99999,0,0,0,0,0,0,0,0,0,0,0,0,0,0,0,0,0,0
"5,3",0,0,0,0,973,4,99999,99999,99999,99999,99999,99999,0,0,0,0,0,0,0,0,0,0,0,0,0,0,0,0,0,0
"5,4",0,0,0,0,976,4,99999,99999,99999,99999,99999,99999,0,0,0,0,0,0,0,0,0,0,0,0,0,0,0,0,0,0
"5,5",0,0,0,0,980,4,99999,99999,99999,99999,99999,99999,0,0,0,0,0,0,0,0,0,0,0,0,0,0,0,0,0,0
"5,6",0,0,0,0,969,4,99999,99999,99999,99999,99999,99999,0,0,0,0,0,0,0,0,0,0,0,0,0,0,0,0,0,0
"5,7",0,0,0,0,966,4,99999,99999,99999,99999,99999,99999,0,0,0,0,0,0,0,0,0,0,0,0,0,0,0,0,0,0
"5,8",0,0,0,0,974,4,99999,99999,99999,99999,99999,99999,0,0,0,0,0,0,0,0,0,0,0,0,0,0,0,0,0,0
"5,9",0,0,0,0,973,4,99999,99999,99999,99999,99999,99999,0,0,0,0,0,0,0,0,0,0,0,0,0,0,0,0,0,0
"5,10",0,0,0,0,978,4,99999,99999,99999,99999,99999,99999,0,0,0,0,0,0,0,0,0,0,0,0,0,0,0,0,0,0
"5,11",0,0,0,0,978,4,99999,99999,99999,99999,99999,99999,0,0,0,0,0,0,0,0,0,0,0,0,0,0,0,0,0,0
"5,12",39,73125,7,1,1037,2,10,249,458,0,4,5,0.853403,0.136126,0.010471,0,0,0,0,0.794466,0.189723,0.01581,0,0,0,0,28886,189,310,121
"5,13",39,73125,7,1,1033,2,9,524,550,0,4,5,0.812155,0.093923,0.093923,0,0,0,0,0.813397,0.167464,0.019139,0,0,0,0,25192,164,282,112
"5,14",40,73125,7,1,1042,2,21,551,747,0,4,5,0.705556,0.144444,0.15,0,0,0,0,0.744898,0.239796,0.015306,0,0,0,0,23251,153,282,114
"5,15",46,77111,8,1,1029,2,11,328,522,0,4,5,0.861111,0.116667,0.022222,0,0,0,0,0.80916,0.171756,0.019084,0,0,0,0,26884,176,333,155
"5,16",44,79330,8,1,1031,2,14,333,534,0,4,5,0.844444,0.122222,0.033333,0,0,0,0,0.773077,0.207692,0.015385,0.003846,0,0,0,26655,174,320,144
"5,17",43,82383,9,1,1033,2,10,355,527,0,4,7,0.851648,0.10989,0.038462,0,0,0,0,0.774194,0.193548,0.032258,0,0,0,0,26762,175,312,136
"5,18",41,84639,9,1,1045,2,9,200,381,0,4,7,0.911111,0.088889,0,0,0,0,0,0.769841,0.18254,0.043651,0.003968,0,0,0,27495,180,309,129
"5,19",41,86244,9,1,1042,2,14,490,537,0,4,5,0.760638,0.191489,0.047872,0,0,0,0,0.813636,0.159091,0.027273,0,0,0,0,27354,179,318,132
"5,20",43,87518,9,1,1026,2,8,128,302,0,4,5,0.928177,0.071823,0,0,0,0,0,0.759259,0.214815,0.022222,0.003704,0,0,0,27561,181,321,140
"5,21",39,88460,9,1,1033,2,11,513,733,0,4,7,0.766667,0.138889,0.094444,0,0,0,0,0.808081,0.166667,0.025253,0,0,0,0,24801,163,284,113
"5,22",41,89290,9,1,1023,2,9,105,308,0,4,5,0.944444,0.055556,0,0,0,0,0,0.804348,0.173913,0.021739,0,0,0,0,27495,180,310,130
"5,23",41,89967,9,1,1024,2,14,484,594,0,4,5,0.777778,0.172222,0.05,0,0,0,0,0.800885,0.172566,0.026549,0,0,0,0,26084,171,310,130
"5,24",40,90535,9,1,1033,2,8,65,121,0,4,5,0.983425,0.016575,0,0,0,0,0,0.823105,0.162455,0.01083,0.00361,0,0,0,27659,181,304,124
"5,25",42,91913,10,1,1033,2,11,503,701,0,4,4,0.788889,0.15,0.061111,0,0,0,0,0.833333,0.166667,0,0,0,0,0,25921,169,307,131
"5,26",44,93111,10,1,1036,2,23,500,541,0,4,5,0.754098,0.191257,0.054645,0,0,0,0,0.794393,0.186916,0.018692,0,0,0,0,26590,173,310,138
"5,27",41,94833,11,1,1042,2,14,521,652,0,5,6,0.73224,0.174863,0.092896,0,0,0,0,0.793103,0.152709,0.049261,0.004926,0,0,0,25292,166,294,123
"5,28",44,96501,11,1,1032,2,13,309,529,0,4,8,0.85,0.127778,0.022222,0,0,0,0,0.776892,0.191235,0.023904,0.007968,0,0,0,26803,176,321,143
"5,29",45,97995,11,1,1042,2,12,184,233,0,4,8,0.872222,0.127778,0,0,0,0,0,0.768,0.192,0.032,0.008,0,0,0,27495,180,330,150
"5,30",42,99243,11,1,1039,2,12,197,306,0,4,7,0.883333,0.116667,0,0,0,0,0,0.736434,0.22093,0.03876,0.003876,0,0,0,27495,180,311,131
"5,31",36,100300,11,1,1034,2,8,98,216,0,4,6,0.95,0.05,0,0,0,0,0,0.782101,0.171206,0.046693,0,0,0,0,27495,180,284,104
"5,32",35,101223,11,1,1039,2,9,222,368,0,4,5,0.883978,0.116022,0,0,0,0,0,0.761506,0.213389,0.025105,0,0,0,0,27659,181,279,99
"5,33",42,102173,11,1,1038,2,11,189,268,0,4,5,0.894444,0.105556,0,0,0,0,0,0.761194,0.201493,0.033582,0.003731,0,0,0,27495,180,314,134
"5,34",39,103006,11,1,1035,2,7,143,240,0,4,6,0.928962,0.071038,0,0,0,0,0,0.801498,0.164794,0.029963,0.003745,0,0,0,27951,183,298,117
"5,35",40,103794,11,1,1031,2,8,45,112,0,4,5,0.977778,0.022222,0,0,0,0,0,0.815331,0.167247,0.013937,0,0.003484,0,0,27495,180,304,124
"5,36",43,104549,11,1,1032,2,11,155,368,0,4,6,0.916667,0.083333,0,0,0,0,0,0.783582,0.186567,0.029851,0,0,0,0,27495,180,320,140
"5,37",37,105206,11,1,1026,2,9,103,390,0,4,5,0.944751,0.055249,0,0,0,0,0,0.825581,0.158915,0.015504,0,0,0,0,27561,181,288,107
"5,38",41,105780,11,1,1035,2,16,533,761,0,4,5,0.738889,0.144444,0.116667,0,0,0,0,0.811927,0.174312,0.013761,0,0,0,0,24303,159,281,116
"5,39",42,106368,11,1,1032,2,11,363,511,0,4,6,0.798913,0.179348,0.021739,0,0,0,0,0.799145,0.162393,0.034188,0.004274,0,0,0,27561,180,317,136
"5,40",43,106889,11,1,1036,2,18,517,622,0,5,8,0.766667,0.133333,0.1,0,0,0,0,0.738938,0.163717,0.09292,0.004425,0,0,0,24569,162,294,128
"5,41",42,107400,11,1,1037,2,10,178,377,0,4,8,0.916667,0.083333,0,0,0,0,0,0.770992,0.179389,0.045802,0.003817,0,0,0,27495,180,313,133
"5,42",37,107860,11,1,1033,2,9,205,486,0,4,4,0.922222,0.066667,0.011111,0,0,0,0,0.819923,0.172414,0.007663,0,0,0,0,27271,178,290,110
"5,43",41,108283,11,1,1033,2,11,510,527,0,4,6,0.822222,0.116667,0.055556,0.005556,0,0,0,0.804255,0.165957,0.029787,0,0,0,0,25721,169,292,121
"5,44",38,108672,11,1,1037,2,10,503,751,0,4,5,0.884615,0.06044,0.054945,0,0,0,0,0.818548,0.157258,0.024194,0,0,0,0,26547,172,286,111
"5,45",38,109048,11,1,1037,2,11,364,518,0,4,8,0.856383,0.12234,0.021277,0,0,0,0,0.799197,0.156627,0.036145,0.004016,0.004016,0,0,27996,184,304,118
"5,46",36,109415,11,1,1039,2,8,65,133,0,4,7,0.977901,0.022099,0,0,0,0,0,0.826923,0.153846,0.019231,0,0,0,0,27616,181,283,102
"5,47",44,109767,11,1,1039,2,16,523,605,0,4,6,0.762431,0.171271,0.066298,0,0,0,0,0.779279,0.18018,0.040541,0,0,0,0,25932,169,310,138
"5,48",42,110096,11,1,1036,2,11,158,255,0,4,6,0.916667,0.083333,0,0,0,0,0,0.760618,0.204633,0.030888,0.003861,0,0,0,27495,180,313,133
"5,49",41,110404,11,1,1031,2,8,107,237,0,4,6,0.944444,0.055556,0,0,0,0,0,0.796154,0.169231,0.030769,0.003846,0,0,0,27495,180,306,126
"5,50",39,110691,11,1,1038,2,9,80,190,0,4,6,0.972222,0.027778,0,0,0,0,0,0.776515,0.185606,0.034091,0.003788,0,0,0,27495,180,299,119
"5,51",38,110962,11,1,1037,2,9,218,470,0,4,7,0.9,0.088889,0.011111,0,0,0,0,0.791667,0.170833,0.0375,0,0,0,0,27222,178,294,114
"5,52",43,111243,11,1,1031,2,10,201,323,0,4,7,0.894444,0.105556,0,0,0,0,0,0.817844,0.141264,0.033457,0.007435,0,0,0,27495,180,320,140
"5,53",42,111492,11,1,1033,2,14,476,531,0,4,6,0.844444,0.105556,0.05,0,0,0,0,0.780488,0.199187,0.020325,0,0,0,0,26145,171,302,129
"5,54",44,111448,10,1,1031,2,10,174,322,0,4,6,0.862637,0.137363,0,0,0,0,0,0.768,0.188,0.044,0,0,0,0,27725,182,326,145
"5,55",52,111400,10,1,1033,2,28,528,566,0,4,5,0.650273,0.256831,0.092896,0,0,0,0,0.717822,0.257426,0.024752,0,0,0,0,25343,166,369,195
"5,56",39,111107,9,1,1036,2,12,356,550,0,4,5,0.833333,0.133333,0.033333,0,0,0,0,0.785088,0.192982,0.02193,0,0,0,0,26607,174,293,117
"5,57",37,110827,9,1,1039,2,8,93,150,0,4,7,0.955801,0.044199,0,0,0,0,0,0.824,0.144,0.028,0.004,0,0,0,27659,181,289,109
"5,58",44,110555,9,1,1040,2,25,622,724,0,4,6,0.659574,0.202128,0.138298,0,0,0,0,0.744792,0.213542,0.041667,0,0,0,0,24587,162,306,135
"5,59",44,110269,9,1,1038,2,16,360,601,0,5,8,0.777778,0.194444,0.027778,0,0,0,0,0.780172,0.163793,0.051724,0.00431,0,0,0,26902,175,324,144
"5,60",40,110007,9,1,1032,2,9,331,649,0,4,8,0.872222,0.094444,0.033333,0,0,0,0,0.777778,0.17094,0.051282,0,0,0,0,26729,174,305,125
"5,61",44,109744,9,1,1036,2,17,317,492,0,4,5,0.805556,0.183333,0.011111,0,0,0,0,0.773279,0.190283,0.032389,0.004049,0,0,0,27204,178,326,146
"5,62",42,109499,9,1,1040,2,11,237,502,0,4,6,0.888889,0.094444,0.016667,0,0,0,0,0.79771,0.175573,0.019084,0.003817,0.003817,0,0,26961,177,312,133
"5,63",38,109278,9,1,1033,2,8,293,516,0,4,7,0.906077,0.066298,0.027624,0,0,0,0,0.837121,0.140152,0.018939,0.003788,0,0,0,26725,176,290,112
"5,64",37,108886,8,1,1036,2,8,234,440,0,4,8,0.888889,0.105556,0.005556,0,0,0,0,0.794872,0.15812,0.038462,0.008547,0,0,0,27366,179,289,109
"5,65",40,108504,8,1,1041,2,12,460,542,0,4,6,0.851648,0.104396,0.043956,0,0,0,0,0.782787,0.196721,0.020492,0,0,0,0,26590,174,299,121
"5,66",39,107911,7,1,1038,2,16,525,706,0,4,8,0.763158,0.163158,0.068421,0.005263,0,0,0,0.813853,0.151515,0.030303,0.004329,0,0,0,26973,176,292,114
"5,67",43,107266,7,1,1039,2,14,112,271,0,5,8,0.933333,0.066667,0,0,0,0,0,0.742647,0.198529,0.047794,0.011029,0,0,0,27495,180,318,138
"5,68",34,106754,7,1,1035,2,13,530,849,0,4,6,0.783333,0.105556,0.105556,0.005556,0,0,0,0.775701,0.200935,0.023364,0,0,0,0,24484,160,252,86
"5,69",0,106754,0,0,969,4,99999,99999,99999,99999,99999,99999,0,0,0,0,0,0,0,0,0,0,0,0,0,0,0,0,0,0
"5,70",0,106754,0,0,975,4,99999,99999,99999,99999,99999,99999,0,0,0,0,0,0,0,0,0,0,0,0,0,0,0,0,0,0
"5,71",0,106754,0,0,969,4,99999,99999,99999,99999,99999,99999,0,0,0,0,0,0,0,0,0,0,0,0,0,0,0,0,0,0
"5,72",0,106754,0,0,979,4,99999,99999,99999,99999,99999,99999,0,0,0,0,0,0,0,0,0,0,0,0,0,0,0,0,0,0
"5,73",0,106754,0,0,962,4,99999,99999,99999,99999,99999,99999,0,0,0,0,0,0,0,0,0,0,0,0,0,0,0,0,0,0
"5,74",0,106754,0,0,983,4,99999,99999,99999,99999,99999,99999,0,0,0,0,0,0,0,0,0,0,0,0,0,0,0,0,0,0
"6,1",0,106754,0,0,976,4,99999,99999,99999,99999,99999,99999,0,0,0,0,0,0,0,0,0,0,0,0,0,0,0,0,0,0
"6,2",0,106754,0,0,963,4,99999,99999,99999,99999,99999,99999,0,0,0,0,0,0,0,0,0,0,0,0,0,0,0,0,0,0
"6,3",0,106754,0,0,963,4,99999,99999,99999,99999,99999,99999,0,0,0,0,0,0,0,0,0,0,0,0,0,0,0,0,0,0
"6,4",0,106754,0,0,963,4,99999,99999,99999,99999,99999,99999,0,0,0,0,0,0,0,0,0,0,0,0,0,0,0,0,0,0
"6,5",0,106754,0,0,959,4,99999,99999,99999,99999,99999,99999,0,0,0,0,0,0,0,0,0,0,0,0,0,0,0,0,0,0
"6,6",0,106754,0,0,978,4,99999,99999,99999,99999,99999,99999,0,0,0,0,0,0,0,0,0,0,0,0,0,0,0,0,0,0
"6,7",0,106754,0,0,983,4,99999,99999,99999,99999,99999,99999,0,0,0,0,0,0,0,0,0,0,0,0,0,0,0,0,0,0
"6,8",0,106754,0,0,987,4,99999,99999,99999,99999,99999,99999,0,0,0,0,0,0,0,0,0,0,0,0,0,0,0,0,0,0
"6,9",0,106754,0,0,976,4,99999,99999,99999,99999,99999,99999,0,0,0,0,0,0,0,0,0,0,0,0,0,0,0,0,0,0
"6,10",0,106754,0,0,969,4,99999,99999,99999,99999,99999,99999,0,0,0,0,0,0,0,0,0,0,0,0,0,0,0,0,0,0
"6,11",0,106754,0,0,983,4,99999,99999,99999,99999,99999,99999,0,0,0,0,0,0,0,0,0,0,0,0,0,0,0,0,0,0
"6,12",37,106218,7,1,1035,2,10,513,559,0,4,5,0.878307,0.068783,0.05291,0,0,0,0,0.824701,0.163347,0.011952,0,0,0,0,27323,179,288,109
"6,13",40,105673,7,1,1043,2,11,150,210,0,4,8,0.911111,0.088889,0,0,0,0,0,0.725806,0.245968,0.020161,0.008065,0,0,0,27495,180,301,121
"6,14",42,105115,7,1,1030,2,12,182,344,0,4,5,0.896175,0.103825,0,0,0,0,0,0.777344,0.195312,0.027344,0,0,0,0,27951,183,314,133
"6,15",43,104819,8,1,1028,2,10,124,217,0,4,5,0.933333,0.066667,0,0,0,0,0,0.788104,0.185874,0.026022,0,0,0,0,27495,180,320,140
"6,16",49,104505,8,1,1031,2,8,145,410,0,4,4,0.933333,0.061111,0.005556,0,0,0,0,0.817857,0.171429,0.007143,0.003571,0,0,0,27357,179,355,175
"6,17",46,104379,9,1,1039,2,15,415,553,0,4,6,0.827778,0.144444,0.027778,0,0,0,0,0.73622,0.216535,0.047244,0,0,0,0,26790,175,335,155
"6,18",44,104266,9,1,1031,2,11,360,502,0,4,5,0.85,0.133333,0.016667,0,0,0,0,0.821577,0.161826,0.016598,0,0,0,0,27034,177,325,145
"6,19",40,104168,9,1,1035,2,14,528,686,0,5,8,0.788889,0.133333,0.077778,0,0,0,0,0.790179,0.15625,0.053571,0,0,0,0,25226,166,290,118
"6,20",47,104055,9,1,1039,2,15,207,332,0,4,5,0.839779,0.160221,0,0,0,0,0,0.806324,0.158103,0.035573,0,0,0,0,27561,181,346,165
"6,21",41,103962,9,1,1032,2,9,317,961,0,4,7,0.9,0.05,0.027778,0.022222,0,0,0,0.794574,0.182171,0.01938,0.003876,0,0,0,26027,171,295,122
"6,22",41,103866,9,1,1044,2,12,178,325,0,4,6,0.888889,0.111111,0,0,0,0,0,0.766537,0.206226,0.027237,0,0,0,0,27495,180,310,130
"6,23",38,103779,9,1,1032,2,9,172,327,0,4,8,0.9,0.1,0,0,0,0,0,0.821429,0.150794,0.019841,0.007937,0,0,0,27495,180,292,112
"6,24",43,103688,9,1,1036,2,14,506,585,0,4,5,0.761111,0.172222,0.066667,0,0,0,0,0.831776,0.149533,0.018692,0,0,0,0,25684,168,306,133
"6,25",46,103594,9,1,1040,2,12,130,255,0,4,6,0.923077,0.076923,0,0,0,0,0,0.811321,0.162264,0.022642,0.003774,0,0,0,27777,182,338,157
"6,26",41,103679,10,1,1035,2,9,304,499,0,4,6,0.85,0.138889,0.011111,0,0,0,0,0.792035,0.185841,0.022124,0,0,0,0,27084,178,310,130
"6,27",38,103883,11,1,1040,1,15,515,550,0,5,7,0.7,0.133333,0.166667,0,0,0,0,0.816667,0.116667,0.066667,0,0,0,0,22945,150,251,97
"6,28",35,104106,11,1,1037,2,9,354,540,0,4,6,0.877778,0.088889,0.033333,0,0,0,0,0.814655,0.146552,0.038793,0,0,0,0,26549,174,274,98
"6,29",37,104336,11,1,1038,2,9,124,208,0,4,8,0.911111,0.088889,0,0,0,0,0,0.802419,0.153226,0.03629,0.008065,0,0,0,27495,180,290,110
"6,30",40,104565,11,1,1035,2,9,112,223,0,4,6,0.944444,0.055556,0,0,0,0,0,0.745387,0.217712,0.03321,0.00369,0,0,0,27495,180,304,124
"6,31",35,104767,11,1,1042,2,10,93,224,0,4,8,0.955556,0.044444,0,0,0,0,0,0.805785,0.165289,0.024793,0,0.004132,0,0,27495,180,277,97
"6,32",43,104995,11,1,1037,2,10,180,361,0,4,5,0.928571,0.071429,0,0,0,0,0,0.8,0.181481,0.018519,0,0,0,0,27777,182,320,140
"6,33",46,105229,11,1,1036,2,14,387,530,0,4,7,0.816667,0.155556,0.027778,0,0,0,0,0.786611,0.167364,0.046025,0,0,0,0,26607,175,339,159
"6,34",43,105445,11,1,1038,2,11,96,132,0,4,5,0.950549,0.049451,0,0,0,0,0,0.81362,0.172043,0.014337,0,0,0,0,27777,182,318,137
"6,35",39,105642,11,1,1033,2,7,99,283,0,4,4,0.95,0.05,0,0,0,0,0,0.825911,0.165992,0.008097,0,0,0,0,27495,180,297,117
"6,36",37,105830,11,1,1031,2,8,62,109,0,4,5,0.972222,0.027778,0,0,0,0,0,0.858736,0.115242,0.018587,0.007435,0,0,0,27495,180,287,107
"6,37",45,106035,11,1,1036,2,10,305,535,0,4,6,0.867403,0.110497,0.022099,0,0,0,0,0.828125,0.144531,0.027344,0,0,0,0,26916,177,331,150
"6,38",37,106218,11,1,1029,2,7,65,145,0,4,5,0.972222,0.027778,0,0,0,0,0,0.826568,0.151292,0.02214,0,0,0,0,27495,180,290,110
"6,39",47,106423,11,1,1030,2,13,219,317,0,4,4,0.844444,0.155556,0,0,0,0,0,0.771739,0.217391,0.007246,0.003623,0,0,0,27495,180,345,165
"6,40",41,106602,11,1,1042,2,12,142,464,0,5,8,0.916667,0.072222,0.011111,0,0,0,0,0.737255,0.192157,0.066667,0.003922,0,0,0,27265,178,306,126
"6,41",35,106765,11,1,1028,2,7,40,65,0,4,5,1,0,0,0,0,0,0,0.845588,0.132353,0.022059,0,0,0,0,27495,180,279,99
"6,42",41,106925,11,1,1030,2,13,534,548,0,4,7,0.777778,0.116667,0.105556,0,0,0,0,0.813953,0.162791,0.023256,0,0,0,0,24796,161,282,117
"6,43",37,107077,11,1,1033,2,10,514,590,0,4,5,0.883333,0.05,0.066667,0,0,0,0,0.816327,0.167347,0.012245,0.004082,0,0,0,25577,168,281,106
"6,44",42,107249,11,1,1034,2,9,126,216,0,4,5,0.933333,0.066667,0,0,0,0,0,0.80597,0.164179,0.029851,0,0,0,0,27495,180,311,131
"6,45",45,107419,11,1,1037,2,22,512,646,0,4,7,0.696133,0.243094,0.060773,0,0,0,0,0.745536,0.214286,0.035714,0,0.004464,0,0,25938,170,317,143
"6,46",43,107574,11,1,1031,2,10,530,676,0,4,6,0.822222,0.088889,0.088889,0,0,0,0,0.832618,0.137339,0.030043,0,0,0,0,24929,164,306,133
"6,47",32,107708,11,1,1037,2,9,118,416,0,4,5,0.944444,0.05,0.005556,0,0,0,0,0.832653,0.134694,0.028571,0.004082,0,0,0,27377,179,265,85
"6,48",43,107855,11,1,1032,2,12,528,536,0,4,9,0.833333,0.088889,0.077778,0,0,0,0,0.805668,0.161943,0.020243,0.012146,0,0,0,25370,166,297,128
"6,49",40,108002,11,1,1037,2,11,135,223,0,4,6,0.927778,0.072222,0,0,0,0,0,0.787313,0.179104,0.029851,0.003731,0,0,0,27495,180,304,124
"6,50",38,108140,11,1,1033,2,9,133,288,0,4,6,0.923077,0.076923,0,0,0,0,0,0.804082,0.167347,0.02449,0.004082,0,0,0,27777,182,294,114
"6,51",41,108285,11,1,1041,2,14,267,484,0,5,8,0.861878,0.127072,0.01105,0,0,0,0,0.763265,0.17551,0.057143,0.004082,0,0,0,27390,179,308,128
"6,52",35,108416,11,1,1040,2,9,69,171,0,5,8,0.972222,0.027778,0,0,0,0,0,0.832031,0.113281,0.046875,0.007812,0,0,0,27495,180,281,101
"6,53",40,108549,11,1,1044,2,11,101,184,0,4,8,0.944444,0.055556,0,0,0,0,0,0.77037,0.185185,0.033333,0.011111,0,0,0,27495,180,301,121
"6,54",47,108562,10,1,1024,2,14,317,466,0,4,5,0.790055,0.198895,0.01105,0,0,0,0,0.799145,0.179487,0.021368,0,0,0,0,27227,179,342,161
"6,55",37,108460,9,1,1038,2,13,514,562,0,4,6,0.788889,0.155556,0.055556,0,0,0,0,0.809091,0.159091,0.031818,0,0,0,0,25985,170,279,105
"6,56",43,108351,9,1,1040,2,9,151,303,0,4,6,0.9,0.088889,0.011111,0,0,0,0,0.797571,0.182186,0.020243,0,0,0,0,27175,178,315,136
"6,57",32,108256,9,1,1036,2,8,66,235,0,4,5,0.955556,0.044444,0,0,0,0,0,0.827869,0.151639,0.020492,0,0,0,0,27495,180,268,88
"6,58",45,108143,9,1,1038,2,10,187,392,0,4,5,0.888889,0.111111,0,0,0,0,0,0.814672,0.169884,0.011583,0.003861,0,0,0,27495,180,330,150
"6,59",44,108035,9,1,1046,2,18,385,517,0,5,8,0.744444,0.233333,0.022222,0,0,0,0,0.734884,0.195349,0.060465,0.009302,0,0,0,26830,176,324,145
"6,60",40,107935,9,1,1034,2,10,135,221,0,4,5,0.928177,0.071823,0,0,0,0,0,0.796078,0.188235,0.015686,0,0,0,0,27659,181,304,124
"6,61",39,107839,9,1,1031,2,10,281,509,0,4,7,0.861111,0.122222,0.016667,0,0,0,0,0.787149,0.172691,0.036145,0.004016,0,0,0,27092,177,299,119
"6,62",39,107745,9,1,1045,2,13,206,294,0,4,8,0.877778,0.122222,0,0,0,0,0,0.778243,0.1841,0.033473,0.004184,0,0,0,27495,180,296,116
"6,63",39,107651,9,1,1029,2,9,91,142,0,4,7,0.950276,0.049724,0,0,0,0,0,0.851301,0.122677,0.026022,0,0,0,0,27561,181,301,120
"6,64",41,107467,8,1,1039,2,9,126,203,0,4,7,0.933333,0.066667,0,0,0,0,0,0.794776,0.182836,0.018657,0.003731,0,0,0,27495,180,310,130
"6,65",35,107299,8,1,1038,2,7,79,134,0,4,5,0.966667,0.033333,0,0,0,0,0,0.815686,0.160784,0.019608,0,0.003922,0,0,27495,180,278,98
"6,66",41,107008,7,1,1029,2,13,501,541,0,4,8,0.725275,0.21978,0.049451,0.005495,0,0,0,0.828947,0.140351,0.026316,0.004386,0,0,0,26303,172,296,122
"6,67",42,106704,7,1,1036,2,9,178,377,0,4,4,0.922222,0.077778,0,0,0,0,0,0.829545,0.159091,0.011364,0,0,0,0,27495,180,315,135
"6,68",40,106406,7,1,1042,2,14,523,712,0,4,7,0.791209,0.153846,0.054945,0,0,0,0,0.795745,0.182979,0.017021,0.004255,0,0,0,26173,172,300,121
"6,69",0,106406,0,0,976,4,99999,99999,99999,99999,99999,99999,0,0,0,0,0,0,0,0,0,0,0,0,0,0,0,0,0,0
"6,70",0,106406,0,0,970,4,99999,99999,99999,99999,99999,99999,0,0,0,0,0,0,0,0,0,0,0,0,0,0,0,0,0,0
"6,71",0,106406,0,0,980,4,99999,99999,99999,99999,99999,99999,0,0,0,0,0,0,0,0,0,0,0,0,0,0,0,0,0,0
"6,72",0,106406,0,0,975,4,99999,99999,99999,99999,99999,99999,0,0,0,0,0,0,0,0,0,0,0,0,0,0,0,0,0,0
"6,73",0,106406,0,0,967,4,99999,99999,99999,99999,99999,99999,0,0,0,0,0,0,0,0,0,0,0,0,0,0,0,0,0,0
"6,74",0,106406,0,0,972,4,99999,99999,99999,99999,99999,99999,0,0,0,0,0,0,0,0,0,0,0,0,0,0,0,0,0,0
"7,1",0,0,0,0,977,4,99999,99999,99999,99999,99999,99999,0,0,0,0,0,0,0,0,0,0,0,0,0,0,0,0,0,0
"7,2",0,0,0,0,977,4,99999,99999,99999,99999,99999,99999,0,0,0,0,0,0,0,0,0,0,0,0,0,0,0,0,0,0
"7,3",0,0,0,0,973,4,99999,99999,99999,99999,99999,99999,0,0,0,0,0,0,0,0,0,0,0,0,0,0,0,0,0,0
"7,4",0,0,0,0,977,4,99999,99999,99999,99999,99999,99999,0,0,0,0,0,0,0,0,0,0,0,0,0,0,0,0,0,0
"7,5",0,0,0,0,980,4,99999,99999,99999,99999,99999,99999,0,0,0,0,0,0,0,0,0,0,0,0,0,0,0,0,0,0
"7,6",0,0,0,0,969,4,99999,99999,99999,99999,99999,99999,0,0,0,0,0,0,0,0,0,0,0,0,0,0,0,0,0,0
"7,7",0,0,0,0,966,4,99999,99999,99999,99999,99999,99999,0,0,0,0,0,0,0,0,0,0,0,0,0,0,0,0,0,0
"7,8",0,0,0,0,973,4,99999,99999,99999,99999,99999,99999,0,0,0,0,0,0,0,0,0,0,0,0,0,0,0,0,0,0
"7,9",0,0,0,0,973,4,99999,99999,99999,99999,99999,99999,0,0,0,0,0,0,0,0,0,0,0,0,0,0,0,0,0,0
"7,10",0,0,0,0,978,4,99999,99999,99999,99999,99999,99999,0,0,0,0,0,0,0,0,0,0,0,0,0,0,0,0,0,0
"7,11",0,0,0,0,978,4,99999,99999,99999,99999,99999,99999,0,0,0,0,0,0,0,0,0,0,0,0,0,0,0,0,0,0
"7,12",42,73125,7,1,1034,2,10,338,457,0,4,8,0.861111,0.133333,0.005556,0,0,0,0,0.79668,0.174274,0.024896,0,0.004149,0,0,27389,179,315,135
"7,13",42,73125,7,1,1035,2,10,230,340,0,4,6,0.872222,0.127778,0,0,0,0,0,0.801619,0.186235,0.008097,0.004049,0,0,0,27495,180,311,131
"7,14",37,73125,7,1,1041,2,9,91,225,0,4,10,0.955556,0.044444,0,0,0,0,0,0.806452,0.157258,0.020161,0.016129,0,0,0,27495,180,288,108
"7,15",42,76862,8,1,1039,2,12,261,384,0,4,4,0.822222,0.177778,0,0,0,0,0,0.795556,0.195556,0.008889,0,0,0,0,27495,180,312,132
"7,16",43,79094,8,1,1030,2,11,282,505,0,4,5,0.816667,0.166667,0.016667,0,0,0,0,0.776824,0.206009,0.017167,0,0,0,0,27004,177,318,138
"7,17",50,82597,9,1,1040,2,16,180,320,0,4,8,0.895028,0.104972,0,0,0,0,0,0.758741,0.195804,0.034965,0.01049,0,0,0,27659,181,363,183
"7,18",40,84607,9,1,1031,2,15,460,561,0,4,6,0.80663,0.149171,0.044199,0,0,0,0,0.79661,0.161017,0.038136,0.004237,0,0,0,26365,173,297,121
"7,19",43,86221,9,1,1029,2,9,134,339,0,4,5,0.934426,0.065574,0,0,0,0,0,0.834586,0.150376,0.011278,0.003759,0,0,0,27951,183,322,141
"7,20",45,87517,9,1,1037,2,14,500,532,0,4,7,0.761658,0.181347,0.056995,0,0,0,0,0.798354,0.156379,0.045267,0,0,0,0,27649,182,343,156
"7,21",41,88497,9,1,1037,2,12,280,486,0,4,4,0.85,0.138889,0.011111,0,0,0,0,0.793249,0.202532,0.004219,0,0,0,0,27122,178,310,130
"7,22",38,89257,9,1,1035,2,8,81,151,0,4,4,0.966667,0.033333,0,0,0,0,0,0.813688,0.174905,0.011407,0,0,0,0,27495,180,291,111
"7,23",35,89887,9,1,1035,2,10,269,437,0,4,6,0.855556,0.138889,0.005556,0,0,0,0,0.802632,0.162281,0.035088,0,0,0,0,27294,179,280,100
"7,24",42,90460,9,1,1034,2,12,330,529,0,4,10,0.805556,0.161111,0.033333,0,0,0,0,0.813853,0.147186,0.025974,0.012987,0,0,0,26507,174,304,128
"7,25",40,90952,9,1,1030,2,8,144,395,0,4,6,0.911111,0.083333,0.005556,0,0,0,0,0.796875,0.175781,0.019531,0.007812,0,0,0,27313,179,305,125
"7,26",47,92262,10,1,1026,2,18,530,631,0,4,6,0.683333,0.216667,0.1,0,0,0,0,0.785714,0.195238,0.014286,0.004762,0,0,0,24844,162,323,155
"7,27",40,94088,11,1,1033,2,11,353,521,0,4,5,0.822222,0.161111,0.016667,0,0,0,0,0.817778,0.168889,0.013333,0,0,0,0,27131,177,305,125
"7,28",40,95655,11,1,1034,2,9,83,150,0,4,7,0.95,0.05,0,0,0,0,0,0.814286,0.15,0.035714,0,0,0,0,27495,180,303,123
"7,29",41,96953,11,1,1035,2,9,500,908,0,4,4,0.856354,0.088398,0.038674,0.016575,0,0,0,0.790393,0.200873,0.008734,0,0,0,0,25704,171,295,122
"7,30",41,98290,11,1,1040,2,13,204,291,0,5,8,0.883333,0.116667,0,0,0,0,0,0.74502,0.199203,0.055777,0,0,0,0,27495,180,310,130
"7,31",35,99382,11,1,1033,2,8,67,130,0,4,7,0.972222,0.027778,0,0,0,0,0,0.828244,0.145038,0.026718,0,0,0,0,27495,180,281,101
"7,32",39,100429,11,1,1037,2,8,129,311,0,4,5,0.928571,0.071429,0,0,0,0,0,0.826923,0.153846,0.015385,0.003846,0,0,0,27777,182,300,120
"7,33",41,101413,11,1,1045,2,11,221,489,0,4,7,0.888889,0.1,0.011111,0,0,0,0,0.784861,0.179283,0.035857,0,0,0,0,27164,178,310,130
"7,34",39,102245,11,1,1040,2,13,507,551,0,4,6,0.777778,0.161111,0.061111,0,0,0,0,0.793722,0.179372,0.026906,0,0,0,0,25857,169,283,112
"7,35",40,103017,11,1,1040,2,13,512,556,0,4,5,0.883333,0.044444,0.072222,0,0,0,0,0.800781,0.175781,0.023438,0,0,0,0,25551,167,282,113
"7,36",44,103844,11,1,1039,2,14,344,580,0,4,6,0.827778,0.15,0.022222,0,0,0,0,0.78629,0.181452,0.028226,0.004032,0,0,0,26878,176,325,146
"7,37",40,104531,11,1,1029,2,8,154,369,0,4,4,0.933702,0.066298,0,0,0,0,0,0.804511,0.184211,0.011278,0,0,0,0,27561,181,304,123
"7,38",38,105153,11,1,1036,2,9,87,141,0,4,6,0.966667,0.033333,0,0,0,0,0,0.810219,0.164234,0.025547,0,0,0,0,27495,180,294,114
"7,39",33,105682,11,1,1035,2,8,382,540,0,4,4,0.894444,0.066667,0.038889,0,0,0,0,0.820833,0.179167,0,0,0,0,0,26517,173,264,89
"7,40",42,106262,11,1,1034,2,8,83,247,0,4,5,0.961326,0.038674,0,0,0,0,0,0.846154,0.135531,0.014652,0.003663,0,0,0,27659,181,312,132
"7,41",42,106789,11,1,1031,2,11,201,439,0,4,5,0.905556,0.088889,0.005556,0,0,0,0,0.827206,0.158088,0.014706,0,0,0,0,27325,179,312,132
"7,42",35,107240,11,1,1035,2,9,224,531,0,4,4,0.916667,0.061111,0.022222,0,0,0,0,0.826613,0.165323,0.008065,0,0,0,0,26819,176,276,98
"7,43",43,107724,11,1,1030,2,9,169,295,0,4,5,0.922222,0.077778,0,0,0,0,0,0.832714,0.148699,0.01487,0.003717,0,0,0,27495,180,317,137
"7,44",38,108148,11,1,1035,2,9,115,212,0,4,5,0.933333,0.066667,0,0,0,0,0,0.811538,0.157692,0.026923,0,0.003846,0,0,27495,180,294,114
"7,45",40,108547,11,1,1041,2,10,58,102,0,4,7,0.983333,0.016667,0,0,0,0,0,0.776978,0.18705,0.035971,0,0,0,0,27495,180,305,125
"7,46",43,108951,11,1,1031,2,9,71,115,0,4,5,0.966851,0.033149,0,0,0,0,0,0.782895,0.197368,0.016447,0,0.003289,0,0,27561,181,323,142
"7,47",44,109311,11,1,1032,2,20,535,726,0,4,8,0.711111,0.188889,0.088889,0.011111,0,0,0,0.779343,0.187793,0.023474,0.00939,0,0,0,24839,162,309,138
"7,48",39,109644,11,1,1038,2,9,90,155,0,4,5,0.961326,0.038674,0,0,0,0,0,0.822642,0.162264,0.011321,0,0.003774,0,0,27659,181,297,117
"7,49",43,109976,11,1,1033,2,10,208,662,0,4,6,0.888889,0.077778,0.033333,0,0,0,0,0.761719,0.207031,0.027344,0,0.003906,0,0,26535,174,314,138
"7,50",45,110294,11,1,1041,2,12,499,540,0,4,6,0.75,0.2,0.05,0,0,0,0,0.772947,0.198068,0.024155,0.004831,0,0,0,26017,171,318,144
"7,51",51,110631,11,1,1036,2,16,442,646,0,4,8,0.794444,0.166667,0.038889,0,0,0,0,0.730612,0.220408,0.044898,0,0.004082,0,0,26410,173,365,188
"7,52",41,110903,11,1,1034,2,9,140,431,0,4,6,0.911111,0.083333,0.005556,0,0,0,0,0.793893,0.175573,0.022901,0.007634,0,0,0,27353,179,309,129
"7,53",47,111178,11,1,1038,2,12,516,772,0,4,6,0.905556,0.038889,0.055556,0,0,0,0,0.754647,0.204461,0.033457,0.007435,0,0,0,25871,170,325,153
"7,54",40,111143,10,1,1029,2,9,122,236,0,4,5,0.933702,0.066298,0,0,0,0,0,0.782101,0.198444,0.015564,0.003891,0,0,0,27561,181,303,122
"7,55",45,110813,9,1,1037,2,14,517,609,0,4,6,0.737705,0.174863,0.087432,0,0,0,0,0.821596,0.159624,0.018779,0,0,0,0,25395,167,329,150
"7,56",44,110510,9,1,1035,2,14,520,750,0,4,5,0.722222,0.216667,0.061111,0,0,0,0,0.791262,0.194175,0.009709,0.004854,0,0,0,25663,169,318,141
"7,57",46,110205,9,1,1036,2,13,263,436,0,4,7,0.877778,0.116667,0.005556,0,0,0,0,0.803704,0.162963,0.02963,0.003704,0,0,0,27277,179,336,156
"7,58",36,109953,9,1,1046,2,12,296,536,0,4,9,0.872222,0.111111,0.016667,0,0,0,0,0.739316,0.213675,0.034188,0.012821,0,0,0,27092,177,284,104
"7,59",39,109703,9,1,1029,2,10,237,453,0,4,5,0.855556,0.138889,0.005556,0,0,0,0,0.801587,0.178571,0.015873,0.003968,0,0,0,27369,179,299,119
"7,60",43,109444,9,1,1034,2,9,141,322,0,4,8,0.923497,0.076503,0,0,0,0,0,0.8,0.166038,0.022642,0.011321,0,0,0,27951,183,321,141
"7,61",37,109217,9,1,1027,2,8,284,607,0,4,7,0.894444,0.077778,0.027778,0,0,0,0,0.805785,0.169421,0.020661,0.004132,0,0,0,26789,175,289,109
"7,62",37,108992,9,1,1038,2,8,67,150,0,4,8,0.961111,0.038889,0,0,0,0,0,0.80695,0.166023,0.019305,0.007722,0,0,0,27495,180,290,110
"7,63",39,108777,9,1,1028,2,9,168,374,0,4,5,0.911602,0.088398,0,0,0,0,0,0.806324,0.162055,0.027668,0.003953,0,0,0,27561,181,299,118
"7,64",42,108371,8,1,1043,2,12,271,458,0,4,6,0.838889,0.15,0.011111,0,0,0,0,0.798246,0.175439,0.026316,0,0,0,0,27240,178,312,132
"7,65",40,107998,8,1,1029,2,10,184,511,0,4,7,0.883333,0.1,0.016667,0,0,0,0,0.8,0.168627,0.023529,0.007843,0,0,0,26973,177,305,125
"7,66",36,107421,7,1,1041,2,18,561,699,0,5,8,0.783333,0.111111,0.105556,0,0,0,0,0.748899,0.198238,0.048458,0.004405,0,0,0,24584,161,279,102
"7,67",44,106808,7,1,1046,2,14,528,964,0,4,9,0.822222,0.1,0.061111,0.016667,0,0,0,0.74569,0.206897,0.034483,0.012931,0,0,0,25481,166,307,137
"7,68",44,106195,7,1,1032,2,15,508,611,0,4,8,0.715847,0.218579,0.065574,0,0,0,0,0.778302,0.193396,0.023585,0.004717,0,0,0,25988,171,322,143
"7,69",0,106195,0,0,968,4,99999,99999,99999,99999,99999,99999,0,0,0,0,0,0,0,0,0,0,0,0,0,0,0,0,0,0
"7,70",0,106195,0,0,976,4,99999,99999,99999,99999,99999,99999,0,0,0,0,0,0,0,0,0,0,0,0,0,0,0,0,0,0
"7,71",0,106195,0,0,969,4,99999,99999,99999,99999,99999,99999,0,0,0,0,0,0,0,0,0,0,0,0,0,0,0,0,0,0
"7,72",0,106195,0,0,975,4,99999,99999,99999,99999,99999,99999,0,0,0,0,0,0,0,0,0,0,0,0,0,0,0,0,0,0
"7,73",0,106195,0,0,967,4,99999,99999,99999,99999,99999,99999,0,0,0,0,0,0,0,0,0,0,0,0,0,0,0,0,0,0
"7,74",0,106195,0,0,974,4,99999,99999,99999,99999,99999,99999,0,0,0,0,0,0,0,0,0,0,0,0,0,0,0,0,0,0
"8,1",0,106195,0,0,969,4,99999,99999,99999,99999,99999,99999,0,0,0,0,0,0,0,0,0,0,0,0,0,0,0,0,0,0
"8,2",0,106195,0,0,979,4,99999,99999,99999,99999,99999,99999,0,0,0,0,0,0,0,0,0,0,0,0,0,0,0,0,0,0
"8,3",0,106195,0,0,971,4,99999,99999,99999,99999,99999,99999,0,0,0,0,0,0,0,0,0,0,0,0,0,0,0,0,0,0
"8,4",0,106195,0,0,972,4,99999,99999,99999,99999,99999,99999,0,0,0,0,0,0,0,0,0,0,0,0,0,0,0,0,0,0
"8,5",0,106195,0,0,968,4,99999,99999,99999,99999,99999,99999,0,0,0,0,0,0,0,0,0,0,0,0,0,0,0,0,0,0
"8,6",0,106195,0,0,963,4,99999,99999,99999,99999,99999,99999,0,0,0,0,0,0,0,0,0,0,0,0,0,0,0,0,0,0
"8,7",0,106195,0,0,971,4,99999,99999,99999,99999,99999,99999,0,0,0,0,0,0,0,0,0,0,0,0,0,0,0,0,0,0
"8,8",0,106195,0,0,968,4,99999,99999,99999,99999,99999,99999,0,0,0,0,0,0,0,0,0,0,0,0,0,0,0,0,0,0
"8,9",0,106195,0,0,968,4,99999,99999,99999,99999,99999,99999,0,0,0,0,0,0,0,0,0,0,0,0,0,0,0,0,0,0
"8,10",0,106195,0,0,961,4,99999,99999,99999,99999,99999,99999,0,0,0,0,0,0,0,0,0,0,0,0,0,0,0,0,0,0
"8,11",0,106195,0,0,971,4,99999,99999,99999,99999,99999,99999,0,0,0,0,0,0,0,0,0,0,0,0,0,0,0,0,0,0
"8,12",46,105578,7,1,1034,2,9,165,337,0,4,5,0.9,0.1,0,0,0,0,0,0.808429,0.16092,0.030651,0,0,0,0,27495,180,337,157
"8,13",35,105080,7,1,1029,2,9,502,529,0,4,6,0.861111,0.083333,0.055556,0,0,0,0,0.84322,0.139831,0.012712,0.004237,0,0,0,26003,170,268,96
"8,14",44,104524,7,1,1033,2,12,235,350,0,4,8,0.850829,0.149171,0,0,0,0,0,0.806584,0.148148,0.037037,0.00823,0,0,0,27659,181,324,144
"8,15",47,104215,8,1,1044,2,16,221,369,0,4,6,0.833333,0.166667,0,0,0,0,0,0.746094,0.207031,0.046875,0,0,0,0,27495,180,340,160
"8,16",41,103947,8,1,1035,2,8,101,178,0,4,6,0.944444,0.055556,0,0,0,0,0,0.785714,0.195489,0.018797,0,0,0,0,27495,180,309,129
"8,17",43,103840,9,1,1038,2,11,118,238,0,4,6,0.927778,0.072222,0,0,0,0,0,0.768116,0.217391,0.007246,0.007246,0,0,0,27495,180,317,137
"8,18",45,103734,9,1,1036,2,10,257,421,0,4,5,0.867403,0.127072,0.005525,0,0,0,0,0.797571,0.190283,0.008097,0.004049,0,0,0,27548,180,333,153
"8,19",47,103630,9,1,1034,2,11,503,633,0,4,9,0.777778,0.161111,0.061111,0,0,0,0,0.787879,0.186147,0.008658,0.017316,0,0,0,25807,169,338,159
"8,20",40,103539,9,1,1034,2,8,88,135,0,4,6,0.955801,0.044199,0,0,0,0,0,0.787072,0.174905,0.034221,0.003802,0,0,0,27561,181,302,121
"8,21",38,103453,9,1,1033,2,10,262,437,0,4,7,0.866667,0.127778,0.005556,0,0,0,0,0.826271,0.135593,0.033898,0.004237,0,0,0,27325,179,291,111
"8,22",41,103366,9,1,1030,2,9,116,238,0,4,6,0.944444,0.055556,0,0,0,0,0,0.783394,0.198556,0.018051,0,0,0,0,27495,180,308,128
"8,23",41,103278,9,1,1036,2,13,399,519,0,4,7,0.827778,0.15,0.022222,0,0,0,0,0.797521,0.169421,0.033058,0,0,0,0,27048,176,309,129
"8,24",44,103193,9,1,1039,2,11,165,243,0,4,5,0.894444,0.105556,0,0,0,0,0,0.804781,0.171315,0.023904,0,0,0,0,27495,180,323,143
"8,25",41,103114,9,1,1037,2,11,479,831,0,4,5,0.878453,0.071823,0.044199,0.005525,0,0,0,0.804979,0.165975,0.029046,0,0,0,0,26372,172,303,125
"8,26",46,103210,10,1,1037,2,13,293,381,0,4,6,0.810811,0.189189,0,0,0,0,0,0.725738,0.244726,0.029536,0,0,0,0,28283,185,339,156
"8,27",43,103299,10,1,1031,2,18,641,899,0,4,7,0.694444,0.205556,0.088889,0.011111,0,0,0,0.776699,0.174757,0.048544,0,0,0,0,24833,162,308,135
"8,28",43,103558,11,1,1033,2,11,315,469,0,4,6,0.866667,0.122222,0.011111,0,0,0,0,0.771084,0.200803,0.028112,0,0,0,0,27178,178,321,141
"8,29",40,103792,11,1,1033,2,13,387,535,0,4,6,0.816667,0.15,0.033333,0,0,0,0,0.745902,0.217213,0.032787,0.004098,0,0,0,26526,174,301,123
"8,30",47,104048,11,1,1028,2,16,355,550,0,5,9,0.838889,0.133333,0.027778,0,0,0,0,0.767442,0.178295,0.03876,0.015504,0,0,0,26696,175,336,159
"8,31",50,104312,11,1,1043,2,17,410,553,0,4,9,0.783333,0.183333,0.033333,0,0,0,0,0.729614,0.218884,0.034335,0.017167,0,0,0,26559,174,359,181
"8,32",44,104548,11,1,1036,2,10,136,264,0,4,8,0.928962,0.071038,0,0,0,0,0,0.817121,0.151751,0.019455,0.003891,0.007782,0,0,27951,183,325,145
"8,33",43,104772,11,1,1044,2,13,223,338,0,5,8,0.877778,0.122222,0,0,0,0,0,0.752941,0.184314,0.054902,0.003922,0.003922,0,0,27495,180,321,141
"8,34",50,105016,11,1,1041,2,14,219,334,0,4,6,0.867403,0.132597,0,0,0,0,0,0.770115,0.199234,0.02682,0.003831,0,0,0,27659,181,363,183
"8,35",44,105234,11,1,1037,2,14,196,313,0,4,5,0.883333,0.116667,0,0,0,0,0,0.782101,0.198444,0.015564,0.003891,0,0,0,27495,180,324,144
"8,36",38,105425,11,1,1033,2,8,86,177,0,4,5,0.95,0.05,0,0,0,0,0,0.804598,0.180077,0.015326,0,0,0,0,27495,180,294,114
"8,37",46,105639,11,1,1030,2,11,181,278,0,4,5,0.880435,0.119565,0,0,0,0,0,0.765568,0.208791,0.025641,0,0,0,0,28017,184,339,157
"8,38",37,105819,11,1,1038,2,9,48,87,0,4,6,0.994444,0.005556,0,0,0,0,0,0.837638,0.140221,0.01845,0.00369,0,0,0,27495,180,287,107
"8,39",36,105984,11,1,1030,2,9,379,775,0,4,8,0.9,0.05,0.05,0,0,0,0,0.791165,0.176707,0.028112,0.004016,0,0,0,26027,171,274,101
"8,40",38,106155,11,1,1034,2,9,308,530,0,4,7,0.905556,0.066667,0.027778,0,0,0,0,0.837398,0.142276,0.020325,0,0,0,0,26797,175,287,110
"8,41",40,106330,11,1,1041,2,9,158,411,0,4,8,0.927778,0.066667,0.005556,0,0,0,0,0.821705,0.135659,0.03876,0.003876,0,0,0,27372,179,305,125
"8,42",41,106501,11,1,1032,2,9,501,530,0,4,5,0.794444,0.15,0.055556,0,0,0,0,0.782609,0.195652,0.021739,0,0,0,0,25894,170,297,124
"8,43",45,106687,11,1,1025,2,10,158,258,0,4,6,0.911111,0.088889,0,0,0,0,0,0.797753,0.17603,0.026217,0,0,0,0,27495,180,330,150
"8,44",45,106869,11,1,1026,2,9,182,353,0,4,6,0.9,0.1,0,0,0,0,0,0.813187,0.168498,0.018315,0,0,0,0,27495,180,330,150
"8,45",44,107040,11,1,1038,2,10,71,124,0,4,6,0.983333,0.016667,0,0,0,0,0,0.797945,0.167808,0.034247,0,0,0,0,27495,180,324,144
"8,46",38,107197,11,1,1033,2,9,86,148,0,4,4,0.961111,0.038889,0,0,0,0,0,0.766917,0.225564,0.007519,0,0,0,0,27495,180,295,115
"8,47",40,107359,11,1,1042,2,10,108,183,0,4,6,0.938889,0.061111,0,0,0,0,0,0.790875,0.163498,0.045627,0,0,0,0,27495,180,304,124
"8,48",37,107500,11,1,1037,2,9,72,163,0,4,7,0.961111,0.038889,0,0,0,0,0,0.79771,0.164122,0.034351,0.003817,0,0,0,27495,180,287,107
"8,49",48,107668,11,1,1027,2,14,431,526,0,4,5,0.805556,0.155556,0.038889,0,0,0,0,0.776892,0.207171,0.015936,0,0,0,0,26580,173,350,170
"8,50",43,107818,11,1,1049,2,12,150,217,0,4,7,0.916667,0.083333,0,0,0,0,0,0.767717,0.192913,0.03937,0,0,0,0,27495,180,320,140
"8,51",37,107953,11,1,1035,2,9,95,247,0,4,8,0.95,0.05,0,0,0,0,0,0.824,0.148,0.024,0.004,0,0,0,27495,180,287,107
"8,52",45,108101,11,1,1046,2,10,153,355,0,4,5,0.922652,0.077348,0,0,0,0,0,0.778626,0.187023,0.030534,0.003817,0,0,0,27659,181,328,148
"8,53",41,108117,10,1,1035,2,14,458,588,0,4,7,0.803279,0.147541,0.04918,0,0,0,0,0.780591,0.202532,0.012658,0.004219,0,0,0,26606,174,303,126
"8,54",41,108133,10,1,1039,2,12,306,446,0,4,8,0.828729,0.165746,0.005525,0,0,0,0,0.792793,0.162162,0.040541,0.004505,0,0,0,27370,180,311,130
"8,55",44,108025,9,1,1033,2,14,349,497,0,4,5,0.774725,0.214286,0.010989,0,0,0,0,0.782609,0.198068,0.019324,0,0,0,0,27454,180,324,143
"8,56",40,107923,9,1,1035,2,9,121,261,0,4,8,0.944444,0.055556,0,0,0,0,0,0.805243,0.153558,0.037453,0,0.003745,0,0,27495,180,303,123
"8,57",48,107807,9,1,1033,2,10,235,382,0,4,6,0.855556,0.144444,0,0,0,0,0,0.822134,0.158103,0.01581,0.003953,0,0,0,27495,180,352,172
"8,58",38,107714,9,1,1042,2,12,419,529,0,5,6,0.816667,0.15,0.033333,0,0,0,0,0.740909,0.2,0.059091,0,0,0,0,26521,174,288,110
"8,59",42,107617,9,1,1040,2,16,504,557,0,4,6,0.763736,0.175824,0.06044,0,0,0,0,0.791111,0.168889,0.04,0,0,0,0,26086,171,316,135
"8,60",41,107520,9,1,1044,2,12,381,619,0,4,5,0.833333,0.138889,0.027778,0,0,0,0,0.785124,0.198347,0.012397,0,0.004132,0,0,26789,175,310,130
"8,61",39,107430,9,1,1030,2,11,164,433,0,4,6,0.894444,0.1,0.005556,0,0,0,0,0.841897,0.126482,0.019763,0.011858,0,0,0,27277,179,299,119
"8,62",39,107352,9,1,1044,2,13,529,556,0,4,5,0.822222,0.061111,0.116667,0,0,0,0,0.79476,0.179039,0.026201,0,0,0,0,24287,159,264,103
"8,63",39,107275,9,1,1043,2,16,551,673,0,4,8,0.732143,0.178571,0.089286,0,0,0,0,0.80402,0.150754,0.035176,0.01005,0,0,0,23086,153,261,103
"8,64",35,107109,8,1,1032,2,9,57,85,0,4,4,0.98895,0.01105,0,0,0,0,0,0.833333,0.155303,0.011364,0,0,0,0,27659,181,280,100
"8,65",40,106935,8,1,1040,2,10,70,232,0,4,5,0.961111,0.038889,0,0,0,0,0,0.755319,0.230496,0.014184,0,0,0,0,27495,180,305,125
"8,66",45,106615,7,1,1039,2,11,365,515,0,4,7,0.816667,0.15,0.033333,0,0,0,0,0.776824,0.184549,0.034335,0.004292,0,0,0,26566,174,333,153
"8,67",40,106335,7,1,1037,2,12,546,691,0,4,8,0.756757,0.156757,0.086486,0,0,0,0,0.794643,0.160714,0.044643,0,0,0,0,25912,169,291,119
"8,68",42,106029,7,1,1029,2,14,346,500,0,4,8,0.8,0.183333,0.016667,0,0,0,0,0.772532,0.201717,0.025751,0,0,0,0,27079,177,314,134
"8,69",0,106029,0,0,973,4,99999,99999,99999,99999,99999,99999,0,0,0,0,0,0,0,0,0,0,0,0,0,0,0,0,0,0
"8,70",0,106029,0,0,974,4,99999,99999,99999,99999,99999,99999,0,0,0,0,0,0,0,0,0,0,0,0,0,0,0,0,0,0
"8,71",0,106029,0,0,972,4,99999,99999,99999,99999,99999,99999,0,0,0,0,0,0,0,0,0,0,0,0,0,0,0,0,0,0
"8,72",0,106029,0,0,977,4,99999,99999,99999,99999,99999,99999,0,0,0,0,0,0,0,0,0,0,0,0,0,0,0,0,0,0
"8,73",0,106029,0,0,979,4,99999,99999,99999,99999,99999,99999,0,0,0,0,0,0,0,0,0,0,0,0,0,0,0,0,0,0
"8,74",0,106029,0,0,976,4,99999,99999,99999,99999,99999,99999,0,0,0,0,0,0,0,0,0,0,0,0,0,0,0,0,0,0
"9,1",0,0,0,0,977,4,99999,99999,99999,99999,99999,99999,0,0,0,0,0,0,0,0,0,0,0,0,0,0,0,0,0,0
"9,2",0,0,0,0,975,4,99999,99999,99999,99999,99999,99999,0,0,0,0,0,0,0,0,0,0,0,0,0,0,0,0,0,0
"9,3",0,0,0,0,974,4,99999,99999,99999,99999,99999,99999,0,0,0,0,0,0,0,0,0,0,0,0,0,0,0,0,0,0
"9,4",0,0,0,0,970,4,99999,99999,99999,99999,99999,99999,0,0,0,0,0,0,0,0,0,0,0,0,0,0,0,0,0,0
"9,5",0,0,0,0,963,4,99999,99999,99999,99999,99999,99999,0,0,0,0,0,0,0,0,0,0,0,0,0,0,0,0,0,0
"9,6",0,0,0,0,962,4,99999,99999,99999,99999,99999,99999,0,0,0,0,0,0,0,0,0,0,0,0,0,0,0,0,0,0
"9,7",0,0,0,0,975,4,99999,99999,99999,99999,99999,99999,0,0,0,0,0,0,0,0,0,0,0,0,0,0,0,0,0,0
"9,8",0,0,0,0,970,4,99999,99999,99999,99999,99999,99999,0,0,0,0,0,0,0,0,0,0,0,0,0,0,0,0,0,0
"9,9",0,0,0,0,971,4,99999,99999,99999,99999,99999,99999,0,0,0,0,0,0,0,0,0,0,0,0,0,0,0,0,0,0
"9,10",0,0,0,0,972,4,99999,99999,99999,99999,99999,99999,0,0,0,0,0,0,0,0,0,0,0,0,0,0,0,0,0,0
"9,11",0,0,0,0,968,4,99999,99999,99999,99999,99999,99999,0,0,0,0,0,0,0,0,0,0,0,0,0,0,0,0,0,0
"9,12",40,73125,7,1,1034,2,8,182,281,0,4,5,0.905556,0.094444,0,0,0,0,0,0.8,0.184314,0.015686,0,0,0,0,27495,180,303,123
"9,13",35,73125,7,1,1028,2,6,53,113,0,4,5,0.977778,0.022222,0,0,0,0,0,0.830116,0.15444,0.015444,0,0,0,0,27495,180,278,98
"9,14",40,73125,7,1,1030,2,9,135,197,0,4,6,0.916667,0.083333,0,0,0,0,0,0.80303,0.162879,0.030303,0.003788,0,0,0,27495,180,305,125
"9,15",37,76765,8,1,1032,2,7,101,201,0,4,8,0.944444,0.055556,0,0,0,0,0,0.816733,0.151394,0.031873,0,0,0,0,27495,180,288,108
"9,16",45,79151,8,1,1039,2,12,173,297,0,4,6,0.876344,0.123656,0,0,0,0,0,0.762452,0.187739,0.042146,0.007663,0,0,0,28421,186,337,153
"9,17",40,82168,9,1,1038,2,11,501,692,0,4,6,0.811111,0.127778,0.061111,0,0,0,0,0.744589,0.21645,0.038961,0,0,0,0,25715,169,299,122
"9,18",43,84331,9,1,1030,2,15,527,540,0,4,5,0.781421,0.120219,0.098361,0,0,0,0,0.787879,0.194805,0.012987,0.004329,0,0,0,25376,165,295,128
"9,19",46,86114,9,1,1033,2,11,501,530,0,4,5,0.883333,0.061111,0.055556,0,0,0,0,0.793893,0.183206,0.022901,0,0,0,0,26045,170,335,155
"9,20",41,87378,9,1,1025,2,8,111,242,0,4,5,0.939227,0.060773,0,0,0,0,0,0.838235,0.139706,0.022059,0,0,0,0,27561,181,311,130
"9,21",40,88371,9,1,1035,2,9,76,150,0,4,5,0.961111,0.038889,0,0,0,0,0,0.797048,0.180812,0.01845,0.00369,0,0,0,27495,180,305,125
"9,22",42,89217,9,1,1036,2,10,258,411,0,4,8,0.851648,0.148352,0,0,0,0,0,0.754098,0.204918,0.032787,0.008197,0,0,0,27777,182,315,135
"9,23",37,89860,9,1,1034,2,10,488,572,0,4,5,0.838889,0.111111,0.05,0,0,0,0,0.845815,0.123348,0.030837,0,0,0,0,26161,171,283,107
"9,24",40,90440,9,1,1038,2,10,241,503,0,4,5,0.888889,0.094444,0.016667,0,0,0,0,0.82,0.156,0.024,0,0,0,0,27014,177,305,125
"9,25",46,90973,9,1,1033,2,14,504,603,0,4,4,0.755556,0.183333,0.061111,0,0,0,0,0.816514,0.174312,0.009174,0,0,0,0,25946,169,329,154
"9,26",40,92183,10,1,1032,2,10,389,543,0,4,5,0.85,0.127778,0.022222,0,0,0,0,0.824268,0.154812,0.020921,0,0,0,0,26986,176,303,123
"9,27",47,93398,10,1,1030,2,11,157,408,0,4,5,0.910526,0.084211,0.005263,0,0,0,0,0.791367,0.190647,0.017986,0,0,0,0,28886,189,340,160
"9,28",36,94904,11,1,1036,2,14,451,528,0,4,6,0.805556,0.155556,0.038889,0,0,0,0,0.75,0.223684,0.026316,0,0,0,0,26339,173,276,101
"9,29",38,96332,11,1,1048,2,11,127,328,0,5,8,0.938889,0.061111,0,0,0,0,0,0.778656,0.162055,0.051383,0.007905,0,0,0,27495,180,293,113
"9,30",40,97743,11,1,1044,2,12,228,474,0,4,6,0.888889,0.1,0.011111,0,0,0,0,0.769841,0.18254,0.043651,0.003968,0,0,0,27196,178,301,121
"9,31",41,98919,11,1,1040,2,15,404,532,0,5,8,0.807292,0.15625,0.03125,0.005208,0,0,0,0.76378,0.181102,0.043307,0.011811,0,0,0,28272,185,321,134
"9,32",37,99943,11,1,1033,2,9,150,301,0,4,6,0.916667,0.083333,0,0,0,0,0,0.808943,0.162602,0.02439,0.004065,0,0,0,27495,180,288,108
"9,33",45,100978,11,1,1034,2,12,458,715,0,4,8,0.872222,0.077778,0.05,0,0,0,0,0.789272,0.172414,0.034483,0.003831,0,0,0,26065,171,321,145
"9,34",39,101856,11,1,1040,2,9,110,191,0,4,6,0.944444,0.055556,0,0,0,0,0,0.795367,0.177606,0.027027,0,0,0,0,27495,180,296,116
"9,35",39,102660,11,1,1029,2,10,413,537,0,4,6,0.833333,0.122222,0.044444,0,0,0,0,0.805785,0.165289,0.028926,0,0,0,0,26251,172,287,113
"9,36",43,103472,11,1,1028,2,8,240,382,0,4,8,0.861111,0.138889,0,0,0,0,0,0.807531,0.150628,0.033473,0.008368,0,0,0,27495,180,318,138
"9,37",41,104146,11,1,1037,2,9,501,532,0,4,5,0.889503,0.055249,0.055249,0,0,0,0,0.836066,0.151639,0.012295,0,0,0,0,25974,171,294,121
"9,38",37,104778,11,1,1033,2,7,85,137,0,4,4,0.966667,0.033333,0,0,0,0,0,0.839695,0.152672,0.007634,0,0,0,0,27495,180,289,109
"9,39",47,105439,11,1,1039,2,14,205,381,0,4,5,0.883333,0.116667,0,0,0,0,0,0.742754,0.228261,0.021739,0.007246,0,0,0,27495,180,340,160
"9,40",46,106055,11,1,1033,2,13,325,531,0,4,5,0.846154,0.131868,0.021978,0,0,0,0,0.799228,0.185328,0.015444,0,0,0,0,27090,178,334,156
"9,41",38,106570,11,1,1030,2,7,61,115,0,4,5,0.983333,0.016667,0,0,0,0,0,0.833948,0.147601,0.01476,0.00369,0,0,0,27495,180,294,114
"9,42",39,107051,11,1,1045,2,12,193,283,0,4,8,0.870968,0.129032,0,0,0,0,0,0.780591,0.194093,0.025316,0,0,0,0,28421,186,305,121
"9,43",47,107556,11,1,1027,2,12,369,512,0,4,5,0.838889,0.133333,0.027778,0,0,0,0,0.823077,0.157692,0.019231,0,0,0,0,26607,175,341,162
"9,44",39,107975,11,1,1042,2,9,86,166,0,4,8,0.961111,0.038889,0,0,0,0,0,0.789474,0.161654,0.045113,0.003759,0,0,0,27495,180,297,117
"9,45",44,108391,11,1,1038,2,11,376,528,0,4,8,0.861111,0.105556,0.033333,0,0,0,0,0.760956,0.215139,0.01992,0.003984,0,0,0,26620,174,317,141
"9,46",41,108777,11,1,1037,2,11,153,357,0,4,6,0.905556,0.094444,0,0,0,0,0,0.772201,0.19305,0.030888,0.003861,0,0,0,27495,180,309,129
"9,47",39,109131,11,1,1043,2,11,341,495,0,4,6,0.877778,0.111111,0.011111,0,0,0,0,0.784232,0.195021,0.020747,0,0,0,0,27170,178,297,117
"9,48",48,109484,11,1,1031,2,21,538,653,0,4,7,0.690608,0.138122,0.171271,0,0,0,0,0.805825,0.150485,0.043689,0,0,0,0,22896,150,315,154
"9,49",40,109806,11,1,1037,2,8,120,206,0,4,6,0.922222,0.077778,0,0,0,0,0,0.819231,0.134615,0.038462,0.007692,0,0,0,27495,180,302,122
"9,50",38,110102,11,1,1038,2,10,327,543,0,4,5,0.883333,0.088889,0.027778,0,0,0,0,0.814961,0.153543,0.027559,0.003937,0,0,0,26655,175,294,114
"9,51",39,110389,11,1,1040,2,12,128,176,0,5,6,0.933333,0.066667,0,0,0,0,0,0.77907,0.162791,0.05814,0,0,0,0,27495,180,296,116
"9,52",44,110687,11,1,1036,2,12,441,531,0,4,8,0.866667,0.088889,0.044444,0,0,0,0,0.790123,0.185185,0.016461,0.00823,0,0,0,26330,172,327,147
"9,53",42,110664,10,1,1036,2,15,501,559,0,4,5,0.804233,0.142857,0.047619,0.005291,0,0,0,0.801653,0.177686,0.020661,0,0,0,0,27323,179,312,133
"9,54",45,110640,10,1,1026,2,10,415,564,0,4,5,0.831461,0.129213,0.039326,0,0,0,0,0.788991,0.188073,0.022936,0,0,0,0,26100,171,326,148
"9,55",40,110359,9,1,1041,2,23,537,646,0,4,8,0.666667,0.227778,0.105556,0,0,0,0,0.794444,0.177778,0.016667,0.011111,0,0,0,24561,161,291,119
"9,56",47,110057,9,1,1035,2,21,751,986,0,4,6,0.689119,0.19171,0.098446,0.020725,0,0,0,0.757009,0.200935,0.037383,0.004673,0,0,0,25845,170,345,164
"9,57",43,109781,9,1,1032,2,10,135,267,0,4,5,0.933333,0.066667,0,0,0,0,0,0.812261,0.16092,0.022989,0,0.003831,0,0,27495,180,320,140
"9,58",41,109521,9,1,1030,2,11,384,522,0,4,8,0.828877,0.149733,0.02139,0,0,0,0,0.790795,0.158996,0.041841,0.008368,0,0,0,27951,183,314,131
"9,59",39,109290,9,1,1048,2,14,465,709,0,4,8,0.80663,0.143646,0.044199,0.005525,0,0,0,0.788018,0.170507,0.032258,0.009217,0,0,0,26277,172,284,111
"9,60",43,109033,9,1,1039,2,14,307,503,0,4,8,0.818681,0.164835,0.016484,0,0,0,0,0.760331,0.198347,0.03719,0.004132,0,0,0,27377,179,320,140
"9,61",37,108806,9,1,1040,2,10,222,369,0,4,7,0.894444,0.105556,0,0,0,0,0,0.838174,0.13278,0.029046,0,0,0,0,27495,180,290,110
"9,62",40,108587,9,1,1035,2,10,79,142,0,4,5,0.966667,0.033333,0,0,0,0,0,0.80695,0.166023,0.027027,0,0,0,0,27495,180,304,124
"9,63",42,108373,9,1,1038,2,11,347,578,0,4,4,0.872928,0.104972,0.022099,0,0,0,0,0.802372,0.189723,0.007905,0,0,0,0,26948,177,315,134
"9,64",41,107977,8,1,1033,2,9,136,335,0,4,5,0.927778,0.072222,0,0,0,0,0,0.796296,0.188889,0.014815,0,0,0,0,27495,180,310,130
"9,65",43,107604,8,1,1039,2,14,504,591,0,4,7,0.733333,0.2,0.066667,0,0,0,0,0.811594,0.164251,0.024155,0,0,0,0,25550,168,312,135
"9,66",38,107023,7,1,1039,2,14,483,547,0,4,9,0.805556,0.144444,0.05,0,0,0,0,0.765217,0.208696,0.013043,0.013043,0,0,0,26203,171,284,109
"9,67",43,106400,7,1,1040,2,11,226,370,0,4,7,0.866667,0.133333,0,0,0,0,0,0.766284,0.187739,0.038314,0.007663,0,0,0,27495,180,320,140
"9,68",39,105840,7,1,1040,2,8,70,121,0,4,5,0.977778,0.022222,0,0,0,0,0,0.793358,0.188192,0.01845,0,0,0,0,27495,180,300,120
"9,69",0,105840,0,0,972,4,99999,99999,99999,99999,99999,99999,0,0,0,0,0,0,0,0,0,0,0,0,0,0,0,0,0,0
"9,70",0,105840,0,0,976,4,99999,99999,99999,99999,99999,99999,0,0,0,0,0,0,0,0,0,0,0,0,0,0,0,0,0,0
"9,71",0,105840,0,0,978,4,99999,99999,99999,99999,99999,99999,0,0,0,0,0,0,0,0,0,0,0,0,0,0,0,0,0,0
"9,72",0,105840,0,0,977,4,99999,99999,99999,99999,99999,99999,0,0,0,0,0,0,0,0,0,0,0,0,0,0,0,0,0,0
"9,73",0,105840,0,0,974,4,99999,99999,99999,99999,99999,99999,0,0,0,0,0,0,0,0,0,0,0,0,0,0,0,0,0,0
"9,74",0,105840,0,0,963,4,99999,99999,99999,99999,99999,99999,0,0,0,0,0,0,0,0,0,0,0,0,0,0,0,0,0,0
"10,1",0,105840,0,0,971,4,99999,99999,99999,99999,99999,99999,0,0,0,0,0,0,0,0,0,0,0,0,0,0,0,0,0,0
"10,2",0,105840,0,0,971,4,99999,99999,99999,99999,99999,99999,0,0,0,0,0,0,0,0,0,0,0,0,0,0,0,0,0,0
"10,3",0,105840,0,0,967,4,99999,99999,99999,99999,99999,99999,0,0,0,0,0,0,0,0,0,0,0,0,0,0,0,0,0,0
"10,4",0,105840,0,0,970,4,99999,99999,99999,99999,99999,99999,0,0,0,0,0,0,0,0,0,0,0,0,0,0,0,0,0,0
"10,5",0,105840,0,0,972,4,99999,99999,99999,99999,99999,99999,0,0,0,0,0,0,0,0,0,0,0,0,0,0,0,0,0,0
"10,6",0,105840,0,0,964,4,99999,99999,99999,99999,99999,99999,0,0,0,0,0,0,0,0,0,0,0,0,0,0,0,0,0,0
"10,7",0,105840,0,0,975,4,99999,99999,99999,99999,99999,99999,0,0,0,0,0,0,0,0,0,0,0,0,0,0,0,0,0,0
"10,8",0,105840,0,0,980,4,99999,99999,99999,99999,99999,99999,0,0,0,0,0,0,0,0,0,0,0,0,0,0,0,0,0,0
"10,9",0,105840,0,0,973,4,99999,99999,99999,99999,99999,99999,0,0,0,0,0,0,0,0,0,0,0,0,0,0,0,0,0,0
"10,10",0,105840,0,0,973,4,99999,99999,99999,99999,99999,99999,0,0,0,0,0,0,0,0,0,0,0,0,0,0,0,0,0,0
"10,11",0,105840,0,0,976,4,99999,99999,99999,99999,99999,99999,0,0,0,0,0,0,0,0,0,0,0,0,0,0,0,0,0,0
"10,12",53,105160,7,1,1041,2,17,434,756,0,4,8,0.783333,0.172222,0.044444,0,0,0,0,0.7,0.264,0.032,0.004,0,0,0,26203,172,378,203
"10,13",39,104633,7,1,1045,2,11,128,287,0,4,7,0.911111,0.088889,0,0,0,0,0,0.797665,0.163424,0.035019,0.003891,0,0,0,27495,180,300,120
"10,14",46,104068,7,1,1030,2,10,161,251,0,4,5,0.905556,0.094444,0,0,0,0,0,0.768683,0.199288,0.02847,0.003559,0,0,0,27495,180,334,154
"10,15",35,103823,8,1,1036,2,7,68,127,0,4,6,0.977778,0.022222,0,0,0,0,0,0.794574,0.178295,0.023256,0.003876,0,0,0,27495,180,281,101
"10,16",41,103570,8,1,1030,2,10,186,344,0,4,5,0.888889,0.111111,0,0,0,0,0,0.807087,0.169291,0.023622,0,0,0,0,27495,180,306,126
"10,17",39,103474,9,1,1035,2,9,70,171,0,4,6,0.972222,0.027778,0,0,0,0,0,0.791209,0.179487,0.029304,0,0,0,0,27495,180,300,120
"10,18",40,103384,9,1,1041,2,15,327,481,0,4,8,0.8,0.194444,0.005556,0,0,0,0,0.740741,0.218107,0.041152,0,0,0,0,27333,179,305,125
"10,19",36,103302,9,1,1033,2,8,70,176,0,4,5,0.955556,0.044444,0,0,0,0,0,0.822394,0.158301,0.019305,0,0,0,0,27495,180,284,104
"10,20",46,103207,9,1,1025,2,9,344,503,0,4,6,0.880435,0.103261,0.016304,0,0,0,0,0.80083,0.165975,0.024896,0.008299,0,0,0,27561,181,340,159
"10,21",44,103117,9,1,1035,2,11,143,244,0,4,8,0.911111,0.088889,0,0,0,0,0,0.801471,0.158088,0.036765,0.003676,0,0,0,27495,180,324,144
"10,22",31,103052,9,1,1037,1,15,518,555,0,4,5,0.716667,0.188889,0.094444,0,0,0,0,0.773684,0.184211,0.042105,0,0,0,0,25066,163,243,77
"10,23",45,102966,9,1,1033,2,13,214,371,0,5,7,0.872222,0.127778,0,0,0,0,0,0.755814,0.186047,0.054264,0.003876,0,0,0,27495,180,331,151
"10,24",40,102892,9,1,1028,2,10,508,793,0,4,5,0.855556,0.066667,0.072222,0.005556,0,0,0,0.808943,0.174797,0.01626,0,0,0,0,25505,166,288,118
"10,25",41,102816,9,1,1035,2,15,564,873,0,4,8,0.833333,0.077778,0.077778,0.011111,0,0,0,0.743363,0.212389,0.035398,0.004425,0.004425,0,0,24841,164,301,124
"10,26",41,102915,10,1,1025,2,10,354,536,0,4,5,0.85,0.116667,0.033333,0,0,0,0,0.824786,0.15812,0.017094,0,0,0,0,26525,174,303,127
"10,27",40,103006,10,1,1034,2,10,244,500,0,4,6,0.855556,0.127778,0.016667,0,0,0,0,0.810811,0.162162,0.027027,0,0,0,0,27028,177,305,125
"10,28",45,103279,11,1,1035,2,9,144,258,0,4,6,0.916667,0.083333,0,0,0,0,0,0.796364,0.174545,0.029091,0,0,0,0,27495,180,331,151
"10,29",37,103494,11,1,1031,2,10,501,643,0,4,8,0.813559,0.129944,0.056497,0,0,0,0,0.837963,0.115741,0.041667,0.00463,0,0,0,25078,167,279,106
"10,30",38,103729,11,1,1032,2,10,268,477,0,4,8,0.847368,0.142105,0.010526,0,0,0,0,0.787149,0.176707,0.032129,0.004016,0,0,0,28686,188,308,120
"10,31",41,103965,11,1,1041,2,10,94,185,0,4,7,0.955556,0.044444,0,0,0,0,0,0.7603,0.194757,0.037453,0.007491,0,0,0,27495,180,307,127
"10,32",38,104187,11,1,1038,2,9,73,202,0,4,5,0.961326,0.038674,0,0,0,0,0,0.805344,0.171756,0.019084,0.003817,0,0,0,27659,181,294,114
"10,33",44,104424,11,1,1045,2,14,298,464,0,5,8,0.833333,0.155556,0.011111,0,0,0,0,0.728395,0.205761,0.065844,0,0,0,0,27226,178,322,142
"10,34",43,104642,11,1,1042,2,9,157,282,0,4,5,0.906077,0.093923,0,0,0,0,0,0.818548,0.149194,0.032258,0,0,0,0,27659,181,316,136
"10,35",35,104832,11,1,1042,2,10,504,541,0,4,7,0.856354,0.082873,0.060773,0,0,0,0,0.795652,0.169565,0.030435,0.004348,0,0,0,26101,170,266,95
"10,36",49,105064,11,1,1038,2,14,392,591,0,4,5,0.811111,0.161111,0.027778,0,0,0,0,0.772727,0.200758,0.018939,0.007576,0,0,0,26717,175,353,176
"10,37",43,105276,11,1,1033,2,9,150,500,0,4,6,0.922652,0.060773,0.016575,0,0,0,0,0.824176,0.142857,0.029304,0.003663,0,0,0,26963,178,320,139
"10,38",40,105485,11,1,1033,2,12,537,837,0,4,7,0.795812,0.120419,0.078534,0.005236,0,0,0,0.840517,0.133621,0.025862,0,0,0,0,26664,175,295,120
"10,39",33,105659,11,1,1047,2,9,152,262,0,4,6,0.916667,0.083333,0,0,0,0,0,0.836134,0.138655,0.02521,0,0,0,0,27495,180,271,91
"10,40",41,105848,11,1,1034,2,10,87,164,0,4,6,0.961111,0.038889,0,0,0,0,0,0.838129,0.143885,0.017986,0,0,0,0,27495,180,306,126
"10,41",45,106028,11,1,1029,2,11,512,813,0,4,6,0.744444,0.127778,0.127778,0,0,0,0,0.8,0.160976,0.039024,0,0,0,0,23895,157,305,139
"10,42",41,106209,11,1,1033,2,10,142,434,0,4,5,0.916667,0.077778,0.005556,0,0,0,0,0.782772,0.194757,0.018727,0.003745,0,0,0,27354,179,310,130
"10,43",35,106369,11,1,1036,2,10,120,257,0,4,7,0.938889,0.061111,0,0,0,0,0,0.772549,0.207843,0.015686,0.003922,0,0,0,27495,180,279,99
"10,44",45,106551,11,1,1026,2,10,270,582,0,4,4,0.905556,0.066667,0.027778,0,0,0,0,0.817844,0.171004,0.011152,0,0,0,0,26809,175,326,147
"10,45",44,106724,11,1,1042,2,10,146,213,0,4,6,0.916667,0.083333,0,0,0,0,0,0.809339,0.163424,0.027237,0,0,0,0,27495,180,322,142
"10,46",42,106893,11,1,1035,2,12,415,516,0,4,7,0.861878,0.110497,0.027624,0,0,0,0,0.792157,0.168627,0.031373,0.007843,0,0,0,26644,176,313,133
"10,47",45,107063,11,1,1033,2,11,295,506,0,4,6,0.866667,0.116667,0.016667,0,0,0,0,0.796154,0.169231,0.034615,0,0,0,0,26943,177,329,150
"10,48",43,107225,11,1,1036,2,10,232,364,0,4,8,0.888889,0.111111,0,0,0,0,0,0.776,0.188,0.028,0.008,0,0,0,27495,180,319,139
"10,49",43,107384,11,1,1040,2,15,160,304,0,4,7,0.888889,0.111111,0,0,0,0,0,0.753846,0.207692,0.034615,0.003846,0,0,0,27495,180,318,138
"10,50",36,107526,11,1,1039,2,9,283,537,0,4,5,0.905556,0.066667,0.027778,0,0,0,0,0.817073,0.166667,0.01626,0,0,0,0,26755,175,277,100
"10,51",35,107659,11,1,1040,2,9,80,169,0,4,8,0.966667,0.033333,0,0,0,0,0,0.799213,0.153543,0.03937,0.003937,0.003937,0,0,27495,180,281,101
"10,52",37,107796,11,1,1038,2,10,178,418,0,4,6,0.927778,0.066667,0.005556,0,0,0,0,0.821429,0.150794,0.02381,0.003968,0,0,0,27344,179,287,107
"10,53",45,107817,10,1,1036,2,11,268,386,0,4,5,0.833333,0.166667,0,0,0,0,0,0.775862,0.198276,0.025862,0,0,0,0,27495,180,330,150
"10,54",45,107837,10,1,1029,2,16,460,721,0,4,6,0.762431,0.19337,0.044199,0,0,0,0,0.758772,0.214912,0.026316,0,0,0,0,26325,173,331,150
"10,55",47,107724,9,1,1039,2,22,387,502,0,4,6,0.717391,0.266304,0.016304,0,0,0,0,0.771845,0.199029,0.019417,0.009709,0,0,0,27680,181,346,164
"10,56",35,107640,9,1,1036,2,14,512,805,0,4,7,0.711111,0.183333,0.094444,0.011111,0,0,0,0.758974,0.2,0.041026,0,0,0,0,24308,161,254,89
"10,57",41,107539,9,1,1023,2,8,91,356,0,4,6,0.955556,0.044444,0,0,0,0,0,0.801471,0.165441,0.029412,0.003676,0,0,0,27495,180,310,130
"10,58",38,107454,9,1,1038,2,20,538,588,0,4,5,0.688889,0.194444,0.116667,0,0,0,0,0.795,0.185,0.015,0.005,0,0,0,24425,159,267,104
"10,59",44,107355,9,1,1021,2,10,95,175,0,4,5,0.95,0.05,0,0,0,0,0,0.802158,0.179856,0.010791,0.007194,0,0,0,27495,180,322,142
"10,60",43,107253,9,1,1035,2,9,124,252,0,4,7,0.923497,0.076503,0,0,0,0,0,0.82197,0.140152,0.037879,0,0,0,0,27951,183,318,137
"10,61",38,107165,9,1,1024,2,7,217,427,0,4,5,0.918033,0.076503,0.005464,0,0,0,0,0.814229,0.16996,0.01581,0,0,0,0,27759,182,291,111
"10,62",44,107072,9,1,1036,2,12,89,149,0,4,6,0.961111,0.038889,0,0,0,0,0,0.768166,0.197232,0.034602,0,0,0,0,27495,180,322,142
"10,63",41,106982,9,1,1041,2,10,111,268,0,4,8,0.928177,0.071823,0,0,0,0,0,0.774809,0.183206,0.034351,0.007634,0,0,0,27561,181,310,129
"10,64",42,106809,8,1,1026,2,11,409,546,0,4,4,0.833333,0.138889,0.027778,0,0,0,0,0.806324,0.185771,0.007905,0,0,0,0,26691,175,307,129
"10,65",34,106659,8,1,1029,2,8,513,558,0,4,6,0.856354,0.082873,0.060773,0,0,0,0,0.838428,0.139738,0.021834,0,0,0,0,25923,170,269,94
"10,66",44,106346,7,1,1036,2,12,214,316,0,4,6,0.872222,0.127778,0,0,0,0,0,0.773077,0.192308,0.034615,0,0,0,0,27495,180,323,143
"10,67",45,106035,7,1,1034,2,10,224,429,0,4,5,0.877778,0.116667,0.005556,0,0,0,0,0.804878,0.182927,0.00813,0.004065,0,0,0,27364,179,330,150
"10,68",40,105756,7,1,1037,2,13,424,533,0,4,7,0.833333,0.127778,0.038889,0,0,0,0,0.774336,0.207965,0.013274,0.004425,0,0,0,26487,173,297,121
"10,69",0,105756,0,0,979,4,99999,99999,99999,99999,99999,99999,0,0,0,0,0,0,0,0,0,0,0,0,0,0,0,0,0,0
"10,70",0,105756,0,0,966,4,99999,99999,99999,99999,99999,99999,0,0,0,0,0,0,0,0,0,0,0,0,0,0,0,0,0,0
"10,71",0,105756,0,0,970,4,99999,99999,99999,99999,99999,99999,0,0,0,0,0,0,0,0,0,0,0,0,0,0,0,0,0,0
"10,72",0,105756,0,0,967,4,99999,99999,99999,99999,99999,99999,0,0,0,0,0,0,0,0,0,0,0,0,0,0,0,0,0,0
"10,73",0,105756,0,0,976,4,99999,99999,99999,99999,99999,99999,0,0,0,0,0,0,0,0,0,0,0,0,0,0,0,0,0,0
"10,74",0,105756,0,0,980,4,99999,99999,99999,99999,99999,99999,0,0,0,0,0,0,0,0,0,0,0,0,0,0,0,0,0,0
"11,1",0,0,0,0,977,4,99999,99999,99999,99999,99999,99999,0,0,0,0,0,0,0,0,0,0,0,0,0,0,0,0,0,0
"11,2",0,0,0,0,975,4,99999,99999,99999,99999,99999,99999,0,0,0,0,0,0,0,0,0,0,0,0,0,0,0,0,0,0
"11,3",0,0,0,0,974,4,99999,99999,99999,99999,99999,99999,0,0,0,0,0,0,0,0,0,0,0,0,0,0,0,0,0,0
"11,4",0,0,0,0,970,4,99999,99999,99999,99999,99999,99999,0,0,0,0,0,0,0,0,0,0,0,0,0,0,0,0,0,0
"11,5",0,0,0,0,963,4,99999,99999,99999,99999,99999,99999,0,0,0,0,0,0,0,0,0,0,0,0,0,0,0,0,0,0
"11,6",0,0,0,0,962,4,99999,99999,99999,99999,99999,99999,0,0,0,0,0,0,0,0,0,0,0,0,0,0,0,0,0,0
"11,7",0,0,0,0,975,4,99999,99999,99999,99999,99999,99999,0,0,0,0,0,0,0,0,0,0,0,0,0,0,0,0,0,0
"11,8",0,0,0,0,970,4,99999,99999,99999,99999,99999,99999,0,0,0,0,0,0,0,0,0,0,0,0,0,0,0,0,0,0
"11,9",0,0,0,0,971,4,99999,99999,99999,99999,99999,99999,0,0,0,0,0,0,0,0,0,0,0,0,0,0,0,0,0,0
"11,10",0,0,0,0,975,4,99999,99999,99999,99999,99999,99999,0,0,0,0,0,0,0,0,0,0,0,0,0,0,0,0,0,0
"11,11",0,0,0,0,978,4,99999,99999,99999,99999,99999,99999,0,0,0,0,0,0,0,0,0,0,0,0,0,0,0,0,0,0
"11,12",0,0,0,0,968,4,99999,99999,99999,99999,99999,99999,0,0,0,0,0,0,0,0,0,0,0,0,0,0,0,0,0,0
"11,13",41,73125,7,1,1029,2,10,199,508,0,4,8,0.916667,0.066667,0.016667,0,0,0,0,0.804511,0.157895,0.033835,0.003759,0,0,0,26875,177,305,126
"11,14",43,73125,7,1,1032,2,12,223,478,0,4,4,0.888889,0.1,0.011111,0,0,0,0,0.817121,0.175097,0.007782,0,0,0,0,27177,178,318,138
"11,15",41,77842,8,1,1029,2,10,197,349,0,4,7,0.905556,0.094444,0,0,0,0,0,0.82,0.144,0.036,0,0,0,0,27495,180,306,126
"11,16",40,80286,8,1,1035,2,10,71,199,0,5,7,0.95,0.05,0,0,0,0,0,0.757463,0.186567,0.052239,0.003731,0,0,0,27495,180,301,121
"11,17",37,81724,8,1,1032,2,10,187,332,0,4,6,0.916667,0.083333,0,0,0,0,0,0.790323,0.185484,0.024194,0,0,0,0,27495,180,289,109
"11,18",41,84315,9,1,1033,2,11,254,399,0,4,8,0.838889,0.161111,0,0,0,0,0,0.79918,0.180328,0.016393,0.004098,0,0,0,27495,180,307,127
"11,19",39,86181,9,1,1037,2,10,152,342,0,4,7,0.916667,0.083333,0,0,0,0,0,0.785441,0.195402,0.015326,0.003831,0,0,0,27495,180,299,119
"11,20",42,87647,9,1,1034,2,9,96,253,0,4,7,0.95,0.05,0,0,0,0,0,0.8125,0.161765,0.018382,0.007353,0,0,0,27495,180,313,133
"11,21",34,88675,9,1,1035,2,7,94,196,0,4,8,0.955801,0.044199,0,0,0,0,0,0.792683,0.166667,0.036585,0.004065,0,0,0,27561,181,275,94
"11,22",45,89627,9,1,1027,2,10,116,174,0,4,4,0.927778,0.072222,0,0,0,0,0,0.822878,0.166052,0.01107,0,0,0,0,27495,180,328,148
"11,23",38,90240,9,1,1041,1,25,533,848,0,4,8,0.622222,0.2,0.172222,0.005556,0,0,0,0.771429,0.182857,0.04,0.005714,0,0,0,22552,148,253,98
"11,24",46,90907,9,1,1039,2,12,434,559,0,4,7,0.827778,0.133333,0.038889,0,0,0,0,0.750988,0.201581,0.039526,0.007905,0,0,0,26371,173,337,157
"11,25",43,91441,9,1,1033,2,12,107,149,0,4,7,0.938889,0.061111,0,0,0,0,0,0.759259,0.203704,0.033333,0.003704,0,0,0,27495,180,320,140
"11,26",49,91934,9,1,1030,2,11,213,327,0,5,7,0.872928,0.127072,0,0,0,0,0,0.757692,0.180769,0.057692,0.003846,0,0,0,27659,181,353,173
"11,27",43,93143,10,1,1044,2,15,345,507,0,4,6,0.833333,0.15,0.016667,0,0,0,0,0.784861,0.179283,0.031873,0.003984,0,0,0,26914,177,316,136
"11,28",40,94190,10,1,1032,2,10,323,424,0,4,4,0.872222,0.122222,0.005556,0,0,0,0,0.807377,0.184426,0.008197,0,0,0,0,27368,179,305,125
"11,29",46,95872,11,1,1044,2,24,519,540,0,4,6,0.65,0.261111,0.077778,0.011111,0,0,0,0.781609,0.172414,0.045977,0,0,0,0,24989,164,319,148
"11,30",40,97275,11,1,1033,2,10,176,326,0,4,7,0.894444,0.105556,0,0,0,0,0,0.825581,0.135659,0.031008,0.007752,0,0,0,27495,180,301,121
"11,31",41,98566,11,1,1031,2,7,80,231,0,4,8,0.95,0.05,0,0,0,0,0,0.790262,0.161049,0.041199,0.007491,0,0,0,27495,180,308,128
"11,32",37,99667,11,1,1041,2,9,239,517,0,4,8,0.883333,0.1,0.016667,0,0,0,0,0.819742,0.141631,0.034335,0.004292,0,0,0,26960,177,286,107
"11,33",46,100799,11,1,1030,2,13,375,521,0,5,8,0.816667,0.161111,0.022222,0,0,0,0,0.766798,0.177866,0.051383,0,0.003953,0,0,26894,176,337,158
"11,34",34,101590,11,1,1045,1,27,535,555,0,4,7,0.650538,0.182796,0.166667,0,0,0,0,0.796703,0.175824,0.027473,0,0,0,0,23863,155,240,82
"11,35",35,102439,11,1,1030,2,8,105,215,0,4,7,0.944444,0.055556,0,0,0,0,0,0.818548,0.157258,0.020161,0.004032,0,0,0,27495,180,280,100
"11,36",37,103196,11,1,1041,2,11,367,533,0,4,6,0.855556,0.111111,0.033333,0,0,0,0,0.836134,0.12605,0.029412,0.004202,0.004202,0,0,26570,174,283,107
"11,37",43,103978,11,1,1032,2,13,528,673,0,4,7,0.777778,0.137566,0.084656,0,0,0,0,0.762295,0.209016,0.028689,0,0,0,0,26454,173,326,141
"11,38",40,104652,11,1,1032,2,8,104,194,0,4,4,0.944751,0.055249,0,0,0,0,0,0.822878,0.169742,0.00369,0.00369,0,0,0,27561,181,304,123
"11,39",38,105283,11,1,1035,2,12,271,531,0,4,8,0.866667,0.105556,0.027778,0,0,0,0,0.840816,0.138776,0.020408,0,0,0,0,26789,175,289,112
"11,40",48,105940,11,1,1034,2,9,179,318,0,4,5,0.922222,0.077778,0,0,0,0,0,0.8,0.170909,0.029091,0,0,0,0,27495,180,351,171
"11,41",40,106501,11,1,1040,2,10,194,502,0,4,5,0.911111,0.072222,0.016667,0,0,0,0,0.810811,0.158301,0.030888,0,0,0,0,27059,177,302,123
"11,42",39,106994,11,1,1028,2,9,234,424,0,4,5,0.877778,0.116667,0.005556,0,0,0,0,0.796813,0.191235,0.011952,0,0,0,0,27329,179,299,119
"11,43",39,107470,11,1,1031,2,8,88,196,0,4,7,0.966667,0.033333,0,0,0,0,0,0.807407,0.166667,0.025926,0,0,0,0,27495,180,300,120
"11,44",44,107925,11,1,1043,2,13,527,1100,0,4,7,0.785714,0.104396,0.093407,0.016484,0,0,0,0.827434,0.146018,0.022124,0.004425,0,0,0,24704,162,303,134
"11,45",50,108390,11,1,1037,2,12,519,538,0,4,5,0.788889,0.138889,0.072222,0,0,0,0,0.789238,0.174888,0.03139,0.004484,0,0,0,25537,167,351,177
"11,46",40,108779,11,1,1029,2,8,78,137,0,4,5,0.972222,0.027778,0,0,0,0,0,0.789668,0.180812,0.02952,0,0,0,0,27495,180,305,125
"11,47",43,109161,11,1,1039,2,11,376,553,0,4,8,0.866667,0.1,0.033333,0,0,0,0,0.778243,0.188285,0.033473,0,0,0,0,26551,174,311,134
"11,48",48,109561,11,1,1036,2,13,204,395,0,4,7,0.905556,0.094444,0,0,0,0,0,0.727599,0.236559,0.035842,0,0,0,0,27495,180,348,168
"11,49",35,109854,11,1,1039,2,10,452,550,0,5,8,0.872222,0.077778,0.044444,0.005556,0,0,0,0.778723,0.165957,0.046809,0.008511,0,0,0,26009,171,269,96
"11,50",43,110186,11,1,1041,2,11,107,174,0,4,6,0.938889,0.061111,0,0,0,0,0,0.756184,0.19788,0.042403,0.003534,0,0,0,27495,180,318,138
"11,51",41,110495,11,1,1037,2,10,176,343,0,4,7,0.905556,0.094444,0,0,0,0,0,0.77907,0.186047,0.027132,0.007752,0,0,0,27495,180,310,130
"11,52",43,110479,10,1,1033,2,14,589,724,0,4,4,0.672222,0.2,0.127778,0,0,0,0,0.807487,0.187166,0.005348,0,0,0,0,24186,157,303,132
"11,53",43,110460,10,1,1037,2,22,527,580,0,4,8,0.711111,0.227778,0.061111,0,0,0,0,0.788177,0.182266,0.024631,0.004926,0,0,0,25926,169,305,132
"11,54",43,110127,9,1,1029,2,12,506,634,0,4,6,0.798942,0.142857,0.058201,0,0,0,0,0.826087,0.143478,0.026087,0.004348,0,0,0,27173,178,313,136
"11,55",36,109861,9,1,1032,2,9,551,772,0,4,5,0.850829,0.055249,0.093923,0,0,0,0,0.819328,0.163866,0.016807,0,0,0,0,24986,164,279,103
"11,56",42,109604,9,1,1037,2,16,537,786,0,5,10,0.744444,0.116667,0.133333,0.005556,0,0,0,0.78733,0.158371,0.040724,0.00905,0.004525,0,0,23593,155,276,117
"11,57",40,109342,9,1,1037,2,12,357,650,0,4,7,0.872928,0.093923,0.033149,0,0,0,0,0.773279,0.190283,0.036437,0,0,0,0,26763,175,299,120
"11,58",41,109083,9,1,1039,2,12,203,333,0,4,5,0.877778,0.122222,0,0,0,0,0,0.782946,0.182171,0.034884,0,0,0,0,27495,180,309,129
"11,59",40,108837,9,1,1039,2,19,523,682,0,4,5,0.762431,0.165746,0.071823,0,0,0,0,0.764444,0.213333,0.022222,0,0,0,0,25726,168,293,120
"11,60",44,108587,9,1,1032,2,15,380,512,0,4,6,0.783333,0.194444,0.022222,0,0,0,0,0.791855,0.176471,0.031674,0,0,0,0,26943,176,327,147
"11,61",41,108361,9,1,1031,2,9,153,297,0,4,5,0.916667,0.083333,0,0,0,0,0,0.758621,0.206897,0.034483,0,0,0,0,27495,180,309,129
"11,62",39,108151,9,1,1041,2,11,281,436,0,4,5,0.877778,0.122222,0,0,0,0,0,0.811715,0.175732,0.012552,0,0,0,0,27495,180,299,119
"11,63",46,107713,8,1,1038,2,12,165,289,0,4,6,0.889503,0.110497,0,0,0,0,0,0.731343,0.238806,0.029851,0,0,0,0,27659,181,336,156
"11,64",34,107388,8,1,1037,2,9,509,542,0,4,4,0.845304,0.077348,0.077348,0,0,0,0,0.825893,0.165179,0.008929,0,0,0,0,25219,167,258,89
"11,65",43,107002,8,1,1032,2,12,506,550,0,4,5,0.865591,0.080645,0.053763,0,0,0,0,0.754864,0.229572,0.011673,0.003891,0,0,0,26872,176,321,140
"11,66",48,106307,7,1,1038,2,10,179,373,0,4,6,0.905556,0.094444,0,0,0,0,0,0.765152,0.19697,0.037879,0,0,0,0,27495,180,347,167
"11,67",42,105681,7,1,1032,2,9,185,376,0,4,6,0.883333,0.116667,0,0,0,0,0,0.831325,0.148594,0.012048,0.008032,0,0,0,27495,180,311,131
"11,68",0,105681,0,0,966,4,99999,99999,99999,99999,99999,99999,0,0,0,0,0,0,0,0,0,0,0,0,0,0,0,0,0,0
"11,69",0,105681,0,0,974,4,99999,99999,99999,99999,99999,99999,0,0,0,0,0,0,0,0,0,0,0,0,0,0,0,0,0,0
"11,70",0,105681,0,0,970,4,99999,99999,99999,99999,99999,99999,0,0,0,0,0,0,0,0,0,0,0,0,0,0,0,0,0,0
"11,71",0,105681,0,0,974,4,99999,99999,99999,99999,99999,99999,0,0,0,0,0,0,0,0,0,0,0,0,0,0,0,0,0,0
"11,72",0,105681,0,0,964,4,99999,99999,99999,99999,99999,99999,0,0,0,0,0,0,0,0,0,0,0,0,0,0,0,0,0,0
"11,73",0,105681,0,0,969,4,99999,99999,99999,99999,99999,99999,0,0,0,0,0,0,0,0,0,0,0,0,0,0,0,0,0,0
"11,74",0,105681,0,0,969,4,99999,99999,99999,99999,99999,99999,0,0,0,0,0,0,0,0,0,0,0,0,0,0,0,0,0,0
"12,1",0,105681,0,0,972,4,99999,99999,99999,99999,99999,99999,0,0,0,0,0,0,0,0,0,0,0,0,0,0,0,0,0,0
"12,2",0,105681,0,0,986,4,99999,99999,99999,99999,99999,99999,0,0,0,0,0,0,0,0,0,0,0,0,0,0,0,0,0,0
"12,3",0,105681,0,0,953,4,99999,99999,99999,99999,99999,99999,0,0,0,0,0,0,0,0,0,0,0,0,0,0,0,0,0,0
"12,4",0,105681,0,0,966,4,99999,99999,99999,99999,99999,99999,0,0,0,0,0,0,0,0,0,0,0,0,0,0,0,0,0,0
"12,5",0,105681,0,0,976,4,99999,99999,99999,99999,99999,99999,0,0,0,0,0,0,0,0,0,0,0,0,0,0,0,0,0,0
"12,6",0,105681,0,0,965,4,99999,99999,99999,99999,99999,99999,0,0,0,0,0,0,0,0,0,0,0,0,0,0,0,0,0,0
"12,7",0,105681,0,0,972,4,99999,99999,99999,99999,99999,99999,0,0,0,0,0,0,0,0,0,0,0,0,0,0,0,0,0,0
"12,8",0,105681,0,0,978,4,99999,99999,99999,99999,99999,99999,0,0,0,0,0,0,0,0,0,0,0,0,0,0,0,0,0,0
"12,9",0,105681,0,0,974,4,99999,99999,99999,99999,99999,99999,0,0,0,0,0,0,0,0,0,0,0,0,0,0,0,0,0,0
"12,10",0,105681,0,0,971,4,99999,99999,99999,99999,99999,99999,0,0,0,0,0,0,0,0,0,0,0,0,0,0,0,0,0,0
"12,11",0,105681,0,0,980,4,99999,99999,99999,99999,99999,99999,0,0,0,0,0,0,0,0,0,0,0,0,0,0,0,0,0,0
"12,12",0,105681,0,0,973,4,99999,99999,99999,99999,99999,99999,0,0,0,0,0,0,0,0,0,0,0,0,0,0,0,0,0,0
"12,13",38,105154,7,1,1033,2,18,529,669,0,4,8,0.723757,0.149171,0.127072,0,0,0,0,0.745455,0.218182,0.036364,0,0,0,0,23871,158,268,104
"12,14",42,104579,7,1,1042,2,11,153,216,0,4,7,0.9,0.1,0,0,0,0,0,0.777778,0.191571,0.02682,0,0.003831,0,0,27495,180,314,134
"12,15",47,103966,7,1,1036,2,9,205,314,0,4,7,0.889503,0.110497,0,0,0,0,0,0.790076,0.179389,0.030534,0,0,0,0,27659,181,343,163
"12,16",43,103684,8,1,1034,2,11,76,137,0,4,5,0.961111,0.038889,0,0,0,0,0,0.79021,0.192308,0.017483,0,0,0,0,27495,180,320,140
"12,17",43,103386,8,1,1035,2,13,222,501,0,4,6,0.868132,0.115385,0.016484,0,0,0,0,0.793103,0.16092,0.038314,0.007663,0,0,0,27267,179,319,139
"12,18",36,103294,9,1,1032,2,8,53,114,0,4,5,0.977778,0.022222,0,0,0,0,0,0.821561,0.163569,0.011152,0.003717,0,0,0,27495,180,285,105
"12,19",46,103198,9,1,1038,2,24,524,653,0,4,8,0.651042,0.239583,0.109375,0,0,0,0,0.793269,0.177885,0.019231,0.009615,0,0,0,26172,171,336,155
"12,20",39,103112,9,1,1031,2,10,320,525,0,4,5,0.916667,0.05,0.033333,0,0,0,0,0.817164,0.160448,0.018657,0.003731,0,0,0,26522,174,293,117
"12,21",42,103025,9,1,1039,2,13,419,527,0,4,7,0.790055,0.165746,0.044199,0,0,0,0,0.783019,0.174528,0.042453,0,0,0,0,26267,173,307,130
"12,22",39,102943,9,1,1039,2,10,123,249,0,4,7,0.92973,0.07027,0,0,0,0,0,0.823077,0.142308,0.034615,0,0,0,0,28283,185,304,121
"12,23",52,102849,9,1,1033,2,17,527,550,0,4,8,0.718232,0.20442,0.077348,0,0,0,0,0.75,0.222222,0.027778,0,0,0,0,25543,167,356,186
"12,24",37,102779,9,1,1040,2,14,525,563,0,4,8,0.75,0.15,0.1,0,0,0,0,0.744186,0.209302,0.04186,0,0.004651,0,0,24836,162,267,100
"12,25",35,102714,9,1,1029,2,13,514,745,0,4,6,0.789474,0.131579,0.078947,0,0,0,0,0.8,0.163636,0.031818,0.004545,0,0,0,26701,175,278,99
"12,26",38,102640,9,1,1037,2,10,245,364,0,4,5,0.84153,0.15847,0,0,0,0,0,0.823529,0.162896,0.013575,0,0,0,0,27951,183,294,112
"12,27",44,102738,10,1,1039,2,15,508,555,0,4,5,0.75,0.177778,0.061111,0.011111,0,0,0,0.783019,0.169811,0.04717,0,0,0,0,25530,167,306,137
"12,28",41,102839,10,1,1044,2,15,499,667,0,4,8,0.756906,0.19337,0.049724,0,0,0,0,0.802885,0.153846,0.043269,0,0,0,0,26179,172,310,130
"12,29",47,103112,11,1,1037,2,18,518,529,0,4,5,0.755556,0.172222,0.072222,0,0,0,0,0.73516,0.246575,0.018265,0,0,0,0,25358,167,327,154
"12,30",40,103363,11,1,1039,2,13,493,597,0,4,8,0.850829,0.099448,0.049724,0,0,0,0,0.790123,0.168724,0.041152,0,0,0,0,26237,172,300,122
"12,31",41,103613,11,1,1047,2,11,77,117,0,5,6,0.972222,0.027778,0,0,0,0,0,0.784672,0.160584,0.051095,0.00365,0,0,0,27495,180,308,128
"12,32",43,103855,11,1,1039,2,13,535,642,0,4,8,0.772222,0.133333,0.094444,0,0,0,0,0.753363,0.206278,0.03139,0.008969,0,0,0,25021,163,306,133
"12,33",41,104099,11,1,1034,2,13,144,290,0,4,5,0.911111,0.088889,0,0,0,0,0,0.781955,0.199248,0.018797,0,0,0,0,27495,180,306,126
"12,34",42,104332,11,1,1033,2,13,253,503,0,4,5,0.86413,0.119565,0.016304,0,0,0,0,0.792157,0.192157,0.011765,0,0.003922,0,0,27619,181,316,134
"12,35",39,104549,11,1,1032,2,8,275,436,0,4,5,0.838889,0.155556,0.005556,0,0,0,0,0.84141,0.127753,0.030837,0,0,0,0,27343,179,297,117
"12,36",45,104784,11,1,1039,2,12,224,367,0,4,5,0.866667,0.133333,0,0,0,0,0,0.802372,0.177866,0.01581,0.003953,0,0,0,27495,180,329,149
"12,37",41,105002,11,1,1031,2,9,105,325,0,4,8,0.944444,0.055556,0,0,0,0,0,0.791506,0.177606,0.023166,0.007722,0,0,0,27495,180,306,126
"12,38",39,105204,11,1,1043,2,10,148,241,0,5,8,0.917127,0.082873,0,0,0,0,0,0.76378,0.177165,0.051181,0.007874,0,0,0,27561,181,300,119
"12,39",41,105379,11,1,1039,1,20,527,871,0,4,7,0.655556,0.172222,0.166667,0.005556,0,0,0,0.813472,0.145078,0.036269,0.005181,0,0,0,22564,149,260,107
"12,40",48,105586,11,1,1044,2,21,534,559,0,4,7,0.736842,0.163158,0.1,0,0,0,0,0.787879,0.168831,0.04329,0,0,0,0,25970,171,338,163
"12,41",34,105756,11,1,1043,2,14,536,810,0,4,6,0.756906,0.171271,0.066298,0.005525,0,0,0,0.777778,0.178744,0.038647,0.004831,0,0,0,25738,168,264,91
"12,42",41,105954,11,1,1041,2,11,178,331,0,4,6,0.911111,0.088889,0,0,0,0,0,0.786561,0.16996,0.039526,0.003953,0,0,0,27495,180,310,130
"12,43",39,106126,11,1,1042,2,15,513,542,0,4,5,0.746032,0.174603,0.079365,0,0,0,0,0.825893,0.147321,0.022321,0.004464,0,0,0,26705,174,292,116
"12,44",36,106285,11,1,1047,2,12,508,551,0,4,7,0.838889,0.083333,0.077778,0,0,0,0,0.80543,0.167421,0.027149,0,0,0,0,25202,166,263,95
"12,45",42,106466,11,1,1033,2,11,117,194,0,4,8,0.916667,0.083333,0,0,0,0,0,0.807971,0.15942,0.025362,0.007246,0,0,0,27495,180,315,135
"12,46",42,106637,11,1,1038,2,11,507,561,0,4,5,0.844444,0.066667,0.088889,0,0,0,0,0.820513,0.153846,0.025641,0,0,0,0,25012,164,304,130
"12,47",43,106814,11,1,1037,2,12,247,567,0,4,6,0.855556,0.122222,0.022222,0,0,0,0,0.737452,0.216216,0.042471,0,0.003861,0,0,26836,176,318,138
"12,48",41,106978,11,1,1030,2,8,211,497,0,4,5,0.905556,0.083333,0.011111,0,0,0,0,0.783784,0.189189,0.023166,0.003861,0,0,0,27188,178,306,126
"12,49",48,107158,11,1,1043,2,13,233,329,0,5,6,0.85,0.15,0,0,0,0,0,0.730159,0.202381,0.06746,0,0,0,0,27495,180,348,168
"12,50",44,107321,11,1,1038,2,10,501,688,0,4,5,0.845304,0.099448,0.055249,0,0,0,0,0.803571,0.165179,0.026786,0.004464,0,0,0,25970,171,313,138
"12,51",44,107485,11,1,1039,2,13,215,315,0,4,6,0.85,0.15,0,0,0,0,0,0.783673,0.183673,0.032653,0,0,0,0,27495,180,326,146
"12,52",47,107510,10,1,1036,2,20,511,564,0,4,5,0.701657,0.220994,0.077348,0,0,0,0,0.757426,0.217822,0.024752,0,0,0,0,25558,167,332,157
"12,53",44,107534,10,1,1029,2,12,496,647,0,3,5,0.794444,0.161111,0.044444,0,0,0,0,0.829787,0.153191,0.017021,0,0,0,0,26253,172,317,140
"12,54",46,107424,9,1,1032,2,18,368,517,0,4,6,0.738889,0.238889,0.022222,0,0,0,0,0.77619,0.2,0.02381,0,0,0,0,26850,176,335,155
"12,55",43,107320,9,1,1034,2,13,244,505,0,4,6,0.868132,0.115385,0.016484,0,0,0,0,0.767347,0.191837,0.040816,0,0,0,0,27268,179,320,140
"12,56",42,107221,9,1,1037,2,23,527,598,0,5,7,0.722222,0.166667,0.111111,0,0,0,0,0.729858,0.218009,0.042654,0,0.009479,0,0,24501,160,308,132
"12,57",37,107133,9,1,1040,2,15,513,593,0,4,7,0.772222,0.155556,0.061111,0.011111,0,0,0,0.771845,0.179612,0.048544,0,0,0,0,25395,167,274,103
"12,58",38,107043,9,1,1038,2,11,381,538,0,4,6,0.821622,0.140541,0.037838,0,0,0,0,0.757709,0.202643,0.035242,0.004405,0,0,0,27172,178,291,113
"12,59",40,106951,9,1,1036,2,9,92,183,0,4,5,0.955556,0.044444,0,0,0,0,0,0.743396,0.222642,0.033962,0,0,0,0,27495,180,305,125
"12,60",41,106858,9,1,1038,2,10,201,477,0,4,5,0.888889,0.1,0.011111,0,0,0,0,0.760956,0.219124,0.01992,0,0,0,0,27180,178,306,126
"12,61",44,106763,9,1,1034,2,14,324,440,0,4,5,0.805556,0.194444,0,0,0,0,0,0.773109,0.205882,0.016807,0.004202,0,0,0,27495,180,322,142
"12,62",40,106676,9,1,1032,2,9,249,491,0,4,5,0.872222,0.116667,0.011111,0,0,0,0,0.819328,0.159664,0.021008,0,0,0,0,27049,178,301,121
"12,63",38,106504,8,1,1032,2,8,160,300,0,4,5,0.911111,0.088889,0,0,0,0,0,0.836134,0.151261,0.012605,0,0,0,0,27495,180,293,113
"12,64",36,106350,8,1,1041,2,12,530,859,0,4,5,0.823204,0.088398,0.077348,0.01105,0,0,0,0.804545,0.177273,0.013636,0.004545,0,0,0,25221,165,263,95
"12,65",42,106043,7,1,1038,2,11,216,353,0,4,8,0.861878,0.138122,0,0,0,0,0,0.788618,0.166667,0.04065,0.004065,0,0,0,27659,181,313,133
"12,66",37,105752,7,1,1026,2,8,73,159,0,4,5,0.961111,0.038889,0,0,0,0,0,0.819923,0.157088,0.015326,0.007663,0,0,0,27495,180,289,109
"12,67",38,105464,7,1,1049,2,11,172,293,0,4,8,0.905556,0.094444,0,0,0,0,0,0.8,0.163265,0.032653,0,0,0.004082,0,27495,180,291,111
"12,68",0,105464,0,0,964,4,99999,99999,99999,99999,99999,99999,0,0,0,0,0,0,0,0,0,0,0,0,0,0,0,0,0,0
"12,69",0,105464,0,0,963,4,99999,99999,99999,99999,99999,99999,0,0,0,0,0,0,0,0,0,0,0,0,0,0,0,0,0,0
"12,70",0,105464,0,0,965,4,99999,99999,99999,99999,99999,99999,0,0,0,0,0,0,0,0,0,0,0,0,0,0,0,0,0,0
"12,71",0,105464,0,0,967,4,99999,99999,99999,99999,99999,99999,0,0,0,0,0,0,0,0,0,0,0,0,0,0,0,0,0,0
"12,72",0,105464,0,0,968,4,99999,99999,99999,99999,99999,99999,0,0,0,0,0,0,0,0,0,0,0,0,0,0,0,0,0,0
"12,73",0,105464,0,0,974,4,99999,99999,99999,99999,99999,99999,0,0,0,0,0,0,0,0,0,0,0,0,0,0,0,0,0,0
"12,74",0,105464,0,0,975,4,99999,99999,99999,99999,99999,99999,0,0,0,0,0,0,0,0,0,0,0,0,0,0,0,0,0,0
"13,1",0,0,0,0,977,4,99999,99999,99999,99999,99999,99999,0,0,0,0,0,0,0,0,0,0,0,0,0,0,0,0,0,0
"13,2",0,0,0,0,974,4,99999,99999,99999,99999,99999,99999,0,0,0,0,0,0,0,0,0,0,0,0,0,0,0,0,0,0
"13,3",0,0,0,0,977,4,99999,99999,99999,99999,99999,99999,0,0,0,0,0,0,0,0,0,0,0,0,0,0,0,0,0,0
"13,4",0,0,0,0,980,4,99999,99999,99999,99999,99999,99999,0,0,0,0,0,0,0,0,0,0,0,0,0,0,0,0,0,0
"13,5",0,0,0,0,964,4,99999,99999,99999,99999,99999,99999,0,0,0,0,0,0,0,0,0,0,0,0,0,0,0,0,0,0
"13,6",0,0,0,0,970,4,99999,99999,99999,99999,99999,99999,0,0,0,0,0,0,0,0,0,0,0,0,0,0,0,0,0,0
"13,7",0,0,0,0,970,4,99999,99999,99999,99999,99999,99999,0,0,0,0,0,0,0,0,0,0,0,0,0,0,0,0,0,0
"13,8",0,0,0,0,975,4,99999,99999,99999,99999,99999,99999,0,0,0,0,0,0,0,0,0,0,0,0,0,0,0,0,0,0
"13,9",0,0,0,0,973,4,99999,99999,99999,99999,99999,99999,0,0,0,0,0,0,0,0,0,0,0,0,0,0,0,0,0,0
"13,10",0,0,0,0,977,4,99999,99999,99999,99999,99999,99999,0,0,0,0,0,0,0,0,0,0,0,0,0,0,0,0,0,0
"13,11",0,0,0,0,968,4,99999,99999,99999,99999,99999,99999,0,0,0,0,0,0,0,0,0,0,0,0,0,0,0,0,0,0
"13,12",0,0,0,0,965,4,99999,99999,99999,99999,99999,99999,0,0,0,0,0,0,0,0,0,0,0,0,0,0,0,0,0,0
"13,13",41,73125,7,1,1035,2,12,343,476,0,4,8,0.794444,0.194444,0.011111,0,0,0,0,0.78341,0.184332,0.02765,0.004608,0,0,0,27232,178,306,126
"13,14",45,73125,7,1,1031,2,8,149,261,0,4,5,0.918478,0.081522,0,0,0,0,0,0.790262,0.194757,0.014981,0,0,0,0,28065,184,329,149
"13,16",43,77949,8,1,1034,2,12,258,334,0,4,5,0.861111,0.138889,0,0,0,0,0,0.792,0.176,0.032,0,0,0,0,27495,180,319,139
"13,17",39,80275,8,1,1036,2,9,119,235,0,4,8,0.933333,0.066667,0,0,0,0,0,0.796078,0.168627,0.035294,0,0,0,0,27495,180,299,119
"13,18",43,83748,9,1,1029,2,12,187,474,0,4,5,0.872222,0.116667,0.011111,0,0,0,0,0.788462,0.196154,0.015385,0,0,0,0,27219,178,319,139
"13,19",44,86091,9,1,1035,2,10,128,370,0,4,4,0.938889,0.061111,0,0,0,0,0,0.79927,0.189781,0.010949,0,0,0,0,27495,180,327,147
"13,20",39,87648,9,1,1036,2,10,105,180,0,4,5,0.944444,0.055556,0,0,0,0,0,0.778195,0.203008,0.018797,0,0,0,0,27495,180,297,117
"13,21",30,88671,9,1,1029,2,11,507,710,0,4,8,0.788889,0.138889,0.072222,0,0,0,0,0.8125,0.153846,0.024038,0.009615,0,0,0,25431,167,246,75
"13,22",48,89773,9,1,1036,2,12,454,522,0,4,8,0.81768,0.143646,0.038674,0,0,0,0,0.782787,0.188525,0.02459,0.004098,0,0,0,26492,174,353,172
"13,23",39,90505,9,1,1036,2,12,506,562,0,4,7,0.838889,0.105556,0.055556,0,0,0,0,0.826271,0.144068,0.029661,0,0,0,0,26058,170,288,114
"13,24",43,91154,9,1,1036,2,14,363,514,0,5,8,0.8,0.177778,0.022222,0,0,0,0,0.734177,0.206751,0.050633,0.008439,0,0,0,26819,176,320,140
"13,25",36,91639,9,1,1036,2,11,271,422,0,4,6,0.863388,0.131148,0.005464,0,0,0,0,0.775934,0.19917,0.024896,0,0,0,0,27809,182,284,103
"13,26",40,92083,9,1,1035,2,10,148,235,0,4,6,0.922222,0.077778,0,0,0,0,0,0.784906,0.177358,0.033962,0.003774,0,0,0,27495,180,302,122
"13,27",46,92489,9,1,1034,2,18,513,544,0,4,6,0.755556,0.166667,0.072222,0.005556,0,0,0,0.76,0.217778,0.022222,0,0,0,0,25211,166,320,150
"13,28",43,93625,10,1,1040,2,11,505,792,0,4,6,0.861111,0.077778,0.061111,0,0,0,0,0.817073,0.146341,0.03252,0,0.004065,0,0,25708,169,307,134
"13,29",45,94704,10,1,1034,2,31,509,572,0,4,6,0.683333,0.25,0.066667,0,0,0,0,0.757143,0.209524,0.028571,0.004762,0,0,0,25653,168,333,153
"13,31",37,96192,11,1,1034,2,9,312,512,0,4,5,0.894444,0.083333,0.022222,0,0,0,0,0.811024,0.15748,0.031496,0,0,0,0,26728,176,283,105
"13,32",40,97603,11,1,1029,2,11,275,473,0,4,8,0.866667,0.127778,0.005556,0,0,0,0,0.771318,0.193798,0.023256,0.011628,0,0,0,27350,179,305,125
"13,33",49,99037,11,1,1036,2,14,340,668,0,4,6,0.85,0.116667,0.033333,0,0,0,0,0.755474,0.20438,0.040146,0,0,0,0,26516,174,350,173
"13,34",35,100110,11,1,1032,2,9,229,576,0,4,6,0.894444,0.077778,0.027778,0,0,0,0,0.826446,0.144628,0.024793,0.004132,0,0,0,26664,175,278,100
"13,35",42,101152,11,1,1032,2,9,324,660,0,4,8,0.857923,0.10929,0.032787,0,0,0,0,0.759843,0.204724,0.027559,0.007874,0,0,0,26963,177,312,132
"13,36",37,102031,11,1,1037,2,9,88,167,0,4,5,0.961111,0.038889,0,0,0,0,0,0.844622,0.135458,0.01992,0,0,0,0,27495,180,288,108
"13,37",39,102894,11,1,1040,2,10,132,282,0,4,6,0.933333,0.066667,0,0,0,0,0,0.805447,0.163424,0.031128,0,0,0,0,27495,180,299,119
"13,38",39,103679,11,1,1035,2,8,131,274,0,4,7,0.927778,0.072222,0,0,0,0,0,0.79845,0.158915,0.042636,0,0,0,0,27495,180,300,120
"13,39",46,104409,11,1,1035,2,12,508,812,0,4,8,0.8,0.127778,0.066667,0.005556,0,0,0,0.795745,0.153191,0.051064,0,0,0,0,25547,167,316,146
"13,40",40,105032,11,1,1040,2,13,510,528,0,4,8,0.828729,0.088398,0.082873,0,0,0,0,0.804255,0.161702,0.029787,0,0.004255,0,0,25274,166,286,117
"13,41",41,105656,11,1,1039,2,12,317,491,0,4,6,0.86631,0.122995,0.010695,0,0,0,0,0.776471,0.184314,0.035294,0.003922,0,0,0,28294,185,312,128
"13,42",40,106209,11,1,1044,2,12,530,636,0,4,6,0.754098,0.163934,0.081967,0,0,0,0,0.792271,0.183575,0.019324,0.004831,0,0,0,25589,168,293,119
"13,43",40,106734,11,1,1029,2,10,309,517,0,4,5,0.85,0.133333,0.016667,0,0,0,0,0.789062,0.1875,0.023438,0,0,0,0,26960,177,300,121
"13,44",40,107245,11,1,1032,2,9,198,370,0,4,8,0.888889,0.111111,0,0,0,0,0,0.788235,0.180392,0.019608,0.007843,0.003922,0,0,27495,180,301,121
"13,46",36,107681,11,1,1040,2,8,67,128,0,4,5,0.972222,0.027778,0,0,0,0,0,0.848837,0.131783,0.015504,0.003876,0,0,0,27495,180,284,104
"13,47",42,108147,11,1,1040,2,13,406,546,0,5,8,0.822222,0.144444,0.033333,0,0,0,0,0.768924,0.175299,0.051793,0.003984,0,0,0,26683,174,313,134
"13,48",42,108554,11,1,1039,2,16,506,606,0,4,8,0.772222,0.166667,0.061111,0,0,0,0,0.775862,0.202586,0.021552,0,0,0,0,25965,169,305,130
"13,49",39,108938,11,1,1041,2,14,483,565,0,4,7,0.8,0.155556,0.044444,0,0,0,0,0.798165,0.169725,0.027523,0.004587,0,0,0,26319,172,298,118
"13,50",42,109307,11,1,1046,2,37,537,678,0,5,9,0.651934,0.243094,0.104972,0,0,0,0,0.723958,0.208333,0.052083,0.015625,0,0,0,24827,162,299,126
"13,51",40,109318,10,1,1036,2,13,499,539,0,4,5,0.788889,0.161111,0.05,0,0,0,0,0.824645,0.156398,0.018957,0,0,0,0,26259,171,293,120
"13,52",44,109328,10,1,1036,2,14,505,550,0,4,5,0.761111,0.172222,0.066667,0,0,0,0,0.813725,0.161765,0.02451,0,0,0,0,25524,168,307,136
"13,53",38,109032,9,1,1045,2,14,625,906,0,4,7,0.791209,0.098901,0.093407,0.016484,0,0,0,0.800948,0.165877,0.028436,0.004739,0,0,0,24970,162,288,111
"13,54",43,108718,9,1,1031,2,12,169,340,0,4,4,0.905556,0.094444,0,0,0,0,0,0.80292,0.193431,0.00365,0,0,0,0,27495,180,321,141
"13,55",41,108448,9,1,1035,2,13,354,538,0,4,8,0.85,0.111111,0.038889,0,0,0,0,0.805785,0.157025,0.028926,0.008264,0,0,0,26549,173,297,122
"13,56",44,108167,9,1,1033,2,10,102,160,0,4,7,0.944444,0.055556,0,0,0,0,0,0.781818,0.167273,0.04,0.003636,0.007273,0,0,27495,180,322,142
"13,57",44,107902,9,1,1027,2,11,122,245,0,4,5,0.916667,0.083333,0,0,0,0,0,0.754717,0.230189,0.015094,0,0,0,0,27495,180,327,147
"13,58",43,107660,9,1,1027,2,10,409,536,0,5,7,0.867403,0.088398,0.044199,0,0,0,0,0.763566,0.182171,0.050388,0.003876,0,0,0,26252,173,310,135
"13,59",39,107442,9,1,1038,2,12,428,542,0,4,6,0.855556,0.1,0.044444,0,0,0,0,0.747934,0.22314,0.028926,0,0,0,0,26258,172,287,113
"13,61",44,107216,9,1,1032,2,14,426,537,0,4,5,0.745856,0.209945,0.044199,0,0,0,0,0.820276,0.16129,0.018433,0,0,0,0,26642,173,312,138
"13,62",43,106996,9,1,1032,2,17,424,560,0,4,5,0.696133,0.281768,0.022099,0,0,0,0,0.776119,0.19403,0.029851,0,0,0,0,27106,177,315,136
"13,63",44,106579,8,1,1039,2,13,457,538,0,4,7,0.811111,0.15,0.038889,0,0,0,0,0.779817,0.188073,0.03211,0,0,0,0,26447,173,318,140
"13,64",42,106185,8,1,1040,2,9,147,296,0,5,8,0.916667,0.083333,0,0,0,0,0,0.754864,0.18677,0.058366,0,0,0,0,27495,180,311,131
"13,65",34,105566,7,1,1025,2,10,320,464,0,4,6,0.822581,0.172043,0.005376,0,0,0,0,0.842795,0.135371,0.021834,0,0,0,0,28248,185,278,97
"13,66",44,104895,7,1,1039,2,11,322,525,0,4,8,0.872222,0.094444,0.033333,0,0,0,0,0.752,0.216,0.032,0,0,0,0,26650,174,317,140
"13,67",40,104286,7,1,1045,2,11,171,254,0,4,9,0.872222,0.127778,0,0,0,0,0,0.784553,0.174797,0.028455,0.00813,0.004065,0,0,27495,180,304,124
"13,68",0,104286,0,0,968,4,99999,99999,99999,99999,99999,99999,0,0,0,0,0,0,0,0,0,0,0,0,0,0,0,0,0,0
"13,69",0,104286,0,0,968,4,99999,99999,99999,99999,99999,99999,0,0,0,0,0,0,0,0,0,0,0,0,0,0,0,0,0,0
"13,70",0,104286,0,0,968,4,99999,99999,99999,99999,99999,99999,0,0,0,0,0,0,0,0,0,0,0,0,0,0,0,0,0,0
"13,71",0,104286,0,0,971,4,99999,99999,99999,99999,99999,99999,0,0,0,0,0,0,0,0,0,0,0,0,0,0,0,0,0,0
"13,72",0,104286,0,0,973,4,99999,99999,99999,99999,99999,99999,0,0,0,0,0,0,0,0,0,0,0,0,0,0,0,0,0,0
"13,73",0,104286,0,0,976,4,99999,99999,99999,99999,99999,99999,0,0,0,0,0,0,0,0,0,0,0,0,0,0,0,0,0,0
"13,74",0,104286,0,0,964,4,99999,99999,99999,99999,99999,99999,0,0,0,0,0,0,0,0,0,0,0,0,0,0,0,0,0,0
"14,1",0,104286,0,0,973,4,99999,99999,99999,99999,99999,99999,0,0,0,0,0,0,0,0,0,0,0,0,0,0,0,0,0,0
"14,2",0,104286,0,0,977,4,99999,99999,99999,99999,99999,99999,0,0,0,0,0,0,0,0,0,0,0,0,0,0,0,0,0,0
"14,3",0,104286,0,0,974,4,99999,99999,99999,99999,99999,99999,0,0,0,0,0,0,0,0,0,0,0,0,0,0,0,0,0,0
"14,4",0,104286,0,0,968,4,99999,99999,99999,99999,99999,99999,0,0,0,0,0,0,0,0,0,0,0,0,0,0,0,0,0,0
"14,5",0,104286,0,0,968,4,99999,99999,99999,99999,99999,99999,0,0,0,0,0,0,0,0,0,0,0,0,0,0,0,0,0,0
"14,6",0,104286,0,0,970,4,99999,99999,99999,99999,99999,99999,0,0,0,0,0,0,0,0,0,0,0,0,0,0,0,0,0,0
"14,7",0,104286,0,0,964,4,99999,99999,99999,99999,99999,99999,0,0,0,0,0,0,0,0,0,0,0,0,0,0,0,0,0,0
"14,8",0,104286,0,0,971,4,99999,99999,99999,99999,99999,99999,0,0,0,0,0,0,0,0,0,0,0,0,0,0,0,0,0,0
"14,9",0,104286,0,0,983,4,99999,99999,99999,99999,99999,99999,0,0,0,0,0,0,0,0,0,0,0,0,0,0,0,0,0,0
"14,10",0,104286,0,0,970,4,99999,99999,99999,99999,99999,99999,0,0,0,0,0,0,0,0,0,0,0,0,0,0,0,0,0,0
"14,11",0,104286,0,0,971,4,99999,99999,99999,99999,99999,99999,0,0,0,0,0,0,0,0,0,0,0,0,0,0,0,0,0,0
"14,12",0,104286,0,0,981,4,99999,99999,99999,99999,99999,99999,0,0,0,0,0,0,0,0,0,0,0,0,0,0,0,0,0,0
"14,13",38,103726,7,1,1039,2,17,505,550,0,4,5,0.722222,0.194444,0.077778,0.005556,0,0,0,0.816514,0.155963,0.022936,0.004587,0,0,0,25030,165,276,106
"14,14",39,103186,7,1,1031,2,12,486,533,0,4,8,0.844444,0.105556,0.05,0,0,0,0,0.836066,0.139344,0.020492,0.004098,0,0,0,26195,171,285,112
"14,15",38,102648,7,1,1033,2,9,241,550,0,4,8,0.877778,0.1,0.022222,0,0,0,0,0.78,0.18,0.036,0.004,0,0,0,26961,176,290,112
"14,16",41,102372,8,1,1031,2,10,238,497,0,4,4,0.894444,0.094444,0.011111,0,0,0,0,0.841897,0.146245,0.011858,0,0,0,0,27195,178,310,130
"14,17",44,102107,8,1,1036,2,25,541,663,0,4,8,0.672222,0.238889,0.083333,0.005556,0,0,0,0.779487,0.184615,0.025641,0.010256,0,0,0,24857,164,313,140
"14,18",37,101875,8,1,1032,2,8,147,300,0,4,8,0.916667,0.083333,0,0,0,0,0,0.8107,0.164609,0.020576,0.004115,0,0,0,27495,180,286,106
"14,19",40,101799,9,1,1036,2,9,233,506,0,4,6,0.883333,0.094444,0.022222,0,0,0,0,0.804878,0.178862,0.012195,0.004065,0,0,0,27023,176,304,124
"14,20",44,101724,9,1,1032,2,12,433,542,0,4,8,0.855556,0.111111,0.033333,0,0,0,0,0.772201,0.200772,0.019305,0.007722,0,0,0,26566,174,320,143
"14,21",46,101649,9,1,1039,2,22,497,536,0,5,9,0.756906,0.19337,0.049724,0,0,0,0,0.724444,0.217778,0.044444,0.013333,0,0,0,26194,172,330,154
"14,22",35,101593,9,1,1041,2,19,537,798,0,4,6,0.677778,0.177778,0.144444,0,0,0,0,0.790323,0.172043,0.037634,0,0,0,0,23597,154,254,91
"14,23",46,101523,9,1,1031,2,12,486,582,0,4,5,0.838889,0.111111,0.05,0,0,0,0,0.781746,0.186508,0.027778,0.003968,0,0,0,26153,171,330,152
"14,24",35,101468,9,1,1029,2,9,525,548,0,4,8,0.838889,0.094444,0.066667,0,0,0,0,0.8,0.178723,0.012766,0.008511,0,0,0,25765,168,262,92
"14,25",40,101407,9,1,1036,2,17,517,731,0,4,6,0.755556,0.155556,0.083333,0.005556,0,0,0,0.805687,0.151659,0.042654,0,0,0,0,25164,164,293,120
"14,26",44,101345,9,1,1036,2,15,431,528,0,4,8,0.872222,0.083333,0.044444,0,0,0,0,0.779923,0.177606,0.03861,0,0.003861,0,0,26208,172,318,143
"14,27",50,101277,9,1,1035,2,14,515,720,0,4,6,0.755556,0.166667,0.077778,0,0,0,0,0.813953,0.148837,0.037209,0,0,0,0,25179,166,354,179
"14,28",40,101394,10,1,1037,2,14,511,760,0,4,8,0.740331,0.176796,0.082873,0,0,0,0,0.809524,0.157143,0.028571,0.004762,0,0,0,25374,166,282,113
"14,29",47,101528,10,1,1030,2,12,285,517,0,4,5,0.84153,0.131148,0.027322,0,0,0,0,0.783673,0.204082,0.012245,0,0,0,0,27115,178,341,163
"14,30",36,101637,10,1,1034,2,11,262,571,0,4,9,0.9,0.077778,0.022222,0,0,0,0,0.803347,0.158996,0.025105,0.012552,0,0,0,26834,176,284,105
"14,31",35,101901,11,1,1038,2,10,355,513,0,4,6,0.837838,0.145946,0.016216,0,0,0,0,0.818182,0.151515,0.025974,0.004329,0,0,0,27858,182,282,101
"14,32",39,102181,11,1,1033,2,9,105,195,0,4,6,0.938889,0.061111,0,0,0,0,0,0.822222,0.137037,0.037037,0.003704,0,0,0,27495,180,298,118
"14,33",35,102430,11,1,1037,2,8,122,377,0,4,8,0.922222,0.077778,0,0,0,0,0,0.805668,0.157895,0.032389,0.004049,0,0,0,27495,180,278,98
"14,34",42,102697,11,1,1032,2,12,415,556,0,4,7,0.866667,0.1,0.033333,0,0,0,0,0.763566,0.205426,0.023256,0.007752,0,0,0,26522,174,306,130
"14,35",39,102949,11,1,1037,2,9,343,599,0,5,8,0.884615,0.087912,0.027473,0,0,0,0,0.817021,0.119149,0.059574,0.004255,0,0,0,26999,177,295,117
"14,36",36,103188,11,1,1040,2,10,163,369,0,4,9,0.9,0.1,0,0,0,0,0,0.808943,0.142276,0.036585,0.012195,0,0,0,27495,180,285,105
"14,37",43,103443,11,1,1036,2,10,129,666,0,4,6,0.927778,0.027778,0.044444,0,0,0,0,0.75,0.225,0.025,0,0,0,0,26236,172,313,137
"14,38",43,103684,11,1,1037,2,12,191,439,0,4,6,0.895028,0.099448,0.005525,0,0,0,0,0.771318,0.189922,0.03876,0,0,0,0,27399,180,322,141
"14,39",43,103923,11,1,1041,2,10,137,304,0,4,7,0.916667,0.083333,0,0,0,0,0,0.766284,0.183908,0.049808,0,0,0,0,27495,180,318,138
"14,40",32,104116,11,1,1042,2,12,501,553,0,4,8,0.861111,0.077778,0.05,0.011111,0,0,0,0.774336,0.176991,0.044248,0,0.004425,0,0,25818,169,252,81
"14,41",46,104357,11,1,1028,2,9,330,489,0,4,5,0.877778,0.111111,0.011111,0,0,0,0,0.779851,0.19403,0.026119,0,0,0,0,27130,178,337,157
"14,42",43,104579,11,1,1030,2,9,78,136,0,4,6,0.966667,0.033333,0,0,0,0,0,0.778169,0.179577,0.038732,0.003521,0,0,0,27495,180,317,137
"14,43",39,104777,11,1,1032,2,10,518,540,0,4,6,0.811111,0.133333,0.044444,0.011111,0,0,0,0.787611,0.181416,0.030973,0,0,0,0,25882,170,283,111
"14,44",41,104985,11,1,1036,2,12,384,508,0,4,7,0.883333,0.088889,0.027778,0,0,0,0,0.778226,0.173387,0.044355,0.004032,0,0,0,26792,175,301,124
"14,45",41,105185,11,1,1042,2,9,115,206,0,4,5,0.944444,0.055556,0,0,0,0,0,0.793103,0.172414,0.034483,0,0,0,0,27495,180,309,129
"14,46",40,105378,11,1,1029,2,9,148,459,0,4,6,0.916667,0.072222,0.011111,0,0,0,0,0.767442,0.197674,0.034884,0,0,0,0,27180,178,305,125
"14,47",37,105566,11,1,1039,2,11,235,435,0,4,6,0.900552,0.093923,0.005525,0,0,0,0,0.786885,0.163934,0.045082,0.004098,0,0,0,27454,180,290,109
"14,48",39,105752,11,1,1035,2,9,81,179,0,4,5,0.966667,0.033333,0,0,0,0,0,0.809524,0.168498,0.021978,0,0,0,0,27495,180,299,119
"14,49",40,105934,11,1,1034,2,9,73,118,0,4,7,0.977778,0.022222,0,0,0,0,0,0.786765,0.180147,0.033088,0,0,0,0,27495,180,302,122
"14,50",47,105981,10,1,1034,2,14,289,460,0,4,8,0.8,0.188889,0.011111,0,0,0,0,0.739535,0.24186,0.013953,0.004651,0,0,0,27229,178,338,159
"14,51",47,106026,10,1,1038,2,16,382,547,0,4,8,0.772222,0.2,0.027778,0,0,0,0,0.806763,0.164251,0.024155,0.004831,0,0,0,26717,175,336,159
"14,52",37,106064,10,1,1035,2,14,396,518,0,4,6,0.794444,0.183333,0.022222,0,0,0,0,0.792271,0.183575,0.019324,0.004831,0,0,0,26908,176,285,106
"14,53",40,105973,9,1,1020,2,10,501,713,0,3,4,0.78866,0.149485,0.061856,0,0,0,0,0.835443,0.164557,0,0,0,0,0,27790,182,312,127
"14,54",35,105893,9,1,1036,2,15,538,622,0,4,7,0.733333,0.166667,0.1,0,0,0,0,0.810427,0.151659,0.037915,0,0,0,0,24886,162,265,95
"14,55",43,105803,9,1,1032,2,12,466,633,0,4,6,0.78453,0.171271,0.044199,0,0,0,0,0.79646,0.168142,0.030973,0.004425,0,0,0,26371,173,312,136
"14,56",46,105707,9,1,1034,2,13,122,228,0,5,7,0.922222,0.077778,0,0,0,0,0,0.755556,0.185185,0.055556,0.003704,0,0,0,27495,180,335,155
"14,57",42,105620,9,1,1037,2,11,249,422,0,4,8,0.905556,0.094444,0,0,0,0,0,0.782609,0.166008,0.047431,0.003953,0,0,0,27495,180,313,133
"14,58",39,105538,9,1,1025,2,8,225,429,0,4,6,0.9,0.094444,0.005556,0,0,0,0,0.821705,0.147287,0.031008,0,0,0,0,27357,179,299,119
"14,59",36,105460,9,1,1036,2,8,187,511,0,4,7,0.933333,0.044444,0.022222,0,0,0,0,0.810924,0.159664,0.02521,0.004202,0,0,0,26906,176,285,105
"14,60",44,105376,9,1,1040,2,14,168,241,0,4,5,0.9,0.1,0,0,0,0,0,0.716981,0.260377,0.022642,0,0,0,0,27495,180,327,147
"14,61",47,105288,9,1,1044,2,14,252,406,0,4,5,0.872222,0.122222,0.005556,0,0,0,0,0.775281,0.198502,0.022472,0.003745,0,0,0,27333,179,342,162
"14,62",45,105100,8,1,1041,2,14,208,369,0,4,5,0.872222,0.127778,0,0,0,0,0,0.757463,0.208955,0.029851,0.003731,0,0,0,27495,180,330,150
"14,63",47,104912,8,1,1032,2,13,325,539,0,4,8,0.783333,0.194444,0.022222,0,0,0,0,0.758475,0.220339,0.016949,0.004237,0,0,0,26826,176,341,163
"14,64",39,104750,8,1,1043,2,11,224,403,0,4,8,0.883978,0.116022,0,0,0,0,0,0.779116,0.184739,0.028112,0.008032,0,0,0,27561,181,298,117
"14,65",38,104480,7,1,1026,2,21,525,551,0,4,7,0.661111,0.205556,0.133333,0,0,0,0,0.782383,0.196891,0.015544,0.005181,0,0,0,23659,156,268,103
"14,66",45,104153,7,1,1032,2,14,299,467,0,4,5,0.842391,0.146739,0.01087,0,0,0,0,0.808594,0.167969,0.023438,0,0,0,0,27847,182,332,150
"14,67",50,103815,7,1,1034,2,24,415,506,0,4,4,0.738889,0.227778,0.033333,0,0,0,0,0.80786,0.183406,0.008734,0,0,0,0,26574,174,358,180
"14,68",0,103815,0,0,977,4,99999,99999,99999,99999,99999,99999,0,0,0,0,0,0,0,0,0,0,0,0,0,0,0,0,0,0
"14,69",0,103815,0,0,974,4,99999,99999,99999,99999,99999,99999,0,0,0,0,0,0,0,0,0,0,0,0,0,0,0,0,0,0
"14,70",0,103815,0,0,976,4,99999,99999,99999,99999,99999,99999,0,0,0,0,0,0,0,0,0,0,0,0,0,0,0,0,0,0
"14,71",0,103815,0,0,963,4,99999,99999,99999,99999,99999,99999,0,0,0,0,0,0,0,0,0,0,0,0,0,0,0,0,0,0
"14,72",0,103815,0,0,973,4,99999,99999,99999,99999,99999,99999,0,0,0,0,0,0,0,0,0,0,0,0,0,0,0,0,0,0
"14,73",0,103815,0,0,969,4,99999,99999,99999,99999,99999,99999,0,0,0,0,0,0,0,0,0,0,0,0,0,0,0,0,0,0
"14,74",0,103815,0,0,969,4,99999,99999,99999,99999,99999,99999,0,0,0,0,0,0,0,0,0,0,0,0,0,0,0,0,0,0
"15,1",0,0,0,0,963,4,99999,99999,99999,99999,99999,99999,0,0,0,0,0,0,0,0,0,0,0,0,0,0,0,0,0,0
"15,2",0,0,0,0,967,4,99999,99999,99999,99999,99999,99999,0,0,0,0,0,0,0,0,0,0,0,0,0,0,0,0,0,0
"15,3",0,0,0,0,979,4,99999,99999,99999,99999,99999,99999,0,0,0,0,0,0,0,0,0,0,0,0,0,0,0,0,0,0
"15,4",0,0,0,0,978,4,99999,99999,99999,99999,99999,99999,0,0,0,0,0,0,0,0,0,0,0,0,0,0,0,0,0,0
"15,5",0,0,0,0,958,4,99999,99999,99999,99999,99999,99999,0,0,0,0,0,0,0,0,0,0,0,0,0,0,0,0,0,0
"15,6",0,0,0,0,976,4,99999,99999,99999,99999,99999,99999,0,0,0,0,0,0,0,0,0,0,0,0,0,0,0,0,0,0
"15,7",0,0,0,0,978,4,99999,99999,99999,99999,99999,99999,0,0,0,0,0,0,0,0,0,0,0,0,0,0,0,0,0,0
"15,8",0,0,0,0,978,4,99999,99999,99999,99999,99999,99999,0,0,0,0,0,0,0,0,0,0,0,0,0,0,0,0,0,0
"15,9",0,0,0,0,973,4,99999,99999,99999,99999,99999,99999,0,0,0,0,0,0,0,0,0,0,0,0,0,0,0,0,0,0
"15,10",0,0,0,0,974,4,99999,99999,99999,99999,99999,99999,0,0,0,0,0,0,0,0,0,0,0,0,0,0,0,0,0,0
"15,11",0,0,0,0,971,4,99999,99999,99999,99999,99999,99999,0,0,0,0,0,0,0,0,0,0,0,0,0,0,0,0,0,0
"15,12",0,0,0,0,974,4,99999,99999,99999,99999,99999,99999,0,0,0,0,0,0,0,0,0,0,0,0,0,0,0,0,0,0
"15,13",0,0,0,0,968,4,99999,99999,99999,99999,99999,99999,0,0,0,0,0,0,0,0,0,0,0,0,0,0,0,0,0,0
"15,14",39,73125,7,1,1040,2,12,277,425,0,4,5,0.884615,0.10989,0.005495,0,0,0,0,0.759036,0.220884,0.02008,0,0,0,0,27590,182,300,118
"15,15",42,73125,7,1,1035,2,17,524,553,0,4,8,0.73822,0.157068,0.104712,0,0,0,0,0.771186,0.190678,0.029661,0.004237,0.004237,0,0,25986,171,299,126
"15,16",36,73125,7,1,1034,2,17,509,592,0,4,5,0.711111,0.211111,0.066667,0.011111,0,0,0,0.777228,0.19802,0.024752,0,0,0,0,25169,166,270,99
"15,17",38,76859,8,1,1038,2,12,74,111,0,4,5,0.977778,0.022222,0,0,0,0,0,0.783088,0.202206,0.007353,0.007353,0,0,0,27495,180,293,113
"15,18",47,79332,8,1,1039,2,11,216,354,0,4,6,0.866667,0.133333,0,0,0,0,0,0.789062,0.1875,0.023438,0,0,0,0,27495,180,340,160
"15,19",39,82337,9,1,1033,2,8,165,374,0,4,6,0.905556,0.094444,0,0,0,0,0,0.811765,0.164706,0.023529,0,0,0,0,27495,180,297,117
"15,20",42,84592,9,1,1039,2,10,246,342,0,4,5,0.872222,0.127778,0,0,0,0,0,0.788,0.184,0.024,0.004,0,0,0,27495,180,315,135
"15,21",39,86188,9,1,1034,2,11,86,146,0,4,7,0.966667,0.033333,0,0,0,0,0,0.803774,0.169811,0.026415,0,0,0,0,27495,180,296,116
"15,22",40,87486,9,1,1037,2,11,119,195,0,4,5,0.928177,0.071823,0,0,0,0,0,0.777358,0.184906,0.030189,0.007547,0,0,0,27561,181,306,125
"15,23",45,88530,9,1,1043,2,21,533,744,0,5,8,0.690608,0.20442,0.104972,0,0,0,0,0.736842,0.196172,0.057416,0.009569,0,0,0,24782,162,319,146
"15,24",39,89324,9,1,1027,2,10,224,512,0,4,6,0.883333,0.094444,0.022222,0,0,0,0,0.808163,0.163265,0.02449,0.004082,0,0,0,26728,176,295,117
"15,25",37,89981,9,1,1040,2,11,182,467,0,4,6,0.922222,0.066667,0.011111,0,0,0,0,0.805556,0.174603,0.019841,0,0,0,0,27220,178,287,107
"15,26",46,90619,9,1,1017,2,14,504,540,0,4,5,0.822222,0.122222,0.05,0.005556,0,0,0,0.832653,0.146939,0.020408,0,0,0,0,25836,170,321,148
"15,27",40,91111,9,1,1038,2,13,239,479,0,4,8,0.866667,0.127778,0.005556,0,0,0,0,0.7897,0.167382,0.034335,0.008584,0,0,0,27376,179,302,122
"15,28",45,91548,9,1,1037,2,15,238,368,0,4,7,0.8,0.2,0,0,0,0,0,0.743119,0.215596,0.036697,0.004587,0,0,0,27495,180,328,148
"15,29",49,92831,10,1,1040,2,21,509,686,0,5,7,0.783333,0.155556,0.055556,0.005556,0,0,0,0.709544,0.236515,0.053942,0,0,0,0,25936,169,352,175
"15,30",44,93841,10,1,1037,2,20,527,668,0,4,7,0.744444,0.166667,0.088889,0,0,0,0,0.740088,0.22467,0.035242,0,0,0,0,25197,164,313,138
"15,31",42,94744,10,1,1031,2,8,85,212,0,4,4,0.955556,0.044444,0,0,0,0,0,0.823293,0.168675,0.008032,0,0,0,0,27404,180,314,134
"15,32",44,96225,11,1,1030,2,11,202,327,0,4,5,0.866667,0.133333,0,0,0,0,0,0.785441,0.191571,0.022989,0,0,0,0,27495,180,325,145
"15,33",38,97446,11,1,1036,2,11,418,552,0,4,5,0.855556,0.105556,0.038889,0,0,0,0,0.793651,0.166667,0.039683,0,0,0,0,26500,173,288,111
"15,34",46,98706,11,1,1040,2,15,375,526,0,4,7,0.8,0.177778,0.022222,0,0,0,0,0.758772,0.197368,0.04386,0,0,0,0,26640,176,337,158
"15,35",46,99884,11,1,1038,2,12,178,279,0,5,8,0.900552,0.099448,0,0,0,0,0,0.758755,0.18677,0.054475,0,0,0,0,27659,181,335,155
"15,36",38,100807,11,1,1043,2,11,97,238,0,4,5,0.95,0.05,0,0,0,0,0,0.764479,0.208494,0.027027,0,0,0,0,27495,180,291,111
"15,37",45,101729,11,1,1031,2,14,313,510,0,4,5,0.84153,0.142077,0.016393,0,0,0,0,0.801527,0.175573,0.022901,0,0,0,0,27470,180,329,149
"15,38",44,102508,11,1,1041,2,22,530,648,0,4,7,0.7,0.194444,0.105556,0,0,0,0,0.757009,0.205607,0.037383,0,0,0,0,24682,161,301,133
"15,39",40,103251,11,1,1048,2,13,223,447,0,4,8,0.893258,0.101124,0.005618,0,0,0,0,0.772152,0.177215,0.042194,0.008439,0,0,0,26988,177,297,119
"15,40",39,103905,11,1,1039,2,10,305,541,0,4,5,0.85,0.122222,0.027778,0,0,0,0,0.803279,0.168033,0.020492,0.008197,0,0,0,26676,175,294,116
"15,41",37,104519,11,1,1041,2,9,129,276,0,4,6,0.933333,0.066667,0,0,0,0,0,0.784,0.18,0.036,0,0,0,0,27495,180,289,109
"15,42",45,105161,11,1,1035,2,9,271,515,0,4,9,0.9,0.077778,0.022222,0,0,0,0,0.810078,0.143411,0.031008,0.015504,0,0,0,26989,176,326,148
"15,43",41,105720,11,1,1040,2,12,124,209,0,4,7,0.927778,0.072222,0,0,0,0,0,0.777358,0.203774,0.015094,0.003774,0,0,0,27495,180,309,129
"15,44",49,106306,11,1,1039,2,18,380,605,0,4,8,0.761111,0.211111,0.027778,0,0,0,0,0.730769,0.226496,0.042735,0,0,0,0,26769,175,355,177
"15,45",45,106814,11,1,1041,2,22,518,558,0,5,8,0.694444,0.194444,0.105556,0.005556,0,0,0,0.763819,0.170854,0.060302,0.005025,0,0,0,24352,160,311,143
"15,46",39,107251,11,1,1039,2,11,339,522,0,4,8,0.850829,0.127072,0.022099,0,0,0,0,0.794118,0.168067,0.029412,0.008403,0,0,0,27037,177,294,116
"15,47",43,107683,11,1,1039,2,14,514,745,0,4,8,0.735135,0.178378,0.086486,0,0,0,0,0.776744,0.172093,0.046512,0.004651,0,0,0,25659,169,308,135
"15,48",35,108060,11,1,1038,2,8,44,76,0,4,5,0.994475,0.005525,0,0,0,0,0,0.842105,0.142857,0.007519,0.007519,0,0,0,27561,181,280,99
"15,49",43,108107,10,1,1037,2,11,202,303,0,4,6,0.883333,0.116667,0,0,0,0,0,0.788618,0.174797,0.03252,0.004065,0,0,0,27495,180,319,139
"15,50",49,108156,10,1,1033,2,12,373,509,0,4,6,0.81768,0.160221,0.022099,0,0,0,0,0.816239,0.15812,0.021368,0.004274,0,0,0,27024,177,357,177
"15,51",43,108196,10,1,1043,2,16,501,530,0,4,5,0.788889,0.155556,0.055556,0,0,0,0,0.790179,0.165179,0.044643,0,0,0,0,25987,170,308,135
"15,52",35,107953,9,1,1040,2,10,421,580,0,4,6,0.833333,0.127778,0.038889,0,0,0,0,0.831818,0.145455,0.013636,0.009091,0,0,0,26489,173,277,97
"15,53",39,107695,9,1,1037,2,10,343,544,0,4,5,0.844444,0.133333,0.022222,0,0,0,0,0.782787,0.184426,0.028689,0,0.004098,0,0,26810,176,297,118
"15,54",38,107462,9,1,1031,2,10,215,382,0,4,5,0.906593,0.093407,0,0,0,0,0,0.808163,0.17551,0.012245,0.004082,0,0,0,27777,182,295,114
"15,55",48,107196,9,1,1042,2,17,219,266,0,5,8,0.81768,0.18232,0,0,0,0,0,0.70751,0.233202,0.047431,0.007905,0.003953,0,0,27659,181,352,172
"15,56",38,106984,9,1,1032,2,10,357,491,0,4,9,0.839779,0.149171,0.01105,0,0,0,0,0.797414,0.168103,0.021552,0.012931,0,0,0,27199,179,292,111
"15,57",31,106798,9,1,1039,2,9,529,546,0,4,5,0.85,0.066667,0.072222,0.011111,0,0,0,0.842593,0.143519,0.013889,0,0,0,0,25323,165,246,78
"15,58",40,106597,9,1,1033,2,10,224,406,0,4,8,0.883333,0.116667,0,0,0,0,0,0.799197,0.168675,0.028112,0,0.004016,0,0,27495,180,304,124
"15,59",40,106400,9,1,1028,2,9,193,479,0,4,4,0.916667,0.072222,0.011111,0,0,0,0,0.8125,0.175781,0.011719,0,0,0,0,27216,178,303,123
"15,60",41,106208,9,1,1029,2,8,192,301,0,5,8,0.911111,0.088889,0,0,0,0,0,0.790984,0.139344,0.061475,0.008197,0,0,0,27495,180,309,129
"15,61",41,106030,9,1,1039,2,12,255,502,0,4,7,0.888889,0.094444,0.016667,0,0,0,0,0.777344,0.171875,0.042969,0.007812,0,0,0,26976,177,310,130
"15,62",47,105628,8,1,1035,2,11,504,687,0,4,9,0.877778,0.061111,0.061111,0,0,0,0,0.779783,0.184116,0.021661,0.01083,0.00361,0,0,25759,169,339,162
"15,63",40,105276,8,1,1035,2,10,110,176,0,4,5,0.938889,0.061111,0,0,0,0,0,0.810078,0.158915,0.027132,0.003876,0,0,0,27495,180,304,124
"15,64",50,104541,7,1,1035,2,11,245,509,0,4,5,0.878453,0.104972,0.016575,0,0,0,0,0.790514,0.185771,0.023715,0,0,0,0,27153,178,365,185
"15,65",37,103996,7,1,1034,2,10,504,525,0,4,8,0.845304,0.093923,0.060773,0,0,0,0,0.758333,0.208333,0.025,0.008333,0,0,0,25884,170,277,103
"15,66",44,103413,7,1,1036,2,13,514,556,0,4,8,0.838889,0.1,0.061111,0,0,0,0,0.733333,0.233333,0.025,0.008333,0,0,0,25677,169,310,138
"15,67",0,103413,0,0,983,4,99999,99999,99999,99999,99999,99999,0,0,0,0,0,0,0,0,0,0,0,0,0,0,0,0,0,0
"15,68",0,103413,0,0,976,4,99999,99999,99999,99999,99999,99999,0,0,0,0,0,0,0,0,0,0,0,0,0,0,0,0,0,0
"15,69",0,103413,0,0,969,4,99999,99999,99999,99999,99999,99999,0,0,0,0,0,0,0,0,0,0,0,0,0,0,0,0,0,0
"15,70",0,103413,0,0,977,4,99999,99999,99999,99999,99999,99999,0,0,0,0,0,0,0,0,0,0,0,0,0,0,0,0,0,0
"15,71",0,103413,0,0,965,4,99999,99999,99999,99999,99999,99999,0,0,0,0,0,0,0,0,0,0,0,0,0,0,0,0,0,0
"15,72",0,103413,0,0,978,4,99999,99999,99999,99999,99999,99999,0,0,0,0,0,0,0,0,0,0,0,0,0,0,0,0,0,0
"15,73",0,103413,0,0,973,4,99999,99999,99999,99999,99999,99999,0,0,0,0,0,0,0,0,0,0,0,0,0,0,0,0,0,0
"15,74",0,103413,0,0,974,4,99999,99999,99999,99999,99999,99999,0,0,0,0,0,0,0,0,0,0,0,0,0,0,0,0,0,0
"16,1",0,103413,0,0,974,4,99999,99999,99999,99999,99999,99999,0,0,0,0,0,0,0,0,0,0,0,0,0,0,0,0,0,0
"16,2",0,103413,0,0,969,4,99999,99999,99999,99999,99999,99999,0,0,0,0,0,0,0,0,0,0,0,0,0,0,0,0,0,0
"16,3",0,103413,0,0,973,4,99999,99999,99999,99999,99999,99999,0,0,0,0,0,0,0,0,0,0,0,0,0,0,0,0,0,0
"16,4",0,103413,0,0,964,4,99999,99999,99999,99999,99999,99999,0,0,0,0,0,0,0,0,0,0,0,0,0,0,0,0,0,0
"16,5",0,103413,0,0,977,4,99999,99999,99999,99999,99999,99999,0,0,0,0,0,0,0,0,0,0,0,0,0,0,0,0,0,0
"16,6",0,103413,0,0,973,4,99999,99999,99999,99999,99999,99999,0,0,0,0,0,0,0,0,0,0,0,0,0,0,0,0,0,0
"16,7",0,103413,0,0,972,4,99999,99999,99999,99999,99999,99999,0,0,0,0,0,0,0,0,0,0,0,0,0,0,0,0,0,0
"16,8",0,103413,0,0,979,4,99999,99999,99999,99999,99999,99999,0,0,0,0,0,0,0,0,0,0,0,0,0,0,0,0,0,0
"16,9",0,103413,0,0,968,4,99999,99999,99999,99999,99999,99999,0,0,0,0,0,0,0,0,0,0,0,0,0,0,0,0,0,0
"16,10",0,103413,0,0,973,4,99999,99999,99999,99999,99999,99999,0,0,0,0,0,0,0,0,0,0,0,0,0,0,0,0,0,0
"16,11",0,103413,0,0,975,4,99999,99999,99999,99999,99999,99999,0,0,0,0,0,0,0,0,0,0,0,0,0,0,0,0,0,0
"16,12",0,103413,0,0,970,4,99999,99999,99999,99999,99999,99999,0,0,0,0,0,0,0,0,0,0,0,0,0,0,0,0,0,0
"16,13",0,103413,0,0,981,4,99999,99999,99999,99999,99999,99999,0,0,0,0,0,0,0,0,0,0,0,0,0,0,0,0,0,0
"16,14",37,102893,7,1,1039,2,9,184,340,0,4,5,0.905556,0.094444,0,0,0,0,0,0.831967,0.155738,0.008197,0.004098,0,0,0,27495,180,286,106
"16,15",39,102396,7,1,1042,2,11,451,539,0,4,6,0.866667,0.083333,0.05,0,0,0,0,0.796,0.188,0.016,0,0,0,0,26222,171,286,113
"16,16",43,101865,7,1,1029,2,9,380,622,0,4,5,0.872222,0.088889,0.038889,0,0,0,0,0.8,0.177358,0.018868,0.003774,0,0,0,26408,173,317,137
"16,17",46,101599,8,1,1041,2,12,197,292,0,4,7,0.855556,0.144444,0,0,0,0,0,0.713725,0.243137,0.039216,0.003922,0,0,0,27495,180,336,156
"16,18",50,101326,8,1,1038,2,14,326,510,0,4,6,0.850829,0.127072,0.022099,0,0,0,0,0.779026,0.183521,0.029963,0.007491,0,0,0,26980,177,360,181
"16,19",37,101107,8,1,1037,2,11,513,621,0,4,8,0.85,0.088889,0.061111,0,0,0,0,0.8,0.148936,0.046809,0.004255,0,0,0,25930,169,280,106
"16,20",36,101052,9,1,1018,2,6,95,247,0,4,5,0.95082,0.043716,0.005464,0,0,0,0,0.857143,0.119691,0.019305,0.003861,0,0,0,27813,182,283,102
"16,21",43,100992,9,1,1036,2,11,258,523,0,4,5,0.872222,0.105556,0.022222,0,0,0,0,0.791339,0.185039,0.019685,0.003937,0,0,0,26882,176,320,140
"16,22",43,100933,9,1,1036,2,9,103,292,0,4,7,0.944751,0.055249,0,0,0,0,0,0.769784,0.205036,0.021583,0.003597,0,0,0,27561,181,318,137
"16,23",35,100886,9,1,1035,2,11,531,729,0,4,5,0.812834,0.096257,0.090909,0,0,0,0,0.812227,0.165939,0.021834,0,0,0,0,25989,170,270,96
"16,24",38,100839,9,1,1042,2,12,509,717,0,5,6,0.816667,0.116667,0.066667,0,0,0,0,0.79638,0.149321,0.049774,0.004525,0,0,0,25513,168,278,106
"16,25",40,100787,9,1,1031,2,12,285,558,0,4,8,0.855556,0.116667,0.027778,0,0,0,0,0.771429,0.208163,0.020408,0,0,0,0,26700,175,303,124
"16,26",39,100739,9,1,1033,2,10,103,213,0,4,6,0.944444,0.055556,0,0,0,0,0,0.810078,0.147287,0.042636,0,0,0,0,27495,180,297,117
"16,27",51,100680,9,1,1035,2,13,293,467,0,4,8,0.803279,0.185792,0.010929,0,0,0,0,0.750988,0.209486,0.027668,0.011858,0,0,0,27659,181,378,196
"16,28",43,100631,9,1,1034,2,9,175,266,0,4,5,0.888889,0.111111,0,0,0,0,0,0.801556,0.178988,0.019455,0,0,0,0,27495,180,319,139
"16,29",47,100581,9,1,1032,2,14,453,717,0,4,8,0.726316,0.231579,0.042105,0,0,0,0,0.766949,0.190678,0.033898,0.008475,0,0,0,27828,182,359,170
"16,30",47,100719,10,1,1033,2,9,504,598,0,4,4,0.827778,0.116667,0.055556,0,0,0,0,0.83691,0.158798,0.004292,0,0,0,0,25918,170,335,158
"16,31",40,100839,10,1,1037,2,14,507,643,0,4,6,0.811111,0.133333,0.055556,0,0,0,0,0.8,0.174468,0.025532,0,0,0,0,25923,170,294,119
"16,32",40,100958,10,1,1037,2,9,291,485,0,4,5,0.861111,0.127778,0.011111,0,0,0,0,0.794521,0.182648,0.022831,0,0,0,0,27164,178,301,121
"16,33",51,101296,11,1,1045,2,13,299,515,0,5,6,0.818681,0.153846,0.027473,0,0,0,0,0.723849,0.213389,0.058577,0.004184,0,0,0,27070,177,371,192
"16,34",36,101550,11,1,1037,2,9,71,129,0,4,8,0.966667,0.033333,0,0,0,0,0,0.825581,0.127907,0.03876,0.007752,0,0,0,27495,180,284,104
"16,35",39,101792,11,1,1041,2,14,534,580,0,4,5,0.711111,0.177778,0.105556,0.005556,0,0,0,0.802956,0.172414,0.019704,0.004926,0,0,0,24526,160,281,112
"16,36",46,102074,11,1,1034,2,9,164,343,0,5,7,0.916667,0.083333,0,0,0,0,0,0.754789,0.183908,0.057471,0.003831,0,0,0,27495,180,335,155
"16,37",39,102327,11,1,1021,2,9,145,264,0,4,7,0.911111,0.088889,0,0,0,0,0,0.821705,0.139535,0.034884,0.003876,0,0,0,27495,180,300,120
"16,38",42,102577,11,1,1036,2,10,122,174,0,5,6,0.938889,0.061111,0,0,0,0,0,0.762082,0.185874,0.052045,0,0,0,0,27495,180,313,133
"16,39",36,102794,11,1,1038,2,15,524,624,0,4,6,0.756906,0.143646,0.093923,0.005525,0,0,0,0.781991,0.175355,0.037915,0.004739,0,0,0,24630,163,269,99
"16,40",42,103029,11,1,1036,2,12,391,504,0,4,5,0.877778,0.094444,0.027778,0,0,0,0,0.793651,0.190476,0.011905,0.003968,0,0,0,26603,175,307,129
"16,41",50,103294,11,1,1029,2,19,368,556,0,4,7,0.733333,0.227778,0.038889,0,0,0,0,0.759657,0.218884,0.021459,0,0,0,0,26443,173,358,182
"16,42",41,103517,11,1,1031,2,10,132,220,0,4,4,0.938889,0.061111,0,0,0,0,0,0.794776,0.197761,0.007463,0,0,0,0,27495,180,308,128
"16,43",45,103746,11,1,1031,2,11,240,502,0,4,6,0.872222,0.111111,0.016667,0,0,0,0,0.785441,0.164751,0.045977,0.003831,0,0,0,27016,177,329,149
"16,44",45,103963,11,1,1038,2,19,534,681,0,4,5,0.721053,0.189474,0.078947,0.010526,0,0,0,0.78125,0.178571,0.03125,0.008929,0,0,0,26531,173,323,146
"16,45",45,104191,11,1,1032,2,11,174,334,0,4,7,0.906077,0.093923,0,0,0,0,0,0.75,0.200758,0.041667,0.003788,0.003788,0,0,27659,181,332,152
"16,46",42,104402,11,1,1037,2,11,159,270,0,4,5,0.916667,0.083333,0,0,0,0,0,0.794118,0.172794,0.029412,0,0.003676,0,0,27495,180,315,135
"16,47",37,104596,11,1,1037,2,8,80,149,0,4,8,0.972222,0.027778,0,0,0,0,0,0.773946,0.183908,0.034483,0.003831,0.003831,0,0,27495,180,288,108
"16,48",44,104654,10,1,1035,2,16,550,766,0,4,4,0.716667,0.172222,0.111111,0,0,0,0,0.777778,0.217172,0.005051,0,0,0,0,24380,160,311,138
"16,49",46,104712,10,1,1034,2,22,524,618,0,4,9,0.659574,0.260638,0.079787,0,0,0,0,0.762136,0.199029,0.024272,0.009709,0.004854,0,0,26512,173,329,153
"16,50",41,104765,10,1,1033,2,14,523,894,0,4,5,0.766667,0.127778,0.094444,0.011111,0,0,0,0.780822,0.196347,0.022831,0,0,0,0,24495,161,289,121
"16,51",39,104689,9,1,1035,2,17,508,598,0,4,8,0.724868,0.216931,0.058201,0,0,0,0,0.787736,0.174528,0.028302,0.009434,0,0,0,27155,178,300,120
"16,52",39,104617,9,1,1036,2,17,525,643,0,4,7,0.738889,0.177778,0.083333,0,0,0,0,0.812207,0.150235,0.037559,0,0,0,0,25135,165,285,112
"16,53",48,104535,9,1,1038,2,12,500,693,0,4,7,0.833333,0.111111,0.055556,0,0,0,0,0.774059,0.200837,0.020921,0.004184,0,0,0,26063,170,337,163
"16,54",49,104450,9,1,1035,2,13,299,456,0,4,7,0.833333,0.155556,0.011111,0,0,0,0,0.779592,0.17551,0.044898,0,0,0,0,27201,178,354,174
"16,55",38,104382,9,1,1038,2,9,242,541,0,4,5,0.922222,0.05,0.027778,0,0,0,0,0.809524,0.154762,0.031746,0.003968,0,0,0,26834,175,287,110
"16,56",40,104313,9,1,1036,2,7,104,180,0,4,5,0.93956,0.06044,0,0,0,0,0,0.85098,0.133333,0.015686,0,0,0,0,27725,182,302,121
"16,57",42,104242,9,1,1041,2,12,226,395,0,4,8,0.832432,0.167568,0,0,0,0,0,0.813559,0.15678,0.021186,0.004237,0.004237,0,0,28283,185,316,134
"16,58",50,104170,9,1,1040,2,19,537,620,0,4,5,0.722222,0.138889,0.138889,0,0,0,0,0.763636,0.195455,0.036364,0.004545,0,0,0,23594,155,327,164
"16,59",35,104110,9,1,1032,2,9,87,223,0,4,7,0.955556,0.044444,0,0,0,0,0,0.816,0.152,0.024,0.008,0,0,0,27495,180,277,97
"16,60",38,104046,9,1,1039,2,12,287,487,0,4,8,0.838889,0.155556,0.005556,0,0,0,0,0.793991,0.171674,0.030043,0.004292,0,0,0,27344,179,291,111
"16,61",38,103895,8,1,1032,2,8,173,299,0,4,5,0.922222,0.077778,0,0,0,0,0,0.8125,0.164062,0.023438,0,0,0,0,27495,180,293,113
"16,62",40,103739,8,1,1040,2,10,123,186,0,4,7,0.927778,0.072222,0,0,0,0,0,0.803922,0.156863,0.035294,0.003922,0,0,0,27495,180,302,122
"16,63",42,103584,8,1,1031,2,8,151,283,0,4,5,0.911111,0.088889,0,0,0,0,0,0.823077,0.138462,0.038462,0,0,0,0,27495,180,315,135
"16,64",42,103287,7,1,1030,2,13,252,394,0,4,7,0.856354,0.143646,0,0,0,0,0,0.777778,0.194444,0.02381,0.003968,0,0,0,27659,181,315,135
"16,65",40,103003,7,1,1039,2,12,125,242,0,4,5,0.928177,0.071823,0,0,0,0,0,0.769517,0.211896,0.018587,0,0,0,0,27561,181,305,124
"16,66",40,102731,7,1,1028,2,10,334,571,0,4,5,0.878453,0.099448,0.022099,0,0,0,0,0.793774,0.190661,0.015564,0,0,0,0,26990,177,302,122
"16,67",0,102731,0,0,975,4,99999,99999,99999,99999,99999,99999,0,0,0,0,0,0,0,0,0,0,0,0,0,0,0,0,0,0
"16,68",0,102731,0,0,973,4,99999,99999,99999,99999,99999,99999,0,0,0,0,0,0,0,0,0,0,0,0,0,0,0,0,0,0
"16,69",0,102731,0,0,978,4,99999,99999,99999,99999,99999,99999,0,0,0,0,0,0,0,0,0,0,0,0,0,0,0,0,0,0
"16,70",0,102731,0,0,972,4,99999,99999,99999,99999,99999,99999,0,0,0,0,0,0,0,0,0,0,0,0,0,0,0,0,0,0
"16,71",0,102731,0,0,969,4,99999,99999,99999,99999,99999,99999,0,0,0,0,0,0,0,0,0,0,0,0,0,0,0,0,0,0
"16,72",0,102731,0,0,970,4,99999,99999,99999,99999,99999,99999,0,0,0,0,0,0,0,0,0,0,0,0,0,0,0,0,0,0
"16,73",0,102731,0,0,975,4,99999,99999,99999,99999,99999,99999,0,0,0,0,0,0,0,0,0,0,0,0,0,0,0,0,0,0
"16,74",0,102731,0,0,975,4,99999,99999,99999,99999,99999,99999,0,0,0,0,0,0,0,0,0,0,0,0,0,0,0,0,0,0
"17,1",0,0,0,0,970,4,99999,99999,99999,99999,99999,99999,0,0,0,0,0,0,0,0,0,0,0,0,0,0,0,0,0,0
"17,2",0,0,0,0,970,4,99999,99999,99999,99999,99999,99999,0,0,0,0,0,0,0,0,0,0,0,0,0,0,0,0,0,0
"17,3",0,0,0,0,974,4,99999,99999,99999,99999,99999,99999,0,0,0,0,0,0,0,0,0,0,0,0,0,0,0,0,0,0
"17,4",0,0,0,0,979,4,99999,99999,99999,99999,99999,99999,0,0,0,0,0,0,0,0,0,0,0,0,0,0,0,0,0,0
"17,5",0,0,0,0,977,4,99999,99999,99999,99999,99999,99999,0,0,0,0,0,0,0,0,0,0,0,0,0,0,0,0,0,0
"17,6",0,0,0,0,978,4,99999,99999,99999,99999,99999,99999,0,0,0,0,0,0,0,0,0,0,0,0,0,0,0,0,0,0
"17,7",0,0,0,0,963,4,99999,99999,99999,99999,99999,99999,0,0,0,0,0,0,0,0,0,0,0,0,0,0,0,0,0,0
"17,8",0,0,0,0,973,4,99999,99999,99999,99999,99999,99999,0,0,0,0,0,0,0,0,0,0,0,0,0,0,0,0,0,0
"17,9",0,0,0,0,975,4,99999,99999,99999,99999,99999,99999,0,0,0,0,0,0,0,0,0,0,0,0,0,0,0,0,0,0
"17,10",0,0,0,0,971,4,99999,99999,99999,99999,99999,99999,0,0,0,0,0,0,0,0,0,0,0,0,0,0,0,0,0,0
"17,11",0,0,0,0,971,4,99999,99999,99999,99999,99999,99999,0,0,0,0,0,0,0,0,0,0,0,0,0,0,0,0,0,0
"17,12",0,0,0,0,968,4,99999,99999,99999,99999,99999,99999,0,0,0,0,0,0,0,0,0,0,0,0,0,0,0,0,0,0
"17,13",0,0,0,0,978,4,99999,99999,99999,99999,99999,99999,0,0,0,0,0,0,0,0,0,0,0,0,0,0,0,0,0,0
"17,14",0,0,0,0,975,4,99999,99999,99999,99999,99999,99999,0,0,0,0,0,0,0,0,0,0,0,0,0,0,0,0,0,0
"17,15",35,73125,7,1,1030,2,10,529,731,0,4,7,0.811111,0.116667,0.072222,0,0,0,0,0.852679,0.111607,0.03125,0.004464,0,0,0,25414,167,271,95
"17,16",36,73125,7,1,1033,2,9,67,113,0,4,7,0.967033,0.032967,0,0,0,0,0,0.804598,0.164751,0.02682,0.003831,0,0,0,27777,182,283,103
"17,17",46,73125,7,1,1032,2,18,422,561,0,4,8,0.772222,0.194444,0.033333,0,0,0,0,0.739669,0.22314,0.028926,0.008264,0,0,0,26500,174,336,156
"17,18",46,77064,8,1,1026,2,11,212,378,0,4,5,0.888889,0.111111,0,0,0,0,0,0.813953,0.170543,0.011628,0.003876,0,0,0,27495,180,336,156
"17,19",42,79217,8,1,1032,2,9,152,325,0,4,6,0.911111,0.088889,0,0,0,0,0,0.807692,0.176923,0.011538,0.003846,0,0,0,27495,180,311,131
"17,20",42,82244,9,1,1038,2,10,181,370,0,4,5,0.9,0.1,0,0,0,0,0,0.803846,0.169231,0.026923,0,0,0,0,27495,180,311,131
"17,21",47,84639,9,1,1035,2,10,126,257,0,4,5,0.939227,0.060773,0,0,0,0,0,0.8,0.178571,0.021429,0,0,0,0,27659,181,346,166
"17,22",43,86272,9,1,1041,2,10,343,514,0,4,7,0.844444,0.138889,0.016667,0,0,0,0,0.779528,0.181102,0.03937,0,0,0,0,27117,177,318,138
"17,23",45,87565,9,1,1027,2,11,175,295,0,4,9,0.885246,0.114754,0,0,0,0,0,0.785714,0.169173,0.030075,0.015038,0,0,0,27843,183,333,152
"17,24",48,88647,9,1,1045,2,18,363,512,0,5,7,0.822222,0.15,0.027778,0,0,0,0,0.747036,0.193676,0.059289,0,0,0,0,26781,175,352,172
"17,25",39,89406,9,1,1040,2,13,341,510,0,5,8,0.856354,0.127072,0.016575,0,0,0,0,0.752101,0.172269,0.067227,0.008403,0,0,0,27124,178,296,117
"17,26",41,90076,9,1,1027,2,8,101,219,0,4,6,0.944444,0.055556,0,0,0,0,0,0.79927,0.149635,0.051095,0,0,0,0,27495,180,310,130
"17,27",37,90585,9,1,1040,2,11,413,546,0,4,6,0.877778,0.077778,0.044444,0,0,0,0,0.79476,0.183406,0.0131,0.004367,0.004367,0,0,26368,172,280,106
"17,28",35,91031,9,1,1029,2,9,93,305,0,4,8,0.95,0.05,0,0,0,0,0,0.786561,0.162055,0.039526,0.011858,0,0,0,27495,180,277,97
"17,29",37,91409,9,1,1036,2,12,516,547,0,4,6,0.826316,0.105263,0.068421,0,0,0,0,0.795918,0.167347,0.036735,0,0,0,0,27061,177,288,109
"17,30",45,91818,9,1,1031,2,10,335,539,0,4,6,0.844444,0.138889,0.011111,0.005556,0,0,0,0.805195,0.160173,0.034632,0,0,0,0,26999,177,330,150
"17,31",37,92833,10,1,1037,2,18,447,559,0,4,5,0.7,0.261111,0.038889,0,0,0,0,0.78866,0.170103,0.036082,0.005155,0,0,0,26294,173,284,107
"17,32",42,93747,10,1,1038,2,14,504,551,0,5,8,0.75,0.194444,0.05,0.005556,0,0,0,0.771845,0.169903,0.048544,0.009709,0,0,0,25970,170,298,126
"17,33",39,94534,10,1,1045,2,18,518,736,0,4,6,0.733333,0.172222,0.094444,0,0,0,0,0.796875,0.15625,0.046875,0,0,0,0,24780,163,282,112
"17,34",46,95344,10,1,1033,2,15,490,538,0,4,5,0.761111,0.188889,0.05,0,0,0,0,0.771689,0.210046,0.018265,0,0,0,0,26080,171,324,150
"17,35",41,96583,11,1,1024,2,9,104,315,0,4,6,0.944444,0.055556,0,0,0,0,0,0.803636,0.16,0.025455,0.010909,0,0,0,27495,180,309,129
"17,36",35,97642,11,1,1035,2,8,132,459,0,4,6,0.944444,0.05,0.005556,0,0,0,0,0.849593,0.126016,0.020325,0.004065,0,0,0,27354,179,278,98
"17,37",37,98649,11,1,1037,2,9,60,131,0,4,6,0.983333,0.016667,0,0,0,0,0,0.805243,0.168539,0.026217,0,0,0,0,27495,180,286,106
"17,38",35,99457,11,1,1036,2,12,532,752,0,4,5,0.739583,0.145833,0.114583,0,0,0,0,0.809955,0.176471,0.00905,0,0.004525,0,0,25907,170,270,95
"17,39",38,100303,11,1,1039,2,11,97,198,0,5,8,0.95,0.05,0,0,0,0,0,0.791339,0.153543,0.047244,0.003937,0.003937,0,0,27495,180,291,111
"17,40",43,101164,11,1,1028,2,11,208,509,0,4,5,0.895954,0.086705,0.017341,0,0,0,0,0.793893,0.175573,0.030534,0,0,0,0,26002,170,306,134
"17,41",42,101926,11,1,1036,2,15,508,565,0,4,7,0.811111,0.127778,0.061111,0,0,0,0,0.734694,0.22449,0.040816,0,0,0,0,25809,169,303,129
"17,42",45,102692,11,1,1040,2,14,390,538,0,4,5,0.85,0.122222,0.027778,0,0,0,0,0.754864,0.210117,0.035019,0,0,0,0,26699,175,326,147
"17,43",43,103359,11,1,1028,2,11,503,569,0,4,6,0.844444,0.1,0.055556,0,0,0,0,0.77686,0.190083,0.024793,0.008264,0,0,0,26009,170,310,135
"17,44",38,103951,11,1,1036,2,10,267,503,0,4,5,0.883978,0.099448,0.016575,0,0,0,0,0.834711,0.128099,0.03719,0,0,0,0,27159,178,289,110
"17,45",37,104468,11,1,1045,2,16,531,744,0,4,5,0.788043,0.108696,0.103261,0,0,0,0,0.762791,0.204651,0.032558,0,0,0,0,25148,165,268,100
"17,46",40,104629,10,1,1033,2,13,362,517,0,4,8,0.807692,0.164835,0.027473,0,0,0,0,0.802752,0.16055,0.036697,0,0,0,0,27198,177,295,119
"17,47",48,104807,10,1,1034,2,14,265,413,0,4,8,0.866667,0.133333,0,0,0,0,0,0.777328,0.190283,0.024291,0.004049,0.004049,0,0,27495,180,352,172
"17,48",51,104973,10,1,1027,2,11,274,507,0,4,6,0.831522,0.152174,0.016304,0,0,0,0,0.824,0.164,0.012,0,0,0,0,27574,181,369,189
"17,49",43,105113,10,1,1046,2,18,327,560,0,4,9,0.840426,0.132979,0.026596,0,0,0,0,0.733871,0.229839,0.024194,0.012097,0,0,0,27776,183,323,139
"17,50",52,104856,9,1,1023,2,17,383,519,0,4,5,0.772222,0.205556,0.022222,0,0,0,0,0.82684,0.155844,0.017316,0,0,0,0,26744,176,378,200
"17,51",43,104649,9,1,1028,2,11,243,374,0,4,5,0.89011,0.10989,0,0,0,0,0,0.786822,0.186047,0.027132,0,0,0,0,27777,182,317,137
"17,52",45,104453,9,1,1022,2,14,419,544,0,4,5,0.843243,0.118919,0.037838,0,0,0,0,0.782443,0.194656,0.022901,0,0,0,0,27267,178,331,149
"17,53",49,104247,9,1,1041,2,11,140,386,0,5,6,0.938889,0.061111,0,0,0,0,0,0.747212,0.193309,0.05948,0,0,0,0,27495,180,359,179
"17,54",39,104088,9,1,1039,2,13,394,608,0,4,6,0.75,0.21875,0.03125,0,0,0,0,0.776256,0.191781,0.027397,0.004566,0,0,0,28391,186,312,123
"17,55",43,103919,9,1,1030,2,9,94,205,0,4,5,0.955556,0.044444,0,0,0,0,0,0.828467,0.153285,0.018248,0,0,0,0,27495,180,318,138
"17,56",38,103775,9,1,1036,2,10,337,526,0,4,6,0.866667,0.116667,0.016667,0,0,0,0,0.810127,0.156118,0.033755,0,0,0,0,26944,177,289,110
"17,57",41,103627,9,1,1033,2,8,69,127,0,4,8,0.966851,0.033149,0,0,0,0,0,0.755474,0.19708,0.043796,0.00365,0,0,0,27561,181,310,129
"17,58",37,103496,9,1,1029,2,8,78,205,0,4,4,0.955801,0.044199,0,0,0,0,0,0.810811,0.177606,0.007722,0.003861,0,0,0,27659,181,286,106
"17,59",44,103357,9,1,1028,2,10,505,634,0,4,5,0.79558,0.143646,0.060773,0,0,0,0,0.797468,0.181435,0.021097,0,0,0,0,26150,170,325,146
"17,60",39,103237,9,1,1038,2,14,450,527,0,4,6,0.777778,0.183333,0.038889,0,0,0,0,0.809524,0.166667,0.02381,0,0,0,0,26440,173,296,116
"17,61",37,102928,8,1,1032,2,8,201,437,0,4,8,0.900552,0.093923,0.005525,0,0,0,0,0.831967,0.135246,0.02459,0.008197,0,0,0,27494,180,289,109
"17,62",39,102617,8,1,1032,2,9,61,161,0,4,4,0.972222,0.027778,0,0,0,0,0,0.804428,0.191882,0.00369,0,0,0,0,27495,180,299,119
"17,63",38,102050,7,1,1038,2,10,133,208,0,4,7,0.923077,0.076923,0,0,0,0,0,0.806452,0.165323,0.028226,0,0,0,0,27777,182,295,114
"17,64",38,101506,7,1,1046,2,11,294,509,0,4,11,0.866667,0.111111,0.022222,0,0,0,0,0.766667,0.195833,0.020833,0.0125,0.004167,0,0,26949,176,290,112
"17,65",43,100929,7,1,1036,2,14,275,487,0,4,7,0.844444,0.144444,0.011111,0,0,0,0,0.758065,0.217742,0.020161,0.004032,0,0,0,27164,178,319,139
"17,66",0,100929,0,0,969,4,99999,99999,99999,99999,99999,99999,0,0,0,0,0,0,0,0,0,0,0,0,0,0,0,0,0,0
"17,67",0,100929,0,0,975,4,99999,99999,99999,99999,99999,99999,0,0,0,0,0,0,0,0,0,0,0,0,0,0,0,0,0,0
"17,68",0,100929,0,0,978,4,99999,99999,99999,99999,99999,99999,0,0,0,0,0,0,0,0,0,0,0,0,0,0,0,0,0,0
"17,69",0,100929,0,0,972,4,99999,99999,99999,99999,99999,99999,0,0,0,0,0,0,0,0,0,0,0,0,0,0,0,0,0,0
"17,70",0,100929,0,0,981,4,99999,99999,99999,99999,99999,99999,0,0,0,0,0,0,0,0,0,0,0,0,0,0,0,0,0,0
"17,71",0,100929,0,0,976,4,99999,99999,99999,99999,99999,99999,0,0,0,0,0,0,0,0,0,0,0,0,0,0,0,0,0,0
"17,72",0,100929,0,0,972,4,99999,99999,99999,99999,99999,99999,0,0,0,0,0,0,0,0,0,0,0,0,0,0,0,0,0,0
"17,73",0,100929,0,0,975,4,99999,99999,99999,99999,99999,99999,0,0,0,0,0,0,0,0,0,0,0,0,0,0,0,0,0,0
"17,74",0,100929,0,0,973,4,99999,99999,99999,99999,99999,99999,0,0,0,0,0,0,0,0,0,0,0,0,0,0,0,0,0,0
"18,1",0,100929,0,0,965,4,99999,99999,99999,99999,99999,99999,0,0,0,0,0,0,0,0,0,0,0,0,0,0,0,0,0,0
"18,2",0,100929,0,0,973,4,99999,99999,99999,99999,99999,99999,0,0,0,0,0,0,0,0,0,0,0,0,0,0,0,0,0,0
"18,3",0,100929,0,0,982,4,99999,99999,99999,99999,99999,99999,0,0,0,0,0,0,0,0,0,0,0,0,0,0,0,0,0,0
"18,4",0,100929,0,0,976,4,99999,99999,99999,99999,99999,99999,0,0,0,0,0,0,0,0,0,0,0,0,0,0,0,0,0,0
"18,5",0,100929,0,0,980,4,99999,99999,99999,99999,99999,99999,0,0,0,0,0,0,0,0,0,0,0,0,0,0,0,0,0,0
"18,6",0,100929,0,0,979,4,99999,99999,99999,99999,99999,99999,0,0,0,0,0,0,0,0,0,0,0,0,0,0,0,0,0,0
"18,7",0,100929,0,0,982,4,99999,99999,99999,99999,99999,99999,0,0,0,0,0,0,0,0,0,0,0,0,0,0,0,0,0,0
"18,8",0,100929,0,0,968,4,99999,99999,99999,99999,99999,99999,0,0,0,0,0,0,0,0,0,0,0,0,0,0,0,0,0,0
"18,9",0,100929,0,0,965,4,99999,99999,99999,99999,99999,99999,0,0,0,0,0,0,0,0,0,0,0,0,0,0,0,0,0,0
"18,10",0,100929,0,0,979,4,99999,99999,99999,99999,99999,99999,0,0,0,0,0,0,0,0,0,0,0,0,0,0,0,0,0,0
"18,11",0,100929,0,0,967,4,99999,99999,99999,99999,99999,99999,0,0,0,0,0,0,0,0,0,0,0,0,0,0,0,0,0,0
"18,12",0,100929,0,0,965,4,99999,99999,99999,99999,99999,99999,0,0,0,0,0,0,0,0,0,0,0,0,0,0,0,0,0,0
"18,13",0,100929,0,0,978,4,99999,99999,99999,99999,99999,99999,0,0,0,0,0,0,0,0,0,0,0,0,0,0,0,0,0,0
"18,14",0,100929,0,0,970,4,99999,99999,99999,99999,99999,99999,0,0,0,0,0,0,0,0,0,0,0,0,0,0,0,0,0,0
"18,15",37,100426,7,1,1039,2,8,171,276,0,4,8,0.9,0.1,0,0,0,0,0,0.8,0.183333,0.016667,0,0,0,0,27495,180,290,110
"18,16",39,99930,7,1,1033,2,9,266,555,0,4,5,0.888889,0.083333,0.027778,0,0,0,0,0.795918,0.187755,0.016327,0,0,0,0,26917,175,294,117
"18,17",37,99463,7,1,1037,2,9,47,72,0,4,7,1,0,0,0,0,0,0,0.778986,0.181159,0.032609,0.003623,0.003623,0,0,27495,180,286,106
"18,18",43,99251,8,1,1030,2,11,226,502,0,4,6,0.861111,0.116667,0.022222,0,0,0,0,0.803213,0.168675,0.024096,0.004016,0,0,0,26872,176,316,136
"18,19",39,99056,8,1,1038,2,11,488,703,0,4,4,0.833333,0.116667,0.05,0,0,0,0,0.793991,0.197425,0.008584,0,0,0,0,26099,171,292,116
"18,20",42,98857,8,1,1032,2,12,331,530,0,4,5,0.866667,0.1,0.033333,0,0,0,0,0.758755,0.217899,0.023346,0,0,0,0,26639,174,312,132
"18,21",34,98835,9,1,1033,2,9,132,391,0,4,4,0.938889,0.061111,0,0,0,0,0,0.833333,0.15873,0.007937,0,0,0,0,27495,180,273,93
"18,22",43,98812,9,1,1039,2,12,234,352,0,4,7,0.844444,0.155556,0,0,0,0,0,0.788618,0.178862,0.03252,0,0,0,0,27495,180,317,137
"18,23",35,98792,9,1,1035,2,8,114,448,0,4,5,0.938889,0.05,0.011111,0,0,0,0,0.826772,0.153543,0.019685,0,0,0,0,27120,178,280,100
"18,24",40,98771,9,1,1036,2,11,135,213,0,4,9,0.916667,0.083333,0,0,0,0,0,0.793893,0.156489,0.034351,0.015267,0,0,0,27495,180,305,125
"18,25",41,98751,9,1,1040,2,16,507,691,0,4,6,0.75,0.194444,0.055556,0,0,0,0,0.782222,0.191111,0.026667,0,0,0,0,25938,170,298,124
"18,26",41,98731,9,1,1028,2,8,100,167,0,4,6,0.944444,0.055556,0,0,0,0,0,0.835165,0.135531,0.025641,0.003663,0,0,0,27495,180,306,126
"18,27",47,98712,9,1,1039,2,17,530,963,0,4,9,0.716667,0.144444,0.122222,0.016667,0,0,0,0.783654,0.1875,0.014423,0.014423,0,0,0,23694,155,309,146
"18,28",39,98694,9,1,1036,2,9,156,313,0,4,5,0.916667,0.083333,0,0,0,0,0,0.861224,0.118367,0.020408,0,0,0,0,27495,180,299,119
"18,29",40,98677,9,1,1038,2,17,597,746,0,5,6,0.73262,0.122995,0.144385,0,0,0,0,0.771689,0.173516,0.050228,0,0.004566,0,0,24329,160,293,118
"18,30",35,98661,9,1,1039,2,10,510,541,0,4,6,0.85,0.094444,0.055556,0,0,0,0,0.825328,0.152838,0.017467,0.004367,0,0,0,26015,170,267,95
"18,31",43,98643,9,1,1036,2,30,507,636,0,4,6,0.644444,0.294444,0.061111,0,0,0,0,0.794118,0.158824,0.041176,0.005882,0,0,0,25617,169,317,137
"18,32",45,98624,9,1,1029,2,13,231,416,0,4,5,0.838889,0.155556,0.005556,0,0,0,0,0.804255,0.178723,0.017021,0,0,0,0,27376,179,333,153
"18,33",38,98773,10,1,1035,2,12,512,623,0,4,5,0.866667,0.072222,0.061111,0,0,0,0,0.810924,0.163866,0.021008,0.004202,0,0,0,25809,169,289,110
"18,34",44,98903,10,1,1049,1,177,614,762,0,4,6,0.462766,0.202128,0.335106,0,0,0,0,0.736842,0.223684,0.039474,0,0,0,0,19029,125,260,117
"18,35",42,99047,10,1,1041,2,16,517,992,0,4,8,0.744444,0.166667,0.072222,0.016667,0,0,0,0.787879,0.186869,0.020202,0,0.005051,0,0,25031,164,295,124
"18,36",42,99192,10,1,1043,2,21,530,707,0,4,5,0.737968,0.171123,0.090909,0,0,0,0,0.812808,0.157635,0.029557,0,0,0,0,26100,170,297,127
"18,37",40,99325,10,1,1029,2,11,505,550,0,4,8,0.844444,0.094444,0.05,0.011111,0,0,0,0.829268,0.138211,0.028455,0.004065,0,0,0,25708,169,289,118
"18,38",43,99630,11,1,1048,2,20,518,546,0,5,8,0.730769,0.208791,0.049451,0.010989,0,0,0,0.744292,0.187215,0.068493,0,0,0,0,26290,171,304,132
"18,39",40,99911,11,1,1040,2,12,482,684,0,4,7,0.834254,0.116022,0.049724,0,0,0,0,0.822511,0.142857,0.030303,0.004329,0,0,0,26377,172,292,118
"18,40",39,100191,11,1,1032,2,11,314,520,0,4,8,0.839779,0.143646,0.016575,0,0,0,0,0.785088,0.175439,0.035088,0.004386,0,0,0,27110,178,296,116
"18,41",38,100457,11,1,1041,2,9,121,222,0,4,7,0.938889,0.061111,0,0,0,0,0,0.75,0.2,0.042308,0.007692,0,0,0,27495,180,291,111
"18,42",49,100769,11,1,1031,2,20,378,507,0,5,9,0.783333,0.2,0.016667,0,0,0,0,0.708,0.224,0.052,0.012,0,0.004,0,27017,177,359,179
"18,43",41,100882,10,1,1048,2,11,118,220,0,4,7,0.944444,0.055556,0,0,0,0,0,0.763566,0.197674,0.031008,0.007752,0,0,0,27495,180,308,128
"18,44",39,100987,10,1,1032,2,11,364,712,0,4,7,0.855556,0.105556,0.038889,0,0,0,0,0.820175,0.149123,0.026316,0,0.004386,0,0,26294,173,293,117
"18,45",55,101122,10,1,1033,2,12,449,522,0,4,7,0.788889,0.166667,0.044444,0,0,0,0,0.762115,0.198238,0.030837,0.004405,0.004405,0,0,26586,174,404,224
"18,46",36,101218,10,1,1030,2,11,504,651,0,4,5,0.761111,0.183333,0.055556,0,0,0,0,0.85567,0.128866,0.010309,0.005155,0,0,0,26081,170,283,104
"18,47",45,101324,10,1,1035,2,13,293,450,0,4,5,0.833333,0.166667,0,0,0,0,0,0.811159,0.167382,0.017167,0.004292,0,0,0,27495,180,330,150
"18,48",46,101276,9,1,1033,2,20,489,626,0,4,6,0.712707,0.237569,0.049724,0,0,0,0,0.774038,0.211538,0.004808,0.009615,0,0,0,26279,172,328,152
"18,49",40,101234,9,1,1034,2,11,515,701,0,4,4,0.797814,0.114754,0.087432,0,0,0,0,0.808612,0.181818,0.009569,0,0,0,0,25619,168,289,116
"18,50",46,101187,9,1,1036,2,15,359,497,0,5,10,0.79235,0.196721,0.010929,0,0,0,0,0.729958,0.206751,0.050633,0.008439,0.004219,0,0,27635,181,340,159
"18,51",39,101146,9,1,1035,2,15,345,503,0,4,8,0.828125,0.151042,0.020833,0,0,0,0,0.766667,0.1875,0.045833,0,0,0,0,28686,188,312,124
"18,52",41,101104,9,1,1041,2,12,264,501,0,4,5,0.872222,0.105556,0.022222,0,0,0,0,0.785425,0.182186,0.032389,0,0,0,0,26782,176,306,126
"18,53",38,101066,9,1,1029,2,11,284,509,0,5,8,0.86413,0.11413,0.021739,0,0,0,0,0.810573,0.114537,0.066079,0.008811,0,0,0,27455,180,293,112
"18,54",38,101028,9,1,1033,2,7,111,168,0,4,6,0.938889,0.061111,0,0,0,0,0,0.792829,0.187251,0.015936,0.003984,0,0,0,27495,180,291,111
"18,55",38,100989,9,1,1036,2,12,508,775,0,4,6,0.783333,0.155556,0.061111,0,0,0,0,0.808889,0.155556,0.035556,0,0,0,0,25888,169,286,110
"18,56",39,100951,9,1,1042,2,10,99,243,0,4,6,0.95,0.05,0,0,0,0,0,0.782101,0.18677,0.027237,0.003891,0,0,0,27495,180,299,119
"18,57",36,100919,9,1,1034,2,11,532,706,0,4,7,0.829545,0.073864,0.096591,0,0,0,0,0.764444,0.2,0.035556,0,0,0,0,24107,159,263,97
"18,58",36,100885,9,1,1041,2,12,362,501,0,4,9,0.830601,0.153005,0.016393,0,0,0,0,0.80786,0.144105,0.034934,0.0131,0,0,0,27495,180,283,103
"18,59",40,100850,9,1,1032,2,12,397,527,0,4,5,0.811111,0.172222,0.016667,0,0,0,0,0.785124,0.177686,0.03719,0,0,0,0,27134,177,300,121
"18,60",39,100720,8,1,1030,2,9,473,844,0,4,5,0.877778,0.072222,0.044444,0.005556,0,0,0,0.803279,0.172131,0.02459,0,0,0,0,25970,171,293,116
"18,61",48,100572,8,1,1027,2,13,238,502,0,4,8,0.846154,0.137363,0.016484,0,0,0,0,0.773585,0.177358,0.041509,0.007547,0,0,0,27359,179,349,169
"18,62",49,100428,8,1,1036,2,12,254,402,0,4,6,0.816667,0.183333,0,0,0,0,0,0.784,0.196,0.016,0,0.004,0,0,27495,180,353,173
"18,63",44,100139,7,1,1030,2,10,258,417,0,4,7,0.837838,0.156757,0.005405,0,0,0,0,0.798387,0.157258,0.044355,0,0,0,0,28159,184,327,144
"18,64",39,99876,7,1,1037,2,9,116,191,0,4,5,0.938889,0.061111,0,0,0,0,0,0.799257,0.185874,0.01487,0,0,0,0,27495,180,298,118
"18,65",38,99620,7,1,1038,2,10,329,486,0,4,7,0.866667,0.122222,0.011111,0,0,0,0,0.799163,0.16318,0.033473,0.004184,0,0,0,27130,178,295,115
"18,66",0,99620,0,0,983,4,99999,99999,99999,99999,99999,99999,0,0,0,0,0,0,0,0,0,0,0,0,0,0,0,0,0,0
"18,67",0,99620,0,0,971,4,99999,99999,99999,99999,99999,99999,0,0,0,0,0,0,0,0,0,0,0,0,0,0,0,0,0,0
"18,68",0,99620,0,0,974,4,99999,99999,99999,99999,99999,99999,0,0,0,0,0,0,0,0,0,0,0,0,0,0,0,0,0,0
"18,69",0,99620,0,0,971,4,99999,99999,99999,99999,99999,99999,0,0,0,0,0,0,0,0,0,0,0,0,0,0,0,0,0,0
"18,70",0,99620,0,0,966,4,99999,99999,99999,99999,99999,99999,0,0,0,0,0,0,0,0,0,0,0,0,0,0,0,0,0,0
"18,71",0,99620,0,0,967,4,99999,99999,99999,99999,99999,99999,0,0,0,0,0,0,0,0,0,0,0,0,0,0,0,0,0,0
"18,72",0,99620,0,0,972,4,99999,99999,99999,99999,99999,99999,0,0,0,0,0,0,0,0,0,0,0,0,0,0,0,0,0,0
"18,73",0,99620,0,0,973,4,99999,99999,99999,99999,99999,99999,0,0,0,0,0,0,0,0,0,0,0,0,0,0,0,0,0,0
"18,74",0,99620,0,0,972,4,99999,99999,99999,99999,99999,99999,0,0,0,0,0,0,0,0,0,0,0,0,0,0,0,0,0,0
"19,1",0,0,0,0,962,4,99999,99999,99999,99999,99999,99999,0,0,0,0,0,0,0,0,0,0,0,0,0,0,0,0,0,0
"19,2",0,0,0,0,977,4,99999,99999,99999,99999,99999,99999,0,0,0,0,0,0,0,0,0,0,0,0,0,0,0,0,0,0
"19,3",0,0,0,0,974,4,99999,99999,99999,99999,99999,99999,0,0,0,0,0,0,0,0,0,0,0,0,0,0,0,0,0,0
"19,4",0,0,0,0,972,4,99999,99999,99999,99999,99999,99999,0,0,0,0,0,0,0,0,0,0,0,0,0,0,0,0,0,0
"19,5",0,0,0,0,966,4,99999,99999,99999,99999,99999,99999,0,0,0,0,0,0,0,0,0,0,0,0,0,0,0,0,0,0
"19,6",0,0,0,0,976,4,99999,99999,99999,99999,99999,99999,0,0,0,0,0,0,0,0,0,0,0,0,0,0,0,0,0,0
"19,7",0,0,0,0,965,4,99999,99999,99999,99999,99999,99999,0,0,0,0,0,0,0,0,0,0,0,0,0,0,0,0,0,0
"19,8",0,0,0,0,973,4,99999,99999,99999,99999,99999,99999,0,0,0,0,0,0,0,0,0,0,0,0,0,0,0,0,0,0
"19,9",0,0,0,0,972,4,99999,99999,99999,99999,99999,99999,0,0,0,0,0,0,0,0,0,0,0,0,0,0,0,0,0,0
"19,10",0,0,0,0,969,4,99999,99999,99999,99999,99999,99999,0,0,0,0,0,0,0,0,0,0,0,0,0,0,0,0,0,0
"19,11",0,0,0,0,964,4,99999,99999,99999,99999,99999,99999,0,0,0,0,0,0,0,0,0,0,0,0,0,0,0,0,0,0
"19,12",0,0,0,0,969,4,99999,99999,99999,99999,99999,99999,0,0,0,0,0,0,0,0,0,0,0,0,0,0,0,0,0,0
"19,13",0,0,0,0,974,4,99999,99999,99999,99999,99999,99999,0,0,0,0,0,0,0,0,0,0,0,0,0,0,0,0,0,0
"19,14",0,0,0,0,977,4,99999,99999,99999,99999,99999,99999,0,0,0,0,0,0,0,0,0,0,0,0,0,0,0,0,0,0
"19,15",0,0,0,0,977,4,99999,99999,99999,99999,99999,99999,0,0,0,0,0,0,0,0,0,0,0,0,0,0,0,0,0,0
"19,16",42,73125,7,1,1034,2,9,117,220,0,4,5,0.933333,0.066667,0,0,0,0,0,0.78327,0.190114,0.026616,0,0,0,0,27495,180,311,131
"19,17",36,73125,7,1,1037,2,12,513,550,0,4,8,0.85,0.072222,0.072222,0.005556,0,0,0,0.817391,0.143478,0.030435,0.008696,0,0,0,25391,166,265,97
"19,18",39,73125,7,1,1034,2,10,127,200,0,4,6,0.922222,0.077778,0,0,0,0,0,0.787645,0.177606,0.027027,0.003861,0.003861,0,0,27495,180,299,119
"19,19",49,77274,8,1,1037,2,15,257,342,0,4,8,0.838889,0.161111,0,0,0,0,0,0.754864,0.210117,0.027237,0.007782,0,0,0,27495,180,359,179
"19,20",40,79358,8,1,1035,2,11,245,449,0,4,8,0.894444,0.094444,0.011111,0,0,0,0,0.770161,0.205645,0.024194,0,0,0,0,27246,178,301,121
"19,21",44,80802,8,1,1032,2,9,164,503,0,4,5,0.922222,0.061111,0.016667,0,0,0,0,0.827715,0.149813,0.022472,0,0,0,0,27118,177,326,146
"19,22",37,83064,9,1,1040,2,10,86,244,0,4,4,0.955556,0.044444,0,0,0,0,0,0.832061,0.156489,0.003817,0.007634,0,0,0,27495,180,287,107
"19,23",41,84905,9,1,1033,2,8,118,334,0,4,7,0.94086,0.05914,0,0,0,0,0,0.823529,0.154412,0.018382,0.003676,0,0,0,28421,186,311,129
"19,24",39,86281,9,1,1043,2,10,216,335,0,4,5,0.878453,0.121547,0,0,0,0,0,0.778723,0.204255,0.012766,0.004255,0,0,0,27561,181,299,118
"19,25",43,87425,9,1,1037,2,15,466,706,0,4,6,0.773481,0.176796,0.049724,0,0,0,0,0.761905,0.194805,0.04329,0,0,0,0,26204,172,313,136
"19,26",38,88311,9,1,1028,2,8,252,400,0,4,6,0.911111,0.083333,0.005556,0,0,0,0,0.813953,0.162791,0.023256,0,0,0,0,27383,179,293,113
"19,27",40,89068,9,1,1033,2,8,85,225,0,4,5,0.95,0.05,0,0,0,0,0,0.815094,0.162264,0.022642,0,0,0,0,27495,180,302,122
"19,28",40,89676,9,1,1029,2,9,513,541,0,4,7,0.844444,0.072222,0.083333,0,0,0,0,0.844156,0.116883,0.038961,0,0,0,0,25355,165,281,113
"19,29",42,90253,9,1,1036,2,11,154,287,0,4,7,0.922222,0.077778,0,0,0,0,0,0.74717,0.222642,0.026415,0.003774,0,0,0,27495,180,315,135
"19,30",42,90742,9,1,1041,2,13,268,501,0,5,9,0.855556,0.127778,0.016667,0,0,0,0,0.748971,0.185185,0.053498,0.012346,0,0,0,27085,177,314,135
"19,31",42,91150,9,1,1037,2,14,519,540,0,4,5,0.755556,0.161111,0.083333,0,0,0,0,0.785047,0.196262,0.014019,0.004673,0,0,0,25203,165,295,125
"19,32",37,91487,9,1,1040,2,18,529,588,0,4,6,0.683333,0.216667,0.1,0,0,0,0,0.814815,0.15873,0.026455,0,0,0,0,24870,162,268,100
"19,33",48,91866,9,1,1038,2,48,555,626,0,4,5,0.556757,0.345946,0.097297,0,0,0,0,0.764706,0.194118,0.041176,0,0,0,0,25710,167,351,169
"19,34",43,92178,9,1,1039,2,12,267,430,0,4,6,0.855556,0.138889,0.005556,0,0,0,0,0.814159,0.163717,0.017699,0.004425,0,0,0,27287,179,321,141
"19,35",53,93227,10,1,1018,2,10,432,530,0,4,4,0.811111,0.144444,0.044444,0,0,0,0,0.828,0.164,0.008,0,0,0,0,26250,172,381,205
"19,36",42,94031,10,1,1036,2,15,536,754,0,4,8,0.733333,0.177778,0.088889,0,0,0,0,0.759615,0.201923,0.028846,0.009615,0,0,0,25096,164,309,132
"19,37",42,94725,10,1,1030,2,17,595,707,0,4,5,0.711111,0.166667,0.122222,0,0,0,0,0.785366,0.190244,0.02439,0,0,0,0,24331,158,304,129
"19,38",51,95495,10,1,1032,2,13,427,585,0,4,5,0.822222,0.138889,0.038889,0,0,0,0,0.769231,0.210526,0.020243,0,0,0,0,26380,173,372,192
"19,39",43,96110,10,1,1039,2,11,265,566,0,4,6,0.822222,0.155556,0.022222,0,0,0,0,0.795556,0.173333,0.031111,0,0,0,0,26868,176,317,137
"19,40",41,96636,10,1,1028,2,12,308,575,0,4,5,0.85,0.122222,0.027778,0,0,0,0,0.83913,0.126087,0.034783,0,0,0,0,26723,175,306,127
"19,41",44,97161,10,1,1030,2,23,359,460,0,4,4,0.729282,0.259669,0.01105,0,0,0,0,0.800926,0.194444,0.00463,0,0,0,0,27245,179,329,148
"19,42",43,97637,10,1,1030,2,11,193,404,0,4,6,0.872222,0.127778,0,0,0,0,0,0.812,0.164,0.024,0,0,0,0,27495,180,320,140
"19,43",37,98004,10,1,1035,2,24,598,712,0,4,6,0.648352,0.142857,0.208791,0,0,0,0,0.765027,0.196721,0.038251,0,0,0,0,22007,144,259,97
"19,44",47,98425,10,1,1029,2,25,537,697,0,4,5,0.672043,0.247312,0.080645,0,0,0,0,0.770833,0.192708,0.036458,0,0,0,0,26162,171,334,157
"19,45",46,98828,10,1,1038,2,18,454,532,0,4,8,0.723757,0.243094,0.033149,0,0,0,0,0.758621,0.211823,0.019704,0.009852,0,0,0,26826,175,331,153
"19,46",39,98788,9,1,1042,2,25,582,767,0,4,7,0.690608,0.220994,0.088398,0,0,0,0,0.759358,0.197861,0.037433,0.005348,0,0,0,25249,165,293,116
"19,47",43,98747,9,1,1032,2,10,338,476,0,4,5,0.816667,0.177778,0.005556,0,0,0,0,0.8125,0.151786,0.03125,0.004464,0,0,0,27361,179,317,137
"19,48",40,98710,9,1,1035,2,10,179,323,0,4,7,0.9,0.1,0,0,0,0,0,0.784553,0.186992,0.02439,0.004065,0,0,0,27495,180,305,125
"19,49",39,98677,9,1,1035,2,10,335,582,0,4,5,0.857143,0.120879,0.021978,0,0,0,0,0.790984,0.196721,0.012295,0,0,0,0,27251,178,296,116
"19,50",42,98643,9,1,1035,2,9,368,538,0,5,5,0.855556,0.111111,0.033333,0,0,0,0,0.759494,0.185654,0.054852,0,0,0,0,26488,174,306,129
"19,51",35,98613,9,1,1045,2,18,505,601,0,4,9,0.711111,0.233333,0.055556,0,0,0,0,0.734694,0.214286,0.035714,0.015306,0,0,0,26055,170,279,100
"19,52",37,98583,9,1,1038,2,9,261,502,0,4,6,0.877778,0.094444,0.027778,0,0,0,0,0.837607,0.111111,0.047009,0.004274,0,0,0,26685,175,290,110
"19,53",43,98554,9,1,1027,2,8,143,246,0,4,5,0.911111,0.088889,0,0,0,0,0,0.822642,0.158491,0.018868,0,0,0,0,27495,180,319,139
"19,54",41,98527,9,1,1029,2,12,329,553,0,4,6,0.873626,0.093407,0.032967,0,0,0,0,0.821429,0.150794,0.019841,0,0.007937,0,0,26832,176,305,128
"19,55",41,98501,9,1,1033,2,11,391,674,0,4,6,0.861111,0.105556,0.033333,0,0,0,0,0.776471,0.196078,0.027451,0,0,0,0,26709,174,306,127
"19,56",44,98477,9,1,1037,2,12,502,516,0,4,8,0.833333,0.111111,0.055556,0,0,0,0,0.794872,0.17094,0.029915,0,0,0.004274,0,25980,170,313,139
"19,57",41,98455,9,1,1037,2,18,533,668,0,4,8,0.712707,0.160221,0.127072,0,0,0,0,0.777778,0.181818,0.035354,0.005051,0,0,0,24277,158,277,116
"19,58",36,98434,9,1,1035,2,11,474,528,0,4,6,0.846154,0.104396,0.049451,0,0,0,0,0.812227,0.161572,0.026201,0,0,0,0,26300,173,276,102
"19,59",44,98182,8,1,1034,2,11,110,212,0,4,6,0.939227,0.060773,0,0,0,0,0,0.767025,0.197133,0.035842,0,0,0,0,27659,181,323,143
"19,60",42,97952,8,1,1038,2,15,274,460,0,4,8,0.827778,0.166667,0.005556,0,0,0,0,0.763485,0.20332,0.033195,0,0,0,0,27312,179,313,133
"19,61",47,97708,8,1,1036,2,14,226,329,0,4,5,0.85,0.15,0,0,0,0,0,0.774809,0.198473,0.022901,0.003817,0,0,0,27495,180,341,161
"19,62",40,97206,7,1,1040,2,11,294,510,0,4,6,0.85,0.133333,0.016667,0,0,0,0,0.779167,0.183333,0.0375,0,0,0,0,26957,177,302,122
"19,63",38,96722,7,1,1034,2,8,86,209,0,4,5,0.961111,0.038889,0,0,0,0,0,0.808989,0.172285,0.018727,0,0,0,0,27495,180,294,114
"19,64",41,96236,7,1,1031,2,10,250,325,0,4,6,0.872222,0.127778,0,0,0,0,0,0.794466,0.181818,0.019763,0.003953,0,0,0,27495,180,309,129
"19,65",0,96236,0,0,980,4,99999,99999,99999,99999,99999,99999,0,0,0,0,0,0,0,0,0,0,0,0,0,0,0,0,0,0
"19,66",0,96236,0,0,975,4,99999,99999,99999,99999,99999,99999,0,0,0,0,0,0,0,0,0,0,0,0,0,0,0,0,0,0
"19,67",0,96236,0,0,967,4,99999,99999,99999,99999,99999,99999,0,0,0,0,0,0,0,0,0,0,0,0,0,0,0,0,0,0
"19,68",0,96236,0,0,978,4,99999,99999,99999,99999,99999,99999,0,0,0,0,0,0,0,0,0,0,0,0,0,0,0,0,0,0
"19,69",0,96236,0,0,966,4,99999,99999,99999,99999,99999,99999,0,0,0,0,0,0,0,0,0,0,0,0,0,0,0,0,0,0
"19,70",0,96236,0,0,964,4,99999,99999,99999,99999,99999,99999,0,0,0,0,0,0,0,0,0,0,0,0,0,0,0,0,0,0
"19,71",0,96236,0,0,973,4,99999,99999,99999,99999,99999,99999,0,0,0,0,0,0,0,0,0,0,0,0,0,0,0,0,0,0
"19,72",0,96236,0,0,980,4,99999,99999,99999,99999,99999,99999,0,0,0,0,0,0,0,0,0,0,0,0,0,0,0,0,0,0
"19,73",0,96236,0,0,976,4,99999,99999,99999,99999,99999,99999,0,0,0,0,0,0,0,0,0,0,0,0,0,0,0,0,0,0
"19,74",0,96236,0,0,972,4,99999,99999,99999,99999,99999,99999,0,0,0,0,0,0,0,0,0,0,0,0,0,0,0,0,0,0
"20,1",0,96236,0,0,976,4,99999,99999,99999,99999,99999,99999,0,0,0,0,0,0,0,0,0,0,0,0,0,0,0,0,0,0
"20,2",0,96236,0,0,979,4,99999,99999,99999,99999,99999,99999,0,0,0,0,0,0,0,0,0,0,0,0,0,0,0,0,0,0
"20,3",0,96236,0,0,976,4,99999,99999,99999,99999,99999,99999,0,0,0,0,0,0,0,0,0,0,0,0,0,0,0,0,0,0
"20,4",0,96236,0,0,972,4,99999,99999,99999,99999,99999,99999,0,0,0,0,0,0,0,0,0,0,0,0,0,0,0,0,0,0
"20,5",0,96236,0,0,971,4,99999,99999,99999,99999,99999,99999,0,0,0,0,0,0,0,0,0,0,0,0,0,0,0,0,0,0
"20,6",0,96236,0,0,982,4,99999,99999,99999,99999,99999,99999,0,0,0,0,0,0,0,0,0,0,0,0,0,0,0,0,0,0
"20,7",0,96236,0,0,973,4,99999,99999,99999,99999,99999,99999,0,0,0,0,0,0,0,0,0,0,0,0,0,0,0,0,0,0
"20,8",0,96236,0,0,973,4,99999,99999,99999,99999,99999,99999,0,0,0,0,0,0,0,0,0,0,0,0,0,0,0,0,0,0
"20,9",0,96236,0,0,972,4,99999,99999,99999,99999,99999,99999,0,0,0,0,0,0,0,0,0,0,0,0,0,0,0,0,0,0
"20,10",0,96236,0,0,977,4,99999,99999,99999,99999,99999,99999,0,0,0,0,0,0,0,0,0,0,0,0,0,0,0,0,0,0
"20,11",0,96236,0,0,977,4,99999,99999,99999,99999,99999,99999,0,0,0,0,0,0,0,0,0,0,0,0,0,0,0,0,0,0
"20,12",0,96236,0,0,978,4,99999,99999,99999,99999,99999,99999,0,0,0,0,0,0,0,0,0,0,0,0,0,0,0,0,0,0
"20,13",0,96236,0,0,963,4,99999,99999,99999,99999,99999,99999,0,0,0,0,0,0,0,0,0,0,0,0,0,0,0,0,0,0
"20,14",0,96236,0,0,971,4,99999,99999,99999,99999,99999,99999,0,0,0,0,0,0,0,0,0,0,0,0,0,0,0,0,0,0
"20,15",0,96236,0,0,968,4,99999,99999,99999,99999,99999,99999,0,0,0,0,0,0,0,0,0,0,0,0,0,0,0,0,0,0
"20,16",37,95798,7,1,1040,2,13,367,588,0,4,6,0.822222,0.155556,0.022222,0,0,0,0,0.76087,0.213043,0.026087,0,0,0,0,26920,176,290,110
"20,17",44,95333,7,1,1045,2,13,273,377,0,4,7,0.816667,0.183333,0,0,0,0,0,0.778723,0.182979,0.034043,0.004255,0,0,0,27495,180,324,144
"20,18",38,94918,7,1,1041,2,11,200,323,0,4,8,0.883333,0.116667,0,0,0,0,0,0.752101,0.214286,0.029412,0.004202,0,0,0,27495,180,292,112
"20,19",43,94781,8,1,1029,2,10,183,296,0,4,7,0.9,0.1,0,0,0,0,0,0.759843,0.204724,0.031496,0.003937,0,0,0,27495,180,317,137
"20,20",43,94649,8,1,1039,2,11,500,594,0,4,7,0.883333,0.061111,0.055556,0,0,0,0,0.769811,0.196226,0.033962,0,0,0,0,25888,170,319,139
"20,21",39,94530,8,1,1037,2,12,461,542,0,4,6,0.834254,0.127072,0.038674,0,0,0,0,0.771186,0.190678,0.033898,0.004237,0,0,0,26560,174,295,117
"20,22",42,94583,9,1,1029,2,10,85,161,0,6,8,0.961111,0.038889,0,0,0,0,0,0.781362,0.146953,0.071685,0,0,0,0,27495,180,315,135
"20,23",43,94635,9,1,1037,2,11,256,407,0,4,6,0.883333,0.116667,0,0,0,0,0,0.746094,0.234375,0.019531,0,0,0,0,27495,180,321,141
"20,24",46,94688,9,1,1040,2,10,166,311,0,4,8,0.900552,0.099448,0,0,0,0,0,0.75188,0.218045,0.022556,0.007519,0,0,0,27561,181,336,155
"20,25",39,94734,9,1,1034,2,9,68,119,0,4,5,0.977778,0.022222,0,0,0,0,0,0.817518,0.160584,0.021898,0,0,0,0,27495,180,300,120
"20,26",43,94781,9,1,1047,2,15,291,579,0,5,9,0.827778,0.144444,0.027778,0,0,0,0,0.778226,0.16129,0.048387,0.012097,0,0,0,26718,175,318,139
"20,27",51,94835,9,1,1034,2,15,520,667,0,4,7,0.723757,0.19337,0.082873,0,0,0,0,0.788288,0.171171,0.036036,0.004505,0,0,0,25426,166,356,183
"20,28",50,94884,9,1,1040,2,17,448,532,0,4,6,0.811111,0.15,0.038889,0,0,0,0,0.790795,0.192469,0.016736,0,0,0,0,26510,173,355,178
"20,29",42,94928,9,1,1039,2,9,235,542,0,4,8,0.922222,0.055556,0.022222,0,0,0,0,0.792157,0.168627,0.031373,0.007843,0,0,0,26887,176,313,133
"20,30",36,94965,9,1,1045,2,11,505,876,0,4,9,0.85,0.088889,0.05,0.011111,0,0,0,0.793103,0.163793,0.030172,0.012931,0,0,0,25861,169,270,98
"20,31",39,95001,9,1,1034,2,12,505,617,0,4,6,0.811111,0.122222,0.066667,0,0,0,0,0.809302,0.162791,0.027907,0,0,0,0,25574,168,286,112
"20,32",40,95037,9,1,1041,2,14,511,601,0,4,7,0.777778,0.144444,0.077778,0,0,0,0,0.753247,0.212121,0.034632,0,0,0,0,25583,166,296,121
"20,33",37,95071,9,1,1042,2,12,366,519,0,4,6,0.783333,0.194444,0.022222,0,0,0,0,0.781553,0.194175,0.019417,0.004854,0,0,0,26678,176,288,109
"20,34",55,95116,9,1,1034,2,11,317,495,0,4,5,0.824176,0.164835,0.010989,0,0,0,0,0.772358,0.207317,0.020325,0,0,0,0,27441,180,405,225
"20,35",54,95158,9,1,1035,2,30,514,563,0,4,4,0.688889,0.216667,0.094444,0,0,0,0,0.815534,0.174757,0.009709,0,0,0,0,24811,163,389,212
"20,36",40,95190,9,1,1040,2,19,521,570,0,4,5,0.68306,0.245902,0.071038,0,0,0,0,0.796703,0.186813,0.016484,0,0,0,0,25924,170,295,119
"20,37",44,95224,9,1,1030,2,11,224,330,0,4,6,0.850829,0.149171,0,0,0,0,0,0.807531,0.171548,0.020921,0,0,0,0,27659,181,326,146
"20,38",36,95254,9,1,1034,2,11,461,590,0,4,6,0.794444,0.161111,0.044444,0,0,0,0,0.771429,0.190476,0.038095,0,0,0,0,26347,172,284,105
"20,39",42,95284,9,1,1034,2,14,412,534,0,4,8,0.811111,0.144444,0.044444,0,0,0,0,0.791667,0.166667,0.037037,0.00463,0,0,0,26381,172,301,127
"20,40",44,95482,10,1,1033,2,25,532,840,0,4,7,0.638889,0.277778,0.077778,0.005556,0,0,0,0.831522,0.13587,0.027174,0.005435,0,0,0,25235,165,309,137
"20,41",51,95516,9,1,1038,2,21,380,471,0,5,9,0.740331,0.254144,0.005525,0,0,0,0,0.765258,0.173709,0.046948,0.014085,0,0,0,27419,180,375,194
"20,42",35,95540,9,1,1038,2,14,509,632,0,4,5,0.761111,0.177778,0.061111,0,0,0,0,0.806931,0.163366,0.029703,0,0,0,0,25747,169,279,100
"20,43",44,95565,9,1,1036,2,14,347,521,0,4,6,0.827778,0.144444,0.027778,0,0,0,0,0.788382,0.174274,0.033195,0.004149,0,0,0,26810,175,319,142
"20,44",40,95590,9,1,1029,2,11,282,540,0,4,5,0.827778,0.155556,0.016667,0,0,0,0,0.834101,0.138249,0.02765,0,0,0,0,26960,177,305,125
"20,45",41,95614,9,1,1038,2,14,471,555,0,4,5,0.777778,0.172222,0.05,0,0,0,0,0.779904,0.200957,0.019139,0,0,0,0,26354,171,300,125
"20,46",41,95637,9,1,1028,2,13,335,449,0,4,8,0.79235,0.202186,0.005464,0,0,0,0,0.785388,0.173516,0.03653,0.004566,0,0,0,27809,182,312,131
"20,47",45,95661,9,1,1033,2,14,393,510,0,4,6,0.75,0.227778,0.022222,0,0,0,0,0.786364,0.181818,0.027273,0.004545,0,0,0,26897,176,326,147
"20,48",43,95684,9,1,1038,2,13,305,508,0,5,8,0.853261,0.125,0.021739,0,0,0,0,0.766129,0.181452,0.048387,0.004032,0,0,0,27371,180,316,137
"20,49",52,95709,9,1,1038,2,17,502,618,0,4,5,0.684492,0.262032,0.053476,0,0,0,0,0.770732,0.204878,0.02439,0,0,0,0,27048,177,384,203
"20,50",43,95731,9,1,1039,2,11,141,260,0,4,5,0.896175,0.103825,0,0,0,0,0,0.812261,0.153257,0.034483,0,0,0,0,27951,183,322,141
"20,51",41,95751,9,1,1040,2,15,486,567,0,4,6,0.770833,0.182292,0.041667,0.005208,0,0,0,0.821739,0.143478,0.030435,0.004348,0,0,0,27994,183,321,134
"20,52",49,95774,9,1,1037,2,17,327,482,0,4,7,0.777778,0.211111,0.011111,0,0,0,0,0.752066,0.210744,0.03719,0,0,0,0,27205,178,355,175
"20,53",43,95794,9,1,1033,2,10,322,513,0,4,5,0.884615,0.087912,0.027473,0,0,0,0,0.812749,0.167331,0.01992,0,0,0,0,27028,177,320,139
"20,54",41,95811,9,1,1035,2,19,544,735,0,4,8,0.711111,0.116667,0.172222,0,0,0,0,0.790476,0.166667,0.033333,0.004762,0.004762,0,0,22865,149,272,114
"20,55",40,95829,9,1,1034,2,11,500,644,0,4,8,0.861111,0.083333,0.05,0.005556,0,0,0,0.821862,0.153846,0.024291,0,0,0,0,25989,170,289,116
"20,56",44,95848,9,1,1029,2,10,95,229,0,4,5,0.955801,0.044199,0,0,0,0,0,0.789655,0.17931,0.027586,0.003448,0,0,0,27659,181,322,142
"20,57",37,95865,9,1,1032,2,8,86,143,0,4,8,0.961111,0.038889,0,0,0,0,0,0.824903,0.155642,0.007782,0.011673,0,0,0,27495,180,287,107
"20,58",42,95883,9,1,1035,2,17,326,423,0,4,8,0.801075,0.193548,0.005376,0,0,0,0,0.787755,0.187755,0.020408,0.004082,0,0,0,28230,185,324,139
"20,59",38,95800,8,1,1032,2,10,117,282,0,4,6,0.939227,0.060773,0,0,0,0,0,0.848,0.128,0.02,0.004,0,0,0,27659,181,294,114
"20,60",41,95717,8,1,1032,2,16,521,644,0,4,6,0.73545,0.190476,0.074074,0,0,0,0,0.825328,0.144105,0.026201,0.004367,0,0,0,26646,175,312,129
"20,61",49,95625,8,1,1035,2,20,502,560,0,4,7,0.744444,0.194444,0.061111,0,0,0,0,0.762295,0.20082,0.036885,0,0,0,0,25934,169,349,173
"20,62",42,95393,7,1,1042,2,13,381,514,0,4,8,0.833333,0.144444,0.022222,0,0,0,0,0.732794,0.238866,0.024291,0,0.004049,0,0,26883,176,313,133
"20,63",43,95162,7,1,1041,2,14,399,739,0,4,6,0.8,0.161111,0.038889,0,0,0,0,0.815126,0.172269,0.012605,0,0,0,0,26442,173,319,140
"20,64",45,94944,7,1,1039,2,15,541,596,0,4,6,0.811111,0.066667,0.122222,0,0,0,0,0.761702,0.221277,0.017021,0,0,0,0,24178,158,312,143
"20,65",0,94944,0,0,969,4,99999,99999,99999,99999,99999,99999,0,0,0,0,0,0,0,0,0,0,0,0,0,0,0,0,0,0
"20,66",0,94944,0,0,976,4,99999,99999,99999,99999,99999,99999,0,0,0,0,0,0,0,0,0,0,0,0,0,0,0,0,0,0
"20,67",0,94944,0,0,973,4,99999,99999,99999,99999,99999,99999,0,0,0,0,0,0,0,0,0,0,0,0,0,0,0,0,0,0
"20,68",0,94944,0,0,966,4,99999,99999,99999,99999,99999,99999,0,0,0,0,0,0,0,0,0,0,0,0,0,0,0,0,0,0
"20,69",0,94944,0,0,976,4,99999,99999,99999,99999,99999,99999,0,0,0,0,0,0,0,0,0,0,0,0,0,0,0,0,0,0
"20,70",0,94944,0,0,974,4,99999,99999,99999,99999,99999,99999,0,0,0,0,0,0,0,0,0,0,0,0,0,0,0,0,0,0
"20,71",0,94944,0,0,974,4,99999,99999,99999,99999,99999,99999,0,0,0,0,0,0,0,0,0,0,0,0,0,0,0,0,0,0
"20,72",0,94944,0,0,964,4,99999,99999,99999,99999,99999,99999,0,0,0,0,0,0,0,0,0,0,0,0,0,0,0,0,0,0
"20,73",0,94944,0,0,977,4,99999,99999,99999,99999,99999,99999,0,0,0,0,0,0,0,0,0,0,0,0,0,0,0,0,0,0
"20,74",0,94944,0,0,973,4,99999,99999,99999,99999,99999,99999,0,0,0,0,0,0,0,0,0,0,0,0,0,0,0,0,0,0
"21,1",0,0,0,0,972,4,99999,99999,99999,99999,99999,99999,0,0,0,0,0,0,0,0,0,0,0,0,0,0,0,0,0,0
"21,2",0,0,0,0,971,4,99999,99999,99999,99999,99999,99999,0,0,0,0,0,0,0,0,0,0,0,0,0,0,0,0,0,0
"21,3",0,0,0,0,979,4,99999,99999,99999,99999,99999,99999,0,0,0,0,0,0,0,0,0,0,0,0,0,0,0,0,0,0
"21,4",0,0,0,0,963,4,99999,99999,99999,99999,99999,99999,0,0,0,0,0,0,0,0,0,0,0,0,0,0,0,0,0,0
"21,5",0,0,0,0,980,4,99999,99999,99999,99999,99999,99999,0,0,0,0,0,0,0,0,0,0,0,0,0,0,0,0,0,0
"21,6",0,0,0,0,968,4,99999,99999,99999,99999,99999,99999,0,0,0,0,0,0,0,0,0,0,0,0,0,0,0,0,0,0
"21,7",0,0,0,0,964,4,99999,99999,99999,99999,99999,99999,0,0,0,0,0,0,0,0,0,0,0,0,0,0,0,0,0,0
"21,8",0,0,0,0,963,4,99999,99999,99999,99999,99999,99999,0,0,0,0,0,0,0,0,0,0,0,0,0,0,0,0,0,0
"21,9",0,0,0,0,963,4,99999,99999,99999,99999,99999,99999,0,0,0,0,0,0,0,0,0,0,0,0,0,0,0,0,0,0
"21,10",0,0,0,0,969,4,99999,99999,99999,99999,99999,99999,0,0,0,0,0,0,0,0,0,0,0,0,0,0,0,0,0,0
"21,11",0,0,0,0,965,4,99999,99999,99999,99999,99999,99999,0,0,0,0,0,0,0,0,0,0,0,0,0,0,0,0,0,0
"21,12",0,0,0,0,981,4,99999,99999,99999,99999,99999,99999,0,0,0,0,0,0,0,0,0,0,0,0,0,0,0,0,0,0
"21,13",0,0,0,0,974,4,99999,99999,99999,99999,99999,99999,0,0,0,0,0,0,0,0,0,0,0,0,0,0,0,0,0,0
"21,14",0,0,0,0,965,4,99999,99999,99999,99999,99999,99999,0,0,0,0,0,0,0,0,0,0,0,0,0,0,0,0,0,0
"21,15",0,0,0,0,984,4,99999,99999,99999,99999,99999,99999,0,0,0,0,0,0,0,0,0,0,0,0,0,0,0,0,0,0
"21,16",0,0,0,0,978,4,99999,99999,99999,99999,99999,99999,0,0,0,0,0,0,0,0,0,0,0,0,0,0,0,0,0,0
"21,17",43,73125,7,1,1037,2,13,236,390,0,4,6,0.866667,0.133333,0,0,0,0,0,0.781377,0.186235,0.02834,0.004049,0,0,0,27495,180,316,136
"21,18",46,73125,7,1,1033,2,9,143,296,0,4,5,0.917127,0.082873,0,0,0,0,0,0.792593,0.185185,0.022222,0,0,0,0,27659,181,335,155
"21,19",40,73125,7,1,1038,2,10,124,336,0,4,8,0.927778,0.072222,0,0,0,0,0,0.766537,0.194553,0.038911,0,0,0,0,27495,180,302,122
"21,20",47,76950,8,1,1036,2,11,164,301,0,4,6,0.901099,0.098901,0,0,0,0,0,0.769231,0.18315,0.047619,0,0,0,0,27777,182,347,166
"21,21",39,78950,8,1,1035,2,9,289,557,0,4,6,0.888889,0.077778,0.033333,0,0,0,0,0.818898,0.149606,0.031496,0,0,0,0,26459,174,295,118
"21,22",38,80329,8,1,1040,2,10,319,434,0,4,6,0.85,0.15,0,0,0,0,0,0.800847,0.173729,0.025424,0,0,0,0,27495,180,292,112
"21,23",41,82677,9,1,1045,2,13,304,412,0,4,6,0.838889,0.155556,0.005556,0,0,0,0,0.800847,0.165254,0.033898,0,0,0,0,27361,179,307,127
"21,24",40,84394,9,1,1033,2,10,505,608,0,4,6,0.844444,0.088889,0.066667,0,0,0,0,0.802521,0.168067,0.029412,0,0,0,0,25640,168,287,116
"21,25",46,85956,9,1,1037,2,11,149,223,0,4,6,0.911602,0.088398,0,0,0,0,0,0.797753,0.161049,0.037453,0.003745,0,0,0,27561,181,341,160
"21,26",46,87193,9,1,1030,2,11,197,375,0,4,5,0.883333,0.116667,0,0,0,0,0,0.821429,0.15873,0.019841,0,0,0,0,27495,180,337,157
"21,27",36,88051,9,1,1035,2,12,242,527,0,4,8,0.880435,0.097826,0.021739,0,0,0,0,0.802469,0.164609,0.028807,0.004115,0,0,0,27518,180,281,103
"21,28",36,88775,9,1,1040,2,11,156,500,0,4,8,0.921875,0.0625,0.015625,0,0,0,0,0.784615,0.169231,0.038462,0.007692,0,0,0,28999,190,296,107
"21,29",41,89444,9,1,1045,2,12,185,290,0,4,8,0.9,0.1,0,0,0,0,0,0.772908,0.183267,0.035857,0.003984,0,0.003984,0,27495,180,307,127
"21,30",36,89987,9,1,1038,2,11,234,493,0,4,6,0.901639,0.087432,0.010929,0,0,0,0,0.840336,0.113445,0.042017,0.004202,0,0,0,27632,181,287,106
"21,31",41,90481,9,1,1038,2,10,250,516,0,4,8,0.872222,0.1,0.027778,0,0,0,0,0.757202,0.193416,0.041152,0.00823,0,0,0,26773,175,308,128
"21,32",43,90933,9,1,1040,2,10,114,225,0,4,8,0.939227,0.060773,0,0,0,0,0,0.770677,0.180451,0.041353,0.007519,0,0,0,27659,181,318,138
"21,33",37,91296,9,1,1033,2,9,109,191,0,4,4,0.934066,0.065934,0,0,0,0,0,0.824219,0.164062,0.011719,0,0,0,0,27777,182,290,110
"21,34",44,91656,9,1,1037,2,10,177,367,0,4,5,0.906077,0.093923,0,0,0,0,0,0.785992,0.190661,0.019455,0.003891,0,0,0,27659,181,326,146
"21,35",41,91965,9,1,1047,2,13,299,404,0,4,8,0.833333,0.166667,0,0,0,0,0,0.778723,0.178723,0.042553,0,0,0,0,27495,180,306,126
"21,36",47,92281,9,1,1026,2,8,277,425,0,4,6,0.861111,0.133333,0.005556,0,0,0,0,0.776423,0.207317,0.012195,0.004065,0,0,0,27327,179,341,161
"21,37",43,92536,9,1,1023,2,9,121,206,0,4,5,0.938889,0.061111,0,0,0,0,0,0.786517,0.194757,0.014981,0.003745,0,0,0,27495,180,320,140
"21,38",49,92790,9,1,1036,2,10,326,486,0,4,8,0.822222,0.166667,0.011111,0,0,0,0,0.801762,0.176211,0.013216,0.008811,0,0,0,27130,178,356,176
"21,39",42,93004,9,1,1042,2,20,502,616,0,5,8,0.727778,0.211111,0.061111,0,0,0,0,0.769231,0.177885,0.048077,0.004808,0,0,0,25585,169,309,130
"21,40",41,93187,9,1,1035,2,10,145,289,0,4,6,0.916667,0.083333,0,0,0,0,0,0.817814,0.153846,0.02834,0,0,0,0,27495,180,308,128
"21,41",43,93359,9,1,1043,2,21,698,798,0,4,4,0.679348,0.184783,0.13587,0,0,0,0,0.755208,0.234375,0.010417,0,0,0,0,24160,159,307,133
"21,42",43,93519,9,1,1044,2,14,406,706,0,4,8,0.740331,0.226519,0.033149,0,0,0,0,0.806604,0.15566,0.028302,0.004717,0.004717,0,0,26747,175,317,138
"21,43",41,93662,9,1,1041,2,13,499,597,0,4,7,0.827778,0.122222,0.05,0,0,0,0,0.78903,0.177215,0.029536,0.004219,0,0,0,26103,171,306,126
"21,44",44,93805,9,1,1041,2,13,254,549,0,4,5,0.877778,0.1,0.022222,0,0,0,0,0.802281,0.152091,0.041825,0.003802,0,0,0,26886,176,324,144
"21,45",38,93928,9,1,1027,2,9,254,426,0,4,5,0.855556,0.144444,0,0,0,0,0,0.8125,0.170833,0.016667,0,0,0,0,27495,180,291,111
"21,46",42,94045,9,1,1033,2,14,257,496,0,5,6,0.9,0.088889,0.011111,0,0,0,0,0.764259,0.178707,0.053232,0.003802,0,0,0,27170,178,312,132
"21,47",46,94163,9,1,1041,2,16,416,571,0,4,6,0.775956,0.180328,0.043716,0,0,0,0,0.799163,0.16318,0.037657,0,0,0,0,26819,175,337,156
"21,48",40,94261,9,1,1036,2,16,522,620,0,4,5,0.755556,0.177778,0.066667,0,0,0,0,0.778846,0.182692,0.038462,0,0,0,0,25798,168,298,120
"21,49",57,94390,9,1,1037,2,21,560,764,0,5,8,0.738889,0.15,0.111111,0,0,0,0,0.745902,0.196721,0.053279,0.004098,0,0,0,24506,160,423,245
"21,50",44,94483,9,1,1038,2,12,124,233,0,4,7,0.927778,0.072222,0,0,0,0,0,0.758007,0.202847,0.039146,0,0,0,0,27495,180,323,143
"21,51",46,94572,9,1,1036,2,18,400,525,0,4,8,0.78022,0.186813,0.032967,0,0,0,0,0.741036,0.219124,0.035857,0,0.003984,0,0,26830,176,335,157
"21,52",44,94656,9,1,1036,2,12,220,342,0,5,8,0.855556,0.144444,0,0,0,0,0,0.793991,0.150215,0.04721,0.008584,0,0,0,27495,180,324,144
"21,53",38,94726,9,1,1043,2,12,417,729,0,4,8,0.771739,0.184783,0.043478,0,0,0,0,0.774038,0.182692,0.038462,0.004808,0,0,0,26840,176,283,108
"21,54",34,94789,9,1,1035,2,8,352,537,0,4,9,0.911111,0.05,0.038889,0,0,0,0,0.834677,0.133065,0.020161,0.012097,0,0,0,26623,173,268,93
"21,55",39,94854,9,1,1041,2,12,398,555,0,4,6,0.827778,0.138889,0.033333,0,0,0,0,0.817391,0.152174,0.030435,0,0,0,0,26570,174,290,114
"21,56",38,94914,9,1,1040,2,17,504,544,0,4,8,0.8,0.138889,0.061111,0,0,0,0,0.748899,0.211454,0.035242,0.004405,0,0,0,25838,169,280,109
"21,57",46,94979,9,1,1040,2,13,502,633,0,4,8,0.872928,0.066298,0.060773,0,0,0,0,0.782946,0.166667,0.042636,0.003876,0.003876,0,0,26041,170,329,152
"21,58",36,94826,8,1,1039,2,11,219,420,0,4,7,0.866667,0.127778,0.005556,0,0,0,0,0.8,0.173333,0.022222,0.004444,0,0,0,27331,179,283,103
"21,59",43,94666,8,1,1034,2,12,535,548,0,4,5,0.79558,0.121547,0.082873,0,0,0,0,0.858447,0.118721,0.022831,0,0,0,0,25348,166,296,128
"21,60",44,94501,8,1,1032,2,11,306,466,0,4,6,0.861111,0.127778,0.011111,0,0,0,0,0.784232,0.186722,0.029046,0,0,0,0,27210,178,325,145
"21,61",39,94052,7,1,1039,2,11,418,541,0,4,5,0.822222,0.144444,0.033333,0,0,0,0,0.795556,0.16,0.044444,0,0,0,0,26615,174,294,116
"21,62",43,93602,7,1,1038,2,11,427,697,0,4,6,0.827778,0.127778,0.044444,0,0,0,0,0.776824,0.197425,0.025751,0,0,0,0,26270,172,311,136
"21,63",39,93167,7,1,1036,2,8,121,363,0,4,7,0.939227,0.060773,0,0,0,0,0,0.80695,0.162162,0.030888,0,0,0,0,27659,181,296,116
"21,64",0,93167,0,0,980,4,99999,99999,99999,99999,99999,99999,0,0,0,0,0,0,0,0,0,0,0,0,0,0,0,0,0,0
"21,65",0,93167,0,0,987,4,99999,99999,99999,99999,99999,99999,0,0,0,0,0,0,0,0,0,0,0,0,0,0,0,0,0,0
"21,66",0,93167,0,0,984,4,99999,99999,99999,99999,99999,99999,0,0,0,0,0,0,0,0,0,0,0,0,0,0,0,0,0,0
"21,67",0,93167,0,0,973,4,99999,99999,99999,99999,99999,99999,0,0,0,0,0,0,0,0,0,0,0,0,0,0,0,0,0,0
"21,68",0,93167,0,0,971,4,99999,99999,99999,99999,99999,99999,0,0,0,0,0,0,0,0,0,0,0,0,0,0,0,0,0,0
"21,69",0,93167,0,0,982,4,99999,99999,99999,99999,99999,99999,0,0,0,0,0,0,0,0,0,0,0,0,0,0,0,0,0,0
"21,70",0,93167,0,0,980,4,99999,99999,99999,99999,99999,99999,0,0,0,0,0,0,0,0,0,0,0,0,0,0,0,0,0,0
"21,71",0,93167,0,0,979,4,99999,99999,99999,99999,99999,99999,0,0,0,0,0,0,0,0,0,0,0,0,0,0,0,0,0,0
"21,72",0,93167,0,0,979,4,99999,99999,99999,99999,99999,99999,0,0,0,0,0,0,0,0,0,0,0,0,0,0,0,0,0,0
"21,73",0,93167,0,0,968,4,99999,99999,99999,99999,99999,99999,0,0,0,0,0,0,0,0,0,0,0,0,0,0,0,0,0,0
"21,74",0,93167,0,0,970,4,99999,99999,99999,99999,99999,99999,0,0,0,0,0,0,0,0,0,0,0,0,0,0,0,0,0,0
"22,1",0,93167,0,0,979,4,99999,99999,99999,99999,99999,99999,0,0,0,0,0,0,0,0,0,0,0,0,0,0,0,0,0,0
"22,2",0,93167,0,0,983,4,99999,99999,99999,99999,99999,99999,0,0,0,0,0,0,0,0,0,0,0,0,0,0,0,0,0,0
"22,3",0,93167,0,0,961,4,99999,99999,99999,99999,99999,99999,0,0,0,0,0,0,0,0,0,0,0,0,0,0,0,0,0,0
"22,4",0,93167,0,0,970,4,99999,99999,99999,99999,99999,99999,0,0,0,0,0,0,0,0,0,0,0,0,0,0,0,0,0,0
"22,5",0,93167,0,0,990,4,99999,99999,99999,99999,99999,99999,0,0,0,0,0,0,0,0,0,0,0,0,0,0,0,0,0,0
"22,6",0,93167,0,0,968,4,99999,99999,99999,99999,99999,99999,0,0,0,0,0,0,0,0,0,0,0,0,0,0,0,0,0,0
"22,7",0,93167,0,0,969,4,99999,99999,99999,99999,99999,99999,0,0,0,0,0,0,0,0,0,0,0,0,0,0,0,0,0,0
"22,8",0,93167,0,0,974,4,99999,99999,99999,99999,99999,99999,0,0,0,0,0,0,0,0,0,0,0,0,0,0,0,0,0,0
"22,9",0,93167,0,0,975,4,99999,99999,99999,99999,99999,99999,0,0,0,0,0,0,0,0,0,0,0,0,0,0,0,0,0,0
"22,10",0,93167,0,0,969,4,99999,99999,99999,99999,99999,99999,0,0,0,0,0,0,0,0,0,0,0,0,0,0,0,0,0,0
"22,11",0,93167,0,0,970,4,99999,99999,99999,99999,99999,99999,0,0,0,0,0,0,0,0,0,0,0,0,0,0,0,0,0,0
"22,12",0,93167,0,0,975,4,99999,99999,99999,99999,99999,99999,0,0,0,0,0,0,0,0,0,0,0,0,0,0,0,0,0,0
"22,13",0,93167,0,0,968,4,99999,99999,99999,99999,99999,99999,0,0,0,0,0,0,0,0,0,0,0,0,0,0,0,0,0,0
"22,14",0,93167,0,0,967,4,99999,99999,99999,99999,99999,99999,0,0,0,0,0,0,0,0,0,0,0,0,0,0,0,0,0,0
"22,15",0,93167,0,0,977,4,99999,99999,99999,99999,99999,99999,0,0,0,0,0,0,0,0,0,0,0,0,0,0,0,0,0,0
"22,16",0,93167,0,0,980,4,99999,99999,99999,99999,99999,99999,0,0,0,0,0,0,0,0,0,0,0,0,0,0,0,0,0,0
"22,17",43,92742,7,1,1035,2,12,221,392,0,4,5,0.866667,0.133333,0,0,0,0,0,0.779923,0.200772,0.019305,0,0,0,0,27495,180,318,138
"22,18",40,92358,7,1,1032,2,10,449,550,0,4,5,0.818182,0.144385,0.037433,0,0,0,0,0.844622,0.143426,0.011952,0,0,0,0,27389,180,304,124
"22,19",40,91982,7,1,1038,2,15,296,400,0,4,6,0.811111,0.188889,0,0,0,0,0,0.791837,0.183673,0.016327,0.008163,0,0,0,27495,180,305,125
"22,20",42,91613,7,1,1024,2,8,481,519,0,4,6,0.833333,0.11828,0.048387,0,0,0,0,0.809524,0.164502,0.025974,0,0,0,0,26944,177,308,132
"22,21",42,91535,8,1,1032,2,11,404,518,0,4,6,0.834254,0.143646,0.022099,0,0,0,0,0.810127,0.160338,0.029536,0,0,0,0,27043,177,314,134
"22,22",39,91468,8,1,1035,2,14,515,650,0,4,9,0.788889,0.105556,0.1,0.005556,0,0,0,0.8125,0.151786,0.022321,0.013393,0,0,0,24688,161,274,108
"22,23",39,91402,8,1,1046,2,11,79,163,0,5,7,0.955556,0.044444,0,0,0,0,0,0.797048,0.151292,0.051661,0,0,0,0,27495,180,297,117
"22,24",36,91506,9,1,1034,2,9,381,507,0,4,7,0.884615,0.087912,0.027473,0,0,0,0,0.818548,0.145161,0.032258,0.004032,0,0,0,27011,177,287,106
"22,25",43,91616,9,1,1032,2,13,331,501,0,4,7,0.824176,0.159341,0.016484,0,0,0,0,0.763485,0.19917,0.033195,0.004149,0,0,0,27270,179,318,137
"22,26",40,91717,9,1,1041,2,11,120,225,0,4,5,0.933333,0.066667,0,0,0,0,0,0.797753,0.17603,0.022472,0.003745,0,0,0,27495,180,304,124
"22,27",43,91818,9,1,1038,2,12,241,357,0,4,6,0.861878,0.138122,0,0,0,0,0,0.783673,0.195918,0.020408,0,0,0,0,27659,181,316,136
"22,28",38,91907,9,1,1031,2,9,473,599,0,4,5,0.861111,0.088889,0.05,0,0,0,0,0.832618,0.154506,0.012876,0,0,0,0,26288,171,286,110
"22,29",39,91997,9,1,1030,2,11,227,443,0,4,6,0.888889,0.105556,0.005556,0,0,0,0,0.813492,0.166667,0.019841,0,0,0,0,27386,179,298,118
"22,30",39,92085,9,1,1044,2,13,417,580,0,4,8,0.855556,0.1,0.044444,0,0,0,0,0.779592,0.179592,0.040816,0,0,0,0,26147,172,295,116
"22,31",46,92179,9,1,1033,2,12,126,309,0,4,6,0.922222,0.077778,0,0,0,0,0,0.780142,0.187943,0.028369,0.003546,0,0,0,27495,180,336,156
"22,32",39,92258,9,1,1036,2,10,159,303,0,4,5,0.9,0.1,0,0,0,0,0,0.810277,0.158103,0.027668,0.003953,0,0,0,27495,180,298,118
"22,33",45,92339,9,1,1046,2,18,521,564,0,4,7,0.772222,0.122222,0.105556,0,0,0,0,0.740741,0.208333,0.050926,0,0,0,0,24812,161,306,138
"22,34",39,92414,9,1,1032,2,8,87,145,0,4,5,0.955801,0.044199,0,0,0,0,0,0.79771,0.187023,0.01145,0,0.003817,0,0,27659,181,296,116
"22,35",42,92492,9,1,1041,2,12,294,432,0,4,6,0.811111,0.183333,0.005556,0,0,0,0,0.741525,0.228814,0.029661,0,0,0,0,27348,179,315,135
"22,36",41,92567,9,1,1031,2,13,389,671,0,4,8,0.818681,0.148352,0.032967,0,0,0,0,0.801688,0.168776,0.021097,0.008439,0,0,0,26933,176,309,129
"22,37",41,92638,9,1,1034,2,11,503,706,0,4,6,0.851282,0.092308,0.05641,0,0,0,0,0.782101,0.194553,0.015564,0.007782,0,0,0,28065,184,316,130
"22,38",46,92715,9,1,1044,2,19,302,401,0,5,9,0.761111,0.238889,0,0,0,0,0,0.732759,0.202586,0.051724,0.012931,0,0,0,27495,180,338,158
"22,39",41,92784,9,1,1038,2,15,484,613,0,4,7,0.835165,0.120879,0.043956,0,0,0,0,0.822314,0.140496,0.033058,0.004132,0,0,0,26496,174,308,128
"22,40",35,92844,9,1,1030,2,8,327,621,0,4,6,0.877778,0.094444,0.027778,0,0,0,0,0.819383,0.14978,0.026432,0.004405,0,0,0,26559,175,279,99
"22,41",42,92909,9,1,1038,2,12,443,596,0,4,6,0.805556,0.15,0.044444,0,0,0,0,0.792793,0.184685,0.013514,0.009009,0,0,0,26235,172,309,132
"22,42",37,92968,9,1,1033,2,12,513,566,0,4,7,0.861878,0.082873,0.055249,0,0,0,0,0.817073,0.146341,0.036585,0,0,0,0,25967,171,281,106
"22,43",39,93022,9,1,1040,2,18,536,673,0,5,8,0.705556,0.161111,0.133333,0,0,0,0,0.761194,0.179104,0.054726,0.004975,0,0,0,23931,156,266,105
"22,44",41,93081,9,1,1037,2,12,311,528,0,4,5,0.877778,0.088889,0.033333,0,0,0,0,0.804781,0.183267,0.011952,0,0,0,0,26699,174,310,130
"22,45",45,93143,9,1,1033,2,12,195,363,0,5,8,0.905556,0.094444,0,0,0,0,0,0.776119,0.171642,0.041045,0.011194,0,0,0,27495,180,328,148
"22,46",39,93199,9,1,1032,2,9,96,152,0,4,6,0.961111,0.038889,0,0,0,0,0,0.791667,0.193182,0.015152,0,0,0,0,27495,180,298,118
"22,47",41,93253,9,1,1031,2,9,79,199,0,4,6,0.955556,0.044444,0,0,0,0,0,0.790262,0.187266,0.022472,0,0,0,0,27495,180,307,127
"22,48",45,93310,9,1,1032,2,9,88,195,0,4,8,0.961111,0.038889,0,0,0,0,0,0.788194,0.180556,0.024306,0.006944,0,0,0,27495,180,332,152
"22,49",43,93363,9,1,1032,2,8,135,354,0,4,6,0.911111,0.088889,0,0,0,0,0,0.779528,0.188976,0.031496,0,0,0,0,27495,180,318,138
"22,50",40,93417,9,1,1027,2,9,362,509,0,4,7,0.855556,0.122222,0.022222,0,0,0,0,0.80083,0.161826,0.033195,0.004149,0,0,0,26874,176,304,124
"22,51",39,93464,9,1,1031,2,10,498,748,0,4,8,0.883333,0.066667,0.05,0,0,0,0,0.780876,0.175299,0.039841,0.003984,0,0,0,26027,171,287,114
"22,52",40,93510,9,1,1039,2,12,500,534,0,4,5,0.801105,0.143646,0.049724,0.005525,0,0,0,0.780269,0.197309,0.022422,0,0,0,0,26260,171,291,118
"22,53",41,93557,9,1,1028,2,9,154,286,0,4,8,0.906077,0.093923,0,0,0,0,0,0.819277,0.15261,0.02008,0.008032,0,0,0,27659,181,308,128
"22,54",44,93606,9,1,1035,2,11,148,395,0,4,5,0.9,0.1,0,0,0,0,0,0.822642,0.14717,0.018868,0.011321,0,0,0,27495,180,326,146
"22,55",37,93648,9,1,1035,2,10,453,544,0,4,6,0.85,0.1,0.05,0,0,0,0,0.857741,0.108787,0.033473,0,0,0,0,26136,171,276,103
"22,56",38,93691,9,1,1039,2,9,100,294,0,4,5,0.95,0.05,0,0,0,0,0,0.848606,0.131474,0.01992,0,0,0,0,27495,180,291,111
"22,57",42,93625,8,1,1040,2,17,441,773,0,4,7,0.761111,0.194444,0.044444,0,0,0,0,0.781395,0.195349,0.023256,0,0,0,0,26165,172,302,127
"22,58",40,93558,8,1,1046,2,12,307,489,0,4,5,0.866667,0.122222,0.011111,0,0,0,0,0.784553,0.199187,0.00813,0.004065,0.004065,0,0,27137,178,301,121
"22,59",38,93497,8,1,1036,2,12,437,704,0,4,6,0.845304,0.116022,0.038674,0,0,0,0,0.798283,0.180258,0.021459,0,0,0,0,26515,174,292,111
"22,60",41,93275,7,1,1036,2,11,90,149,0,4,8,0.955556,0.044444,0,0,0,0,0,0.769784,0.18705,0.039568,0.003597,0,0,0,27495,180,308,128
"22,61",46,93037,7,1,1030,2,12,180,311,0,4,6,0.883978,0.116022,0,0,0,0,0,0.759542,0.206107,0.034351,0,0,0,0,27659,181,337,157
"22,62",44,92828,7,1,1035,2,16,537,689,0,4,7,0.738889,0.155556,0.105556,0,0,0,0,0.781818,0.181818,0.036364,0,0,0,0,24538,161,298,133
"22,63",35,92647,7,1,1031,2,25,540,625,0,4,4,0.618785,0.248619,0.132597,0,0,0,0,0.810651,0.183432,0,0.005917,0,0,0,24319,157,258,92
"22,64",0,92647,0,0,967,4,99999,99999,99999,99999,99999,99999,0,0,0,0,0,0,0,0,0,0,0,0,0,0,0,0,0,0
"22,65",0,92647,0,0,967,4,99999,99999,99999,99999,99999,99999,0,0,0,0,0,0,0,0,0,0,0,0,0,0,0,0,0,0
"22,66",0,92647,0,0,979,4,99999,99999,99999,99999,99999,99999,0,0,0,0,0,0,0,0,0,0,0,0,0,0,0,0,0,0
"22,67",0,92647,0,0,979,4,99999,99999,99999,99999,99999,99999,0,0,0,0,0,0,0,0,0,0,0,0,0,0,0,0,0,0
"22,68",0,92647,0,0,963,4,99999,99999,99999,99999,99999,99999,0,0,0,0,0,0,0,0,0,0,0,0,0,0,0,0,0,0
"22,69",0,92647,0,0,979,4,99999,99999,99999,99999,99999,99999,0,0,0,0,0,0,0,0,0,0,0,0,0,0,0,0,0,0
"22,70",0,92647,0,0,981,4,99999,99999,99999,99999,99999,99999,0,0,0,0,0,0,0,0,0,0,0,0,0,0,0,0,0,0
"22,71",0,92647,0,0,961,4,99999,99999,99999,99999,99999,99999,0,0,0,0,0,0,0,0,0,0,0,0,0,0,0,0,0,0
"22,72",0,92647,0,0,963,4,99999,99999,99999,99999,99999,99999,0,0,0,0,0,0,0,0,0,0,0,0,0,0,0,0,0,0
"22,73",0,92647,0,0,978,4,99999,99999,99999,99999,99999,99999,0,0,0,0,0,0,0,0,0,0,0,0,0,0,0,0,0,0
"22,74",0,92647,0,0,962,4,99999,99999,99999,99999,99999,99999,0,0,0,0,0,0,0,0,0,0,0,0,0,0,0,0,0,0
"23,1",0,0,0,0,970,4,99999,99999,99999,99999,99999,99999,0,0,0,0,0,0,0,0,0,0,0,0,0,0,0,0,0,0
"23,2",0,0,0,0,966,4,99999,99999,99999,99999,99999,99999,0,0,0,0,0,0,0,0,0,0,0,0,0,0,0,0,0,0
"23,3",0,0,0,0,968,4,99999,99999,99999,99999,99999,99999,0,0,0,0,0,0,0,0,0,0,0,0,0,0,0,0,0,0
"23,4",0,0,0,0,972,4,99999,99999,99999,99999,99999,99999,0,0,0,0,0,0,0,0,0,0,0,0,0,0,0,0,0,0
"23,5",0,0,0,0,966,4,99999,99999,99999,99999,99999,99999,0,0,0,0,0,0,0,0,0,0,0,0,0,0,0,0,0,0
"23,6",0,0,0,0,979,4,99999,99999,99999,99999,99999,99999,0,0,0,0,0,0,0,0,0,0,0,0,0,0,0,0,0,0
"23,7",0,0,0,0,970,4,99999,99999,99999,99999,99999,99999,0,0,0,0,0,0,0,0,0,0,0,0,0,0,0,0,0,0
"23,8",0,0,0,0,969,4,99999,99999,99999,99999,99999,99999,0,0,0,0,0,0,0,0,0,0,0,0,0,0,0,0,0,0
"23,9",0,0,0,0,972,4,99999,99999,99999,99999,99999,99999,0,0,0,0,0,0,0,0,0,0,0,0,0,0,0,0,0,0
"23,10",0,0,0,0,979,4,99999,99999,99999,99999,99999,99999,0,0,0,0,0,0,0,0,0,0,0,0,0,0,0,0,0,0
"23,11",0,0,0,0,969,4,99999,99999,99999,99999,99999,99999,0,0,0,0,0,0,0,0,0,0,0,0,0,0,0,0,0,0
"23,12",0,0,0,0,975,4,99999,99999,99999,99999,99999,99999,0,0,0,0,0,0,0,0,0,0,0,0,0,0,0,0,0,0
"23,13",0,0,0,0,969,4,99999,99999,99999,99999,99999,99999,0,0,0,0,0,0,0,0,0,0,0,0,0,0,0,0,0,0
"23,14",0,0,0,0,966,4,99999,99999,99999,99999,99999,99999,0,0,0,0,0,0,0,0,0,0,0,0,0,0,0,0,0,0
"23,15",0,0,0,0,970,4,99999,99999,99999,99999,99999,99999,0,0,0,0,0,0,0,0,0,0,0,0,0,0,0,0,0,0
"23,16",0,0,0,0,973,4,99999,99999,99999,99999,99999,99999,0,0,0,0,0,0,0,0,0,0,0,0,0,0,0,0,0,0
"23,17",0,0,0,0,966,4,99999,99999,99999,99999,99999,99999,0,0,0,0,0,0,0,0,0,0,0,0,0,0,0,0,0,0
"23,18",41,73125,7,1,1031,2,10,86,150,0,4,5,0.961111,0.038889,0,0,0,0,0,0.817857,0.146429,0.035714,0,0,0,0,27495,180,308,128
"23,19",38,73125,7,1,1049,2,11,118,228,0,4,8,0.933333,0.066667,0,0,0,0,0,0.777344,0.179688,0.03125,0.011719,0,0,0,27495,180,293,113
"23,20",41,73125,7,1,1036,2,9,269,682,0,4,5,0.9,0.05,0.05,0,0,0,0,0.796154,0.176923,0.023077,0.003846,0,0,0,26027,171,295,121
"23,21",39,73125,7,1,1030,2,10,550,737,0,4,5,0.777778,0.105556,0.116667,0,0,0,0,0.865741,0.12037,0.013889,0,0,0,0,24567,159,282,111
"23,22",43,76199,8,1,1027,2,10,287,479,0,4,5,0.894444,0.094444,0.011111,0,0,0,0,0.817829,0.166667,0.015504,0,0,0,0,27207,178,318,138
"23,23",39,78100,8,1,1039,2,11,137,473,0,4,5,0.927778,0.061111,0.011111,0,0,0,0,0.771536,0.205993,0.022472,0,0,0,0,27215,178,297,117
"23,24",43,79524,8,1,1031,2,10,98,182,0,4,4,0.95,0.05,0,0,0,0,0,0.800738,0.188192,0.00369,0.00738,0,0,0,27495,180,316,136
"23,25",36,81602,9,1,1037,2,9,470,817,0,4,6,0.894444,0.055556,0.044444,0.005556,0,0,0,0.805556,0.166667,0.019841,0.007937,0,0,0,26118,171,275,101
"23,26",38,83327,9,1,1036,2,11,431,534,0,4,8,0.804233,0.169312,0.026455,0,0,0,0,0.792208,0.186147,0.021645,0,0,0,0,27992,184,303,118
"23,27",53,84957,9,1,1043,2,22,531,539,0,5,8,0.694444,0.183333,0.122222,0,0,0,0,0.709524,0.233333,0.052381,0.004762,0,0,0,24086,158,353,188
"23,28",44,86155,9,1,1046,2,13,254,417,0,4,5,0.831579,0.163158,0.005263,0,0,0,0,0.758755,0.214008,0.027237,0,0,0,0,28886,189,338,150
"23,29",34,87041,9,1,1038,2,9,247,501,0,4,7,0.894444,0.088889,0.016667,0,0,0,0,0.84322,0.127119,0.025424,0.004237,0,0,0,27087,177,274,94
"23,30",39,87849,9,1,1042,2,10,127,194,0,4,8,0.922222,0.077778,0,0,0,0,0,0.809524,0.146825,0.039683,0.003968,0,0,0,27495,180,296,116
"23,31",44,88587,9,1,1037,2,11,93,184,0,4,6,0.95,0.05,0,0,0,0,0,0.797101,0.173913,0.025362,0.003623,0,0,0,27495,180,327,147
"23,32",43,89202,9,1,1034,2,12,280,428,0,4,5,0.866667,0.133333,0,0,0,0,0,0.770992,0.198473,0.022901,0.007634,0,0,0,27495,180,316,136
"23,33",39,89708,9,1,1030,2,10,228,480,0,4,6,0.888889,0.1,0.011111,0,0,0,0,0.789062,0.175781,0.03125,0.003906,0,0,0,27204,178,298,118
"23,34",39,90131,9,1,1031,2,16,531,685,0,4,5,0.705556,0.2,0.083333,0.011111,0,0,0,0.810945,0.164179,0.0199,0.004975,0,0,0,25130,163,277,109
"23,35",38,90529,9,1,1034,2,7,69,179,0,4,5,0.961111,0.038889,0,0,0,0,0,0.799242,0.155303,0.045455,0,0,0,0,27495,180,293,113
"23,36",43,90896,9,1,1039,2,16,519,540,0,4,7,0.791209,0.137363,0.065934,0.005495,0,0,0,0.789916,0.159664,0.05042,0,0,0,0,25704,169,301,132
"23,37",40,91205,9,1,1038,2,13,510,728,0,4,6,0.8,0.111111,0.077778,0.011111,0,0,0,0.774468,0.191489,0.034043,0,0,0,0,24837,164,282,113
"23,38",37,91492,9,1,1040,2,9,86,159,0,4,5,0.955556,0.044444,0,0,0,0,0,0.785714,0.18254,0.031746,0,0,0,0,27495,180,290,110
"23,39",43,91769,9,1,1038,2,14,388,541,0,4,8,0.833333,0.133333,0.033333,0,0,0,0,0.787234,0.174468,0.034043,0.004255,0,0,0,26701,174,310,134
"23,40",45,92033,9,1,1039,2,11,519,531,0,4,7,0.8,0.105556,0.094444,0,0,0,0,0.787234,0.165957,0.046809,0,0,0,0,24742,163,325,148
"23,41",37,92263,9,1,1036,2,11,188,354,0,4,6,0.883333,0.116667,0,0,0,0,0,0.79661,0.173729,0.029661,0,0,0,0,27495,180,290,110
"23,42",45,92490,9,1,1034,2,12,384,490,0,4,7,0.827778,0.161111,0.011111,0,0,0,0,0.789683,0.166667,0.035714,0.007937,0,0,0,27124,178,333,153
"23,43",49,92706,9,1,1023,2,12,506,550,0,4,5,0.834254,0.104972,0.049724,0.01105,0,0,0,0.778656,0.193676,0.023715,0.003953,0,0,0,25881,170,341,168
"23,44",40,92884,9,1,1028,2,9,93,302,0,4,5,0.95,0.05,0,0,0,0,0,0.772388,0.201493,0.022388,0.003731,0,0,0,27495,180,304,124
"23,45",42,93053,9,1,1030,2,12,445,551,0,4,8,0.805556,0.155556,0.038889,0,0,0,0,0.811966,0.153846,0.029915,0.004274,0,0,0,26354,173,308,131
"23,46",46,93218,9,1,1028,2,11,154,266,0,4,6,0.883333,0.116667,0,0,0,0,0,0.796296,0.166667,0.033333,0.003704,0,0,0,27495,180,337,157
"23,47",41,93363,9,1,1035,2,11,280,500,0,4,7,0.877778,0.1,0.022222,0,0,0,0,0.790393,0.161572,0.043668,0.004367,0,0,0,26942,176,308,128
"23,48",43,93493,9,1,1035,2,14,487,555,0,4,6,0.8,0.15,0.05,0,0,0,0,0.783898,0.177966,0.038136,0,0,0,0,26372,171,304,131
"23,49",44,93625,9,1,1029,2,9,239,483,0,4,7,0.9,0.088889,0.011111,0,0,0,0,0.835341,0.136546,0.028112,0,0,0,0,27250,178,324,144
"23,50",43,93742,9,1,1037,2,12,350,534,0,4,5,0.85,0.127778,0.022222,0,0,0,0,0.772908,0.191235,0.031873,0.003984,0,0,0,26916,176,317,139
"23,51",39,93848,9,1,1039,2,10,170,242,0,4,8,0.905556,0.094444,0,0,0,0,0,0.822134,0.130435,0.043478,0.003953,0,0,0,27495,180,296,116
"23,52",43,93956,9,1,1033,2,10,157,337,0,4,6,0.933702,0.066298,0,0,0,0,0,0.798507,0.171642,0.029851,0,0,0,0,27659,181,320,140
"23,53",43,94058,9,1,1027,2,12,258,379,0,4,6,0.85,0.15,0,0,0,0,0,0.823045,0.156379,0.016461,0.004115,0,0,0,27495,180,319,139
"23,54",38,94148,9,1,1024,2,8,168,358,0,4,7,0.927778,0.072222,0,0,0,0,0,0.8327,0.140684,0.022814,0.003802,0,0,0,27495,180,293,113
"23,55",38,94231,9,1,1038,2,9,203,432,0,4,5,0.894444,0.1,0.005556,0,0,0,0,0.834025,0.13278,0.033195,0,0,0,0,27358,179,294,114
"23,56",43,94056,8,1,1038,2,11,345,475,0,4,8,0.811111,0.177778,0.011111,0,0,0,0,0.767932,0.185654,0.037975,0.008439,0,0,0,27205,178,321,141
"23,57",44,93890,8,1,1029,2,12,146,213,0,4,5,0.905556,0.094444,0,0,0,0,0,0.757246,0.210145,0.028986,0.003623,0,0,0,27495,180,325,145
"23,58",44,93749,8,1,1045,2,16,527,615,0,4,8,0.738889,0.116667,0.144444,0,0,0,0,0.789474,0.167464,0.038278,0.004785,0,0,0,23482,154,289,129
"23,59",36,93300,7,1,1029,2,11,450,539,0,4,6,0.816667,0.15,0.033333,0,0,0,0,0.772321,0.196429,0.03125,0,0,0,0,26589,174,282,104
"23,60",42,92832,7,1,1032,2,9,141,298,0,4,5,0.938547,0.061453,0,0,0,0,0,0.799257,0.174721,0.026022,0,0,0,0,27295,179,312,133
"23,61",41,92395,7,1,1034,2,16,512,665,0,4,5,0.768421,0.168421,0.063158,0,0,0,0,0.76569,0.217573,0.012552,0,0.004184,0,0,27258,178,312,128
"23,62",36,91997,7,1,1039,2,12,429,556,0,4,5,0.85,0.111111,0.038889,0,0,0,0,0.785714,0.193277,0.016807,0.004202,0,0,0,26518,173,281,103
"23,63",0,91997,0,0,976,4,99999,99999,99999,99999,99999,99999,0,0,0,0,0,0,0,0,0,0,0,0,0,0,0,0,0,0
"23,64",0,91997,0,0,972,4,99999,99999,99999,99999,99999,99999,0,0,0,0,0,0,0,0,0,0,0,0,0,0,0,0,0,0
"23,65",0,91997,0,0,981,4,99999,99999,99999,99999,99999,99999,0,0,0,0,0,0,0,0,0,0,0,0,0,0,0,0,0,0
"23,66",0,91997,0,0,973,4,99999,99999,99999,99999,99999,99999,0,0,0,0,0,0,0,0,0,0,0,0,0,0,0,0,0,0
"23,67",0,91997,0,0,975,4,99999,99999,99999,99999,99999,99999,0,0,0,0,0,0,0,0,0,0,0,0,0,0,0,0,0,0
"23,68",0,91997,0,0,976,4,99999,99999,99999,99999,99999,99999,0,0,0,0,0,0,0,0,0,0,0,0,0,0,0,0,0,0
"23,69",0,91997,0,0,983,4,99999,99999,99999,99999,99999,99999,0,0,0,0,0,0,0,0,0,0,0,0,0,0,0,0,0,0
"23,70",0,91997,0,0,966,4,99999,99999,99999,99999,99999,99999,0,0,0,0,0,0,0,0,0,0,0,0,0,0,0,0,0,0
"23,71",0,91997,0,0,969,4,99999,99999,99999,99999,99999,99999,0,0,0,0,0,0,0,0,0,0,0,0,0,0,0,0,0,0
"23,72",0,91997,0,0,977,4,99999,99999,99999,99999,99999,99999,0,0,0,0,0,0,0,0,0,0,0,0,0,0,0,0,0,0
"23,73",0,91997,0,0,983,4,99999,99999,99999,99999,99999,99999,0,0,0,0,0,0,0,0,0,0,0,0,0,0,0,0,0,0
"23,74",0,91997,0,0,966,4,99999,99999,99999,99999,99999,99999,0,0,0,0,0,0,0,0,0,0,0,0,0,0,0,0,0,0
"24,1",0,91997,0,0,964,4,99999,99999,99999,99999,99999,99999,0,0,0,0,0,0,0,0,0,0,0,0,0,0,0,0,0,0
"24,2",0,91997,0,0,973,4,99999,99999,99999,99999,99999,99999,0,0,0,0,0,0,0,0,0,0,0,0,0,0,0,0,0,0
"24,3",0,91997,0,0,964,4,99999,99999,99999,99999,99999,99999,0,0,0,0,0,0,0,0,0,0,0,0,0,0,0,0,0,0
"24,4",0,91997,0,0,973,4,99999,99999,99999,99999,99999,99999,0,0,0,0,0,0,0,0,0,0,0,0,0,0,0,0,0,0
"24,5",0,91997,0,0,977,4,99999,99999,99999,99999,99999,99999,0,0,0,0,0,0,0,0,0,0,0,0,0,0,0,0,0,0
"24,6",0,91997,0,0,982,4,99999,99999,99999,99999,99999,99999,0,0,0,0,0,0,0,0,0,0,0,0,0,0,0,0,0,0
"24,7",0,91997,0,0,973,4,99999,99999,99999,99999,99999,99999,0,0,0,0,0,0,0,0,0,0,0,0,0,0,0,0,0,0
"24,8",0,91997,0,0,974,4,99999,99999,99999,99999,99999,99999,0,0,0,0,0,0,0,0,0,0,0,0,0,0,0,0,0,0
"24,9",0,91997,0,0,969,4,99999,99999,99999,99999,99999,99999,0,0,0,0,0,0,0,0,0,0,0,0,0,0,0,0,0,0
"24,10",0,91997,0,0,973,4,99999,99999,99999,99999,99999,99999,0,0,0,0,0,0,0,0,0,0,0,0,0,0,0,0,0,0
"24,11",0,91997,0,0,978,4,99999,99999,99999,99999,99999,99999,0,0,0,0,0,0,0,0,0,0,0,0,0,0,0,0,0,0
"24,12",0,91997,0,0,969,4,99999,99999,99999,99999,99999,99999,0,0,0,0,0,0,0,0,0,0,0,0,0,0,0,0,0,0
"24,13",0,91997,0,0,969,4,99999,99999,99999,99999,99999,99999,0,0,0,0,0,0,0,0,0,0,0,0,0,0,0,0,0,0
"24,14",0,91997,0,0,974,4,99999,99999,99999,99999,99999,99999,0,0,0,0,0,0,0,0,0,0,0,0,0,0,0,0,0,0
"24,16",0,91997,0,0,983,4,99999,99999,99999,99999,99999,99999,0,0,0,0,0,0,0,0,0,0,0,0,0,0,0,0,0,0
"24,17",0,91997,0,0,973,4,99999,99999,99999,99999,99999,99999,0,0,0,0,0,0,0,0,0,0,0,0,0,0,0,0,0,0
"24,18",0,91997,0,0,980,4,99999,99999,99999,99999,99999,99999,0,0,0,0,0,0,0,0,0,0,0,0,0,0,0,0,0,0
"24,19",41,91594,7,1,1028,2,9,520,658,0,4,5,0.823529,0.101604,0.074866,0,0,0,0,0.84188,0.145299,0.012821,0,0,0,0,26463,173,300,124
"24,20",43,91192,7,1,1034,2,10,115,233,0,4,5,0.944444,0.055556,0,0,0,0,0,0.819188,0.162362,0.01845,0,0,0,0,27495,180,316,136
"24,21",45,90798,7,1,1034,2,12,329,540,0,4,5,0.861111,0.105556,0.033333,0,0,0,0,0.776119,0.197761,0.026119,0,0,0,0,26490,174,321,145
"24,22",40,90446,7,1,1039,2,12,428,528,0,4,8,0.813187,0.159341,0.027473,0,0,0,0,0.793722,0.161435,0.035874,0.008969,0,0,0,27028,177,298,120
"24,23",39,90392,8,1,1030,2,7,216,504,0,4,5,0.933333,0.044444,0.022222,0,0,0,0,0.840637,0.143426,0.011952,0.003984,0,0,0,26862,176,298,118
"24,24",41,90340,8,1,1031,2,11,142,257,0,4,7,0.911111,0.088889,0,0,0,0,0,0.775281,0.187266,0.033708,0.003745,0,0,0,27495,180,308,128
"24,25",34,90296,8,1,1031,2,10,504,647,0,4,7,0.861111,0.083333,0.055556,0,0,0,0,0.806867,0.158798,0.030043,0,0.004292,0,0,26020,170,266,92
"24,26",43,90246,8,1,1041,2,10,171,508,0,4,7,0.916667,0.066667,0.016667,0,0,0,0,0.798479,0.159696,0.038023,0.003802,0,0,0,27004,177,319,139
"24,27",46,90386,9,1,1040,2,21,490,530,0,4,8,0.759777,0.189944,0.050279,0,0,0,0,0.72766,0.234043,0.034043,0.004255,0,0,0,25809,170,322,149
"24,28",44,90521,9,1,1030,2,8,135,224,0,4,5,0.933333,0.066667,0,0,0,0,0,0.824373,0.146953,0.028674,0,0,0,0,27495,180,326,146
"24,29",43,90648,9,1,1035,2,12,160,302,0,4,5,0.911111,0.088889,0,0,0,0,0,0.794007,0.17603,0.029963,0,0,0,0,27495,180,316,136
"24,31",40,90767,9,1,1031,2,9,217,410,0,4,6,0.905556,0.094444,0,0,0,0,0,0.817829,0.158915,0.023256,0,0,0,0,27495,180,304,124
"24,32",47,90892,9,1,1037,2,13,330,439,0,4,5,0.816667,0.177778,0.005556,0,0,0,0,0.760331,0.190083,0.049587,0,0,0,0,27377,179,340,160
"24,33",41,91007,9,1,1027,2,9,84,150,0,4,6,0.961538,0.038462,0,0,0,0,0,0.84,0.138182,0.021818,0,0,0,0,27777,182,311,130
"24,34",45,91123,9,1,1032,2,14,519,681,0,4,7,0.744681,0.191489,0.06383,0,0,0,0,0.791111,0.164444,0.044444,0,0,0,0,26800,176,337,154
"24,35",50,91245,9,1,1041,2,13,303,411,0,5,9,0.838889,0.161111,0,0,0,0,0,0.722008,0.204633,0.057915,0.015444,0,0,0,27495,180,366,186
"24,36",43,91343,9,1,1033,2,30,539,582,0,4,6,0.62766,0.244681,0.12766,0,0,0,0,0.764103,0.194872,0.041026,0,0,0,0,25179,164,310,134
"24,37",38,91436,9,1,1023,2,8,201,556,0,4,5,0.927778,0.05,0.022222,0,0,0,0,0.849057,0.128302,0.022642,0,0,0,0,26975,176,291,111
"24,38",34,91519,9,1,1032,2,11,506,551,0,4,5,0.844444,0.088889,0.066667,0,0,0,0,0.825112,0.152466,0.022422,0,0,0,0,25592,168,261,91
"24,39",40,91609,9,1,1037,2,9,164,351,0,4,5,0.922222,0.077778,0,0,0,0,0,0.804688,0.167969,0.027344,0,0,0,0,27495,180,304,124
"24,40",42,91699,9,1,1038,2,10,98,155,0,4,8,0.950276,0.049724,0,0,0,0,0,0.79771,0.164122,0.026718,0.01145,0,0,0,27659,181,313,133
"24,41",38,91782,9,1,1040,2,9,124,208,0,4,9,0.922222,0.077778,0,0,0,0,0,0.801619,0.149798,0.036437,0.012146,0,0,0,27495,180,295,115
"24,42",37,91862,9,1,1033,2,9,135,300,0,4,8,0.927778,0.061111,0.011111,0,0,0,0,0.799213,0.149606,0.03937,0.007874,0.003937,0,0,27175,178,287,107
"24,43",47,91953,9,1,1044,2,14,150,208,0,5,6,0.877778,0.122222,0,0,0,0,0,0.742537,0.201493,0.05597,0,0,0,0,27495,180,342,162
"24,44",32,92022,9,1,1035,2,11,479,624,0,4,5,0.811111,0.144444,0.044444,0,0,0,0,0.804762,0.166667,0.019048,0.004762,0.004762,0,0,26329,172,265,87
"24,46",42,92103,9,1,1035,2,10,255,450,0,4,8,0.889503,0.104972,0.005525,0,0,0,0,0.780992,0.181818,0.028926,0.008264,0,0,0,27352,180,314,133
"24,47",40,92178,9,1,1040,2,12,188,503,0,4,6,0.906077,0.071823,0.022099,0,0,0,0,0.785992,0.182879,0.023346,0.007782,0,0,0,26956,177,305,125
"24,48",40,92252,9,1,1032,2,9,107,173,0,4,5,0.938889,0.061111,0,0,0,0,0,0.752896,0.216216,0.027027,0.003861,0,0,0,27495,180,305,125
"24,49",34,92317,9,1,1034,2,8,52,82,0,4,9,1,0,0,0,0,0,0,0.794466,0.173913,0.01581,0.01581,0,0,0,27495,180,275,95
"24,50",44,92390,9,1,1031,2,10,144,327,0,4,7,0.912088,0.087912,0,0,0,0,0,0.771536,0.194757,0.033708,0,0,0,0,27777,182,328,147
"24,51",38,92454,9,1,1039,2,8,115,312,0,4,5,0.944444,0.055556,0,0,0,0,0,0.815261,0.172691,0.012048,0,0,0,0,27495,180,292,112
"24,52",39,92511,9,1,1040,2,14,512,555,0,4,8,0.822222,0.083333,0.094444,0,0,0,0,0.709402,0.252137,0.034188,0.004274,0,0,0,24898,163,274,109
"24,53",43,92576,9,1,1046,2,17,498,656,0,4,5,0.794444,0.155556,0.05,0,0,0,0,0.77193,0.184211,0.039474,0,0.004386,0,0,26064,171,314,138
"24,54",44,92512,8,1,1036,2,16,443,598,0,4,7,0.756906,0.209945,0.033149,0,0,0,0,0.777778,0.207729,0.014493,0,0,0,0,26691,175,320,141
"24,55",40,92453,8,1,1027,2,9,182,375,0,4,6,0.916667,0.083333,0,0,0,0,0,0.849624,0.116541,0.033835,0,0,0,0,27495,180,304,124
"24,56",41,92397,8,1,1034,2,9,490,749,0,4,7,0.822222,0.127778,0.05,0,0,0,0,0.752137,0.213675,0.029915,0.004274,0,0,0,26024,171,296,122
"24,57",43,92342,8,1,1033,2,11,510,1014,0,4,5,0.833333,0.094444,0.055556,0.016667,0,0,0,0.799127,0.187773,0.008734,0.004367,0,0,0,25510,167,301,131
"24,58",41,92112,7,1,1038,2,14,495,544,0,4,7,0.772222,0.177778,0.05,0,0,0,0,0.773148,0.194444,0.032407,0,0,0,0,26081,171,302,126
"24,59",34,91904,7,1,1040,2,7,61,191,0,4,6,0.966667,0.033333,0,0,0,0,0,0.837945,0.134387,0.027668,0,0,0,0,27495,180,274,94
"24,61",44,91671,7,1,1037,2,14,202,844,0,4,8,0.855556,0.127778,0.011111,0.005556,0,0,0,0.782946,0.186047,0.023256,0.007752,0,0,0,26999,177,324,145
"24,62",0,91671,0,0,972,4,99999,99999,99999,99999,99999,99999,0,0,0,0,0,0,0,0,0,0,0,0,0,0,0,0,0,0
"24,63",0,91671,0,0,981,4,99999,99999,99999,99999,99999,99999,0,0,0,0,0,0,0,0,0,0,0,0,0,0,0,0,0,0
"24,64",0,91671,0,0,970,4,99999,99999,99999,99999,99999,99999,0,0,0,0,0,0,0,0,0,0,0,0,0,0,0,0,0,0
"24,65",0,91671,0,0,967,4,99999,99999,99999,99999,99999,99999,0,0,0,0,0,0,0,0,0,0,0,0,0,0,0,0,0,0
"24,66",0,91671,0,0,973,4,99999,99999,99999,99999,99999,99999,0,0,0,0,0,0,0,0,0,0,0,0,0,0,0,0,0,0
"24,67",0,91671,0,0,969,4,99999,99999,99999,99999,99999,99999,0,0,0,0,0,0,0,0,0,0,0,0,0,0,0,0,0,0
"24,68",0,91671,0,0,971,4,99999,99999,99999,99999,99999,99999,0,0,0,0,0,0,0,0,0,0,0,0,0,0,0,0,0,0
"24,69",0,91671,0,0,975,4,99999,99999,99999,99999,99999,99999,0,0,0,0,0,0,0,0,0,0,0,0,0,0,0,0,0,0
"24,70",0,91671,0,0,979,4,99999,99999,99999,99999,99999,99999,0,0,0,0,0,0,0,0,0,0,0,0,0,0,0,0,0,0
"24,71",0,91671,0,0,960,4,99999,99999,99999,99999,99999,99999,0,0,0,0,0,0,0,0,0,0,0,0,0,0,0,0,0,0
"24,72",0,91671,0,0,975,4,99999,99999,99999,99999,99999,99999,0,0,0,0,0,0,0,0,0,0,0,0,0,0,0,0,0,0
"24,73",0,91671,0,0,964,4,99999,99999,99999,99999,99999,99999,0,0,0,0,0,0,0,0,0,0,0,0,0,0,0,0,0,0
"24,74",0,91671,0,0,979,4,99999,99999,99999,99999,99999,99999,0,0,0,0,0,0,0,0,0,0,0,0,0,0,0,0,0,0
"25,1",0,0,0,0,971,4,99999,99999,99999,99999,99999,99999,0,0,0,0,0,0,0,0,0,0,0,0,0,0,0,0,0,0
"25,2",0,0,0,0,979,4,99999,99999,99999,99999,99999,99999,0,0,0,0,0,0,0,0,0,0,0,0,0,0,0,0,0,0
"25,3",0,0,0,0,973,4,99999,99999,99999,99999,99999,99999,0,0,0,0,0,0,0,0,0,0,0,0,0,0,0,0,0,0
"25,4",0,0,0,0,976,4,99999,99999,99999,99999,99999,99999,0,0,0,0,0,0,0,0,0,0,0,0,0,0,0,0,0,0
"25,5",0,0,0,0,971,4,99999,99999,99999,99999,99999,99999,0,0,0,0,0,0,0,0,0,0,0,0,0,0,0,0,0,0
"25,6",0,0,0,0,966,4,99999,99999,99999,99999,99999,99999,0,0,0,0,0,0,0,0,0,0,0,0,0,0,0,0,0,0
"25,7",0,0,0,0,977,4,99999,99999,99999,99999,99999,99999,0,0,0,0,0,0,0,0,0,0,0,0,0,0,0,0,0,0
"25,8",0,0,0,0,974,4,99999,99999,99999,99999,99999,99999,0,0,0,0,0,0,0,0,0,0,0,0,0,0,0,0,0,0
"25,9",0,0,0,0,979,4,99999,99999,99999,99999,99999,99999,0,0,0,0,0,0,0,0,0,0,0,0,0,0,0,0,0,0
"25,10",0,0,0,0,966,4,99999,99999,99999,99999,99999,99999,0,0,0,0,0,0,0,0,0,0,0,0,0,0,0,0,0,0
"25,11",0,0,0,0,969,4,99999,99999,99999,99999,99999,99999,0,0,0,0,0,0,0,0,0,0,0,0,0,0,0,0,0,0
"25,12",0,0,0,0,970,4,99999,99999,99999,99999,99999,99999,0,0,0,0,0,0,0,0,0,0,0,0,0,0,0,0,0,0
"25,13",0,0,0,0,968,4,99999,99999,99999,99999,99999,99999,0,0,0,0,0,0,0,0,0,0,0,0,0,0,0,0,0,0
"25,14",0,0,0,0,967,4,99999,99999,99999,99999,99999,99999,0,0,0,0,0,0,0,0,0,0,0,0,0,0,0,0,0,0
"25,15",0,0,0,0,975,4,99999,99999,99999,99999,99999,99999,0,0,0,0,0,0,0,0,0,0,0,0,0,0,0,0,0,0
"25,16",0,0,0,0,980,4,99999,99999,99999,99999,99999,99999,0,0,0,0,0,0,0,0,0,0,0,0,0,0,0,0,0,0
"25,17",0,0,0,0,973,4,99999,99999,99999,99999,99999,99999,0,0,0,0,0,0,0,0,0,0,0,0,0,0,0,0,0,0
"25,18",0,0,0,0,969,4,99999,99999,99999,99999,99999,99999,0,0,0,0,0,0,0,0,0,0,0,0,0,0,0,0,0,0
"25,19",0,0,0,0,970,4,99999,99999,99999,99999,99999,99999,0,0,0,0,0,0,0,0,0,0,0,0,0,0,0,0,0,0
"25,20",45,73125,7,1,1032,2,12,193,337,0,4,5,0.894444,0.105556,0,0,0,0,0,0.794872,0.190476,0.010989,0.003663,0,0,0,27495,180,329,149
"25,21",41,73125,7,1,1037,2,12,505,520,0,4,6,0.844444,0.094444,0.061111,0,0,0,0,0.774468,0.178723,0.042553,0.004255,0,0,0,25708,169,294,123
"25,22",39,73125,7,1,1045,2,10,111,317,0,4,6,0.933333,0.066667,0,0,0,0,0,0.780669,0.204461,0.011152,0.003717,0,0,0,27495,180,299,119
"25,23",46,73125,7,1,1039,2,14,507,672,0,4,5,0.8,0.127778,0.072222,0,0,0,0,0.75,0.217213,0.032787,0,0,0,0,25409,167,327,153
"25,24",41,75919,8,1,1031,2,11,501,528,0,4,7,0.807692,0.137363,0.054945,0,0,0,0,0.792373,0.165254,0.038136,0.004237,0,0,0,26184,172,293,121
"25,25",40,77909,8,1,1032,2,10,212,387,0,4,5,0.9,0.1,0,0,0,0,0,0.782609,0.181818,0.035573,0,0,0,0,27495,180,305,125
"25,26",38,79219,8,1,1034,2,11,580,764,0,4,5,0.812155,0.071823,0.116022,0,0,0,0,0.811966,0.166667,0.021368,0,0,0,0,24490,160,280,109
"25,27",43,80338,8,1,1033,2,10,161,235,0,4,5,0.906593,0.093407,0,0,0,0,0,0.774319,0.194553,0.031128,0,0,0,0,27777,182,321,140
"25,28",43,82296,9,1,1040,2,20,377,503,0,4,6,0.761111,0.222222,0.016667,0,0,0,0,0.753363,0.206278,0.040359,0,0,0,0,26987,177,315,137
"25,29",45,83898,9,1,1031,2,10,280,473,0,4,7,0.845304,0.143646,0.01105,0,0,0,0,0.809129,0.174274,0.016598,0,0,0,0,27323,179,328,148
"25,30",41,85116,9,1,1029,2,10,350,485,0,4,6,0.861111,0.133333,0.005556,0,0,0,0,0.851852,0.127572,0.016461,0.004115,0,0,0,27343,179,306,126
"25,31",42,86161,9,1,1030,2,10,244,557,0,4,5,0.905556,0.072222,0.022222,0,0,0,0,0.816794,0.167939,0.015267,0,0,0,0,26787,176,312,132
"25,32",39,86985,9,1,1042,2,12,428,572,0,4,6,0.855556,0.105556,0.038889,0,0,0,0,0.751037,0.207469,0.037344,0.004149,0,0,0,26487,173,296,118
"25,33",39,87684,9,1,1044,2,10,501,551,0,4,5,0.861111,0.083333,0.044444,0.011111,0,0,0,0.83682,0.142259,0.020921,0,0,0,0,25878,170,283,111
"25,34",45,88378,9,1,1038,2,12,204,296,0,5,9,0.872222,0.127778,0,0,0,0,0,0.832061,0.10687,0.045802,0.015267,0,0,0,27495,180,329,149
"25,35",46,88991,9,1,1040,2,10,193,382,0,4,6,0.872222,0.127778,0,0,0,0,0,0.755814,0.197674,0.046512,0,0,0,0,27495,180,339,159
"25,36",45,89513,9,1,1045,2,20,513,759,0,4,6,0.739362,0.207447,0.053191,0,0,0,0,0.761468,0.192661,0.036697,0.004587,0.004587,0,0,27165,178,332,152
"25,37",42,89944,9,1,1042,2,14,519,591,0,4,8,0.772222,0.155556,0.072222,0,0,0,0,0.752212,0.20354,0.044248,0,0,0,0,25669,167,298,126
"25,38",41,90328,9,1,1037,2,14,453,529,0,4,8,0.75,0.211111,0.038889,0,0,0,0,0.784404,0.174312,0.036697,0.004587,0,0,0,26366,173,300,124
"25,39",42,90689,9,1,1041,2,11,219,357,0,4,8,0.861111,0.138889,0,0,0,0,0,0.7751,0.176707,0.044177,0.004016,0,0,0,27495,180,315,135
"25,40",46,91032,9,1,1036,2,10,327,618,0,4,6,0.872222,0.094444,0.033333,0,0,0,0,0.802326,0.170543,0.023256,0.003876,0,0,0,26508,174,334,156
"25,41",33,91292,9,1,1045,2,10,343,686,0,4,8,0.872222,0.088889,0.038889,0,0,0,0,0.823009,0.141593,0.030973,0.004425,0,0,0,26321,173,269,90
"25,42",41,91563,9,1,1035,2,7,157,367,0,4,5,0.916667,0.083333,0,0,0,0,0,0.797665,0.167315,0.035019,0,0,0,0,27495,180,306,126
"25,43",37,91796,9,1,1034,2,10,449,544,0,4,5,0.861111,0.094444,0.044444,0,0,0,0,0.790598,0.188034,0.017094,0.004274,0,0,0,26300,172,278,104
"25,44",39,92016,9,1,1035,2,7,331,587,0,4,5,0.866667,0.1,0.033333,0,0,0,0,0.843049,0.143498,0.013453,0,0,0,0,26609,174,292,114
"25,45",41,92223,9,1,1040,2,12,295,457,0,4,8,0.839779,0.154696,0.005525,0,0,0,0,0.775862,0.193966,0.021552,0.008621,0,0,0,27430,180,307,126
"25,46",47,92434,9,1,1038,2,16,425,527,0,4,6,0.827778,0.138889,0.033333,0,0,0,0,0.791667,0.174242,0.030303,0.003788,0,0,0,26601,174,338,161
"25,47",43,92612,9,1,1034,2,16,520,572,0,4,5,0.779006,0.149171,0.071823,0,0,0,0,0.762115,0.220264,0.017621,0,0,0,0,25815,168,304,132
"25,48",42,92771,9,1,1030,2,12,520,531,0,4,5,0.816667,0.094444,0.088889,0,0,0,0,0.817797,0.165254,0.016949,0,0,0,0,24904,164,288,122
"25,49",42,92931,9,1,1022,2,11,299,453,0,4,6,0.861111,0.133333,0.005556,0,0,0,0,0.796813,0.183267,0.011952,0.007968,0,0,0,27325,179,313,133
"25,50",36,93067,9,1,1041,2,9,149,290,0,4,6,0.927778,0.072222,0,0,0,0,0,0.808943,0.162602,0.028455,0,0,0,0,27495,180,284,104
"25,51",42,93209,9,1,1029,2,10,122,238,0,4,7,0.927778,0.072222,0,0,0,0,0,0.794007,0.17603,0.029963,0,0,0,0,27495,180,313,133
"25,52",44,93348,9,1,1033,2,12,116,244,0,4,5,0.93956,0.06044,0,0,0,0,0,0.764085,0.214789,0.017606,0.003521,0,0,0,27777,182,329,148
"25,53",37,93193,8,1,1036,2,14,395,529,0,4,6,0.769231,0.208791,0.021978,0,0,0,0,0.772321,0.200893,0.026786,0,0,0,0,27148,178,289,109
"25,54",40,93036,8,1,1030,2,11,295,608,0,4,5,0.87766,0.095745,0.026596,0,0,0,0,0.823529,0.160784,0.015686,0,0,0,0,27812,183,306,125
"25,55",45,92876,8,1,1037,2,18,383,531,0,4,6,0.779006,0.19337,0.027624,0,0,0,0,0.777311,0.205882,0.016807,0,0,0,0,27006,176,332,152
"25,56",41,92739,8,1,1031,2,10,304,494,0,4,7,0.866667,0.122222,0.011111,0,0,0,0,0.824,0.148,0.028,0,0,0,0,27178,178,309,129
"25,57",42,92216,7,1,1035,2,13,324,515,0,4,6,0.844444,0.133333,0.022222,0,0,0,0,0.795181,0.180723,0.024096,0,0,0,0,26930,176,312,134
"25,58",42,91724,7,1,1031,2,9,367,648,0,4,8,0.872222,0.094444,0.033333,0,0,0,0,0.793249,0.181435,0.021097,0.004219,0,0,0,26578,174,310,132
"25,59",42,91255,7,1,1027,2,10,92,138,0,4,4,0.955556,0.044444,0,0,0,0,0,0.844444,0.144444,0.011111,0,0,0,0,27495,180,315,135
"25,60",47,90766,7,1,1037,2,9,178,253,0,4,5,0.922222,0.077778,0,0,0,0,0,0.783088,0.180147,0.036765,0,0,0,0,27495,180,344,164
"25,61",0,90766,0,0,975,4,99999,99999,99999,99999,99999,99999,0,0,0,0,0,0,0,0,0,0,0,0,0,0,0,0,0,0
"25,62",0,90766,0,0,978,4,99999,99999,99999,99999,99999,99999,0,0,0,0,0,0,0,0,0,0,0,0,0,0,0,0,0,0
"25,63",0,90766,0,0,969,4,99999,99999,99999,99999,99999,99999,0,0,0,0,0,0,0,0,0,0,0,0,0,0,0,0,0,0
"25,64",0,90766,0,0,971,4,99999,99999,99999,99999,99999,99999,0,0,0,0,0,0,0,0,0,0,0,0,0,0,0,0,0,0
"25,65",0,90766,0,0,978,4,99999,99999,99999,99999,99999,99999,0,0,0,0,0,0,0,0,0,0,0,0,0,0,0,0,0,0
"25,66",0,90766,0,0,966,4,99999,99999,99999,99999,99999,99999,0,0,0,0,0,0,0,0,0,0,0,0,0,0,0,0,0,0
"25,67",0,90766,0,0,974,4,99999,99999,99999,99999,99999,99999,0,0,0,0,0,0,0,0,0,0,0,0,0,0,0,0,0,0
"25,68",0,90766,0,0,977,4,99999,99999,99999,99999,99999,99999,0,0,0,0,0,0,0,0,0,0,0,0,0,0,0,0,0,0
"25,69",0,90766,0,0,970,4,99999,99999,99999,99999,99999,99999,0,0,0,0,0,0,0,0,0,0,0,0,0,0,0,0,0,0
"25,70",0,90766,0,0,973,4,99999,99999,99999,99999,99999,99999,0,0,0,0,0,0,0,0,0,0,0,0,0,0,0,0,0,0
"25,71",0,90766,0,0,971,4,99999,99999,99999,99999,99999,99999,0,0,0,0,0,0,0,0,0,0,0,0,0,0,0,0,0,0
"25,72",0,90766,0,0,975,4,99999,99999,99999,99999,99999,99999,0,0,0,0,0,0,0,0,0,0,0,0,0,0,0,0,0,0
"25,73",0,90766,0,0,970,4,99999,99999,99999,99999,99999,99999,0,0,0,0,0,0,0,0,0,0,0,0,0,0,0,0,0,0
"25,74",0,90766,0,0,973,4,99999,99999,99999,99999,99999,99999,0,0,0,0,0,0,0,0,0,0,0,0,0,0,0,0,0,0
"26,1",0,90766,0,0,970,4,99999,99999,99999,99999,99999,99999,0,0,0,0,0,0,0,0,0,0,0,0,0,0,0,0,0,0
"26,2",0,90766,0,0,974,4,99999,99999,99999,99999,99999,99999,0,0,0,0,0,0,0,0,0,0,0,0,0,0,0,0,0,0
"26,3",0,90766,0,0,974,4,99999,99999,99999,99999,99999,99999,0,0,0,0,0,0,0,0,0,0,0,0,0,0,0,0,0,0
"26,4",0,90766,0,0,971,4,99999,99999,99999,99999,99999,99999,0,0,0,0,0,0,0,0,0,0,0,0,0,0,0,0,0,0
"26,5",0,90766,0,0,967,4,99999,99999,99999,99999,99999,99999,0,0,0,0,0,0,0,0,0,0,0,0,0,0,0,0,0,0
"26,6",0,90766,0,0,980,4,99999,99999,99999,99999,99999,99999,0,0,0,0,0,0,0,0,0,0,0,0,0,0,0,0,0,0
"26,7",0,90766,0,0,964,4,99999,99999,99999,99999,99999,99999,0,0,0,0,0,0,0,0,0,0,0,0,0,0,0,0,0,0
"26,8",0,90766,0,0,972,4,99999,99999,99999,99999,99999,99999,0,0,0,0,0,0,0,0,0,0,0,0,0,0,0,0,0,0
"26,9",0,90766,0,0,961,4,99999,99999,99999,99999,99999,99999,0,0,0,0,0,0,0,0,0,0,0,0,0,0,0,0,0,0
"26,10",0,90766,0,0,977,4,99999,99999,99999,99999,99999,99999,0,0,0,0,0,0,0,0,0,0,0,0,0,0,0,0,0,0
"26,11",0,90766,0,0,970,4,99999,99999,99999,99999,99999,99999,0,0,0,0,0,0,0,0,0,0,0,0,0,0,0,0,0,0
"26,12",0,90766,0,0,972,4,99999,99999,99999,99999,99999,99999,0,0,0,0,0,0,0,0,0,0,0,0,0,0,0,0,0,0
"26,13",0,90766,0,0,981,4,99999,99999,99999,99999,99999,99999,0,0,0,0,0,0,0,0,0,0,0,0,0,0,0,0,0,0
"26,14",0,90766,0,0,978,4,99999,99999,99999,99999,99999,99999,0,0,0,0,0,0,0,0,0,0,0,0,0,0,0,0,0,0
"26,15",0,90766,0,0,977,4,99999,99999,99999,99999,99999,99999,0,0,0,0,0,0,0,0,0,0,0,0,0,0,0,0,0,0
"26,16",0,90766,0,0,969,4,99999,99999,99999,99999,99999,99999,0,0,0,0,0,0,0,0,0,0,0,0,0,0,0,0,0,0
"26,17",0,90766,0,0,958,4,99999,99999,99999,99999,99999,99999,0,0,0,0,0,0,0,0,0,0,0,0,0,0,0,0,0,0
"26,18",0,90766,0,0,970,4,99999,99999,99999,99999,99999,99999,0,0,0,0,0,0,0,0,0,0,0,0,0,0,0,0,0,0
"26,19",0,90766,0,0,968,4,99999,99999,99999,99999,99999,99999,0,0,0,0,0,0,0,0,0,0,0,0,0,0,0,0,0,0
"26,20",0,90766,0,0,960,4,99999,99999,99999,99999,99999,99999,0,0,0,0,0,0,0,0,0,0,0,0,0,0,0,0,0,0
"26,21",43,90329,7,1,1036,2,15,317,455,0,4,8,0.788889,0.205556,0.005556,0,0,0,0,0.755459,0.20524,0.034934,0.004367,0,0,0,27369,179,316,136
"26,22",51,89847,7,1,1036,2,10,353,505,0,4,6,0.85,0.127778,0.022222,0,0,0,0,0.765152,0.215909,0.018939,0,0,0,0,26970,176,372,192
"26,23",36,89496,7,1,1042,2,10,278,508,0,4,6,0.861111,0.116667,0.022222,0,0,0,0,0.733051,0.237288,0.029661,0,0,0,0,26933,176,282,104
"26,24",39,89160,7,1,1034,2,10,506,851,0,4,8,0.8,0.138889,0.055556,0.005556,0,0,0,0.805085,0.15678,0.033898,0.004237,0,0,0,25758,169,285,112
"26,25",48,89123,8,1,1037,2,12,186,285,0,4,6,0.888889,0.111111,0,0,0,0,0,0.728302,0.245283,0.026415,0,0,0,0,27495,180,347,167
"26,26",42,89095,8,1,1042,2,14,510,644,0,4,5,0.740541,0.172973,0.086486,0,0,0,0,0.816964,0.165179,0.017857,0,0,0,0,25762,169,299,127
"26,27",40,89068,8,1,1027,2,9,286,570,0,4,6,0.883333,0.088889,0.027778,0,0,0,0,0.796078,0.172549,0.031373,0,0,0,0,26676,175,297,119
"26,28",41,89044,8,1,1031,2,13,525,541,0,4,5,0.804348,0.076087,0.119565,0,0,0,0,0.808333,0.179167,0.0125,0,0,0,0,24495,162,278,115
"26,29",40,89018,8,1,1031,2,10,177,233,0,4,5,0.911602,0.088398,0,0,0,0,0,0.813953,0.166667,0.01938,0,0,0,0,27561,181,305,124
"26,30",40,89170,9,1,1043,2,11,262,704,0,4,7,0.872222,0.1,0.027778,0,0,0,0,0.784615,0.180769,0.034615,0,0,0,0,26713,175,301,123
"26,31",42,89333,9,1,1030,2,13,318,444,0,4,5,0.811111,0.183333,0.005556,0,0,0,0,0.811715,0.175732,0.012552,0,0,0,0,27389,179,312,132
"26,32",38,89479,9,1,1037,2,9,86,251,0,4,6,0.955556,0.044444,0,0,0,0,0,0.813688,0.148289,0.030418,0.007605,0,0,0,27495,180,293,113
"26,33",34,89608,9,1,1036,2,10,503,555,0,4,5,0.861111,0.083333,0.055556,0,0,0,0,0.844156,0.138528,0.017316,0,0,0,0,26135,170,264,92
"26,34",43,89757,9,1,1035,2,13,185,228,0,4,7,0.871658,0.128342,0,0,0,0,0,0.761538,0.2,0.038462,0,0,0,0,28548,187,327,143
"26,35",41,89895,9,1,1041,2,10,240,393,0,4,7,0.855556,0.144444,0,0,0,0,0,0.831224,0.139241,0.029536,0,0,0,0,27495,180,306,126
"26,36",42,90032,9,1,1029,2,10,234,318,0,4,5,0.877778,0.122222,0,0,0,0,0,0.793651,0.186508,0.019841,0,0,0,0,27495,180,314,134
"26,37",50,90173,9,1,1031,2,15,537,608,0,4,8,0.727778,0.105556,0.166667,0,0,0,0,0.790476,0.185714,0.02381,0,0,0,0,22846,150,344,175
"26,38",39,90294,9,1,1031,2,9,256,408,0,4,6,0.872222,0.116667,0.011111,0,0,0,0,0.808511,0.157447,0.034043,0,0,0,0,27175,178,300,120
"26,39",46,90424,9,1,1035,2,15,491,579,0,4,7,0.761111,0.188889,0.05,0,0,0,0,0.790179,0.1875,0.017857,0.004464,0,0,0,26332,171,334,154
"26,40",40,90535,9,1,1033,2,10,172,306,0,4,8,0.905556,0.094444,0,0,0,0,0,0.83871,0.129032,0.028226,0.004032,0,0,0,27495,180,303,123
"26,41",45,90654,9,1,1034,2,11,181,438,0,4,6,0.922222,0.072222,0.005556,0,0,0,0,0.770609,0.197133,0.028674,0.003584,0,0,0,27314,179,328,148
"26,42",37,90746,9,1,1041,2,15,549,901,0,4,5,0.75,0.116667,0.116667,0.016667,0,0,0,0.800948,0.165877,0.028436,0.004739,0,0,0,24077,156,259,96
"26,43",42,90849,9,1,1035,2,11,433,540,0,4,8,0.877778,0.077778,0.044444,0,0,0,0,0.821862,0.157895,0.020243,0,0,0,0,26180,172,303,128
"26,44",44,90955,9,1,1038,2,10,257,546,0,4,8,0.866667,0.116667,0.016667,0,0,0,0,0.776371,0.172996,0.042194,0.008439,0,0,0,27126,177,324,144
"26,45",43,91061,9,1,1029,2,11,131,207,0,4,6,0.927778,0.072222,0,0,0,0,0,0.775362,0.199275,0.021739,0.003623,0,0,0,27495,180,318,138
"26,46",42,91156,9,1,1035,2,12,518,682,0,4,8,0.856354,0.077348,0.066298,0,0,0,0,0.796813,0.179283,0.01992,0.003984,0,0,0,25971,169,305,130
"26,47",41,91249,9,1,1023,2,7,202,335,0,4,7,0.894444,0.105556,0,0,0,0,0,0.820312,0.152344,0.023438,0.003906,0,0,0,27495,180,306,126
"26,48",49,91351,9,1,1023,2,11,323,559,0,4,6,0.822222,0.15,0.027778,0,0,0,0,0.791667,0.17803,0.026515,0.003788,0,0,0,26777,175,358,179
"26,49",41,91439,9,1,1031,2,11,128,444,0,4,8,0.927778,0.066667,0.005556,0,0,0,0,0.794118,0.172794,0.025735,0.007353,0,0,0,27350,179,307,127
"26,50",38,91512,9,1,1043,2,17,523,556,0,4,8,0.773684,0.126316,0.089474,0.010526,0,0,0,0.780702,0.184211,0.030702,0.004386,0,0,0,26177,171,280,107
"26,51",43,91460,8,1,1043,2,13,259,458,0,4,7,0.888889,0.105556,0.005556,0,0,0,0,0.780488,0.170732,0.044715,0.004065,0,0,0,27332,179,316,136
"26,52",41,91411,8,1,1035,2,11,221,383,0,4,6,0.888889,0.111111,0,0,0,0,0,0.746094,0.222656,0.03125,0,0,0,0,27495,180,306,126
"26,53",43,91361,8,1,1031,2,13,219,351,0,4,4,0.866667,0.133333,0,0,0,0,0,0.769841,0.222222,0.007937,0,0,0,0,27495,180,317,137
"26,54",43,91311,8,1,1031,2,11,332,468,0,4,5,0.861111,0.127778,0.011111,0,0,0,0,0.830645,0.141129,0.028226,0,0,0,0,27196,178,317,137
"26,55",39,91265,8,1,1026,2,8,214,353,0,4,6,0.896175,0.103825,0,0,0,0,0,0.787402,0.192913,0.015748,0.003937,0,0,0,27951,183,300,119
"26,56",42,91029,7,1,1037,2,12,119,181,0,4,7,0.927778,0.072222,0,0,0,0,0,0.765152,0.19697,0.034091,0.003788,0,0,0,27495,180,314,134
"26,57",41,90802,7,1,1035,2,13,511,593,0,4,4,0.788889,0.122222,0.088889,0,0,0,0,0.831111,0.16,0.008889,0,0,0,0,25097,164,300,124
"26,58",37,90593,7,1,1039,2,14,513,574,0,4,5,0.817708,0.098958,0.083333,0,0,0,0,0.807377,0.180328,0.008197,0.004098,0,0,0,26872,176,299,113
"26,59",37,90389,7,1,1039,2,10,121,282,0,4,5,0.927778,0.072222,0,0,0,0,0,0.792308,0.176923,0.026923,0.003846,0,0,0,27495,180,289,109
"26,60",0,90389,0,0,966,4,99999,99999,99999,99999,99999,99999,0,0,0,0,0,0,0,0,0,0,0,0,0,0,0,0,0,0
"26,61",0,90389,0,0,972,4,99999,99999,99999,99999,99999,99999,0,0,0,0,0,0,0,0,0,0,0,0,0,0,0,0,0,0
"26,62",0,90389,0,0,970,4,99999,99999,99999,99999,99999,99999,0,0,0,0,0,0,0,0,0,0,0,0,0,0,0,0,0,0
"26,63",0,90389,0,0,972,4,99999,99999,99999,99999,99999,99999,0,0,0,0,0,0,0,0,0,0,0,0,0,0,0,0,0,0
"26,64",0,90389,0,0,979,4,99999,99999,99999,99999,99999,99999,0,0,0,0,0,0,0,0,0,0,0,0,0,0,0,0,0,0
"26,65",0,90389,0,0,971,4,99999,99999,99999,99999,99999,99999,0,0,0,0,0,0,0,0,0,0,0,0,0,0,0,0,0,0
"26,66",0,90389,0,0,977,4,99999,99999,99999,99999,99999,99999,0,0,0,0,0,0,0,0,0,0,0,0,0,0,0,0,0,0
"26,67",0,90389,0,0,971,4,99999,99999,99999,99999,99999,99999,0,0,0,0,0,0,0,0,0,0,0,0,0,0,0,0,0,0
"26,68",0,90389,0,0,978,4,99999,99999,99999,99999,99999,99999,0,0,0,0,0,0,0,0,0,0,0,0,0,0,0,0,0,0
"26,69",0,90389,0,0,969,4,99999,99999,99999,99999,99999,99999,0,0,0,0,0,0,0,0,0,0,0,0,0,0,0,0,0,0
"26,70",0,90389,0,0,973,4,99999,99999,99999,99999,99999,99999,0,0,0,0,0,0,0,0,0,0,0,0,0,0,0,0,0,0
"26,71",0,90389,0,0,969,4,99999,99999,99999,99999,99999,99999,0,0,0,0,0,0,0,0,0,0,0,0,0,0,0,0,0,0
"26,72",0,90389,0,0,973,4,99999,99999,99999,99999,99999,99999,0,0,0,0,0,0,0,0,0,0,0,0,0,0,0,0,0,0
"26,73",0,90389,0,0,979,4,99999,99999,99999,99999,99999,99999,0,0,0,0,0,0,0,0,0,0,0,0,0,0,0,0,0,0
"26,74",0,90389,0,0,973,4,99999,99999,99999,99999,99999,99999,0,0,0,0,0,0,0,0,0,0,0,0,0,0,0,0,0,0
"27,1",0,0,0,0,973,4,99999,99999,99999,99999,99999,99999,0,0,0,0,0,0,0,0,0,0,0,0,0,0,0,0,0,0
"27,2",0,0,0,0,977,4,99999,99999,99999,99999,99999,99999,0,0,0,0,0,0,0,0,0,0,0,0,0,0,0,0,0,0
"27,3",0,0,0,0,985,4,99999,99999,99999,99999,99999,99999,0,0,0,0,0,0,0,0,0,0,0,0,0,0,0,0,0,0
"27,4",0,0,0,0,968,4,99999,99999,99999,99999,99999,99999,0,0,0,0,0,0,0,0,0,0,0,0,0,0,0,0,0,0
"27,5",0,0,0,0,973,4,99999,99999,99999,99999,99999,99999,0,0,0,0,0,0,0,0,0,0,0,0,0,0,0,0,0,0
"27,6",0,0,0,0,976,4,99999,99999,99999,99999,99999,99999,0,0,0,0,0,0,0,0,0,0,0,0,0,0,0,0,0,0
"27,7",0,0,0,0,978,4,99999,99999,99999,99999,99999,99999,0,0,0,0,0,0,0,0,0,0,0,0,0,0,0,0,0,0
"27,8",0,0,0,0,969,4,99999,99999,99999,99999,99999,99999,0,0,0,0,0,0,0,0,0,0,0,0,0,0,0,0,0,0
"27,9",0,0,0,0,974,4,99999,99999,99999,99999,99999,99999,0,0,0,0,0,0,0,0,0,0,0,0,0,0,0,0,0,0
"27,10",0,0,0,0,982,4,99999,99999,99999,99999,99999,99999,0,0,0,0,0,0,0,0,0,0,0,0,0,0,0,0,0,0
"27,11",0,0,0,0,967,4,99999,99999,99999,99999,99999,99999,0,0,0,0,0,0,0,0,0,0,0,0,0,0,0,0,0,0
"27,12",0,0,0,0,959,4,99999,99999,99999,99999,99999,99999,0,0,0,0,0,0,0,0,0,0,0,0,0,0,0,0,0,0
"27,13",0,0,0,0,977,4,99999,99999,99999,99999,99999,99999,0,0,0,0,0,0,0,0,0,0,0,0,0,0,0,0,0,0
"27,14",0,0,0,0,969,4,99999,99999,99999,99999,99999,99999,0,0,0,0,0,0,0,0,0,0,0,0,0,0,0,0,0,0
"27,15",0,0,0,0,983,4,99999,99999,99999,99999,99999,99999,0,0,0,0,0,0,0,0,0,0,0,0,0,0,0,0,0,0
"27,16",0,0,0,0,976,4,99999,99999,99999,99999,99999,99999,0,0,0,0,0,0,0,0,0,0,0,0,0,0,0,0,0,0
"27,17",0,0,0,0,979,4,99999,99999,99999,99999,99999,99999,0,0,0,0,0,0,0,0,0,0,0,0,0,0,0,0,0,0
"27,18",0,0,0,0,976,4,99999,99999,99999,99999,99999,99999,0,0,0,0,0,0,0,0,0,0,0,0,0,0,0,0,0,0
"27,19",0,0,0,0,978,4,99999,99999,99999,99999,99999,99999,0,0,0,0,0,0,0,0,0,0,0,0,0,0,0,0,0,0
"27,20",0,0,0,0,978,4,99999,99999,99999,99999,99999,99999,0,0,0,0,0,0,0,0,0,0,0,0,0,0,0,0,0,0
"27,21",0,0,0,0,972,4,99999,99999,99999,99999,99999,99999,0,0,0,0,0,0,0,0,0,0,0,0,0,0,0,0,0,0
"27,22",38,73125,7,1,1040,2,9,503,597,0,4,6,0.838889,0.1,0.061111,0,0,0,0,0.773504,0.196581,0.029915,0,0,0,0,25832,169,286,111
"27,23",35,73125,7,1,1028,2,6,118,504,0,4,6,0.944444,0.038889,0.016667,0,0,0,0,0.836576,0.136187,0.027237,0,0,0,0,27063,177,279,99
"27,24",37,73125,7,1,1043,2,15,534,624,0,4,6,0.811111,0.111111,0.072222,0.005556,0,0,0,0.74569,0.215517,0.038793,0,0,0,0,25299,166,273,103
"27,25",45,73125,7,1,1036,2,13,290,503,0,4,5,0.855556,0.127778,0.016667,0,0,0,0,0.783465,0.19685,0.019685,0,0,0,0,27060,177,331,151
"27,26",33,73125,7,1,1038,2,9,480,614,0,4,7,0.832432,0.118919,0.048649,0,0,0,0,0.794521,0.173516,0.031963,0,0,0,0,26811,176,269,91
"27,27",45,75914,8,1,1029,2,14,518,772,0,4,7,0.811111,0.105556,0.083333,0,0,0,0,0.790875,0.186312,0.019011,0.003802,0,0,0,25394,165,322,148
"27,28",34,77520,8,1,1033,2,9,255,431,0,4,7,0.888889,0.111111,0,0,0,0,0,0.810345,0.172414,0.012931,0.00431,0,0,0,27495,180,276,96
"27,29",41,78857,8,1,1039,2,12,214,358,0,4,5,0.894444,0.105556,0,0,0,0,0,0.80695,0.169884,0.019305,0.003861,0,0,0,27495,180,310,130
"27,30",46,79915,8,1,1033,2,15,538,619,0,4,7,0.748634,0.136612,0.10929,0.005464,0,0,0,0.810811,0.166667,0.022523,0,0,0,0,24662,162,325,151
"27,31",41,80699,8,1,1029,2,10,502,532,0,4,7,0.844444,0.1,0.055556,0,0,0,0,0.79668,0.170124,0.029046,0.004149,0,0,0,26061,170,293,121
"27,32",43,82153,9,1,1034,2,25,540,696,0,4,5,0.651042,0.213542,0.135417,0,0,0,0,0.781991,0.194313,0.023697,0,0,0,0,25708,166,304,133
"27,33",37,83374,9,1,1038,2,11,245,367,0,4,8,0.883333,0.116667,0,0,0,0,0,0.775934,0.178423,0.037344,0.004149,0.004149,0,0,27495,180,286,106
"27,34",42,84602,9,1,1034,2,9,354,490,0,4,7,0.844086,0.150538,0.005376,0,0,0,0,0.831967,0.143443,0.020492,0.004098,0,0,0,28263,185,323,138
"27,35",41,85542,9,1,1030,2,9,160,287,0,4,5,0.916667,0.083333,0,0,0,0,0,0.802281,0.1673,0.030418,0,0,0,0,27495,180,307,127
"27,36",46,86390,9,1,1040,2,15,533,701,0,4,8,0.766667,0.166667,0.066667,0,0,0,0,0.770213,0.182979,0.042553,0.004255,0,0,0,25678,168,324,150
"27,37",41,87101,9,1,1038,2,10,218,305,0,4,6,0.866667,0.133333,0,0,0,0,0,0.785714,0.186508,0.027778,0,0,0,0,27495,180,306,126
"27,38",50,87819,9,1,1041,2,14,192,357,0,4,7,0.872222,0.127778,0,0,0,0,0,0.730337,0.220974,0.041199,0.007491,0,0,0,27495,180,362,182
"27,39",42,88351,9,1,1038,2,15,515,873,0,4,5,0.766667,0.155556,0.066667,0.011111,0,0,0,0.777778,0.191111,0.031111,0,0,0,0,25346,166,308,132
"27,40",38,88814,9,1,1040,2,20,524,627,0,4,8,0.688889,0.238889,0.072222,0,0,0,0,0.755,0.205,0.03,0.005,0.005,0,0,25609,167,288,112
"27,41",43,89274,9,1,1039,2,10,199,397,0,4,4,0.916667,0.083333,0,0,0,0,0,0.782609,0.205534,0.011858,0,0,0,0,27495,180,320,140
"27,42",35,89633,9,1,1033,2,7,61,78,0,4,6,0.994444,0.005556,0,0,0,0,0,0.781609,0.203065,0.015326,0,0,0,0,27495,180,278,98
"27,43",53,90072,9,1,1028,2,19,504,556,0,4,6,0.704918,0.229508,0.065574,0,0,0,0,0.790393,0.183406,0.026201,0,0,0,0,25992,171,382,203
"27,44",40,90387,9,1,1037,2,12,258,548,0,4,8,0.867725,0.111111,0.021164,0,0,0,0,0.810484,0.157258,0.024194,0.008065,0,0,0,28421,186,311,125
"27,45",44,90689,9,1,1035,2,12,385,540,0,4,8,0.877778,0.083333,0.038889,0,0,0,0,0.776119,0.190299,0.026119,0.007463,0,0,0,26363,173,317,141
"27,46",49,90997,9,1,1037,2,17,416,515,0,5,9,0.813187,0.164835,0.021978,0,0,0,0,0.757085,0.182186,0.048583,0.012146,0,0,0,27164,178,360,180
"27,47",40,91241,9,1,1035,2,11,337,628,0,4,7,0.889503,0.077348,0.033149,0,0,0,0,0.808943,0.158537,0.03252,0,0,0,0,26535,175,303,122
"27,48",39,91466,9,1,1033,2,10,239,402,0,5,8,0.883978,0.116022,0,0,0,0,0,0.779592,0.163265,0.053061,0.004082,0,0,0,27659,181,298,118
"27,49",37,91343,8,1,1039,2,9,332,529,0,4,5,0.872222,0.1,0.027778,0,0,0,0,0.818182,0.165289,0.016529,0,0,0,0,26710,175,288,108
"27,50",41,91220,8,1,1035,2,11,178,271,0,4,5,0.888889,0.111111,0,0,0,0,0,0.779528,0.200787,0.019685,0,0,0,0,27495,180,310,130
"27,51",40,91115,8,1,1034,2,13,537,668,0,4,6,0.794444,0.094444,0.111111,0,0,0,0,0.814978,0.162996,0.022026,0,0,0,0,24436,160,281,115
"27,52",37,91012,8,1,1034,2,9,112,178,0,4,7,0.938889,0.061111,0,0,0,0,0,0.819672,0.143443,0.032787,0.004098,0,0,0,27495,180,288,108
"27,53",42,90907,8,1,1039,2,15,292,390,0,4,8,0.788889,0.211111,0,0,0,0,0,0.767857,0.200893,0.026786,0.004464,0,0,0,27495,180,312,132
"27,54",36,90418,7,1,1033,2,8,146,398,0,4,5,0.927778,0.072222,0,0,0,0,0,0.798419,0.181818,0.01581,0.003953,0,0,0,27495,180,283,103
"27,55",46,89872,7,1,1035,2,11,276,516,0,4,7,0.877778,0.094444,0.027778,0,0,0,0,0.791667,0.17803,0.026515,0.003788,0,0,0,26684,175,333,156
"27,56",40,89422,7,1,1040,2,11,506,538,0,4,6,0.816667,0.116667,0.066667,0,0,0,0,0.795556,0.177778,0.026667,0,0,0,0,25570,168,291,118
"27,57",37,88975,7,1,1027,2,8,109,237,0,4,5,0.944751,0.055249,0,0,0,0,0,0.841897,0.13834,0.01581,0,0.003953,0,0,27659,181,287,107
"27,58",44,88530,7,1,1031,2,12,144,296,0,4,7,0.927778,0.072222,0,0,0,0,0,0.763636,0.196364,0.036364,0.003636,0,0,0,27495,180,324,144
"27,59",0,88530,0,0,969,4,99999,99999,99999,99999,99999,99999,0,0,0,0,0,0,0,0,0,0,0,0,0,0,0,0,0,0
"27,60",0,88530,0,0,974,4,99999,99999,99999,99999,99999,99999,0,0,0,0,0,0,0,0,0,0,0,0,0,0,0,0,0,0
"27,61",0,88530,0,0,970,4,99999,99999,99999,99999,99999,99999,0,0,0,0,0,0,0,0,0,0,0,0,0,0,0,0,0,0
"27,62",0,88530,0,0,971,4,99999,99999,99999,99999,99999,99999,0,0,0,0,0,0,0,0,0,0,0,0,0,0,0,0,0,0
"27,63",0,88530,0,0,976,4,99999,99999,99999,99999,99999,99999,0,0,0,0,0,0,0,0,0,0,0,0,0,0,0,0,0,0
"27,64",0,88530,0,0,970,4,99999,99999,99999,99999,99999,99999,0,0,0,0,0,0,0,0,0,0,0,0,0,0,0,0,0,0
"27,65",0,88530,0,0,975,4,99999,99999,99999,99999,99999,99999,0,0,0,0,0,0,0,0,0,0,0,0,0,0,0,0,0,0
"27,66",0,88530,0,0,971,4,99999,99999,99999,99999,99999,99999,0,0,0,0,0,0,0,0,0,0,0,0,0,0,0,0,0,0
"27,67",0,88530,0,0,972,4,99999,99999,99999,99999,99999,99999,0,0,0,0,0,0,0,0,0,0,0,0,0,0,0,0,0,0
"27,68",0,88530,0,0,977,4,99999,99999,99999,99999,99999,99999,0,0,0,0,0,0,0,0,0,0,0,0,0,0,0,0,0,0
"27,69",0,88530,0,0,969,4,99999,99999,99999,99999,99999,99999,0,0,0,0,0,0,0,0,0,0,0,0,0,0,0,0,0,0
"27,70",0,88530,0,0,982,4,99999,99999,99999,99999,99999,99999,0,0,0,0,0,0,0,0,0,0,0,0,0,0,0,0,0,0
"27,71",0,88530,0,0,975,4,99999,99999,99999,99999,99999,99999,0,0,0,0,0,0,0,0,0,0,0,0,0,0,0,0,0,0
"27,72",0,88530,0,0,976,4,99999,99999,99999,99999,99999,99999,0,0,0,0,0,0,0,0,0,0,0,0,0,0,0,0,0,0
"27,73",0,88530,0,0,972,4,99999,99999,99999,99999,99999,99999,0,0,0,0,0,0,0,0,0,0,0,0,0,0,0,0,0,0
"27,74",0,88530,0,0,973,4,99999,99999,99999,99999,99999,99999,0,0,0,0,0,0,0,0,0,0,0,0,0,0,0,0,0,0
"28,1",0,88530,0,0,968,4,99999,99999,99999,99999,99999,99999,0,0,0,0,0,0,0,0,0,0,0,0,0,0,0,0,0,0
"28,2",0,88530,0,0,968,4,99999,99999,99999,99999,99999,99999,0,0,0,0,0,0,0,0,0,0,0,0,0,0,0,0,0,0
"28,3",0,88530,0,0,968,4,99999,99999,99999,99999,99999,99999,0,0,0,0,0,0,0,0,0,0,0,0,0,0,0,0,0,0
"28,4",0,88530,0,0,986,4,99999,99999,99999,99999,99999,99999,0,0,0,0,0,0,0,0,0,0,0,0,0,0,0,0,0,0
"28,5",0,88530,0,0,971,4,99999,99999,99999,99999,99999,99999,0,0,0,0,0,0,0,0,0,0,0,0,0,0,0,0,0,0
"28,6",0,88530,0,0,968,4,99999,99999,99999,99999,99999,99999,0,0,0,0,0,0,0,0,0,0,0,0,0,0,0,0,0,0
"28,7",0,88530,0,0,965,4,99999,99999,99999,99999,99999,99999,0,0,0,0,0,0,0,0,0,0,0,0,0,0,0,0,0,0
"28,8",0,88530,0,0,970,4,99999,99999,99999,99999,99999,99999,0,0,0,0,0,0,0,0,0,0,0,0,0,0,0,0,0,0
"28,9",0,88530,0,0,965,4,99999,99999,99999,99999,99999,99999,0,0,0,0,0,0,0,0,0,0,0,0,0,0,0,0,0,0
"28,10",0,88530,0,0,975,4,99999,99999,99999,99999,99999,99999,0,0,0,0,0,0,0,0,0,0,0,0,0,0,0,0,0,0
"28,11",0,88530,0,0,967,4,99999,99999,99999,99999,99999,99999,0,0,0,0,0,0,0,0,0,0,0,0,0,0,0,0,0,0
"28,12",0,88530,0,0,984,4,99999,99999,99999,99999,99999,99999,0,0,0,0,0,0,0,0,0,0,0,0,0,0,0,0,0,0
"28,13",0,88530,0,0,977,4,99999,99999,99999,99999,99999,99999,0,0,0,0,0,0,0,0,0,0,0,0,0,0,0,0,0,0
"28,14",0,88530,0,0,961,4,99999,99999,99999,99999,99999,99999,0,0,0,0,0,0,0,0,0,0,0,0,0,0,0,0,0,0
"28,15",0,88530,0,0,977,4,99999,99999,99999,99999,99999,99999,0,0,0,0,0,0,0,0,0,0,0,0,0,0,0,0,0,0
"28,16",0,88530,0,0,969,4,99999,99999,99999,99999,99999,99999,0,0,0,0,0,0,0,0,0,0,0,0,0,0,0,0,0,0
"28,17",0,88530,0,0,974,4,99999,99999,99999,99999,99999,99999,0,0,0,0,0,0,0,0,0,0,0,0,0,0,0,0,0,0
"28,18",0,88530,0,0,968,4,99999,99999,99999,99999,99999,99999,0,0,0,0,0,0,0,0,0,0,0,0,0,0,0,0,0,0
"28,19",0,88530,0,0,976,4,99999,99999,99999,99999,99999,99999,0,0,0,0,0,0,0,0,0,0,0,0,0,0,0,0,0,0
"28,20",0,88530,0,0,970,4,99999,99999,99999,99999,99999,99999,0,0,0,0,0,0,0,0,0,0,0,0,0,0,0,0,0,0
"28,21",0,88530,0,0,971,4,99999,99999,99999,99999,99999,99999,0,0,0,0,0,0,0,0,0,0,0,0,0,0,0,0,0,0
"28,22",0,88530,0,0,974,4,99999,99999,99999,99999,99999,99999,0,0,0,0,0,0,0,0,0,0,0,0,0,0,0,0,0,0
"28,23",43,88099,7,1,1033,2,10,103,177,0,4,7,0.938889,0.061111,0,0,0,0,0,0.786232,0.173913,0.039855,0,0,0,0,27495,180,318,138
"28,24",38,87731,7,1,1035,2,7,70,131,0,4,6,0.972222,0.027778,0,0,0,0,0,0.776119,0.186567,0.037313,0,0,0,0,27495,180,292,112
"28,25",44,87357,7,1,1041,2,10,229,480,0,4,5,0.883333,0.105556,0.011111,0,0,0,0,0.789883,0.194553,0.011673,0.003891,0,0,0,27205,178,322,142
"28,26",46,86987,7,1,1037,2,9,365,527,0,4,7,0.838889,0.122222,0.038889,0,0,0,0,0.760504,0.205882,0.033613,0,0,0,0,26399,173,334,155
"28,27",36,86681,7,1,1035,2,11,191,358,0,4,6,0.888889,0.111111,0,0,0,0,0,0.834043,0.140426,0.025532,0,0,0,0,27495,180,284,104
"28,28",41,86362,7,1,1029,2,9,183,297,0,4,4,0.906077,0.093923,0,0,0,0,0,0.817121,0.178988,0.003891,0,0,0,0,27659,181,308,128
"28,29",42,86393,8,1,1048,2,12,218,412,0,4,6,0.877778,0.122222,0,0,0,0,0,0.745968,0.209677,0.044355,0,0,0,0,27495,180,311,131
"28,30",41,86423,8,1,1044,2,11,136,247,0,4,8,0.922652,0.077348,0,0,0,0,0,0.773077,0.184615,0.042308,0,0,0,0,27659,181,309,129
"28,31",39,86451,8,1,1040,2,9,79,184,0,4,6,0.966851,0.033149,0,0,0,0,0,0.767025,0.204301,0.028674,0,0,0,0,27561,181,300,119
"28,32",42,86480,8,1,1035,2,8,138,245,0,4,6,0.933333,0.066667,0,0,0,0,0,0.839695,0.122137,0.034351,0.003817,0,0,0,27495,180,314,134
"28,33",42,86507,8,1,1035,2,9,125,258,0,4,5,0.933333,0.066667,0,0,0,0,0,0.814815,0.166667,0.014815,0,0.003704,0,0,27495,180,315,135
"28,34",40,86532,8,1,1042,2,10,133,317,0,4,8,0.933333,0.066667,0,0,0,0,0,0.772,0.2,0.024,0.004,0,0,0,27495,180,304,124
"28,35",40,86743,9,1,1039,2,9,81,199,0,4,8,0.961111,0.038889,0,0,0,0,0,0.765568,0.190476,0.040293,0.003663,0,0,0,27495,180,303,123
"28,36",36,86938,9,1,1025,2,9,137,370,0,4,5,0.922222,0.077778,0,0,0,0,0,0.828685,0.14741,0.01992,0.003984,0,0,0,27495,180,284,104
"28,37",42,87144,9,1,1034,2,12,347,675,0,4,6,0.894444,0.072222,0.033333,0,0,0,0,0.780303,0.181818,0.037879,0,0,0,0,26697,174,313,134
"28,38",48,87363,9,1,1038,2,15,509,525,0,4,5,0.772222,0.15,0.077778,0,0,0,0,0.808943,0.166667,0.02439,0,0,0,0,25264,166,347,168
"28,39",39,87531,9,1,1031,2,11,508,550,0,4,8,0.844444,0.088889,0.061111,0.005556,0,0,0,0.788136,0.182203,0.021186,0.008475,0,0,0,25688,168,279,109
"28,40",42,87715,9,1,1032,2,10,98,165,0,4,7,0.950276,0.049724,0,0,0,0,0,0.790875,0.18251,0.026616,0,0,0,0,27659,181,313,133
"28,41",34,87872,9,1,1044,2,10,102,195,0,4,7,0.945652,0.054348,0,0,0,0,0,0.812749,0.163347,0.01992,0.003984,0,0,0,28065,184,280,98
"28,42",47,88059,9,1,1029,2,13,156,285,0,4,6,0.916667,0.083333,0,0,0,0,0,0.774908,0.199262,0.01845,0.00738,0,0,0,27495,180,340,160
"28,43",41,88208,9,1,1045,2,23,533,763,0,4,5,0.7,0.188889,0.111111,0,0,0,0,0.79703,0.178218,0.019802,0.00495,0,0,0,24339,160,277,114
"28,44",42,88368,9,1,1038,2,12,220,367,0,4,8,0.883333,0.116667,0,0,0,0,0,0.831325,0.144578,0.024096,0,0,0,0,27495,180,312,132
"28,45",43,88527,9,1,1038,2,9,128,306,0,4,7,0.933333,0.066667,0,0,0,0,0,0.795455,0.181818,0.018939,0,0.003788,0,0,27495,180,316,136
"28,46",42,88514,8,1,1032,2,11,489,760,0,4,6,0.855556,0.094444,0.05,0,0,0,0,0.805668,0.17004,0.020243,0.004049,0,0,0,26061,171,302,127
"28,47",39,88503,8,1,1037,2,13,531,553,0,4,8,0.838889,0.077778,0.083333,0,0,0,0,0.803279,0.163934,0.032787,0,0,0,0,25226,165,278,111
"28,48",39,88491,8,1,1041,2,10,78,163,0,4,6,0.966851,0.033149,0,0,0,0,0,0.772727,0.185606,0.034091,0.007576,0,0,0,27561,181,300,119
"28,49",40,88480,8,1,1043,2,10,503,727,0,4,5,0.85,0.088889,0.061111,0,0,0,0,0.794118,0.180672,0.021008,0.004202,0,0,0,25787,169,289,116
"28,50",37,88470,8,1,1044,2,15,524,695,0,4,7,0.8,0.136842,0.063158,0,0,0,0,0.79646,0.172566,0.026549,0.004425,0,0,0,27186,178,291,110
"28,51",38,88459,8,1,1042,2,20,511,581,0,4,8,0.716667,0.205556,0.077778,0,0,0,0,0.743842,0.206897,0.049261,0,0,0,0,25588,166,288,112
"28,52",39,88236,7,1,1034,2,12,525,771,0,4,6,0.775956,0.153005,0.071038,0,0,0,0,0.813084,0.154206,0.03271,0,0,0,0,26111,170,295,117
"28,53",35,88028,7,1,1041,2,8,74,173,0,4,4,0.972376,0.027624,0,0,0,0,0,0.813953,0.178295,0.007752,0,0,0,0,27659,181,281,101
"28,54",43,87805,7,1,1031,2,10,98,200,0,4,5,0.955556,0.044444,0,0,0,0,0,0.807829,0.16726,0.024911,0,0,0,0,27495,180,319,139
"28,55",44,87588,7,1,1045,2,15,481,532,0,4,5,0.822222,0.127778,0.05,0,0,0,0,0.820084,0.154812,0.020921,0.004184,0,0,0,25965,171,326,146
"28,56",42,87386,7,1,1037,2,17,486,622,0,4,6,0.761111,0.188889,0.05,0,0,0,0,0.753425,0.223744,0.022831,0,0,0,0,26238,171,307,131
"28,57",37,87188,7,1,1035,2,10,137,216,0,4,8,0.922652,0.077348,0,0,0,0,0,0.796,0.184,0.012,0.008,0,0,0,27561,181,290,109
"28,58",0,87188,0,0,974,4,99999,99999,99999,99999,99999,99999,0,0,0,0,0,0,0,0,0,0,0,0,0,0,0,0,0,0
"28,59",0,87188,0,0,973,4,99999,99999,99999,99999,99999,99999,0,0,0,0,0,0,0,0,0,0,0,0,0,0,0,0,0,0
"28,60",0,87188,0,0,972,4,99999,99999,99999,99999,99999,99999,0,0,0,0,0,0,0,0,0,0,0,0,0,0,0,0,0,0
"28,61",0,87188,0,0,972,4,99999,99999,99999,99999,99999,99999,0,0,0,0,0,0,0,0,0,0,0,0,0,0,0,0,0,0
"28,62",0,87188,0,0,967,4,99999,99999,99999,99999,99999,99999,0,0,0,0,0,0,0,0,0,0,0,0,0,0,0,0,0,0
"28,63",0,87188,0,0,961,4,99999,99999,99999,99999,99999,99999,0,0,0,0,0,0,0,0,0,0,0,0,0,0,0,0,0,0
"28,64",0,87188,0,0,977,4,99999,99999,99999,99999,99999,99999,0,0,0,0,0,0,0,0,0,0,0,0,0,0,0,0,0,0
"28,65",0,87188,0,0,971,4,99999,99999,99999,99999,99999,99999,0,0,0,0,0,0,0,0,0,0,0,0,0,0,0,0,0,0
"28,66",0,87188,0,0,975,4,99999,99999,99999,99999,99999,99999,0,0,0,0,0,0,0,0,0,0,0,0,0,0,0,0,0,0
"28,67",0,87188,0,0,965,4,99999,99999,99999,99999,99999,99999,0,0,0,0,0,0,0,0,0,0,0,0,0,0,0,0,0,0
"28,68",0,87188,0,0,973,4,99999,99999,99999,99999,99999,99999,0,0,0,0,0,0,0,0,0,0,0,0,0,0,0,0,0,0
"28,69",0,87188,0,0,969,4,99999,99999,99999,99999,99999,99999,0,0,0,0,0,0,0,0,0,0,0,0,0,0,0,0,0,0
"28,70",0,87188,0,0,975,4,99999,99999,99999,99999,99999,99999,0,0,0,0,0,0,0,0,0,0,0,0,0,0,0,0,0,0
"28,71",0,87188,0,0,962,4,99999,99999,99999,99999,99999,99999,0,0,0,0,0,0,0,0,0,0,0,0,0,0,0,0,0,0
"28,72",0,87188,0,0,974,4,99999,99999,99999,99999,99999,99999,0,0,0,0,0,0,0,0,0,0,0,0,0,0,0,0,0,0
"28,73",0,87188,0,0,971,4,99999,99999,99999,99999,99999,99999,0,0,0,0,0,0,0,0,0,0,0,0,0,0,0,0,0,0
"28,74",0,87188,0,0,982,4,99999,99999,99999,99999,99999,99999,0,0,0,0,0,0,0,0,0,0,0,0,0,0,0,0,0,0
"29,1",0,0,0,0,976,4,99999,99999,99999,99999,99999,99999,0,0,0,0,0,0,0,0,0,0,0,0,0,0,0,0,0,0
"29,2",0,0,0,0,970,4,99999,99999,99999,99999,99999,99999,0,0,0,0,0,0,0,0,0,0,0,0,0,0,0,0,0,0
"29,3",0,0,0,0,979,4,99999,99999,99999,99999,99999,99999,0,0,0,0,0,0,0,0,0,0,0,0,0,0,0,0,0,0
"29,4",0,0,0,0,961,4,99999,99999,99999,99999,99999,99999,0,0,0,0,0,0,0,0,0,0,0,0,0,0,0,0,0,0
"29,5",0,0,0,0,969,4,99999,99999,99999,99999,99999,99999,0,0,0,0,0,0,0,0,0,0,0,0,0,0,0,0,0,0
"29,6",0,0,0,0,966,4,99999,99999,99999,99999,99999,99999,0,0,0,0,0,0,0,0,0,0,0,0,0,0,0,0,0,0
"29,7",0,0,0,0,980,4,99999,99999,99999,99999,99999,99999,0,0,0,0,0,0,0,0,0,0,0,0,0,0,0,0,0,0
"29,8",0,0,0,0,978,4,99999,99999,99999,99999,99999,99999,0,0,0,0,0,0,0,0,0,0,0,0,0,0,0,0,0,0
"29,9",0,0,0,0,967,4,99999,99999,99999,99999,99999,99999,0,0,0,0,0,0,0,0,0,0,0,0,0,0,0,0,0,0
"29,10",0,0,0,0,965,4,99999,99999,99999,99999,99999,99999,0,0,0,0,0,0,0,0,0,0,0,0,0,0,0,0,0,0
"29,11",0,0,0,0,976,4,99999,99999,99999,99999,99999,99999,0,0,0,0,0,0,0,0,0,0,0,0,0,0,0,0,0,0
"29,12",0,0,0,0,977,4,99999,99999,99999,99999,99999,99999,0,0,0,0,0,0,0,0,0,0,0,0,0,0,0,0,0,0
"29,13",0,0,0,0,975,4,99999,99999,99999,99999,99999,99999,0,0,0,0,0,0,0,0,0,0,0,0,0,0,0,0,0,0
"29,14",0,0,0,0,968,4,99999,99999,99999,99999,99999,99999,0,0,0,0,0,0,0,0,0,0,0,0,0,0,0,0,0,0
"29,15",0,0,0,0,982,4,99999,99999,99999,99999,99999,99999,0,0,0,0,0,0,0,0,0,0,0,0,0,0,0,0,0,0
"29,16",0,0,0,0,977,4,99999,99999,99999,99999,99999,99999,0,0,0,0,0,0,0,0,0,0,0,0,0,0,0,0,0,0
"29,17",0,0,0,0,976,4,99999,99999,99999,99999,99999,99999,0,0,0,0,0,0,0,0,0,0,0,0,0,0,0,0,0,0
"29,18",0,0,0,0,971,4,99999,99999,99999,99999,99999,99999,0,0,0,0,0,0,0,0,0,0,0,0,0,0,0,0,0,0
"29,19",0,0,0,0,959,4,99999,99999,99999,99999,99999,99999,0,0,0,0,0,0,0,0,0,0,0,0,0,0,0,0,0,0
"29,20",0,0,0,0,962,4,99999,99999,99999,99999,99999,99999,0,0,0,0,0,0,0,0,0,0,0,0,0,0,0,0,0,0
"29,21",0,0,0,0,971,4,99999,99999,99999,99999,99999,99999,0,0,0,0,0,0,0,0,0,0,0,0,0,0,0,0,0,0
"29,22",0,0,0,0,980,4,99999,99999,99999,99999,99999,99999,0,0,0,0,0,0,0,0,0,0,0,0,0,0,0,0,0,0
"29,23",0,0,0,0,963,4,99999,99999,99999,99999,99999,99999,0,0,0,0,0,0,0,0,0,0,0,0,0,0,0,0,0,0
"29,24",0,0,0,0,967,4,99999,99999,99999,99999,99999,99999,0,0,0,0,0,0,0,0,0,0,0,0,0,0,0,0,0,0
"29,25",45,73125,7,1,1032,2,14,504,566,0,4,8,0.777778,0.15,0.072222,0,0,0,0,0.773148,0.180556,0.037037,0.00463,0.00463,0,0,25593,167,311,140
"29,26",41,73125,7,1,1031,2,10,116,208,0,4,4,0.927778,0.072222,0,0,0,0,0,0.802974,0.185874,0.011152,0,0,0,0,27495,180,309,129
"29,27",41,73125,7,1,1038,2,10,129,218,0,4,6,0.917582,0.082418,0,0,0,0,0,0.792,0.176,0.032,0,0,0,0,27777,182,306,126
"29,28",44,73125,7,1,1032,2,13,415,556,0,4,5,0.861111,0.094444,0.044444,0,0,0,0,0.777778,0.183908,0.038314,0,0,0,0,26245,172,311,137
"29,29",42,73125,7,1,1032,2,11,188,343,0,4,7,0.888889,0.111111,0,0,0,0,0,0.803774,0.166038,0.030189,0,0,0,0,27495,180,314,134
"29,30",42,73125,7,1,1038,2,14,474,544,0,4,7,0.790055,0.165746,0.044199,0,0,0,0,0.764192,0.209607,0.021834,0.004367,0,0,0,26400,173,310,133
"29,31",48,75171,8,1,1043,2,20,531,635,0,4,5,0.722222,0.094444,0.183333,0,0,0,0,0.832536,0.148325,0.019139,0,0,0,0,22424,147,296,143
"29,32",44,76694,8,1,1028,2,29,629,937,0,4,5,0.623037,0.183246,0.17801,0.015707,0,0,0,0.771144,0.21393,0.014925,0,0,0,0,23564,154,309,139
"29,33",44,77981,8,1,1042,2,12,259,549,0,4,7,0.868132,0.115385,0.016484,0,0,0,0,0.781746,0.186508,0.027778,0,0.003968,0,0,27299,179,324,143
"29,34",40,78928,8,1,1041,2,12,541,886,0,4,8,0.777778,0.122222,0.088889,0.011111,0,0,0,0.800926,0.157407,0.037037,0.00463,0,0,0,25012,162,293,119
"29,35",45,79780,8,1,1036,2,16,373,541,0,4,5,0.761111,0.2,0.038889,0,0,0,0,0.764957,0.205128,0.025641,0.004274,0,0,0,26433,173,326,149
"29,36",44,80450,8,1,1032,2,16,519,706,0,4,6,0.738889,0.183333,0.077778,0,0,0,0,0.773333,0.2,0.026667,0,0,0,0,25320,166,317,142
"29,37",44,81003,8,1,1035,2,19,528,650,0,4,7,0.761111,0.161111,0.066667,0.011111,0,0,0,0.781116,0.197425,0.021459,0,0,0,0,25411,166,306,136
"29,38",40,81440,8,1,1038,2,10,527,558,0,4,6,0.794444,0.1,0.105556,0,0,0,0,0.832536,0.133971,0.028708,0.004785,0,0,0,24611,161,284,115
"29,39",37,81819,8,1,1040,2,11,515,549,0,4,6,0.830601,0.103825,0.060109,0.005464,0,0,0,0.809091,0.177273,0.013636,0,0,0,0,26333,171,273,103
"29,40",45,82220,8,1,1035,2,14,322,628,0,4,7,0.861111,0.111111,0.027778,0,0,0,0,0.779923,0.181467,0.03861,0,0,0,0,26810,175,329,151
"29,41",49,82594,8,1,1038,2,13,300,421,0,4,8,0.830601,0.163934,0.005464,0,0,0,0,0.798354,0.168724,0.028807,0.004115,0,0,0,27826,182,360,179
"29,42",39,82875,8,1,1041,2,10,79,145,0,4,6,0.966667,0.033333,0,0,0,0,0,0.795539,0.178439,0.026022,0,0,0,0,27495,180,299,119
"29,43",37,83102,8,1,1025,2,10,429,628,0,4,5,0.811111,0.144444,0.044444,0,0,0,0,0.812227,0.174672,0.0131,0,0,0,0,26206,172,281,106
"29,44",42,83341,8,1,1023,2,11,299,639,0,4,5,0.872222,0.1,0.027778,0,0,0,0,0.811765,0.168627,0.019608,0,0,0,0,26792,175,313,133
"29,45",40,83544,8,1,1041,2,15,513,680,0,4,7,0.772222,0.155556,0.072222,0,0,0,0,0.787611,0.176991,0.030973,0.004425,0,0,0,25453,167,300,121
"29,46",39,83735,8,1,1038,2,8,85,199,0,4,5,0.961111,0.038889,0,0,0,0,0,0.806818,0.174242,0.018939,0,0,0,0,27495,180,300,120
"29,47",38,83900,8,1,1034,2,14,514,700,0,4,6,0.78836,0.137566,0.074074,0,0,0,0,0.84,0.115556,0.044444,0,0,0,0,26623,175,298,116
"29,48",39,84056,8,1,1041,2,10,170,277,0,4,5,0.9,0.1,0,0,0,0,0,0.787402,0.19685,0.015748,0,0,0,0,27495,180,300,120
"29,49",41,84201,8,1,1028,2,12,296,529,0,4,6,0.872222,0.111111,0.016667,0,0,0,0,0.800797,0.179283,0.01992,0,0,0,0,27012,177,307,128
"29,50",40,83789,7,1,1040,2,13,174,296,0,4,6,0.900552,0.099448,0,0,0,0,0,0.790514,0.185771,0.023715,0,0,0,0,27561,181,305,124
"29,51",42,83388,7,1,1035,2,10,111,216,0,4,6,0.938889,0.061111,0,0,0,0,0,0.815686,0.156863,0.027451,0,0,0,0,27495,180,311,131
"29,52",43,83008,7,1,1038,2,11,135,206,0,4,8,0.916667,0.083333,0,0,0,0,0,0.776,0.188,0.036,0,0,0,0,27495,180,319,139
"29,53",43,82652,7,1,1033,2,9,139,342,0,4,5,0.933702,0.066298,0,0,0,0,0,0.79771,0.183206,0.019084,0,0,0,0,27659,181,320,140
"29,54",42,82337,7,1,1029,2,11,354,550,0,4,5,0.888889,0.072222,0.038889,0,0,0,0,0.826255,0.158301,0.015444,0,0,0,0,26475,173,303,128
"29,55",36,82057,7,1,1033,2,8,92,200,0,4,6,0.95,0.05,0,0,0,0,0,0.815261,0.160643,0.02008,0.004016,0,0,0,27495,180,282,102
"29,56",0,82057,0,0,979,4,99999,99999,99999,99999,99999,99999,0,0,0,0,0,0,0,0,0,0,0,0,0,0,0,0,0,0
"29,57",0,82057,0,0,972,4,99999,99999,99999,99999,99999,99999,0,0,0,0,0,0,0,0,0,0,0,0,0,0,0,0,0,0
"29,58",0,82057,0,0,974,4,99999,99999,99999,99999,99999,99999,0,0,0,0,0,0,0,0,0,0,0,0,0,0,0,0,0,0
"29,59",0,82057,0,0,975,4,99999,99999,99999,99999,99999,99999,0,0,0,0,0,0,0,0,0,0,0,0,0,0,0,0,0,0
"29,60",0,82057,0,0,967,4,99999,99999,99999,99999,99999,99999,0,0,0,0,0,0,0,0,0,0,0,0,0,0,0,0,0,0
"29,61",0,82057,0,0,977,4,99999,99999,99999,99999,99999,99999,0,0,0,0,0,0,0,0,0,0,0,0,0,0,0,0,0,0
"29,62",0,82057,0,0,977,4,99999,99999,99999,99999,99999,99999,0,0,0,0,0,0,0,0,0,0,0,0,0,0,0,0,0,0
"29,63",0,82057,0,0,968,4,99999,99999,99999,99999,99999,99999,0,0,0,0,0,0,0,0,0,0,0,0,0,0,0,0,0,0
"29,64",0,82057,0,0,976,4,99999,99999,99999,99999,99999,99999,0,0,0,0,0,0,0,0,0,0,0,0,0,0,0,0,0,0
"29,65",0,82057,0,0,972,4,99999,99999,99999,99999,99999,99999,0,0,0,0,0,0,0,0,0,0,0,0,0,0,0,0,0,0
"29,66",0,82057,0,0,975,4,99999,99999,99999,99999,99999,99999,0,0,0,0,0,0,0,0,0,0,0,0,0,0,0,0,0,0
"29,67",0,82057,0,0,971,4,99999,99999,99999,99999,99999,99999,0,0,0,0,0,0,0,0,0,0,0,0,0,0,0,0,0,0
"29,68",0,82057,0,0,980,4,99999,99999,99999,99999,99999,99999,0,0,0,0,0,0,0,0,0,0,0,0,0,0,0,0,0,0
"29,69",0,82057,0,0,980,4,99999,99999,99999,99999,99999,99999,0,0,0,0,0,0,0,0,0,0,0,0,0,0,0,0,0,0
"29,70",0,82057,0,0,963,4,99999,99999,99999,99999,99999,99999,0,0,0,0,0,0,0,0,0,0,0,0,0,0,0,0,0,0
"29,71",0,82057,0,0,969,4,99999,99999,99999,99999,99999,99999,0,0,0,0,0,0,0,0,0,0,0,0,0,0,0,0,0,0
"29,72",0,82057,0,0,972,4,99999,99999,99999,99999,99999,99999,0,0,0,0,0,0,0,0,0,0,0,0,0,0,0,0,0,0
"29,73",0,82057,0,0,966,4,99999,99999,99999,99999,99999,99999,0,0,0,0,0,0,0,0,0,0,0,0,0,0,0,0,0,0
"29,74",0,82057,0,0,968,4,99999,99999,99999,99999,99999,99999,0,0,0,0,0,0,0,0,0,0,0,0,0,0,0,0,0,0
"30,1",0,82057,0,0,970,4,99999,99999,99999,99999,99999,99999,0,0,0,0,0,0,0,0,0,0,0,0,0,0,0,0,0,0
"30,2",0,82057,0,0,963,4,99999,99999,99999,99999,99999,99999,0,0,0,0,0,0,0,0,0,0,0,0,0,0,0,0,0,0
"30,3",0,82057,0,0,971,4,99999,99999,99999,99999,99999,99999,0,0,0,0,0,0,0,0,0,0,0,0,0,0,0,0,0,0
"30,4",0,82057,0,0,973,4,99999,99999,99999,99999,99999,99999,0,0,0,0,0,0,0,0,0,0,0,0,0,0,0,0,0,0
"30,5",0,82057,0,0,969,4,99999,99999,99999,99999,99999,99999,0,0,0,0,0,0,0,0,0,0,0,0,0,0,0,0,0,0
"30,6",0,82057,0,0,968,4,99999,99999,99999,99999,99999,99999,0,0,0,0,0,0,0,0,0,0,0,0,0,0,0,0,0,0
"30,7",0,82057,0,0,977,4,99999,99999,99999,99999,99999,99999,0,0,0,0,0,0,0,0,0,0,0,0,0,0,0,0,0,0
"30,8",0,82057,0,0,958,4,99999,99999,99999,99999,99999,99999,0,0,0,0,0,0,0,0,0,0,0,0,0,0,0,0,0,0
"30,9",0,82057,0,0,962,4,99999,99999,99999,99999,99999,99999,0,0,0,0,0,0,0,0,0,0,0,0,0,0,0,0,0,0
"30,10",0,82057,0,0,975,4,99999,99999,99999,99999,99999,99999,0,0,0,0,0,0,0,0,0,0,0,0,0,0,0,0,0,0
"30,11",0,82057,0,0,984,4,99999,99999,99999,99999,99999,99999,0,0,0,0,0,0,0,0,0,0,0,0,0,0,0,0,0,0
"30,12",0,82057,0,0,972,4,99999,99999,99999,99999,99999,99999,0,0,0,0,0,0,0,0,0,0,0,0,0,0,0,0,0,0
"30,13",0,82057,0,0,979,4,99999,99999,99999,99999,99999,99999,0,0,0,0,0,0,0,0,0,0,0,0,0,0,0,0,0,0
"30,14",0,82057,0,0,979,4,99999,99999,99999,99999,99999,99999,0,0,0,0,0,0,0,0,0,0,0,0,0,0,0,0,0,0
"30,15",0,82057,0,0,970,4,99999,99999,99999,99999,99999,99999,0,0,0,0,0,0,0,0,0,0,0,0,0,0,0,0,0,0
"30,16",0,82057,0,0,972,4,99999,99999,99999,99999,99999,99999,0,0,0,0,0,0,0,0,0,0,0,0,0,0,0,0,0,0
"30,17",0,82057,0,0,978,4,99999,99999,99999,99999,99999,99999,0,0,0,0,0,0,0,0,0,0,0,0,0,0,0,0,0,0
"30,18",0,82057,0,0,972,4,99999,99999,99999,99999,99999,99999,0,0,0,0,0,0,0,0,0,0,0,0,0,0,0,0,0,0
"30,19",0,82057,0,0,974,4,99999,99999,99999,99999,99999,99999,0,0,0,0,0,0,0,0,0,0,0,0,0,0,0,0,0,0
"30,20",0,82057,0,0,966,4,99999,99999,99999,99999,99999,99999,0,0,0,0,0,0,0,0,0,0,0,0,0,0,0,0,0,0
"30,21",0,82057,0,0,976,4,99999,99999,99999,99999,99999,99999,0,0,0,0,0,0,0,0,0,0,0,0,0,0,0,0,0,0
"30,22",0,82057,0,0,975,4,99999,99999,99999,99999,99999,99999,0,0,0,0,0,0,0,0,0,0,0,0,0,0,0,0,0,0
"30,23",0,82057,0,0,969,4,99999,99999,99999,99999,99999,99999,0,0,0,0,0,0,0,0,0,0,0,0,0,0,0,0,0,0
"30,24",0,82057,0,0,977,4,99999,99999,99999,99999,99999,99999,0,0,0,0,0,0,0,0,0,0,0,0,0,0,0,0,0,0
"30,25",0,82057,0,0,972,4,99999,99999,99999,99999,99999,99999,0,0,0,0,0,0,0,0,0,0,0,0,0,0,0,0,0,0
"30,26",0,82057,0,0,974,4,99999,99999,99999,99999,99999,99999,0,0,0,0,0,0,0,0,0,0,0,0,0,0,0,0,0,0
"30,27",44,81766,7,1,1037,2,11,127,241,0,4,5,0.933333,0.066667,0,0,0,0,0,0.772563,0.202166,0.025271,0,0,0,0,27495,180,324,144
"30,28",37,81523,7,1,1036,2,11,445,586,0,4,7,0.811111,0.15,0.038889,0,0,0,0,0.773913,0.2,0.021739,0.004348,0,0,0,26393,173,285,108
"30,29",34,81311,7,1,1034,2,14,528,590,0,4,5,0.794444,0.116667,0.088889,0,0,0,0,0.783186,0.199115,0.017699,0,0,0,0,25008,164,258,90
"30,30",39,81089,7,1,1041,2,12,502,559,0,4,6,0.827027,0.118919,0.054054,0,0,0,0,0.775424,0.207627,0.012712,0.004237,0,0,0,26664,175,292,116
"30,31",45,80871,7,1,1049,2,15,533,553,0,4,7,0.773481,0.116022,0.104972,0.005525,0,0,0,0.761702,0.2,0.034043,0,0.004255,0,0,24586,161,300,138
"30,32",39,80664,7,1,1032,2,8,68,126,0,4,7,0.972222,0.027778,0,0,0,0,0,0.80292,0.164234,0.032847,0,0,0,0,27495,180,297,117
"30,33",36,80483,7,1,1030,2,13,646,973,0,4,6,0.726776,0.136612,0.114754,0.021858,0,0,0,0.817734,0.157635,0.019704,0.004926,0,0,0,24100,158,274,100
"30,34",44,80680,8,1,1036,2,9,93,264,0,4,5,0.95,0.05,0,0,0,0,0,0.792593,0.185185,0.022222,0,0,0,0,27495,180,324,144
"30,35",40,80860,8,1,1032,2,10,167,273,0,4,6,0.900552,0.099448,0,0,0,0,0,0.784615,0.169231,0.038462,0.007692,0,0,0,27561,181,305,124
"30,36",40,81029,8,1,1028,2,8,72,147,0,4,5,0.977778,0.022222,0,0,0,0,0,0.816176,0.169118,0.014706,0,0,0,0,27495,180,301,121
"30,37",39,81190,8,1,1037,2,10,96,149,0,5,8,0.95,0.05,0,0,0,0,0,0.804,0.144,0.048,0,0.004,0,0,27495,180,300,120
"30,38",43,81350,8,1,1043,2,12,271,374,0,4,7,0.816667,0.183333,0,0,0,0,0,0.742616,0.21097,0.042194,0.004219,0,0,0,27495,180,319,139
"30,39",45,81508,8,1,1035,2,14,336,610,0,4,5,0.878947,0.094737,0.026316,0,0,0,0,0.827338,0.136691,0.032374,0.003597,0,0,0,28283,185,336,153
"30,40",42,81648,8,1,1032,2,15,472,597,0,4,8,0.761111,0.194444,0.044444,0,0,0,0,0.792952,0.176211,0.030837,0,0,0,0,26355,172,310,132
"30,41",46,81792,8,1,1037,2,14,177,286,0,4,6,0.905556,0.094444,0,0,0,0,0,0.755474,0.211679,0.032847,0,0,0,0,27495,180,334,154
"30,42",37,81916,8,1,1046,2,13,462,757,0,4,8,0.808743,0.147541,0.043716,0,0,0,0,0.800866,0.160173,0.034632,0,0.004329,0,0,26664,175,290,108
"30,43",51,82061,8,1,1038,2,12,272,398,0,4,5,0.832432,0.167568,0,0,0,0,0,0.746032,0.238095,0.007937,0.003968,0.003968,0,0,28283,185,376,193
"30,44",34,82166,8,1,1034,2,8,214,359,0,4,8,0.884615,0.115385,0,0,0,0,0,0.806867,0.158798,0.025751,0.008584,0,0,0,27777,182,274,94
"30,45",38,82270,8,1,1035,2,15,507,530,0,4,8,0.805556,0.138889,0.055556,0,0,0,0,0.8,0.151111,0.044444,0.004444,0,0,0,25876,170,282,109
"30,46",43,82383,8,1,1033,2,9,121,214,0,4,5,0.938889,0.061111,0,0,0,0,0,0.767528,0.214022,0.01845,0,0,0,0,27495,180,319,139
"30,47",41,82202,7,1,1038,2,10,190,369,0,4,8,0.911602,0.088398,0,0,0,0,0,0.808429,0.16092,0.030651,0,0,0,0,27659,181,307,127
"30,48",35,82044,7,1,1034,2,8,113,255,0,4,6,0.933333,0.066667,0,0,0,0,0,0.807229,0.176707,0.016064,0,0,0,0,27495,180,281,101
"30,49",34,81895,7,1,1034,2,7,101,249,0,4,7,0.944444,0.055556,0,0,0,0,0,0.854331,0.122047,0.019685,0,0.003937,0,0,27495,180,276,96
"30,50",42,81729,7,1,1042,2,11,103,187,0,4,6,0.945055,0.054945,0,0,0,0,0,0.835766,0.131387,0.032847,0,0,0,0,27777,182,314,134
"30,51",39,81577,7,1,1035,2,9,79,126,0,4,5,0.972376,0.027624,0,0,0,0,0,0.828996,0.156134,0.01487,0,0,0,0,27659,181,297,117
"30,52",41,81425,7,1,1030,2,9,137,242,0,4,6,0.928177,0.071823,0,0,0,0,0,0.830116,0.142857,0.023166,0.003861,0,0,0,27561,181,308,127
"30,53",39,81284,7,1,1035,2,10,167,488,0,4,6,0.917127,0.071823,0.01105,0,0,0,0,0.788235,0.172549,0.039216,0,0,0,0,27300,179,300,120
"30,54",0,81284,0,0,974,4,99999,99999,99999,99999,99999,99999,0,0,0,0,0,0,0,0,0,0,0,0,0,0,0,0,0,0
"30,55",0,81284,0,0,968,4,99999,99999,99999,99999,99999,99999,0,0,0,0,0,0,0,0,0,0,0,0,0,0,0,0,0,0
"30,56",0,81284,0,0,970,4,99999,99999,99999,99999,99999,99999,0,0,0,0,0,0,0,0,0,0,0,0,0,0,0,0,0,0
"30,57",0,81284,0,0,980,4,99999,99999,99999,99999,99999,99999,0,0,0,0,0,0,0,0,0,0,0,0,0,0,0,0,0,0
"30,58",0,81284,0,0,978,4,99999,99999,99999,99999,99999,99999,0,0,0,0,0,0,0,0,0,0,0,0,0,0,0,0,0,0
"30,59",0,81284,0,0,971,4,99999,99999,99999,99999,99999,99999,0,0,0,0,0,0,0,0,0,0,0,0,0,0,0,0,0,0
"30,60",0,81284,0,0,978,4,99999,99999,99999,99999,99999,99999,0,0,0,0,0,0,0,0,0,0,0,0,0,0,0,0,0,0
"30,61",0,81284,0,0,963,4,99999,99999,99999,99999,99999,99999,0,0,0,0,0,0,0,0,0,0,0,0,0,0,0,0,0,0
"30,62",0,81284,0,0,979,4,99999,99999,99999,99999,99999,99999,0,0,0,0,0,0,0,0,0,0,0,0,0,0,0,0,0,0
"30,63",0,81284,0,0,970,4,99999,99999,99999,99999,99999,99999,0,0,0,0,0,0,0,0,0,0,0,0,0,0,0,0,0,0
"30,64",0,81284,0,0,972,4,99999,99999,99999,99999,99999,99999,0,0,0,0,0,0,0,0,0,0,0,0,0,0,0,0,0,0
"30,65",0,81284,0,0,974,4,99999,99999,99999,99999,99999,99999,0,0,0,0,0,0,0,0,0,0,0,0,0,0,0,0,0,0
"30,66",0,81284,0,0,978,4,99999,99999,99999,99999,99999,99999,0,0,0,0,0,0,0,0,0,0,0,0,0,0,0,0,0,0
"30,67",0,81284,0,0,973,4,99999,99999,99999,99999,99999,99999,0,0,0,0,0,0,0,0,0,0,0,0,0,0,0,0,0,0
"30,68",0,81284,0,0,965,4,99999,99999,99999,99999,99999,99999,0,0,0,0,0,0,0,0,0,0,0,0,0,0,0,0,0,0
"30,69",0,81284,0,0,974,4,99999,99999,99999,99999,99999,99999,0,0,0,0,0,0,0,0,0,0,0,0,0,0,0,0,0,0
"30,70",0,81284,0,0,984,4,99999,99999,99999,99999,99999,99999,0,0,0,0,0,0,0,0,0,0,0,0,0,0,0,0,0,0
"30,71",0,81284,0,0,967,4,99999,99999,99999,99999,99999,99999,0,0,0,0,0,0,0,0,0,0,0,0,0,0,0,0,0,0
"30,72",0,81284,0,0,981,4,99999,99999,99999,99999,99999,99999,0,0,0,0,0,0,0,0,0,0,0,0,0,0,0,0,0,0
"30,73",0,81284,0,0,970,4,99999,99999,99999,99999,99999,99999,0,0,0,0,0,0,0,0,0,0,0,0,0,0,0,0,0,0
"30,74",0,81284,0,0,976,4,99999,99999,99999,99999,99999,99999,0,0,0,0,0,0,0,0,0,0,0,0,0,0,0,0,0,0
"31,1",0,0,0,0,977,4,99999,99999,99999,99999,99999,99999,0,0,0,0,0,0,0,0,0,0,0,0,0,0,0,0,0,0
"31,2",0,0,0,0,970,4,99999,99999,99999,99999,99999,99999,0,0,0,0,0,0,0,0,0,0,0,0,0,0,0,0,0,0
"31,3",0,0,0,0,970,4,99999,99999,99999,99999,99999,99999,0,0,0,0,0,0,0,0,0,0,0,0,0,0,0,0,0,0
"31,4",0,0,0,0,973,4,99999,99999,99999,99999,99999,99999,0,0,0,0,0,0,0,0,0,0,0,0,0,0,0,0,0,0
"31,5",0,0,0,0,969,4,99999,99999,99999,99999,99999,99999,0,0,0,0,0,0,0,0,0,0,0,0,0,0,0,0,0,0
"31,6",0,0,0,0,970,4,99999,99999,99999,99999,99999,99999,0,0,0,0,0,0,0,0,0,0,0,0,0,0,0,0,0,0
"31,7",0,0,0,0,980,4,99999,99999,99999,99999,99999,99999,0,0,0,0,0,0,0,0,0,0,0,0,0,0,0,0,0,0
"31,8",0,0,0,0,963,4,99999,99999,99999,99999,99999,99999,0,0,0,0,0,0,0,0,0,0,0,0,0,0,0,0,0,0
"31,9",0,0,0,0,975,4,99999,99999,99999,99999,99999,99999,0,0,0,0,0,0,0,0,0,0,0,0,0,0,0,0,0,0
"31,10",0,0,0,0,976,4,99999,99999,99999,99999,99999,99999,0,0,0,0,0,0,0,0,0,0,0,0,0,0,0,0,0,0
"31,11",0,0,0,0,972,4,99999,99999,99999,99999,99999,99999,0,0,0,0,0,0,0,0,0,0,0,0,0,0,0,0,0,0
"31,12",0,0,0,0,975,4,99999,99999,99999,99999,99999,99999,0,0,0,0,0,0,0,0,0,0,0,0,0,0,0,0,0,0
"31,13",0,0,0,0,983,4,99999,99999,99999,99999,99999,99999,0,0,0,0,0,0,0,0,0,0,0,0,0,0,0,0,0,0
"31,14",0,0,0,0,987,4,99999,99999,99999,99999,99999,99999,0,0,0,0,0,0,0,0,0,0,0,0,0,0,0,0,0,0
"31,15",0,0,0,0,967,4,99999,99999,99999,99999,99999,99999,0,0,0,0,0,0,0,0,0,0,0,0,0,0,0,0,0,0
"31,16",0,0,0,0,980,4,99999,99999,99999,99999,99999,99999,0,0,0,0,0,0,0,0,0,0,0,0,0,0,0,0,0,0
"31,17",0,0,0,0,958,4,99999,99999,99999,99999,99999,99999,0,0,0,0,0,0,0,0,0,0,0,0,0,0,0,0,0,0
"31,18",0,0,0,0,973,4,99999,99999,99999,99999,99999,99999,0,0,0,0,0,0,0,0,0,0,0,0,0,0,0,0,0,0
"31,19",0,0,0,0,970,4,99999,99999,99999,99999,99999,99999,0,0,0,0,0,0,0,0,0,0,0,0,0,0,0,0,0,0
"31,20",0,0,0,0,974,4,99999,99999,99999,99999,99999,99999,0,0,0,0,0,0,0,0,0,0,0,0,0,0,0,0,0,0
"31,21",0,0,0,0,982,4,99999,99999,99999,99999,99999,99999,0,0,0,0,0,0,0,0,0,0,0,0,0,0,0,0,0,0
"31,22",0,0,0,0,969,4,99999,99999,99999,99999,99999,99999,0,0,0,0,0,0,0,0,0,0,0,0,0,0,0,0,0,0
"31,23",0,0,0,0,967,4,99999,99999,99999,99999,99999,99999,0,0,0,0,0,0,0,0,0,0,0,0,0,0,0,0,0,0
"31,24",0,0,0,0,980,4,99999,99999,99999,99999,99999,99999,0,0,0,0,0,0,0,0,0,0,0,0,0,0,0,0,0,0
"31,25",0,0,0,0,972,4,99999,99999,99999,99999,99999,99999,0,0,0,0,0,0,0,0,0,0,0,0,0,0,0,0,0,0
"31,26",0,0,0,0,971,4,99999,99999,99999,99999,99999,99999,0,0,0,0,0,0,0,0,0,0,0,0,0,0,0,0,0,0
"31,27",0,0,0,0,977,4,99999,99999,99999,99999,99999,99999,0,0,0,0,0,0,0,0,0,0,0,0,0,0,0,0,0,0
"31,28",0,0,0,0,959,4,99999,99999,99999,99999,99999,99999,0,0,0,0,0,0,0,0,0,0,0,0,0,0,0,0,0,0
"31,29",38,73125,7,1,1038,2,9,63,98,0,4,5,0.988889,0.011111,0,0,0,0,0,0.773723,0.208029,0.018248,0,0,0,0,27495,180,292,112
"31,30",39,73125,7,1,1036,2,11,223,495,0,4,4,0.905556,0.083333,0.011111,0,0,0,0,0.80695,0.181467,0.011583,0,0,0,0,27179,178,297,117
"31,31",42,73125,7,1,1039,2,20,561,693,0,4,5,0.744444,0.127778,0.127778,0,0,0,0,0.741228,0.219298,0.039474,0,0,0,0,23906,157,300,128
"31,32",36,73125,7,1,1034,2,8,60,112,0,4,6,0.983333,0.016667,0,0,0,0,0,0.815094,0.162264,0.018868,0.003774,0,0,0,27495,180,284,104
"31,33",37,73125,7,1,1042,2,8,199,390,0,4,7,0.905556,0.094444,0,0,0,0,0,0.852941,0.109244,0.037815,0,0,0,0,27495,180,290,110
"31,34",37,73125,7,1,1033,2,9,116,188,0,4,6,0.940217,0.059783,0,0,0,0,0,0.826255,0.146718,0.027027,0,0,0,0,28065,184,291,109
"31,35",44,73125,7,1,1034,2,12,217,387,0,4,5,0.866667,0.133333,0,0,0,0,0,0.753968,0.210317,0.027778,0.007937,0,0,0,27495,180,326,146
"31,36",41,73125,7,1,1035,2,10,99,256,0,4,6,0.950276,0.049724,0,0,0,0,0,0.769231,0.190476,0.03663,0.003663,0,0,0,27659,181,306,126
"31,37",43,73125,7,1,1031,2,9,144,290,0,4,5,0.941176,0.058824,0,0,0,0,0,0.816901,0.165493,0.014085,0.003521,0,0,0,28487,187,326,141
"31,38",38,73125,7,1,1030,2,9,152,304,0,4,7,0.911111,0.088889,0,0,0,0,0,0.785156,0.183594,0.03125,0,0,0,0,27495,180,293,113
"31,39",38,73125,7,1,1036,2,11,281,500,0,4,7,0.872222,0.111111,0.016667,0,0,0,0,0.811159,0.158798,0.025751,0.004292,0,0,0,27282,178,293,113
"31,40",37,73125,7,1,1037,2,9,183,325,0,4,5,0.905556,0.094444,0,0,0,0,0,0.809917,0.173554,0.012397,0.004132,0,0,0,27495,180,289,109
"31,41",37,73125,7,1,1029,2,7,222,524,0,4,8,0.906077,0.071823,0.022099,0,0,0,0,0.831325,0.144578,0.016064,0.008032,0,0,0,27063,177,285,106
"31,42",40,73125,7,1,1040,2,11,123,368,0,4,5,0.938889,0.061111,0,0,0,0,0,0.803774,0.181132,0.015094,0,0,0,0,27495,180,301,121
"31,43",38,73125,7,1,1037,2,9,117,205,0,4,5,0.933333,0.066667,0,0,0,0,0,0.802419,0.169355,0.024194,0.004032,0,0,0,27495,180,293,113
"31,44",45,73125,7,1,1031,2,13,332,575,0,4,5,0.785714,0.186813,0.027473,0,0,0,0,0.770563,0.212121,0.012987,0.004329,0,0,0,26973,177,324,146
"31,45",41,73125,7,1,1030,2,9,110,199,0,4,7,0.944444,0.055556,0,0,0,0,0,0.796154,0.165385,0.034615,0.003846,0,0,0,27495,180,306,126
"31,46",42,73125,7,1,1038,2,10,143,390,0,4,6,0.922222,0.077778,0,0,0,0,0,0.760456,0.209125,0.030418,0,0,0,0,27495,180,315,135
"31,47",56,73125,7,1,1039,3,13,347,516,0,4,5,0.872222,0.105556,0.022222,0,0,0,0,0.764706,0.205882,0.025735,0.003676,0,0,0,26903,176,411,231
"31,48",37,73125,7,1,1040,2,8,106,249,0,4,6,0.944444,0.055556,0,0,0,0,0,0.793651,0.174603,0.02381,0.003968,0.003968,0,0,27495,180,289,109
"31,49",45,73125,7,1,1033,2,10,238,388,0,4,8,0.866667,0.133333,0,0,0,0,0,0.795082,0.172131,0.028689,0.004098,0,0,0,27495,180,332,152
"31,50",42,73125,7,1,1031,2,11,335,540,0,4,5,0.8,0.177778,0.022222,0,0,0,0,0.798246,0.175439,0.026316,0,0,0,0,26825,176,311,133
"31,51",34,73125,7,1,1044,2,9,141,343,0,4,6,0.933333,0.066667,0,0,0,0,0,0.801653,0.181818,0.012397,0,0.004132,0,0,27495,180,275,95
"31,52",0,73125,0,0,978,4,99999,99999,99999,99999,99999,99999,0,0,0,0,0,0,0,0,0,0,0,0,0,0,0,0,0,0
"31,53",0,73125,0,0,975,4,99999,99999,99999,99999,99999,99999,0,0,0,0,0,0,0,0,0,0,0,0,0,0,0,0,0,0
"31,54",0,73125,0,0,976,4,99999,99999,99999,99999,99999,99999,0,0,0,0,0,0,0,0,0,0,0,0,0,0,0,0,0,0
"31,55",0,73125,0,0,963,4,99999,99999,99999,99999,99999,99999,0,0,0,0,0,0,0,0,0,0,0,0,0,0,0,0,0,0
"31,56",0,73125,0,0,968,4,99999,99999,99999,99999,99999,99999,0,0,0,0,0,0,0,0,0,0,0,0,0,0,0,0,0,0
"31,57",0,73125,0,0,973,4,99999,99999,99999,99999,99999,99999,0,0,0,0,0,0,0,0,0,0,0,0,0,0,0,0,0,0
"31,58",0,73125,0,0,966,4,99999,99999,99999,99999,99999,99999,0,0,0,0,0,0,0,0,0,0,0,0,0,0,0,0,0,0
"31,59",0,73125,0,0,976,4,99999,99999,99999,99999,99999,99999,0,0,0,0,0,0,0,0,0,0,0,0,0,0,0,0,0,0
"31,60",0,73125,0,0,966,4,99999,99999,99999,99999,99999,99999,0,0,0,0,0,0,0,0,0,0,0,0,0,0,0,0,0,0
"31,61",0,73125,0,0,973,4,99999,99999,99999,99999,99999,99999,0,0,0,0,0,0,0,0,0,0,0,0,0,0,0,0,0,0
"31,62",0,73125,0,0,973,4,99999,99999,99999,99999,99999,99999,0,0,0,0,0,0,0,0,0,0,0,0,0,0,0,0,0,0
"31,63",0,73125,0,0,973,4,99999,99999,99999,99999,99999,99999,0,0,0,0,0,0,0,0,0,0,0,0,0,0,0,0,0,0
"31,64",0,73125,0,0,974,4,99999,99999,99999,99999,99999,99999,0,0,0,0,0,0,0,0,0,0,0,0,0,0,0,0,0,0
"31,65",0,73125,0,0,976,4,99999,99999,99999,99999,99999,99999,0,0,0,0,0,0,0,0,0,0,0,0,0,0,0,0,0,0
"31,66",0,73125,0,0,980,4,99999,99999,99999,99999,99999,99999,0,0,0,0,0,0,0,0,0,0,0,0,0,0,0,0,0,0
"31,67",0,73125,0,0,970,4,99999,99999,99999,99999,99999,99999,0,0,0,0,0,0,0,0,0,0,0,0,0,0,0,0,0,0
"31,68",0,73125,0,0,971,4,99999,99999,99999,99999,99999,99999,0,0,0,0,0,0,0,0,0,0,0,0,0,0,0,0,0,0
"31,69",0,73125,0,0,964,4,99999,99999,99999,99999,99999,99999,0,0,0,0,0,0,0,0,0,0,0,0,0,0,0,0,0,0
"31,70",0,73125,0,0,978,4,99999,99999,99999,99999,99999,99999,0,0,0,0,0,0,0,0,0,0,0,0,0,0,0,0,0,0
"31,71",0,73125,0,0,965,4,99999,99999,99999,99999,99999,99999,0,0,0,0,0,0,0,0,0,0,0,0,0,0,0,0,0,0
"31,72",0,73125,0,0,966,4,99999,99999,99999,99999,99999,99999,0,0,0,0,0,0,0,0,0,0,0,0,0,0,0,0,0,0
"31,73",0,73125,0,0,973,4,99999,99999,99999,99999,99999,99999,0,0,0,0,0,0,0,0,0,0,0,0,0,0,0,0,0,0
"31,74",0,73125,0,0,970,4,99999,99999,99999,99999,99999,99999,0,0,0,0,0,0,0,0,0,0,0,0,0,0,0,0,0,0
"32,1",0,73125,0,0,974,4,99999,99999,99999,99999,99999,99999,0,0,0,0,0,0,0,0,0,0,0,0,0,0,0,0,0,0
"32,2",0,73125,0,0,959,4,99999,99999,99999,99999,99999,99999,0,0,0,0,0,0,0,0,0,0,0,0,0,0,0,0,0,0
"32,3",0,73125,0,0,968,4,99999,99999,99999,99999,99999,99999,0,0,0,0,0,0,0,0,0,0,0,0,0,0,0,0,0,0
"32,4",0,73125,0,0,973,4,99999,99999,99999,99999,99999,99999,0,0,0,0,0,0,0,0,0,0,0,0,0,0,0,0,0,0
"32,5",0,73125,0,0,970,4,99999,99999,99999,99999,99999,99999,0,0,0,0,0,0,0,0,0,0,0,0,0,0,0,0,0,0
"32,6",0,73125,0,0,974,4,99999,99999,99999,99999,99999,99999,0,0,0,0,0,0,0,0,0,0,0,0,0,0,0,0,0,0
"32,7",0,73125,0,0,968,4,99999,99999,99999,99999,99999,99999,0,0,0,0,0,0,0,0,0,0,0,0,0,0,0,0,0,0
"32,8",0,73125,0,0,970,4,99999,99999,99999,99999,99999,99999,0,0,0,0,0,0,0,0,0,0,0,0,0,0,0,0,0,0
"32,9",0,73125,0,0,972,4,99999,99999,99999,99999,99999,99999,0,0,0,0,0,0,0,0,0,0,0,0,0,0,0,0,0,0
"32,10",0,73125,0,0,964,4,99999,99999,99999,99999,99999,99999,0,0,0,0,0,0,0,0,0,0,0,0,0,0,0,0,0,0
"32,11",0,73125,0,0,985,4,99999,99999,99999,99999,99999,99999,0,0,0,0,0,0,0,0,0,0,0,0,0,0,0,0,0,0
"32,12",0,73125,0,0,976,4,99999,99999,99999,99999,99999,99999,0,0,0,0,0,0,0,0,0,0,0,0,0,0,0,0,0,0
"32,13",0,73125,0,0,978,4,99999,99999,99999,99999,99999,99999,0,0,0,0,0,0,0,0,0,0,0,0,0,0,0,0,0,0
"32,14",0,73125,0,0,971,4,99999,99999,99999,99999,99999,99999,0,0,0,0,0,0,0,0,0,0,0,0,0,0,0,0,0,0
"32,15",0,73125,0,0,981,4,99999,99999,99999,99999,99999,99999,0,0,0,0,0,0,0,0,0,0,0,0,0,0,0,0,0,0
"32,16",0,73125,0,0,972,4,99999,99999,99999,99999,99999,99999,0,0,0,0,0,0,0,0,0,0,0,0,0,0,0,0,0,0
"32,17",0,73125,0,0,976,4,99999,99999,99999,99999,99999,99999,0,0,0,0,0,0,0,0,0,0,0,0,0,0,0,0,0,0
"32,18",0,73125,0,0,970,4,99999,99999,99999,99999,99999,99999,0,0,0,0,0,0,0,0,0,0,0,0,0,0,0,0,0,0
"32,19",0,73125,0,0,968,4,99999,99999,99999,99999,99999,99999,0,0,0,0,0,0,0,0,0,0,0,0,0,0,0,0,0,0
"32,20",0,73125,0,0,976,4,99999,99999,99999,99999,99999,99999,0,0,0,0,0,0,0,0,0,0,0,0,0,0,0,0,0,0
"32,21",0,73125,0,0,972,4,99999,99999,99999,99999,99999,99999,0,0,0,0,0,0,0,0,0,0,0,0,0,0,0,0,0,0
"32,22",0,73125,0,0,969,4,99999,99999,99999,99999,99999,99999,0,0,0,0,0,0,0,0,0,0,0,0,0,0,0,0,0,0
"32,23",0,73125,0,0,978,4,99999,99999,99999,99999,99999,99999,0,0,0,0,0,0,0,0,0,0,0,0,0,0,0,0,0,0
"32,24",0,73125,0,0,974,4,99999,99999,99999,99999,99999,99999,0,0,0,0,0,0,0,0,0,0,0,0,0,0,0,0,0,0
"32,25",0,73125,0,0,964,4,99999,99999,99999,99999,99999,99999,0,0,0,0,0,0,0,0,0,0,0,0,0,0,0,0,0,0
"32,26",0,73125,0,0,970,4,99999,99999,99999,99999,99999,99999,0,0,0,0,0,0,0,0,0,0,0,0,0,0,0,0,0,0
"32,27",0,73125,0,0,979,4,99999,99999,99999,99999,99999,99999,0,0,0,0,0,0,0,0,0,0,0,0,0,0,0,0,0,0
"32,28",0,73125,0,0,971,4,99999,99999,99999,99999,99999,99999,0,0,0,0,0,0,0,0,0,0,0,0,0,0,0,0,0,0
"32,29",0,73125,0,0,970,4,99999,99999,99999,99999,99999,99999,0,0,0,0,0,0,0,0,0,0,0,0,0,0,0,0,0,0
"32,30",0,73125,0,0,969,4,99999,99999,99999,99999,99999,99999,0,0,0,0,0,0,0,0,0,0,0,0,0,0,0,0,0,0
"32,31",43,73125,7,1,1034,2,10,103,360,0,4,7,0.944444,0.05,0.005556,0,0,0,0,0.790441,0.1875,0.018382,0.003676,0,0,0,27357,179,320,140
"32,32",41,73125,7,1,1035,2,10,213,336,0,4,5,0.888889,0.111111,0,0,0,0,0,0.790076,0.183206,0.026718,0,0,0,0,27495,180,310,130
"32,33",38,73125,7,1,1029,2,8,59,111,0,4,7,0.977778,0.022222,0,0,0,0,0,0.841912,0.128676,0.029412,0,0,0,0,27495,180,294,114
"32,34",44,73125,7,1,1037,2,14,290,429,0,4,8,0.805556,0.188889,0.005556,0,0,0,0,0.795918,0.167347,0.032653,0.004082,0,0,0,27389,179,325,145
"32,35",44,73125,7,1,1027,2,10,240,482,0,4,5,0.895604,0.093407,0.010989,0,0,0,0,0.768061,0.205323,0.026616,0,0,0,0,27402,180,327,146
"32,36",42,73125,7,1,1047,2,15,245,512,0,4,8,0.872222,0.105556,0.022222,0,0,0,0,0.747082,0.206226,0.046693,0,0,0,0,26884,176,311,133
"32,37",39,73125,7,1,1036,2,12,333,529,0,4,7,0.858696,0.11413,0.027174,0,0,0,0,0.788382,0.190871,0.020747,0,0,0,0,27276,179,300,119
"32,38",37,73125,7,1,1029,2,8,102,184,0,4,4,0.944444,0.055556,0,0,0,0,0,0.785714,0.202381,0.007937,0.003968,0,0,0,27495,180,286,106
"32,39",41,73125,7,1,1038,2,9,506,628,0,4,8,0.845304,0.088398,0.066298,0,0,0,0,0.793249,0.177215,0.025316,0.004219,0,0,0,25816,169,292,120
"32,40",40,73125,7,1,1028,2,10,190,552,0,4,6,0.883333,0.088889,0.027778,0,0,0,0,0.793522,0.174089,0.032389,0,0,0,0,26717,175,302,122
"32,41",40,73125,7,1,1039,2,10,121,221,0,4,6,0.927778,0.072222,0,0,0,0,0,0.764479,0.204633,0.030888,0,0,0,0,27495,180,302,122
"32,42",55,73125,7,1,1036,2,12,417,536,0,4,5,0.872928,0.082873,0.044199,0,0,0,0,0.773585,0.207547,0.018868,0,0,0,0,26440,173,401,221
"32,43",40,73125,7,1,1039,2,10,129,490,0,4,4,0.927778,0.061111,0.011111,0,0,0,0,0.791506,0.200772,0.007722,0,0,0,0,27148,178,301,121
"32,44",41,73125,7,1,1041,2,16,531,590,0,4,8,0.75,0.161111,0.088889,0,0,0,0,0.760369,0.211982,0.023041,0.004608,0,0,0,25428,164,291,122
"32,45",44,73125,7,1,1040,2,11,326,505,0,4,5,0.861111,0.122222,0.016667,0,0,0,0,0.807843,0.164706,0.023529,0.003922,0,0,0,26943,177,320,142
"32,46",39,73125,7,1,1037,2,13,512,537,0,4,6,0.766667,0.133333,0.1,0,0,0,0,0.808612,0.167464,0.023923,0,0,0,0,24693,162,290,114
"32,47",36,73125,7,1,1034,2,14,527,696,0,4,6,0.777778,0.138889,0.083333,0,0,0,0,0.798165,0.165138,0.036697,0,0,0,0,25187,165,268,97
"32,48",39,73125,7,1,1031,2,11,192,457,0,4,7,0.883333,0.105556,0.011111,0,0,0,0,0.765182,0.186235,0.048583,0,0,0,0,27164,178,300,120
"32,49",40,73125,7,1,1035,2,17,542,671,0,4,7,0.718232,0.160221,0.116022,0.005525,0,0,0,0.748768,0.206897,0.034483,0.009852,0,0,0,24374,159,288,117
"32,50",0,73125,0,0,969,4,99999,99999,99999,99999,99999,99999,0,0,0,0,0,0,0,0,0,0,0,0,0,0,0,0,0,0
"32,51",0,73125,0,0,979,4,99999,99999,99999,99999,99999,99999,0,0,0,0,0,0,0,0,0,0,0,0,0,0,0,0,0,0
"32,52",0,73125,0,0,969,4,99999,99999,99999,99999,99999,99999,0,0,0,0,0,0,0,0,0,0,0,0,0,0,0,0,0,0
"32,53",0,73125,0,0,965,4,99999,99999,99999,99999,99999,99999,0,0,0,0,0,0,0,0,0,0,0,0,0,0,0,0,0,0
"32,54",0,73125,0,0,970,4,99999,99999,99999,99999,99999,99999,0,0,0,0,0,0,0,0,0,0,0,0,0,0,0,0,0,0
"32,55",0,73125,0,0,978,4,99999,99999,99999,99999,99999,99999,0,0,0,0,0,0,0,0,0,0,0,0,0,0,0,0,0,0
"32,56",0,73125,0,0,984,4,99999,99999,99999,99999,99999,99999,0,0,0,0,0,0,0,0,0,0,0,0,0,0,0,0,0,0
"32,57",0,73125,0,0,971,4,99999,99999,99999,99999,99999,99999,0,0,0,0,0,0,0,0,0,0,0,0,0,0,0,0,0,0
"32,58",0,73125,0,0,976,4,99999,99999,99999,99999,99999,99999,0,0,0,0,0,0,0,0,0,0,0,0,0,0,0,0,0,0
"32,59",0,73125,0,0,969,4,99999,99999,99999,99999,99999,99999,0,0,0,0,0,0,0,0,0,0,0,0,0,0,0,0,0,0
"32,60",0,73125,0,0,975,4,99999,99999,99999,99999,99999,99999,0,0,0,0,0,0,0,0,0,0,0,0,0,0,0,0,0,0
"32,61",0,73125,0,0,973,4,99999,99999,99999,99999,99999,99999,0,0,0,0,0,0,0,0,0,0,0,0,0,0,0,0,0,0
"32,62",0,73125,0,0,969,4,99999,99999,99999,99999,99999,99999,0,0,0,0,0,0,0,0,0,0,0,0,0,0,0,0,0,0
"32,63",0,73125,0,0,964,4,99999,99999,99999,99999,99999,99999,0,0,0,0,0,0,0,0,0,0,0,0,0,0,0,0,0,0
"32,64",0,73125,0,0,979,4,99999,99999,99999,99999,99999,99999,0,0,0,0,0,0,0,0,0,0,0,0,0,0,0,0,0,0
"32,65",0,73125,0,0,968,4,99999,99999,99999,99999,99999,99999,0,0,0,0,0,0,0,0,0,0,0,0,0,0,0,0,0,0
"32,66",0,73125,0,0,977,4,99999,99999,99999,99999,99999,99999,0,0,0,0,0,0,0,0,0,0,0,0,0,0,0,0,0,0
"32,67",0,73125,0,0,978,4,99999,99999,99999,99999,99999,99999,0,0,0,0,0,0,0,0,0,0,0,0,0,0,0,0,0,0
"32,68",0,73125,0,0,972,4,99999,99999,99999,99999,99999,99999,0,0,0,0,0,0,0,0,0,0,0,0,0,0,0,0,0,0
"32,69",0,73125,0,0,971,4,99999,99999,99999,99999,99999,99999,0,0,0,0,0,0,0,0,0,0,0,0,0,0,0,0,0,0
"32,70",0,73125,0,0,964,4,99999,99999,99999,99999,99999,99999,0,0,0,0,0,0,0,0,0,0,0,0,0,0,0,0,0,0
"32,71",0,73125,0,0,964,4,99999,99999,99999,99999,99999,99999,0,0,0,0,0,0,0,0,0,0,0,0,0,0,0,0,0,0
"32,72",0,73125,0,0,975,4,99999,99999,99999,99999,99999,99999,0,0,0,0,0,0,0,0,0,0,0,0,0,0,0,0,0,0
"32,73",0,73125,0,0,966,4,99999,99999,99999,99999,99999,99999,0,0,0,0,0,0,0,0,0,0,0,0,0,0,0,0,0,0
"32,74",0,73125,0,0,979,4,99999,99999,99999,99999,99999,99999,0,0,0,0,0,0,0,0,0,0,0,0,0,0,0,0,0,0
"33,1",0,0,0,0,977,4,99999,99999,99999,99999,99999,99999,0,0,0,0,0,0,0,0,0,0,0,0,0,0,0,0,0,0
"33,2",0,0,0,0,971,4,99999,99999,99999,99999,99999,99999,0,0,0,0,0,0,0,0,0,0,0,0,0,0,0,0,0,0
"33,3",0,0,0,0,975,4,99999,99999,99999,99999,99999,99999,0,0,0,0,0,0,0,0,0,0,0,0,0,0,0,0,0,0
"33,4",0,0,0,0,976,4,99999,99999,99999,99999,99999,99999,0,0,0,0,0,0,0,0,0,0,0,0,0,0,0,0,0,0
"33,5",0,0,0,0,964,4,99999,99999,99999,99999,99999,99999,0,0,0,0,0,0,0,0,0,0,0,0,0,0,0,0,0,0
"33,6",0,0,0,0,984,4,99999,99999,99999,99999,99999,99999,0,0,0,0,0,0,0,0,0,0,0,0,0,0,0,0,0,0
"33,7",0,0,0,0,973,4,99999,99999,99999,99999,99999,99999,0,0,0,0,0,0,0,0,0,0,0,0,0,0,0,0,0,0
"33,8",0,0,0,0,977,4,99999,99999,99999,99999,99999,99999,0,0,0,0,0,0,0,0,0,0,0,0,0,0,0,0,0,0
"33,9",0,0,0,0,978,4,99999,99999,99999,99999,99999,99999,0,0,0,0,0,0,0,0,0,0,0,0,0,0,0,0,0,0
"33,10",0,0,0,0,970,4,99999,99999,99999,99999,99999,99999,0,0,0,0,0,0,0,0,0,0,0,0,0,0,0,0,0,0
"33,11",0,0,0,0,973,4,99999,99999,99999,99999,99999,99999,0,0,0,0,0,0,0,0,0,0,0,0,0,0,0,0,0,0
"33,12",0,0,0,0,966,4,99999,99999,99999,99999,99999,99999,0,0,0,0,0,0,0,0,0,0,0,0,0,0,0,0,0,0
"33,13",0,0,0,0,969,4,99999,99999,99999,99999,99999,99999,0,0,0,0,0,0,0,0,0,0,0,0,0,0,0,0,0,0
"33,14",0,0,0,0,977,4,99999,99999,99999,99999,99999,99999,0,0,0,0,0,0,0,0,0,0,0,0,0,0,0,0,0,0
"33,15",0,0,0,0,969,4,99999,99999,99999,99999,99999,99999,0,0,0,0,0,0,0,0,0,0,0,0,0,0,0,0,0,0
"33,16",0,0,0,0,982,4,99999,99999,99999,99999,99999,99999,0,0,0,0,0,0,0,0,0,0,0,0,0,0,0,0,0,0
"33,17",0,0,0,0,973,4,99999,99999,99999,99999,99999,99999,0,0,0,0,0,0,0,0,0,0,0,0,0,0,0,0,0,0
"33,18",0,0,0,0,974,4,99999,99999,99999,99999,99999,99999,0,0,0,0,0,0,0,0,0,0,0,0,0,0,0,0,0,0
"33,19",0,0,0,0,983,4,99999,99999,99999,99999,99999,99999,0,0,0,0,0,0,0,0,0,0,0,0,0,0,0,0,0,0
"33,20",0,0,0,0,977,4,99999,99999,99999,99999,99999,99999,0,0,0,0,0,0,0,0,0,0,0,0,0,0,0,0,0,0
"33,21",0,0,0,0,965,4,99999,99999,99999,99999,99999,99999,0,0,0,0,0,0,0,0,0,0,0,0,0,0,0,0,0,0
"33,22",0,0,0,0,968,4,99999,99999,99999,99999,99999,99999,0,0,0,0,0,0,0,0,0,0,0,0,0,0,0,0,0,0
"33,23",0,0,0,0,965,4,99999,99999,99999,99999,99999,99999,0,0,0,0,0,0,0,0,0,0,0,0,0,0,0,0,0,0
"33,24",0,0,0,0,973,4,99999,99999,99999,99999,99999,99999,0,0,0,0,0,0,0,0,0,0,0,0,0,0,0,0,0,0
"33,25",0,0,0,0,974,4,99999,99999,99999,99999,99999,99999,0,0,0,0,0,0,0,0,0,0,0,0,0,0,0,0,0,0
"33,26",0,0,0,0,970,4,99999,99999,99999,99999,99999,99999,0,0,0,0,0,0,0,0,0,0,0,0,0,0,0,0,0,0
"33,27",0,0,0,0,977,4,99999,99999,99999,99999,99999,99999,0,0,0,0,0,0,0,0,0,0,0,0,0,0,0,0,0,0
"33,28",0,0,0,0,958,4,99999,99999,99999,99999,99999,99999,0,0,0,0,0,0,0,0,0,0,0,0,0,0,0,0,0,0
"33,29",0,0,0,0,976,4,99999,99999,99999,99999,99999,99999,0,0,0,0,0,0,0,0,0,0,0,0,0,0,0,0,0,0
"33,30",0,0,0,0,969,4,99999,99999,99999,99999,99999,99999,0,0,0,0,0,0,0,0,0,0,0,0,0,0,0,0,0,0
"33,31",0,0,0,0,966,4,99999,99999,99999,99999,99999,99999,0,0,0,0,0,0,0,0,0,0,0,0,0,0,0,0,0,0
"33,32",0,0,0,0,984,4,99999,99999,99999,99999,99999,99999,0,0,0,0,0,0,0,0,0,0,0,0,0,0,0,0,0,0
"33,33",0,0,0,0,974,4,99999,99999,99999,99999,99999,99999,0,0,0,0,0,0,0,0,0,0,0,0,0,0,0,0,0,0
"33,34",0,0,0,0,976,4,99999,99999,99999,99999,99999,99999,0,0,0,0,0,0,0,0,0,0,0,0,0,0,0,0,0,0
"33,35",41,73125,7,1,1034,2,9,418,529,0,4,5,0.861111,0.1,0.038889,0,0,0,0,0.834061,0.148472,0.017467,0,0,0,0,26446,173,305,127
"33,36",39,73125,7,1,1042,2,11,252,354,0,4,8,0.855556,0.144444,0,0,0,0,0,0.798246,0.171053,0.026316,0,0.004386,0,0,27495,180,297,117
"33,37",46,73125,7,1,1034,2,16,490,530,0,4,7,0.773481,0.176796,0.049724,0,0,0,0,0.767932,0.194093,0.033755,0.004219,0,0,0,26271,172,326,151
"33,38",41,73125,7,1,1033,2,13,462,600,0,4,6,0.777778,0.172222,0.05,0,0,0,0,0.816964,0.142857,0.035714,0.004464,0,0,0,26016,171,303,126
"33,39",42,73125,7,1,1037,2,10,210,337,0,5,6,0.888889,0.111111,0,0,0,0,0,0.738095,0.202381,0.051587,0.007937,0,0,0,27495,180,312,132
"33,40",40,73125,7,1,1028,2,10,510,656,0,4,7,0.88172,0.064516,0.053763,0,0,0,0,0.816733,0.151394,0.023904,0.003984,0.003984,0,0,26872,176,294,118
"33,41",38,73125,7,1,1043,2,12,411,737,0,4,5,0.855556,0.105556,0.038889,0,0,0,0,0.777778,0.208889,0.008889,0.004444,0,0,0,26482,173,287,110
"33,42",37,73125,7,1,1041,2,14,382,526,0,4,6,0.833333,0.144444,0.022222,0,0,0,0,0.771186,0.194915,0.033898,0,0,0,0,26848,176,290,110
"33,43",33,73125,7,1,1031,2,6,69,120,0,4,5,0.966851,0.033149,0,0,0,0,0,0.832,0.148,0.02,0,0,0,0,27561,181,273,92
"33,44",36,73125,7,1,1037,2,9,214,325,0,4,6,0.905556,0.094444,0,0,0,0,0,0.805085,0.165254,0.025424,0,0,0.004237,0,27495,180,285,105
"33,45",35,73125,7,1,1030,2,8,184,389,0,4,7,0.911111,0.088889,0,0,0,0,0,0.8107,0.156379,0.024691,0.00823,0,0,0,27495,180,281,101
"33,46",0,73125,0,0,969,4,99999,99999,99999,99999,99999,99999,0,0,0,0,0,0,0,0,0,0,0,0,0,0,0,0,0,0
"33,47",0,73125,0,0,969,4,99999,99999,99999,99999,99999,99999,0,0,0,0,0,0,0,0,0,0,0,0,0,0,0,0,0,0
"33,48",0,73125,0,0,968,4,99999,99999,99999,99999,99999,99999,0,0,0,0,0,0,0,0,0,0,0,0,0,0,0,0,0,0
"33,49",0,73125,0,0,968,4,99999,99999,99999,99999,99999,99999,0,0,0,0,0,0,0,0,0,0,0,0,0,0,0,0,0,0
"33,50",0,73125,0,0,975,4,99999,99999,99999,99999,99999,99999,0,0,0,0,0,0,0,0,0,0,0,0,0,0,0,0,0,0
"33,51",0,73125,0,0,980,4,99999,99999,99999,99999,99999,99999,0,0,0,0,0,0,0,0,0,0,0,0,0,0,0,0,0,0
"33,52",0,73125,0,0,975,4,99999,99999,99999,99999,99999,99999,0,0,0,0,0,0,0,0,0,0,0,0,0,0,0,0,0,0
"33,53",0,73125,0,0,968,4,99999,99999,99999,99999,99999,99999,0,0,0,0,0,0,0,0,0,0,0,0,0,0,0,0,0,0
"33,54",0,73125,0,0,967,4,99999,99999,99999,99999,99999,99999,0,0,0,0,0,0,0,0,0,0,0,0,0,0,0,0,0,0
"33,55",0,73125,0,0,982,4,99999,99999,99999,99999,99999,99999,0,0,0,0,0,0,0,0,0,0,0,0,0,0,0,0,0,0
"33,56",0,73125,0,0,972,4,99999,99999,99999,99999,99999,99999,0,0,0,0,0,0,0,0,0,0,0,0,0,0,0,0,0,0
"33,57",0,73125,0,0,967,4,99999,99999,99999,99999,99999,99999,0,0,0,0,0,0,0,0,0,0,0,0,0,0,0,0,0,0
"33,58",0,73125,0,0,977,4,99999,99999,99999,99999,99999,99999,0,0,0,0,0,0,0,0,0,0,0,0,0,0,0,0,0,0
"33,59",0,73125,0,0,977,4,99999,99999,99999,99999,99999,99999,0,0,0,0,0,0,0,0,0,0,0,0,0,0,0,0,0,0
"33,60",0,73125,0,0,968,4,99999,99999,99999,99999,99999,99999,0,0,0,0,0,0,0,0,0,0,0,0,0,0,0,0,0,0
"33,61",0,73125,0,0,976,4,99999,99999,99999,99999,99999,99999,0,0,0,0,0,0,0,0,0,0,0,0,0,0,0,0,0,0
"33,62",0,73125,0,0,966,4,99999,99999,99999,99999,99999,99999,0,0,0,0,0,0,0,0,0,0,0,0,0,0,0,0,0,0
"33,63",0,73125,0,0,978,4,99999,99999,99999,99999,99999,99999,0,0,0,0,0,0,0,0,0,0,0,0,0,0,0,0,0,0
"33,64",0,73125,0,0,969,4,99999,99999,99999,99999,99999,99999,0,0,0,0,0,0,0,0,0,0,0,0,0,0,0,0,0,0
"33,65",0,73125,0,0,978,4,99999,99999,99999,99999,99999,99999,0,0,0,0,0,0,0,0,0,0,0,0,0,0,0,0,0,0
"33,66",0,73125,0,0,976,4,99999,99999,99999,99999,99999,99999,0,0,0,0,0,0,0,0,0,0,0,0,0,0,0,0,0,0
"33,67",0,73125,0,0,984,4,99999,99999,99999,99999,99999,99999,0,0,0,0,0,0,0,0,0,0,0,0,0,0,0,0,0,0
"33,68",0,73125,0,0,961,4,99999,99999,99999,99999,99999,99999,0,0,0,0,0,0,0,0,0,0,0,0,0,0,0,0,0,0
"33,69",0,73125,0,0,970,4,99999,99999,99999,99999,99999,99999,0,0,0,0,0,0,0,0,0,0,0,0,0,0,0,0,0,0
"33,70",0,73125,0,0,971,4,99999,99999,99999,99999,99999,99999,0,0,0,0,0,0,0,0,0,0,0,0,0,0,0,0,0,0
"33,71",0,73125,0,0,982,4,99999,99999,99999,99999,99999,99999,0,0,0,0,0,0,0,0,0,0,0,0,0,0,0,0,0,0
"33,72",0,73125,0,0,965,4,99999,99999,99999,99999,99999,99999,0,0,0,0,0,0,0,0,0,0,0,0,0,0,0,0,0,0
"33,73",0,73125,0,0,979,4,99999,99999,99999,99999,99999,99999,0,0,0,0,0,0,0,0,0,0,0,0,0,0,0,0,0,0
"33,74",0,73125,0,0,979,4,99999,99999,99999,99999,99999,99999,0,0,0,0,0,0,0,0,0,0,0,0,0,0,0,0,0,0
"34,1",0,73125,0,0,979,4,99999,99999,99999,99999,99999,99999,0,0,0,0,0,0,0,0,0,0,0,0,0,0,0,0,0,0
"34,2",0,73125,0,0,970,4,99999,99999,99999,99999,99999,99999,0,0,0,0,0,0,0,0,0,0,0,0,0,0,0,0,0,0
"34,3",0,73125,0,0,957,4,99999,99999,99999,99999,99999,99999,0,0,0,0,0,0,0,0,0,0,0,0,0,0,0,0,0,0
"34,4",0,73125,0,0,966,4,99999,99999,99999,99999,99999,99999,0,0,0,0,0,0,0,0,0,0,0,0,0,0,0,0,0,0
"34,5",0,73125,0,0,970,4,99999,99999,99999,99999,99999,99999,0,0,0,0,0,0,0,0,0,0,0,0,0,0,0,0,0,0
"34,6",0,73125,0,0,962,4,99999,99999,99999,99999,99999,99999,0,0,0,0,0,0,0,0,0,0,0,0,0,0,0,0,0,0
"34,7",0,73125,0,0,963,4,99999,99999,99999,99999,99999,99999,0,0,0,0,0,0,0,0,0,0,0,0,0,0,0,0,0,0
"34,8",0,73125,0,0,968,4,99999,99999,99999,99999,99999,99999,0,0,0,0,0,0,0,0,0,0,0,0,0,0,0,0,0,0
"34,9",0,73125,0,0,979,4,99999,99999,99999,99999,99999,99999,0,0,0,0,0,0,0,0,0,0,0,0,0,0,0,0,0,0
"34,10",0,73125,0,0,977,4,99999,99999,99999,99999,99999,99999,0,0,0,0,0,0,0,0,0,0,0,0,0,0,0,0,0,0
"34,11",0,73125,0,0,977,4,99999,99999,99999,99999,99999,99999,0,0,0,0,0,0,0,0,0,0,0,0,0,0,0,0,0,0
"34,12",0,73125,0,0,969,4,99999,99999,99999,99999,99999,99999,0,0,0,0,0,0,0,0,0,0,0,0,0,0,0,0,0,0
"34,13",0,73125,0,0,979,4,99999,99999,99999,99999,99999,99999,0,0,0,0,0,0,0,0,0,0,0,0,0,0,0,0,0,0
"34,14",0,73125,0,0,971,4,99999,99999,99999,99999,99999,99999,0,0,0,0,0,0,0,0,0,0,0,0,0,0,0,0,0,0
"34,15",0,73125,0,0,975,4,99999,99999,99999,99999,99999,99999,0,0,0,0,0,0,0,0,0,0,0,0,0,0,0,0,0,0
"34,16",0,73125,0,0,966,4,99999,99999,99999,99999,99999,99999,0,0,0,0,0,0,0,0,0,0,0,0,0,0,0,0,0,0
"34,17",0,73125,0,0,968,4,99999,99999,99999,99999,99999,99999,0,0,0,0,0,0,0,0,0,0,0,0,0,0,0,0,0,0
"34,18",0,73125,0,0,972,4,99999,99999,99999,99999,99999,99999,0,0,0,0,0,0,0,0,0,0,0,0,0,0,0,0,0,0
"34,19",0,73125,0,0,985,4,99999,99999,99999,99999,99999,99999,0,0,0,0,0,0,0,0,0,0,0,0,0,0,0,0,0,0
"34,20",0,73125,0,0,960,4,99999,99999,99999,99999,99999,99999,0,0,0,0,0,0,0,0,0,0,0,0,0,0,0,0,0,0
"34,21",0,73125,0,0,979,4,99999,99999,99999,99999,99999,99999,0,0,0,0,0,0,0,0,0,0,0,0,0,0,0,0,0,0
"34,22",0,73125,0,0,981,4,99999,99999,99999,99999,99999,99999,0,0,0,0,0,0,0,0,0,0,0,0,0,0,0,0,0,0
"34,23",0,73125,0,0,965,4,99999,99999,99999,99999,99999,99999,0,0,0,0,0,0,0,0,0,0,0,0,0,0,0,0,0,0
"34,24",0,73125,0,0,977,4,99999,99999,99999,99999,99999,99999,0,0,0,0,0,0,0,0,0,0,0,0,0,0,0,0,0,0
"34,25",0,73125,0,0,982,4,99999,99999,99999,99999,99999,99999,0,0,0,0,0,0,0,0,0,0,0,0,0,0,0,0,0,0
"34,26",0,73125,0,0,980,4,99999,99999,99999,99999,99999,99999,0,0,0,0,0,0,0,0,0,0,0,0,0,0,0,0,0,0
"34,27",0,73125,0,0,981,4,99999,99999,99999,99999,99999,99999,0,0,0,0,0,0,0,0,0,0,0,0,0,0,0,0,0,0
"34,28",0,73125,0,0,968,4,99999,99999,99999,99999,99999,99999,0,0,0,0,0,0,0,0,0,0,0,0,0,0,0,0,0,0
"34,29",0,73125,0,0,966,4,99999,99999,99999,99999,99999,99999,0,0,0,0,0,0,0,0,0,0,0,0,0,0,0,0,0,0
"34,30",0,73125,0,0,967,4,99999,99999,99999,99999,99999,99999,0,0,0,0,0,0,0,0,0,0,0,0,0,0,0,0,0,0
"34,31",0,73125,0,0,973,4,99999,99999,99999,99999,99999,99999,0,0,0,0,0,0,0,0,0,0,0,0,0,0,0,0,0,0
"34,32",0,73125,0,0,978,4,99999,99999,99999,99999,99999,99999,0,0,0,0,0,0,0,0,0,0,0,0,0,0,0,0,0,0
"34,33",0,73125,0,0,969,4,99999,99999,99999,99999,99999,99999,0,0,0,0,0,0,0,0,0,0,0,0,0,0,0,0,0,0
"34,34",0,73125,0,0,969,4,99999,99999,99999,99999,99999,99999,0,0,0,0,0,0,0,0,0,0,0,0,0,0,0,0,0,0
"34,35",0,73125,0,0,978,4,99999,99999,99999,99999,99999,99999,0,0,0,0,0,0,0,0,0,0,0,0,0,0,0,0,0,0
"34,36",0,73125,0,0,974,4,99999,99999,99999,99999,99999,99999,0,0,0,0,0,0,0,0,0,0,0,0,0,0,0,0,0,0
"34,37",0,73125,0,0,972,4,99999,99999,99999,99999,99999,99999,0,0,0,0,0,0,0,0,0,0,0,0,0,0,0,0,0,0
"34,38",0,73125,0,0,970,4,99999,99999,99999,99999,99999,99999,0,0,0,0,0,0,0,0,0,0,0,0,0,0,0,0,0,0
"34,39",0,73125,0,0,976,4,99999,99999,99999,99999,99999,99999,0,0,0,0,0,0,0,0,0,0,0,0,0,0,0,0,0,0
"34,40",0,73125,0,0,976,4,99999,99999,99999,99999,99999,99999,0,0,0,0,0,0,0,0,0,0,0,0,0,0,0,0,0,0
"34,41",0,73125,0,0,976,4,99999,99999,99999,99999,99999,99999,0,0,0,0,0,0,0,0,0,0,0,0,0,0,0,0,0,0
"34,42",0,73125,0,0,973,4,99999,99999,99999,99999,99999,99999,0,0,0,0,0,0,0,0,0,0,0,0,0,0,0,0,0,0
"34,43",0,73125,0,0,975,4,99999,99999,99999,99999,99999,99999,0,0,0,0,0,0,0,0,0,0,0,0,0,0,0,0,0,0
"34,44",0,73125,0,0,970,4,99999,99999,99999,99999,99999,99999,0,0,0,0,0,0,0,0,0,0,0,0,0,0,0,0,0,0
"34,45",0,73125,0,0,969,4,99999,99999,99999,99999,99999,99999,0,0,0,0,0,0,0,0,0,0,0,0,0,0,0,0,0,0
"34,46",0,73125,0,0,972,4,99999,99999,99999,99999,99999,99999,0,0,0,0,0,0,0,0,0,0,0,0,0,0,0,0,0,0
"34,47",0,73125,0,0,965,4,99999,99999,99999,99999,99999,99999,0,0,0,0,0,0,0,0,0,0,0,0,0,0,0,0,0,0
"34,48",0,73125,0,0,966,4,99999,99999,99999,99999,99999,99999,0,0,0,0,0,0,0,0,0,0,0,0,0,0,0,0,0,0
"34,49",0,73125,0,0,965,4,99999,99999,99999,99999,99999,99999,0,0,0,0,0,0,0,0,0,0,0,0,0,0,0,0,0,0
"34,50",0,73125,0,0,971,4,99999,99999,99999,99999,99999,99999,0,0,0,0,0,0,0,0,0,0,0,0,0,0,0,0,0,0
"34,51",0,73125,0,0,973,4,99999,99999,99999,99999,99999,99999,0,0,0,0,0,0,0,0,0,0,0,0,0,0,0,0,0,0
"34,52",0,73125,0,0,959,4,99999,99999,99999,99999,99999,99999,0,0,0,0,0,0,0,0,0,0,0,0,0,0,0,0,0,0
"34,53",0,73125,0,0,975,4,99999,99999,99999,99999,99999,99999,0,0,0,0,0,0,0,0,0,0,0,0,0,0,0,0,0,0
"34,54",0,73125,0,0,962,4,99999,99999,99999,99999,99999,99999,0,0,0,0,0,0,0,0,0,0,0,0,0,0,0,0,0,0
"34,55",0,73125,0,0,969,4,99999,99999,99999,99999,99999,99999,0,0,0,0,0,0,0,0,0,0,0,0,0,0,0,0,0,0
"34,56",0,73125,0,0,971,4,99999,99999,99999,99999,99999,99999,0,0,0,0,0,0,0,0,0,0,0,0,0,0,0,0,0,0
"34,57",0,73125,0,0,969,4,99999,99999,99999,99999,99999,99999,0,0,0,0,0,0,0,0,0,0,0,0,0,0,0,0,0,0
"34,58",0,73125,0,0,978,4,99999,99999,99999,99999,99999,99999,0,0,0,0,0,0,0,0,0,0,0,0,0,0,0,0,0,0
"34,59",0,73125,0,0,976,4,99999,99999,99999,99999,99999,99999,0,0,0,0,0,0,0,0,0,0,0,0,0,0,0,0,0,0
"34,60",0,73125,0,0,982,4,99999,99999,99999,99999,99999,99999,0,0,0,0,0,0,0,0,0,0,0,0,0,0,0,0,0,0
"34,61",0,73125,0,0,981,4,99999,99999,99999,99999,99999,99999,0,0,0,0,0,0,0,0,0,0,0,0,0,0,0,0,0,0
"34,62",0,73125,0,0,971,4,99999,99999,99999,99999,99999,99999,0,0,0,0,0,0,0,0,0,0,0,0,0,0,0,0,0,0
"34,63",0,73125,0,0,970,4,99999,99999,99999,99999,99999,99999,0,0,0,0,0,0,0,0,0,0,0,0,0,0,0,0,0,0
"34,64",0,73125,0,0,960,4,99999,99999,99999,99999,99999,99999,0,0,0,0,0,0,0,0,0,0,0,0,0,0,0,0,0,0
"34,65",0,73125,0,0,974,4,99999,99999,99999,99999,99999,99999,0,0,0,0,0,0,0,0,0,0,0,0,0,0,0,0,0,0
"34,66",0,73125,0,0,975,4,99999,99999,99999,99999,99999,99999,0,0,0,0,0,0,0,0,0,0,0,0,0,0,0,0,0,0
"34,67",0,73125,0,0,980,4,99999,99999,99999,99999,99999,99999,0,0,0,0,0,0,0,0,0,0,0,0,0,0,0,0,0,0
"34,68",0,73125,0,0,971,4,99999,99999,99999,99999,99999,99999,0,0,0,0,0,0,0,0,0,0,0,0,0,0,0,0,0,0
"34,69",0,73125,0,0,973,4,99999,99999,99999,99999,99999,99999,0,0,0,0,0,0,0,0,0,0,0,0,0,0,0,0,0,0
"34,70",0,73125,0,0,975,4,99999,99999,99999,99999,99999,99999,0,0,0,0,0,0,0,0,0,0,0,0,0,0,0,0,0,0
"34,71",0,73125,0,0,979,4,99999,99999,99999,99999,99999,99999,0,0,0,0,0,0,0,0,0,0,0,0,0,0,0,0,0,0
"34,72",0,73125,0,0,964,4,99999,99999,99999,99999,99999,99999,0,0,0,0,0,0,0,0,0,0,0,0,0,0,0,0,0,0
"34,73",0,73125,0,0,974,4,99999,99999,99999,99999,99999,99999,0,0,0,0,0,0,0,0,0,0,0,0,0,0,0,0,0,0
"34,74",0,73125,0,0,976,4,99999,99999,99999,99999,99999,99999,0,0,0,0,0,0,0,0,0,0,0,0,0,0,0,0,0,0
"35,1",0,0,0,0,73,4,99999,99999,99999,99999,99999,99999,0,0,0,0,0,0,0,0,0,0,0,0,0,0,0,0,0,0
"35,2",0,0,0,0,972,4,99999,99999,99999,99999,99999,99999,0,0,0,0,0,0,0,0,0,0,0,0,0,0,0,0,0,0
"35,3",0,0,0,0,973,4,99999,99999,99999,99999,99999,99999,0,0,0,0,0,0,0,0,0,0,0,0,0,0,0,0,0,0
"35,4",0,0,0,0,968,4,99999,99999,99999,99999,99999,99999,0,0,0,0,0,0,0,0,0,0,0,0,0,0,0,0,0,0
"35,5",0,0,0,0,980,4,99999,99999,99999,99999,99999,99999,0,0,0,0,0,0,0,0,0,0,0,0,0,0,0,0,0,0
"35,6",0,0,0,0,968,4,99999,99999,99999,99999,99999,99999,0,0,0,0,0,0,0,0,0,0,0,0,0,0,0,0,0,0
"35,7",0,0,0,0,972,4,99999,99999,99999,99999,99999,99999,0,0,0,0,0,0,0,0,0,0,0,0,0,0,0,0,0,0
"35,8",0,0,0,0,980,4,99999,99999,99999,99999,99999,99999,0,0,0,0,0,0,0,0,0,0,0,0,0,0,0,0,0,0
"35,9",0,0,0,0,969,4,99999,99999,99999,99999,99999,99999,0,0,0,0,0,0,0,0,0,0,0,0,0,0,0,0,0,0
"35,10",0,0,0,0,974,4,99999,99999,99999,99999,99999,99999,0,0,0,0,0,0,0,0,0,0,0,0,0,0,0,0,0,0
"35,11",0,0,0,0,972,4,99999,99999,99999,99999,99999,99999,0,0,0,0,0,0,0,0,0,0,0,0,0,0,0,0,0,0
"35,12",0,0,0,0,972,4,99999,99999,99999,99999,99999,99999,0,0,0,0,0,0,0,0,0,0,0,0,0,0,0,0,0,0
"35,13",0,0,0,0,978,4,99999,99999,99999,99999,99999,99999,0,0,0,0,0,0,0,0,0,0,0,0,0,0,0,0,0,0
"35,14",0,0,0,0,973,4,99999,99999,99999,99999,99999,99999,0,0,0,0,0,0,0,0,0,0,0,0,0,0,0,0,0,0
"35,15",0,0,0,0,974,4,99999,99999,99999,99999,99999,99999,0,0,0,0,0,0,0,0,0,0,0,0,0,0,0,0,0,0
"35,16",0,0,0,0,966,4,99999,99999,99999,99999,99999,99999,0,0,0,0,0,0,0,0,0,0,0,0,0,0,0,0,0,0
"35,17",0,0,0,0,986,4,99999,99999,99999,99999,99999,99999,0,0,0,0,0,0,0,0,0,0,0,0,0,0,0,0,0,0
"35,18",0,0,0,0,973,4,99999,99999,99999,99999,99999,99999,0,0,0,0,0,0,0,0,0,0,0,0,0,0,0,0,0,0
"35,19",0,0,0,0,973,4,99999,99999,99999,99999,99999,99999,0,0,0,0,0,0,0,0,0,0,0,0,0,0,0,0,0,0
"35,20",0,0,0,0,963,4,99999,99999,99999,99999,99999,99999,0,0,0,0,0,0,0,0,0,0,0,0,0,0,0,0,0,0
"35,21",0,0,0,0,981,4,99999,99999,99999,99999,99999,99999,0,0,0,0,0,0,0,0,0,0,0,0,0,0,0,0,0,0
"35,22",0,0,0,0,974,4,99999,99999,99999,99999,99999,99999,0,0,0,0,0,0,0,0,0,0,0,0,0,0,0,0,0,0
"35,23",0,0,0,0,982,4,99999,99999,99999,99999,99999,99999,0,0,0,0,0,0,0,0,0,0,0,0,0,0,0,0,0,0
"35,24",0,0,0,0,968,4,99999,99999,99999,99999,99999,99999,0,0,0,0,0,0,0,0,0,0,0,0,0,0,0,0,0,0
"35,25",0,0,0,0,972,4,99999,99999,99999,99999,99999,99999,0,0,0,0,0,0,0,0,0,0,0,0,0,0,0,0,0,0
"35,26",0,0,0,0,977,4,99999,99999,99999,99999,99999,99999,0,0,0,0,0,0,0,0,0,0,0,0,0,0,0,0,0,0
"35,27",0,0,0,0,968,4,99999,99999,99999,99999,99999,99999,0,0,0,0,0,0,0,0,0,0,0,0,0,0,0,0,0,0
"35,28",0,0,0,0,981,4,99999,99999,99999,99999,99999,99999,0,0,0,0,0,0,0,0,0,0,0,0,0,0,0,0,0,0
"35,29",0,0,0,0,976,4,99999,99999,99999,99999,99999,99999,0,0,0,0,0,0,0,0,0,0,0,0,0,0,0,0,0,0
"35,30",0,0,0,0,985,4,99999,99999,99999,99999,99999,99999,0,0,0,0,0,0,0,0,0,0,0,0,0,0,0,0,0,0
"35,31",0,0,0,0,979,4,99999,99999,99999,99999,99999,99999,0,0,0,0,0,0,0,0,0,0,0,0,0,0,0,0,0,0
"35,32",0,0,0,0,986,4,99999,99999,99999,99999,99999,99999,0,0,0,0,0,0,0,0,0,0,0,0,0,0,0,0,0,0
"35,33",0,0,0,0,973,4,99999,99999,99999,99999,99999,99999,0,0,0,0,0,0,0,0,0,0,0,0,0,0,0,0,0,0
"35,34",0,0,0,0,974,4,99999,99999,99999,99999,99999,99999,0,0,0,0,0,0,0,0,0,0,0,0,0,0,0,0,0,0
"35,35",0,0,0,0,977,4,99999,99999,99999,99999,99999,99999,0,0,0,0,0,0,0,0,0,0,0,0,0,0,0,0,0,0
"35,36",0,0,0,0,971,4,99999,99999,99999,99999,99999,99999,0,0,0,0,0,0,0,0,0,0,0,0,0,0,0,0,0,0
"35,37",0,0,0,0,982,4,99999,99999,99999,99999,99999,99999,0,0,0,0,0,0,0,0,0,0,0,0,0,0,0,0,0,0
"35,38",0,0,0,0,973,4,99999,99999,99999,99999,99999,99999,0,0,0,0,0,0,0,0,0,0,0,0,0,0,0,0,0,0
"35,39",0,0,0,0,984,4,99999,99999,99999,99999,99999,99999,0,0,0,0,0,0,0,0,0,0,0,0,0,0,0,0,0,0
"35,40",0,0,0,0,970,4,99999,99999,99999,99999,99999,99999,0,0,0,0,0,0,0,0,0,0,0,0,0,0,0,0,0,0
"35,41",0,0,0,0,978,4,99999,99999,99999,99999,99999,99999,0,0,0,0,0,0,0,0,0,0,0,0,0,0,0,0,0,0
"35,42",0,0,0,0,972,4,99999,99999,99999,99999,99999,99999,0,0,0,0,0,0,0,0,0,0,0,0,0,0,0,0,0,0
"35,43",0,0,0,0,973,4,99999,99999,99999,99999,99999,99999,0,0,0,0,0,0,0,0,0,0,0,0,0,0,0,0,0,0
"35,44",0,0,0,0,974,4,99999,99999,99999,99999,99999,99999,0,0,0,0,0,0,0,0,0,0,0,0,0,0,0,0,0,0
"35,45",0,0,0,0,972,4,99999,99999,99999,99999,99999,99999,0,0,0,0,0,0,0,0,0,0,0,0,0,0,0,0,0,0
"35,46",0,0,0,0,974,4,99999,99999,99999,99999,99999,99999,0,0,0,0,0,0,0,0,0,0,0,0,0,0,0,0,0,0
"35,47",0,0,0,0,971,4,99999,99999,99999,99999,99999,99999,0,0,0,0,0,0,0,0,0,0,0,0,0,0,0,0,0,0
"35,48",0,0,0,0,977,4,99999,99999,99999,99999,99999,99999,0,0,0,0,0,0,0,0,0,0,0,0,0,0,0,0,0,0
"35,49",0,0,0,0,980,4,99999,99999,99999,99999,99999,99999,0,0,0,0,0,0,0,0,0,0,0,0,0,0,0,0,0,0
"35,50",0,0,0,0,971,4,99999,99999,99999,99999,99999,99999,0,0,0,0,0,0,0,0,0,0,0,0,0,0,0,0,0,0
"35,51",0,0,0,0,967,4,99999,99999,99999,99999,99999,99999,0,0,0,0,0,0,0,0,0,0,0,0,0,0,0,0,0,0
"35,52",0,0,0,0,977,4,99999,99999,99999,99999,99999,99999,0,0,0,0,0,0,0,0,0,0,0,0,0,0,0,0,0,0
"35,53",0,0,0,0,975,4,99999,99999,99999,99999,99999,99999,0,0,0,0,0,0,0,0,0,0,0,0,0,0,0,0,0,0
"35,54",0,0,0,0,976,4,99999,99999,99999,99999,99999,99999,0,0,0,0,0,0,0,0,0,0,0,0,0,0,0,0,0,0
"35,55",0,0,0,0,972,4,99999,99999,99999,99999,99999,99999,0,0,0,0,0,0,0,0,0,0,0,0,0,0,0,0,0,0
"35,56",0,0,0,0,976,4,99999,99999,99999,99999,99999,99999,0,0,0,0,0,0,0,0,0,0,0,0,0,0,0,0,0,0
"35,57",0,0,0,0,976,4,99999,99999,99999,99999,99999,99999,0,0,0,0,0,0,0,0,0,0,0,0,0,0,0,0,0,0
"35,58",0,0,0,0,966,4,99999,99999,99999,99999,99999,99999,0,0,0,0,0,0,0,0,0,0,0,0,0,0,0,0,0,0
"35,59",0,0,0,0,968,4,99999,99999,99999,99999,99999,99999,0,0,0,0,0,0,0,0,0,0,0,0,0,0,0,0,0,0
"35,60",0,0,0,0,983,4,99999,99999,99999,99999,99999,99999,0,0,0,0,0,0,0,0,0,0,0,0,0,0,0,0,0,0
"35,61",0,0,0,0,976,4,99999,99999,99999,99999,99999,99999,0,0,0,0,0,0,0,0,0,0,0,0,0,0,0,0,0,0
"35,62",0,0,0,0,974,4,99999,99999,99999,99999,99999,99999,0,0,0,0,0,0,0,0,0,0,0,0,0,0,0,0,0,0
"35,63",0,0,0,0,979,4,99999,99999,99999,99999,99999,99999,0,0,0,0,0,0,0,0,0,0,0,0,0,0,0,0,0,0
"35,64",0,0,0,0,976,4,99999,99999,99999,99999,99999,99999,0,0,0,0,0,0,0,0,0,0,0,0,0,0,0,0,0,0
"35,65",0,0,0,0,983,4,99999,99999,99999,99999,99999,99999,0,0,0,0,0,0,0,0,0,0,0,0,0,0,0,0,0,0
"35,66",0,0,0,0,978,4,99999,99999,99999,99999,99999,99999,0,0,0,0,0,0,0,0,0,0,0,0,0,0,0,0,0,0
"35,67",0,0,0,0,974,4,99999,99999,99999,99999,99999,99999,0,0,0,0,0,0,0,0,0,0,0,0,0,0,0,0,0,0
"35,68",0,0,0,0,970,4,99999,99999,99999,99999,99999,99999,0,0,0,0,0,0,0,0,0,0,0,0,0,0,0,0,0,0
"35,69",0,0,0,0,971,4,99999,99999,99999,99999,99999,99999,0,0,0,0,0,0,0,0,0,0,0,0,0,0,0,0,0,0
"35,70",0,0,0,0,975,4,99999,99999,99999,99999,99999,99999,0,0,0,0,0,0,0,0,0,0,0,0,0,0,0,0,0,0
"35,71",0,0,0,0,973,4,99999,99999,99999,99999,99999,99999,0,0,0,0,0,0,0,0,0,0,0,0,0,0,0,0,0,0
"35,72",0,0,0,0,986,4,99999,99999,99999,99999,99999,99999,0,0,0,0,0,0,0,0,0,0,0,0,0,0,0,0,0,0
"35,73",0,0,0,0,978,4,99999,99999,99999,99999,99999,99999,0,0,0,0,0,0,0,0,0,0,0,0,0,0,0,0,0,0
"35,74",0,0,0,0,970,4,99999,99999,99999,99999,99999,99999,0,0,0,0,0,0,0,0,0,0,0,0,0,0,0,0,0,0
"36,1",0,0,0,0,70,4,99999,99999,99999,99999,99999,99999,0,0,0,0,0,0,0,0,0,0,0,0,0,0,0,0,0,0
"36,2",0,0,0,0,80,4,99999,99999,99999,99999,99999,99999,0,0,0,0,0,0,0,0,0,0,0,0,0,0,0,0,0,0
"36,3",0,0,0,0,966,4,99999,99999,99999,99999,99999,99999,0,0,0,0,0,0,0,0,0,0,0,0,0,0,0,0,0,0
"36,4",0,0,0,0,979,4,99999,99999,99999,99999,99999,99999,0,0,0,0,0,0,0,0,0,0,0,0,0,0,0,0,0,0
"36,5",0,0,0,0,984,4,99999,99999,99999,99999,99999,99999,0,0,0,0,0,0,0,0,0,0,0,0,0,0,0,0,0,0
"36,6",0,0,0,0,975,4,99999,99999,99999,99999,99999,99999,0,0,0,0,0,0,0,0,0,0,0,0,0,0,0,0,0,0
"36,7",0,0,0,0,966,4,99999,99999,99999,99999,99999,99999,0,0,0,0,0,0,0,0,0,0,0,0,0,0,0,0,0,0
"36,8",0,0,0,0,979,4,99999,99999,99999,99999,99999,99999,0,0,0,0,0,0,0,0,0,0,0,0,0,0,0,0,0,0
"36,9",0,0,0,0,974,4,99999,99999,99999,99999,99999,99999,0,0,0,0,0,0,0,0,0,0,0,0,0,0,0,0,0,0
"36,10",0,0,0,0,972,4,99999,99999,99999,99999,99999,99999,0,0,0,0,0,0,0,0,0,0,0,0,0,0,0,0,0,0
"36,11",0,0,0,0,961,4,99999,99999,99999,99999,99999,99999,0,0,0,0,0,0,0,0,0,0,0,0,0,0,0,0,0,0
"36,12",0,0,0,0,968,4,99999,99999,99999,99999,99999,99999,0,0,0,0,0,0,0,0,0,0,0,0,0,0,0,0,0,0
"36,13",0,0,0,0,966,4,99999,99999,99999,99999,99999,99999,0,0,0,0,0,0,0,0,0,0,0,0,0,0,0,0,0,0
"36,14",0,0,0,0,964,4,99999,99999,99999,99999,99999,99999,0,0,0,0,0,0,0,0,0,0,0,0,0,0,0,0,0,0
"36,15",0,0,0,0,978,4,99999,99999,99999,99999,99999,99999,0,0,0,0,0,0,0,0,0,0,0,0,0,0,0,0,0,0
"36,16",0,0,0,0,963,4,99999,99999,99999,99999,99999,99999,0,0,0,0,0,0,0,0,0,0,0,0,0,0,0,0,0,0
"36,17",0,0,0,0,969,4,99999,99999,99999,99999,99999,99999,0,0,0,0,0,0,0,0,0,0,0,0,0,0,0,0,0,0
"36,18",0,0,0,0,977,4,99999,99999,99999,99999,99999,99999,0,0,0,0,0,0,0,0,0,0,0,0,0,0,0,0,0,0
"36,19",0,0,0,0,973,4,99999,99999,99999,99999,99999,99999,0,0,0,0,0,0,0,0,0,0,0,0,0,0,0,0,0,0
"36,20",0,0,0,0,963,4,99999,99999,99999,99999,99999,99999,0,0,0,0,0,0,0,0,0,0,0,0,0,0,0,0,0,0
"36,21",0,0,0,0,968,4,99999,99999,99999,99999,99999,99999,0,0,0,0,0,0,0,0,0,0,0,0,0,0,0,0,0,0
"36,22",0,0,0,0,977,4,99999,99999,99999,99999,99999,99999,0,0,0,0,0,0,0,0,0,0,0,0,0,0,0,0,0,0
"36,23",0,0,0,0,970,4,99999,99999,99999,99999,99999,99999,0,0,0,0,0,0,0,0,0,0,0,0,0,0,0,0,0,0
"36,24",0,0,0,0,982,4,99999,99999,99999,99999,99999,99999,0,0,0,0,0,0,0,0,0,0,0,0,0,0,0,0,0,0
"36,25",0,0,0,0,968,4,99999,99999,99999,99999,99999,99999,0,0,0,0,0,0,0,0,0,0,0,0,0,0,0,0,0,0
"36,26",0,0,0,0,973,4,99999,99999,99999,99999,99999,99999,0,0,0,0,0,0,0,0,0,0,0,0,0,0,0,0,0,0
"36,27",0,0,0,0,977,4,99999,99999,99999,99999,99999,99999,0,0,0,0,0,0,0,0,0,0,0,0,0,0,0,0,0,0
"36,28",0,0,0,0,972,4,99999,99999,99999,99999,99999,99999,0,0,0,0,0,0,0,0,0,0,0,0,0,0,0,0,0,0
"36,29",0,0,0,0,970,4,99999,99999,99999,99999,99999,99999,0,0,0,0,0,0,0,0,0,0,0,0,0,0,0,0,0,0
"36,30",0,0,0,0,974,4,99999,99999,99999,99999,99999,99999,0,0,0,0,0,0,0,0,0,0,0,0,0,0,0,0,0,0
"36,31",0,0,0,0,974,4,99999,99999,99999,99999,99999,99999,0,0,0,0,0,0,0,0,0,0,0,0,0,0,0,0,0,0
"36,32",0,0,0,0,968,4,99999,99999,99999,99999,99999,99999,0,0,0,0,0,0,0,0,0,0,0,0,0,0,0,0,0,0
"36,33",0,0,0,0,973,4,99999,99999,99999,99999,99999,99999,0,0,0,0,0,0,0,0,0,0,0,0,0,0,0,0,0,0
"36,34",0,0,0,0,966,4,99999,99999,99999,99999,99999,99999,0,0,0,0,0,0,0,0,0,0,0,0,0,0,0,0,0,0
"36,35",0,0,0,0,966,4,99999,99999,99999,99999,99999,99999,0,0,0,0,0,0,0,0,0,0,0,0,0,0,0,0,0,0
"36,36",0,0,0,0,971,4,99999,99999,99999,99999,99999,99999,0,0,0,0,0,0,0,0,0,0,0,0,0,0,0,0,0,0
"36,37",0,0,0,0,980,4,99999,99999,99999,99999,99999,99999,0,0,0,0,0,0,0,0,0,0,0,0,0,0,0,0,0,0
"36,38",0,0,0,0,978,4,99999,99999,99999,99999,99999,99999,0,0,0,0,0,0,0,0,0,0,0,0,0,0,0,0,0,0
"36,39",0,0,0,0,969,4,99999,99999,99999,99999,99999,99999,0,0,0,0,0,0,0,0,0,0,0,0,0,0,0,0,0,0
"36,40",0,0,0,0,969,4,99999,99999,99999,99999,99999,99999,0,0,0,0,0,0,0,0,0,0,0,0,0,0,0,0,0,0
"36,41",0,0,0,0,977,4,99999,99999,99999,99999,99999,99999,0,0,0,0,0,0,0,0,0,0,0,0,0,0,0,0,0,0
"36,42",0,0,0,0,975,4,99999,99999,99999,99999,99999,99999,0,0,0,0,0,0,0,0,0,0,0,0,0,0,0,0,0,0
"36,43",0,0,0,0,977,4,99999,99999,99999,99999,99999,99999,0,0,0,0,0,0,0,0,0,0,0,0,0,0,0,0,0,0
"36,44",0,0,0,0,972,4,99999,99999,99999,99999,99999,99999,0,0,0,0,0,0,0,0,0,0,0,0,0,0,0,0,0,0
"36,45",0,0,0,0,981,4,99999,99999,99999,99999,99999,99999,0,0,0,0,0,0,0,0,0,0,0,0,0,0,0,0,0,0
"36,46",0,0,0,0,972,4,99999,99999,99999,99999,99999,99999,0,0,0,0,0,0,0,0,0,0,0,0,0,0,0,0,0,0
"36,47",0,0,0,0,975,4,99999,99999,99999,99999,99999,99999,0,0,0,0,0,0,0,0,0,0,0,0,0,0,0,0,0,0
"36,48",0,0,0,0,966,4,99999,99999,99999,99999,99999,99999,0,0,0,0,0,0,0,0,0,0,0,0,0,0,0,0,0,0
"36,49",0,0,0,0,983,4,99999,99999,99999,99999,99999,99999,0,0,0,0,0,0,0,0,0,0,0,0,0,0,0,0,0,0
"36,50",0,0,0,0,974,4,99999,99999,99999,99999,99999,99999,0,0,0,0,0,0,0,0,0,0,0,0,0,0,0,0,0,0
"36,51",0,0,0,0,977,4,99999,99999,99999,99999,99999,99999,0,0,0,0,0,0,0,0,0,0,0,0,0,0,0,0,0,0
"36,52",0,0,0,0,971,4,99999,99999,99999,99999,99999,99999,0,0,0,0,0,0,0,0,0,0,0,0,0,0,0,0,0,0
"36,53",0,0,0,0,977,4,99999,99999,99999,99999,99999,99999,0,0,0,0,0,0,0,0,0,0,0,0,0,0,0,0,0,0
"36,54",0,0,0,0,966,4,99999,99999,99999,99999,99999,99999,0,0,0,0,0,0,0,0,0,0,0,0,0,0,0,0,0,0
"36,55",0,0,0,0,974,4,99999,99999,99999,99999,99999,99999,0,0,0,0,0,0,0,0,0,0,0,0,0,0,0,0,0,0
"36,56",0,0,0,0,982,4,99999,99999,99999,99999,99999,99999,0,0,0,0,0,0,0,0,0,0,0,0,0,0,0,0,0,0
"36,57",0,0,0,0,967,4,99999,99999,99999,99999,99999,99999,0,0,0,0,0,0,0,0,0,0,0,0,0,0,0,0,0,0
"36,58",0,0,0,0,970,4,99999,99999,99999,99999,99999,99999,0,0,0,0,0,0,0,0,0,0,0,0,0,0,0,0,0,0
"36,59",0,0,0,0,982,4,99999,99999,99999,99999,99999,99999,0,0,0,0,0,0,0,0,0,0,0,0,0,0,0,0,0,0
"36,60",0,0,0,0,980,4,99999,99999,99999,99999,99999,99999,0,0,0,0,0,0,0,0,0,0,0,0,0,0,0,0,0,0
"36,61",0,0,0,0,981,4,99999,99999,99999,99999,99999,99999,0,0,0,0,0,0,0,0,0,0,0,0,0,0,0,0,0,0
"36,62",0,0,0,0,973,4,99999,99999,99999,99999,99999,99999,0,0,0,0,0,0,0,0,0,0,0,0,0,0,0,0,0,0
"36,63",0,0,0,0,969,4,99999,99999,99999,99999,99999,99999,0,0,0,0,0,0,0,0,0,0,0,0,0,0,0,0,0,0
"36,64",0,0,0,0,978,4,99999,99999,99999,99999,99999,99999,0,0,0,0,0,0,0,0,0,0,0,0,0,0,0,0,0,0
"36,65",0,0,0,0,981,4,99999,99999,99999,99999,99999,99999,0,0,0,0,0,0,0,0,0,0,0,0,0,0,0,0,0,0
"36,66",0,0,0,0,970,4,99999,99999,99999,99999,99999,99999,0,0,0,0,0,0,0,0,0,0,0,0,0,0,0,0,0,0
"36,67",0,0,0,0,979,4,99999,99999,99999,99999,99999,99999,0,0,0,0,0,0,0,0,0,0,0,0,0,0,0,0,0,0
"36,68",0,0,0,0,974,4,99999,99999,99999,99999,99999,99999,0,0,0,0,0,0,0,0,0,0,0,0,0,0,0,0,0,0
"36,69",0,0,0,0,972,4,99999,99999,99999,99999,99999,99999,0,0,0,0,0,0,0,0,0,0,0,0,0,0,0,0,0,0
"36,70",0,0,0,0,980,4,99999,99999,99999,99999,99999,99999,0,0,0,0,0,0,0,0,0,0,0,0,0,0,0,0,0,0
"36,71",0,0,0,0,966,4,99999,99999,99999,99999,99999,99999,0,0,0,0,0,0,0,0,0,0,0,0,0,0,0,0,0,0
"36,72",0,0,0,0,979,4,99999,99999,99999,99999,99999,99999,0,0,0,0,0,0,0,0,0,0,0,0,0,0,0,0,0,0
"36,73",0,0,0,0,971,4,99999,99999,99999,99999,99999,99999,0,0,0,0,0,0,0,0,0,0,0,0,0,0,0,0,0,0
"36,74",0,0,0,0,962,4,99999,99999,99999,99999,99999,99999,0,0,0,0,0,0,0,0,0,0,0,0,0,0,0,0,0,0
"37,1",0,0,0,0,73,4,99999,99999,99999,99999,99999,99999,0,0,0,0,0,0,0,0,0,0,0,0,0,0,0,0,0,0
"37,2",0,0,0,0,80,4,99999,99999,99999,99999,99999,99999,0,0,0,0,0,0,0,0,0,0,0,0,0,0,0,0,0,0
"37,3",0,0,0,0,76,4,99999,99999,99999,99999,99999,99999,0,0,0,0,0,0,0,0,0,0,0,0,0,0,0,0,0,0
"37,4",0,0,0,0,977,4,99999,99999,99999,99999,99999,99999,0,0,0,0,0,0,0,0,0,0,0,0,0,0,0,0,0,0
"37,5",0,0,0,0,970,4,99999,99999,99999,99999,99999,99999,0,0,0,0,0,0,0,0,0,0,0,0,0,0,0,0,0,0
"37,6",0,0,0,0,974,4,99999,99999,99999,99999,99999,99999,0,0,0,0,0,0,0,0,0,0,0,0,0,0,0,0,0,0
"37,7",0,0,0,0,978,4,99999,99999,99999,99999,99999,99999,0,0,0,0,0,0,0,0,0,0,0,0,0,0,0,0,0,0
"37,8",0,0,0,0,975,4,99999,99999,99999,99999,99999,99999,0,0,0,0,0,0,0,0,0,0,0,0,0,0,0,0,0,0
"37,9",0,0,0,0,973,4,99999,99999,99999,99999,99999,99999,0,0,0,0,0,0,0,0,0,0,0,0,0,0,0,0,0,0
"37,10",0,0,0,0,971,4,99999,99999,99999,99999,99999,99999,0,0,0,0,0,0,0,0,0,0,0,0,0,0,0,0,0,0
"37,11",0,0,0,0,973,4,99999,99999,99999,99999,99999,99999,0,0,0,0,0,0,0,0,0,0,0,0,0,0,0,0,0,0
"37,12",0,0,0,0,978,4,99999,99999,99999,99999,99999,99999,0,0,0,0,0,0,0,0,0,0,0,0,0,0,0,0,0,0
"37,13",0,0,0,0,980,4,99999,99999,99999,99999,99999,99999,0,0,0,0,0,0,0,0,0,0,0,0,0,0,0,0,0,0
"37,14",0,0,0,0,962,4,99999,99999,99999,99999,99999,99999,0,0,0,0,0,0,0,0,0,0,0,0,0,0,0,0,0,0
"37,15",0,0,0,0,973,4,99999,99999,99999,99999,99999,99999,0,0,0,0,0,0,0,0,0,0,0,0,0,0,0,0,0,0
"37,16",0,0,0,0,979,4,99999,99999,99999,99999,99999,99999,0,0,0,0,0,0,0,0,0,0,0,0,0,0,0,0,0,0
"37,17",0,0,0,0,976,4,99999,99999,99999,99999,99999,99999,0,0,0,0,0,0,0,0,0,0,0,0,0,0,0,0,0,0
"37,18",0,0,0,0,969,4,99999,99999,99999,99999,99999,99999,0,0,0,0,0,0,0,0,0,0,0,0,0,0,0,0,0,0
"37,19",0,0,0,0,971,4,99999,99999,99999,99999,99999,99999,0,0,0,0,0,0,0,0,0,0,0,0,0,0,0,0,0,0
"37,20",0,0,0,0,964,4,99999,99999,99999,99999,99999,99999,0,0,0,0,0,0,0,0,0,0,0,0,0,0,0,0,0,0
"37,21",0,0,0,0,974,4,99999,99999,99999,99999,99999,99999,0,0,0,0,0,0,0,0,0,0,0,0,0,0,0,0,0,0
"37,22",0,0,0,0,966,4,99999,99999,99999,99999,99999,99999,0,0,0,0,0,0,0,0,0,0,0,0,0,0,0,0,0,0
"37,23",0,0,0,0,970,4,99999,99999,99999,99999,99999,99999,0,0,0,0,0,0,0,0,0,0,0,0,0,0,0,0,0,0
"37,24",0,0,0,0,983,4,99999,99999,99999,99999,99999,99999,0,0,0,0,0,0,0,0,0,0,0,0,0,0,0,0,0,0
"37,25",0,0,0,0,974,4,99999,99999,99999,99999,99999,99999,0,0,0,0,0,0,0,0,0,0,0,0,0,0,0,0,0,0
"37,26",0,0,0,0,974,4,99999,99999,99999,99999,99999,99999,0,0,0,0,0,0,0,0,0,0,0,0,0,0,0,0,0,0
"37,27",0,0,0,0,973,4,99999,99999,99999,99999,99999,99999,0,0,0,0,0,0,0,0,0,0,0,0,0,0,0,0,0,0
"37,28",0,0,0,0,968,4,99999,99999,99999,99999,99999,99999,0,0,0,0,0,0,0,0,0,0,0,0,0,0,0,0,0,0
"37,29",0,0,0,0,968,4,99999,99999,99999,99999,99999,99999,0,0,0,0,0,0,0,0,0,0,0,0,0,0,0,0,0,0
"37,30",0,0,0,0,969,4,99999,99999,99999,99999,99999,99999,0,0,0,0,0,0,0,0,0,0,0,0,0,0,0,0,0,0
"37,31",0,0,0,0,974,4,99999,99999,99999,99999,99999,99999,0,0,0,0,0,0,0,0,0,0,0,0,0,0,0,0,0,0
"37,32",0,0,0,0,972,4,99999,99999,99999,99999,99999,99999,0,0,0,0,0,0,0,0,0,0,0,0,0,0,0,0,0,0
"37,33",0,0,0,0,978,4,99999,99999,99999,99999,99999,99999,0,0,0,0,0,0,0,0,0,0,0,0,0,0,0,0,0,0
"37,34",0,0,0,0,971,4,99999,99999,99999,99999,99999,99999,0,0,0,0,0,0,0,0,0,0,0,0,0,0,0,0,0,0
"37,35",0,0,0,0,971,4,99999,99999,99999,99999,99999,99999,0,0,0,0,0,0,0,0,0,0,0,0,0,0,0,0,0,0
"37,36",0,0,0,0,968,4,99999,99999,99999,99999,99999,99999,0,0,0,0,0,0,0,0,0,0,0,0,0,0,0,0,0,0
"37,37",0,0,0,0,984,4,99999,99999,99999,99999,99999,99999,0,0,0,0,0,0,0,0,0,0,0,0,0,0,0,0,0,0
"37,38",0,0,0,0,969,4,99999,99999,99999,99999,99999,99999,0,0,0,0,0,0,0,0,0,0,0,0,0,0,0,0,0,0
"37,39",0,0,0,0,982,4,99999,99999,99999,99999,99999,99999,0,0,0,0,0,0,0,0,0,0,0,0,0,0,0,0,0,0
"37,40",0,0,0,0,964,4,99999,99999,99999,99999,99999,99999,0,0,0,0,0,0,0,0,0,0,0,0,0,0,0,0,0,0
"37,41",0,0,0,0,971,4,99999,99999,99999,99999,99999,99999,0,0,0,0,0,0,0,0,0,0,0,0,0,0,0,0,0,0
"37,42",0,0,0,0,977,4,99999,99999,99999,99999,99999,99999,0,0,0,0,0,0,0,0,0,0,0,0,0,0,0,0,0,0
"37,43",0,0,0,0,977,4,99999,99999,99999,99999,99999,99999,0,0,0,0,0,0,0,0,0,0,0,0,0,0,0,0,0,0
"37,44",0,0,0,0,966,4,99999,99999,99999,99999,99999,99999,0,0,0,0,0,0,0,0,0,0,0,0,0,0,0,0,0,0
"37,45",0,0,0,0,973,4,99999,99999,99999,99999,99999,99999,0,0,0,0,0,0,0,0,0,0,0,0,0,0,0,0,0,0
"37,46",0,0,0,0,978,4,99999,99999,99999,99999,99999,99999,0,0,0,0,0,0,0,0,0,0,0,0,0,0,0,0,0,0
"37,47",0,0,0,0,972,4,99999,99999,99999,99999,99999,99999,0,0,0,0,0,0,0,0,0,0,0,0,0,0,0,0,0,0
"37,48",0,0,0,0,981,4,99999,99999,99999,99999,99999,99999,0,0,0,0,0,0,0,0,0,0,0,0,0,0,0,0,0,0
"37,49",0,0,0,0,971,4,99999,99999,99999,99999,99999,99999,0,0,0,0,0,0,0,0,0,0,0,0,0,0,0,0,0,0
"37,50",0,0,0,0,966,4,99999,99999,99999,99999,99999,99999,0,0,0,0,0,0,0,0,0,0,0,0,0,0,0,0,0,0
"37,51",0,0,0,0,970,4,99999,99999,99999,99999,99999,99999,0,0,0,0,0,0,0,0,0,0,0,0,0,0,0,0,0,0
"37,52",0,0,0,0,975,4,99999,99999,99999,99999,99999,99999,0,0,0,0,0,0,0,0,0,0,0,0,0,0,0,0,0,0
"37,53",0,0,0,0,972,4,99999,99999,99999,99999,99999,99999,0,0,0,0,0,0,0,0,0,0,0,0,0,0,0,0,0,0
"37,54",0,0,0,0,980,4,99999,99999,99999,99999,99999,99999,0,0,0,0,0,0,0,0,0,0,0,0,0,0,0,0,0,0
"37,55",0,0,0,0,976,4,99999,99999,99999,99999,99999,99999,0,0,0,0,0,0,0,0,0,0,0,0,0,0,0,0,0,0
"37,56",0,0,0,0,973,4,99999,99999,99999,99999,99999,99999,0,0,0,0,0,0,0,0,0,0,0,0,0,0,0,0,0,0
"37,57",0,0,0,0,976,4,99999,99999,99999,99999,99999,99999,0,0,0,0,0,0,0,0,0,0,0,0,0,0,0,0,0,0
"37,58",0,0,0,0,970,4,99999,99999,99999,99999,99999,99999,0,0,0,0,0,0,0,0,0,0,0,0,0,0,0,0,0,0
"37,59",0,0,0,0,976,4,99999,99999,99999,99999,99999,99999,0,0,0,0,0,0,0,0,0,0,0,0,0,0,0,0,0,0
"37,60",0,0,0,0,972,4,99999,99999,99999,99999,99999,99999,0,0,0,0,0,0,0,0,0,0,0,0,0,0,0,0,0,0
"37,61",0,0,0,0,968,4,99999,99999,99999,99999,99999,99999,0,0,0,0,0,0,0,0,0,0,0,0,0,0,0,0,0,0
"37,62",0,0,0,0,974,4,99999,99999,99999,99999,99999,99999,0,0,0,0,0,0,0,0,0,0,0,0,0,0,0,0,0,0
"37,63",0,0,0,0,972,4,99999,99999,99999,99999,99999,99999,0,0,0,0,0,0,0,0,0,0,0,0,0,0,0,0,0,0
"37,64",0,0,0,0,970,4,99999,99999,99999,99999,99999,99999,0,0,0,0,0,0,0,0,0,0,0,0,0,0,0,0,0,0
"37,65",0,0,0,0,985,4,99999,99999,99999,99999,99999,99999,0,0,0,0,0,0,0,0,0,0,0,0,0,0,0,0,0,0
"37,66",0,0,0,0,968,4,99999,99999,99999,99999,99999,99999,0,0,0,0,0,0,0,0,0,0,0,0,0,0,0,0,0,0
"37,67",0,0,0,0,975,4,99999,99999,99999,99999,99999,99999,0,0,0,0,0,0,0,0,0,0,0,0,0,0,0,0,0,0
"37,68",0,0,0,0,971,4,99999,99999,99999,99999,99999,99999,0,0,0,0,0,0,0,0,0,0,0,0,0,0,0,0,0,0
"37,69",0,0,0,0,965,4,99999,99999,99999,99999,99999,99999,0,0,0,0,0,0,0,0,0,0,0,0,0,0,0,0,0,0
"37,70",0,0,0,0,977,4,99999,99999,99999,99999,99999,99999,0,0,0,0,0,0,0,0,0,0,0,0,0,0,0,0,0,0
"37,71",0,0,0,0,975,4,99999,99999,99999,99999,99999,99999,0,0,0,0,0,0,0,0,0,0,0,0,0,0,0,0,0,0
"37,72",0,0,0,0,968,4,99999,99999,99999,99999,99999,99999,0,0,0,0,0,0,0,0,0,0,0,0,0,0,0,0,0,0
"37,73",0,0,0,0,973,4,99999,99999,99999,99999,99999,99999,0,0,0,0,0,0,0,0,0,0,0,0,0,0,0,0,0,0
"37,74",0,0,0,0,959,4,99999,99999,99999,99999,99999,99999,0,0,0,0,0,0,0,0,0,0,0,0,0,0,0,0,0,0
"38,1",0,0,0,0,73,4,99999,99999,99999,99999,99999,99999,0,0,0,0,0,0,0,0,0,0,0,0,0,0,0,0,0,0
"38,2",0,0,0,0,79,4,99999,99999,99999,99999,99999,99999,0,0,0,0,0,0,0,0,0,0,0,0,0,0,0,0,0,0
"38,3",0,0,0,0,80,4,99999,99999,99999,99999,99999,99999,0,0,0,0,0,0,0,0,0,0,0,0,0,0,0,0,0,0
"38,4",0,0,0,0,344,4,99999,99999,99999,99999,99999,99999,0,0,0,0,0,0,0,0,0,0,0,0,0,0,0,0,0,0
"38,5",0,0,0,0,975,4,99999,99999,99999,99999,99999,99999,0,0,0,0,0,0,0,0,0,0,0,0,0,0,0,0,0,0
"38,6",0,0,0,0,979,4,99999,99999,99999,99999,99999,99999,0,0,0,0,0,0,0,0,0,0,0,0,0,0,0,0,0,0
"38,7",0,0,0,0,972,4,99999,99999,99999,99999,99999,99999,0,0,0,0,0,0,0,0,0,0,0,0,0,0,0,0,0,0
"38,8",0,0,0,0,974,4,99999,99999,99999,99999,99999,99999,0,0,0,0,0,0,0,0,0,0,0,0,0,0,0,0,0,0
"38,9",0,0,0,0,970,4,99999,99999,99999,99999,99999,99999,0,0,0,0,0,0,0,0,0,0,0,0,0,0,0,0,0,0
"38,10",0,0,0,0,974,4,99999,99999,99999,99999,99999,99999,0,0,0,0,0,0,0,0,0,0,0,0,0,0,0,0,0,0
"38,11",0,0,0,0,978,4,99999,99999,99999,99999,99999,99999,0,0,0,0,0,0,0,0,0,0,0,0,0,0,0,0,0,0
"38,12",0,0,0,0,975,4,99999,99999,99999,99999,99999,99999,0,0,0,0,0,0,0,0,0,0,0,0,0,0,0,0,0,0
"38,13",0,0,0,0,957,4,99999,99999,99999,99999,99999,99999,0,0,0,0,0,0,0,0,0,0,0,0,0,0,0,0,0,0
"38,14",0,0,0,0,980,4,99999,99999,99999,99999,99999,99999,0,0,0,0,0,0,0,0,0,0,0,0,0,0,0,0,0,0
"38,15",0,0,0,0,978,4,99999,99999,99999,99999,99999,99999,0,0,0,0,0,0,0,0,0,0,0,0,0,0,0,0,0,0
"38,16",0,0,0,0,980,4,99999,99999,99999,99999,99999,99999,0,0,0,0,0,0,0,0,0,0,0,0,0,0,0,0,0,0
"38,17",0,0,0,0,963,4,99999,99999,99999,99999,99999,99999,0,0,0,0,0,0,0,0,0,0,0,0,0,0,0,0,0,0
"38,18",0,0,0,0,977,4,99999,99999,99999,99999,99999,99999,0,0,0,0,0,0,0,0,0,0,0,0,0,0,0,0,0,0
"38,19",0,0,0,0,972,4,99999,99999,99999,99999,99999,99999,0,0,0,0,0,0,0,0,0,0,0,0,0,0,0,0,0,0
"38,20",0,0,0,0,972,4,99999,99999,99999,99999,99999,99999,0,0,0,0,0,0,0,0,0,0,0,0,0,0,0,0,0,0
"38,21",0,0,0,0,969,4,99999,99999,99999,99999,99999,99999,0,0,0,0,0,0,0,0,0,0,0,0,0,0,0,0,0,0
"38,22",0,0,0,0,967,4,99999,99999,99999,99999,99999,99999,0,0,0,0,0,0,0,0,0,0,0,0,0,0,0,0,0,0
"38,23",0,0,0,0,974,4,99999,99999,99999,99999,99999,99999,0,0,0,0,0,0,0,0,0,0,0,0,0,0,0,0,0,0
"38,24",0,0,0,0,978,4,99999,99999,99999,99999,99999,99999,0,0,0,0,0,0,0,0,0,0,0,0,0,0,0,0,0,0
"38,25",0,0,0,0,979,4,99999,99999,99999,99999,99999,99999,0,0,0,0,0,0,0,0,0,0,0,0,0,0,0,0,0,0
"38,26",0,0,0,0,958,4,99999,99999,99999,99999,99999,99999,0,0,0,0,0,0,0,0,0,0,0,0,0,0,0,0,0,0
"38,27",0,0,0,0,969,4,99999,99999,99999,99999,99999,99999,0,0,0,0,0,0,0,0,0,0,0,0,0,0,0,0,0,0
"38,28",0,0,0,0,979,4,99999,99999,99999,99999,99999,99999,0,0,0,0,0,0,0,0,0,0,0,0,0,0,0,0,0,0
"38,29",0,0,0,0,972,4,99999,99999,99999,99999,99999,99999,0,0,0,0,0,0,0,0,0,0,0,0,0,0,0,0,0,0
"38,30",0,0,0,0,972,4,99999,99999,99999,99999,99999,99999,0,0,0,0,0,0,0,0,0,0,0,0,0,0,0,0,0,0
"38,31",0,0,0,0,973,4,99999,99999,99999,99999,99999,99999,0,0,0,0,0,0,0,0,0,0,0,0,0,0,0,0,0,0
"38,32",0,0,0,0,965,4,99999,99999,99999,99999,99999,99999,0,0,0,0,0,0,0,0,0,0,0,0,0,0,0,0,0,0
"38,33",0,0,0,0,975,4,99999,99999,99999,99999,99999,99999,0,0,0,0,0,0,0,0,0,0,0,0,0,0,0,0,0,0
"38,34",0,0,0,0,968,4,99999,99999,99999,99999,99999,99999,0,0,0,0,0,0,0,0,0,0,0,0,0,0,0,0,0,0
"38,35",0,0,0,0,980,4,99999,99999,99999,99999,99999,99999,0,0,0,0,0,0,0,0,0,0,0,0,0,0,0,0,0,0
"38,36",0,0,0,0,974,4,99999,99999,99999,99999,99999,99999,0,0,0,0,0,0,0,0,0,0,0,0,0,0,0,0,0,0
"38,37",0,0,0,0,971,4,99999,99999,99999,99999,99999,99999,0,0,0,0,0,0,0,0,0,0,0,0,0,0,0,0,0,0
"38,38",0,0,0,0,970,4,99999,99999,99999,99999,99999,99999,0,0,0,0,0,0,0,0,0,0,0,0,0,0,0,0,0,0
"38,39",0,0,0,0,975,4,99999,99999,99999,99999,99999,99999,0,0,0,0,0,0,0,0,0,0,0,0,0,0,0,0,0,0
"38,40",0,0,0,0,973,4,99999,99999,99999,99999,99999,99999,0,0,0,0,0,0,0,0,0,0,0,0,0,0,0,0,0,0
"38,41",0,0,0,0,965,4,99999,99999,99999,99999,99999,99999,0,0,0,0,0,0,0,0,0,0,0,0,0,0,0,0,0,0
"38,42",0,0,0,0,978,4,99999,99999,99999,99999,99999,99999,0,0,0,0,0,0,0,0,0,0,0,0,0,0,0,0,0,0
"38,43",0,0,0,0,986,4,99999,99999,99999,99999,99999,99999,0,0,0,0,0,0,0,0,0,0,0,0,0,0,0,0,0,0
"38,44",0,0,0,0,980,4,99999,99999,99999,99999,99999,99999,0,0,0,0,0,0,0,0,0,0,0,0,0,0,0,0,0,0
"38,45",0,0,0,0,974,4,99999,99999,99999,99999,99999,99999,0,0,0,0,0,0,0,0,0,0,0,0,0,0,0,0,0,0
"38,46",0,0,0,0,970,4,99999,99999,99999,99999,99999,99999,0,0,0,0,0,0,0,0,0,0,0,0,0,0,0,0,0,0
"38,47",0,0,0,0,970,4,99999,99999,99999,99999,99999,99999,0,0,0,0,0,0,0,0,0,0,0,0,0,0,0,0,0,0
"38,48",0,0,0,0,975,4,99999,99999,99999,99999,99999,99999,0,0,0,0,0,0,0,0,0,0,0,0,0,0,0,0,0,0
"38,49",0,0,0,0,974,4,99999,99999,99999,99999,99999,99999,0,0,0,0,0,0,0,0,0,0,0,0,0,0,0,0,0,0
"38,50",0,0,0,0,962,4,99999,99999,99999,99999,99999,99999,0,0,0,0,0,0,0,0,0,0,0,0,0,0,0,0,0,0
"38,51",0,0,0,0,981,4,99999,99999,99999,99999,99999,99999,0,0,0,0,0,0,0,0,0,0,0,0,0,0,0,0,0,0
"38,52",0,0,0,0,983,4,99999,99999,99999,99999,99999,99999,0,0,0,0,0,0,0,0,0,0,0,0,0,0,0,0,0,0
"38,53",0,0,0,0,964,4,99999,99999,99999,99999,99999,99999,0,0,0,0,0,0,0,0,0,0,0,0,0,0,0,0,0,0
"38,54",0,0,0,0,970,4,99999,99999,99999,99999,99999,99999,0,0,0,0,0,0,0,0,0,0,0,0,0,0,0,0,0,0
"38,55",0,0,0,0,970,4,99999,99999,99999,99999,99999,99999,0,0,0,0,0,0,0,0,0,0,0,0,0,0,0,0,0,0
"38,56",0,0,0,0,978,4,99999,99999,99999,99999,99999,99999,0,0,0,0,0,0,0,0,0,0,0,0,0,0,0,0,0,0
"38,57",0,0,0,0,964,4,99999,99999,99999,99999,99999,99999,0,0,0,0,0,0,0,0,0,0,0,0,0,0,0,0,0,0
"38,58",0,0,0,0,981,4,99999,99999,99999,99999,99999,99999,0,0,0,0,0,0,0,0,0,0,0,0,0,0,0,0,0,0
"38,59",0,0,0,0,983,4,99999,99999,99999,99999,99999,99999,0,0,0,0,0,0,0,0,0,0,0,0,0,0,0,0,0,0
"38,60",0,0,0,0,971,4,99999,99999,99999,99999,99999,99999,0,0,0,0,0,0,0,0,0,0,0,0,0,0,0,0,0,0
"38,61",0,0,0,0,971,4,99999,99999,99999,99999,99999,99999,0,0,0,0,0,0,0,0,0,0,0,0,0,0,0,0,0,0
"38,62",0,0,0,0,966,4,99999,99999,99999,99999,99999,99999,0,0,0,0,0,0,0,0,0,0,0,0,0,0,0,0,0,0
"38,63",0,0,0,0,974,4,99999,99999,99999,99999,99999,99999,0,0,0,0,0,0,0,0,0,0,0,0,0,0,0,0,0,0
"38,64",0,0,0,0,972,4,99999,99999,99999,99999,99999,99999,0,0,0,0,0,0,0,0,0,0,0,0,0,0,0,0,0,0
"38,65",0,0,0,0,972,4,99999,99999,99999,99999,99999,99999,0,0,0,0,0,0,0,0,0,0,0,0,0,0,0,0,0,0
"38,66",0,0,0,0,978,4,99999,99999,99999,99999,99999,99999,0,0,0,0,0,0,0,0,0,0,0,0,0,0,0,0,0,0
"38,67",0,0,0,0,971,4,99999,99999,99999,99999,99999,99999,0,0,0,0,0,0,0,0,0,0,0,0,0,0,0,0,0,0
"38,68",0,0,0,0,981,4,99999,99999,99999,99999,99999,99999,0,0,0,0,0,0,0,0,0,0,0,0,0,0,0,0,0,0
"38,69",0,0,0,0,976,4,99999,99999,99999,99999,99999,99999,0,0,0,0,0,0,0,0,0,0,0,0,0,0,0,0,0,0
"38,70",0,0,0,0,971,4,99999,99999,99999,99999,99999,99999,0,0,0,0,0,0,0,0,0,0,0,0,0,0,0,0,0,0
"38,71",0,0,0,0,975,4,99999,99999,99999,99999,99999,99999,0,0,0,0,0,0,0,0,0,0,0,0,0,0,0,0,0,0
"38,72",0,0,0,0,968,4,99999,99999,99999,99999,99999,99999,0,0,0,0,0,0,0,0,0,0,0,0,0,0,0,0,0,0
"38,73",0,0,0,0,962,4,99999,99999,99999,99999,99999,99999,0,0,0,0,0,0,0,0,0,0,0,0,0,0,0,0,0,0
"38,74",0,0,0,0,973,4,99999,99999,99999,99999,99999,99999,0,0,0,0,0,0,0,0,0,0,0,0,0,0,0,0,0,0
