position,per,tx phyrate,tx mcs,tx nss,chload,chload self,total_latency_50_percent,total_latency_95_percent,total_latency_99_percent,txtime_latency_50_percent,txtime_latency_95_percent,txtime_latency_99_percent,uldelay <100ms,uldelay 100-500ms,uldelay 500-900ms,uldelay 900-1300ms,uldelay 1300-1700ms,uldelay 1700-2100ms,uldelay >2100ms,txtime <1ms,txtime 1-5ms,txtime 5-9ms,txtime 9-13ms,txtime 13-17ms,txtime 17-21ms,txtime >21ms,diff tx bytes,diff tx packets,diff tx ppdu cnt,diff tx ppdu retry cnt
"1,1",0,0,0,0,972,4,99999,99999,99999,99999,99999,99999,0.000000,0.000000,0.000000,0.000000,0.000000,0.000000,0.000000,0.000000,0.000000,0.000000,0.000000,0.000000,0.000000,0.000000,0,0,0,0
"1,2",0,0,0,0,976,4,99999,99999,99999,99999,99999,99999,0.000000,0.000000,0.000000,0.000000,0.000000,0.000000,0.000000,0.000000,0.000000,0.000000,0.000000,0.000000,0.000000,0.000000,0,0,0,0
"1,3",0,0,0,0,977,4,99999,99999,99999,99999,99999,99999,0.000000,0.000000,0.000000,0.000000,0.000000,0.000000,0.000000,0.000000,0.000000,0.000000,0.000000,0.000000,0.000000,0.000000,0,0,0,0
"1,4",0,0,0,0,977,4,99999,99999,99999,99999,99999,99999,0.000000,0.000000,0.000000,0.000000,0.000000,0.000000,0.000000,0.000000,0.000000,0.000000,0.000000,0.000000,0.000000,0.000000,0,0,0,0
"1,5",0,0,0,0,976,4,99999,99999,99999,99999,99999,99999,0.000000,0.000000,0.000000,0.000000,0.000000,0.000000,0.000000,0.000000,0.000000,0.000000,0.000000,0.000000,0.000000,0.000000,0,0,0,0
"1,6",0,0,0,0,982,4,99999,99999,99999,99999,99999,99999,0.000000,0.000000,0.000000,0.000000,0.000000,0.000000,0.000000,0.000000,0.000000,0.000000,0.000000,0.000000,0.000000,0.000000,0,0,0,0
"1,7",0,0,0,0,970,4,99999,99999,99999,99999,99999,99999,0.000000,0.000000,0.000000,0.000000,0.000000,0.000000,0.000000,0.000000,0.000000,0.000000,0.000000,0.000000,0.000000,0.000000,0,0,0,0
"1,8",0,0,0,0,967,4,99999,99999,99999,99999,99999,99999,0.000000,0.000000,0.000000,0.000000,0.000000,0.000000,0.000000,0.000000,0.000000,0.000000,0.000000,0.000000,0.000000,0.000000,0,0,0,0
"1,9",0,0,0,0,974,4,99999,99999,99999,99999,99999,99999,0.000000,0.000000,0.000000,0.000000,0.000000,0.000000,0.000000,0.000000,0.000000,0.000000,0.000000,0.000000,0.000000,0.000000,0,0,0,0
"1,10",0,0,0,0,975,4,99999,99999,99999,99999,99999,99999,0.000000,0.000000,0.000000,0.000000,0.000000,0.000000,0.000000,0.000000,0.000000,0.000000,0.000000,0.000000,0.000000,0.000000,0,0,0,0
"1,11",0,0,0,0,980,4,99999,99999,99999,99999,99999,99999,0.000000,0.000000,0.000000,0.000000,0.000000,0.000000,0.000000,0.000000,0.000000,0.000000,0.000000,0.000000,0.000000,0.000000,0,0,0,0
"1,12",0,0,0,0,977,4,99999,99999,99999,99999,99999,99999,0.000000,0.000000,0.000000,0.000000,0.000000,0.000000,0.000000,0.000000,0.000000,0.000000,0.000000,0.000000,0.000000,0.000000,0,0,0,0
"1,13",0,0,0,0,975,4,99999,99999,99999,99999,99999,99999,0.000000,0.000000,0.000000,0.000000,0.000000,0.000000,0.000000,0.000000,0.000000,0.000000,0.000000,0.000000,0.000000,0.000000,0,0,0,0
"1,14",0,0,0,0,975,4,99999,99999,99999,99999,99999,99999,0.000000,0.000000,0.000000,0.000000,0.000000,0.000000,0.000000,0.000000,0.000000,0.000000,0.000000,0.000000,0.000000,0.000000,0,0,0,0
"1,15",0,0,0,0,978,4,99999,99999,99999,99999,99999,99999,0.000000,0.000000,0.000000,0.000000,0.000000,0.000000,0.000000,0.000000,0.000000,0.000000,0.000000,0.000000,0.000000,0.000000,0,0,0,0
"1,16",0,0,0,0,970,4,99999,99999,99999,99999,99999,99999,0.000000,0.000000,0.000000,0.000000,0.000000,0.000000,0.000000,0.000000,0.000000,0.000000,0.000000,0.000000,0.000000,0.000000,0,0,0,0
"1,17",0,0,0,0,969,4,99999,99999,99999,99999,99999,99999,0.000000,0.000000,0.000000,0.000000,0.000000,0.000000,0.000000,0.000000,0.000000,0.000000,0.000000,0.000000,0.000000,0.000000,0,0,0,0
"1,18",0,0,0,0,964,4,99999,99999,99999,99999,99999,99999,0.000000,0.000000,0.000000,0.000000,0.000000,0.000000,0.000000,0.000000,0.000000,0.000000,0.000000,0.000000,0.000000,0.000000,0,0,0,0
"1,19",0,0,0,0,974,4,99999,99999,99999,99999,99999,99999,0.000000,0.000000,0.000000,0.000000,0.000000,0.000000,0.000000,0.000000,0.000000,0.000000,0.000000,0.000000,0.000000,0.000000,0,0,0,0
"1,20",0,0,0,0,977,4,99999,99999,99999,99999,99999,99999,0.000000,0.000000,0.000000,0.000000,0.000000,0.000000,0.000000,0.000000,0.000000,0.000000,0.000000,0.000000,0.000000,0.000000,0,0,0,0
"1,21",0,0,0,0,980,4,99999,99999,99999,99999,99999,99999,0.000000,0.000000,0.000000,0.000000,0.000000,0.000000,0.000000,0.000000,0.000000,0.000000,0.000000,0.000000,0.000000,0.000000,0,0,0,0
"1,22",0,0,0,0,975,4,99999,99999,99999,99999,99999,99999,0.000000,0.000000,0.000000,0.000000,0.000000,0.000000,0.000000,0.000000,0.000000,0.000000,0.000000,0.000000,0.000000,0.000000,0,0,0,0
"1,23",0,0,0,0,974,4,99999,99999,99999,99999,99999,99999,0.000000,0.000000,0.000000,0.000000,0.000000,0.000000,0.000000,0.000000,0.000000,0.000000,0.000000,0.000000,0.000000,0.000000,0,0,0,0
"1,24",0,0,0,0,976,4,99999,99999,99999,99999,99999,99999,0.000000,0.000000,0.000000,0.000000,0.000000,0.000000,0.000000,0.000000,0.000000,0.000000,0.000000,0.000000,0.000000,0.000000,0,0,0,0
"1,25",0,0,0,0,980,4,99999,99999,99999,99999,99999,99999,0.000000,0.000000,0.000000,0.000000,0.000000,0.000000,0.000000,0.000000,0.000000,0.000000,0.000000,0.000000,0.000000,0.000000,0,0,0,0
"1,26",0,0,0,0,971,4,99999,99999,99999,99999,99999,99999,0.000000,0.000000,0.000000,0.000000,0.000000,0.000000,0.000000,0.000000,0.000000,0.000000,0.000000,0.000000,0.000000,0.000000,0,0,0,0
"1,27",0,0,0,0,975,4,99999,99999,99999,99999,99999,99999,0.000000,0.000000,0.000000,0.000000,0.000000,0.000000,0.000000,0.000000,0.000000,0.000000,0.000000,0.000000,0.000000,0.000000,0,0,0,0
"1,28",0,0,0,0,976,4,99999,99999,99999,99999,99999,99999,0.000000,0.000000,0.000000,0.000000,0.000000,0.000000,0.000000,0.000000,0.000000,0.000000,0.000000,0.000000,0.000000,0.000000,0,0,0,0
"1,29",0,0,0,0,966,4,99999,99999,99999,99999,99999,99999,0.000000,0.000000,0.000000,0.000000,0.000000,0.000000,0.000000,0.000000,0.000000,0.000000,0.000000,0.000000,0.000000,0.000000,0,0,0,0
"1,30",0,0,0,0,965,4,99999,99999,99999,99999,99999,99999,0.000000,0.000000,0.000000,0.000000,0.000000,0.000000,0.000000,0.000000,0.000000,0.000000,0.000000,0.000000,0.000000,0.000000,0,0,0,0
"1,31",0,0,0,0,965,4,99999,99999,99999,99999,99999,99999,0.000000,0.000000,0.000000,0.000000,0.000000,0.000000,0.000000,0.000000,0.000000,0.000000,0.000000,0.000000,0.000000,0.000000,0,0,0,0
"1,32",0,0,0,0,963,4,99999,99999,99999,99999,99999,99999,0.000000,0.000000,0.000000,0.000000,0.000000,0.000000,0.000000,0.000000,0.000000,0.000000,0.000000,0.000000,0.000000,0.000000,0,0,0,0
"1,33",0,0,0,0,971,4,99999,99999,99999,99999,99999,99999,0.000000,0.000000,0.000000,0.000000,0.000000,0.000000,0.000000,0.000000,0.000000,0.000000,0.000000,0.000000,0.000000,0.000000,0,0,0,0
"1,34",0,0,0,0,970,4,99999,99999,99999,99999,99999,99999,0.000000,0.000000,0.000000,0.000000,0.000000,0.000000,0.000000,0.000000,0.000000,0.000000,0.000000,0.000000,0.000000,0.000000,0,0,0,0
"1,35",0,0,0,0,978,4,99999,99999,99999,99999,99999,99999,0.000000,0.000000,0.000000,0.000000,0.000000,0.000000,0.000000,0.000000,0.000000,0.000000,0.000000,0.000000,0.000000,0.000000,0,0,0,0
"1,36",0,0,0,0,969,4,99999,99999,99999,99999,99999,99999,0.000000,0.000000,0.000000,0.000000,0.000000,0.000000,0.000000,0.000000,0.000000,0.000000,0.000000,0.000000,0.000000,0.000000,0,0,0,0
"1,37",0,0,0,0,971,4,99999,99999,99999,99999,99999,99999,0.000000,0.000000,0.000000,0.000000,0.000000,0.000000,0.000000,0.000000,0.000000,0.000000,0.000000,0.000000,0.000000,0.000000,0,0,0,0
"1,38",0,0,0,0,975,4,99999,99999,99999,99999,99999,99999,0.000000,0.000000,0.000000,0.000000,0.000000,0.000000,0.000000,0.000000,0.000000,0.000000,0.000000,0.000000,0.000000,0.000000,0,0,0,0
"1,39",0,0,0,0,977,4,99999,99999,99999,99999,99999,99999,0.000000,0.000000,0.000000,0.000000,0.000000,0.000000,0.000000,0.000000,0.000000,0.000000,0.000000,0.000000,0.000000,0.000000,0,0,0,0
"1,40",0,0,0,0,969,4,99999,99999,99999,99999,99999,99999,0.000000,0.000000,0.000000,0.000000,0.000000,0.000000,0.000000,0.000000,0.000000,0.000000,0.000000,0.000000,0.000000,0.000000,0,0,0,0
"1,41",0,0,0,0,972,4,99999,99999,99999,99999,99999,99999,0.000000,0.000000,0.000000,0.000000,0.000000,0.000000,0.000000,0.000000,0.000000,0.000000,0.000000,0.000000,0.000000,0.000000,0,0,0,0
"1,42",0,0,0,0,965,4,99999,99999,99999,99999,99999,99999,0.000000,0.000000,0.000000,0.000000,0.000000,0.000000,0.000000,0.000000,0.000000,0.000000,0.000000,0.000000,0.000000,0.000000,0,0,0,0
"1,43",0,0,0,0,971,4,99999,99999,99999,99999,99999,99999,0.000000,0.000000,0.000000,0.000000,0.000000,0.000000,0.000000,0.000000,0.000000,0.000000,0.000000,0.000000,0.000000,0.000000,0,0,0,0
"1,44",0,0,0,0,980,4,99999,99999,99999,99999,99999,99999,0.000000,0.000000,0.000000,0.000000,0.000000,0.000000,0.000000,0.000000,0.000000,0.000000,0.000000,0.000000,0.000000,0.000000,0,0,0,0
"1,45",0,0,0,0,65,4,99999,99999,99999,99999,99999,99999,0.000000,0.000000,0.000000,0.000000,0.000000,0.000000,0.000000,0.000000,0.000000,0.000000,0.000000,0.000000,0.000000,0.000000,0,0,0,0
"1,46",0,0,0,0,71,4,99999,99999,99999,99999,99999,99999,0.000000,0.000000,0.000000,0.000000,0.000000,0.000000,0.000000,0.000000,0.000000,0.000000,0.000000,0.000000,0.000000,0.000000,0,0,0,0
"1,47",0,0,0,0,67,4,99999,99999,99999,99999,99999,99999,0.000000,0.000000,0.000000,0.000000,0.000000,0.000000,0.000000,0.000000,0.000000,0.000000,0.000000,0.000000,0.000000,0.000000,0,0,0,0
"1,48",0,0,0,0,70,4,99999,99999,99999,99999,99999,99999,0.000000,0.000000,0.000000,0.000000,0.000000,0.000000,0.000000,0.000000,0.000000,0.000000,0.000000,0.000000,0.000000,0.000000,0,0,0,0
"1,49",0,0,0,0,80,4,99999,99999,99999,99999,99999,99999,0.000000,0.000000,0.000000,0.000000,0.000000,0.000000,0.000000,0.000000,0.000000,0.000000,0.000000,0.000000,0.000000,0.000000,0,0,0,0
"1,50",0,0,0,0,71,4,99999,99999,99999,99999,99999,99999,0.000000,0.000000,0.000000,0.000000,0.000000,0.000000,0.000000,0.000000,0.000000,0.000000,0.000000,0.000000,0.000000,0.000000,0,0,0,0
"1,51",0,0,0,0,67,4,99999,99999,99999,99999,99999,99999,0.000000,0.000000,0.000000,0.000000,0.000000,0.000000,0.000000,0.000000,0.000000,0.000000,0.000000,0.000000,0.000000,0.000000,0,0,0,0
"1,52",0,0,0,0,75,4,99999,99999,99999,99999,99999,99999,0.000000,0.000000,0.000000,0.000000,0.000000,0.000000,0.000000,0.000000,0.000000,0.000000,0.000000,0.000000,0.000000,0.000000,0,0,0,0
"1,53",0,0,0,0,83,4,99999,99999,99999,99999,99999,99999,0.000000,0.000000,0.000000,0.000000,0.000000,0.000000,0.000000,0.000000,0.000000,0.000000,0.000000,0.000000,0.000000,0.000000,0,0,0,0
"1,54",0,0,0,0,74,4,99999,99999,99999,99999,99999,99999,0.000000,0.000000,0.000000,0.000000,0.000000,0.000000,0.000000,0.000000,0.000000,0.000000,0.000000,0.000000,0.000000,0.000000,0,0,0,0
"1,55",0,0,0,0,70,4,99999,99999,99999,99999,99999,99999,0.000000,0.000000,0.000000,0.000000,0.000000,0.000000,0.000000,0.000000,0.000000,0.000000,0.000000,0.000000,0.000000,0.000000,0,0,0,0
"1,56",0,0,0,0,76,4,99999,99999,99999,99999,99999,99999,0.000000,0.000000,0.000000,0.000000,0.000000,0.000000,0.000000,0.000000,0.000000,0.000000,0.000000,0.000000,0.000000,0.000000,0,0,0,0
"1,57",0,0,0,0,77,4,99999,99999,99999,99999,99999,99999,0.000000,0.000000,0.000000,0.000000,0.000000,0.000000,0.000000,0.000000,0.000000,0.000000,0.000000,0.000000,0.000000,0.000000,0,0,0,0
"1,58",0,0,0,0,81,4,99999,99999,99999,99999,99999,99999,0.000000,0.000000,0.000000,0.000000,0.000000,0.000000,0.000000,0.000000,0.000000,0.000000,0.000000,0.000000,0.000000,0.000000,0,0,0,0
"1,59",0,0,0,0,7,4,99999,99999,99999,99999,99999,99999,0.000000,0.000000,0.000000,0.000000,0.000000,0.000000,0.000000,0.000000,0.000000,0.000000,0.000000,0.000000,0.000000,0.000000,0,0,0,0
"1,60",0,0,0,0,8,4,99999,99999,99999,99999,99999,99999,0.000000,0.000000,0.000000,0.000000,0.000000,0.000000,0.000000,0.000000,0.000000,0.000000,0.000000,0.000000,0.000000,0.000000,0,0,0,0
"1,61",0,0,0,0,7,4,99999,99999,99999,99999,99999,99999,0.000000,0.000000,0.000000,0.000000,0.000000,0.000000,0.000000,0.000000,0.000000,0.000000,0.000000,0.000000,0.000000,0.000000,0,0,0,0
"1,62",0,0,0,0,8,4,99999,99999,99999,99999,99999,99999,0.000000,0.000000,0.000000,0.000000,0.000000,0.000000,0.000000,0.000000,0.000000,0.000000,0.000000,0.000000,0.000000,0.000000,0,0,0,0
"1,63",0,0,0,0,9,4,99999,99999,99999,99999,99999,99999,0.000000,0.000000,0.000000,0.000000,0.000000,0.000000,0.000000,0.000000,0.000000,0.000000,0.000000,0.000000,0.000000,0.000000,0,0,0,0
"1,64",0,0,0,0,7,4,99999,99999,99999,99999,99999,99999,0.000000,0.000000,0.000000,0.000000,0.000000,0.000000,0.000000,0.000000,0.000000,0.000000,0.000000,0.000000,0.000000,0.000000,0,0,0,0
"1,65",0,0,0,0,9,4,99999,99999,99999,99999,99999,99999,0.000000,0.000000,0.000000,0.000000,0.000000,0.000000,0.000000,0.000000,0.000000,0.000000,0.000000,0.000000,0.000000,0.000000,0,0,0,0
"1,66",0,0,0,0,10,4,99999,99999,99999,99999,99999,99999,0.000000,0.000000,0.000000,0.000000,0.000000,0.000000,0.000000,0.000000,0.000000,0.000000,0.000000,0.000000,0.000000,0.000000,0,0,0,0
"1,67",0,0,0,0,8,4,99999,99999,99999,99999,99999,99999,0.000000,0.000000,0.000000,0.000000,0.000000,0.000000,0.000000,0.000000,0.000000,0.000000,0.000000,0.000000,0.000000,0.000000,0,0,0,0
"1,68",0,0,0,0,4,4,99999,99999,99999,99999,99999,99999,0.000000,0.000000,0.000000,0.000000,0.000000,0.000000,0.000000,0.000000,0.000000,0.000000,0.000000,0.000000,0.000000,0.000000,0,0,0,0
"1,69",0,0,0,0,4,4,99999,99999,99999,99999,99999,99999,0.000000,0.000000,0.000000,0.000000,0.000000,0.000000,0.000000,0.000000,0.000000,0.000000,0.000000,0.000000,0.000000,0.000000,0,0,0,0
"1,70",0,0,0,0,4,4,99999,99999,99999,99999,99999,99999,0.000000,0.000000,0.000000,0.000000,0.000000,0.000000,0.000000,0.000000,0.000000,0.000000,0.000000,0.000000,0.000000,0.000000,0,0,0,0
"1,71",0,0,0,0,4,4,99999,99999,99999,99999,99999,99999,0.000000,0.000000,0.000000,0.000000,0.000000,0.000000,0.000000,0.000000,0.000000,0.000000,0.000000,0.000000,0.000000,0.000000,0,0,0,0
"1,72",0,0,0,0,4,4,99999,99999,99999,99999,99999,99999,0.000000,0.000000,0.000000,0.000000,0.000000,0.000000,0.000000,0.000000,0.000000,0.000000,0.000000,0.000000,0.000000,0.000000,0,0,0,0
"1,73",0,0,0,0,5,4,99999,99999,99999,99999,99999,99999,0.000000,0.000000,0.000000,0.000000,0.000000,0.000000,0.000000,0.000000,0.000000,0.000000,0.000000,0.000000,0.000000,0.000000,0,0,0,0
"1,74",0,0,0,0,4,4,99999,99999,99999,99999,99999,99999,0.000000,0.000000,0.000000,0.000000,0.000000,0.000000,0.000000,0.000000,0.000000,0.000000,0.000000,0.000000,0.000000,0.000000,0,0,0,0
"2,1",0,0,0,0,974,4,99999,99999,99999,99999,99999,99999,0.000000,0.000000,0.000000,0.000000,0.000000,0.000000,0.000000,0.000000,0.000000,0.000000,0.000000,0.000000,0.000000,0.000000,0,0,0,0
"2,2",0,0,0,0,979,4,99999,99999,99999,99999,99999,99999,0.000000,0.000000,0.000000,0.000000,0.000000,0.000000,0.000000,0.000000,0.000000,0.000000,0.000000,0.000000,0.000000,0.000000,0,0,0,0
"2,3",0,0,0,0,966,4,99999,99999,99999,99999,99999,99999,0.000000,0.000000,0.000000,0.000000,0.000000,0.000000,0.000000,0.000000,0.000000,0.000000,0.000000,0.000000,0.000000,0.000000,0,0,0,0
"2,4",0,0,0,0,965,4,99999,99999,99999,99999,99999,99999,0.000000,0.000000,0.000000,0.000000,0.000000,0.000000,0.000000,0.000000,0.000000,0.000000,0.000000,0.000000,0.000000,0.000000,0,0,0,0
"2,5",0,0,0,0,971,4,99999,99999,99999,99999,99999,99999,0.000000,0.000000,0.000000,0.000000,0.000000,0.000000,0.000000,0.000000,0.000000,0.000000,0.000000,0.000000,0.000000,0.000000,0,0,0,0
"2,6",0,0,0,0,971,4,99999,99999,99999,99999,99999,99999,0.000000,0.000000,0.000000,0.000000,0.000000,0.000000,0.000000,0.000000,0.000000,0.000000,0.000000,0.000000,0.000000,0.000000,0,0,0,0
"2,7",0,0,0,0,971,4,99999,99999,99999,99999,99999,99999,0.000000,0.000000,0.000000,0.000000,0.000000,0.000000,0.000000,0.000000,0.000000,0.000000,0.000000,0.000000,0.000000,0.000000,0,0,0,0
"2,8",0,0,0,0,972,4,99999,99999,99999,99999,99999,99999,0.000000,0.000000,0.000000,0.000000,0.000000,0.000000,0.000000,0.000000,0.000000,0.000000,0.000000,0.000000,0.000000,0.000000,0,0,0,0
"2,9",0,0,0,0,971,4,99999,99999,99999,99999,99999,99999,0.000000,0.000000,0.000000,0.000000,0.000000,0.000000,0.000000,0.000000,0.000000,0.000000,0.000000,0.000000,0.000000,0.000000,0,0,0,0
"2,10",0,0,0,0,976,4,99999,99999,99999,99999,99999,99999,0.000000,0.000000,0.000000,0.000000,0.000000,0.000000,0.000000,0.000000,0.000000,0.000000,0.000000,0.000000,0.000000,0.000000,0,0,0,0
"2,11",0,0,0,0,977,4,99999,99999,99999,99999,99999,99999,0.000000,0.000000,0.000000,0.000000,0.000000,0.000000,0.000000,0.000000,0.000000,0.000000,0.000000,0.000000,0.000000,0.000000,0,0,0,0
"2,12",0,0,0,0,974,4,99999,99999,99999,99999,99999,99999,0.000000,0.000000,0.000000,0.000000,0.000000,0.000000,0.000000,0.000000,0.000000,0.000000,0.000000,0.000000,0.000000,0.000000,0,0,0,0
"2,13",0,0,0,0,957,4,99999,99999,99999,99999,99999,99999,0.000000,0.000000,0.000000,0.000000,0.000000,0.000000,0.000000,0.000000,0.000000,0.000000,0.000000,0.000000,0.000000,0.000000,0,0,0,0
"2,14",0,0,0,0,967,4,99999,99999,99999,99999,99999,99999,0.000000,0.000000,0.000000,0.000000,0.000000,0.000000,0.000000,0.000000,0.000000,0.000000,0.000000,0.000000,0.000000,0.000000,0,0,0,0
"2,15",0,0,0,0,970,4,99999,99999,99999,99999,99999,99999,0.000000,0.000000,0.000000,0.000000,0.000000,0.000000,0.000000,0.000000,0.000000,0.000000,0.000000,0.000000,0.000000,0.000000,0,0,0,0
"2,16",0,0,0,0,972,4,99999,99999,99999,99999,99999,99999,0.000000,0.000000,0.000000,0.000000,0.000000,0.000000,0.000000,0.000000,0.000000,0.000000,0.000000,0.000000,0.000000,0.000000,0,0,0,0
"2,17",0,0,0,0,970,4,99999,99999,99999,99999,99999,99999,0.000000,0.000000,0.000000,0.000000,0.000000,0.000000,0.000000,0.000000,0.000000,0.000000,0.000000,0.000000,0.000000,0.000000,0,0,0,0
"2,18",0,0,0,0,974,4,99999,99999,99999,99999,99999,99999,0.000000,0.000000,0.000000,0.000000,0.000000,0.000000,0.000000,0.000000,0.000000,0.000000,0.000000,0.000000,0.000000,0.000000,0,0,0,0
"2,19",0,0,0,0,975,4,99999,99999,99999,99999,99999,99999,0.000000,0.000000,0.000000,0.000000,0.000000,0.000000,0.000000,0.000000,0.000000,0.000000,0.000000,0.000000,0.000000,0.000000,0,0,0,0
"2,20",0,0,0,0,953,4,99999,99999,99999,99999,99999,99999,0.000000,0.000000,0.000000,0.000000,0.000000,0.000000,0.000000,0.000000,0.000000,0.000000,0.000000,0.000000,0.000000,0.000000,0,0,0,0
"2,21",0,0,0,0,979,4,99999,99999,99999,99999,99999,99999,0.000000,0.000000,0.000000,0.000000,0.000000,0.000000,0.000000,0.000000,0.000000,0.000000,0.000000,0.000000,0.000000,0.000000,0,0,0,0
"2,22",0,0,0,0,976,4,99999,99999,99999,99999,99999,99999,0.000000,0.000000,0.000000,0.000000,0.000000,0.000000,0.000000,0.000000,0.000000,0.000000,0.000000,0.000000,0.000000,0.000000,0,0,0,0
"2,23",0,0,0,0,961,4,99999,99999,99999,99999,99999,99999,0.000000,0.000000,0.000000,0.000000,0.000000,0.000000,0.000000,0.000000,0.000000,0.000000,0.000000,0.000000,0.000000,0.000000,0,0,0,0
"2,24",0,0,0,0,961,4,99999,99999,99999,99999,99999,99999,0.000000,0.000000,0.000000,0.000000,0.000000,0.000000,0.000000,0.000000,0.000000,0.000000,0.000000,0.000000,0.000000,0.000000,0,0,0,0
"2,25",0,0,0,0,982,4,99999,99999,99999,99999,99999,99999,0.000000,0.000000,0.000000,0.000000,0.000000,0.000000,0.000000,0.000000,0.000000,0.000000,0.000000,0.000000,0.000000,0.000000,0,0,0,0
"2,26",0,0,0,0,975,4,99999,99999,99999,99999,99999,99999,0.000000,0.000000,0.000000,0.000000,0.000000,0.000000,0.000000,0.000000,0.000000,0.000000,0.000000,0.000000,0.000000,0.000000,0,0,0,0
"2,27",0,0,0,0,974,4,99999,99999,99999,99999,99999,99999,0.000000,0.000000,0.000000,0.000000,0.000000,0.000000,0.000000,0.000000,0.000000,0.000000,0.000000,0.000000,0.000000,0.000000,0,0,0,0
"2,28",0,0,0,0,980,4,99999,99999,99999,99999,99999,99999,0.000000,0.000000,0.000000,0.000000,0.000000,0.000000,0.000000,0.000000,0.000000,0.000000,0.000000,0.000000,0.000000,0.000000,0,0,0,0
"2,29",0,0,0,0,971,4,99999,99999,99999,99999,99999,99999,0.000000,0.000000,0.000000,0.000000,0.000000,0.000000,0.000000,0.000000,0.000000,0.000000,0.000000,0.000000,0.000000,0.000000,0,0,0,0
"2,30",0,0,0,0,961,4,99999,99999,99999,99999,99999,99999,0.000000,0.000000,0.000000,0.000000,0.000000,0.000000,0.000000,0.000000,0.000000,0.000000,0.000000,0.000000,0.000000,0.000000,0,0,0,0
"2,31",0,0,0,0,965,4,99999,99999,99999,99999,99999,99999,0.000000,0.000000,0.000000,0.000000,0.000000,0.000000,0.000000,0.000000,0.000000,0.000000,0.000000,0.000000,0.000000,0.000000,0,0,0,0
"2,32",0,0,0,0,978,4,99999,99999,99999,99999,99999,99999,0.000000,0.000000,0.000000,0.000000,0.000000,0.000000,0.000000,0.000000,0.000000,0.000000,0.000000,0.000000,0.000000,0.000000,0,0,0,0
"2,33",0,0,0,0,978,4,99999,99999,99999,99999,99999,99999,0.000000,0.000000,0.000000,0.000000,0.000000,0.000000,0.000000,0.000000,0.000000,0.000000,0.000000,0.000000,0.000000,0.000000,0,0,0,0
"2,34",0,0,0,0,973,4,99999,99999,99999,99999,99999,99999,0.000000,0.000000,0.000000,0.000000,0.000000,0.000000,0.000000,0.000000,0.000000,0.000000,0.000000,0.000000,0.000000,0.000000,0,0,0,0
"2,35",0,0,0,0,975,4,99999,99999,99999,99999,99999,99999,0.000000,0.000000,0.000000,0.000000,0.000000,0.000000,0.000000,0.000000,0.000000,0.000000,0.000000,0.000000,0.000000,0.000000,0,0,0,0
"2,36",0,0,0,0,971,4,99999,99999,99999,99999,99999,99999,0.000000,0.000000,0.000000,0.000000,0.000000,0.000000,0.000000,0.000000,0.000000,0.000000,0.000000,0.000000,0.000000,0.000000,0,0,0,0
"2,37",0,0,0,0,974,4,99999,99999,99999,99999,99999,99999,0.000000,0.000000,0.000000,0.000000,0.000000,0.000000,0.000000,0.000000,0.000000,0.000000,0.000000,0.000000,0.000000,0.000000,0,0,0,0
"2,38",0,0,0,0,973,4,99999,99999,99999,99999,99999,99999,0.000000,0.000000,0.000000,0.000000,0.000000,0.000000,0.000000,0.000000,0.000000,0.000000,0.000000,0.000000,0.000000,0.000000,0,0,0,0
"2,39",0,0,0,0,980,4,99999,99999,99999,99999,99999,99999,0.000000,0.000000,0.000000,0.000000,0.000000,0.000000,0.000000,0.000000,0.000000,0.000000,0.000000,0.000000,0.000000,0.000000,0,0,0,0
"2,40",0,0,0,0,970,4,99999,99999,99999,99999,99999,99999,0.000000,0.000000,0.000000,0.000000,0.000000,0.000000,0.000000,0.000000,0.000000,0.000000,0.000000,0.000000,0.000000,0.000000,0,0,0,0
"2,41",0,0,0,0,968,4,99999,99999,99999,99999,99999,99999,0.000000,0.000000,0.000000,0.000000,0.000000,0.000000,0.000000,0.000000,0.000000,0.000000,0.000000,0.000000,0.000000,0.000000,0,0,0,0
"2,42",0,0,0,0,972,4,99999,99999,99999,99999,99999,99999,0.000000,0.000000,0.000000,0.000000,0.000000,0.000000,0.000000,0.000000,0.000000,0.000000,0.000000,0.000000,0.000000,0.000000,0,0,0,0
"2,43",0,0,0,0,965,4,99999,99999,99999,99999,99999,99999,0.000000,0.000000,0.000000,0.000000,0.000000,0.000000,0.000000,0.000000,0.000000,0.000000,0.000000,0.000000,0.000000,0.000000,0,0,0,0
"2,44",0,0,0,0,972,4,99999,99999,99999,99999,99999,99999,0.000000,0.000000,0.000000,0.000000,0.000000,0.000000,0.000000,0.000000,0.000000,0.000000,0.000000,0.000000,0.000000,0.000000,0,0,0,0
"2,45",0,0,0,0,977,4,99999,99999,99999,99999,99999,99999,0.000000,0.000000,0.000000,0.000000,0.000000,0.000000,0.000000,0.000000,0.000000,0.000000,0.000000,0.000000,0.000000,0.000000,0,0,0,0
"2,46",0,0,0,0,81,4,99999,99999,99999,99999,99999,99999,0.000000,0.000000,0.000000,0.000000,0.000000,0.000000,0.000000,0.000000,0.000000,0.000000,0.000000,0.000000,0.000000,0.000000,0,0,0,0
"2,47",0,0,0,0,70,4,99999,99999,99999,99999,99999,99999,0.000000,0.000000,0.000000,0.000000,0.000000,0.000000,0.000000,0.000000,0.000000,0.000000,0.000000,0.000000,0.000000,0.000000,0,0,0,0
"2,48",0,0,0,0,73,4,99999,99999,99999,99999,99999,99999,0.000000,0.000000,0.000000,0.000000,0.000000,0.000000,0.000000,0.000000,0.000000,0.000000,0.000000,0.000000,0.000000,0.000000,0,0,0,0
"2,49",0,0,0,0,78,4,99999,99999,99999,99999,99999,99999,0.000000,0.000000,0.000000,0.000000,0.000000,0.000000,0.000000,0.000000,0.000000,0.000000,0.000000,0.000000,0.000000,0.000000,0,0,0,0
"2,50",0,0,0,0,72,4,99999,99999,99999,99999,99999,99999,0.000000,0.000000,0.000000,0.000000,0.000000,0.000000,0.000000,0.000000,0.000000,0.000000,0.000000,0.000000,0.000000,0.000000,0,0,0,0
"2,51",0,0,0,0,74,4,99999,99999,99999,99999,99999,99999,0.000000,0.000000,0.000000,0.000000,0.000000,0.000000,0.000000,0.000000,0.000000,0.000000,0.000000,0.000000,0.000000,0.000000,0,0,0,0
"2,52",0,0,0,0,72,4,99999,99999,99999,99999,99999,99999,0.000000,0.000000,0.000000,0.000000,0.000000,0.000000,0.000000,0.000000,0.000000,0.000000,0.000000,0.000000,0.000000,0.000000,0,0,0,0
"2,53",0,0,0,0,76,4,99999,99999,99999,99999,99999,99999,0.000000,0.000000,0.000000,0.000000,0.000000,0.000000,0.000000,0.000000,0.000000,0.000000,0.000000,0.000000,0.000000,0.000000,0,0,0,0
"2,54",0,0,0,0,81,4,99999,99999,99999,99999,99999,99999,0.000000,0.000000,0.000000,0.000000,0.000000,0.000000,0.000000,0.000000,0.000000,0.000000,0.000000,0.000000,0.000000,0.000000,0,0,0,0
"2,55",0,0,0,0,73,4,99999,99999,99999,99999,99999,99999,0.000000,0.000000,0.000000,0.000000,0.000000,0.000000,0.000000,0.000000,0.000000,0.000000,0.000000,0.000000,0.000000,0.000000,0,0,0,0
"2,56",0,0,0,0,76,4,99999,99999,99999,99999,99999,99999,0.000000,0.000000,0.000000,0.000000,0.000000,0.000000,0.000000,0.000000,0.000000,0.000000,0.000000,0.000000,0.000000,0.000000,0,0,0,0
"2,57",0,0,0,0,73,4,99999,99999,99999,99999,99999,99999,0.000000,0.000000,0.000000,0.000000,0.000000,0.000000,0.000000,0.000000,0.000000,0.000000,0.000000,0.000000,0.000000,0.000000,0,0,0,0
"2,58",0,0,0,0,77,4,99999,99999,99999,99999,99999,99999,0.000000,0.000000,0.000000,0.000000,0.000000,0.000000,0.000000,0.000000,0.000000,0.000000,0.000000,0.000000,0.000000,0.000000,0,0,0,0
"2,59",0,0,0,0,67,4,99999,99999,99999,99999,99999,99999,0.000000,0.000000,0.000000,0.000000,0.000000,0.000000,0.000000,0.000000,0.000000,0.000000,0.000000,0.000000,0.000000,0.000000,0,0,0,0
"2,60",0,0,0,0,8,4,99999,99999,99999,99999,99999,99999,0.000000,0.000000,0.000000,0.000000,0.000000,0.000000,0.000000,0.000000,0.000000,0.000000,0.000000,0.000000,0.000000,0.000000,0,0,0,0
"2,61",0,0,0,0,8,4,99999,99999,99999,99999,99999,99999,0.000000,0.000000,0.000000,0.000000,0.000000,0.000000,0.000000,0.000000,0.000000,0.000000,0.000000,0.000000,0.000000,0.000000,0,0,0,0
"2,62",0,0,0,0,9,4,99999,99999,99999,99999,99999,99999,0.000000,0.000000,0.000000,0.000000,0.000000,0.000000,0.000000,0.000000,0.000000,0.000000,0.000000,0.000000,0.000000,0.000000,0,0,0,0
"2,63",0,0,0,0,8,4,99999,99999,99999,99999,99999,99999,0.000000,0.000000,0.000000,0.000000,0.000000,0.000000,0.000000,0.000000,0.000000,0.000000,0.000000,0.000000,0.000000,0.000000,0,0,0,0
"2,64",0,0,0,0,8,4,99999,99999,99999,99999,99999,99999,0.000000,0.000000,0.000000,0.000000,0.000000,0.000000,0.000000,0.000000,0.000000,0.000000,0.000000,0.000000,0.000000,0.000000,0,0,0,0
"2,65",0,0,0,0,9,4,99999,99999,99999,99999,99999,99999,0.000000,0.000000,0.000000,0.000000,0.000000,0.000000,0.000000,0.000000,0.000000,0.000000,0.000000,0.000000,0.000000,0.000000,0,0,0,0
"2,66",0,0,0,0,8,4,99999,99999,99999,99999,99999,99999,0.000000,0.000000,0.000000,0.000000,0.000000,0.000000,0.000000,0.000000,0.000000,0.000000,0.000000,0.000000,0.000000,0.000000,0,0,0,0
"2,67",0,0,0,0,7,4,99999,99999,99999,99999,99999,99999,0.000000,0.000000,0.000000,0.000000,0.000000,0.000000,0.000000,0.000000,0.000000,0.000000,0.000000,0.000000,0.000000,0.000000,0,0,0,0
"2,68",0,0,0,0,9,4,99999,99999,99999,99999,99999,99999,0.000000,0.000000,0.000000,0.000000,0.000000,0.000000,0.000000,0.000000,0.000000,0.000000,0.000000,0.000000,0.000000,0.000000,0,0,0,0
"2,69",0,0,0,0,4,4,99999,99999,99999,99999,99999,99999,0.000000,0.000000,0.000000,0.000000,0.000000,0.000000,0.000000,0.000000,0.000000,0.000000,0.000000,0.000000,0.000000,0.000000,0,0,0,0
"2,70",0,0,0,0,4,4,99999,99999,99999,99999,99999,99999,0.000000,0.000000,0.000000,0.000000,0.000000,0.000000,0.000000,0.000000,0.000000,0.000000,0.000000,0.000000,0.000000,0.000000,0,0,0,0
"2,71",0,0,0,0,4,4,99999,99999,99999,99999,99999,99999,0.000000,0.000000,0.000000,0.000000,0.000000,0.000000,0.000000,0.000000,0.000000,0.000000,0.000000,0.000000,0.000000,0.000000,0,0,0,0
"2,72",0,0,0,0,4,4,99999,99999,99999,99999,99999,99999,0.000000,0.000000,0.000000,0.000000,0.000000,0.000000,0.000000,0.000000,0.000000,0.000000,0.000000,0.000000,0.000000,0.000000,0,0,0,0
"2,73",0,0,0,0,4,4,99999,99999,99999,99999,99999,99999,0.000000,0.000000,0.000000,0.000000,0.000000,0.000000,0.000000,0.000000,0.000000,0.000000,0.000000,0.000000,0.000000,0.000000,0,0,0,0
"2,74",0,0,0,0,4,4,99999,99999,99999,99999,99999,99999,0.000000,0.000000,0.000000,0.000000,0.000000,0.000000,0.000000,0.000000,0.000000,0.000000,0.000000,0.000000,0.000000,0.000000,0,0,0,0
"3,1",0,0,0,0,973,4,99999,99999,99999,99999,99999,99999,0.000000,0.000000,0.000000,0.000000,0.000000,0.000000,0.000000,0.000000,0.000000,0.000000,0.000000,0.000000,0.000000,0.000000,0,0,0,0
"3,2",0,0,0,0,970,4,99999,99999,99999,99999,99999,99999,0.000000,0.000000,0.000000,0.000000,0.000000,0.000000,0.000000,0.000000,0.000000,0.000000,0.000000,0.000000,0.000000,0.000000,0,0,0,0
"3,3",0,0,0,0,973,4,99999,99999,99999,99999,99999,99999,0.000000,0.000000,0.000000,0.000000,0.000000,0.000000,0.000000,0.000000,0.000000,0.000000,0.000000,0.000000,0.000000,0.000000,0,0,0,0
"3,4",0,0,0,0,976,4,99999,99999,99999,99999,99999,99999,0.000000,0.000000,0.000000,0.000000,0.000000,0.000000,0.000000,0.000000,0.000000,0.000000,0.000000,0.000000,0.000000,0.000000,0,0,0,0
"3,5",0,0,0,0,976,4,99999,99999,99999,99999,99999,99999,0.000000,0.000000,0.000000,0.000000,0.000000,0.000000,0.000000,0.000000,0.000000,0.000000,0.000000,0.000000,0.000000,0.000000,0,0,0,0
"3,6",0,0,0,0,975,4,99999,99999,99999,99999,99999,99999,0.000000,0.000000,0.000000,0.000000,0.000000,0.000000,0.000000,0.000000,0.000000,0.000000,0.000000,0.000000,0.000000,0.000000,0,0,0,0
"3,7",0,0,0,0,969,4,99999,99999,99999,99999,99999,99999,0.000000,0.000000,0.000000,0.000000,0.000000,0.000000,0.000000,0.000000,0.000000,0.000000,0.000000,0.000000,0.000000,0.000000,0,0,0,0
"3,8",0,0,0,0,972,4,99999,99999,99999,99999,99999,99999,0.000000,0.000000,0.000000,0.000000,0.000000,0.000000,0.000000,0.000000,0.000000,0.000000,0.000000,0.000000,0.000000,0.000000,0,0,0,0
"3,9",0,0,0,0,968,4,99999,99999,99999,99999,99999,99999,0.000000,0.000000,0.000000,0.000000,0.000000,0.000000,0.000000,0.000000,0.000000,0.000000,0.000000,0.000000,0.000000,0.000000,0,0,0,0
"3,10",0,0,0,0,971,4,99999,99999,99999,99999,99999,99999,0.000000,0.000000,0.000000,0.000000,0.000000,0.000000,0.000000,0.000000,0.000000,0.000000,0.000000,0.000000,0.000000,0.000000,0,0,0,0
"3,11",0,0,0,0,974,4,99999,99999,99999,99999,99999,99999,0.000000,0.000000,0.000000,0.000000,0.000000,0.000000,0.000000,0.000000,0.000000,0.000000,0.000000,0.000000,0.000000,0.000000,0,0,0,0
"3,12",0,0,0,0,972,4,99999,99999,99999,99999,99999,99999,0.000000,0.000000,0.000000,0.000000,0.000000,0.000000,0.000000,0.000000,0.000000,0.000000,0.000000,0.000000,0.000000,0.000000,0,0,0,0
"3,13",0,0,0,0,972,4,99999,99999,99999,99999,99999,99999,0.000000,0.000000,0.000000,0.000000,0.000000,0.000000,0.000000,0.000000,0.000000,0.000000,0.000000,0.000000,0.000000,0.000000,0,0,0,0
"3,14",0,0,0,0,978,4,99999,99999,99999,99999,99999,99999,0.000000,0.000000,0.000000,0.000000,0.000000,0.000000,0.000000,0.000000,0.000000,0.000000,0.000000,0.000000,0.000000,0.000000,0,0,0,0
"3,15",0,0,0,0,970,4,99999,99999,99999,99999,99999,99999,0.000000,0.000000,0.000000,0.000000,0.000000,0.000000,0.000000,0.000000,0.000000,0.000000,0.000000,0.000000,0.000000,0.000000,0,0,0,0
"3,16",0,0,0,0,967,4,99999,99999,99999,99999,99999,99999,0.000000,0.000000,0.000000,0.000000,0.000000,0.000000,0.000000,0.000000,0.000000,0.000000,0.000000,0.000000,0.000000,0.000000,0,0,0,0
"3,17",0,0,0,0,972,4,99999,99999,99999,99999,99999,99999,0.000000,0.000000,0.000000,0.000000,0.000000,0.000000,0.000000,0.000000,0.000000,0.000000,0.000000,0.000000,0.000000,0.000000,0,0,0,0
"3,18",0,0,0,0,975,4,99999,99999,99999,99999,99999,99999,0.000000,0.000000,0.000000,0.000000,0.000000,0.000000,0.000000,0.000000,0.000000,0.000000,0.000000,0.000000,0.000000,0.000000,0,0,0,0
"3,19",0,0,0,0,970,4,99999,99999,99999,99999,99999,99999,0.000000,0.000000,0.000000,0.000000,0.000000,0.000000,0.000000,0.000000,0.000000,0.000000,0.000000,0.000000,0.000000,0.000000,0,0,0,0
"3,20",0,0,0,0,974,4,99999,99999,99999,99999,99999,99999,0.000000,0.000000,0.000000,0.000000,0.000000,0.000000,0.000000,0.000000,0.000000,0.000000,0.000000,0.000000,0.000000,0.000000,0,0,0,0
"3,21",0,0,0,0,970,4,99999,99999,99999,99999,99999,99999,0.000000,0.000000,0.000000,0.000000,0.000000,0.000000,0.000000,0.000000,0.000000,0.000000,0.000000,0.000000,0.000000,0.000000,0,0,0,0
"3,22",0,0,0,0,987,4,99999,99999,99999,99999,99999,99999,0.000000,0.000000,0.000000,0.000000,0.000000,0.000000,0.000000,0.000000,0.000000,0.000000,0.000000,0.000000,0.000000,0.000000,0,0,0,0
"3,23",0,0,0,0,981,4,99999,99999,99999,99999,99999,99999,0.000000,0.000000,0.000000,0.000000,0.000000,0.000000,0.000000,0.000000,0.000000,0.000000,0.000000,0.000000,0.000000,0.000000,0,0,0,0
"3,24",0,0,0,0,973,4,99999,99999,99999,99999,99999,99999,0.000000,0.000000,0.000000,0.000000,0.000000,0.000000,0.000000,0.000000,0.000000,0.000000,0.000000,0.000000,0.000000,0.000000,0,0,0,0
"3,25",0,0,0,0,977,4,99999,99999,99999,99999,99999,99999,0.000000,0.000000,0.000000,0.000000,0.000000,0.000000,0.000000,0.000000,0.000000,0.000000,0.000000,0.000000,0.000000,0.000000,0,0,0,0
"3,26",0,0,0,0,969,4,99999,99999,99999,99999,99999,99999,0.000000,0.000000,0.000000,0.000000,0.000000,0.000000,0.000000,0.000000,0.000000,0.000000,0.000000,0.000000,0.000000,0.000000,0,0,0,0
"3,27",0,0,0,0,975,4,99999,99999,99999,99999,99999,99999,0.000000,0.000000,0.000000,0.000000,0.000000,0.000000,0.000000,0.000000,0.000000,0.000000,0.000000,0.000000,0.000000,0.000000,0,0,0,0
"3,28",0,0,0,0,972,4,99999,99999,99999,99999,99999,99999,0.000000,0.000000,0.000000,0.000000,0.000000,0.000000,0.000000,0.000000,0.000000,0.000000,0.000000,0.000000,0.000000,0.000000,0,0,0,0
"3,29",0,0,0,0,973,4,99999,99999,99999,99999,99999,99999,0.000000,0.000000,0.000000,0.000000,0.000000,0.000000,0.000000,0.000000,0.000000,0.000000,0.000000,0.000000,0.000000,0.000000,0,0,0,0
"3,30",0,0,0,0,968,4,99999,99999,99999,99999,99999,99999,0.000000,0.000000,0.000000,0.000000,0.000000,0.000000,0.000000,0.000000,0.000000,0.000000,0.000000,0.000000,0.000000,0.000000,0,0,0,0
"3,31",0,0,0,0,974,4,99999,99999,99999,99999,99999,99999,0.000000,0.000000,0.000000,0.000000,0.000000,0.000000,0.000000,0.000000,0.000000,0.000000,0.000000,0.000000,0.000000,0.000000,0,0,0,0
"3,32",0,0,0,0,970,4,99999,99999,99999,99999,99999,99999,0.000000,0.000000,0.000000,0.000000,0.000000,0.000000,0.000000,0.000000,0.000000,0.000000,0.000000,0.000000,0.000000,0.000000,0,0,0,0
"3,33",0,0,0,0,970,4,99999,99999,99999,99999,99999,99999,0.000000,0.000000,0.000000,0.000000,0.000000,0.000000,0.000000,0.000000,0.000000,0.000000,0.000000,0.000000,0.000000,0.000000,0,0,0,0
"3,34",0,0,0,0,972,4,99999,99999,99999,99999,99999,99999,0.000000,0.000000,0.000000,0.000000,0.000000,0.000000,0.000000,0.000000,0.000000,0.000000,0.000000,0.000000,0.000000,0.000000,0,0,0,0
"3,35",0,0,0,0,972,4,99999,99999,99999,99999,99999,99999,0.000000,0.000000,0.000000,0.000000,0.000000,0.000000,0.000000,0.000000,0.000000,0.000000,0.000000,0.000000,0.000000,0.000000,0,0,0,0
"3,36",0,0,0,0,978,4,99999,99999,99999,99999,99999,99999,0.000000,0.000000,0.000000,0.000000,0.000000,0.000000,0.000000,0.000000,0.000000,0.000000,0.000000,0.000000,0.000000,0.000000,0,0,0,0
"3,37",0,0,0,0,973,4,99999,99999,99999,99999,99999,99999,0.000000,0.000000,0.000000,0.000000,0.000000,0.000000,0.000000,0.000000,0.000000,0.000000,0.000000,0.000000,0.000000,0.000000,0,0,0,0
"3,38",0,0,0,0,972,4,99999,99999,99999,99999,99999,99999,0.000000,0.000000,0.000000,0.000000,0.000000,0.000000,0.000000,0.000000,0.000000,0.000000,0.000000,0.000000,0.000000,0.000000,0,0,0,0
"3,39",0,0,0,0,966,4,99999,99999,99999,99999,99999,99999,0.000000,0.000000,0.000000,0.000000,0.000000,0.000000,0.000000,0.000000,0.000000,0.000000,0.000000,0.000000,0.000000,0.000000,0,0,0,0
"3,40",0,0,0,0,969,4,99999,99999,99999,99999,99999,99999,0.000000,0.000000,0.000000,0.000000,0.000000,0.000000,0.000000,0.000000,0.000000,0.000000,0.000000,0.000000,0.000000,0.000000,0,0,0,0
"3,41",0,0,0,0,967,4,99999,99999,99999,99999,99999,99999,0.000000,0.000000,0.000000,0.000000,0.000000,0.000000,0.000000,0.000000,0.000000,0.000000,0.000000,0.000000,0.000000,0.000000,0,0,0,0
"3,42",0,0,0,0,973,4,99999,99999,99999,99999,99999,99999,0.000000,0.000000,0.000000,0.000000,0.000000,0.000000,0.000000,0.000000,0.000000,0.000000,0.000000,0.000000,0.000000,0.000000,0,0,0,0
"3,43",0,0,0,0,949,4,99999,99999,99999,99999,99999,99999,0.000000,0.000000,0.000000,0.000000,0.000000,0.000000,0.000000,0.000000,0.000000,0.000000,0.000000,0.000000,0.000000,0.000000,0,0,0,0
"3,44",0,0,0,0,970,4,99999,99999,99999,99999,99999,99999,0.000000,0.000000,0.000000,0.000000,0.000000,0.000000,0.000000,0.000000,0.000000,0.000000,0.000000,0.000000,0.000000,0.000000,0,0,0,0
"3,45",0,0,0,0,987,4,99999,99999,99999,99999,99999,99999,0.000000,0.000000,0.000000,0.000000,0.000000,0.000000,0.000000,0.000000,0.000000,0.000000,0.000000,0.000000,0.000000,0.000000,0,0,0,0
"3,46",0,0,0,0,981,4,99999,99999,99999,99999,99999,99999,0.000000,0.000000,0.000000,0.000000,0.000000,0.000000,0.000000,0.000000,0.000000,0.000000,0.000000,0.000000,0.000000,0.000000,0,0,0,0
"3,47",0,0,0,0,73,4,99999,99999,99999,99999,99999,99999,0.000000,0.000000,0.000000,0.000000,0.000000,0.000000,0.000000,0.000000,0.000000,0.000000,0.000000,0.000000,0.000000,0.000000,0,0,0,0
"3,48",0,0,0,0,75,4,99999,99999,99999,99999,99999,99999,0.000000,0.000000,0.000000,0.000000,0.000000,0.000000,0.000000,0.000000,0.000000,0.000000,0.000000,0.000000,0.000000,0.000000,0,0,0,0
"3,49",0,0,0,0,72,4,99999,99999,99999,99999,99999,99999,0.000000,0.000000,0.000000,0.000000,0.000000,0.000000,0.000000,0.000000,0.000000,0.000000,0.000000,0.000000,0.000000,0.000000,0,0,0,0
"3,50",0,0,0,0,75,4,99999,99999,99999,99999,99999,99999,0.000000,0.000000,0.000000,0.000000,0.000000,0.000000,0.000000,0.000000,0.000000,0.000000,0.000000,0.000000,0.000000,0.000000,0,0,0,0
"3,51",0,0,0,0,80,4,99999,99999,99999,99999,99999,99999,0.000000,0.000000,0.000000,0.000000,0.000000,0.000000,0.000000,0.000000,0.000000,0.000000,0.000000,0.000000,0.000000,0.000000,0,0,0,0
"3,52",0,0,0,0,73,4,99999,99999,99999,99999,99999,99999,0.000000,0.000000,0.000000,0.000000,0.000000,0.000000,0.000000,0.000000,0.000000,0.000000,0.000000,0.000000,0.000000,0.000000,0,0,0,0
"3,53",0,0,0,0,78,4,99999,99999,99999,99999,99999,99999,0.000000,0.000000,0.000000,0.000000,0.000000,0.000000,0.000000,0.000000,0.000000,0.000000,0.000000,0.000000,0.000000,0.000000,0,0,0,0
"3,54",0,0,0,0,81,4,99999,99999,99999,99999,99999,99999,0.000000,0.000000,0.000000,0.000000,0.000000,0.000000,0.000000,0.000000,0.000000,0.000000,0.000000,0.000000,0.000000,0.000000,0,0,0,0
"3,55",0,0,0,0,64,4,99999,99999,99999,99999,99999,99999,0.000000,0.000000,0.000000,0.000000,0.000000,0.000000,0.000000,0.000000,0.000000,0.000000,0.000000,0.000000,0.000000,0.000000,0,0,0,0
"3,56",0,0,0,0,79,4,99999,99999,99999,99999,99999,99999,0.000000,0.000000,0.000000,0.000000,0.000000,0.000000,0.000000,0.000000,0.000000,0.000000,0.000000,0.000000,0.000000,0.000000,0,0,0,0
"3,57",0,0,0,0,71,4,99999,99999,99999,99999,99999,99999,0.000000,0.000000,0.000000,0.000000,0.000000,0.000000,0.000000,0.000000,0.000000,0.000000,0.000000,0.000000,0.000000,0.000000,0,0,0,0
"3,58",0,0,0,0,74,4,99999,99999,99999,99999,99999,99999,0.000000,0.000000,0.000000,0.000000,0.000000,0.000000,0.000000,0.000000,0.000000,0.000000,0.000000,0.000000,0.000000,0.000000,0,0,0,0
"3,59",0,0,0,0,69,4,99999,99999,99999,99999,99999,99999,0.000000,0.000000,0.000000,0.000000,0.000000,0.000000,0.000000,0.000000,0.000000,0.000000,0.000000,0.000000,0.000000,0.000000,0,0,0,0
"3,60",0,0,0,0,68,4,99999,99999,99999,99999,99999,99999,0.000000,0.000000,0.000000,0.000000,0.000000,0.000000,0.000000,0.000000,0.000000,0.000000,0.000000,0.000000,0.000000,0.000000,0,0,0,0
"3,61",0,0,0,0,7,4,99999,99999,99999,99999,99999,99999,0.000000,0.000000,0.000000,0.000000,0.000000,0.000000,0.000000,0.000000,0.000000,0.000000,0.000000,0.000000,0.000000,0.000000,0,0,0,0
"3,62",0,0,0,0,8,4,99999,99999,99999,99999,99999,99999,0.000000,0.000000,0.000000,0.000000,0.000000,0.000000,0.000000,0.000000,0.000000,0.000000,0.000000,0.000000,0.000000,0.000000,0,0,0,0
"3,63",0,0,0,0,8,4,99999,99999,99999,99999,99999,99999,0.000000,0.000000,0.000000,0.000000,0.000000,0.000000,0.000000,0.000000,0.000000,0.000000,0.000000,0.000000,0.000000,0.000000,0,0,0,0
"3,64",0,0,0,0,8,4,99999,99999,99999,99999,99999,99999,0.000000,0.000000,0.000000,0.000000,0.000000,0.000000,0.000000,0.000000,0.000000,0.000000,0.000000,0.000000,0.000000,0.000000,0,0,0,0
"3,65",0,0,0,0,8,4,99999,99999,99999,99999,99999,99999,0.000000,0.000000,0.000000,0.000000,0.000000,0.000000,0.000000,0.000000,0.000000,0.000000,0.000000,0.000000,0.000000,0.000000,0,0,0,0
"3,66",0,0,0,0,8,4,99999,99999,99999,99999,99999,99999,0.000000,0.000000,0.000000,0.000000,0.000000,0.000000,0.000000,0.000000,0.000000,0.000000,0.000000,0.000000,0.000000,0.000000,0,0,0,0
"3,67",0,0,0,0,8,4,99999,99999,99999,99999,99999,99999,0.000000,0.000000,0.000000,0.000000,0.000000,0.000000,0.000000,0.000000,0.000000,0.000000,0.000000,0.000000,0.000000,0.000000,0,0,0,0
"3,68",0,0,0,0,8,4,99999,99999,99999,99999,99999,99999,0.000000,0.000000,0.000000,0.000000,0.000000,0.000000,0.000000,0.000000,0.000000,0.000000,0.000000,0.000000,0.000000,0.000000,0,0,0,0
"3,69",0,0,0,0,4,4,99999,99999,99999,99999,99999,99999,0.000000,0.000000,0.000000,0.000000,0.000000,0.000000,0.000000,0.000000,0.000000,0.000000,0.000000,0.000000,0.000000,0.000000,0,0,0,0
"3,70",0,0,0,0,4,4,99999,99999,99999,99999,99999,99999,0.000000,0.000000,0.000000,0.000000,0.000000,0.000000,0.000000,0.000000,0.000000,0.000000,0.000000,0.000000,0.000000,0.000000,0,0,0,0
"3,71",0,0,0,0,4,4,99999,99999,99999,99999,99999,99999,0.000000,0.000000,0.000000,0.000000,0.000000,0.000000,0.000000,0.000000,0.000000,0.000000,0.000000,0.000000,0.000000,0.000000,0,0,0,0
"3,72",0,0,0,0,4,4,99999,99999,99999,99999,99999,99999,0.000000,0.000000,0.000000,0.000000,0.000000,0.000000,0.000000,0.000000,0.000000,0.000000,0.000000,0.000000,0.000000,0.000000,0,0,0,0
"3,73",0,0,0,0,4,4,99999,99999,99999,99999,99999,99999,0.000000,0.000000,0.000000,0.000000,0.000000,0.000000,0.000000,0.000000,0.000000,0.000000,0.000000,0.000000,0.000000,0.000000,0,0,0,0
"3,74",0,0,0,0,4,4,99999,99999,99999,99999,99999,99999,0.000000,0.000000,0.000000,0.000000,0.000000,0.000000,0.000000,0.000000,0.000000,0.000000,0.000000,0.000000,0.000000,0.000000,0,0,0,0
"4,1",0,0,0,0,978,4,99999,99999,99999,99999,99999,99999,0.000000,0.000000,0.000000,0.000000,0.000000,0.000000,0.000000,0.000000,0.000000,0.000000,0.000000,0.000000,0.000000,0.000000,0,0,0,0
"4,2",0,0,0,0,973,4,99999,99999,99999,99999,99999,99999,0.000000,0.000000,0.000000,0.000000,0.000000,0.000000,0.000000,0.000000,0.000000,0.000000,0.000000,0.000000,0.000000,0.000000,0,0,0,0
"4,3",0,0,0,0,977,4,99999,99999,99999,99999,99999,99999,0.000000,0.000000,0.000000,0.000000,0.000000,0.000000,0.000000,0.000000,0.000000,0.000000,0.000000,0.000000,0.000000,0.000000,0,0,0,0
"4,4",0,0,0,0,971,4,99999,99999,99999,99999,99999,99999,0.000000,0.000000,0.000000,0.000000,0.000000,0.000000,0.000000,0.000000,0.000000,0.000000,0.000000,0.000000,0.000000,0.000000,0,0,0,0
"4,5",0,0,0,0,974,4,99999,99999,99999,99999,99999,99999,0.000000,0.000000,0.000000,0.000000,0.000000,0.000000,0.000000,0.000000,0.000000,0.000000,0.000000,0.000000,0.000000,0.000000,0,0,0,0
"4,6",0,0,0,0,973,4,99999,99999,99999,99999,99999,99999,0.000000,0.000000,0.000000,0.000000,0.000000,0.000000,0.000000,0.000000,0.000000,0.000000,0.000000,0.000000,0.000000,0.000000,0,0,0,0
"4,7",0,0,0,0,975,4,99999,99999,99999,99999,99999,99999,0.000000,0.000000,0.000000,0.000000,0.000000,0.000000,0.000000,0.000000,0.000000,0.000000,0.000000,0.000000,0.000000,0.000000,0,0,0,0
"4,8",0,0,0,0,969,4,99999,99999,99999,99999,99999,99999,0.000000,0.000000,0.000000,0.000000,0.000000,0.000000,0.000000,0.000000,0.000000,0.000000,0.000000,0.000000,0.000000,0.000000,0,0,0,0
"4,9",0,0,0,0,967,4,99999,99999,99999,99999,99999,99999,0.000000,0.000000,0.000000,0.000000,0.000000,0.000000,0.000000,0.000000,0.000000,0.000000,0.000000,0.000000,0.000000,0.000000,0,0,0,0
"4,10",0,0,0,0,977,4,99999,99999,99999,99999,99999,99999,0.000000,0.000000,0.000000,0.000000,0.000000,0.000000,0.000000,0.000000,0.000000,0.000000,0.000000,0.000000,0.000000,0.000000,0,0,0,0
"4,11",0,0,0,0,976,4,99999,99999,99999,99999,99999,99999,0.000000,0.000000,0.000000,0.000000,0.000000,0.000000,0.000000,0.000000,0.000000,0.000000,0.000000,0.000000,0.000000,0.000000,0,0,0,0
"4,12",0,0,0,0,959,4,99999,99999,99999,99999,99999,99999,0.000000,0.000000,0.000000,0.000000,0.000000,0.000000,0.000000,0.000000,0.000000,0.000000,0.000000,0.000000,0.000000,0.000000,0,0,0,0
"4,13",0,0,0,0,974,4,99999,99999,99999,99999,99999,99999,0.000000,0.000000,0.000000,0.000000,0.000000,0.000000,0.000000,0.000000,0.000000,0.000000,0.000000,0.000000,0.000000,0.000000,0,0,0,0
"4,14",0,0,0,0,974,4,99999,99999,99999,99999,99999,99999,0.000000,0.000000,0.000000,0.000000,0.000000,0.000000,0.000000,0.000000,0.000000,0.000000,0.000000,0.000000,0.000000,0.000000,0,0,0,0
"4,15",0,0,0,0,976,4,99999,99999,99999,99999,99999,99999,0.000000,0.000000,0.000000,0.000000,0.000000,0.000000,0.000000,0.000000,0.000000,0.000000,0.000000,0.000000,0.000000,0.000000,0,0,0,0
"4,16",0,0,0,0,975,4,99999,99999,99999,99999,99999,99999,0.000000,0.000000,0.000000,0.000000,0.000000,0.000000,0.000000,0.000000,0.000000,0.000000,0.000000,0.000000,0.000000,0.000000,0,0,0,0
"4,17",0,0,0,0,975,4,99999,99999,99999,99999,99999,99999,0.000000,0.000000,0.000000,0.000000,0.000000,0.000000,0.000000,0.000000,0.000000,0.000000,0.000000,0.000000,0.000000,0.000000,0,0,0,0
"4,18",0,0,0,0,972,4,99999,99999,99999,99999,99999,99999,0.000000,0.000000,0.000000,0.000000,0.000000,0.000000,0.000000,0.000000,0.000000,0.000000,0.000000,0.000000,0.000000,0.000000,0,0,0,0
"4,19",0,0,0,0,969,4,99999,99999,99999,99999,99999,99999,0.000000,0.000000,0.000000,0.000000,0.000000,0.000000,0.000000,0.000000,0.000000,0.000000,0.000000,0.000000,0.000000,0.000000,0,0,0,0
"4,20",0,0,0,0,964,4,99999,99999,99999,99999,99999,99999,0.000000,0.000000,0.000000,0.000000,0.000000,0.000000,0.000000,0.000000,0.000000,0.000000,0.000000,0.000000,0.000000,0.000000,0,0,0,0
"4,21",0,0,0,0,974,4,99999,99999,99999,99999,99999,99999,0.000000,0.000000,0.000000,0.000000,0.000000,0.000000,0.000000,0.000000,0.000000,0.000000,0.000000,0.000000,0.000000,0.000000,0,0,0,0
"4,22",0,0,0,0,975,4,99999,99999,99999,99999,99999,99999,0.000000,0.000000,0.000000,0.000000,0.000000,0.000000,0.000000,0.000000,0.000000,0.000000,0.000000,0.000000,0.000000,0.000000,0,0,0,0
"4,23",0,0,0,0,971,4,99999,99999,99999,99999,99999,99999,0.000000,0.000000,0.000000,0.000000,0.000000,0.000000,0.000000,0.000000,0.000000,0.000000,0.000000,0.000000,0.000000,0.000000,0,0,0,0
"4,24",0,0,0,0,978,4,99999,99999,99999,99999,99999,99999,0.000000,0.000000,0.000000,0.000000,0.000000,0.000000,0.000000,0.000000,0.000000,0.000000,0.000000,0.000000,0.000000,0.000000,0,0,0,0
"4,25",0,0,0,0,967,4,99999,99999,99999,99999,99999,99999,0.000000,0.000000,0.000000,0.000000,0.000000,0.000000,0.000000,0.000000,0.000000,0.000000,0.000000,0.000000,0.000000,0.000000,0,0,0,0
"4,26",0,0,0,0,962,4,99999,99999,99999,99999,99999,99999,0.000000,0.000000,0.000000,0.000000,0.000000,0.000000,0.000000,0.000000,0.000000,0.000000,0.000000,0.000000,0.000000,0.000000,0,0,0,0
"4,27",0,0,0,0,972,4,99999,99999,99999,99999,99999,99999,0.000000,0.000000,0.000000,0.000000,0.000000,0.000000,0.000000,0.000000,0.000000,0.000000,0.000000,0.000000,0.000000,0.000000,0,0,0,0
"4,28",0,0,0,0,976,4,99999,99999,99999,99999,99999,99999,0.000000,0.000000,0.000000,0.000000,0.000000,0.000000,0.000000,0.000000,0.000000,0.000000,0.000000,0.000000,0.000000,0.000000,0,0,0,0
"4,29",0,0,0,0,968,4,99999,99999,99999,99999,99999,99999,0.000000,0.000000,0.000000,0.000000,0.000000,0.000000,0.000000,0.000000,0.000000,0.000000,0.000000,0.000000,0.000000,0.000000,0,0,0,0
"4,30",0,0,0,0,967,4,99999,99999,99999,99999,99999,99999,0.000000,0.000000,0.000000,0.000000,0.000000,0.000000,0.000000,0.000000,0.000000,0.000000,0.000000,0.000000,0.000000,0.000000,0,0,0,0
"4,31",0,0,0,0,974,4,99999,99999,99999,99999,99999,99999,0.000000,0.000000,0.000000,0.000000,0.000000,0.000000,0.000000,0.000000,0.000000,0.000000,0.000000,0.000000,0.000000,0.000000,0,0,0,0
"4,32",0,0,0,0,981,4,99999,99999,99999,99999,99999,99999,0.000000,0.000000,0.000000,0.000000,0.000000,0.000000,0.000000,0.000000,0.000000,0.000000,0.000000,0.000000,0.000000,0.000000,0,0,0,0
"4,33",0,0,0,0,969,4,99999,99999,99999,99999,99999,99999,0.000000,0.000000,0.000000,0.000000,0.000000,0.000000,0.000000,0.000000,0.000000,0.000000,0.000000,0.000000,0.000000,0.000000,0,0,0,0
"4,34",0,0,0,0,985,4,99999,99999,99999,99999,99999,99999,0.000000,0.000000,0.000000,0.000000,0.000000,0.000000,0.000000,0.000000,0.000000,0.000000,0.000000,0.000000,0.000000,0.000000,0,0,0,0
"4,35",0,0,0,0,966,4,99999,99999,99999,99999,99999,99999,0.000000,0.000000,0.000000,0.000000,0.000000,0.000000,0.000000,0.000000,0.000000,0.000000,0.000000,0.000000,0.000000,0.000000,0,0,0,0
"4,36",0,0,0,0,969,4,99999,99999,99999,99999,99999,99999,0.000000,0.000000,0.000000,0.000000,0.000000,0.000000,0.000000,0.000000,0.000000,0.000000,0.000000,0.000000,0.000000,0.000000,0,0,0,0
"4,37",0,0,0,0,965,4,99999,99999,99999,99999,99999,99999,0.000000,0.000000,0.000000,0.000000,0.000000,0.000000,0.000000,0.000000,0.000000,0.000000,0.000000,0.000000,0.000000,0.000000,0,0,0,0
"4,38",0,0,0,0,965,4,99999,99999,99999,99999,99999,99999,0.000000,0.000000,0.000000,0.000000,0.000000,0.000000,0.000000,0.000000,0.000000,0.000000,0.000000,0.000000,0.000000,0.000000,0,0,0,0
"4,39",0,0,0,0,971,4,99999,99999,99999,99999,99999,99999,0.000000,0.000000,0.000000,0.000000,0.000000,0.000000,0.000000,0.000000,0.000000,0.000000,0.000000,0.000000,0.000000,0.000000,0,0,0,0
"4,40",0,0,0,0,978,4,99999,99999,99999,99999,99999,99999,0.000000,0.000000,0.000000,0.000000,0.000000,0.000000,0.000000,0.000000,0.000000,0.000000,0.000000,0.000000,0.000000,0.000000,0,0,0,0
"4,41",0,0,0,0,972,4,99999,99999,99999,99999,99999,99999,0.000000,0.000000,0.000000,0.000000,0.000000,0.000000,0.000000,0.000000,0.000000,0.000000,0.000000,0.000000,0.000000,0.000000,0,0,0,0
"4,42",0,0,0,0,983,4,99999,99999,99999,99999,99999,99999,0.000000,0.000000,0.000000,0.000000,0.000000,0.000000,0.000000,0.000000,0.000000,0.000000,0.000000,0.000000,0.000000,0.000000,0,0,0,0
"4,43",0,0,0,0,974,4,99999,99999,99999,99999,99999,99999,0.000000,0.000000,0.000000,0.000000,0.000000,0.000000,0.000000,0.000000,0.000000,0.000000,0.000000,0.000000,0.000000,0.000000,0,0,0,0
"4,44",0,0,0,0,982,4,99999,99999,99999,99999,99999,99999,0.000000,0.000000,0.000000,0.000000,0.000000,0.000000,0.000000,0.000000,0.000000,0.000000,0.000000,0.000000,0.000000,0.000000,0,0,0,0
"4,45",0,0,0,0,982,4,99999,99999,99999,99999,99999,99999,0.000000,0.000000,0.000000,0.000000,0.000000,0.000000,0.000000,0.000000,0.000000,0.000000,0.000000,0.000000,0.000000,0.000000,0,0,0,0
"4,46",0,0,0,0,969,4,99999,99999,99999,99999,99999,99999,0.000000,0.000000,0.000000,0.000000,0.000000,0.000000,0.000000,0.000000,0.000000,0.000000,0.000000,0.000000,0.000000,0.000000,0,0,0,0
"4,47",0,0,0,0,982,4,99999,99999,99999,99999,99999,99999,0.000000,0.000000,0.000000,0.000000,0.000000,0.000000,0.000000,0.000000,0.000000,0.000000,0.000000,0.000000,0.000000,0.000000,0,0,0,0
"4,48",0,0,0,0,68,4,99999,99999,99999,99999,99999,99999,0.000000,0.000000,0.000000,0.000000,0.000000,0.000000,0.000000,0.000000,0.000000,0.000000,0.000000,0.000000,0.000000,0.000000,0,0,0,0
"4,49",0,0,0,0,71,4,99999,99999,99999,99999,99999,99999,0.000000,0.000000,0.000000,0.000000,0.000000,0.000000,0.000000,0.000000,0.000000,0.000000,0.000000,0.000000,0.000000,0.000000,0,0,0,0
"4,50",0,0,0,0,69,4,99999,99999,99999,99999,99999,99999,0.000000,0.000000,0.000000,0.000000,0.000000,0.000000,0.000000,0.000000,0.000000,0.000000,0.000000,0.000000,0.000000,0.000000,0,0,0,0
"4,51",0,0,0,0,71,4,99999,99999,99999,99999,99999,99999,0.000000,0.000000,0.000000,0.000000,0.000000,0.000000,0.000000,0.000000,0.000000,0.000000,0.000000,0.000000,0.000000,0.000000,0,0,0,0
"4,52",0,0,0,0,68,4,99999,99999,99999,99999,99999,99999,0.000000,0.000000,0.000000,0.000000,0.000000,0.000000,0.000000,0.000000,0.000000,0.000000,0.000000,0.000000,0.000000,0.000000,0,0,0,0
"4,53",0,0,0,0,84,4,99999,99999,99999,99999,99999,99999,0.000000,0.000000,0.000000,0.000000,0.000000,0.000000,0.000000,0.000000,0.000000,0.000000,0.000000,0.000000,0.000000,0.000000,0,0,0,0
"4,54",0,0,0,0,70,4,99999,99999,99999,99999,99999,99999,0.000000,0.000000,0.000000,0.000000,0.000000,0.000000,0.000000,0.000000,0.000000,0.000000,0.000000,0.000000,0.000000,0.000000,0,0,0,0
"4,55",0,0,0,0,72,4,99999,99999,99999,99999,99999,99999,0.000000,0.000000,0.000000,0.000000,0.000000,0.000000,0.000000,0.000000,0.000000,0.000000,0.000000,0.000000,0.000000,0.000000,0,0,0,0
"4,56",0,0,0,0,83,4,99999,99999,99999,99999,99999,99999,0.000000,0.000000,0.000000,0.000000,0.000000,0.000000,0.000000,0.000000,0.000000,0.000000,0.000000,0.000000,0.000000,0.000000,0,0,0,0
"4,57",0,0,0,0,74,4,99999,99999,99999,99999,99999,99999,0.000000,0.000000,0.000000,0.000000,0.000000,0.000000,0.000000,0.000000,0.000000,0.000000,0.000000,0.000000,0.000000,0.000000,0,0,0,0
"4,58",0,0,0,0,65,4,99999,99999,99999,99999,99999,99999,0.000000,0.000000,0.000000,0.000000,0.000000,0.000000,0.000000,0.000000,0.000000,0.000000,0.000000,0.000000,0.000000,0.000000,0,0,0,0
"4,59",0,0,0,0,65,4,99999,99999,99999,99999,99999,99999,0.000000,0.000000,0.000000,0.000000,0.000000,0.000000,0.000000,0.000000,0.000000,0.000000,0.000000,0.000000,0.000000,0.000000,0,0,0,0
"4,60",0,0,0,0,71,4,99999,99999,99999,99999,99999,99999,0.000000,0.000000,0.000000,0.000000,0.000000,0.000000,0.000000,0.000000,0.000000,0.000000,0.000000,0.000000,0.000000,0.000000,0,0,0,0
"4,61",0,0,0,0,7,4,99999,99999,99999,99999,99999,99999,0.000000,0.000000,0.000000,0.000000,0.000000,0.000000,0.000000,0.000000,0.000000,0.000000,0.000000,0.000000,0.000000,0.000000,0,0,0,0
"4,62",0,0,0,0,10,4,99999,99999,99999,99999,99999,99999,0.000000,0.000000,0.000000,0.000000,0.000000,0.000000,0.000000,0.000000,0.000000,0.000000,0.000000,0.000000,0.000000,0.000000,0,0,0,0
"4,63",0,0,0,0,8,4,99999,99999,99999,99999,99999,99999,0.000000,0.000000,0.000000,0.000000,0.000000,0.000000,0.000000,0.000000,0.000000,0.000000,0.000000,0.000000,0.000000,0.000000,0,0,0,0
"4,64",0,0,0,0,8,4,99999,99999,99999,99999,99999,99999,0.000000,0.000000,0.000000,0.000000,0.000000,0.000000,0.000000,0.000000,0.000000,0.000000,0.000000,0.000000,0.000000,0.000000,0,0,0,0
"4,65",0,0,0,0,9,4,99999,99999,99999,99999,99999,99999,0.000000,0.000000,0.000000,0.000000,0.000000,0.000000,0.000000,0.000000,0.000000,0.000000,0.000000,0.000000,0.000000,0.000000,0,0,0,0
"4,66",0,0,0,0,8,4,99999,99999,99999,99999,99999,99999,0.000000,0.000000,0.000000,0.000000,0.000000,0.000000,0.000000,0.000000,0.000000,0.000000,0.000000,0.000000,0.000000,0.000000,0,0,0,0
"4,67",0,0,0,0,8,4,99999,99999,99999,99999,99999,99999,0.000000,0.000000,0.000000,0.000000,0.000000,0.000000,0.000000,0.000000,0.000000,0.000000,0.000000,0.000000,0.000000,0.000000,0,0,0,0
"4,68",0,0,0,0,7,4,99999,99999,99999,99999,99999,99999,0.000000,0.000000,0.000000,0.000000,0.000000,0.000000,0.000000,0.000000,0.000000,0.000000,0.000000,0.000000,0.000000,0.000000,0,0,0,0
"4,69",0,0,0,0,9,4,99999,99999,99999,99999,99999,99999,0.000000,0.000000,0.000000,0.000000,0.000000,0.000000,0.000000,0.000000,0.000000,0.000000,0.000000,0.000000,0.000000,0.000000,0,0,0,0
"4,70",0,0,0,0,4,4,99999,99999,99999,99999,99999,99999,0.000000,0.000000,0.000000,0.000000,0.000000,0.000000,0.000000,0.000000,0.000000,0.000000,0.000000,0.000000,0.000000,0.000000,0,0,0,0
"4,71",0,0,0,0,4,4,99999,99999,99999,99999,99999,99999,0.000000,0.000000,0.000000,0.000000,0.000000,0.000000,0.000000,0.000000,0.000000,0.000000,0.000000,0.000000,0.000000,0.000000,0,0,0,0
"4,72",0,0,0,0,4,4,99999,99999,99999,99999,99999,99999,0.000000,0.000000,0.000000,0.000000,0.000000,0.000000,0.000000,0.000000,0.000000,0.000000,0.000000,0.000000,0.000000,0.000000,0,0,0,0
"4,73",0,0,0,0,4,4,99999,99999,99999,99999,99999,99999,0.000000,0.000000,0.000000,0.000000,0.000000,0.000000,0.000000,0.000000,0.000000,0.000000,0.000000,0.000000,0.000000,0.000000,0,0,0,0
"4,74",0,0,0,0,5,4,99999,99999,99999,99999,99999,99999,0.000000,0.000000,0.000000,0.000000,0.000000,0.000000,0.000000,0.000000,0.000000,0.000000,0.000000,0.000000,0.000000,0.000000,0,0,0,0
"5,1",0,0,0,0,968,4,99999,99999,99999,99999,99999,99999,0.000000,0.000000,0.000000,0.000000,0.000000,0.000000,0.000000,0.000000,0.000000,0.000000,0.000000,0.000000,0.000000,0.000000,0,0,0,0
"5,2",0,0,0,0,958,4,99999,99999,99999,99999,99999,99999,0.000000,0.000000,0.000000,0.000000,0.000000,0.000000,0.000000,0.000000,0.000000,0.000000,0.000000,0.000000,0.000000,0.000000,0,0,0,0
"5,3",0,0,0,0,969,4,99999,99999,99999,99999,99999,99999,0.000000,0.000000,0.000000,0.000000,0.000000,0.000000,0.000000,0.000000,0.000000,0.000000,0.000000,0.000000,0.000000,0.000000,0,0,0,0
"5,4",0,0,0,0,972,4,99999,99999,99999,99999,99999,99999,0.000000,0.000000,0.000000,0.000000,0.000000,0.000000,0.000000,0.000000,0.000000,0.000000,0.000000,0.000000,0.000000,0.000000,0,0,0,0
"5,5",0,0,0,0,966,4,99999,99999,99999,99999,99999,99999,0.000000,0.000000,0.000000,0.000000,0.000000,0.000000,0.000000,0.000000,0.000000,0.000000,0.000000,0.000000,0.000000,0.000000,0,0,0,0
"5,6",0,0,0,0,975,4,99999,99999,99999,99999,99999,99999,0.000000,0.000000,0.000000,0.000000,0.000000,0.000000,0.000000,0.000000,0.000000,0.000000,0.000000,0.000000,0.000000,0.000000,0,0,0,0
"5,7",0,0,0,0,975,4,99999,99999,99999,99999,99999,99999,0.000000,0.000000,0.000000,0.000000,0.000000,0.000000,0.000000,0.000000,0.000000,0.000000,0.000000,0.000000,0.000000,0.000000,0,0,0,0
"5,8",0,0,0,0,978,4,99999,99999,99999,99999,99999,99999,0.000000,0.000000,0.000000,0.000000,0.000000,0.000000,0.000000,0.000000,0.000000,0.000000,0.000000,0.000000,0.000000,0.000000,0,0,0,0
"5,9",0,0,0,0,963,4,99999,99999,99999,99999,99999,99999,0.000000,0.000000,0.000000,0.000000,0.000000,0.000000,0.000000,0.000000,0.000000,0.000000,0.000000,0.000000,0.000000,0.000000,0,0,0,0
"5,10",0,0,0,0,967,4,99999,99999,99999,99999,99999,99999,0.000000,0.000000,0.000000,0.000000,0.000000,0.000000,0.000000,0.000000,0.000000,0.000000,0.000000,0.000000,0.000000,0.000000,0,0,0,0
"5,11",0,0,0,0,979,4,99999,99999,99999,99999,99999,99999,0.000000,0.000000,0.000000,0.000000,0.000000,0.000000,0.000000,0.000000,0.000000,0.000000,0.000000,0.000000,0.000000,0.000000,0,0,0,0
"5,12",0,0,0,0,978,4,99999,99999,99999,99999,99999,99999,0.000000,0.000000,0.000000,0.000000,0.000000,0.000000,0.000000,0.000000,0.000000,0.000000,0.000000,0.000000,0.000000,0.000000,0,0,0,0
"5,13",0,0,0,0,977,4,99999,99999,99999,99999,99999,99999,0.000000,0.000000,0.000000,0.000000,0.000000,0.000000,0.000000,0.000000,0.000000,0.000000,0.000000,0.000000,0.000000,0.000000,0,0,0,0
"5,14",0,0,0,0,972,4,99999,99999,99999,99999,99999,99999,0.000000,0.000000,0.000000,0.000000,0.000000,0.000000,0.000000,0.000000,0.000000,0.000000,0.000000,0.000000,0.000000,0.000000,0,0,0,0
"5,15",0,0,0,0,969,4,99999,99999,99999,99999,99999,99999,0.000000,0.000000,0.000000,0.000000,0.000000,0.000000,0.000000,0.000000,0.000000,0.000000,0.000000,0.000000,0.000000,0.000000,0,0,0,0
"5,16",0,0,0,0,970,4,99999,99999,99999,99999,99999,99999,0.000000,0.000000,0.000000,0.000000,0.000000,0.000000,0.000000,0.000000,0.000000,0.000000,0.000000,0.000000,0.000000,0.000000,0,0,0,0
"5,17",0,0,0,0,968,4,99999,99999,99999,99999,99999,99999,0.000000,0.000000,0.000000,0.000000,0.000000,0.000000,0.000000,0.000000,0.000000,0.000000,0.000000,0.000000,0.000000,0.000000,0,0,0,0
"5,18",0,0,0,0,971,4,99999,99999,99999,99999,99999,99999,0.000000,0.000000,0.000000,0.000000,0.000000,0.000000,0.000000,0.000000,0.000000,0.000000,0.000000,0.000000,0.000000,0.000000,0,0,0,0
"5,19",0,0,0,0,979,4,99999,99999,99999,99999,99999,99999,0.000000,0.000000,0.000000,0.000000,0.000000,0.000000,0.000000,0.000000,0.000000,0.000000,0.000000,0.000000,0.000000,0.000000,0,0,0,0
"5,20",0,0,0,0,967,4,99999,99999,99999,99999,99999,99999,0.000000,0.000000,0.000000,0.000000,0.000000,0.000000,0.000000,0.000000,0.000000,0.000000,0.000000,0.000000,0.000000,0.000000,0,0,0,0
"5,21",0,0,0,0,967,4,99999,99999,99999,99999,99999,99999,0.000000,0.000000,0.000000,0.000000,0.000000,0.000000,0.000000,0.000000,0.000000,0.000000,0.000000,0.000000,0.000000,0.000000,0,0,0,0
"5,22",0,0,0,0,982,4,99999,99999,99999,99999,99999,99999,0.000000,0.000000,0.000000,0.000000,0.000000,0.000000,0.000000,0.000000,0.000000,0.000000,0.000000,0.000000,0.000000,0.000000,0,0,0,0
"5,23",0,0,0,0,975,4,99999,99999,99999,99999,99999,99999,0.000000,0.000000,0.000000,0.000000,0.000000,0.000000,0.000000,0.000000,0.000000,0.000000,0.000000,0.000000,0.000000,0.000000,0,0,0,0
"5,24",0,0,0,0,974,4,99999,99999,99999,99999,99999,99999,0.000000,0.000000,0.000000,0.000000,0.000000,0.000000,0.000000,0.000000,0.000000,0.000000,0.000000,0.000000,0.000000,0.000000,0,0,0,0
"5,25",0,0,0,0,974,4,99999,99999,99999,99999,99999,99999,0.000000,0.000000,0.000000,0.000000,0.000000,0.000000,0.000000,0.000000,0.000000,0.000000,0.000000,0.000000,0.000000,0.000000,0,0,0,0
"5,26",0,0,0,0,980,4,99999,99999,99999,99999,99999,99999,0.000000,0.000000,0.000000,0.000000,0.000000,0.000000,0.000000,0.000000,0.000000,0.000000,0.000000,0.000000,0.000000,0.000000,0,0,0,0
"5,27",0,0,0,0,978,4,99999,99999,99999,99999,99999,99999,0.000000,0.000000,0.000000,0.000000,0.000000,0.000000,0.000000,0.000000,0.000000,0.000000,0.000000,0.000000,0.000000,0.000000,0,0,0,0
"5,28",0,0,0,0,971,4,99999,99999,99999,99999,99999,99999,0.000000,0.000000,0.000000,0.000000,0.000000,0.000000,0.000000,0.000000,0.000000,0.000000,0.000000,0.000000,0.000000,0.000000,0,0,0,0
"5,29",0,0,0,0,982,4,99999,99999,99999,99999,99999,99999,0.000000,0.000000,0.000000,0.000000,0.000000,0.000000,0.000000,0.000000,0.000000,0.000000,0.000000,0.000000,0.000000,0.000000,0,0,0,0
"5,30",0,0,0,0,976,4,99999,99999,99999,99999,99999,99999,0.000000,0.000000,0.000000,0.000000,0.000000,0.000000,0.000000,0.000000,0.000000,0.000000,0.000000,0.000000,0.000000,0.000000,0,0,0,0
"5,31",0,0,0,0,967,4,99999,99999,99999,99999,99999,99999,0.000000,0.000000,0.000000,0.000000,0.000000,0.000000,0.000000,0.000000,0.000000,0.000000,0.000000,0.000000,0.000000,0.000000,0,0,0,0
"5,32",0,0,0,0,967,4,99999,99999,99999,99999,99999,99999,0.000000,0.000000,0.000000,0.000000,0.000000,0.000000,0.000000,0.000000,0.000000,0.000000,0.000000,0.000000,0.000000,0.000000,0,0,0,0
"5,33",0,0,0,0,982,4,99999,99999,99999,99999,99999,99999,0.000000,0.000000,0.000000,0.000000,0.000000,0.000000,0.000000,0.000000,0.000000,0.000000,0.000000,0.000000,0.000000,0.000000,0,0,0,0
"5,34",0,0,0,0,965,4,99999,99999,99999,99999,99999,99999,0.000000,0.000000,0.000000,0.000000,0.000000,0.000000,0.000000,0.000000,0.000000,0.000000,0.000000,0.000000,0.000000,0.000000,0,0,0,0
"5,35",0,0,0,0,969,4,99999,99999,99999,99999,99999,99999,0.000000,0.000000,0.000000,0.000000,0.000000,0.000000,0.000000,0.000000,0.000000,0.000000,0.000000,0.000000,0.000000,0.000000,0,0,0,0
"5,36",0,0,0,0,971,4,99999,99999,99999,99999,99999,99999,0.000000,0.000000,0.000000,0.000000,0.000000,0.000000,0.000000,0.000000,0.000000,0.000000,0.000000,0.000000,0.000000,0.000000,0,0,0,0
"5,37",0,0,0,0,972,4,99999,99999,99999,99999,99999,99999,0.000000,0.000000,0.000000,0.000000,0.000000,0.000000,0.000000,0.000000,0.000000,0.000000,0.000000,0.000000,0.000000,0.000000,0,0,0,0
"5,38",0,0,0,0,975,4,99999,99999,99999,99999,99999,99999,0.000000,0.000000,0.000000,0.000000,0.000000,0.000000,0.000000,0.000000,0.000000,0.000000,0.000000,0.000000,0.000000,0.000000,0,0,0,0
"5,39",0,0,0,0,970,4,99999,99999,99999,99999,99999,99999,0.000000,0.000000,0.000000,0.000000,0.000000,0.000000,0.000000,0.000000,0.000000,0.000000,0.000000,0.000000,0.000000,0.000000,0,0,0,0
"5,40",0,0,0,0,986,4,99999,99999,99999,99999,99999,99999,0.000000,0.000000,0.000000,0.000000,0.000000,0.000000,0.000000,0.000000,0.000000,0.000000,0.000000,0.000000,0.000000,0.000000,0,0,0,0
"5,41",0,0,0,0,957,4,99999,99999,99999,99999,99999,99999,0.000000,0.000000,0.000000,0.000000,0.000000,0.000000,0.000000,0.000000,0.000000,0.000000,0.000000,0.000000,0.000000,0.000000,0,0,0,0
"5,42",0,0,0,0,969,4,99999,99999,99999,99999,99999,99999,0.000000,0.000000,0.000000,0.000000,0.000000,0.000000,0.000000,0.000000,0.000000,0.000000,0.000000,0.000000,0.000000,0.000000,0,0,0,0
"5,43",0,0,0,0,973,4,99999,99999,99999,99999,99999,99999,0.000000,0.000000,0.000000,0.000000,0.000000,0.000000,0.000000,0.000000,0.000000,0.000000,0.000000,0.000000,0.000000,0.000000,0,0,0,0
"5,44",0,0,0,0,970,4,99999,99999,99999,99999,99999,99999,0.000000,0.000000,0.000000,0.000000,0.000000,0.000000,0.000000,0.000000,0.000000,0.000000,0.000000,0.000000,0.000000,0.000000,0,0,0,0
"5,45",0,0,0,0,980,4,99999,99999,99999,99999,99999,99999,0.000000,0.000000,0.000000,0.000000,0.000000,0.000000,0.000000,0.000000,0.000000,0.000000,0.000000,0.000000,0.000000,0.000000,0,0,0,0
"5,46",0,0,0,0,971,4,99999,99999,99999,99999,99999,99999,0.000000,0.000000,0.000000,0.000000,0.000000,0.000000,0.000000,0.000000,0.000000,0.000000,0.000000,0.000000,0.000000,0.000000,0,0,0,0
"5,47",0,0,0,0,970,4,99999,99999,99999,99999,99999,99999,0.000000,0.000000,0.000000,0.000000,0.000000,0.000000,0.000000,0.000000,0.000000,0.000000,0.000000,0.000000,0.000000,0.000000,0,0,0,0
"5,48",0,0,0,0,975,4,99999,99999,99999,99999,99999,99999,0.000000,0.000000,0.000000,0.000000,0.000000,0.000000,0.000000,0.000000,0.000000,0.000000,0.000000,0.000000,0.000000,0.000000,0,0,0,0
"5,49",0,0,0,0,70,4,99999,99999,99999,99999,99999,99999,0.000000,0.000000,0.000000,0.000000,0.000000,0.000000,0.000000,0.000000,0.000000,0.000000,0.000000,0.000000,0.000000,0.000000,0,0,0,0
"5,50",0,0,0,0,74,4,99999,99999,99999,99999,99999,99999,0.000000,0.000000,0.000000,0.000000,0.000000,0.000000,0.000000,0.000000,0.000000,0.000000,0.000000,0.000000,0.000000,0.000000,0,0,0,0
"5,51",0,0,0,0,72,4,99999,99999,99999,99999,99999,99999,0.000000,0.000000,0.000000,0.000000,0.000000,0.000000,0.000000,0.000000,0.000000,0.000000,0.000000,0.000000,0.000000,0.000000,0,0,0,0
"5,52",0,0,0,0,74,4,99999,99999,99999,99999,99999,99999,0.000000,0.000000,0.000000,0.000000,0.000000,0.000000,0.000000,0.000000,0.000000,0.000000,0.000000,0.000000,0.000000,0.000000,0,0,0,0
"5,53",0,0,0,0,82,4,99999,99999,99999,99999,99999,99999,0.000000,0.000000,0.000000,0.000000,0.000000,0.000000,0.000000,0.000000,0.000000,0.000000,0.000000,0.000000,0.000000,0.000000,0,0,0,0
"5,54",0,0,0,0,80,4,99999,99999,99999,99999,99999,99999,0.000000,0.000000,0.000000,0.000000,0.000000,0.000000,0.000000,0.000000,0.000000,0.000000,0.000000,0.000000,0.000000,0.000000,0,0,0,0
"5,55",0,0,0,0,82,4,99999,99999,99999,99999,99999,99999,0.000000,0.000000,0.000000,0.000000,0.000000,0.000000,0.000000,0.000000,0.000000,0.000000,0.000000,0.000000,0.000000,0.000000,0,0,0,0
"5,56",0,0,0,0,68,4,99999,99999,99999,99999,99999,99999,0.000000,0.000000,0.000000,0.000000,0.000000,0.000000,0.000000,0.000000,0.000000,0.000000,0.000000,0.000000,0.000000,0.000000,0,0,0,0
"5,57",0,0,0,0,75,4,99999,99999,99999,99999,99999,99999,0.000000,0.000000,0.000000,0.000000,0.000000,0.000000,0.000000,0.000000,0.000000,0.000000,0.000000,0.000000,0.000000,0.000000,0,0,0,0
"5,58",0,0,0,0,80,4,99999,99999,99999,99999,99999,99999,0.000000,0.000000,0.000000,0.000000,0.000000,0.000000,0.000000,0.000000,0.000000,0.000000,0.000000,0.000000,0.000000,0.000000,0,0,0,0
"5,59",0,0,0,0,82,4,99999,99999,99999,99999,99999,99999,0.000000,0.000000,0.000000,0.000000,0.000000,0.000000,0.000000,0.000000,0.000000,0.000000,0.000000,0.000000,0.000000,0.000000,0,0,0,0
"5,60",0,0,0,0,72,4,99999,99999,99999,99999,99999,99999,0.000000,0.000000,0.000000,0.000000,0.000000,0.000000,0.000000,0.000000,0.000000,0.000000,0.000000,0.000000,0.000000,0.000000,0,0,0,0
"5,61",0,0,0,0,73,4,99999,99999,99999,99999,99999,99999,0.000000,0.000000,0.000000,0.000000,0.000000,0.000000,0.000000,0.000000,0.000000,0.000000,0.000000,0.000000,0.000000,0.000000,0,0,0,0
"5,62",0,0,0,0,8,4,99999,99999,99999,99999,99999,99999,0.000000,0.000000,0.000000,0.000000,0.000000,0.000000,0.000000,0.000000,0.000000,0.000000,0.000000,0.000000,0.000000,0.000000,0,0,0,0
"5,63",0,0,0,0,7,4,99999,99999,99999,99999,99999,99999,0.000000,0.000000,0.000000,0.000000,0.000000,0.000000,0.000000,0.000000,0.000000,0.000000,0.000000,0.000000,0.000000,0.000000,0,0,0,0
"5,64",0,0,0,0,9,4,99999,99999,99999,99999,99999,99999,0.000000,0.000000,0.000000,0.000000,0.000000,0.000000,0.000000,0.000000,0.000000,0.000000,0.000000,0.000000,0.000000,0.000000,0,0,0,0
"5,65",0,0,0,0,10,4,99999,99999,99999,99999,99999,99999,0.000000,0.000000,0.000000,0.000000,0.000000,0.000000,0.000000,0.000000,0.000000,0.000000,0.000000,0.000000,0.000000,0.000000,0,0,0,0
"5,66",0,0,0,0,7,4,99999,99999,99999,99999,99999,99999,0.000000,0.000000,0.000000,0.000000,0.000000,0.000000,0.000000,0.000000,0.000000,0.000000,0.000000,0.000000,0.000000,0.000000,0,0,0,0
"5,67",0,0,0,0,8,4,99999,99999,99999,99999,99999,99999,0.000000,0.000000,0.000000,0.000000,0.000000,0.000000,0.000000,0.000000,0.000000,0.000000,0.000000,0.000000,0.000000,0.000000,0,0,0,0
"5,68",0,0,0,0,8,4,99999,99999,99999,99999,99999,99999,0.000000,0.000000,0.000000,0.000000,0.000000,0.000000,0.000000,0.000000,0.000000,0.000000,0.000000,0.000000,0.000000,0.000000,0,0,0,0
"5,69",0,0,0,0,9,4,99999,99999,99999,99999,99999,99999,0.000000,0.000000,0.000000,0.000000,0.000000,0.000000,0.000000,0.000000,0.000000,0.000000,0.000000,0.000000,0.000000,0.000000,0,0,0,0
"5,70",0,0,0,0,4,4,99999,99999,99999,99999,99999,99999,0.000000,0.000000,0.000000,0.000000,0.000000,0.000000,0.000000,0.000000,0.000000,0.000000,0.000000,0.000000,0.000000,0.000000,0,0,0,0
"5,71",0,0,0,0,4,4,99999,99999,99999,99999,99999,99999,0.000000,0.000000,0.000000,0.000000,0.000000,0.000000,0.000000,0.000000,0.000000,0.000000,0.000000,0.000000,0.000000,0.000000,0,0,0,0
"5,72",0,0,0,0,4,4,99999,99999,99999,99999,99999,99999,0.000000,0.000000,0.000000,0.000000,0.000000,0.000000,0.000000,0.000000,0.000000,0.000000,0.000000,0.000000,0.000000,0.000000,0,0,0,0
"5,73",0,0,0,0,4,4,99999,99999,99999,99999,99999,99999,0.000000,0.000000,0.000000,0.000000,0.000000,0.000000,0.000000,0.000000,0.000000,0.000000,0.000000,0.000000,0.000000,0.000000,0,0,0,0
"5,74",0,0,0,0,4,4,99999,99999,99999,99999,99999,99999,0.000000,0.000000,0.000000,0.000000,0.000000,0.000000,0.000000,0.000000,0.000000,0.000000,0.000000,0.000000,0.000000,0.000000,0,0,0,0
"6,1",0,0,0,0,966,4,99999,99999,99999,99999,99999,99999,0.000000,0.000000,0.000000,0.000000,0.000000,0.000000,0.000000,0.000000,0.000000,0.000000,0.000000,0.000000,0.000000,0.000000,0,0,0,0
"6,2",0,0,0,0,973,4,99999,99999,99999,99999,99999,99999,0.000000,0.000000,0.000000,0.000000,0.000000,0.000000,0.000000,0.000000,0.000000,0.000000,0.000000,0.000000,0.000000,0.000000,0,0,0,0
"6,3",0,0,0,0,966,4,99999,99999,99999,99999,99999,99999,0.000000,0.000000,0.000000,0.000000,0.000000,0.000000,0.000000,0.000000,0.000000,0.000000,0.000000,0.000000,0.000000,0.000000,0,0,0,0
"6,4",0,0,0,0,976,4,99999,99999,99999,99999,99999,99999,0.000000,0.000000,0.000000,0.000000,0.000000,0.000000,0.000000,0.000000,0.000000,0.000000,0.000000,0.000000,0.000000,0.000000,0,0,0,0
"6,5",0,0,0,0,979,4,99999,99999,99999,99999,99999,99999,0.000000,0.000000,0.000000,0.000000,0.000000,0.000000,0.000000,0.000000,0.000000,0.000000,0.000000,0.000000,0.000000,0.000000,0,0,0,0
"6,6",0,0,0,0,979,4,99999,99999,99999,99999,99999,99999,0.000000,0.000000,0.000000,0.000000,0.000000,0.000000,0.000000,0.000000,0.000000,0.000000,0.000000,0.000000,0.000000,0.000000,0,0,0,0
"6,7",0,0,0,0,971,4,99999,99999,99999,99999,99999,99999,0.000000,0.000000,0.000000,0.000000,0.000000,0.000000,0.000000,0.000000,0.000000,0.000000,0.000000,0.000000,0.000000,0.000000,0,0,0,0
"6,8",0,0,0,0,967,4,99999,99999,99999,99999,99999,99999,0.000000,0.000000,0.000000,0.000000,0.000000,0.000000,0.000000,0.000000,0.000000,0.000000,0.000000,0.000000,0.000000,0.000000,0,0,0,0
"6,9",0,0,0,0,978,4,99999,99999,99999,99999,99999,99999,0.000000,0.000000,0.000000,0.000000,0.000000,0.000000,0.000000,0.000000,0.000000,0.000000,0.000000,0.000000,0.000000,0.000000,0,0,0,0
"6,10",0,0,0,0,967,4,99999,99999,99999,99999,99999,99999,0.000000,0.000000,0.000000,0.000000,0.000000,0.000000,0.000000,0.000000,0.000000,0.000000,0.000000,0.000000,0.000000,0.000000,0,0,0,0
"6,11",0,0,0,0,978,4,99999,99999,99999,99999,99999,99999,0.000000,0.000000,0.000000,0.000000,0.000000,0.000000,0.000000,0.000000,0.000000,0.000000,0.000000,0.000000,0.000000,0.000000,0,0,0,0
"6,12",0,0,0,0,977,4,99999,99999,99999,99999,99999,99999,0.000000,0.000000,0.000000,0.000000,0.000000,0.000000,0.000000,0.000000,0.000000,0.000000,0.000000,0.000000,0.000000,0.000000,0,0,0,0
"6,13",0,0,0,0,975,4,99999,99999,99999,99999,99999,99999,0.000000,0.000000,0.000000,0.000000,0.000000,0.000000,0.000000,0.000000,0.000000,0.000000,0.000000,0.000000,0.000000,0.000000,0,0,0,0
"6,14",0,0,0,0,975,4,99999,99999,99999,99999,99999,99999,0.000000,0.000000,0.000000,0.000000,0.000000,0.000000,0.000000,0.000000,0.000000,0.000000,0.000000,0.000000,0.000000,0.000000,0,0,0,0
"6,15",0,0,0,0,976,4,99999,99999,99999,99999,99999,99999,0.000000,0.000000,0.000000,0.000000,0.000000,0.000000,0.000000,0.000000,0.000000,0.000000,0.000000,0.000000,0.000000,0.000000,0,0,0,0
"6,16",0,0,0,0,975,4,99999,99999,99999,99999,99999,99999,0.000000,0.000000,0.000000,0.000000,0.000000,0.000000,0.000000,0.000000,0.000000,0.000000,0.000000,0.000000,0.000000,0.000000,0,0,0,0
"6,17",0,0,0,0,974,4,99999,99999,99999,99999,99999,99999,0.000000,0.000000,0.000000,0.000000,0.000000,0.000000,0.000000,0.000000,0.000000,0.000000,0.000000,0.000000,0.000000,0.000000,0,0,0,0
"6,18",0,0,0,0,977,4,99999,99999,99999,99999,99999,99999,0.000000,0.000000,0.000000,0.000000,0.000000,0.000000,0.000000,0.000000,0.000000,0.000000,0.000000,0.000000,0.000000,0.000000,0,0,0,0
"6,19",0,0,0,0,977,4,99999,99999,99999,99999,99999,99999,0.000000,0.000000,0.000000,0.000000,0.000000,0.000000,0.000000,0.000000,0.000000,0.000000,0.000000,0.000000,0.000000,0.000000,0,0,0,0
"6,20",0,0,0,0,974,4,99999,99999,99999,99999,99999,99999,0.000000,0.000000,0.000000,0.000000,0.000000,0.000000,0.000000,0.000000,0.000000,0.000000,0.000000,0.000000,0.000000,0.000000,0,0,0,0
"6,21",0,0,0,0,963,4,99999,99999,99999,99999,99999,99999,0.000000,0.000000,0.000000,0.000000,0.000000,0.000000,0.000000,0.000000,0.000000,0.000000,0.000000,0.000000,0.000000,0.000000,0,0,0,0
"6,22",0,0,0,0,961,4,99999,99999,99999,99999,99999,99999,0.000000,0.000000,0.000000,0.000000,0.000000,0.000000,0.000000,0.000000,0.000000,0.000000,0.000000,0.000000,0.000000,0.000000,0,0,0,0
"6,23",0,0,0,0,975,4,99999,99999,99999,99999,99999,99999,0.000000,0.000000,0.000000,0.000000,0.000000,0.000000,0.000000,0.000000,0.000000,0.000000,0.000000,0.000000,0.000000,0.000000,0,0,0,0
"6,24",0,0,0,0,976,4,99999,99999,99999,99999,99999,99999,0.000000,0.000000,0.000000,0.000000,0.000000,0.000000,0.000000,0.000000,0.000000,0.000000,0.000000,0.000000,0.000000,0.000000,0,0,0,0
"6,25",0,0,0,0,972,4,99999,99999,99999,99999,99999,99999,0.000000,0.000000,0.000000,0.000000,0.000000,0.000000,0.000000,0.000000,0.000000,0.000000,0.000000,0.000000,0.000000,0.000000,0,0,0,0
"6,26",0,0,0,0,964,4,99999,99999,99999,99999,99999,99999,0.000000,0.000000,0.000000,0.000000,0.000000,0.000000,0.000000,0.000000,0.000000,0.000000,0.000000,0.000000,0.000000,0.000000,0,0,0,0
"6,27",0,0,0,0,970,4,99999,99999,99999,99999,99999,99999,0.000000,0.000000,0.000000,0.000000,0.000000,0.000000,0.000000,0.000000,0.000000,0.000000,0.000000,0.000000,0.000000,0.000000,0,0,0,0
"6,28",0,0,0,0,967,4,99999,99999,99999,99999,99999,99999,0.000000,0.000000,0.000000,0.000000,0.000000,0.000000,0.000000,0.000000,0.000000,0.000000,0.000000,0.000000,0.000000,0.000000,0,0,0,0
"6,29",0,0,0,0,978,4,99999,99999,99999,99999,99999,99999,0.000000,0.000000,0.000000,0.000000,0.000000,0.000000,0.000000,0.000000,0.000000,0.000000,0.000000,0.000000,0.000000,0.000000,0,0,0,0
"6,30",0,0,0,0,981,4,99999,99999,99999,99999,99999,99999,0.000000,0.000000,0.000000,0.000000,0.000000,0.000000,0.000000,0.000000,0.000000,0.000000,0.000000,0.000000,0.000000,0.000000,0,0,0,0
"6,31",0,0,0,0,978,4,99999,99999,99999,99999,99999,99999,0.000000,0.000000,0.000000,0.000000,0.000000,0.000000,0.000000,0.000000,0.000000,0.000000,0.000000,0.000000,0.000000,0.000000,0,0,0,0
"6,32",0,0,0,0,974,4,99999,99999,99999,99999,99999,99999,0.000000,0.000000,0.000000,0.000000,0.000000,0.000000,0.000000,0.000000,0.000000,0.000000,0.000000,0.000000,0.000000,0.000000,0,0,0,0
"6,33",0,0,0,0,966,4,99999,99999,99999,99999,99999,99999,0.000000,0.000000,0.000000,0.000000,0.000000,0.000000,0.000000,0.000000,0.000000,0.000000,0.000000,0.000000,0.000000,0.000000,0,0,0,0
"6,34",0,0,0,0,974,4,99999,99999,99999,99999,99999,99999,0.000000,0.000000,0.000000,0.000000,0.000000,0.000000,0.000000,0.000000,0.000000,0.000000,0.000000,0.000000,0.000000,0.000000,0,0,0,0
"6,35",0,0,0,0,964,4,99999,99999,99999,99999,99999,99999,0.000000,0.000000,0.000000,0.000000,0.000000,0.000000,0.000000,0.000000,0.000000,0.000000,0.000000,0.000000,0.000000,0.000000,0,0,0,0
"6,36",0,0,0,0,971,4,99999,99999,99999,99999,99999,99999,0.000000,0.000000,0.000000,0.000000,0.000000,0.000000,0.000000,0.000000,0.000000,0.000000,0.000000,0.000000,0.000000,0.000000,0,0,0,0
"6,37",0,0,0,0,954,4,99999,99999,99999,99999,99999,99999,0.000000,0.000000,0.000000,0.000000,0.000000,0.000000,0.000000,0.000000,0.000000,0.000000,0.000000,0.000000,0.000000,0.000000,0,0,0,0
"6,38",0,0,0,0,972,4,99999,99999,99999,99999,99999,99999,0.000000,0.000000,0.000000,0.000000,0.000000,0.000000,0.000000,0.000000,0.000000,0.000000,0.000000,0.000000,0.000000,0.000000,0,0,0,0
"6,39",0,0,0,0,974,4,99999,99999,99999,99999,99999,99999,0.000000,0.000000,0.000000,0.000000,0.000000,0.000000,0.000000,0.000000,0.000000,0.000000,0.000000,0.000000,0.000000,0.000000,0,0,0,0
"6,40",0,0,0,0,977,4,99999,99999,99999,99999,99999,99999,0.000000,0.000000,0.000000,0.000000,0.000000,0.000000,0.000000,0.000000,0.000000,0.000000,0.000000,0.000000,0.000000,0.000000,0,0,0,0
"6,41",0,0,0,0,964,4,99999,99999,99999,99999,99999,99999,0.000000,0.000000,0.000000,0.000000,0.000000,0.000000,0.000000,0.000000,0.000000,0.000000,0.000000,0.000000,0.000000,0.000000,0,0,0,0
"6,42",0,0,0,0,970,4,99999,99999,99999,99999,99999,99999,0.000000,0.000000,0.000000,0.000000,0.000000,0.000000,0.000000,0.000000,0.000000,0.000000,0.000000,0.000000,0.000000,0.000000,0,0,0,0
"6,43",0,0,0,0,975,4,99999,99999,99999,99999,99999,99999,0.000000,0.000000,0.000000,0.000000,0.000000,0.000000,0.000000,0.000000,0.000000,0.000000,0.000000,0.000000,0.000000,0.000000,0,0,0,0
"6,44",0,0,0,0,979,4,99999,99999,99999,99999,99999,99999,0.000000,0.000000,0.000000,0.000000,0.000000,0.000000,0.000000,0.000000,0.000000,0.000000,0.000000,0.000000,0.000000,0.000000,0,0,0,0
"6,45",0,0,0,0,965,4,99999,99999,99999,99999,99999,99999,0.000000,0.000000,0.000000,0.000000,0.000000,0.000000,0.000000,0.000000,0.000000,0.000000,0.000000,0.000000,0.000000,0.000000,0,0,0,0
"6,46",0,0,0,0,972,4,99999,99999,99999,99999,99999,99999,0.000000,0.000000,0.000000,0.000000,0.000000,0.000000,0.000000,0.000000,0.000000,0.000000,0.000000,0.000000,0.000000,0.000000,0,0,0,0
"6,47",0,0,0,0,978,4,99999,99999,99999,99999,99999,99999,0.000000,0.000000,0.000000,0.000000,0.000000,0.000000,0.000000,0.000000,0.000000,0.000000,0.000000,0.000000,0.000000,0.000000,0,0,0,0
"6,48",0,0,0,0,978,4,99999,99999,99999,99999,99999,99999,0.000000,0.000000,0.000000,0.000000,0.000000,0.000000,0.000000,0.000000,0.000000,0.000000,0.000000,0.000000,0.000000,0.000000,0,0,0,0
"6,49",0,0,0,0,971,4,99999,99999,99999,99999,99999,99999,0.000000,0.000000,0.000000,0.000000,0.000000,0.000000,0.000000,0.000000,0.000000,0.000000,0.000000,0.000000,0.000000,0.000000,0,0,0,0
"6,50",0,0,0,0,88,4,99999,99999,99999,99999,99999,99999,0.000000,0.000000,0.000000,0.000000,0.000000,0.000000,0.000000,0.000000,0.000000,0.000000,0.000000,0.000000,0.000000,0.000000,0,0,0,0
"6,51",0,0,0,0,72,4,99999,99999,99999,99999,99999,99999,0.000000,0.000000,0.000000,0.000000,0.000000,0.000000,0.000000,0.000000,0.000000,0.000000,0.000000,0.000000,0.000000,0.000000,0,0,0,0
"6,52",0,0,0,0,76,4,99999,99999,99999,99999,99999,99999,0.000000,0.000000,0.000000,0.000000,0.000000,0.000000,0.000000,0.000000,0.000000,0.000000,0.000000,0.000000,0.000000,0.000000,0,0,0,0
"6,53",0,0,0,0,70,4,99999,99999,99999,99999,99999,99999,0.000000,0.000000,0.000000,0.000000,0.000000,0.000000,0.000000,0.000000,0.000000,0.000000,0.000000,0.000000,0.000000,0.000000,0,0,0,0
"6,54",0,0,0,0,70,4,99999,99999,99999,99999,99999,99999,0.000000,0.000000,0.000000,0.000000,0.000000,0.000000,0.000000,0.000000,0.000000,0.000000,0.000000,0.000000,0.000000,0.000000,0,0,0,0
"6,55",0,0,0,0,68,4,99999,99999,99999,99999,99999,99999,0.000000,0.000000,0.000000,0.000000,0.000000,0.000000,0.000000,0.000000,0.000000,0.000000,0.000000,0.000000,0.000000,0.000000,0,0,0,0
"6,56",0,0,0,0,68,4,99999,99999,99999,99999,99999,99999,0.000000,0.000000,0.000000,0.000000,0.000000,0.000000,0.000000,0.000000,0.000000,0.000000,0.000000,0.000000,0.000000,0.000000,0,0,0,0
"6,57",0,0,0,0,70,4,99999,99999,99999,99999,99999,99999,0.000000,0.000000,0.000000,0.000000,0.000000,0.000000,0.000000,0.000000,0.000000,0.000000,0.000000,0.000000,0.000000,0.000000,0,0,0,0
"6,58",0,0,0,0,74,4,99999,99999,99999,99999,99999,99999,0.000000,0.000000,0.000000,0.000000,0.000000,0.000000,0.000000,0.000000,0.000000,0.000000,0.000000,0.000000,0.000000,0.000000,0,0,0,0
"6,59",0,0,0,0,69,4,99999,99999,99999,99999,99999,99999,0.000000,0.000000,0.000000,0.000000,0.000000,0.000000,0.000000,0.000000,0.000000,0.000000,0.000000,0.000000,0.000000,0.000000,0,0,0,0
"6,60",0,0,0,0,73,4,99999,99999,99999,99999,99999,99999,0.000000,0.000000,0.000000,0.000000,0.000000,0.000000,0.000000,0.000000,0.000000,0.000000,0.000000,0.000000,0.000000,0.000000,0,0,0,0
"6,61",0,0,0,0,69,4,99999,99999,99999,99999,99999,99999,0.000000,0.000000,0.000000,0.000000,0.000000,0.000000,0.000000,0.000000,0.000000,0.000000,0.000000,0.000000,0.000000,0.000000,0,0,0,0
"6,62",0,0,0,0,9,4,99999,99999,99999,99999,99999,99999,0.000000,0.000000,0.000000,0.000000,0.000000,0.000000,0.000000,0.000000,0.000000,0.000000,0.000000,0.000000,0.000000,0.000000,0,0,0,0
"6,63",0,0,0,0,7,4,99999,99999,99999,99999,99999,99999,0.000000,0.000000,0.000000,0.000000,0.000000,0.000000,0.000000,0.000000,0.000000,0.000000,0.000000,0.000000,0.000000,0.000000,0,0,0,0
"6,64",0,0,0,0,9,4,99999,99999,99999,99999,99999,99999,0.000000,0.000000,0.000000,0.000000,0.000000,0.000000,0.000000,0.000000,0.000000,0.000000,0.000000,0.000000,0.000000,0.000000,0,0,0,0
"6,65",0,0,0,0,8,4,99999,99999,99999,99999,99999,99999,0.000000,0.000000,0.000000,0.000000,0.000000,0.000000,0.000000,0.000000,0.000000,0.000000,0.000000,0.000000,0.000000,0.000000,0,0,0,0
"6,66",0,0,0,0,7,4,99999,99999,99999,99999,99999,99999,0.000000,0.000000,0.000000,0.000000,0.000000,0.000000,0.000000,0.000000,0.000000,0.000000,0.000000,0.000000,0.000000,0.000000,0,0,0,0
"6,67",0,0,0,0,9,4,99999,99999,99999,99999,99999,99999,0.000000,0.000000,0.000000,0.000000,0.000000,0.000000,0.000000,0.000000,0.000000,0.000000,0.000000,0.000000,0.000000,0.000000,0,0,0,0
"6,68",0,0,0,0,8,4,99999,99999,99999,99999,99999,99999,0.000000,0.000000,0.000000,0.000000,0.000000,0.000000,0.000000,0.000000,0.000000,0.000000,0.000000,0.000000,0.000000,0.000000,0,0,0,0
"6,69",0,0,0,0,9,4,99999,99999,99999,99999,99999,99999,0.000000,0.000000,0.000000,0.000000,0.000000,0.000000,0.000000,0.000000,0.000000,0.000000,0.000000,0.000000,0.000000,0.000000,0,0,0,0
"6,70",0,0,0,0,8,4,99999,99999,99999,99999,99999,99999,0.000000,0.000000,0.000000,0.000000,0.000000,0.000000,0.000000,0.000000,0.000000,0.000000,0.000000,0.000000,0.000000,0.000000,0,0,0,0
"6,71",0,0,0,0,4,4,99999,99999,99999,99999,99999,99999,0.000000,0.000000,0.000000,0.000000,0.000000,0.000000,0.000000,0.000000,0.000000,0.000000,0.000000,0.000000,0.000000,0.000000,0,0,0,0
"6,72",0,0,0,0,4,4,99999,99999,99999,99999,99999,99999,0.000000,0.000000,0.000000,0.000000,0.000000,0.000000,0.000000,0.000000,0.000000,0.000000,0.000000,0.000000,0.000000,0.000000,0,0,0,0
"6,73",0,0,0,0,4,4,99999,99999,99999,99999,99999,99999,0.000000,0.000000,0.000000,0.000000,0.000000,0.000000,0.000000,0.000000,0.000000,0.000000,0.000000,0.000000,0.000000,0.000000,0,0,0,0
"6,74",0,0,0,0,4,4,99999,99999,99999,99999,99999,99999,0.000000,0.000000,0.000000,0.000000,0.000000,0.000000,0.000000,0.000000,0.000000,0.000000,0.000000,0.000000,0.000000,0.000000,0,0,0,0
"7,1",0,0,0,0,976,4,99999,99999,99999,99999,99999,99999,0.000000,0.000000,0.000000,0.000000,0.000000,0.000000,0.000000,0.000000,0.000000,0.000000,0.000000,0.000000,0.000000,0.000000,0,0,0,0
"7,2",0,0,0,0,977,4,99999,99999,99999,99999,99999,99999,0.000000,0.000000,0.000000,0.000000,0.000000,0.000000,0.000000,0.000000,0.000000,0.000000,0.000000,0.000000,0.000000,0.000000,0,0,0,0
"7,3",0,0,0,0,982,4,99999,99999,99999,99999,99999,99999,0.000000,0.000000,0.000000,0.000000,0.000000,0.000000,0.000000,0.000000,0.000000,0.000000,0.000000,0.000000,0.000000,0.000000,0,0,0,0
"7,4",0,0,0,0,970,4,99999,99999,99999,99999,99999,99999,0.000000,0.000000,0.000000,0.000000,0.000000,0.000000,0.000000,0.000000,0.000000,0.000000,0.000000,0.000000,0.000000,0.000000,0,0,0,0
"7,5",36,73125,7,1,1036,2,13,484,551,0,4,8,0.827778,0.127778,0.044444,0.000000,0.000000,0.000000,0.000000,0.813333,0.155556,0.026667,0.004444,0.000000,0.000000,0.000000,26294,172,276,100
"7,6",37,73125,7,1,1029,2,8,360,697,0,4,5,0.916667,0.050000,0.033333,0.000000,0.000000,0.000000,0.000000,0.783673,0.195918,0.020408,0.000000,0.000000,0.000000,0.000000,26549,174,283,106
"7,7",35,73125,7,1,1032,2,10,248,533,0,4,6,0.884615,0.098901,0.016484,0.000000,0.000000,0.000000,0.000000,0.794872,0.175214,0.029915,0.000000,0.000000,0.000000,0.000000,27286,179,277,97
"7,8",39,73125,7,1,1045,2,13,238,473,0,4,8,0.911111,0.077778,0.011111,0.000000,0.000000,0.000000,0.000000,0.776000,0.208000,0.008000,0.008000,0.000000,0.000000,0.000000,27228,178,300,120
"7,9",47,73125,7,1,1036,2,12,446,533,0,4,7,0.800000,0.155556,0.044444,0.000000,0.000000,0.000000,0.000000,0.785088,0.188596,0.026316,0.000000,0.000000,0.000000,0.000000,26460,172,337,160
"7,10",42,73125,7,1,1042,2,15,371,500,0,4,7,0.805556,0.177778,0.016667,0.000000,0.000000,0.000000,0.000000,0.760331,0.194215,0.045455,0.000000,0.000000,0.000000,0.000000,27032,177,315,135
"7,11",40,73125,7,1,1034,2,9,100,219,0,4,6,0.950000,0.050000,0.000000,0.000000,0.000000,0.000000,0.000000,0.808271,0.172932,0.015038,0.003759,0.000000,0.000000,0.000000,27495,180,302,122
"7,12",47,73125,7,1,1031,2,13,548,835,0,4,5,0.722222,0.138889,0.133333,0.005556,0.000000,0.000000,0.000000,0.793722,0.179372,0.022422,0.004484,0.000000,0.000000,0.000000,23748,155,307,145
"7,13",44,73125,7,1,1036,2,11,146,623,0,4,7,0.933702,0.038674,0.027624,0.000000,0.000000,0.000000,0.000000,0.787770,0.179856,0.032374,0.000000,0.000000,0.000000,0.000000,26777,176,322,144
"7,14",42,73125,7,1,1038,2,12,291,518,0,4,6,0.827778,0.144444,0.027778,0.000000,0.000000,0.000000,0.000000,0.743902,0.219512,0.032520,0.004065,0.000000,0.000000,0.000000,26717,175,310,133
"7,15",47,73125,7,1,1031,2,12,259,431,0,5,8,0.861111,0.133333,0.005556,0.000000,0.000000,0.000000,0.000000,0.771318,0.170543,0.054264,0.000000,0.003876,0.000000,0.000000,27377,179,344,164
"7,16",0,73125,0,0,977,4,99999,99999,99999,99999,99999,99999,0.000000,0.000000,0.000000,0.000000,0.000000,0.000000,0.000000,0.000000,0.000000,0.000000,0.000000,0.000000,0.000000,0.000000,0,0,0,0
"7,17",0,73125,0,0,960,4,99999,99999,99999,99999,99999,99999,0.000000,0.000000,0.000000,0.000000,0.000000,0.000000,0.000000,0.000000,0.000000,0.000000,0.000000,0.000000,0.000000,0.000000,0,0,0,0
"7,18",0,73125,0,0,971,4,99999,99999,99999,99999,99999,99999,0.000000,0.000000,0.000000,0.000000,0.000000,0.000000,0.000000,0.000000,0.000000,0.000000,0.000000,0.000000,0.000000,0.000000,0,0,0,0
"7,19",0,73125,0,0,972,4,99999,99999,99999,99999,99999,99999,0.000000,0.000000,0.000000,0.000000,0.000000,0.000000,0.000000,0.000000,0.000000,0.000000,0.000000,0.000000,0.000000,0.000000,0,0,0,0
"7,20",0,73125,0,0,968,4,99999,99999,99999,99999,99999,99999,0.000000,0.000000,0.000000,0.000000,0.000000,0.000000,0.000000,0.000000,0.000000,0.000000,0.000000,0.000000,0.000000,0.000000,0,0,0,0
"7,21",0,73125,0,0,972,4,99999,99999,99999,99999,99999,99999,0.000000,0.000000,0.000000,0.000000,0.000000,0.000000,0.000000,0.000000,0.000000,0.000000,0.000000,0.000000,0.000000,0.000000,0,0,0,0
"7,22",0,73125,0,0,972,4,99999,99999,99999,99999,99999,99999,0.000000,0.000000,0.000000,0.000000,0.000000,0.000000,0.000000,0.000000,0.000000,0.000000,0.000000,0.000000,0.000000,0.000000,0,0,0,0
"7,23",0,73125,0,0,968,4,99999,99999,99999,99999,99999,99999,0.000000,0.000000,0.000000,0.000000,0.000000,0.000000,0.000000,0.000000,0.000000,0.000000,0.000000,0.000000,0.000000,0.000000,0,0,0,0
"7,24",0,73125,0,0,960,4,99999,99999,99999,99999,99999,99999,0.000000,0.000000,0.000000,0.000000,0.000000,0.000000,0.000000,0.000000,0.000000,0.000000,0.000000,0.000000,0.000000,0.000000,0,0,0,0
"7,25",0,73125,0,0,979,4,99999,99999,99999,99999,99999,99999,0.000000,0.000000,0.000000,0.000000,0.000000,0.000000,0.000000,0.000000,0.000000,0.000000,0.000000,0.000000,0.000000,0.000000,0,0,0,0
"7,26",0,73125,0,0,965,4,99999,99999,99999,99999,99999,99999,0.000000,0.000000,0.000000,0.000000,0.000000,0.000000,0.000000,0.000000,0.000000,0.000000,0.000000,0.000000,0.000000,0.000000,0,0,0,0
"7,27",0,73125,0,0,969,4,99999,99999,99999,99999,99999,99999,0.000000,0.000000,0.000000,0.000000,0.000000,0.000000,0.000000,0.000000,0.000000,0.000000,0.000000,0.000000,0.000000,0.000000,0,0,0,0
"7,28",0,73125,0,0,971,4,99999,99999,99999,99999,99999,99999,0.000000,0.000000,0.000000,0.000000,0.000000,0.000000,0.000000,0.000000,0.000000,0.000000,0.000000,0.000000,0.000000,0.000000,0,0,0,0
"7,29",0,73125,0,0,974,4,99999,99999,99999,99999,99999,99999,0.000000,0.000000,0.000000,0.000000,0.000000,0.000000,0.000000,0.000000,0.000000,0.000000,0.000000,0.000000,0.000000,0.000000,0,0,0,0
"7,30",0,73125,0,0,958,4,99999,99999,99999,99999,99999,99999,0.000000,0.000000,0.000000,0.000000,0.000000,0.000000,0.000000,0.000000,0.000000,0.000000,0.000000,0.000000,0.000000,0.000000,0,0,0,0
"7,31",0,73125,0,0,977,4,99999,99999,99999,99999,99999,99999,0.000000,0.000000,0.000000,0.000000,0.000000,0.000000,0.000000,0.000000,0.000000,0.000000,0.000000,0.000000,0.000000,0.000000,0,0,0,0
"7,32",0,73125,0,0,967,4,99999,99999,99999,99999,99999,99999,0.000000,0.000000,0.000000,0.000000,0.000000,0.000000,0.000000,0.000000,0.000000,0.000000,0.000000,0.000000,0.000000,0.000000,0,0,0,0
"7,33",0,73125,0,0,968,4,99999,99999,99999,99999,99999,99999,0.000000,0.000000,0.000000,0.000000,0.000000,0.000000,0.000000,0.000000,0.000000,0.000000,0.000000,0.000000,0.000000,0.000000,0,0,0,0
"7,34",0,73125,0,0,973,4,99999,99999,99999,99999,99999,99999,0.000000,0.000000,0.000000,0.000000,0.000000,0.000000,0.000000,0.000000,0.000000,0.000000,0.000000,0.000000,0.000000,0.000000,0,0,0,0
"7,35",0,73125,0,0,977,4,99999,99999,99999,99999,99999,99999,0.000000,0.000000,0.000000,0.000000,0.000000,0.000000,0.000000,0.000000,0.000000,0.000000,0.000000,0.000000,0.000000,0.000000,0,0,0,0
"7,36",0,73125,0,0,968,4,99999,99999,99999,99999,99999,99999,0.000000,0.000000,0.000000,0.000000,0.000000,0.000000,0.000000,0.000000,0.000000,0.000000,0.000000,0.000000,0.000000,0.000000,0,0,0,0
"7,37",0,73125,0,0,970,4,99999,99999,99999,99999,99999,99999,0.000000,0.000000,0.000000,0.000000,0.000000,0.000000,0.000000,0.000000,0.000000,0.000000,0.000000,0.000000,0.000000,0.000000,0,0,0,0
"7,38",0,73125,0,0,979,4,99999,99999,99999,99999,99999,99999,0.000000,0.000000,0.000000,0.000000,0.000000,0.000000,0.000000,0.000000,0.000000,0.000000,0.000000,0.000000,0.000000,0.000000,0,0,0,0
"7,39",0,73125,0,0,974,4,99999,99999,99999,99999,99999,99999,0.000000,0.000000,0.000000,0.000000,0.000000,0.000000,0.000000,0.000000,0.000000,0.000000,0.000000,0.000000,0.000000,0.000000,0,0,0,0
"7,40",0,73125,0,0,971,4,99999,99999,99999,99999,99999,99999,0.000000,0.000000,0.000000,0.000000,0.000000,0.000000,0.000000,0.000000,0.000000,0.000000,0.000000,0.000000,0.000000,0.000000,0,0,0,0
"7,41",0,73125,0,0,971,4,99999,99999,99999,99999,99999,99999,0.000000,0.000000,0.000000,0.000000,0.000000,0.000000,0.000000,0.000000,0.000000,0.000000,0.000000,0.000000,0.000000,0.000000,0,0,0,0
"7,42",0,73125,0,0,969,4,99999,99999,99999,99999,99999,99999,0.000000,0.000000,0.000000,0.000000,0.000000,0.000000,0.000000,0.000000,0.000000,0.000000,0.000000,0.000000,0.000000,0.000000,0,0,0,0
"7,43",0,73125,0,0,968,4,99999,99999,99999,99999,99999,99999,0.000000,0.000000,0.000000,0.000000,0.000000,0.000000,0.000000,0.000000,0.000000,0.000000,0.000000,0.000000,0.000000,0.000000,0,0,0,0
"7,44",0,73125,0,0,973,4,99999,99999,99999,99999,99999,99999,0.000000,0.000000,0.000000,0.000000,0.000000,0.000000,0.000000,0.000000,0.000000,0.000000,0.000000,0.000000,0.000000,0.000000,0,0,0,0
"7,45",0,73125,0,0,973,4,99999,99999,99999,99999,99999,99999,0.000000,0.000000,0.000000,0.000000,0.000000,0.000000,0.000000,0.000000,0.000000,0.000000,0.000000,0.000000,0.000000,0.000000,0,0,0,0
"7,46",0,73125,0,0,972,4,99999,99999,99999,99999,99999,99999,0.000000,0.000000,0.000000,0.000000,0.000000,0.000000,0.000000,0.000000,0.000000,0.000000,0.000000,0.000000,0.000000,0.000000,0,0,0,0
"7,47",0,73125,0,0,967,4,99999,99999,99999,99999,99999,99999,0.000000,0.000000,0.000000,0.000000,0.000000,0.000000,0.000000,0.000000,0.000000,0.000000,0.000000,0.000000,0.000000,0.000000,0,0,0,0
"7,48",0,73125,0,0,970,4,99999,99999,99999,99999,99999,99999,0.000000,0.000000,0.000000,0.000000,0.000000,0.000000,0.000000,0.000000,0.000000,0.000000,0.000000,0.000000,0.000000,0.000000,0,0,0,0
"7,49",0,73125,0,0,962,4,99999,99999,99999,99999,99999,99999,0.000000,0.000000,0.000000,0.000000,0.000000,0.000000,0.000000,0.000000,0.000000,0.000000,0.000000,0.000000,0.000000,0.000000,0,0,0,0
"7,50",0,73125,0,0,71,4,99999,99999,99999,99999,99999,99999,0.000000,0.000000,0.000000,0.000000,0.000000,0.000000,0.000000,0.000000,0.000000,0.000000,0.000000,0.000000,0.000000,0.000000,0,0,0,0
"7,51",0,73125,0,0,70,4,99999,99999,99999,99999,99999,99999,0.000000,0.000000,0.000000,0.000000,0.000000,0.000000,0.000000,0.000000,0.000000,0.000000,0.000000,0.000000,0.000000,0.000000,0,0,0,0
"7,52",0,73125,0,0,83,4,99999,99999,99999,99999,99999,99999,0.000000,0.000000,0.000000,0.000000,0.000000,0.000000,0.000000,0.000000,0.000000,0.000000,0.000000,0.000000,0.000000,0.000000,0,0,0,0
"7,53",0,73125,0,0,81,4,99999,99999,99999,99999,99999,99999,0.000000,0.000000,0.000000,0.000000,0.000000,0.000000,0.000000,0.000000,0.000000,0.000000,0.000000,0.000000,0.000000,0.000000,0,0,0,0
"7,54",0,73125,0,0,74,4,99999,99999,99999,99999,99999,99999,0.000000,0.000000,0.000000,0.000000,0.000000,0.000000,0.000000,0.000000,0.000000,0.000000,0.000000,0.000000,0.000000,0.000000,0,0,0,0
"7,55",0,73125,0,0,63,4,99999,99999,99999,99999,99999,99999,0.000000,0.000000,0.000000,0.000000,0.000000,0.000000,0.000000,0.000000,0.000000,0.000000,0.000000,0.000000,0.000000,0.000000,0,0,0,0
"7,56",0,73125,0,0,72,4,99999,99999,99999,99999,99999,99999,0.000000,0.000000,0.000000,0.000000,0.000000,0.000000,0.000000,0.000000,0.000000,0.000000,0.000000,0.000000,0.000000,0.000000,0,0,0,0
"7,57",0,73125,0,0,69,4,99999,99999,99999,99999,99999,99999,0.000000,0.000000,0.000000,0.000000,0.000000,0.000000,0.000000,0.000000,0.000000,0.000000,0.000000,0.000000,0.000000,0.000000,0,0,0,0
"7,58",0,73125,0,0,72,4,99999,99999,99999,99999,99999,99999,0.000000,0.000000,0.000000,0.000000,0.000000,0.000000,0.000000,0.000000,0.000000,0.000000,0.000000,0.000000,0.000000,0.000000,0,0,0,0
"7,59",0,73125,0,0,74,4,99999,99999,99999,99999,99999,99999,0.000000,0.000000,0.000000,0.000000,0.000000,0.000000,0.000000,0.000000,0.000000,0.000000,0.000000,0.000000,0.000000,0.000000,0,0,0,0
"7,60",0,73125,0,0,71,4,99999,99999,99999,99999,99999,99999,0.000000,0.000000,0.000000,0.000000,0.000000,0.000000,0.000000,0.000000,0.000000,0.000000,0.000000,0.000000,0.000000,0.000000,0,0,0,0
"7,61",0,73125,0,0,68,4,99999,99999,99999,99999,99999,99999,0.000000,0.000000,0.000000,0.000000,0.000000,0.000000,0.000000,0.000000,0.000000,0.000000,0.000000,0.000000,0.000000,0.000000,0,0,0,0
"7,62",0,73125,0,0,77,4,99999,99999,99999,99999,99999,99999,0.000000,0.000000,0.000000,0.000000,0.000000,0.000000,0.000000,0.000000,0.000000,0.000000,0.000000,0.000000,0.000000,0.000000,0,0,0,0
"7,63",0,73125,0,0,8,4,99999,99999,99999,99999,99999,99999,0.000000,0.000000,0.000000,0.000000,0.000000,0.000000,0.000000,0.000000,0.000000,0.000000,0.000000,0.000000,0.000000,0.000000,0,0,0,0
"7,64",0,73125,0,0,9,4,99999,99999,99999,99999,99999,99999,0.000000,0.000000,0.000000,0.000000,0.000000,0.000000,0.000000,0.000000,0.000000,0.000000,0.000000,0.000000,0.000000,0.000000,0,0,0,0
"7,65",0,73125,0,0,7,4,99999,99999,99999,99999,99999,99999,0.000000,0.000000,0.000000,0.000000,0.000000,0.000000,0.000000,0.000000,0.000000,0.000000,0.000000,0.000000,0.000000,0.000000,0,0,0,0
"7,66",0,73125,0,0,9,4,99999,99999,99999,99999,99999,99999,0.000000,0.000000,0.000000,0.000000,0.000000,0.000000,0.000000,0.000000,0.000000,0.000000,0.000000,0.000000,0.000000,0.000000,0,0,0,0
"7,67",0,73125,0,0,8,4,99999,99999,99999,99999,99999,99999,0.000000,0.000000,0.000000,0.000000,0.000000,0.000000,0.000000,0.000000,0.000000,0.000000,0.000000,0.000000,0.000000,0.000000,0,0,0,0
"7,68",0,73125,0,0,9,4,99999,99999,99999,99999,99999,99999,0.000000,0.000000,0.000000,0.000000,0.000000,0.000000,0.000000,0.000000,0.000000,0.000000,0.000000,0.000000,0.000000,0.000000,0,0,0,0
"7,69",0,73125,0,0,8,4,99999,99999,99999,99999,99999,99999,0.000000,0.000000,0.000000,0.000000,0.000000,0.000000,0.000000,0.000000,0.000000,0.000000,0.000000,0.000000,0.000000,0.000000,0,0,0,0
"7,70",0,73125,0,0,7,4,99999,99999,99999,99999,99999,99999,0.000000,0.000000,0.000000,0.000000,0.000000,0.000000,0.000000,0.000000,0.000000,0.000000,0.000000,0.000000,0.000000,0.000000,0,0,0,0
"7,71",0,73125,0,0,4,4,99999,99999,99999,99999,99999,99999,0.000000,0.000000,0.000000,0.000000,0.000000,0.000000,0.000000,0.000000,0.000000,0.000000,0.000000,0.000000,0.000000,0.000000,0,0,0,0
"7,72",0,73125,0,0,4,4,99999,99999,99999,99999,99999,99999,0.000000,0.000000,0.000000,0.000000,0.000000,0.000000,0.000000,0.000000,0.000000,0.000000,0.000000,0.000000,0.000000,0.000000,0,0,0,0
"7,73",0,73125,0,0,4,4,99999,99999,99999,99999,99999,99999,0.000000,0.000000,0.000000,0.000000,0.000000,0.000000,0.000000,0.000000,0.000000,0.000000,0.000000,0.000000,0.000000,0.000000,0,0,0,0
"7,74",0,73125,0,0,4,4,99999,99999,99999,99999,99999,99999,0.000000,0.000000,0.000000,0.000000,0.000000,0.000000,0.000000,0.000000,0.000000,0.000000,0.000000,0.000000,0.000000,0.000000,0,0,0,0
"8,1",42,73125,7,1,1035,2,14,597,822,0,4,4,0.800000,0.133333,0.061111,0.005556,0.000000,0.000000,0.000000,0.810811,0.180180,0.009009,0.000000,0.000000,0.000000,0.000000,25539,168,295,125
"8,2",37,73125,7,1,1042,2,11,83,168,0,4,7,0.955556,0.044444,0.000000,0.000000,0.000000,0.000000,0.000000,0.805556,0.162698,0.027778,0.003968,0.000000,0.000000,0.000000,27495,180,286,106
"8,3",38,73125,7,1,1044,2,17,502,615,0,4,5,0.784530,0.160221,0.055249,0.000000,0.000000,0.000000,0.000000,0.797297,0.171171,0.027027,0.004505,0.000000,0.000000,0.000000,26056,171,286,110
"8,4",40,73125,7,1,1033,2,11,415,527,0,4,6,0.861111,0.094444,0.044444,0.000000,0.000000,0.000000,0.000000,0.797571,0.178138,0.024291,0.000000,0.000000,0.000000,0.000000,26201,172,294,119
"8,5",39,73125,7,1,1031,2,10,237,432,0,4,6,0.895028,0.104972,0.000000,0.000000,0.000000,0.000000,0.000000,0.824490,0.151020,0.024490,0.000000,0.000000,0.000000,0.000000,27659,181,297,117
"8,6",35,73125,7,1,1042,2,10,207,444,0,4,6,0.894444,0.100000,0.005556,0.000000,0.000000,0.000000,0.000000,0.806167,0.167401,0.026432,0.000000,0.000000,0.000000,0.000000,27364,179,277,97
"8,7",40,73125,7,1,1038,2,21,524,551,0,4,8,0.700000,0.105556,0.194444,0.000000,0.000000,0.000000,0.000000,0.822660,0.133005,0.039409,0.004926,0.000000,0.000000,0.000000,22121,145,254,104
"8,8",42,73125,7,1,1033,2,9,116,215,0,4,6,0.922222,0.077778,0.000000,0.000000,0.000000,0.000000,0.000000,0.766284,0.206897,0.022989,0.000000,0.003831,0.000000,0.000000,27495,180,315,135
"8,9",41,73125,7,1,1032,2,9,163,426,0,4,5,0.931818,0.062500,0.005682,0.000000,0.000000,0.000000,0.000000,0.811245,0.160643,0.028112,0.000000,0.000000,0.000000,0.000000,26749,175,302,126
"8,10",37,73125,7,1,1037,2,8,202,488,0,4,6,0.927778,0.061111,0.011111,0.000000,0.000000,0.000000,0.000000,0.799213,0.181102,0.019685,0.000000,0.000000,0.000000,0.000000,27216,178,289,109
"8,11",44,73125,7,1,1033,2,13,513,679,0,4,6,0.829016,0.113990,0.056995,0.000000,0.000000,0.000000,0.000000,0.794574,0.174419,0.031008,0.000000,0.000000,0.000000,0.000000,27810,182,335,148
"8,12",43,73125,7,1,1036,2,10,97,274,0,4,7,0.950000,0.050000,0.000000,0.000000,0.000000,0.000000,0.000000,0.789855,0.177536,0.025362,0.003623,0.000000,0.003623,0.000000,27495,180,319,139
"8,13",44,73125,7,1,1036,2,11,252,396,0,4,5,0.845304,0.149171,0.005525,0.000000,0.000000,0.000000,0.000000,0.819328,0.155462,0.025210,0.000000,0.000000,0.000000,0.000000,27502,180,322,142
"8,14",44,73125,7,1,1032,2,10,299,431,0,4,6,0.872222,0.127778,0.000000,0.000000,0.000000,0.000000,0.000000,0.809917,0.169421,0.020661,0.000000,0.000000,0.000000,0.000000,27495,180,327,147
"8,15",43,73125,7,1,1033,2,14,358,527,0,4,4,0.805556,0.155556,0.038889,0.000000,0.000000,0.000000,0.000000,0.824786,0.170940,0.004274,0.000000,0.000000,0.000000,0.000000,26273,173,306,132
"8,16",40,73125,7,1,1042,2,15,499,530,0,4,6,0.790055,0.160221,0.044199,0.005525,0.000000,0.000000,0.000000,0.778261,0.195652,0.026087,0.000000,0.000000,0.000000,0.000000,26219,172,293,120
"8,17",50,73125,7,1,1034,2,14,342,503,0,4,8,0.811111,0.172222,0.016667,0.000000,0.000000,0.000000,0.000000,0.773279,0.190283,0.032389,0.004049,0.000000,0.000000,0.000000,26978,177,362,182
"8,18",42,73125,7,1,1040,2,10,125,210,0,4,7,0.933333,0.066667,0.000000,0.000000,0.000000,0.000000,0.000000,0.801498,0.172285,0.022472,0.003745,0.000000,0.000000,0.000000,27495,180,312,132
"8,19",45,73125,7,1,1032,2,20,530,658,0,4,8,0.750000,0.166667,0.083333,0.000000,0.000000,0.000000,0.000000,0.779221,0.173160,0.043290,0.004329,0.000000,0.000000,0.000000,25243,165,315,142
"8,20",0,73125,0,0,975,4,99999,99999,99999,99999,99999,99999,0.000000,0.000000,0.000000,0.000000,0.000000,0.000000,0.000000,0.000000,0.000000,0.000000,0.000000,0.000000,0.000000,0.000000,0,0,0,0
"8,21",0,73125,0,0,975,4,99999,99999,99999,99999,99999,99999,0.000000,0.000000,0.000000,0.000000,0.000000,0.000000,0.000000,0.000000,0.000000,0.000000,0.000000,0.000000,0.000000,0.000000,0,0,0,0
"8,22",0,73125,0,0,973,4,99999,99999,99999,99999,99999,99999,0.000000,0.000000,0.000000,0.000000,0.000000,0.000000,0.000000,0.000000,0.000000,0.000000,0.000000,0.000000,0.000000,0.000000,0,0,0,0
"8,23",0,73125,0,0,973,4,99999,99999,99999,99999,99999,99999,0.000000,0.000000,0.000000,0.000000,0.000000,0.000000,0.000000,0.000000,0.000000,0.000000,0.000000,0.000000,0.000000,0.000000,0,0,0,0
"8,24",0,73125,0,0,975,4,99999,99999,99999,99999,99999,99999,0.000000,0.000000,0.000000,0.000000,0.000000,0.000000,0.000000,0.000000,0.000000,0.000000,0.000000,0.000000,0.000000,0.000000,0,0,0,0
"8,25",0,73125,0,0,975,4,99999,99999,99999,99999,99999,99999,0.000000,0.000000,0.000000,0.000000,0.000000,0.000000,0.000000,0.000000,0.000000,0.000000,0.000000,0.000000,0.000000,0.000000,0,0,0,0
"8,26",0,73125,0,0,966,4,99999,99999,99999,99999,99999,99999,0.000000,0.000000,0.000000,0.000000,0.000000,0.000000,0.000000,0.000000,0.000000,0.000000,0.000000,0.000000,0.000000,0.000000,0,0,0,0
"8,27",0,73125,0,0,978,4,99999,99999,99999,99999,99999,99999,0.000000,0.000000,0.000000,0.000000,0.000000,0.000000,0.000000,0.000000,0.000000,0.000000,0.000000,0.000000,0.000000,0.000000,0,0,0,0
"8,28",0,73125,0,0,974,4,99999,99999,99999,99999,99999,99999,0.000000,0.000000,0.000000,0.000000,0.000000,0.000000,0.000000,0.000000,0.000000,0.000000,0.000000,0.000000,0.000000,0.000000,0,0,0,0
"8,29",0,73125,0,0,977,4,99999,99999,99999,99999,99999,99999,0.000000,0.000000,0.000000,0.000000,0.000000,0.000000,0.000000,0.000000,0.000000,0.000000,0.000000,0.000000,0.000000,0.000000,0,0,0,0
"8,30",0,73125,0,0,960,4,99999,99999,99999,99999,99999,99999,0.000000,0.000000,0.000000,0.000000,0.000000,0.000000,0.000000,0.000000,0.000000,0.000000,0.000000,0.000000,0.000000,0.000000,0,0,0,0
"8,31",0,73125,0,0,975,4,99999,99999,99999,99999,99999,99999,0.000000,0.000000,0.000000,0.000000,0.000000,0.000000,0.000000,0.000000,0.000000,0.000000,0.000000,0.000000,0.000000,0.000000,0,0,0,0
"8,32",0,73125,0,0,967,4,99999,99999,99999,99999,99999,99999,0.000000,0.000000,0.000000,0.000000,0.000000,0.000000,0.000000,0.000000,0.000000,0.000000,0.000000,0.000000,0.000000,0.000000,0,0,0,0
"8,33",0,73125,0,0,976,4,99999,99999,99999,99999,99999,99999,0.000000,0.000000,0.000000,0.000000,0.000000,0.000000,0.000000,0.000000,0.000000,0.000000,0.000000,0.000000,0.000000,0.000000,0,0,0,0
"8,34",0,73125,0,0,967,4,99999,99999,99999,99999,99999,99999,0.000000,0.000000,0.000000,0.000000,0.000000,0.000000,0.000000,0.000000,0.000000,0.000000,0.000000,0.000000,0.000000,0.000000,0,0,0,0
"8,35",0,73125,0,0,969,4,99999,99999,99999,99999,99999,99999,0.000000,0.000000,0.000000,0.000000,0.000000,0.000000,0.000000,0.000000,0.000000,0.000000,0.000000,0.000000,0.000000,0.000000,0,0,0,0
"8,36",0,73125,0,0,974,4,99999,99999,99999,99999,99999,99999,0.000000,0.000000,0.000000,0.000000,0.000000,0.000000,0.000000,0.000000,0.000000,0.000000,0.000000,0.000000,0.000000,0.000000,0,0,0,0
"8,37",0,73125,0,0,972,4,99999,99999,99999,99999,99999,99999,0.000000,0.000000,0.000000,0.000000,0.000000,0.000000,0.000000,0.000000,0.000000,0.000000,0.000000,0.000000,0.000000,0.000000,0,0,0,0
"8,38",0,73125,0,0,967,4,99999,99999,99999,99999,99999,99999,0.000000,0.000000,0.000000,0.000000,0.000000,0.000000,0.000000,0.000000,0.000000,0.000000,0.000000,0.000000,0.000000,0.000000,0,0,0,0
"8,39",0,73125,0,0,972,4,99999,99999,99999,99999,99999,99999,0.000000,0.000000,0.000000,0.000000,0.000000,0.000000,0.000000,0.000000,0.000000,0.000000,0.000000,0.000000,0.000000,0.000000,0,0,0,0
"8,40",0,73125,0,0,970,4,99999,99999,99999,99999,99999,99999,0.000000,0.000000,0.000000,0.000000,0.000000,0.000000,0.000000,0.000000,0.000000,0.000000,0.000000,0.000000,0.000000,0.000000,0,0,0,0
"8,41",0,73125,0,0,980,4,99999,99999,99999,99999,99999,99999,0.000000,0.000000,0.000000,0.000000,0.000000,0.000000,0.000000,0.000000,0.000000,0.000000,0.000000,0.000000,0.000000,0.000000,0,0,0,0
"8,42",0,73125,0,0,972,4,99999,99999,99999,99999,99999,99999,0.000000,0.000000,0.000000,0.000000,0.000000,0.000000,0.000000,0.000000,0.000000,0.000000,0.000000,0.000000,0.000000,0.000000,0,0,0,0
"8,43",0,73125,0,0,981,4,99999,99999,99999,99999,99999,99999,0.000000,0.000000,0.000000,0.000000,0.000000,0.000000,0.000000,0.000000,0.000000,0.000000,0.000000,0.000000,0.000000,0.000000,0,0,0,0
"8,44",0,73125,0,0,979,4,99999,99999,99999,99999,99999,99999,0.000000,0.000000,0.000000,0.000000,0.000000,0.000000,0.000000,0.000000,0.000000,0.000000,0.000000,0.000000,0.000000,0.000000,0,0,0,0
"8,45",0,73125,0,0,970,4,99999,99999,99999,99999,99999,99999,0.000000,0.000000,0.000000,0.000000,0.000000,0.000000,0.000000,0.000000,0.000000,0.000000,0.000000,0.000000,0.000000,0.000000,0,0,0,0
"8,46",0,73125,0,0,965,4,99999,99999,99999,99999,99999,99999,0.000000,0.000000,0.000000,0.000000,0.000000,0.000000,0.000000,0.000000,0.000000,0.000000,0.000000,0.000000,0.000000,0.000000,0,0,0,0
"8,47",0,73125,0,0,966,4,99999,99999,99999,99999,99999,99999,0.000000,0.000000,0.000000,0.000000,0.000000,0.000000,0.000000,0.000000,0.000000,0.000000,0.000000,0.000000,0.000000,0.000000,0,0,0,0
"8,48",0,73125,0,0,972,4,99999,99999,99999,99999,99999,99999,0.000000,0.000000,0.000000,0.000000,0.000000,0.000000,0.000000,0.000000,0.000000,0.000000,0.000000,0.000000,0.000000,0.000000,0,0,0,0
"8,49",0,73125,0,0,979,4,99999,99999,99999,99999,99999,99999,0.000000,0.000000,0.000000,0.000000,0.000000,0.000000,0.000000,0.000000,0.000000,0.000000,0.000000,0.000000,0.000000,0.000000,0,0,0,0
"8,50",0,73125,0,0,971,4,99999,99999,99999,99999,99999,99999,0.000000,0.000000,0.000000,0.000000,0.000000,0.000000,0.000000,0.000000,0.000000,0.000000,0.000000,0.000000,0.000000,0.000000,0,0,0,0
"8,51",0,73125,0,0,77,4,99999,99999,99999,99999,99999,99999,0.000000,0.000000,0.000000,0.000000,0.000000,0.000000,0.000000,0.000000,0.000000,0.000000,0.000000,0.000000,0.000000,0.000000,0,0,0,0
"8,52",0,73125,0,0,71,4,99999,99999,99999,99999,99999,99999,0.000000,0.000000,0.000000,0.000000,0.000000,0.000000,0.000000,0.000000,0.000000,0.000000,0.000000,0.000000,0.000000,0.000000,0,0,0,0
"8,53",0,73125,0,0,69,4,99999,99999,99999,99999,99999,99999,0.000000,0.000000,0.000000,0.000000,0.000000,0.000000,0.000000,0.000000,0.000000,0.000000,0.000000,0.000000,0.000000,0.000000,0,0,0,0
"8,54",0,73125,0,0,65,4,99999,99999,99999,99999,99999,99999,0.000000,0.000000,0.000000,0.000000,0.000000,0.000000,0.000000,0.000000,0.000000,0.000000,0.000000,0.000000,0.000000,0.000000,0,0,0,0
"8,55",0,73125,0,0,73,4,99999,99999,99999,99999,99999,99999,0.000000,0.000000,0.000000,0.000000,0.000000,0.000000,0.000000,0.000000,0.000000,0.000000,0.000000,0.000000,0.000000,0.000000,0,0,0,0
"8,56",0,73125,0,0,77,4,99999,99999,99999,99999,99999,99999,0.000000,0.000000,0.000000,0.000000,0.000000,0.000000,0.000000,0.000000,0.000000,0.000000,0.000000,0.000000,0.000000,0.000000,0,0,0,0
"8,57",0,73125,0,0,69,4,99999,99999,99999,99999,99999,99999,0.000000,0.000000,0.000000,0.000000,0.000000,0.000000,0.000000,0.000000,0.000000,0.000000,0.000000,0.000000,0.000000,0.000000,0,0,0,0
"8,58",0,73125,0,0,78,4,99999,99999,99999,99999,99999,99999,0.000000,0.000000,0.000000,0.000000,0.000000,0.000000,0.000000,0.000000,0.000000,0.000000,0.000000,0.000000,0.000000,0.000000,0,0,0,0
"8,59",0,73125,0,0,71,4,99999,99999,99999,99999,99999,99999,0.000000,0.000000,0.000000,0.000000,0.000000,0.000000,0.000000,0.000000,0.000000,0.000000,0.000000,0.000000,0.000000,0.000000,0,0,0,0
"8,60",0,73125,0,0,71,4,99999,99999,99999,99999,99999,99999,0.000000,0.000000,0.000000,0.000000,0.000000,0.000000,0.000000,0.000000,0.000000,0.000000,0.000000,0.000000,0.000000,0.000000,0,0,0,0
"8,61",0,73125,0,0,72,4,99999,99999,99999,99999,99999,99999,0.000000,0.000000,0.000000,0.000000,0.000000,0.000000,0.000000,0.000000,0.000000,0.000000,0.000000,0.000000,0.000000,0.000000,0,0,0,0
"8,62",0,73125,0,0,73,4,99999,99999,99999,99999,99999,99999,0.000000,0.000000,0.000000,0.000000,0.000000,0.000000,0.000000,0.000000,0.000000,0.000000,0.000000,0.000000,0.000000,0.000000,0,0,0,0
"8,63",0,73125,0,0,9,4,99999,99999,99999,99999,99999,99999,0.000000,0.000000,0.000000,0.000000,0.000000,0.000000,0.000000,0.000000,0.000000,0.000000,0.000000,0.000000,0.000000,0.000000,0,0,0,0
"8,64",0,73125,0,0,9,4,99999,99999,99999,99999,99999,99999,0.000000,0.000000,0.000000,0.000000,0.000000,0.000000,0.000000,0.000000,0.000000,0.000000,0.000000,0.000000,0.000000,0.000000,0,0,0,0
"8,65",0,73125,0,0,7,4,99999,99999,99999,99999,99999,99999,0.000000,0.000000,0.000000,0.000000,0.000000,0.000000,0.000000,0.000000,0.000000,0.000000,0.000000,0.000000,0.000000,0.000000,0,0,0,0
"8,66",0,73125,0,0,9,4,99999,99999,99999,99999,99999,99999,0.000000,0.000000,0.000000,0.000000,0.000000,0.000000,0.000000,0.000000,0.000000,0.000000,0.000000,0.000000,0.000000,0.000000,0,0,0,0
"8,67",0,73125,0,0,8,4,99999,99999,99999,99999,99999,99999,0.000000,0.000000,0.000000,0.000000,0.000000,0.000000,0.000000,0.000000,0.000000,0.000000,0.000000,0.000000,0.000000,0.000000,0,0,0,0
"8,68",0,73125,0,0,8,4,99999,99999,99999,99999,99999,99999,0.000000,0.000000,0.000000,0.000000,0.000000,0.000000,0.000000,0.000000,0.000000,0.000000,0.000000,0.000000,0.000000,0.000000,0,0,0,0
"8,69",0,73125,0,0,8,4,99999,99999,99999,99999,99999,99999,0.000000,0.000000,0.000000,0.000000,0.000000,0.000000,0.000000,0.000000,0.000000,0.000000,0.000000,0.000000,0.000000,0.000000,0,0,0,0
"8,70",0,73125,0,0,9,4,99999,99999,99999,99999,99999,99999,0.000000,0.000000,0.000000,0.000000,0.000000,0.000000,0.000000,0.000000,0.000000,0.000000,0.000000,0.000000,0.000000,0.000000,0,0,0,0
"8,71",0,73125,0,0,8,4,99999,99999,99999,99999,99999,99999,0.000000,0.000000,0.000000,0.000000,0.000000,0.000000,0.000000,0.000000,0.000000,0.000000,0.000000,0.000000,0.000000,0.000000,0,0,0,0
"8,72",0,73125,0,0,4,4,99999,99999,99999,99999,99999,99999,0.000000,0.000000,0.000000,0.000000,0.000000,0.000000,0.000000,0.000000,0.000000,0.000000,0.000000,0.000000,0.000000,0.000000,0,0,0,0
"8,73",0,73125,0,0,4,4,99999,99999,99999,99999,99999,99999,0.000000,0.000000,0.000000,0.000000,0.000000,0.000000,0.000000,0.000000,0.000000,0.000000,0.000000,0.000000,0.000000,0.000000,0,0,0,0
"8,74",0,73125,0,0,4,4,99999,99999,99999,99999,99999,99999,0.000000,0.000000,0.000000,0.000000,0.000000,0.000000,0.000000,0.000000,0.000000,0.000000,0.000000,0.000000,0.000000,0.000000,0,0,0,0
"9,1",43,73125,7,1,1027,2,8,113,180,0,4,5,0.944444,0.055556,0.000000,0.000000,0.000000,0.000000,0.000000,0.798535,0.179487,0.021978,0.000000,0.000000,0.000000,0.000000,27495,180,321,141
"9,2",40,73125,7,1,1033,2,10,218,415,0,4,6,0.905556,0.094444,0.000000,0.000000,0.000000,0.000000,0.000000,0.789683,0.170635,0.039683,0.000000,0.000000,0.000000,0.000000,27495,180,301,121
"9,3",43,73125,7,1,1033,2,8,93,162,0,4,7,0.950000,0.050000,0.000000,0.000000,0.000000,0.000000,0.000000,0.782609,0.184783,0.021739,0.010870,0.000000,0.000000,0.000000,27495,180,317,137
"9,4",37,73125,7,1,1039,2,11,180,360,0,4,5,0.911602,0.088398,0.000000,0.000000,0.000000,0.000000,0.000000,0.785124,0.194215,0.016529,0.000000,0.004132,0.000000,0.000000,27659,181,289,109
"9,5",43,73125,7,1,1027,2,11,225,368,0,4,5,0.872222,0.127778,0.000000,0.000000,0.000000,0.000000,0.000000,0.790875,0.182510,0.026616,0.000000,0.000000,0.000000,0.000000,27495,180,320,140
"9,6",40,73125,7,1,1031,2,9,267,457,0,4,5,0.879121,0.115385,0.005495,0.000000,0.000000,0.000000,0.000000,0.835341,0.148594,0.016064,0.000000,0.000000,0.000000,0.000000,27601,181,305,125
"9,7",44,73125,7,1,1039,2,11,513,559,0,4,8,0.847368,0.089474,0.052632,0.010526,0.000000,0.000000,0.000000,0.786885,0.176230,0.032787,0.004098,0.000000,0.000000,0.000000,27160,178,320,141
"9,8",36,73125,7,1,1035,2,11,304,465,0,4,7,0.850000,0.144444,0.005556,0.000000,0.000000,0.000000,0.000000,0.803419,0.166667,0.021368,0.004274,0.004274,0.000000,0.000000,27353,179,282,102
"9,9",39,73125,7,1,1032,2,10,305,503,0,5,8,0.863874,0.120419,0.015707,0.000000,0.000000,0.000000,0.000000,0.799228,0.142857,0.050193,0.007722,0.000000,0.000000,0.000000,28614,188,310,122
"9,10",35,73125,7,1,1034,2,9,190,396,0,4,8,0.894444,0.105556,0.000000,0.000000,0.000000,0.000000,0.000000,0.799163,0.175732,0.025105,0.000000,0.000000,0.000000,0.000000,27495,180,279,99
"9,11",43,73125,7,1,1037,2,12,176,294,0,4,8,0.888889,0.111111,0.000000,0.000000,0.000000,0.000000,0.000000,0.800766,0.160920,0.038314,0.000000,0.000000,0.000000,0.000000,27495,180,319,139
"9,12",41,73125,7,1,1036,2,13,347,555,0,4,7,0.833333,0.127778,0.038889,0.000000,0.000000,0.000000,0.000000,0.746667,0.208889,0.044444,0.000000,0.000000,0.000000,0.000000,26796,174,304,127
"9,13",43,73125,7,1,1032,2,12,345,535,0,4,6,0.822222,0.161111,0.016667,0.000000,0.000000,0.000000,0.000000,0.829167,0.145833,0.025000,0.000000,0.000000,0.000000,0.000000,27109,177,319,140
"9,14",46,73125,7,1,1033,2,10,207,512,0,4,7,0.894444,0.088889,0.016667,0.000000,0.000000,0.000000,0.000000,0.765385,0.192308,0.030769,0.011538,0.000000,0.000000,0.000000,27018,177,336,156
"9,15",46,73125,7,1,1032,2,13,298,596,0,4,5,0.827778,0.144444,0.027778,0.000000,0.000000,0.000000,0.000000,0.789683,0.186508,0.023810,0.000000,0.000000,0.000000,0.000000,26738,175,330,152
"9,16",45,73125,7,1,1039,2,15,116,363,0,4,6,0.911111,0.088889,0.000000,0.000000,0.000000,0.000000,0.000000,0.725632,0.238267,0.036101,0.000000,0.000000,0.000000,0.000000,27495,180,330,150
"9,17",42,73125,7,1,1030,2,40,530,688,0,4,7,0.627778,0.272222,0.100000,0.000000,0.000000,0.000000,0.000000,0.715789,0.236842,0.047368,0.000000,0.000000,0.000000,0.000000,24766,162,297,125
"9,18",44,73125,7,1,1044,2,13,508,647,0,4,8,0.788889,0.133333,0.077778,0.000000,0.000000,0.000000,0.000000,0.767932,0.202532,0.029536,0.000000,0.000000,0.000000,0.000000,25418,166,321,144
"9,19",43,73125,7,1,1026,2,8,135,343,0,4,5,0.911111,0.088889,0.000000,0.000000,0.000000,0.000000,0.000000,0.824000,0.156000,0.020000,0.000000,0.000000,0.000000,0.000000,27495,180,318,138
"9,20",44,73125,7,1,1037,2,10,156,243,0,4,8,0.908108,0.091892,0.000000,0.000000,0.000000,0.000000,0.000000,0.835821,0.134328,0.026119,0.003731,0.000000,0.000000,0.000000,28283,185,326,146
"9,21",47,73125,7,1,1032,2,10,223,355,0,4,5,0.870968,0.129032,0.000000,0.000000,0.000000,0.000000,0.000000,0.800000,0.184615,0.007692,0.007692,0.000000,0.000000,0.000000,28421,186,349,165
"9,22",0,73125,0,0,972,4,99999,99999,99999,99999,99999,99999,0.000000,0.000000,0.000000,0.000000,0.000000,0.000000,0.000000,0.000000,0.000000,0.000000,0.000000,0.000000,0.000000,0.000000,0,0,0,0
"9,23",0,73125,0,0,980,4,99999,99999,99999,99999,99999,99999,0.000000,0.000000,0.000000,0.000000,0.000000,0.000000,0.000000,0.000000,0.000000,0.000000,0.000000,0.000000,0.000000,0.000000,0,0,0,0
"9,24",0,73125,0,0,983,4,99999,99999,99999,99999,99999,99999,0.000000,0.000000,0.000000,0.000000,0.000000,0.000000,0.000000,0.000000,0.000000,0.000000,0.000000,0.000000,0.000000,0.000000,0,0,0,0
"9,25",0,73125,0,0,971,4,99999,99999,99999,99999,99999,99999,0.000000,0.000000,0.000000,0.000000,0.000000,0.000000,0.000000,0.000000,0.000000,0.000000,0.000000,0.000000,0.000000,0.000000,0,0,0,0
"9,26",0,73125,0,0,975,4,99999,99999,99999,99999,99999,99999,0.000000,0.000000,0.000000,0.000000,0.000000,0.000000,0.000000,0.000000,0.000000,0.000000,0.000000,0.000000,0.000000,0.000000,0,0,0,0
"9,27",0,73125,0,0,974,4,99999,99999,99999,99999,99999,99999,0.000000,0.000000,0.000000,0.000000,0.000000,0.000000,0.000000,0.000000,0.000000,0.000000,0.000000,0.000000,0.000000,0.000000,0,0,0,0
"9,28",0,73125,0,0,969,4,99999,99999,99999,99999,99999,99999,0.000000,0.000000,0.000000,0.000000,0.000000,0.000000,0.000000,0.000000,0.000000,0.000000,0.000000,0.000000,0.000000,0.000000,0,0,0,0
"9,29",0,73125,0,0,966,4,99999,99999,99999,99999,99999,99999,0.000000,0.000000,0.000000,0.000000,0.000000,0.000000,0.000000,0.000000,0.000000,0.000000,0.000000,0.000000,0.000000,0.000000,0,0,0,0
"9,30",0,73125,0,0,962,4,99999,99999,99999,99999,99999,99999,0.000000,0.000000,0.000000,0.000000,0.000000,0.000000,0.000000,0.000000,0.000000,0.000000,0.000000,0.000000,0.000000,0.000000,0,0,0,0
"9,31",0,73125,0,0,972,4,99999,99999,99999,99999,99999,99999,0.000000,0.000000,0.000000,0.000000,0.000000,0.000000,0.000000,0.000000,0.000000,0.000000,0.000000,0.000000,0.000000,0.000000,0,0,0,0
"9,32",0,73125,0,0,968,4,99999,99999,99999,99999,99999,99999,0.000000,0.000000,0.000000,0.000000,0.000000,0.000000,0.000000,0.000000,0.000000,0.000000,0.000000,0.000000,0.000000,0.000000,0,0,0,0
"9,33",0,73125,0,0,967,4,99999,99999,99999,99999,99999,99999,0.000000,0.000000,0.000000,0.000000,0.000000,0.000000,0.000000,0.000000,0.000000,0.000000,0.000000,0.000000,0.000000,0.000000,0,0,0,0
"9,34",0,73125,0,0,978,4,99999,99999,99999,99999,99999,99999,0.000000,0.000000,0.000000,0.000000,0.000000,0.000000,0.000000,0.000000,0.000000,0.000000,0.000000,0.000000,0.000000,0.000000,0,0,0,0
"9,35",0,73125,0,0,982,4,99999,99999,99999,99999,99999,99999,0.000000,0.000000,0.000000,0.000000,0.000000,0.000000,0.000000,0.000000,0.000000,0.000000,0.000000,0.000000,0.000000,0.000000,0,0,0,0
"9,36",0,73125,0,0,971,4,99999,99999,99999,99999,99999,99999,0.000000,0.000000,0.000000,0.000000,0.000000,0.000000,0.000000,0.000000,0.000000,0.000000,0.000000,0.000000,0.000000,0.000000,0,0,0,0
"9,37",0,73125,0,0,965,4,99999,99999,99999,99999,99999,99999,0.000000,0.000000,0.000000,0.000000,0.000000,0.000000,0.000000,0.000000,0.000000,0.000000,0.000000,0.000000,0.000000,0.000000,0,0,0,0
"9,38",0,73125,0,0,976,4,99999,99999,99999,99999,99999,99999,0.000000,0.000000,0.000000,0.000000,0.000000,0.000000,0.000000,0.000000,0.000000,0.000000,0.000000,0.000000,0.000000,0.000000,0,0,0,0
"9,39",0,73125,0,0,974,4,99999,99999,99999,99999,99999,99999,0.000000,0.000000,0.000000,0.000000,0.000000,0.000000,0.000000,0.000000,0.000000,0.000000,0.000000,0.000000,0.000000,0.000000,0,0,0,0
"9,40",0,73125,0,0,977,4,99999,99999,99999,99999,99999,99999,0.000000,0.000000,0.000000,0.000000,0.000000,0.000000,0.000000,0.000000,0.000000,0.000000,0.000000,0.000000,0.000000,0.000000,0,0,0,0
"9,41",0,73125,0,0,980,4,99999,99999,99999,99999,99999,99999,0.000000,0.000000,0.000000,0.000000,0.000000,0.000000,0.000000,0.000000,0.000000,0.000000,0.000000,0.000000,0.000000,0.000000,0,0,0,0
"9,42",0,73125,0,0,968,4,99999,99999,99999,99999,99999,99999,0.000000,0.000000,0.000000,0.000000,0.000000,0.000000,0.000000,0.000000,0.000000,0.000000,0.000000,0.000000,0.000000,0.000000,0,0,0,0
"9,43",0,73125,0,0,968,4,99999,99999,99999,99999,99999,99999,0.000000,0.000000,0.000000,0.000000,0.000000,0.000000,0.000000,0.000000,0.000000,0.000000,0.000000,0.000000,0.000000,0.000000,0,0,0,0
"9,44",0,73125,0,0,975,4,99999,99999,99999,99999,99999,99999,0.000000,0.000000,0.000000,0.000000,0.000000,0.000000,0.000000,0.000000,0.000000,0.000000,0.000000,0.000000,0.000000,0.000000,0,0,0,0
"9,45",0,73125,0,0,976,4,99999,99999,99999,99999,99999,99999,0.000000,0.000000,0.000000,0.000000,0.000000,0.000000,0.000000,0.000000,0.000000,0.000000,0.000000,0.000000,0.000000,0.000000,0,0,0,0
"9,46",0,73125,0,0,962,4,99999,99999,99999,99999,99999,99999,0.000000,0.000000,0.000000,0.000000,0.000000,0.000000,0.000000,0.000000,0.000000,0.000000,0.000000,0.000000,0.000000,0.000000,0,0,0,0
"9,47",0,73125,0,0,972,4,99999,99999,99999,99999,99999,99999,0.000000,0.000000,0.000000,0.000000,0.000000,0.000000,0.000000,0.000000,0.000000,0.000000,0.000000,0.000000,0.000000,0.000000,0,0,0,0
"9,48",0,73125,0,0,972,4,99999,99999,99999,99999,99999,99999,0.000000,0.000000,0.000000,0.000000,0.000000,0.000000,0.000000,0.000000,0.000000,0.000000,0.000000,0.000000,0.000000,0.000000,0,0,0,0
"9,49",0,73125,0,0,965,4,99999,99999,99999,99999,99999,99999,0.000000,0.000000,0.000000,0.000000,0.000000,0.000000,0.000000,0.000000,0.000000,0.000000,0.000000,0.000000,0.000000,0.000000,0,0,0,0
"9,50",0,73125,0,0,973,4,99999,99999,99999,99999,99999,99999,0.000000,0.000000,0.000000,0.000000,0.000000,0.000000,0.000000,0.000000,0.000000,0.000000,0.000000,0.000000,0.000000,0.000000,0,0,0,0
"9,51",0,73125,0,0,978,4,99999,99999,99999,99999,99999,99999,0.000000,0.000000,0.000000,0.000000,0.000000,0.000000,0.000000,0.000000,0.000000,0.000000,0.000000,0.000000,0.000000,0.000000,0,0,0,0
"9,52",0,73125,0,0,75,4,99999,99999,99999,99999,99999,99999,0.000000,0.000000,0.000000,0.000000,0.000000,0.000000,0.000000,0.000000,0.000000,0.000000,0.000000,0.000000,0.000000,0.000000,0,0,0,0
"9,53",0,73125,0,0,75,4,99999,99999,99999,99999,99999,99999,0.000000,0.000000,0.000000,0.000000,0.000000,0.000000,0.000000,0.000000,0.000000,0.000000,0.000000,0.000000,0.000000,0.000000,0,0,0,0
"9,54",0,73125,0,0,76,4,99999,99999,99999,99999,99999,99999,0.000000,0.000000,0.000000,0.000000,0.000000,0.000000,0.000000,0.000000,0.000000,0.000000,0.000000,0.000000,0.000000,0.000000,0,0,0,0
"9,55",0,73125,0,0,74,4,99999,99999,99999,99999,99999,99999,0.000000,0.000000,0.000000,0.000000,0.000000,0.000000,0.000000,0.000000,0.000000,0.000000,0.000000,0.000000,0.000000,0.000000,0,0,0,0
"9,56",0,73125,0,0,72,4,99999,99999,99999,99999,99999,99999,0.000000,0.000000,0.000000,0.000000,0.000000,0.000000,0.000000,0.000000,0.000000,0.000000,0.000000,0.000000,0.000000,0.000000,0,0,0,0
"9,57",0,73125,0,0,68,4,99999,99999,99999,99999,99999,99999,0.000000,0.000000,0.000000,0.000000,0.000000,0.000000,0.000000,0.000000,0.000000,0.000000,0.000000,0.000000,0.000000,0.000000,0,0,0,0
"9,58",0,73125,0,0,63,4,99999,99999,99999,99999,99999,99999,0.000000,0.000000,0.000000,0.000000,0.000000,0.000000,0.000000,0.000000,0.000000,0.000000,0.000000,0.000000,0.000000,0.000000,0,0,0,0
"9,59",0,73125,0,0,77,4,99999,99999,99999,99999,99999,99999,0.000000,0.000000,0.000000,0.000000,0.000000,0.000000,0.000000,0.000000,0.000000,0.000000,0.000000,0.000000,0.000000,0.000000,0,0,0,0
"9,60",0,73125,0,0,71,4,99999,99999,99999,99999,99999,99999,0.000000,0.000000,0.000000,0.000000,0.000000,0.000000,0.000000,0.000000,0.000000,0.000000,0.000000,0.000000,0.000000,0.000000,0,0,0,0
"9,61",0,73125,0,0,77,4,99999,99999,99999,99999,99999,99999,0.000000,0.000000,0.000000,0.000000,0.000000,0.000000,0.000000,0.000000,0.000000,0.000000,0.000000,0.000000,0.000000,0.000000,0,0,0,0
"9,62",0,73125,0,0,72,4,99999,99999,99999,99999,99999,99999,0.000000,0.000000,0.000000,0.000000,0.000000,0.000000,0.000000,0.000000,0.000000,0.000000,0.000000,0.000000,0.000000,0.000000,0,0,0,0
"9,63",0,73125,0,0,73,4,99999,99999,99999,99999,99999,99999,0.000000,0.000000,0.000000,0.000000,0.000000,0.000000,0.000000,0.000000,0.000000,0.000000,0.000000,0.000000,0.000000,0.000000,0,0,0,0
"9,64",0,73125,0,0,8,4,99999,99999,99999,99999,99999,99999,0.000000,0.000000,0.000000,0.000000,0.000000,0.000000,0.000000,0.000000,0.000000,0.000000,0.000000,0.000000,0.000000,0.000000,0,0,0,0
"9,65",0,73125,0,0,8,4,99999,99999,99999,99999,99999,99999,0.000000,0.000000,0.000000,0.000000,0.000000,0.000000,0.000000,0.000000,0.000000,0.000000,0.000000,0.000000,0.000000,0.000000,0,0,0,0
"9,66",0,73125,0,0,9,4,99999,99999,99999,99999,99999,99999,0.000000,0.000000,0.000000,0.000000,0.000000,0.000000,0.000000,0.000000,0.000000,0.000000,0.000000,0.000000,0.000000,0.000000,0,0,0,0
"9,67",0,73125,0,0,9,4,99999,99999,99999,99999,99999,99999,0.000000,0.000000,0.000000,0.000000,0.000000,0.000000,0.000000,0.000000,0.000000,0.000000,0.000000,0.000000,0.000000,0.000000,0,0,0,0
"9,68",0,73125,0,0,8,4,99999,99999,99999,99999,99999,99999,0.000000,0.000000,0.000000,0.000000,0.000000,0.000000,0.000000,0.000000,0.000000,0.000000,0.000000,0.000000,0.000000,0.000000,0,0,0,0
"9,69",0,73125,0,0,9,4,99999,99999,99999,99999,99999,99999,0.000000,0.000000,0.000000,0.000000,0.000000,0.000000,0.000000,0.000000,0.000000,0.000000,0.000000,0.000000,0.000000,0.000000,0,0,0,0
"9,70",0,73125,0,0,8,4,99999,99999,99999,99999,99999,99999,0.000000,0.000000,0.000000,0.000000,0.000000,0.000000,0.000000,0.000000,0.000000,0.000000,0.000000,0.000000,0.000000,0.000000,0,0,0,0
"9,71",0,73125,0,0,8,4,99999,99999,99999,99999,99999,99999,0.000000,0.000000,0.000000,0.000000,0.000000,0.000000,0.000000,0.000000,0.000000,0.000000,0.000000,0.000000,0.000000,0.000000,0,0,0,0
"9,72",0,73125,0,0,4,4,99999,99999,99999,99999,99999,99999,0.000000,0.000000,0.000000,0.000000,0.000000,0.000000,0.000000,0.000000,0.000000,0.000000,0.000000,0.000000,0.000000,0.000000,0,0,0,0
"9,73",0,73125,0,0,4,4,99999,99999,99999,99999,99999,99999,0.000000,0.000000,0.000000,0.000000,0.000000,0.000000,0.000000,0.000000,0.000000,0.000000,0.000000,0.000000,0.000000,0.000000,0,0,0,0
"9,74",0,73125,0,0,4,4,99999,99999,99999,99999,99999,99999,0.000000,0.000000,0.000000,0.000000,0.000000,0.000000,0.000000,0.000000,0.000000,0.000000,0.000000,0.000000,0.000000,0.000000,0,0,0,0
"10,1",40,73125,7,1,1042,2,12,222,500,0,4,5,0.867403,0.116022,0.016575,0.000000,0.000000,0.000000,0.000000,0.770833,0.212500,0.016667,0.000000,0.000000,0.000000,0.000000,27251,178,301,121
"10,2",42,73125,7,1,1032,2,11,167,381,0,4,6,0.911111,0.088889,0.000000,0.000000,0.000000,0.000000,0.000000,0.815498,0.154982,0.029520,0.000000,0.000000,0.000000,0.000000,27495,180,312,132
"10,3",38,73125,7,1,1029,2,8,77,254,0,4,5,0.950000,0.050000,0.000000,0.000000,0.000000,0.000000,0.000000,0.853846,0.130769,0.011538,0.003846,0.000000,0.000000,0.000000,27495,180,293,113
"10,4",43,73714,8,1,1031,2,11,124,195,0,4,5,0.933333,0.066667,0.000000,0.000000,0.000000,0.000000,0.000000,0.788321,0.186131,0.025547,0.000000,0.000000,0.000000,0.000000,27495,180,319,139
"10,5",44,74279,8,1,1035,2,12,367,555,0,4,6,0.855556,0.111111,0.033333,0.000000,0.000000,0.000000,0.000000,0.816733,0.167331,0.015936,0.000000,0.000000,0.000000,0.000000,26620,174,321,144
"10,6",40,74756,8,1,1033,2,8,158,920,0,4,4,0.911111,0.061111,0.011111,0.016667,0.000000,0.000000,0.000000,0.806202,0.182171,0.011628,0.000000,0.000000,0.000000,0.000000,26711,175,299,122
"10,7",43,75228,8,1,1039,2,16,459,561,0,4,6,0.833333,0.122222,0.044444,0.000000,0.000000,0.000000,0.000000,0.755102,0.216327,0.024490,0.000000,0.004082,0.000000,0.000000,26320,172,311,134
"10,8",44,75686,8,1,1040,2,10,276,482,0,4,5,0.872928,0.116022,0.011050,0.000000,0.000000,0.000000,0.000000,0.782609,0.197628,0.019763,0.000000,0.000000,0.000000,0.000000,27328,179,326,146
"10,9",37,76066,8,1,1035,2,10,95,181,0,4,4,0.955801,0.044199,0.000000,0.000000,0.000000,0.000000,0.000000,0.812500,0.179688,0.007812,0.000000,0.000000,0.000000,0.000000,27561,181,291,110
"10,10",40,76443,8,1,1028,2,8,124,259,0,4,7,0.927778,0.072222,0.000000,0.000000,0.000000,0.000000,0.000000,0.810409,0.171004,0.018587,0.000000,0.000000,0.000000,0.000000,27495,180,304,124
"10,11",42,76797,8,1,1040,2,10,150,400,0,4,7,0.928571,0.071429,0.000000,0.000000,0.000000,0.000000,0.000000,0.797710,0.156489,0.041985,0.003817,0.000000,0.000000,0.000000,27777,182,313,133
"10,12",43,77116,8,1,1033,2,18,524,568,0,4,4,0.727778,0.194444,0.077778,0.000000,0.000000,0.000000,0.000000,0.812500,0.182692,0.004808,0.000000,0.000000,0.000000,0.000000,25239,166,300,130
"10,13",37,77392,8,1,1032,2,12,512,556,0,4,5,0.767956,0.165746,0.066298,0.000000,0.000000,0.000000,0.000000,0.772727,0.204545,0.022727,0.000000,0.000000,0.000000,0.000000,25829,169,275,104
"10,14",45,77707,8,1,1040,2,12,144,291,0,4,8,0.916667,0.083333,0.000000,0.000000,0.000000,0.000000,0.000000,0.781022,0.189781,0.018248,0.007299,0.003650,0.000000,0.000000,27495,180,331,151
"10,15",36,77965,8,1,1038,2,11,268,379,0,4,7,0.850000,0.150000,0.000000,0.000000,0.000000,0.000000,0.000000,0.787330,0.185520,0.027149,0.000000,0.000000,0.000000,0.000000,27495,180,284,104
"10,16",37,78211,8,1,1037,2,10,112,223,0,4,7,0.933333,0.066667,0.000000,0.000000,0.000000,0.000000,0.000000,0.794466,0.181818,0.023715,0.000000,0.000000,0.000000,0.000000,27495,180,289,109
"10,17",44,78074,7,1,1041,2,10,85,145,0,4,7,0.966667,0.033333,0.000000,0.000000,0.000000,0.000000,0.000000,0.749141,0.223368,0.024055,0.003436,0.000000,0.000000,0.000000,27495,180,325,145
"10,18",47,77939,7,1,1041,2,20,508,674,0,4,8,0.722222,0.200000,0.077778,0.000000,0.000000,0.000000,0.000000,0.758140,0.200000,0.037209,0.004651,0.000000,0.000000,0.000000,25458,166,332,158
"10,19",36,77832,7,1,1028,2,6,68,146,0,4,8,0.966667,0.033333,0.000000,0.000000,0.000000,0.000000,0.000000,0.836576,0.128405,0.027237,0.007782,0.000000,0.000000,0.000000,27495,180,282,102
"10,20",37,77730,7,1,1033,2,12,527,637,0,4,6,0.795580,0.121547,0.082873,0.000000,0.000000,0.000000,0.000000,0.790909,0.181818,0.027273,0.000000,0.000000,0.000000,0.000000,25372,166,272,102
"10,21",38,77628,7,1,1032,2,9,83,367,0,4,4,0.950000,0.050000,0.000000,0.000000,0.000000,0.000000,0.000000,0.813230,0.182879,0.003891,0.000000,0.000000,0.000000,0.000000,27495,180,294,114
"10,22",37,77529,7,1,1036,2,9,176,421,0,4,6,0.922222,0.072222,0.005556,0.000000,0.000000,0.000000,0.000000,0.814516,0.165323,0.020161,0.000000,0.000000,0.000000,0.000000,27372,179,290,110
"10,23",47,77417,7,1,1034,2,14,387,525,0,4,8,0.796703,0.181319,0.021978,0.000000,0.000000,0.000000,0.000000,0.764706,0.197479,0.033613,0.004202,0.000000,0.000000,0.000000,27160,178,346,165
"10,24",0,77417,0,0,973,4,99999,99999,99999,99999,99999,99999,0.000000,0.000000,0.000000,0.000000,0.000000,0.000000,0.000000,0.000000,0.000000,0.000000,0.000000,0.000000,0.000000,0.000000,0,0,0,0
"10,25",0,77417,0,0,973,4,99999,99999,99999,99999,99999,99999,0.000000,0.000000,0.000000,0.000000,0.000000,0.000000,0.000000,0.000000,0.000000,0.000000,0.000000,0.000000,0.000000,0.000000,0,0,0,0
"10,26",0,77417,0,0,982,4,99999,99999,99999,99999,99999,99999,0.000000,0.000000,0.000000,0.000000,0.000000,0.000000,0.000000,0.000000,0.000000,0.000000,0.000000,0.000000,0.000000,0.000000,0,0,0,0
"10,27",0,77417,0,0,968,4,99999,99999,99999,99999,99999,99999,0.000000,0.000000,0.000000,0.000000,0.000000,0.000000,0.000000,0.000000,0.000000,0.000000,0.000000,0.000000,0.000000,0.000000,0,0,0,0
"10,28",0,77417,0,0,972,4,99999,99999,99999,99999,99999,99999,0.000000,0.000000,0.000000,0.000000,0.000000,0.000000,0.000000,0.000000,0.000000,0.000000,0.000000,0.000000,0.000000,0.000000,0,0,0,0
"10,29",0,77417,0,0,972,4,99999,99999,99999,99999,99999,99999,0.000000,0.000000,0.000000,0.000000,0.000000,0.000000,0.000000,0.000000,0.000000,0.000000,0.000000,0.000000,0.000000,0.000000,0,0,0,0
"10,30",0,77417,0,0,962,4,99999,99999,99999,99999,99999,99999,0.000000,0.000000,0.000000,0.000000,0.000000,0.000000,0.000000,0.000000,0.000000,0.000000,0.000000,0.000000,0.000000,0.000000,0,0,0,0
"10,31",0,77417,0,0,965,4,99999,99999,99999,99999,99999,99999,0.000000,0.000000,0.000000,0.000000,0.000000,0.000000,0.000000,0.000000,0.000000,0.000000,0.000000,0.000000,0.000000,0.000000,0,0,0,0
"10,32",0,77417,0,0,978,4,99999,99999,99999,99999,99999,99999,0.000000,0.000000,0.000000,0.000000,0.000000,0.000000,0.000000,0.000000,0.000000,0.000000,0.000000,0.000000,0.000000,0.000000,0,0,0,0
"10,33",0,77417,0,0,970,4,99999,99999,99999,99999,99999,99999,0.000000,0.000000,0.000000,0.000000,0.000000,0.000000,0.000000,0.000000,0.000000,0.000000,0.000000,0.000000,0.000000,0.000000,0,0,0,0
"10,34",0,77417,0,0,973,4,99999,99999,99999,99999,99999,99999,0.000000,0.000000,0.000000,0.000000,0.000000,0.000000,0.000000,0.000000,0.000000,0.000000,0.000000,0.000000,0.000000,0.000000,0,0,0,0
"10,35",0,77417,0,0,968,4,99999,99999,99999,99999,99999,99999,0.000000,0.000000,0.000000,0.000000,0.000000,0.000000,0.000000,0.000000,0.000000,0.000000,0.000000,0.000000,0.000000,0.000000,0,0,0,0
"10,36",0,77417,0,0,973,4,99999,99999,99999,99999,99999,99999,0.000000,0.000000,0.000000,0.000000,0.000000,0.000000,0.000000,0.000000,0.000000,0.000000,0.000000,0.000000,0.000000,0.000000,0,0,0,0
"10,37",0,77417,0,0,967,4,99999,99999,99999,99999,99999,99999,0.000000,0.000000,0.000000,0.000000,0.000000,0.000000,0.000000,0.000000,0.000000,0.000000,0.000000,0.000000,0.000000,0.000000,0,0,0,0
"10,38",0,77417,0,0,974,4,99999,99999,99999,99999,99999,99999,0.000000,0.000000,0.000000,0.000000,0.000000,0.000000,0.000000,0.000000,0.000000,0.000000,0.000000,0.000000,0.000000,0.000000,0,0,0,0
"10,39",0,77417,0,0,975,4,99999,99999,99999,99999,99999,99999,0.000000,0.000000,0.000000,0.000000,0.000000,0.000000,0.000000,0.000000,0.000000,0.000000,0.000000,0.000000,0.000000,0.000000,0,0,0,0
"10,40",0,77417,0,0,970,4,99999,99999,99999,99999,99999,99999,0.000000,0.000000,0.000000,0.000000,0.000000,0.000000,0.000000,0.000000,0.000000,0.000000,0.000000,0.000000,0.000000,0.000000,0,0,0,0
"10,41",0,77417,0,0,973,4,99999,99999,99999,99999,99999,99999,0.000000,0.000000,0.000000,0.000000,0.000000,0.000000,0.000000,0.000000,0.000000,0.000000,0.000000,0.000000,0.000000,0.000000,0,0,0,0
"10,42",0,77417,0,0,984,4,99999,99999,99999,99999,99999,99999,0.000000,0.000000,0.000000,0.000000,0.000000,0.000000,0.000000,0.000000,0.000000,0.000000,0.000000,0.000000,0.000000,0.000000,0,0,0,0
"10,43",0,77417,0,0,972,4,99999,99999,99999,99999,99999,99999,0.000000,0.000000,0.000000,0.000000,0.000000,0.000000,0.000000,0.000000,0.000000,0.000000,0.000000,0.000000,0.000000,0.000000,0,0,0,0
"10,44",0,77417,0,0,976,4,99999,99999,99999,99999,99999,99999,0.000000,0.000000,0.000000,0.000000,0.000000,0.000000,0.000000,0.000000,0.000000,0.000000,0.000000,0.000000,0.000000,0.000000,0,0,0,0
"10,45",0,77417,0,0,961,4,99999,99999,99999,99999,99999,99999,0.000000,0.000000,0.000000,0.000000,0.000000,0.000000,0.000000,0.000000,0.000000,0.000000,0.000000,0.000000,0.000000,0.000000,0,0,0,0
"10,46",0,77417,0,0,971,4,99999,99999,99999,99999,99999,99999,0.000000,0.000000,0.000000,0.000000,0.000000,0.000000,0.000000,0.000000,0.000000,0.000000,0.000000,0.000000,0.000000,0.000000,0,0,0,0
"10,47",0,77417,0,0,970,4,99999,99999,99999,99999,99999,99999,0.000000,0.000000,0.000000,0.000000,0.000000,0.000000,0.000000,0.000000,0.000000,0.000000,0.000000,0.000000,0.000000,0.000000,0,0,0,0
"10,48",0,77417,0,0,976,4,99999,99999,99999,99999,99999,99999,0.000000,0.000000,0.000000,0.000000,0.000000,0.000000,0.000000,0.000000,0.000000,0.000000,0.000000,0.000000,0.000000,0.000000,0,0,0,0
"10,49",0,77417,0,0,978,4,99999,99999,99999,99999,99999,99999,0.000000,0.000000,0.000000,0.000000,0.000000,0.000000,0.000000,0.000000,0.000000,0.000000,0.000000,0.000000,0.000000,0.000000,0,0,0,0
"10,50",0,77417,0,0,972,4,99999,99999,99999,99999,99999,99999,0.000000,0.000000,0.000000,0.000000,0.000000,0.000000,0.000000,0.000000,0.000000,0.000000,0.000000,0.000000,0.000000,0.000000,0,0,0,0
"10,51",0,77417,0,0,972,4,99999,99999,99999,99999,99999,99999,0.000000,0.000000,0.000000,0.000000,0.000000,0.000000,0.000000,0.000000,0.000000,0.000000,0.000000,0.000000,0.000000,0.000000,0,0,0,0
"10,52",0,77417,0,0,68,4,99999,99999,99999,99999,99999,99999,0.000000,0.000000,0.000000,0.000000,0.000000,0.000000,0.000000,0.000000,0.000000,0.000000,0.000000,0.000000,0.000000,0.000000,0,0,0,0
"10,53",0,77417,0,0,80,4,99999,99999,99999,99999,99999,99999,0.000000,0.000000,0.000000,0.000000,0.000000,0.000000,0.000000,0.000000,0.000000,0.000000,0.000000,0.000000,0.000000,0.000000,0,0,0,0
"10,54",0,77417,0,0,72,4,99999,99999,99999,99999,99999,99999,0.000000,0.000000,0.000000,0.000000,0.000000,0.000000,0.000000,0.000000,0.000000,0.000000,0.000000,0.000000,0.000000,0.000000,0,0,0,0
"10,55",0,77417,0,0,72,4,99999,99999,99999,99999,99999,99999,0.000000,0.000000,0.000000,0.000000,0.000000,0.000000,0.000000,0.000000,0.000000,0.000000,0.000000,0.000000,0.000000,0.000000,0,0,0,0
"10,56",0,77417,0,0,81,4,99999,99999,99999,99999,99999,99999,0.000000,0.000000,0.000000,0.000000,0.000000,0.000000,0.000000,0.000000,0.000000,0.000000,0.000000,0.000000,0.000000,0.000000,0,0,0,0
"10,57",0,77417,0,0,64,4,99999,99999,99999,99999,99999,99999,0.000000,0.000000,0.000000,0.000000,0.000000,0.000000,0.000000,0.000000,0.000000,0.000000,0.000000,0.000000,0.000000,0.000000,0,0,0,0
"10,58",0,77417,0,0,72,4,99999,99999,99999,99999,99999,99999,0.000000,0.000000,0.000000,0.000000,0.000000,0.000000,0.000000,0.000000,0.000000,0.000000,0.000000,0.000000,0.000000,0.000000,0,0,0,0
"10,59",0,77417,0,0,67,4,99999,99999,99999,99999,99999,99999,0.000000,0.000000,0.000000,0.000000,0.000000,0.000000,0.000000,0.000000,0.000000,0.000000,0.000000,0.000000,0.000000,0.000000,0,0,0,0
"10,60",0,77417,0,0,66,4,99999,99999,99999,99999,99999,99999,0.000000,0.000000,0.000000,0.000000,0.000000,0.000000,0.000000,0.000000,0.000000,0.000000,0.000000,0.000000,0.000000,0.000000,0,0,0,0
"10,61",0,77417,0,0,67,4,99999,99999,99999,99999,99999,99999,0.000000,0.000000,0.000000,0.000000,0.000000,0.000000,0.000000,0.000000,0.000000,0.000000,0.000000,0.000000,0.000000,0.000000,0,0,0,0
"10,62",0,77417,0,0,68,4,99999,99999,99999,99999,99999,99999,0.000000,0.000000,0.000000,0.000000,0.000000,0.000000,0.000000,0.000000,0.000000,0.000000,0.000000,0.000000,0.000000,0.000000,0,0,0,0
"10,63",0,77417,0,0,85,4,99999,99999,99999,99999,99999,99999,0.000000,0.000000,0.000000,0.000000,0.000000,0.000000,0.000000,0.000000,0.000000,0.000000,0.000000,0.000000,0.000000,0.000000,0,0,0,0
"10,64",0,77417,0,0,8,4,99999,99999,99999,99999,99999,99999,0.000000,0.000000,0.000000,0.000000,0.000000,0.000000,0.000000,0.000000,0.000000,0.000000,0.000000,0.000000,0.000000,0.000000,0,0,0,0
"10,65",0,77417,0,0,9,4,99999,99999,99999,99999,99999,99999,0.000000,0.000000,0.000000,0.000000,0.000000,0.000000,0.000000,0.000000,0.000000,0.000000,0.000000,0.000000,0.000000,0.000000,0,0,0,0
"10,66",0,77417,0,0,8,4,99999,99999,99999,99999,99999,99999,0.000000,0.000000,0.000000,0.000000,0.000000,0.000000,0.000000,0.000000,0.000000,0.000000,0.000000,0.000000,0.000000,0.000000,0,0,0,0
"10,67",0,77417,0,0,8,4,99999,99999,99999,99999,99999,99999,0.000000,0.000000,0.000000,0.000000,0.000000,0.000000,0.000000,0.000000,0.000000,0.000000,0.000000,0.000000,0.000000,0.000000,0,0,0,0
"10,68",0,77417,0,0,9,4,99999,99999,99999,99999,99999,99999,0.000000,0.000000,0.000000,0.000000,0.000000,0.000000,0.000000,0.000000,0.000000,0.000000,0.000000,0.000000,0.000000,0.000000,0,0,0,0
"10,69",0,77417,0,0,9,4,99999,99999,99999,99999,99999,99999,0.000000,0.000000,0.000000,0.000000,0.000000,0.000000,0.000000,0.000000,0.000000,0.000000,0.000000,0.000000,0.000000,0.000000,0,0,0,0
"10,70",0,77417,0,0,7,4,99999,99999,99999,99999,99999,99999,0.000000,0.000000,0.000000,0.000000,0.000000,0.000000,0.000000,0.000000,0.000000,0.000000,0.000000,0.000000,0.000000,0.000000,0,0,0,0
"10,71",0,77417,0,0,8,4,99999,99999,99999,99999,99999,99999,0.000000,0.000000,0.000000,0.000000,0.000000,0.000000,0.000000,0.000000,0.000000,0.000000,0.000000,0.000000,0.000000,0.000000,0,0,0,0
"10,72",0,77417,0,0,4,4,99999,99999,99999,99999,99999,99999,0.000000,0.000000,0.000000,0.000000,0.000000,0.000000,0.000000,0.000000,0.000000,0.000000,0.000000,0.000000,0.000000,0.000000,0,0,0,0
"10,73",0,77417,0,0,4,4,99999,99999,99999,99999,99999,99999,0.000000,0.000000,0.000000,0.000000,0.000000,0.000000,0.000000,0.000000,0.000000,0.000000,0.000000,0.000000,0.000000,0.000000,0,0,0,0
"10,74",0,77417,0,0,4,4,99999,99999,99999,99999,99999,99999,0.000000,0.000000,0.000000,0.000000,0.000000,0.000000,0.000000,0.000000,0.000000,0.000000,0.000000,0.000000,0.000000,0.000000,0,0,0,0
"11,1",45,87750,8,1,1034,2,13,273,501,0,4,5,0.850000,0.133333,0.016667,0.000000,0.000000,0.000000,0.000000,0.772549,0.211765,0.015686,0.000000,0.000000,0.000000,0.000000,27090,177,329,149
"11,2",42,87750,8,1,1028,2,8,87,266,0,4,5,0.950000,0.050000,0.000000,0.000000,0.000000,0.000000,0.000000,0.799296,0.172535,0.028169,0.000000,0.000000,0.000000,0.000000,27495,180,311,131
"11,3",42,87750,8,1,1036,2,9,84,186,0,4,5,0.961111,0.038889,0.000000,0.000000,0.000000,0.000000,0.000000,0.789668,0.188192,0.018450,0.003690,0.000000,0.000000,0.000000,27495,180,312,132
"11,4",32,87750,8,1,1036,2,8,236,505,0,4,5,0.905556,0.072222,0.022222,0.000000,0.000000,0.000000,0.000000,0.829876,0.153527,0.016598,0.000000,0.000000,0.000000,0.000000,27008,176,264,86
"11,5",34,87750,8,1,1029,2,10,521,618,0,3,8,0.822222,0.111111,0.066667,0.000000,0.000000,0.000000,0.000000,0.843318,0.138249,0.009217,0.009217,0.000000,0.000000,0.000000,25735,168,275,96
"11,6",41,87750,8,1,1027,2,8,167,321,0,4,6,0.888889,0.111111,0.000000,0.000000,0.000000,0.000000,0.000000,0.833333,0.142857,0.023810,0.000000,0.000000,0.000000,0.000000,27495,180,308,128
"11,7",40,87750,8,1,1039,2,10,131,203,0,4,7,0.927778,0.072222,0.000000,0.000000,0.000000,0.000000,0.000000,0.778656,0.189723,0.031621,0.000000,0.000000,0.000000,0.000000,27495,180,303,123
"11,8",34,87750,8,1,1036,2,10,403,703,0,4,7,0.861111,0.100000,0.038889,0.000000,0.000000,0.000000,0.000000,0.848889,0.128889,0.022222,0.000000,0.000000,0.000000,0.000000,26401,173,271,94
"11,9",38,87750,8,1,1034,2,10,116,209,0,4,7,0.933702,0.066298,0.000000,0.000000,0.000000,0.000000,0.000000,0.782101,0.190661,0.023346,0.000000,0.003891,0.000000,0.000000,27561,181,294,113
"11,10",44,87750,8,1,1049,2,12,247,505,0,4,8,0.856354,0.127072,0.016575,0.000000,0.000000,0.000000,0.000000,0.792683,0.166667,0.036585,0.004065,0.000000,0.000000,0.000000,27204,178,322,142
"11,11",46,87750,8,1,1040,2,20,524,711,0,4,8,0.734807,0.193370,0.071823,0.000000,0.000000,0.000000,0.000000,0.722727,0.231818,0.045455,0.000000,0.000000,0.000000,0.000000,25866,168,325,151
"11,12",40,87750,8,1,1036,2,13,302,443,0,4,6,0.817680,0.171271,0.011050,0.000000,0.000000,0.000000,0.000000,0.793388,0.177686,0.024793,0.004132,0.000000,0.000000,0.000000,27368,179,305,125
"11,13",40,87750,8,1,1025,2,9,108,179,0,4,7,0.944444,0.055556,0.000000,0.000000,0.000000,0.000000,0.000000,0.779468,0.171103,0.049430,0.000000,0.000000,0.000000,0.000000,27495,180,301,121
"11,14",45,87750,8,1,1031,2,11,205,306,0,4,7,0.866667,0.133333,0.000000,0.000000,0.000000,0.000000,0.000000,0.777778,0.182540,0.039683,0.000000,0.000000,0.000000,0.000000,27495,180,329,149
"11,15",41,87750,8,1,1033,2,10,179,383,0,4,6,0.905556,0.094444,0.000000,0.000000,0.000000,0.000000,0.000000,0.782946,0.189922,0.023256,0.003876,0.000000,0.000000,0.000000,27495,180,306,126
"11,16",38,87750,8,1,1035,2,9,173,313,0,4,5,0.916667,0.083333,0.000000,0.000000,0.000000,0.000000,0.000000,0.829268,0.154472,0.012195,0.004065,0.000000,0.000000,0.000000,27495,180,294,114
"11,17",40,87750,8,1,1036,2,11,181,353,0,5,7,0.894444,0.105556,0.000000,0.000000,0.000000,0.000000,0.000000,0.784314,0.160784,0.050980,0.003922,0.000000,0.000000,0.000000,27495,180,304,124
"11,18",40,87750,8,1,1041,2,9,129,220,0,4,5,0.922222,0.077778,0.000000,0.000000,0.000000,0.000000,0.000000,0.789683,0.178571,0.031746,0.000000,0.000000,0.000000,0.000000,27495,180,303,123
"11,19",40,87750,8,1,1033,2,10,257,526,0,4,7,0.900000,0.072222,0.027778,0.000000,0.000000,0.000000,0.000000,0.761719,0.207031,0.027344,0.003906,0.000000,0.000000,0.000000,26610,175,298,121
"11,20",37,87071,7,1,1037,2,10,479,542,0,4,7,0.862434,0.089947,0.047619,0.000000,0.000000,0.000000,0.000000,0.780083,0.190871,0.020747,0.004149,0.004149,0.000000,0.000000,27495,180,290,110
"11,21",38,86422,7,1,1038,2,9,365,560,0,4,8,0.916667,0.044444,0.038889,0.000000,0.000000,0.000000,0.000000,0.761905,0.206349,0.027778,0.000000,0.003968,0.000000,0.000000,26413,173,290,113
"11,22",44,85807,7,1,1035,2,12,504,527,0,4,8,0.822222,0.122222,0.055556,0.000000,0.000000,0.000000,0.000000,0.780083,0.178423,0.037344,0.004149,0.000000,0.000000,0.000000,25824,170,314,140
"11,23",45,85210,7,1,1035,2,12,337,468,0,4,8,0.787234,0.202128,0.010638,0.000000,0.000000,0.000000,0.000000,0.775862,0.198276,0.025862,0.000000,0.000000,0.000000,0.000000,28473,186,337,153
"11,24",38,84718,7,1,1041,2,9,62,117,0,4,8,0.977778,0.022222,0.000000,0.000000,0.000000,0.000000,0.000000,0.751880,0.206767,0.033835,0.007519,0.000000,0.000000,0.000000,27495,180,292,112
"11,25",40,84263,7,1,1031,2,9,271,516,0,4,7,0.888889,0.088889,0.022222,0.000000,0.000000,0.000000,0.000000,0.800813,0.170732,0.024390,0.004065,0.000000,0.000000,0.000000,26850,176,303,123
"11,26",0,84263,0,0,961,4,99999,99999,99999,99999,99999,99999,0.000000,0.000000,0.000000,0.000000,0.000000,0.000000,0.000000,0.000000,0.000000,0.000000,0.000000,0.000000,0.000000,0.000000,0,0,0,0
"11,27",0,84263,0,0,972,4,99999,99999,99999,99999,99999,99999,0.000000,0.000000,0.000000,0.000000,0.000000,0.000000,0.000000,0.000000,0.000000,0.000000,0.000000,0.000000,0.000000,0.000000,0,0,0,0
"11,28",0,84263,0,0,970,4,99999,99999,99999,99999,99999,99999,0.000000,0.000000,0.000000,0.000000,0.000000,0.000000,0.000000,0.000000,0.000000,0.000000,0.000000,0.000000,0.000000,0.000000,0,0,0,0
"11,29",0,84263,0,0,976,4,99999,99999,99999,99999,99999,99999,0.000000,0.000000,0.000000,0.000000,0.000000,0.000000,0.000000,0.000000,0.000000,0.000000,0.000000,0.000000,0.000000,0.000000,0,0,0,0
"11,30",0,84263,0,0,968,4,99999,99999,99999,99999,99999,99999,0.000000,0.000000,0.000000,0.000000,0.000000,0.000000,0.000000,0.000000,0.000000,0.000000,0.000000,0.000000,0.000000,0.000000,0,0,0,0
"11,31",0,84263,0,0,969,4,99999,99999,99999,99999,99999,99999,0.000000,0.000000,0.000000,0.000000,0.000000,0.000000,0.000000,0.000000,0.000000,0.000000,0.000000,0.000000,0.000000,0.000000,0,0,0,0
"11,32",0,84263,0,0,978,4,99999,99999,99999,99999,99999,99999,0.000000,0.000000,0.000000,0.000000,0.000000,0.000000,0.000000,0.000000,0.000000,0.000000,0.000000,0.000000,0.000000,0.000000,0,0,0,0
"11,33",0,84263,0,0,971,4,99999,99999,99999,99999,99999,99999,0.000000,0.000000,0.000000,0.000000,0.000000,0.000000,0.000000,0.000000,0.000000,0.000000,0.000000,0.000000,0.000000,0.000000,0,0,0,0
"11,34",0,84263,0,0,974,4,99999,99999,99999,99999,99999,99999,0.000000,0.000000,0.000000,0.000000,0.000000,0.000000,0.000000,0.000000,0.000000,0.000000,0.000000,0.000000,0.000000,0.000000,0,0,0,0
"11,35",0,84263,0,0,973,4,99999,99999,99999,99999,99999,99999,0.000000,0.000000,0.000000,0.000000,0.000000,0.000000,0.000000,0.000000,0.000000,0.000000,0.000000,0.000000,0.000000,0.000000,0,0,0,0
"11,36",0,84263,0,0,969,4,99999,99999,99999,99999,99999,99999,0.000000,0.000000,0.000000,0.000000,0.000000,0.000000,0.000000,0.000000,0.000000,0.000000,0.000000,0.000000,0.000000,0.000000,0,0,0,0
"11,37",0,84263,0,0,972,4,99999,99999,99999,99999,99999,99999,0.000000,0.000000,0.000000,0.000000,0.000000,0.000000,0.000000,0.000000,0.000000,0.000000,0.000000,0.000000,0.000000,0.000000,0,0,0,0
"11,38",0,84263,0,0,978,4,99999,99999,99999,99999,99999,99999,0.000000,0.000000,0.000000,0.000000,0.000000,0.000000,0.000000,0.000000,0.000000,0.000000,0.000000,0.000000,0.000000,0.000000,0,0,0,0
"11,39",0,84263,0,0,977,4,99999,99999,99999,99999,99999,99999,0.000000,0.000000,0.000000,0.000000,0.000000,0.000000,0.000000,0.000000,0.000000,0.000000,0.000000,0.000000,0.000000,0.000000,0,0,0,0
"11,40",0,84263,0,0,970,4,99999,99999,99999,99999,99999,99999,0.000000,0.000000,0.000000,0.000000,0.000000,0.000000,0.000000,0.000000,0.000000,0.000000,0.000000,0.000000,0.000000,0.000000,0,0,0,0
"11,41",0,84263,0,0,978,4,99999,99999,99999,99999,99999,99999,0.000000,0.000000,0.000000,0.000000,0.000000,0.000000,0.000000,0.000000,0.000000,0.000000,0.000000,0.000000,0.000000,0.000000,0,0,0,0
"11,42",0,84263,0,0,968,4,99999,99999,99999,99999,99999,99999,0.000000,0.000000,0.000000,0.000000,0.000000,0.000000,0.000000,0.000000,0.000000,0.000000,0.000000,0.000000,0.000000,0.000000,0,0,0,0
"11,43",0,84263,0,0,965,4,99999,99999,99999,99999,99999,99999,0.000000,0.000000,0.000000,0.000000,0.000000,0.000000,0.000000,0.000000,0.000000,0.000000,0.000000,0.000000,0.000000,0.000000,0,0,0,0
"11,44",0,84263,0,0,976,4,99999,99999,99999,99999,99999,99999,0.000000,0.000000,0.000000,0.000000,0.000000,0.000000,0.000000,0.000000,0.000000,0.000000,0.000000,0.000000,0.000000,0.000000,0,0,0,0
"11,45",0,84263,0,0,981,4,99999,99999,99999,99999,99999,99999,0.000000,0.000000,0.000000,0.000000,0.000000,0.000000,0.000000,0.000000,0.000000,0.000000,0.000000,0.000000,0.000000,0.000000,0,0,0,0
"11,46",0,84263,0,0,972,4,99999,99999,99999,99999,99999,99999,0.000000,0.000000,0.000000,0.000000,0.000000,0.000000,0.000000,0.000000,0.000000,0.000000,0.000000,0.000000,0.000000,0.000000,0,0,0,0
"11,47",0,84263,0,0,972,4,99999,99999,99999,99999,99999,99999,0.000000,0.000000,0.000000,0.000000,0.000000,0.000000,0.000000,0.000000,0.000000,0.000000,0.000000,0.000000,0.000000,0.000000,0,0,0,0
"11,48",0,84263,0,0,977,4,99999,99999,99999,99999,99999,99999,0.000000,0.000000,0.000000,0.000000,0.000000,0.000000,0.000000,0.000000,0.000000,0.000000,0.000000,0.000000,0.000000,0.000000,0,0,0,0
"11,49",0,84263,0,0,974,4,99999,99999,99999,99999,99999,99999,0.000000,0.000000,0.000000,0.000000,0.000000,0.000000,0.000000,0.000000,0.000000,0.000000,0.000000,0.000000,0.000000,0.000000,0,0,0,0
"11,50",0,84263,0,0,970,4,99999,99999,99999,99999,99999,99999,0.000000,0.000000,0.000000,0.000000,0.000000,0.000000,0.000000,0.000000,0.000000,0.000000,0.000000,0.000000,0.000000,0.000000,0,0,0,0
"11,51",0,84263,0,0,971,4,99999,99999,99999,99999,99999,99999,0.000000,0.000000,0.000000,0.000000,0.000000,0.000000,0.000000,0.000000,0.000000,0.000000,0.000000,0.000000,0.000000,0.000000,0,0,0,0
"11,52",0,84263,0,0,978,4,99999,99999,99999,99999,99999,99999,0.000000,0.000000,0.000000,0.000000,0.000000,0.000000,0.000000,0.000000,0.000000,0.000000,0.000000,0.000000,0.000000,0.000000,0,0,0,0
"11,53",0,84263,0,0,68,4,99999,99999,99999,99999,99999,99999,0.000000,0.000000,0.000000,0.000000,0.000000,0.000000,0.000000,0.000000,0.000000,0.000000,0.000000,0.000000,0.000000,0.000000,0,0,0,0
"11,54",0,84263,0,0,72,4,99999,99999,99999,99999,99999,99999,0.000000,0.000000,0.000000,0.000000,0.000000,0.000000,0.000000,0.000000,0.000000,0.000000,0.000000,0.000000,0.000000,0.000000,0,0,0,0
"11,55",0,84263,0,0,70,4,99999,99999,99999,99999,99999,99999,0.000000,0.000000,0.000000,0.000000,0.000000,0.000000,0.000000,0.000000,0.000000,0.000000,0.000000,0.000000,0.000000,0.000000,0,0,0,0
"11,56",0,84263,0,0,75,4,99999,99999,99999,99999,99999,99999,0.000000,0.000000,0.000000,0.000000,0.000000,0.000000,0.000000,0.000000,0.000000,0.000000,0.000000,0.000000,0.000000,0.000000,0,0,0,0
"11,57",0,84263,0,0,73,4,99999,99999,99999,99999,99999,99999,0.000000,0.000000,0.000000,0.000000,0.000000,0.000000,0.000000,0.000000,0.000000,0.000000,0.000000,0.000000,0.000000,0.000000,0,0,0,0
"11,58",0,84263,0,0,74,4,99999,99999,99999,99999,99999,99999,0.000000,0.000000,0.000000,0.000000,0.000000,0.000000,0.000000,0.000000,0.000000,0.000000,0.000000,0.000000,0.000000,0.000000,0,0,0,0
"11,59",0,84263,0,0,84,4,99999,99999,99999,99999,99999,99999,0.000000,0.000000,0.000000,0.000000,0.000000,0.000000,0.000000,0.000000,0.000000,0.000000,0.000000,0.000000,0.000000,0.000000,0,0,0,0
"11,60",0,84263,0,0,71,4,99999,99999,99999,99999,99999,99999,0.000000,0.000000,0.000000,0.000000,0.000000,0.000000,0.000000,0.000000,0.000000,0.000000,0.000000,0.000000,0.000000,0.000000,0,0,0,0
"11,61",0,84263,0,0,83,4,99999,99999,99999,99999,99999,99999,0.000000,0.000000,0.000000,0.000000,0.000000,0.000000,0.000000,0.000000,0.000000,0.000000,0.000000,0.000000,0.000000,0.000000,0,0,0,0
"11,62",0,84263,0,0,75,4,99999,99999,99999,99999,99999,99999,0.000000,0.000000,0.000000,0.000000,0.000000,0.000000,0.000000,0.000000,0.000000,0.000000,0.000000,0.000000,0.000000,0.000000,0,0,0,0
"11,63",0,84263,0,0,73,4,99999,99999,99999,99999,99999,99999,0.000000,0.000000,0.000000,0.000000,0.000000,0.000000,0.000000,0.000000,0.000000,0.000000,0.000000,0.000000,0.000000,0.000000,0,0,0,0
"11,64",0,84263,0,0,72,4,99999,99999,99999,99999,99999,99999,0.000000,0.000000,0.000000,0.000000,0.000000,0.000000,0.000000,0.000000,0.000000,0.000000,0.000000,0.000000,0.000000,0.000000,0,0,0,0
"11,65",0,84263,0,0,7,4,99999,99999,99999,99999,99999,99999,0.000000,0.000000,0.000000,0.000000,0.000000,0.000000,0.000000,0.000000,0.000000,0.000000,0.000000,0.000000,0.000000,0.000000,0,0,0,0
"11,66",0,84263,0,0,9,4,99999,99999,99999,99999,99999,99999,0.000000,0.000000,0.000000,0.000000,0.000000,0.000000,0.000000,0.000000,0.000000,0.000000,0.000000,0.000000,0.000000,0.000000,0,0,0,0
"11,67",0,84263,0,0,9,4,99999,99999,99999,99999,99999,99999,0.000000,0.000000,0.000000,0.000000,0.000000,0.000000,0.000000,0.000000,0.000000,0.000000,0.000000,0.000000,0.000000,0.000000,0,0,0,0
"11,68",0,84263,0,0,9,4,99999,99999,99999,99999,99999,99999,0.000000,0.000000,0.000000,0.000000,0.000000,0.000000,0.000000,0.000000,0.000000,0.000000,0.000000,0.000000,0.000000,0.000000,0,0,0,0
"11,69",0,84263,0,0,8,4,99999,99999,99999,99999,99999,99999,0.000000,0.000000,0.000000,0.000000,0.000000,0.000000,0.000000,0.000000,0.000000,0.000000,0.000000,0.000000,0.000000,0.000000,0,0,0,0
"11,70",0,84263,0,0,8,4,99999,99999,99999,99999,99999,99999,0.000000,0.000000,0.000000,0.000000,0.000000,0.000000,0.000000,0.000000,0.000000,0.000000,0.000000,0.000000,0.000000,0.000000,0,0,0,0
"11,71",0,84263,0,0,7,4,99999,99999,99999,99999,99999,99999,0.000000,0.000000,0.000000,0.000000,0.000000,0.000000,0.000000,0.000000,0.000000,0.000000,0.000000,0.000000,0.000000,0.000000,0,0,0,0
"11,72",0,84263,0,0,8,4,99999,99999,99999,99999,99999,99999,0.000000,0.000000,0.000000,0.000000,0.000000,0.000000,0.000000,0.000000,0.000000,0.000000,0.000000,0.000000,0.000000,0.000000,0,0,0,0
"11,73",0,84263,0,0,4,4,99999,99999,99999,99999,99999,99999,0.000000,0.000000,0.000000,0.000000,0.000000,0.000000,0.000000,0.000000,0.000000,0.000000,0.000000,0.000000,0.000000,0.000000,0,0,0,0
"11,74",0,84263,0,0,4,4,99999,99999,99999,99999,99999,99999,0.000000,0.000000,0.000000,0.000000,0.000000,0.000000,0.000000,0.000000,0.000000,0.000000,0.000000,0.000000,0.000000,0.000000,0,0,0,0
"12,1",42,84399,8,1,1031,2,11,505,615,0,4,4,0.855556,0.088889,0.055556,0.000000,0.000000,0.000000,0.000000,0.810277,0.177866,0.011858,0.000000,0.000000,0.000000,0.000000,26045,170,311,131
"12,2",39,84526,8,1,1033,2,9,323,530,0,4,8,0.811111,0.166667,0.022222,0.000000,0.000000,0.000000,0.000000,0.797357,0.158590,0.039648,0.004405,0.000000,0.000000,0.000000,26965,176,296,118
"12,3",43,84648,8,1,1032,2,11,196,291,0,4,5,0.894444,0.105556,0.000000,0.000000,0.000000,0.000000,0.000000,0.776471,0.200000,0.023529,0.000000,0.000000,0.000000,0.000000,27495,180,316,136
"12,4",39,84752,8,1,1034,2,8,128,371,0,4,4,0.939560,0.060440,0.000000,0.000000,0.000000,0.000000,0.000000,0.842742,0.149194,0.008065,0.000000,0.000000,0.000000,0.000000,27777,182,300,119
"12,5",41,85181,9,1,1035,2,12,263,449,0,4,7,0.855556,0.138889,0.005556,0.000000,0.000000,0.000000,0.000000,0.770161,0.189516,0.040323,0.000000,0.000000,0.000000,0.000000,27370,179,307,127
"12,6",44,85587,9,1,1030,2,12,440,541,0,4,6,0.822222,0.133333,0.044444,0.000000,0.000000,0.000000,0.000000,0.834025,0.141079,0.024896,0.000000,0.000000,0.000000,0.000000,26416,172,312,138
"12,7",37,85943,9,1,1036,2,9,115,190,0,4,5,0.933333,0.066667,0.000000,0.000000,0.000000,0.000000,0.000000,0.810277,0.173913,0.015810,0.000000,0.000000,0.000000,0.000000,27495,180,287,107
"12,8",39,86291,9,1,1028,2,9,169,257,0,4,5,0.900000,0.100000,0.000000,0.000000,0.000000,0.000000,0.000000,0.825581,0.158915,0.015504,0.000000,0.000000,0.000000,0.000000,27495,180,300,120
"12,9",39,86632,9,1,1029,2,9,126,216,0,4,6,0.933702,0.066298,0.000000,0.000000,0.000000,0.000000,0.000000,0.813433,0.171642,0.014925,0.000000,0.000000,0.000000,0.000000,27561,181,301,120
"12,10",39,86935,9,1,1032,2,8,117,302,0,4,5,0.938889,0.061111,0.000000,0.000000,0.000000,0.000000,0.000000,0.784615,0.184615,0.030769,0.000000,0.000000,0.000000,0.000000,27495,180,296,116
"12,11",42,87233,9,1,1042,2,10,119,204,0,4,8,0.927778,0.072222,0.000000,0.000000,0.000000,0.000000,0.000000,0.782101,0.175097,0.035019,0.007782,0.000000,0.000000,0.000000,27495,180,312,132
"12,12",36,87498,9,1,1038,2,8,149,252,0,4,6,0.911111,0.088889,0.000000,0.000000,0.000000,0.000000,0.000000,0.846154,0.132479,0.017094,0.004274,0.000000,0.000000,0.000000,27495,180,284,104
"12,13",48,87787,9,1,1036,2,10,189,403,0,4,6,0.905556,0.094444,0.000000,0.000000,0.000000,0.000000,0.000000,0.759259,0.207407,0.033333,0.000000,0.000000,0.000000,0.000000,27495,180,348,168
"12,14",44,88055,9,1,1036,2,10,435,706,0,4,8,0.822222,0.138889,0.038889,0.000000,0.000000,0.000000,0.000000,0.795833,0.154167,0.041667,0.008333,0.000000,0.000000,0.000000,26307,173,316,140
"12,15",44,88298,9,1,1032,2,13,514,647,0,4,5,0.727778,0.183333,0.088889,0.000000,0.000000,0.000000,0.000000,0.811594,0.169082,0.019324,0.000000,0.000000,0.000000,0.000000,25204,164,307,137
"12,16",49,88284,8,1,1038,2,13,338,527,0,4,8,0.844444,0.122222,0.033333,0.000000,0.000000,0.000000,0.000000,0.767442,0.186047,0.046512,0.000000,0.000000,0.000000,0.000000,26596,174,354,177
"12,17",47,88270,8,1,1029,2,10,197,323,0,4,8,0.872222,0.127778,0.000000,0.000000,0.000000,0.000000,0.000000,0.767176,0.202290,0.026718,0.003817,0.000000,0.000000,0.000000,27495,180,341,161
"12,18",42,88258,8,1,1037,2,12,505,540,0,4,5,0.800000,0.133333,0.066667,0.000000,0.000000,0.000000,0.000000,0.816514,0.165138,0.018349,0.000000,0.000000,0.000000,0.000000,25849,168,305,131
"12,19",40,88247,8,1,1036,2,9,152,389,0,4,5,0.916667,0.083333,0.000000,0.000000,0.000000,0.000000,0.000000,0.797619,0.186508,0.015873,0.000000,0.000000,0.000000,0.000000,27495,180,301,121
"12,20",37,88236,8,1,1034,2,9,115,250,0,4,5,0.938889,0.061111,0.000000,0.000000,0.000000,0.000000,0.000000,0.798450,0.170543,0.031008,0.000000,0.000000,0.000000,0.000000,27495,180,288,108
"12,21",38,88226,8,1,1032,2,11,504,865,0,4,8,0.866667,0.077778,0.044444,0.011111,0.000000,0.000000,0.000000,0.787500,0.179167,0.029167,0.004167,0.000000,0.000000,0.000000,25849,170,292,112
"12,22",43,87885,7,1,1038,2,11,317,504,0,4,8,0.877778,0.105556,0.016667,0.000000,0.000000,0.000000,0.000000,0.775194,0.197674,0.027132,0.000000,0.000000,0.000000,0.000000,27008,177,321,141
"12,23",38,87596,7,1,1040,2,10,104,231,0,4,5,0.938889,0.061111,0.000000,0.000000,0.000000,0.000000,0.000000,0.786822,0.174419,0.038760,0.000000,0.000000,0.000000,0.000000,27495,180,293,113
"12,24",47,87286,7,1,1040,2,18,539,748,0,4,8,0.779006,0.121547,0.099448,0.000000,0.000000,0.000000,0.000000,0.791837,0.159184,0.044898,0.004082,0.000000,0.000000,0.000000,24775,163,325,153
"12,25",45,86985,7,1,1035,2,9,90,186,0,4,6,0.955556,0.044444,0.000000,0.000000,0.000000,0.000000,0.000000,0.787671,0.178082,0.034247,0.000000,0.000000,0.000000,0.000000,27495,180,329,149
"12,26",46,86687,7,1,1034,2,13,156,252,0,4,5,0.903226,0.096774,0.000000,0.000000,0.000000,0.000000,0.000000,0.756184,0.215548,0.024735,0.003534,0.000000,0.000000,0.000000,28349,186,343,159
"12,27",40,86433,7,1,1041,2,12,338,560,0,4,7,0.863388,0.103825,0.032787,0.000000,0.000000,0.000000,0.000000,0.812749,0.159363,0.027888,0.000000,0.000000,0.000000,0.000000,26985,177,300,122
"12,28",0,86433,0,0,976,4,99999,99999,99999,99999,99999,99999,0.000000,0.000000,0.000000,0.000000,0.000000,0.000000,0.000000,0.000000,0.000000,0.000000,0.000000,0.000000,0.000000,0.000000,0,0,0,0
"12,29",0,86433,0,0,972,4,99999,99999,99999,99999,99999,99999,0.000000,0.000000,0.000000,0.000000,0.000000,0.000000,0.000000,0.000000,0.000000,0.000000,0.000000,0.000000,0.000000,0.000000,0,0,0,0
"12,30",0,86433,0,0,969,4,99999,99999,99999,99999,99999,99999,0.000000,0.000000,0.000000,0.000000,0.000000,0.000000,0.000000,0.000000,0.000000,0.000000,0.000000,0.000000,0.000000,0.000000,0,0,0,0
"12,31",0,86433,0,0,977,4,99999,99999,99999,99999,99999,99999,0.000000,0.000000,0.000000,0.000000,0.000000,0.000000,0.000000,0.000000,0.000000,0.000000,0.000000,0.000000,0.000000,0.000000,0,0,0,0
"12,32",0,86433,0,0,960,4,99999,99999,99999,99999,99999,99999,0.000000,0.000000,0.000000,0.000000,0.000000,0.000000,0.000000,0.000000,0.000000,0.000000,0.000000,0.000000,0.000000,0.000000,0,0,0,0
"12,33",0,86433,0,0,974,4,99999,99999,99999,99999,99999,99999,0.000000,0.000000,0.000000,0.000000,0.000000,0.000000,0.000000,0.000000,0.000000,0.000000,0.000000,0.000000,0.000000,0.000000,0,0,0,0
"12,34",0,86433,0,0,974,4,99999,99999,99999,99999,99999,99999,0.000000,0.000000,0.000000,0.000000,0.000000,0.000000,0.000000,0.000000,0.000000,0.000000,0.000000,0.000000,0.000000,0.000000,0,0,0,0
"12,35",0,86433,0,0,973,4,99999,99999,99999,99999,99999,99999,0.000000,0.000000,0.000000,0.000000,0.000000,0.000000,0.000000,0.000000,0.000000,0.000000,0.000000,0.000000,0.000000,0.000000,0,0,0,0
"12,36",0,86433,0,0,970,4,99999,99999,99999,99999,99999,99999,0.000000,0.000000,0.000000,0.000000,0.000000,0.000000,0.000000,0.000000,0.000000,0.000000,0.000000,0.000000,0.000000,0.000000,0,0,0,0
"12,37",0,86433,0,0,964,4,99999,99999,99999,99999,99999,99999,0.000000,0.000000,0.000000,0.000000,0.000000,0.000000,0.000000,0.000000,0.000000,0.000000,0.000000,0.000000,0.000000,0.000000,0,0,0,0
"12,38",0,86433,0,0,970,4,99999,99999,99999,99999,99999,99999,0.000000,0.000000,0.000000,0.000000,0.000000,0.000000,0.000000,0.000000,0.000000,0.000000,0.000000,0.000000,0.000000,0.000000,0,0,0,0
"12,39",0,86433,0,0,980,4,99999,99999,99999,99999,99999,99999,0.000000,0.000000,0.000000,0.000000,0.000000,0.000000,0.000000,0.000000,0.000000,0.000000,0.000000,0.000000,0.000000,0.000000,0,0,0,0
"12,40",0,86433,0,0,977,4,99999,99999,99999,99999,99999,99999,0.000000,0.000000,0.000000,0.000000,0.000000,0.000000,0.000000,0.000000,0.000000,0.000000,0.000000,0.000000,0.000000,0.000000,0,0,0,0
"12,41",0,86433,0,0,973,4,99999,99999,99999,99999,99999,99999,0.000000,0.000000,0.000000,0.000000,0.000000,0.000000,0.000000,0.000000,0.000000,0.000000,0.000000,0.000000,0.000000,0.000000,0,0,0,0
"12,42",0,86433,0,0,972,4,99999,99999,99999,99999,99999,99999,0.000000,0.000000,0.000000,0.000000,0.000000,0.000000,0.000000,0.000000,0.000000,0.000000,0.000000,0.000000,0.000000,0.000000,0,0,0,0
"12,43",0,86433,0,0,962,4,99999,99999,99999,99999,99999,99999,0.000000,0.000000,0.000000,0.000000,0.000000,0.000000,0.000000,0.000000,0.000000,0.000000,0.000000,0.000000,0.000000,0.000000,0,0,0,0
"12,44",0,86433,0,0,964,4,99999,99999,99999,99999,99999,99999,0.000000,0.000000,0.000000,0.000000,0.000000,0.000000,0.000000,0.000000,0.000000,0.000000,0.000000,0.000000,0.000000,0.000000,0,0,0,0
"12,45",0,86433,0,0,968,4,99999,99999,99999,99999,99999,99999,0.000000,0.000000,0.000000,0.000000,0.000000,0.000000,0.000000,0.000000,0.000000,0.000000,0.000000,0.000000,0.000000,0.000000,0,0,0,0
"12,46",0,86433,0,0,971,4,99999,99999,99999,99999,99999,99999,0.000000,0.000000,0.000000,0.000000,0.000000,0.000000,0.000000,0.000000,0.000000,0.000000,0.000000,0.000000,0.000000,0.000000,0,0,0,0
"12,47",0,86433,0,0,965,4,99999,99999,99999,99999,99999,99999,0.000000,0.000000,0.000000,0.000000,0.000000,0.000000,0.000000,0.000000,0.000000,0.000000,0.000000,0.000000,0.000000,0.000000,0,0,0,0
"12,48",0,86433,0,0,964,4,99999,99999,99999,99999,99999,99999,0.000000,0.000000,0.000000,0.000000,0.000000,0.000000,0.000000,0.000000,0.000000,0.000000,0.000000,0.000000,0.000000,0.000000,0,0,0,0
"12,49",0,86433,0,0,980,4,99999,99999,99999,99999,99999,99999,0.000000,0.000000,0.000000,0.000000,0.000000,0.000000,0.000000,0.000000,0.000000,0.000000,0.000000,0.000000,0.000000,0.000000,0,0,0,0
"12,50",0,86433,0,0,981,4,99999,99999,99999,99999,99999,99999,0.000000,0.000000,0.000000,0.000000,0.000000,0.000000,0.000000,0.000000,0.000000,0.000000,0.000000,0.000000,0.000000,0.000000,0,0,0,0
"12,51",0,86433,0,0,965,4,99999,99999,99999,99999,99999,99999,0.000000,0.000000,0.000000,0.000000,0.000000,0.000000,0.000000,0.000000,0.000000,0.000000,0.000000,0.000000,0.000000,0.000000,0,0,0,0
"12,52",0,86433,0,0,975,4,99999,99999,99999,99999,99999,99999,0.000000,0.000000,0.000000,0.000000,0.000000,0.000000,0.000000,0.000000,0.000000,0.000000,0.000000,0.000000,0.000000,0.000000,0,0,0,0
"12,53",0,86433,0,0,996,4,99999,99999,99999,99999,99999,99999,0.000000,0.000000,0.000000,0.000000,0.000000,0.000000,0.000000,0.000000,0.000000,0.000000,0.000000,0.000000,0.000000,0.000000,0,0,0,0
"12,54",0,86433,0,0,81,4,99999,99999,99999,99999,99999,99999,0.000000,0.000000,0.000000,0.000000,0.000000,0.000000,0.000000,0.000000,0.000000,0.000000,0.000000,0.000000,0.000000,0.000000,0,0,0,0
"12,55",0,86433,0,0,77,4,99999,99999,99999,99999,99999,99999,0.000000,0.000000,0.000000,0.000000,0.000000,0.000000,0.000000,0.000000,0.000000,0.000000,0.000000,0.000000,0.000000,0.000000,0,0,0,0
"12,56",0,86433,0,0,70,4,99999,99999,99999,99999,99999,99999,0.000000,0.000000,0.000000,0.000000,0.000000,0.000000,0.000000,0.000000,0.000000,0.000000,0.000000,0.000000,0.000000,0.000000,0,0,0,0
"12,57",0,86433,0,0,79,4,99999,99999,99999,99999,99999,99999,0.000000,0.000000,0.000000,0.000000,0.000000,0.000000,0.000000,0.000000,0.000000,0.000000,0.000000,0.000000,0.000000,0.000000,0,0,0,0
"12,58",0,86433,0,0,69,4,99999,99999,99999,99999,99999,99999,0.000000,0.000000,0.000000,0.000000,0.000000,0.000000,0.000000,0.000000,0.000000,0.000000,0.000000,0.000000,0.000000,0.000000,0,0,0,0
"12,59",0,86433,0,0,77,4,99999,99999,99999,99999,99999,99999,0.000000,0.000000,0.000000,0.000000,0.000000,0.000000,0.000000,0.000000,0.000000,0.000000,0.000000,0.000000,0.000000,0.000000,0,0,0,0
"12,60",0,86433,0,0,73,4,99999,99999,99999,99999,99999,99999,0.000000,0.000000,0.000000,0.000000,0.000000,0.000000,0.000000,0.000000,0.000000,0.000000,0.000000,0.000000,0.000000,0.000000,0,0,0,0
"12,61",0,86433,0,0,85,4,99999,99999,99999,99999,99999,99999,0.000000,0.000000,0.000000,0.000000,0.000000,0.000000,0.000000,0.000000,0.000000,0.000000,0.000000,0.000000,0.000000,0.000000,0,0,0,0
"12,62",0,86433,0,0,72,4,99999,99999,99999,99999,99999,99999,0.000000,0.000000,0.000000,0.000000,0.000000,0.000000,0.000000,0.000000,0.000000,0.000000,0.000000,0.000000,0.000000,0.000000,0,0,0,0
"12,63",0,86433,0,0,78,4,99999,99999,99999,99999,99999,99999,0.000000,0.000000,0.000000,0.000000,0.000000,0.000000,0.000000,0.000000,0.000000,0.000000,0.000000,0.000000,0.000000,0.000000,0,0,0,0
"12,64",0,86433,0,0,68,4,99999,99999,99999,99999,99999,99999,0.000000,0.000000,0.000000,0.000000,0.000000,0.000000,0.000000,0.000000,0.000000,0.000000,0.000000,0.000000,0.000000,0.000000,0,0,0,0
"12,65",0,86433,0,0,9,4,99999,99999,99999,99999,99999,99999,0.000000,0.000000,0.000000,0.000000,0.000000,0.000000,0.000000,0.000000,0.000000,0.000000,0.000000,0.000000,0.000000,0.000000,0,0,0,0
"12,66",0,86433,0,0,9,4,99999,99999,99999,99999,99999,99999,0.000000,0.000000,0.000000,0.000000,0.000000,0.000000,0.000000,0.000000,0.000000,0.000000,0.000000,0.000000,0.000000,0.000000,0,0,0,0
"12,67",0,86433,0,0,9,4,99999,99999,99999,99999,99999,99999,0.000000,0.000000,0.000000,0.000000,0.000000,0.000000,0.000000,0.000000,0.000000,0.000000,0.000000,0.000000,0.000000,0.000000,0,0,0,0
"12,68",0,86433,0,0,10,4,99999,99999,99999,99999,99999,99999,0.000000,0.000000,0.000000,0.000000,0.000000,0.000000,0.000000,0.000000,0.000000,0.000000,0.000000,0.000000,0.000000,0.000000,0,0,0,0
"12,69",0,86433,0,0,8,4,99999,99999,99999,99999,99999,99999,0.000000,0.000000,0.000000,0.000000,0.000000,0.000000,0.000000,0.000000,0.000000,0.000000,0.000000,0.000000,0.000000,0.000000,0,0,0,0
"12,70",0,86433,0,0,8,4,99999,99999,99999,99999,99999,99999,0.000000,0.000000,0.000000,0.000000,0.000000,0.000000,0.000000,0.000000,0.000000,0.000000,0.000000,0.000000,0.000000,0.000000,0,0,0,0
"12,71",0,86433,0,0,8,4,99999,99999,99999,99999,99999,99999,0.000000,0.000000,0.000000,0.000000,0.000000,0.000000,0.000000,0.000000,0.000000,0.000000,0.000000,0.000000,0.000000,0.000000,0,0,0,0
"12,72",0,86433,0,0,8,4,99999,99999,99999,99999,99999,99999,0.000000,0.000000,0.000000,0.000000,0.000000,0.000000,0.000000,0.000000,0.000000,0.000000,0.000000,0.000000,0.000000,0.000000,0,0,0,0
"12,73",0,86433,0,0,4,4,99999,99999,99999,99999,99999,99999,0.000000,0.000000,0.000000,0.000000,0.000000,0.000000,0.000000,0.000000,0.000000,0.000000,0.000000,0.000000,0.000000,0.000000,0,0,0,0
"12,74",0,86433,0,0,5,4,99999,99999,99999,99999,99999,99999,0.000000,0.000000,0.000000,0.000000,0.000000,0.000000,0.000000,0.000000,0.000000,0.000000,0.000000,0.000000,0.000000,0.000000,0,0,0,0
"13,1",36,87750,8,1,1046,2,12,434,575,0,4,5,0.861111,0.100000,0.038889,0.000000,0.000000,0.000000,0.000000,0.782979,0.182979,0.034043,0.000000,0.000000,0.000000,0.000000,26439,173,278,101
"13,2",47,92847,9,1,1035,2,13,514,763,0,4,8,0.788889,0.116667,0.094444,0.000000,0.000000,0.000000,0.000000,0.822511,0.138528,0.038961,0.000000,0.000000,0.000000,0.000000,25150,163,314,148
"13,3",39,94408,9,1,1035,2,9,65,93,0,4,5,0.988889,0.011111,0.000000,0.000000,0.000000,0.000000,0.000000,0.812950,0.169065,0.017986,0.000000,0.000000,0.000000,0.000000,27495,180,298,118
"13,4",43,95193,9,1,1034,2,10,213,386,0,4,6,0.872222,0.127778,0.000000,0.000000,0.000000,0.000000,0.000000,0.779592,0.191837,0.024490,0.004082,0.000000,0.000000,0.000000,27495,180,319,139
"13,5",39,95662,9,1,1036,2,10,111,183,0,4,5,0.944444,0.055556,0.000000,0.000000,0.000000,0.000000,0.000000,0.788321,0.197080,0.010949,0.003650,0.000000,0.000000,0.000000,27495,180,300,120
"13,6",41,95971,9,1,1042,2,9,228,435,0,4,8,0.894444,0.100000,0.005556,0.000000,0.000000,0.000000,0.000000,0.780488,0.191057,0.020325,0.004065,0.004065,0.000000,0.000000,27318,179,307,127
"13,7",35,96178,9,1,1045,2,12,210,500,0,4,8,0.861111,0.122222,0.016667,0.000000,0.000000,0.000000,0.000000,0.751073,0.210300,0.038627,0.000000,0.000000,0.000000,0.000000,27045,177,280,100
"13,8",49,96367,9,1,1041,2,10,223,500,0,5,6,0.888889,0.094444,0.016667,0.000000,0.000000,0.000000,0.000000,0.801527,0.137405,0.057252,0.000000,0.003817,0.000000,0.000000,27068,177,353,173
"13,9",42,96496,9,1,1033,2,8,154,261,0,4,5,0.911602,0.088398,0.000000,0.000000,0.000000,0.000000,0.000000,0.786822,0.186047,0.023256,0.003876,0.000000,0.000000,0.000000,27561,181,317,136
"13,10",43,96598,9,1,1031,2,13,502,557,0,4,4,0.794444,0.138889,0.066667,0.000000,0.000000,0.000000,0.000000,0.808889,0.182222,0.008889,0.000000,0.000000,0.000000,0.000000,25764,168,318,139
"13,11",45,96679,9,1,1036,2,21,528,562,0,4,7,0.682292,0.208333,0.104167,0.005208,0.000000,0.000000,0.000000,0.783410,0.179724,0.032258,0.000000,0.004608,0.000000,0.000000,25864,171,316,143
"13,12",44,96752,9,1,1038,2,11,333,498,0,4,7,0.875000,0.114130,0.010870,0.000000,0.000000,0.000000,0.000000,0.797571,0.170040,0.032389,0.000000,0.000000,0.000000,0.000000,27847,182,329,147
"13,13",41,96809,9,1,1039,2,9,144,488,0,4,8,0.922222,0.066667,0.011111,0.000000,0.000000,0.000000,0.000000,0.790514,0.173913,0.035573,0.000000,0.000000,0.000000,0.000000,27243,178,306,126
"13,14",42,96858,9,1,1025,2,9,226,387,0,4,5,0.878453,0.121547,0.000000,0.000000,0.000000,0.000000,0.000000,0.809717,0.165992,0.020243,0.004049,0.000000,0.000000,0.000000,27659,181,312,132
"13,16",47,96904,9,1,1036,2,18,545,761,0,4,5,0.755556,0.144444,0.100000,0.000000,0.000000,0.000000,0.000000,0.757085,0.218623,0.024291,0.000000,0.000000,0.000000,0.000000,24676,162,332,158
"13,17",44,96941,9,1,1034,2,18,522,551,0,4,7,0.711111,0.200000,0.088889,0.000000,0.000000,0.000000,0.000000,0.822115,0.158654,0.019231,0.000000,0.000000,0.000000,0.000000,24939,164,299,132
"13,18",38,96973,9,1,1038,2,12,194,297,0,4,8,0.900000,0.100000,0.000000,0.000000,0.000000,0.000000,0.000000,0.777328,0.178138,0.040486,0.004049,0.000000,0.000000,0.000000,27495,180,292,112
"13,19",40,96480,8,1,1032,2,11,225,417,0,5,8,0.855556,0.138889,0.005556,0.000000,0.000000,0.000000,0.000000,0.760163,0.178862,0.052846,0.008130,0.000000,0.000000,0.000000,27339,179,303,123
"13,20",43,96007,8,1,1033,2,11,398,563,0,4,5,0.850000,0.111111,0.038889,0.000000,0.000000,0.000000,0.000000,0.746939,0.228571,0.020408,0.004082,0.000000,0.000000,0.000000,26428,173,321,141
"13,21",43,95582,8,1,1028,2,10,197,382,0,4,5,0.916667,0.083333,0.000000,0.000000,0.000000,0.000000,0.000000,0.800000,0.169811,0.026415,0.003774,0.000000,0.000000,0.000000,27495,180,321,141
"13,22",44,95180,8,1,1027,2,9,222,375,0,4,7,0.877778,0.122222,0.000000,0.000000,0.000000,0.000000,0.000000,0.768657,0.205224,0.022388,0.003731,0.000000,0.000000,0.000000,27495,180,323,143
"13,23",42,94838,8,1,1034,2,10,159,297,0,4,6,0.905556,0.094444,0.000000,0.000000,0.000000,0.000000,0.000000,0.799228,0.162162,0.038610,0.000000,0.000000,0.000000,0.000000,27495,180,311,131
"13,24",40,93908,7,1,1035,2,10,204,523,0,4,8,0.883333,0.100000,0.016667,0.000000,0.000000,0.000000,0.000000,0.803846,0.161538,0.030769,0.003846,0.000000,0.000000,0.000000,27067,177,300,121
"13,25",38,93108,7,1,1034,2,10,492,555,0,4,7,0.889503,0.060773,0.049724,0.000000,0.000000,0.000000,0.000000,0.806202,0.162791,0.027132,0.003876,0.000000,0.000000,0.000000,26311,172,283,109
"13,26",39,92331,7,1,1029,2,8,50,199,0,4,6,0.966667,0.033333,0.000000,0.000000,0.000000,0.000000,0.000000,0.839552,0.126866,0.026119,0.007463,0.000000,0.000000,0.000000,27495,180,297,117
"13,27",39,91745,7,1,1027,2,9,177,434,0,4,5,0.910959,0.089041,0.000000,0.000000,0.000000,0.000000,0.000000,0.793103,0.167488,0.034483,0.004926,0.000000,0.000000,0.000000,22077,146,240,94
"13,28",34,91118,7,1,1043,2,9,73,143,0,4,5,0.961111,0.038889,0.000000,0.000000,0.000000,0.000000,0.000000,0.832669,0.155378,0.007968,0.003984,0.000000,0.000000,0.000000,27495,180,275,95
"13,29",0,91118,0,0,973,4,99999,99999,99999,99999,99999,99999,0.000000,0.000000,0.000000,0.000000,0.000000,0.000000,0.000000,0.000000,0.000000,0.000000,0.000000,0.000000,0.000000,0.000000,0,0,0,0
"13,31",0,91118,0,0,980,4,99999,99999,99999,99999,99999,99999,0.000000,0.000000,0.000000,0.000000,0.000000,0.000000,0.000000,0.000000,0.000000,0.000000,0.000000,0.000000,0.000000,0.000000,0,0,0,0
"13,32",0,91118,0,0,968,4,99999,99999,99999,99999,99999,99999,0.000000,0.000000,0.000000,0.000000,0.000000,0.000000,0.000000,0.000000,0.000000,0.000000,0.000000,0.000000,0.000000,0.000000,0,0,0,0
"13,33",0,91118,0,0,978,4,99999,99999,99999,99999,99999,99999,0.000000,0.000000,0.000000,0.000000,0.000000,0.000000,0.000000,0.000000,0.000000,0.000000,0.000000,0.000000,0.000000,0.000000,0,0,0,0
"13,34",0,91118,0,0,978,4,99999,99999,99999,99999,99999,99999,0.000000,0.000000,0.000000,0.000000,0.000000,0.000000,0.000000,0.000000,0.000000,0.000000,0.000000,0.000000,0.000000,0.000000,0,0,0,0
"13,35",0,91118,0,0,966,4,99999,99999,99999,99999,99999,99999,0.000000,0.000000,0.000000,0.000000,0.000000,0.000000,0.000000,0.000000,0.000000,0.000000,0.000000,0.000000,0.000000,0.000000,0,0,0,0
"13,36",0,91118,0,0,969,4,99999,99999,99999,99999,99999,99999,0.000000,0.000000,0.000000,0.000000,0.000000,0.000000,0.000000,0.000000,0.000000,0.000000,0.000000,0.000000,0.000000,0.000000,0,0,0,0
"13,37",0,91118,0,0,966,4,99999,99999,99999,99999,99999,99999,0.000000,0.000000,0.000000,0.000000,0.000000,0.000000,0.000000,0.000000,0.000000,0.000000,0.000000,0.000000,0.000000,0.000000,0,0,0,0
"13,38",0,91118,0,0,973,4,99999,99999,99999,99999,99999,99999,0.000000,0.000000,0.000000,0.000000,0.000000,0.000000,0.000000,0.000000,0.000000,0.000000,0.000000,0.000000,0.000000,0.000000,0,0,0,0
"13,39",0,91118,0,0,969,4,99999,99999,99999,99999,99999,99999,0.000000,0.000000,0.000000,0.000000,0.000000,0.000000,0.000000,0.000000,0.000000,0.000000,0.000000,0.000000,0.000000,0.000000,0,0,0,0
"13,40",0,91118,0,0,976,4,99999,99999,99999,99999,99999,99999,0.000000,0.000000,0.000000,0.000000,0.000000,0.000000,0.000000,0.000000,0.000000,0.000000,0.000000,0.000000,0.000000,0.000000,0,0,0,0
"13,41",0,91118,0,0,968,4,99999,99999,99999,99999,99999,99999,0.000000,0.000000,0.000000,0.000000,0.000000,0.000000,0.000000,0.000000,0.000000,0.000000,0.000000,0.000000,0.000000,0.000000,0,0,0,0
"13,42",0,91118,0,0,979,4,99999,99999,99999,99999,99999,99999,0.000000,0.000000,0.000000,0.000000,0.000000,0.000000,0.000000,0.000000,0.000000,0.000000,0.000000,0.000000,0.000000,0.000000,0,0,0,0
"13,43",0,91118,0,0,970,4,99999,99999,99999,99999,99999,99999,0.000000,0.000000,0.000000,0.000000,0.000000,0.000000,0.000000,0.000000,0.000000,0.000000,0.000000,0.000000,0.000000,0.000000,0,0,0,0
"13,44",0,91118,0,0,965,4,99999,99999,99999,99999,99999,99999,0.000000,0.000000,0.000000,0.000000,0.000000,0.000000,0.000000,0.000000,0.000000,0.000000,0.000000,0.000000,0.000000,0.000000,0,0,0,0
"13,46",0,91118,0,0,976,4,99999,99999,99999,99999,99999,99999,0.000000,0.000000,0.000000,0.000000,0.000000,0.000000,0.000000,0.000000,0.000000,0.000000,0.000000,0.000000,0.000000,0.000000,0,0,0,0
"13,47",0,91118,0,0,975,4,99999,99999,99999,99999,99999,99999,0.000000,0.000000,0.000000,0.000000,0.000000,0.000000,0.000000,0.000000,0.000000,0.000000,0.000000,0.000000,0.000000,0.000000,0,0,0,0
"13,48",0,91118,0,0,985,4,99999,99999,99999,99999,99999,99999,0.000000,0.000000,0.000000,0.000000,0.000000,0.000000,0.000000,0.000000,0.000000,0.000000,0.000000,0.000000,0.000000,0.000000,0,0,0,0
"13,49",0,91118,0,0,983,4,99999,99999,99999,99999,99999,99999,0.000000,0.000000,0.000000,0.000000,0.000000,0.000000,0.000000,0.000000,0.000000,0.000000,0.000000,0.000000,0.000000,0.000000,0,0,0,0
"13,50",0,91118,0,0,984,4,99999,99999,99999,99999,99999,99999,0.000000,0.000000,0.000000,0.000000,0.000000,0.000000,0.000000,0.000000,0.000000,0.000000,0.000000,0.000000,0.000000,0.000000,0,0,0,0
"13,51",0,91118,0,0,968,4,99999,99999,99999,99999,99999,99999,0.000000,0.000000,0.000000,0.000000,0.000000,0.000000,0.000000,0.000000,0.000000,0.000000,0.000000,0.000000,0.000000,0.000000,0,0,0,0
"13,52",0,91118,0,0,976,4,99999,99999,99999,99999,99999,99999,0.000000,0.000000,0.000000,0.000000,0.000000,0.000000,0.000000,0.000000,0.000000,0.000000,0.000000,0.000000,0.000000,0.000000,0,0,0,0
"13,53",0,91118,0,0,969,4,99999,99999,99999,99999,99999,99999,0.000000,0.000000,0.000000,0.000000,0.000000,0.000000,0.000000,0.000000,0.000000,0.000000,0.000000,0.000000,0.000000,0.000000,0,0,0,0
"13,54",0,91118,0,0,74,4,99999,99999,99999,99999,99999,99999,0.000000,0.000000,0.000000,0.000000,0.000000,0.000000,0.000000,0.000000,0.000000,0.000000,0.000000,0.000000,0.000000,0.000000,0,0,0,0
"13,55",0,91118,0,0,88,4,99999,99999,99999,99999,99999,99999,0.000000,0.000000,0.000000,0.000000,0.000000,0.000000,0.000000,0.000000,0.000000,0.000000,0.000000,0.000000,0.000000,0.000000,0,0,0,0
"13,56",0,91118,0,0,78,4,99999,99999,99999,99999,99999,99999,0.000000,0.000000,0.000000,0.000000,0.000000,0.000000,0.000000,0.000000,0.000000,0.000000,0.000000,0.000000,0.000000,0.000000,0,0,0,0
"13,57",0,91118,0,0,75,4,99999,99999,99999,99999,99999,99999,0.000000,0.000000,0.000000,0.000000,0.000000,0.000000,0.000000,0.000000,0.000000,0.000000,0.000000,0.000000,0.000000,0.000000,0,0,0,0
"13,58",0,91118,0,0,76,4,99999,99999,99999,99999,99999,99999,0.000000,0.000000,0.000000,0.000000,0.000000,0.000000,0.000000,0.000000,0.000000,0.000000,0.000000,0.000000,0.000000,0.000000,0,0,0,0
"13,59",0,91118,0,0,71,4,99999,99999,99999,99999,99999,99999,0.000000,0.000000,0.000000,0.000000,0.000000,0.000000,0.000000,0.000000,0.000000,0.000000,0.000000,0.000000,0.000000,0.000000,0,0,0,0
"13,61",0,91118,0,0,86,4,99999,99999,99999,99999,99999,99999,0.000000,0.000000,0.000000,0.000000,0.000000,0.000000,0.000000,0.000000,0.000000,0.000000,0.000000,0.000000,0.000000,0.000000,0,0,0,0
"13,62",0,91118,0,0,69,4,99999,99999,99999,99999,99999,99999,0.000000,0.000000,0.000000,0.000000,0.000000,0.000000,0.000000,0.000000,0.000000,0.000000,0.000000,0.000000,0.000000,0.000000,0,0,0,0
"13,63",0,91118,0,0,70,4,99999,99999,99999,99999,99999,99999,0.000000,0.000000,0.000000,0.000000,0.000000,0.000000,0.000000,0.000000,0.000000,0.000000,0.000000,0.000000,0.000000,0.000000,0,0,0,0
"13,64",0,91118,0,0,74,4,99999,99999,99999,99999,99999,99999,0.000000,0.000000,0.000000,0.000000,0.000000,0.000000,0.000000,0.000000,0.000000,0.000000,0.000000,0.000000,0.000000,0.000000,0,0,0,0
"13,65",0,91118,0,0,76,4,99999,99999,99999,99999,99999,99999,0.000000,0.000000,0.000000,0.000000,0.000000,0.000000,0.000000,0.000000,0.000000,0.000000,0.000000,0.000000,0.000000,0.000000,0,0,0,0
"13,66",0,91118,0,0,9,4,99999,99999,99999,99999,99999,99999,0.000000,0.000000,0.000000,0.000000,0.000000,0.000000,0.000000,0.000000,0.000000,0.000000,0.000000,0.000000,0.000000,0.000000,0,0,0,0
"13,67",0,91118,0,0,8,4,99999,99999,99999,99999,99999,99999,0.000000,0.000000,0.000000,0.000000,0.000000,0.000000,0.000000,0.000000,0.000000,0.000000,0.000000,0.000000,0.000000,0.000000,0,0,0,0
"13,68",0,91118,0,0,8,4,99999,99999,99999,99999,99999,99999,0.000000,0.000000,0.000000,0.000000,0.000000,0.000000,0.000000,0.000000,0.000000,0.000000,0.000000,0.000000,0.000000,0.000000,0,0,0,0
"13,69",0,91118,0,0,8,4,99999,99999,99999,99999,99999,99999,0.000000,0.000000,0.000000,0.000000,0.000000,0.000000,0.000000,0.000000,0.000000,0.000000,0.000000,0.000000,0.000000,0.000000,0,0,0,0
"13,70",0,91118,0,0,8,4,99999,99999,99999,99999,99999,99999,0.000000,0.000000,0.000000,0.000000,0.000000,0.000000,0.000000,0.000000,0.000000,0.000000,0.000000,0.000000,0.000000,0.000000,0,0,0,0
"13,71",0,91118,0,0,10,4,99999,99999,99999,99999,99999,99999,0.000000,0.000000,0.000000,0.000000,0.000000,0.000000,0.000000,0.000000,0.000000,0.000000,0.000000,0.000000,0.000000,0.000000,0,0,0,0
"13,72",0,91118,0,0,8,4,99999,99999,99999,99999,99999,99999,0.000000,0.000000,0.000000,0.000000,0.000000,0.000000,0.000000,0.000000,0.000000,0.000000,0.000000,0.000000,0.000000,0.000000,0,0,0,0
"13,73",0,91118,0,0,8,4,99999,99999,99999,99999,99999,99999,0.000000,0.000000,0.000000,0.000000,0.000000,0.000000,0.000000,0.000000,0.000000,0.000000,0.000000,0.000000,0.000000,0.000000,0,0,0,0
"13,74",0,91118,0,0,4,4,99999,99999,99999,99999,99999,99999,0.000000,0.000000,0.000000,0.000000,0.000000,0.000000,0.000000,0.000000,0.000000,0.000000,0.000000,0.000000,0.000000,0.000000,0,0,0,0
"14,1",49,91364,9,1,1037,2,20,529,541,0,4,8,0.711111,0.177778,0.111111,0.000000,0.000000,0.000000,0.000000,0.723982,0.235294,0.040724,0.000000,0.000000,0.000000,0.000000,24470,160,322,158
"14,2",46,91588,9,1,1030,2,10,284,435,0,4,5,0.855556,0.144444,0.000000,0.000000,0.000000,0.000000,0.000000,0.808765,0.147410,0.039841,0.003984,0.000000,0.000000,0.000000,27495,180,334,154
"14,3",36,91766,9,1,1038,2,10,492,541,0,4,8,0.888889,0.061111,0.050000,0.000000,0.000000,0.000000,0.000000,0.817021,0.153191,0.025532,0.004255,0.000000,0.000000,0.000000,26250,171,273,100
"14,4",43,91956,9,1,1044,2,12,265,504,0,4,7,0.888889,0.088889,0.022222,0.000000,0.000000,0.000000,0.000000,0.795181,0.176707,0.024096,0.004016,0.000000,0.000000,0.000000,26836,176,318,138
"14,5",40,92130,9,1,1032,2,10,274,443,0,4,8,0.883333,0.111111,0.005556,0.000000,0.000000,0.000000,0.000000,0.819277,0.152610,0.028112,0.000000,0.000000,0.000000,0.000000,27357,179,302,122
"14,6",39,92288,9,1,1041,2,12,388,582,0,4,5,0.815217,0.146739,0.038043,0.000000,0.000000,0.000000,0.000000,0.837838,0.126126,0.036036,0.000000,0.000000,0.000000,0.000000,27087,177,293,116
"14,7",38,92431,9,1,1026,2,11,513,802,0,4,5,0.836066,0.092896,0.071038,0.000000,0.000000,0.000000,0.000000,0.775934,0.203320,0.020747,0.000000,0.000000,0.000000,0.000000,25953,170,279,107
"14,8",41,92579,9,1,1030,2,8,148,439,0,4,4,0.933333,0.061111,0.005556,0.000000,0.000000,0.000000,0.000000,0.852713,0.135659,0.007752,0.003876,0.000000,0.000000,0.000000,27318,179,310,130
"14,9",37,92704,9,1,1034,2,11,513,702,0,4,7,0.834254,0.104972,0.060773,0.000000,0.000000,0.000000,0.000000,0.776371,0.198312,0.021097,0.004219,0.000000,0.000000,0.000000,25891,170,279,105
"14,10",41,92836,9,1,1034,2,10,211,317,0,4,7,0.888889,0.111111,0.000000,0.000000,0.000000,0.000000,0.000000,0.823770,0.159836,0.016393,0.000000,0.000000,0.000000,0.000000,27495,180,307,127
"14,11",43,92955,9,1,1030,2,20,550,609,0,4,8,0.694444,0.133333,0.172222,0.000000,0.000000,0.000000,0.000000,0.778302,0.169811,0.047170,0.004717,0.000000,0.000000,0.000000,22881,149,296,130
"14,12",37,93064,9,1,1034,2,9,312,468,0,4,8,0.844444,0.144444,0.011111,0.000000,0.000000,0.000000,0.000000,0.808036,0.165179,0.017857,0.004464,0.004464,0.000000,0.000000,27038,178,289,109
"14,13",46,93189,9,1,1036,2,12,155,268,0,4,6,0.894444,0.105556,0.000000,0.000000,0.000000,0.000000,0.000000,0.746269,0.220149,0.033582,0.000000,0.000000,0.000000,0.000000,27495,180,336,156
"14,14",44,93300,9,1,1039,2,10,177,240,0,5,8,0.900000,0.100000,0.000000,0.000000,0.000000,0.000000,0.000000,0.774809,0.156489,0.061069,0.007634,0.000000,0.000000,0.000000,27495,180,325,145
"14,15",39,93398,9,1,1029,2,10,210,392,0,4,6,0.888889,0.111111,0.000000,0.000000,0.000000,0.000000,0.000000,0.801587,0.166667,0.027778,0.003968,0.000000,0.000000,0.000000,27495,180,300,120
"14,16",41,93487,9,1,1030,2,19,541,815,0,4,7,0.711111,0.127778,0.155556,0.005556,0.000000,0.000000,0.000000,0.751174,0.211268,0.032864,0.004695,0.000000,0.000000,0.000000,22775,151,271,113
"14,17",43,93582,9,1,1028,2,11,302,466,0,4,5,0.844444,0.144444,0.011111,0.000000,0.000000,0.000000,0.000000,0.761317,0.222222,0.016461,0.000000,0.000000,0.000000,0.000000,27182,178,318,138
"14,18",41,93671,9,1,1036,2,11,342,526,0,4,7,0.872222,0.094444,0.033333,0.000000,0.000000,0.000000,0.000000,0.763713,0.206751,0.025316,0.004219,0.000000,0.000000,0.000000,26729,174,306,126
"14,19",44,93755,9,1,1040,2,13,509,550,0,4,8,0.838889,0.083333,0.077778,0.000000,0.000000,0.000000,0.000000,0.774468,0.182979,0.038298,0.004255,0.000000,0.000000,0.000000,25216,166,306,135
"14,20",39,93837,9,1,1036,2,9,230,520,0,4,5,0.916667,0.061111,0.022222,0.000000,0.000000,0.000000,0.000000,0.833333,0.151163,0.015504,0.000000,0.000000,0.000000,0.000000,26834,176,295,117
"14,21",45,93700,8,1,1035,2,12,315,468,0,4,5,0.822222,0.166667,0.011111,0.000000,0.000000,0.000000,0.000000,0.753191,0.221277,0.021277,0.004255,0.000000,0.000000,0.000000,27211,178,332,152
"14,22",36,93588,8,1,1041,2,11,376,533,0,4,6,0.888889,0.072222,0.038889,0.000000,0.000000,0.000000,0.000000,0.785714,0.193277,0.021008,0.000000,0.000000,0.000000,0.000000,26427,173,277,102
"14,23",39,93475,8,1,1033,2,10,272,508,0,4,5,0.888889,0.083333,0.027778,0.000000,0.000000,0.000000,0.000000,0.818898,0.157480,0.023622,0.000000,0.000000,0.000000,0.000000,26797,175,295,117
"14,24",47,93352,8,1,1039,2,11,248,406,0,4,8,0.883333,0.111111,0.005556,0.000000,0.000000,0.000000,0.000000,0.776892,0.183267,0.031873,0.007968,0.000000,0.000000,0.000000,27344,179,343,163
"14,25",45,93235,8,1,1030,2,8,139,223,0,4,6,0.911111,0.088889,0.000000,0.000000,0.000000,0.000000,0.000000,0.789091,0.167273,0.043636,0.000000,0.000000,0.000000,0.000000,27495,180,329,149
"14,26",39,92870,7,1,1031,2,11,343,532,0,4,4,0.808290,0.165803,0.025907,0.000000,0.000000,0.000000,0.000000,0.797521,0.194215,0.008264,0.000000,0.000000,0.000000,0.000000,28614,188,312,124
"14,27",46,92469,7,1,1035,2,14,199,323,0,4,4,0.877778,0.122222,0.000000,0.000000,0.000000,0.000000,0.000000,0.803030,0.185606,0.007576,0.003788,0.000000,0.000000,0.000000,27495,180,334,154
"14,28",39,92130,7,1,1032,2,10,132,239,0,4,5,0.927778,0.072222,0.000000,0.000000,0.000000,0.000000,0.000000,0.806324,0.177866,0.015810,0.000000,0.000000,0.000000,0.000000,27495,180,299,119
"14,29",37,91813,7,1,1028,2,10,498,625,0,4,5,0.833333,0.116667,0.050000,0.000000,0.000000,0.000000,0.000000,0.801688,0.181435,0.016878,0.000000,0.000000,0.000000,0.000000,26239,171,283,107
"14,30",0,91813,0,0,978,4,99999,99999,99999,99999,99999,99999,0.000000,0.000000,0.000000,0.000000,0.000000,0.000000,0.000000,0.000000,0.000000,0.000000,0.000000,0.000000,0.000000,0.000000,0,0,0,0
"14,31",0,91813,0,0,976,4,99999,99999,99999,99999,99999,99999,0.000000,0.000000,0.000000,0.000000,0.000000,0.000000,0.000000,0.000000,0.000000,0.000000,0.000000,0.000000,0.000000,0.000000,0,0,0,0
"14,32",0,91813,0,0,969,4,99999,99999,99999,99999,99999,99999,0.000000,0.000000,0.000000,0.000000,0.000000,0.000000,0.000000,0.000000,0.000000,0.000000,0.000000,0.000000,0.000000,0.000000,0,0,0,0
"14,33",0,91813,0,0,972,4,99999,99999,99999,99999,99999,99999,0.000000,0.000000,0.000000,0.000000,0.000000,0.000000,0.000000,0.000000,0.000000,0.000000,0.000000,0.000000,0.000000,0.000000,0,0,0,0
"14,34",0,91813,0,0,975,4,99999,99999,99999,99999,99999,99999,0.000000,0.000000,0.000000,0.000000,0.000000,0.000000,0.000000,0.000000,0.000000,0.000000,0.000000,0.000000,0.000000,0.000000,0,0,0,0
"14,35",0,91813,0,0,976,4,99999,99999,99999,99999,99999,99999,0.000000,0.000000,0.000000,0.000000,0.000000,0.000000,0.000000,0.000000,0.000000,0.000000,0.000000,0.000000,0.000000,0.000000,0,0,0,0
"14,36",0,91813,0,0,979,4,99999,99999,99999,99999,99999,99999,0.000000,0.000000,0.000000,0.000000,0.000000,0.000000,0.000000,0.000000,0.000000,0.000000,0.000000,0.000000,0.000000,0.000000,0,0,0,0
"14,37",0,91813,0,0,974,4,99999,99999,99999,99999,99999,99999,0.000000,0.000000,0.000000,0.000000,0.000000,0.000000,0.000000,0.000000,0.000000,0.000000,0.000000,0.000000,0.000000,0.000000,0,0,0,0
"14,38",0,91813,0,0,980,4,99999,99999,99999,99999,99999,99999,0.000000,0.000000,0.000000,0.000000,0.000000,0.000000,0.000000,0.000000,0.000000,0.000000,0.000000,0.000000,0.000000,0.000000,0,0,0,0
"14,39",0,91813,0,0,976,4,99999,99999,99999,99999,99999,99999,0.000000,0.000000,0.000000,0.000000,0.000000,0.000000,0.000000,0.000000,0.000000,0.000000,0.000000,0.000000,0.000000,0.000000,0,0,0,0
"14,40",0,91813,0,0,969,4,99999,99999,99999,99999,99999,99999,0.000000,0.000000,0.000000,0.000000,0.000000,0.000000,0.000000,0.000000,0.000000,0.000000,0.000000,0.000000,0.000000,0.000000,0,0,0,0
"14,41",0,91813,0,0,959,4,99999,99999,99999,99999,99999,99999,0.000000,0.000000,0.000000,0.000000,0.000000,0.000000,0.000000,0.000000,0.000000,0.000000,0.000000,0.000000,0.000000,0.000000,0,0,0,0
"14,42",0,91813,0,0,975,4,99999,99999,99999,99999,99999,99999,0.000000,0.000000,0.000000,0.000000,0.000000,0.000000,0.000000,0.000000,0.000000,0.000000,0.000000,0.000000,0.000000,0.000000,0,0,0,0
"14,43",0,91813,0,0,974,4,99999,99999,99999,99999,99999,99999,0.000000,0.000000,0.000000,0.000000,0.000000,0.000000,0.000000,0.000000,0.000000,0.000000,0.000000,0.000000,0.000000,0.000000,0,0,0,0
"14,44",0,91813,0,0,975,4,99999,99999,99999,99999,99999,99999,0.000000,0.000000,0.000000,0.000000,0.000000,0.000000,0.000000,0.000000,0.000000,0.000000,0.000000,0.000000,0.000000,0.000000,0,0,0,0
"14,45",0,91813,0,0,969,4,99999,99999,99999,99999,99999,99999,0.000000,0.000000,0.000000,0.000000,0.000000,0.000000,0.000000,0.000000,0.000000,0.000000,0.000000,0.000000,0.000000,0.000000,0,0,0,0
"14,46",0,91813,0,0,966,4,99999,99999,99999,99999,99999,99999,0.000000,0.000000,0.000000,0.000000,0.000000,0.000000,0.000000,0.000000,0.000000,0.000000,0.000000,0.000000,0.000000,0.000000,0,0,0,0
"14,47",0,91813,0,0,979,4,99999,99999,99999,99999,99999,99999,0.000000,0.000000,0.000000,0.000000,0.000000,0.000000,0.000000,0.000000,0.000000,0.000000,0.000000,0.000000,0.000000,0.000000,0,0,0,0
"14,48",0,91813,0,0,966,4,99999,99999,99999,99999,99999,99999,0.000000,0.000000,0.000000,0.000000,0.000000,0.000000,0.000000,0.000000,0.000000,0.000000,0.000000,0.000000,0.000000,0.000000,0,0,0,0
"14,49",0,91813,0,0,966,4,99999,99999,99999,99999,99999,99999,0.000000,0.000000,0.000000,0.000000,0.000000,0.000000,0.000000,0.000000,0.000000,0.000000,0.000000,0.000000,0.000000,0.000000,0,0,0,0
"14,50",0,91813,0,0,987,4,99999,99999,99999,99999,99999,99999,0.000000,0.000000,0.000000,0.000000,0.000000,0.000000,0.000000,0.000000,0.000000,0.000000,0.000000,0.000000,0.000000,0.000000,0,0,0,0
"14,51",0,91813,0,0,982,4,99999,99999,99999,99999,99999,99999,0.000000,0.000000,0.000000,0.000000,0.000000,0.000000,0.000000,0.000000,0.000000,0.000000,0.000000,0.000000,0.000000,0.000000,0,0,0,0
"14,52",0,91813,0,0,976,4,99999,99999,99999,99999,99999,99999,0.000000,0.000000,0.000000,0.000000,0.000000,0.000000,0.000000,0.000000,0.000000,0.000000,0.000000,0.000000,0.000000,0.000000,0,0,0,0
"14,53",0,91813,0,0,978,4,99999,99999,99999,99999,99999,99999,0.000000,0.000000,0.000000,0.000000,0.000000,0.000000,0.000000,0.000000,0.000000,0.000000,0.000000,0.000000,0.000000,0.000000,0,0,0,0
"14,54",0,91813,0,0,995,4,99999,99999,99999,99999,99999,99999,0.000000,0.000000,0.000000,0.000000,0.000000,0.000000,0.000000,0.000000,0.000000,0.000000,0.000000,0.000000,0.000000,0.000000,0,0,0,0
"14,55",0,91813,0,0,79,4,99999,99999,99999,99999,99999,99999,0.000000,0.000000,0.000000,0.000000,0.000000,0.000000,0.000000,0.000000,0.000000,0.000000,0.000000,0.000000,0.000000,0.000000,0,0,0,0
"14,56",0,91813,0,0,69,4,99999,99999,99999,99999,99999,99999,0.000000,0.000000,0.000000,0.000000,0.000000,0.000000,0.000000,0.000000,0.000000,0.000000,0.000000,0.000000,0.000000,0.000000,0,0,0,0
"14,57",0,91813,0,0,69,4,99999,99999,99999,99999,99999,99999,0.000000,0.000000,0.000000,0.000000,0.000000,0.000000,0.000000,0.000000,0.000000,0.000000,0.000000,0.000000,0.000000,0.000000,0,0,0,0
"14,58",0,91813,0,0,68,4,99999,99999,99999,99999,99999,99999,0.000000,0.000000,0.000000,0.000000,0.000000,0.000000,0.000000,0.000000,0.000000,0.000000,0.000000,0.000000,0.000000,0.000000,0,0,0,0
"14,59",0,91813,0,0,73,4,99999,99999,99999,99999,99999,99999,0.000000,0.000000,0.000000,0.000000,0.000000,0.000000,0.000000,0.000000,0.000000,0.000000,0.000000,0.000000,0.000000,0.000000,0,0,0,0
"14,60",0,91813,0,0,62,4,99999,99999,99999,99999,99999,99999,0.000000,0.000000,0.000000,0.000000,0.000000,0.000000,0.000000,0.000000,0.000000,0.000000,0.000000,0.000000,0.000000,0.000000,0,0,0,0
"14,61",0,91813,0,0,67,4,99999,99999,99999,99999,99999,99999,0.000000,0.000000,0.000000,0.000000,0.000000,0.000000,0.000000,0.000000,0.000000,0.000000,0.000000,0.000000,0.000000,0.000000,0,0,0,0
"14,62",0,91813,0,0,70,4,99999,99999,99999,99999,99999,99999,0.000000,0.000000,0.000000,0.000000,0.000000,0.000000,0.000000,0.000000,0.000000,0.000000,0.000000,0.000000,0.000000,0.000000,0,0,0,0
"14,63",0,91813,0,0,64,4,99999,99999,99999,99999,99999,99999,0.000000,0.000000,0.000000,0.000000,0.000000,0.000000,0.000000,0.000000,0.000000,0.000000,0.000000,0.000000,0.000000,0.000000,0,0,0,0
"14,64",0,91813,0,0,76,4,99999,99999,99999,99999,99999,99999,0.000000,0.000000,0.000000,0.000000,0.000000,0.000000,0.000000,0.000000,0.000000,0.000000,0.000000,0.000000,0.000000,0.000000,0,0,0,0
"14,65",0,91813,0,0,75,4,99999,99999,99999,99999,99999,99999,0.000000,0.000000,0.000000,0.000000,0.000000,0.000000,0.000000,0.000000,0.000000,0.000000,0.000000,0.000000,0.000000,0.000000,0,0,0,0
"14,66",0,91813,0,0,9,4,99999,99999,99999,99999,99999,99999,0.000000,0.000000,0.000000,0.000000,0.000000,0.000000,0.000000,0.000000,0.000000,0.000000,0.000000,0.000000,0.000000,0.000000,0,0,0,0
"14,67",0,91813,0,0,8,4,99999,99999,99999,99999,99999,99999,0.000000,0.000000,0.000000,0.000000,0.000000,0.000000,0.000000,0.000000,0.000000,0.000000,0.000000,0.000000,0.000000,0.000000,0,0,0,0
"14,68",0,91813,0,0,7,4,99999,99999,99999,99999,99999,99999,0.000000,0.000000,0.000000,0.000000,0.000000,0.000000,0.000000,0.000000,0.000000,0.000000,0.000000,0.000000,0.000000,0.000000,0,0,0,0
"14,69",0,91813,0,0,8,4,99999,99999,99999,99999,99999,99999,0.000000,0.000000,0.000000,0.000000,0.000000,0.000000,0.000000,0.000000,0.000000,0.000000,0.000000,0.000000,0.000000,0.000000,0,0,0,0
"14,70",0,91813,0,0,8,4,99999,99999,99999,99999,99999,99999,0.000000,0.000000,0.000000,0.000000,0.000000,0.000000,0.000000,0.000000,0.000000,0.000000,0.000000,0.000000,0.000000,0.000000,0,0,0,0
"14,71",0,91813,0,0,8,4,99999,99999,99999,99999,99999,99999,0.000000,0.000000,0.000000,0.000000,0.000000,0.000000,0.000000,0.000000,0.000000,0.000000,0.000000,0.000000,0.000000,0.000000,0,0,0,0
"14,72",0,91813,0,0,9,4,99999,99999,99999,99999,99999,99999,0.000000,0.000000,0.000000,0.000000,0.000000,0.000000,0.000000,0.000000,0.000000,0.000000,0.000000,0.000000,0.000000,0.000000,0,0,0,0
"14,73",0,91813,0,0,8,4,99999,99999,99999,99999,99999,99999,0.000000,0.000000,0.000000,0.000000,0.000000,0.000000,0.000000,0.000000,0.000000,0.000000,0.000000,0.000000,0.000000,0.000000,0,0,0,0
"14,74",0,91813,0,0,4,4,99999,99999,99999,99999,99999,99999,0.000000,0.000000,0.000000,0.000000,0.000000,0.000000,0.000000,0.000000,0.000000,0.000000,0.000000,0.000000,0.000000,0.000000,0,0,0,0
"15,1",44,97500,9,1,1040,2,12,115,196,0,4,8,0.922222,0.077778,0.000000,0.000000,0.000000,0.000000,0.000000,0.726592,0.235955,0.033708,0.000000,0.003745,0.000000,0.000000,27495,180,326,146
"15,2",43,97500,9,1,1030,2,14,416,548,0,4,6,0.777778,0.183333,0.038889,0.000000,0.000000,0.000000,0.000000,0.795556,0.173333,0.026667,0.000000,0.004444,0.000000,0.000000,26464,173,317,139
"15,3",42,97500,9,1,1038,2,12,190,298,0,4,5,0.894444,0.105556,0.000000,0.000000,0.000000,0.000000,0.000000,0.760784,0.215686,0.023529,0.000000,0.000000,0.000000,0.000000,27495,180,313,133
"15,4",38,97500,9,1,1041,2,10,213,376,0,4,9,0.900000,0.100000,0.000000,0.000000,0.000000,0.000000,0.000000,0.795918,0.163265,0.028571,0.012245,0.000000,0.000000,0.000000,27495,180,292,112
"15,5",40,97500,9,1,1036,2,10,493,793,0,4,6,0.844444,0.105556,0.050000,0.000000,0.000000,0.000000,0.000000,0.794872,0.170940,0.029915,0.004274,0.000000,0.000000,0.000000,26142,171,291,117
"15,6",34,97500,9,1,1033,2,7,95,191,0,4,8,0.950000,0.050000,0.000000,0.000000,0.000000,0.000000,0.000000,0.815261,0.164659,0.012048,0.008032,0.000000,0.000000,0.000000,27495,180,273,93
"15,7",42,97500,9,1,1040,2,18,511,578,0,4,8,0.733333,0.200000,0.066667,0.000000,0.000000,0.000000,0.000000,0.807692,0.158654,0.028846,0.004808,0.000000,0.000000,0.000000,25494,168,301,128
"15,8",37,97500,9,1,1039,2,10,513,540,0,4,6,0.825137,0.120219,0.043716,0.010929,0.000000,0.000000,0.000000,0.802632,0.162281,0.035088,0.000000,0.000000,0.000000,0.000000,26285,173,276,103
"15,9",44,97500,9,1,1030,2,12,576,659,0,4,5,0.745856,0.165746,0.088398,0.000000,0.000000,0.000000,0.000000,0.818584,0.168142,0.013274,0.000000,0.000000,0.000000,0.000000,25054,165,310,137
"15,10",45,97500,9,1,1026,2,10,288,384,0,4,7,0.888889,0.111111,0.000000,0.000000,0.000000,0.000000,0.000000,0.783270,0.182510,0.030418,0.003802,0.000000,0.000000,0.000000,27495,180,333,153
"15,11",44,97500,9,1,1029,2,11,330,462,0,4,6,0.811111,0.183333,0.005556,0.000000,0.000000,0.000000,0.000000,0.773663,0.185185,0.041152,0.000000,0.000000,0.000000,0.000000,27308,179,322,142
"15,12",41,97500,9,1,1032,2,11,122,286,0,4,5,0.916667,0.083333,0.000000,0.000000,0.000000,0.000000,0.000000,0.745247,0.228137,0.026616,0.000000,0.000000,0.000000,0.000000,27495,180,308,128
"15,13",44,97500,9,1,1030,2,11,333,501,0,4,5,0.868132,0.115385,0.016484,0.000000,0.000000,0.000000,0.000000,0.794355,0.177419,0.024194,0.004032,0.000000,0.000000,0.000000,27323,179,322,142
"15,14",42,97500,9,1,1044,2,9,158,305,0,4,7,0.894444,0.105556,0.000000,0.000000,0.000000,0.000000,0.000000,0.769547,0.197531,0.032922,0.000000,0.000000,0.000000,0.000000,27495,180,314,134
"15,15",46,97500,9,1,1030,2,13,521,545,0,4,5,0.730769,0.186813,0.082418,0.000000,0.000000,0.000000,0.000000,0.800000,0.186364,0.013636,0.000000,0.000000,0.000000,0.000000,25441,167,315,145
"15,16",39,97500,9,1,1031,2,9,119,270,0,4,8,0.922222,0.077778,0.000000,0.000000,0.000000,0.000000,0.000000,0.804688,0.171875,0.015625,0.007812,0.000000,0.000000,0.000000,27495,180,299,119
"15,17",47,97500,9,1,1034,2,15,508,615,0,4,5,0.751381,0.176796,0.066298,0.005525,0.000000,0.000000,0.000000,0.788288,0.171171,0.036036,0.004505,0.000000,0.000000,0.000000,25628,168,330,157
"15,18",43,97500,9,1,1039,2,14,294,391,0,5,8,0.794595,0.205405,0.000000,0.000000,0.000000,0.000000,0.000000,0.758475,0.173729,0.063559,0.004237,0.000000,0.000000,0.000000,28283,185,323,141
"15,19",40,97500,9,1,1042,2,14,513,606,0,4,6,0.766667,0.155556,0.066667,0.011111,0.000000,0.000000,0.000000,0.806604,0.169811,0.023585,0.000000,0.000000,0.000000,0.000000,25255,166,288,116
"15,20",41,97500,9,1,1041,2,11,137,265,0,4,5,0.927778,0.072222,0.000000,0.000000,0.000000,0.000000,0.000000,0.793103,0.180077,0.026820,0.000000,0.000000,0.000000,0.000000,27495,180,309,129
"15,21",43,97500,9,1,1043,2,15,274,438,0,4,8,0.850000,0.150000,0.000000,0.000000,0.000000,0.000000,0.000000,0.734694,0.224490,0.040816,0.000000,0.000000,0.000000,0.000000,27495,180,316,136
"15,22",40,97500,9,1,1035,2,11,159,379,0,4,5,0.916667,0.083333,0.000000,0.000000,0.000000,0.000000,0.000000,0.771863,0.197719,0.030418,0.000000,0.000000,0.000000,0.000000,27495,180,303,123
"15,23",38,97105,8,1,1036,2,11,357,512,0,4,8,0.861111,0.111111,0.027778,0.000000,0.000000,0.000000,0.000000,0.772358,0.186992,0.032520,0.008130,0.000000,0.000000,0.000000,26779,175,290,113
"15,24",39,96738,8,1,1034,2,9,76,306,0,4,5,0.955556,0.044444,0.000000,0.000000,0.000000,0.000000,0.000000,0.811594,0.163043,0.025362,0.000000,0.000000,0.000000,0.000000,27495,180,297,117
"15,25",48,96343,8,1,1033,2,11,456,536,0,4,5,0.855556,0.094444,0.050000,0.000000,0.000000,0.000000,0.000000,0.801498,0.183521,0.014981,0.000000,0.000000,0.000000,0.000000,26041,171,341,165
"15,26",36,96072,8,1,1029,2,12,535,583,0,4,8,0.748634,0.125683,0.125683,0.000000,0.000000,0.000000,0.000000,0.801887,0.165094,0.028302,0.004717,0.000000,0.000000,0.000000,24262,160,256,94
"15,27",42,95199,7,1,1035,2,11,137,259,0,4,6,0.933333,0.066667,0.000000,0.000000,0.000000,0.000000,0.000000,0.797101,0.181159,0.018116,0.003623,0.000000,0.000000,0.000000,27495,180,312,132
"15,28",45,94354,7,1,1041,2,14,231,369,0,4,7,0.866310,0.133690,0.000000,0.000000,0.000000,0.000000,0.000000,0.734082,0.228464,0.029963,0.007491,0.000000,0.000000,0.000000,28548,187,339,155
"15,29",36,93652,7,1,1036,2,12,323,482,0,4,6,0.879121,0.115385,0.005495,0.000000,0.000000,0.000000,0.000000,0.778723,0.182979,0.038298,0.000000,0.000000,0.000000,0.000000,27659,181,282,102
"15,30",39,92991,7,1,1038,2,8,105,297,0,4,5,0.946237,0.053763,0.000000,0.000000,0.000000,0.000000,0.000000,0.806691,0.174721,0.014870,0.003717,0.000000,0.000000,0.000000,28421,186,302,118
"15,31",0,92991,0,0,968,4,99999,99999,99999,99999,99999,99999,0.000000,0.000000,0.000000,0.000000,0.000000,0.000000,0.000000,0.000000,0.000000,0.000000,0.000000,0.000000,0.000000,0.000000,0,0,0,0
"15,32",0,92991,0,0,971,4,99999,99999,99999,99999,99999,99999,0.000000,0.000000,0.000000,0.000000,0.000000,0.000000,0.000000,0.000000,0.000000,0.000000,0.000000,0.000000,0.000000,0.000000,0,0,0,0
"15,33",0,92991,0,0,971,4,99999,99999,99999,99999,99999,99999,0.000000,0.000000,0.000000,0.000000,0.000000,0.000000,0.000000,0.000000,0.000000,0.000000,0.000000,0.000000,0.000000,0.000000,0,0,0,0
"15,34",0,92991,0,0,967,4,99999,99999,99999,99999,99999,99999,0.000000,0.000000,0.000000,0.000000,0.000000,0.000000,0.000000,0.000000,0.000000,0.000000,0.000000,0.000000,0.000000,0.000000,0,0,0,0
"15,35",0,92991,0,0,977,4,99999,99999,99999,99999,99999,99999,0.000000,0.000000,0.000000,0.000000,0.000000,0.000000,0.000000,0.000000,0.000000,0.000000,0.000000,0.000000,0.000000,0.000000,0,0,0,0
"15,36",0,92991,0,0,974,4,99999,99999,99999,99999,99999,99999,0.000000,0.000000,0.000000,0.000000,0.000000,0.000000,0.000000,0.000000,0.000000,0.000000,0.000000,0.000000,0.000000,0.000000,0,0,0,0
"15,37",0,92991,0,0,979,4,99999,99999,99999,99999,99999,99999,0.000000,0.000000,0.000000,0.000000,0.000000,0.000000,0.000000,0.000000,0.000000,0.000000,0.000000,0.000000,0.000000,0.000000,0,0,0,0
"15,38",0,92991,0,0,974,4,99999,99999,99999,99999,99999,99999,0.000000,0.000000,0.000000,0.000000,0.000000,0.000000,0.000000,0.000000,0.000000,0.000000,0.000000,0.000000,0.000000,0.000000,0,0,0,0
"15,39",0,92991,0,0,977,4,99999,99999,99999,99999,99999,99999,0.000000,0.000000,0.000000,0.000000,0.000000,0.000000,0.000000,0.000000,0.000000,0.000000,0.000000,0.000000,0.000000,0.000000,0,0,0,0
"15,40",0,92991,0,0,973,4,99999,99999,99999,99999,99999,99999,0.000000,0.000000,0.000000,0.000000,0.000000,0.000000,0.000000,0.000000,0.000000,0.000000,0.000000,0.000000,0.000000,0.000000,0,0,0,0
"15,41",0,92991,0,0,974,4,99999,99999,99999,99999,99999,99999,0.000000,0.000000,0.000000,0.000000,0.000000,0.000000,0.000000,0.000000,0.000000,0.000000,0.000000,0.000000,0.000000,0.000000,0,0,0,0
"15,42",0,92991,0,0,975,4,99999,99999,99999,99999,99999,99999,0.000000,0.000000,0.000000,0.000000,0.000000,0.000000,0.000000,0.000000,0.000000,0.000000,0.000000,0.000000,0.000000,0.000000,0,0,0,0
"15,43",0,92991,0,0,971,4,99999,99999,99999,99999,99999,99999,0.000000,0.000000,0.000000,0.000000,0.000000,0.000000,0.000000,0.000000,0.000000,0.000000,0.000000,0.000000,0.000000,0.000000,0,0,0,0
"15,44",0,92991,0,0,968,4,99999,99999,99999,99999,99999,99999,0.000000,0.000000,0.000000,0.000000,0.000000,0.000000,0.000000,0.000000,0.000000,0.000000,0.000000,0.000000,0.000000,0.000000,0,0,0,0
"15,45",0,92991,0,0,973,4,99999,99999,99999,99999,99999,99999,0.000000,0.000000,0.000000,0.000000,0.000000,0.000000,0.000000,0.000000,0.000000,0.000000,0.000000,0.000000,0.000000,0.000000,0,0,0,0
"15,46",0,92991,0,0,970,4,99999,99999,99999,99999,99999,99999,0.000000,0.000000,0.000000,0.000000,0.000000,0.000000,0.000000,0.000000,0.000000,0.000000,0.000000,0.000000,0.000000,0.000000,0,0,0,0
"15,47",0,92991,0,0,976,4,99999,99999,99999,99999,99999,99999,0.000000,0.000000,0.000000,0.000000,0.000000,0.000000,0.000000,0.000000,0.000000,0.000000,0.000000,0.000000,0.000000,0.000000,0,0,0,0
"15,48",0,92991,0,0,969,4,99999,99999,99999,99999,99999,99999,0.000000,0.000000,0.000000,0.000000,0.000000,0.000000,0.000000,0.000000,0.000000,0.000000,0.000000,0.000000,0.000000,0.000000,0,0,0,0
"15,49",0,92991,0,0,968,4,99999,99999,99999,99999,99999,99999,0.000000,0.000000,0.000000,0.000000,0.000000,0.000000,0.000000,0.000000,0.000000,0.000000,0.000000,0.000000,0.000000,0.000000,0,0,0,0
"15,50",0,92991,0,0,966,4,99999,99999,99999,99999,99999,99999,0.000000,0.000000,0.000000,0.000000,0.000000,0.000000,0.000000,0.000000,0.000000,0.000000,0.000000,0.000000,0.000000,0.000000,0,0,0,0
"15,51",0,92991,0,0,974,4,99999,99999,99999,99999,99999,99999,0.000000,0.000000,0.000000,0.000000,0.000000,0.000000,0.000000,0.000000,0.000000,0.000000,0.000000,0.000000,0.000000,0.000000,0,0,0,0
"15,52",0,92991,0,0,972,4,99999,99999,99999,99999,99999,99999,0.000000,0.000000,0.000000,0.000000,0.000000,0.000000,0.000000,0.000000,0.000000,0.000000,0.000000,0.000000,0.000000,0.000000,0,0,0,0
"15,53",0,92991,0,0,982,4,99999,99999,99999,99999,99999,99999,0.000000,0.000000,0.000000,0.000000,0.000000,0.000000,0.000000,0.000000,0.000000,0.000000,0.000000,0.000000,0.000000,0.000000,0,0,0,0
"15,54",0,92991,0,0,968,4,99999,99999,99999,99999,99999,99999,0.000000,0.000000,0.000000,0.000000,0.000000,0.000000,0.000000,0.000000,0.000000,0.000000,0.000000,0.000000,0.000000,0.000000,0,0,0,0
"15,55",0,92991,0,0,76,4,99999,99999,99999,99999,99999,99999,0.000000,0.000000,0.000000,0.000000,0.000000,0.000000,0.000000,0.000000,0.000000,0.000000,0.000000,0.000000,0.000000,0.000000,0,0,0,0
"15,56",0,92991,0,0,67,4,99999,99999,99999,99999,99999,99999,0.000000,0.000000,0.000000,0.000000,0.000000,0.000000,0.000000,0.000000,0.000000,0.000000,0.000000,0.000000,0.000000,0.000000,0,0,0,0
"15,57",0,92991,0,0,78,4,99999,99999,99999,99999,99999,99999,0.000000,0.000000,0.000000,0.000000,0.000000,0.000000,0.000000,0.000000,0.000000,0.000000,0.000000,0.000000,0.000000,0.000000,0,0,0,0
"15,58",0,92991,0,0,78,4,99999,99999,99999,99999,99999,99999,0.000000,0.000000,0.000000,0.000000,0.000000,0.000000,0.000000,0.000000,0.000000,0.000000,0.000000,0.000000,0.000000,0.000000,0,0,0,0
"15,59",0,92991,0,0,66,4,99999,99999,99999,99999,99999,99999,0.000000,0.000000,0.000000,0.000000,0.000000,0.000000,0.000000,0.000000,0.000000,0.000000,0.000000,0.000000,0.000000,0.000000,0,0,0,0
"15,60",0,92991,0,0,62,4,99999,99999,99999,99999,99999,99999,0.000000,0.000000,0.000000,0.000000,0.000000,0.000000,0.000000,0.000000,0.000000,0.000000,0.000000,0.000000,0.000000,0.000000,0,0,0,0
"15,61",0,92991,0,0,72,4,99999,99999,99999,99999,99999,99999,0.000000,0.000000,0.000000,0.000000,0.000000,0.000000,0.000000,0.000000,0.000000,0.000000,0.000000,0.000000,0.000000,0.000000,0,0,0,0
"15,62",0,92991,0,0,75,4,99999,99999,99999,99999,99999,99999,0.000000,0.000000,0.000000,0.000000,0.000000,0.000000,0.000000,0.000000,0.000000,0.000000,0.000000,0.000000,0.000000,0.000000,0,0,0,0
"15,63",0,92991,0,0,72,4,99999,99999,99999,99999,99999,99999,0.000000,0.000000,0.000000,0.000000,0.000000,0.000000,0.000000,0.000000,0.000000,0.000000,0.000000,0.000000,0.000000,0.000000,0,0,0,0
"15,64",0,92991,0,0,76,4,99999,99999,99999,99999,99999,99999,0.000000,0.000000,0.000000,0.000000,0.000000,0.000000,0.000000,0.000000,0.000000,0.000000,0.000000,0.000000,0.000000,0.000000,0,0,0,0
"15,65",0,92991,0,0,79,4,99999,99999,99999,99999,99999,99999,0.000000,0.000000,0.000000,0.000000,0.000000,0.000000,0.000000,0.000000,0.000000,0.000000,0.000000,0.000000,0.000000,0.000000,0,0,0,0
"15,66",0,92991,0,0,73,4,99999,99999,99999,99999,99999,99999,0.000000,0.000000,0.000000,0.000000,0.000000,0.000000,0.000000,0.000000,0.000000,0.000000,0.000000,0.000000,0.000000,0.000000,0,0,0,0
"15,67",0,92991,0,0,8,4,99999,99999,99999,99999,99999,99999,0.000000,0.000000,0.000000,0.000000,0.000000,0.000000,0.000000,0.000000,0.000000,0.000000,0.000000,0.000000,0.000000,0.000000,0,0,0,0
"15,68",0,92991,0,0,8,4,99999,99999,99999,99999,99999,99999,0.000000,0.000000,0.000000,0.000000,0.000000,0.000000,0.000000,0.000000,0.000000,0.000000,0.000000,0.000000,0.000000,0.000000,0,0,0,0
"15,69",0,92991,0,0,8,4,99999,99999,99999,99999,99999,99999,0.000000,0.000000,0.000000,0.000000,0.000000,0.000000,0.000000,0.000000,0.000000,0.000000,0.000000,0.000000,0.000000,0.000000,0,0,0,0
"15,70",0,92991,0,0,8,4,99999,99999,99999,99999,99999,99999,0.000000,0.000000,0.000000,0.000000,0.000000,0.000000,0.000000,0.000000,0.000000,0.000000,0.000000,0.000000,0.000000,0.000000,0,0,0,0
"15,71",0,92991,0,0,7,4,99999,99999,99999,99999,99999,99999,0.000000,0.000000,0.000000,0.000000,0.000000,0.000000,0.000000,0.000000,0.000000,0.000000,0.000000,0.000000,0.000000,0.000000,0,0,0,0
"15,72",0,92991,0,0,8,4,99999,99999,99999,99999,99999,99999,0.000000,0.000000,0.000000,0.000000,0.000000,0.000000,0.000000,0.000000,0.000000,0.000000,0.000000,0.000000,0.000000,0.000000,0,0,0,0
"15,73",0,92991,0,0,9,4,99999,99999,99999,99999,99999,99999,0.000000,0.000000,0.000000,0.000000,0.000000,0.000000,0.000000,0.000000,0.000000,0.000000,0.000000,0.000000,0.000000,0.000000,0,0,0,0
"15,74",0,92991,0,0,4,4,99999,99999,99999,99999,99999,99999,0.000000,0.000000,0.000000,0.000000,0.000000,0.000000,0.000000,0.000000,0.000000,0.000000,0.000000,0.000000,0.000000,0.000000,0,0,0,0
"16,1",40,93135,9,1,1031,2,11,152,253,0,4,6,0.894444,0.105556,0.000000,0.000000,0.000000,0.000000,0.000000,0.783465,0.192913,0.019685,0.003937,0.000000,0.000000,0.000000,27495,180,304,124
"16,2",43,93276,9,1,1041,2,11,308,531,0,4,8,0.855556,0.116667,0.027778,0.000000,0.000000,0.000000,0.000000,0.792531,0.165975,0.041494,0.000000,0.000000,0.000000,0.000000,26720,175,316,136
"16,3",40,93395,9,1,1036,2,13,524,869,0,4,6,0.788889,0.144444,0.055556,0.011111,0.000000,0.000000,0.000000,0.800847,0.161017,0.038136,0.000000,0.000000,0.000000,0.000000,25655,168,286,115
"16,4",44,93522,9,1,1032,2,10,133,197,0,4,4,0.916667,0.083333,0.000000,0.000000,0.000000,0.000000,0.000000,0.798479,0.193916,0.003802,0.003802,0.000000,0.000000,0.000000,27495,180,323,143
"16,5",43,93637,9,1,1036,2,27,469,542,0,4,8,0.688889,0.277778,0.033333,0.000000,0.000000,0.000000,0.000000,0.736842,0.224880,0.033493,0.004785,0.000000,0.000000,0.000000,26569,174,316,136
"16,6",40,93742,9,1,1026,2,8,62,115,0,4,7,0.972222,0.027778,0.000000,0.000000,0.000000,0.000000,0.000000,0.801471,0.158088,0.029412,0.007353,0.003676,0.000000,0.000000,27495,180,302,122
"16,7",44,93849,9,1,1046,2,13,196,327,0,4,6,0.883333,0.116667,0.000000,0.000000,0.000000,0.000000,0.000000,0.749004,0.235060,0.011952,0.003984,0.000000,0.000000,0.000000,27495,180,326,146
"16,8",40,93943,9,1,1047,2,10,76,131,0,4,5,0.961111,0.038889,0.000000,0.000000,0.000000,0.000000,0.000000,0.770677,0.206767,0.022556,0.000000,0.000000,0.000000,0.000000,27495,180,302,122
"16,9",45,94041,9,1,1031,2,10,389,672,0,4,7,0.834254,0.127072,0.038674,0.000000,0.000000,0.000000,0.000000,0.786611,0.175732,0.033473,0.004184,0.000000,0.000000,0.000000,26395,174,326,148
"16,10",44,94134,9,1,1036,2,13,155,292,0,4,6,0.877778,0.122222,0.000000,0.000000,0.000000,0.000000,0.000000,0.770161,0.189516,0.036290,0.004032,0.000000,0.000000,0.000000,27495,180,325,145
"16,11",44,94219,9,1,1039,2,13,338,505,0,5,9,0.855556,0.127778,0.016667,0.000000,0.000000,0.000000,0.000000,0.765182,0.178138,0.036437,0.020243,0.000000,0.000000,0.000000,27043,177,326,146
"16,12",35,94289,9,1,1036,2,9,92,632,0,4,5,0.950000,0.022222,0.027778,0.000000,0.000000,0.000000,0.000000,0.806202,0.155039,0.034884,0.003876,0.000000,0.000000,0.000000,26711,175,275,98
"16,13",43,94367,9,1,1032,2,9,184,362,0,4,5,0.906593,0.093407,0.000000,0.000000,0.000000,0.000000,0.000000,0.812734,0.168539,0.018727,0.000000,0.000000,0.000000,0.000000,27777,182,322,141
"16,14",46,94444,9,1,1031,2,21,528,678,0,4,8,0.716667,0.188889,0.094444,0.000000,0.000000,0.000000,0.000000,0.813333,0.146667,0.035556,0.004444,0.000000,0.000000,0.000000,25187,163,330,154
"16,15",45,94519,9,1,1037,2,15,449,534,0,5,9,0.784530,0.182320,0.033149,0.000000,0.000000,0.000000,0.000000,0.741667,0.170833,0.070833,0.016667,0.000000,0.000000,0.000000,26704,175,328,149
"16,16",40,94581,9,1,1041,2,11,89,144,0,5,7,0.955556,0.044444,0.000000,0.000000,0.000000,0.000000,0.000000,0.761364,0.185606,0.053030,0.000000,0.000000,0.000000,0.000000,27495,180,301,121
"16,17",44,94642,9,1,1041,2,14,512,556,0,4,6,0.822222,0.111111,0.055556,0.011111,0.000000,0.000000,0.000000,0.813559,0.135593,0.050847,0.000000,0.000000,0.000000,0.000000,25697,168,306,135
"16,18",44,94704,9,1,1032,2,11,145,299,0,5,7,0.922222,0.077778,0.000000,0.000000,0.000000,0.000000,0.000000,0.767790,0.164794,0.063670,0.003745,0.000000,0.000000,0.000000,27495,180,322,142
"16,19",36,94755,9,1,1037,2,11,485,570,0,4,8,0.788889,0.161111,0.050000,0.000000,0.000000,0.000000,0.000000,0.818182,0.138756,0.033493,0.009569,0.000000,0.000000,0.000000,26088,171,275,100
"16,20",40,94810,9,1,1038,2,10,105,170,0,4,7,0.944444,0.055556,0.000000,0.000000,0.000000,0.000000,0.000000,0.760300,0.194757,0.044944,0.000000,0.000000,0.000000,0.000000,27495,180,304,124
"16,21",40,94865,9,1,1029,2,9,52,86,0,4,5,0.988889,0.011111,0.000000,0.000000,0.000000,0.000000,0.000000,0.791809,0.184300,0.023891,0.000000,0.000000,0.000000,0.000000,27495,180,305,125
"16,22",39,94913,9,1,1033,2,9,241,341,0,4,6,0.866667,0.133333,0.000000,0.000000,0.000000,0.000000,0.000000,0.799180,0.176230,0.020492,0.004098,0.000000,0.000000,0.000000,27495,180,297,117
"16,23",45,94964,9,1,1028,2,9,112,207,0,4,5,0.933333,0.066667,0.000000,0.000000,0.000000,0.000000,0.000000,0.769784,0.208633,0.017986,0.003597,0.000000,0.000000,0.000000,27495,180,328,148
"16,24",46,94825,8,1,1031,2,10,515,777,0,4,6,0.805556,0.122222,0.072222,0.000000,0.000000,0.000000,0.000000,0.847826,0.126087,0.021739,0.004348,0.000000,0.000000,0.000000,25392,167,320,148
"16,25",44,94694,8,1,1036,2,11,193,366,0,4,6,0.888889,0.111111,0.000000,0.000000,0.000000,0.000000,0.000000,0.752988,0.231076,0.015936,0.000000,0.000000,0.000000,0.000000,27495,180,325,145
"16,26",52,94548,8,1,1022,2,16,471,601,0,4,8,0.767956,0.182320,0.049724,0.000000,0.000000,0.000000,0.000000,0.768000,0.184000,0.044000,0.004000,0.000000,0.000000,0.000000,26182,172,368,192
"16,27",39,94435,8,1,1040,2,13,502,553,0,4,6,0.788889,0.150000,0.061111,0.000000,0.000000,0.000000,0.000000,0.792952,0.176211,0.022026,0.008811,0.000000,0.000000,0.000000,25776,169,288,114
"16,28",48,94033,7,1,1035,2,14,297,492,0,4,6,0.823204,0.165746,0.011050,0.000000,0.000000,0.000000,0.000000,0.754098,0.217213,0.028689,0.000000,0.000000,0.000000,0.000000,27429,179,349,169
"16,29",38,93701,7,1,1031,2,10,209,511,0,4,6,0.916667,0.066667,0.016667,0.000000,0.000000,0.000000,0.000000,0.802419,0.185484,0.008065,0.004032,0.000000,0.000000,0.000000,27064,177,294,114
"16,30",41,93386,7,1,1033,2,21,537,671,0,4,6,0.692708,0.208333,0.093750,0.005208,0.000000,0.000000,0.000000,0.800926,0.152778,0.046296,0.000000,0.000000,0.000000,0.000000,26375,173,303,126
"16,31",37,93063,7,1,1037,2,10,79,160,0,4,6,0.961111,0.038889,0.000000,0.000000,0.000000,0.000000,0.000000,0.773946,0.199234,0.022989,0.000000,0.003831,0.000000,0.000000,27495,180,288,108
"16,32",0,93063,0,0,970,4,99999,99999,99999,99999,99999,99999,0.000000,0.000000,0.000000,0.000000,0.000000,0.000000,0.000000,0.000000,0.000000,0.000000,0.000000,0.000000,0.000000,0.000000,0,0,0,0
"16,33",0,93063,0,0,970,4,99999,99999,99999,99999,99999,99999,0.000000,0.000000,0.000000,0.000000,0.000000,0.000000,0.000000,0.000000,0.000000,0.000000,0.000000,0.000000,0.000000,0.000000,0,0,0,0
"16,34",0,93063,0,0,971,4,99999,99999,99999,99999,99999,99999,0.000000,0.000000,0.000000,0.000000,0.000000,0.000000,0.000000,0.000000,0.000000,0.000000,0.000000,0.000000,0.000000,0.000000,0,0,0,0
"16,35",0,93063,0,0,970,4,99999,99999,99999,99999,99999,99999,0.000000,0.000000,0.000000,0.000000,0.000000,0.000000,0.000000,0.000000,0.000000,0.000000,0.000000,0.000000,0.000000,0.000000,0,0,0,0
"16,36",0,93063,0,0,983,4,99999,99999,99999,99999,99999,99999,0.000000,0.000000,0.000000,0.000000,0.000000,0.000000,0.000000,0.000000,0.000000,0.000000,0.000000,0.000000,0.000000,0.000000,0,0,0,0
"16,37",0,93063,0,0,967,4,99999,99999,99999,99999,99999,99999,0.000000,0.000000,0.000000,0.000000,0.000000,0.000000,0.000000,0.000000,0.000000,0.000000,0.000000,0.000000,0.000000,0.000000,0,0,0,0
"16,38",0,93063,0,0,974,4,99999,99999,99999,99999,99999,99999,0.000000,0.000000,0.000000,0.000000,0.000000,0.000000,0.000000,0.000000,0.000000,0.000000,0.000000,0.000000,0.000000,0.000000,0,0,0,0
"16,39",0,93063,0,0,973,4,99999,99999,99999,99999,99999,99999,0.000000,0.000000,0.000000,0.000000,0.000000,0.000000,0.000000,0.000000,0.000000,0.000000,0.000000,0.000000,0.000000,0.000000,0,0,0,0
"16,40",0,93063,0,0,973,4,99999,99999,99999,99999,99999,99999,0.000000,0.000000,0.000000,0.000000,0.000000,0.000000,0.000000,0.000000,0.000000,0.000000,0.000000,0.000000,0.000000,0.000000,0,0,0,0
"16,41",0,93063,0,0,980,4,99999,99999,99999,99999,99999,99999,0.000000,0.000000,0.000000,0.000000,0.000000,0.000000,0.000000,0.000000,0.000000,0.000000,0.000000,0.000000,0.000000,0.000000,0,0,0,0
"16,42",0,93063,0,0,966,4,99999,99999,99999,99999,99999,99999,0.000000,0.000000,0.000000,0.000000,0.000000,0.000000,0.000000,0.000000,0.000000,0.000000,0.000000,0.000000,0.000000,0.000000,0,0,0,0
"16,43",0,93063,0,0,976,4,99999,99999,99999,99999,99999,99999,0.000000,0.000000,0.000000,0.000000,0.000000,0.000000,0.000000,0.000000,0.000000,0.000000,0.000000,0.000000,0.000000,0.000000,0,0,0,0
"16,44",0,93063,0,0,969,4,99999,99999,99999,99999,99999,99999,0.000000,0.000000,0.000000,0.000000,0.000000,0.000000,0.000000,0.000000,0.000000,0.000000,0.000000,0.000000,0.000000,0.000000,0,0,0,0
"16,45",0,93063,0,0,972,4,99999,99999,99999,99999,99999,99999,0.000000,0.000000,0.000000,0.000000,0.000000,0.000000,0.000000,0.000000,0.000000,0.000000,0.000000,0.000000,0.000000,0.000000,0,0,0,0
"16,46",0,93063,0,0,978,4,99999,99999,99999,99999,99999,99999,0.000000,0.000000,0.000000,0.000000,0.000000,0.000000,0.000000,0.000000,0.000000,0.000000,0.000000,0.000000,0.000000,0.000000,0,0,0,0
"16,47",0,93063,0,0,969,4,99999,99999,99999,99999,99999,99999,0.000000,0.000000,0.000000,0.000000,0.000000,0.000000,0.000000,0.000000,0.000000,0.000000,0.000000,0.000000,0.000000,0.000000,0,0,0,0
"16,48",0,93063,0,0,983,4,99999,99999,99999,99999,99999,99999,0.000000,0.000000,0.000000,0.000000,0.000000,0.000000,0.000000,0.000000,0.000000,0.000000,0.000000,0.000000,0.000000,0.000000,0,0,0,0
"16,49",0,93063,0,0,962,4,99999,99999,99999,99999,99999,99999,0.000000,0.000000,0.000000,0.000000,0.000000,0.000000,0.000000,0.000000,0.000000,0.000000,0.000000,0.000000,0.000000,0.000000,0,0,0,0
"16,50",0,93063,0,0,974,4,99999,99999,99999,99999,99999,99999,0.000000,0.000000,0.000000,0.000000,0.000000,0.000000,0.000000,0.000000,0.000000,0.000000,0.000000,0.000000,0.000000,0.000000,0,0,0,0
"16,51",0,93063,0,0,967,4,99999,99999,99999,99999,99999,99999,0.000000,0.000000,0.000000,0.000000,0.000000,0.000000,0.000000,0.000000,0.000000,0.000000,0.000000,0.000000,0.000000,0.000000,0,0,0,0
"16,52",0,93063,0,0,978,4,99999,99999,99999,99999,99999,99999,0.000000,0.000000,0.000000,0.000000,0.000000,0.000000,0.000000,0.000000,0.000000,0.000000,0.000000,0.000000,0.000000,0.000000,0,0,0,0
"16,53",0,93063,0,0,973,4,99999,99999,99999,99999,99999,99999,0.000000,0.000000,0.000000,0.000000,0.000000,0.000000,0.000000,0.000000,0.000000,0.000000,0.000000,0.000000,0.000000,0.000000,0,0,0,0
"16,54",0,93063,0,0,973,4,99999,99999,99999,99999,99999,99999,0.000000,0.000000,0.000000,0.000000,0.000000,0.000000,0.000000,0.000000,0.000000,0.000000,0.000000,0.000000,0.000000,0.000000,0,0,0,0
"16,55",0,93063,0,0,70,4,99999,99999,99999,99999,99999,99999,0.000000,0.000000,0.000000,0.000000,0.000000,0.000000,0.000000,0.000000,0.000000,0.000000,0.000000,0.000000,0.000000,0.000000,0,0,0,0
"16,56",0,93063,0,0,76,4,99999,99999,99999,99999,99999,99999,0.000000,0.000000,0.000000,0.000000,0.000000,0.000000,0.000000,0.000000,0.000000,0.000000,0.000000,0.000000,0.000000,0.000000,0,0,0,0
"16,57",0,93063,0,0,76,4,99999,99999,99999,99999,99999,99999,0.000000,0.000000,0.000000,0.000000,0.000000,0.000000,0.000000,0.000000,0.000000,0.000000,0.000000,0.000000,0.000000,0.000000,0,0,0,0
"16,58",0,93063,0,0,75,4,99999,99999,99999,99999,99999,99999,0.000000,0.000000,0.000000,0.000000,0.000000,0.000000,0.000000,0.000000,0.000000,0.000000,0.000000,0.000000,0.000000,0.000000,0,0,0,0
"16,59",0,93063,0,0,86,4,99999,99999,99999,99999,99999,99999,0.000000,0.000000,0.000000,0.000000,0.000000,0.000000,0.000000,0.000000,0.000000,0.000000,0.000000,0.000000,0.000000,0.000000,0,0,0,0
"16,60",0,93063,0,0,76,4,99999,99999,99999,99999,99999,99999,0.000000,0.000000,0.000000,0.000000,0.000000,0.000000,0.000000,0.000000,0.000000,0.000000,0.000000,0.000000,0.000000,0.000000,0,0,0,0
"16,61",0,93063,0,0,80,4,99999,99999,99999,99999,99999,99999,0.000000,0.000000,0.000000,0.000000,0.000000,0.000000,0.000000,0.000000,0.000000,0.000000,0.000000,0.000000,0.000000,0.000000,0,0,0,0
"16,62",0,93063,0,0,75,4,99999,99999,99999,99999,99999,99999,0.000000,0.000000,0.000000,0.000000,0.000000,0.000000,0.000000,0.000000,0.000000,0.000000,0.000000,0.000000,0.000000,0.000000,0,0,0,0
"16,63",0,93063,0,0,72,4,99999,99999,99999,99999,99999,99999,0.000000,0.000000,0.000000,0.000000,0.000000,0.000000,0.000000,0.000000,0.000000,0.000000,0.000000,0.000000,0.000000,0.000000,0,0,0,0
"16,64",0,93063,0,0,75,4,99999,99999,99999,99999,99999,99999,0.000000,0.000000,0.000000,0.000000,0.000000,0.000000,0.000000,0.000000,0.000000,0.000000,0.000000,0.000000,0.000000,0.000000,0,0,0,0
"16,65",0,93063,0,0,77,4,99999,99999,99999,99999,99999,99999,0.000000,0.000000,0.000000,0.000000,0.000000,0.000000,0.000000,0.000000,0.000000,0.000000,0.000000,0.000000,0.000000,0.000000,0,0,0,0
"16,66",0,93063,0,0,80,4,99999,99999,99999,99999,99999,99999,0.000000,0.000000,0.000000,0.000000,0.000000,0.000000,0.000000,0.000000,0.000000,0.000000,0.000000,0.000000,0.000000,0.000000,0,0,0,0
"16,67",0,93063,0,0,7,4,99999,99999,99999,99999,99999,99999,0.000000,0.000000,0.000000,0.000000,0.000000,0.000000,0.000000,0.000000,0.000000,0.000000,0.000000,0.000000,0.000000,0.000000,0,0,0,0
"16,68",0,93063,0,0,9,4,99999,99999,99999,99999,99999,99999,0.000000,0.000000,0.000000,0.000000,0.000000,0.000000,0.000000,0.000000,0.000000,0.000000,0.000000,0.000000,0.000000,0.000000,0,0,0,0
"16,69",0,93063,0,0,8,4,99999,99999,99999,99999,99999,99999,0.000000,0.000000,0.000000,0.000000,0.000000,0.000000,0.000000,0.000000,0.000000,0.000000,0.000000,0.000000,0.000000,0.000000,0,0,0,0
"16,70",0,93063,0,0,7,4,99999,99999,99999,99999,99999,99999,0.000000,0.000000,0.000000,0.000000,0.000000,0.000000,0.000000,0.000000,0.000000,0.000000,0.000000,0.000000,0.000000,0.000000,0,0,0,0
"16,71",0,93063,0,0,9,4,99999,99999,99999,99999,99999,99999,0.000000,0.000000,0.000000,0.000000,0.000000,0.000000,0.000000,0.000000,0.000000,0.000000,0.000000,0.000000,0.000000,0.000000,0,0,0,0
"16,72",0,93063,0,0,9,4,99999,99999,99999,99999,99999,99999,0.000000,0.000000,0.000000,0.000000,0.000000,0.000000,0.000000,0.000000,0.000000,0.000000,0.000000,0.000000,0.000000,0.000000,0,0,0,0
"16,73",0,93063,0,0,9,4,99999,99999,99999,99999,99999,99999,0.000000,0.000000,0.000000,0.000000,0.000000,0.000000,0.000000,0.000000,0.000000,0.000000,0.000000,0.000000,0.000000,0.000000,0,0,0,0
"16,74",0,93063,0,0,9,4,99999,99999,99999,99999,99999,99999,0.000000,0.000000,0.000000,0.000000,0.000000,0.000000,0.000000,0.000000,0.000000,0.000000,0.000000,0.000000,0.000000,0.000000,0,0,0,0
"17,1",38,97500,9,1,1050,2,14,527,1024,0,4,4,0.800000,0.127778,0.055556,0.016667,0.000000,0.000000,0.000000,0.821101,0.169725,0.009174,0.000000,0.000000,0.000000,0.000000,25688,167,275,105
"17,2",37,97500,9,1,1035,2,9,74,225,0,4,6,0.961111,0.038889,0.000000,0.000000,0.000000,0.000000,0.000000,0.792308,0.173077,0.026923,0.007692,0.000000,0.000000,0.000000,27495,180,286,106
"17,3",41,97500,9,1,1031,2,13,380,529,0,4,8,0.872222,0.100000,0.027778,0.000000,0.000000,0.000000,0.000000,0.808163,0.167347,0.020408,0.004082,0.000000,0.000000,0.000000,26753,175,309,129
"17,4",35,97500,9,1,1034,2,15,533,689,0,4,7,0.716578,0.160428,0.122995,0.000000,0.000000,0.000000,0.000000,0.796117,0.179612,0.019417,0.004854,0.000000,0.000000,0.000000,25334,165,267,95
"17,5",47,97500,9,1,1034,2,11,247,501,0,4,7,0.872222,0.111111,0.016667,0.000000,0.000000,0.000000,0.000000,0.784314,0.172549,0.043137,0.000000,0.000000,0.000000,0.000000,27079,177,342,162
"17,6",39,97500,9,1,1036,2,8,229,370,0,4,7,0.894444,0.105556,0.000000,0.000000,0.000000,0.000000,0.000000,0.844898,0.130612,0.020408,0.004082,0.000000,0.000000,0.000000,27495,180,298,118
"17,7",42,97500,9,1,1043,2,12,175,407,0,4,8,0.922652,0.077348,0.000000,0.000000,0.000000,0.000000,0.000000,0.784615,0.173077,0.034615,0.007692,0.000000,0.000000,0.000000,27659,181,311,131
"17,8",42,97500,9,1,1040,2,13,319,469,0,4,5,0.833333,0.161111,0.005556,0.000000,0.000000,0.000000,0.000000,0.789256,0.185950,0.024793,0.000000,0.000000,0.000000,0.000000,27389,179,315,135
"17,9",46,97500,9,1,1038,2,11,347,532,0,4,6,0.834254,0.149171,0.016575,0.000000,0.000000,0.000000,0.000000,0.790795,0.175732,0.033473,0.000000,0.000000,0.000000,0.000000,26998,178,338,157
"17,10",44,97500,9,1,1045,2,14,506,555,0,4,8,0.801105,0.127072,0.071823,0.000000,0.000000,0.000000,0.000000,0.751092,0.200873,0.043668,0.004367,0.000000,0.000000,0.000000,25724,168,311,138
"17,11",38,97500,9,1,1038,2,13,384,519,0,4,5,0.857143,0.115385,0.027473,0.000000,0.000000,0.000000,0.000000,0.804979,0.170124,0.024896,0.000000,0.000000,0.000000,0.000000,26857,177,290,112
"17,12",39,97500,9,1,1034,2,10,240,529,0,4,8,0.852459,0.131148,0.016393,0.000000,0.000000,0.000000,0.000000,0.815900,0.138075,0.037657,0.004184,0.004184,0.000000,0.000000,27504,180,300,119
"17,13",51,97500,9,1,1038,2,15,505,652,0,4,6,0.772222,0.155556,0.072222,0.000000,0.000000,0.000000,0.000000,0.739130,0.230435,0.026087,0.004348,0.000000,0.000000,0.000000,25517,167,364,187
"17,14",43,97500,9,1,1033,2,12,497,605,0,4,5,0.833333,0.116667,0.050000,0.000000,0.000000,0.000000,0.000000,0.778689,0.200820,0.020492,0.000000,0.000000,0.000000,0.000000,26117,171,319,140
"17,15",38,97500,9,1,1029,2,7,62,104,0,4,4,0.983333,0.016667,0.000000,0.000000,0.000000,0.000000,0.000000,0.831461,0.157303,0.011236,0.000000,0.000000,0.000000,0.000000,27495,180,293,113
"17,16",41,97500,9,1,1039,2,11,106,177,0,4,7,0.938889,0.061111,0.000000,0.000000,0.000000,0.000000,0.000000,0.766038,0.184906,0.045283,0.003774,0.000000,0.000000,0.000000,27495,180,306,126
"17,17",36,97500,9,1,1032,2,8,52,116,0,4,5,0.977778,0.022222,0.000000,0.000000,0.000000,0.000000,0.000000,0.808824,0.172794,0.011029,0.007353,0.000000,0.000000,0.000000,27495,180,282,102
"17,18",48,97500,9,1,1042,2,14,406,564,0,4,6,0.793478,0.173913,0.032609,0.000000,0.000000,0.000000,0.000000,0.809129,0.157676,0.029046,0.004149,0.000000,0.000000,0.000000,27046,178,349,170
"17,19",43,97500,9,1,1032,2,17,586,689,0,4,8,0.674033,0.215470,0.110497,0.000000,0.000000,0.000000,0.000000,0.746269,0.228856,0.014925,0.004975,0.004975,0.000000,0.000000,24899,161,316,139
"17,20",38,97500,9,1,1043,2,12,533,572,0,4,9,0.800000,0.094444,0.105556,0.000000,0.000000,0.000000,0.000000,0.784038,0.173709,0.023474,0.014085,0.004695,0.000000,0.000000,24480,161,267,103
"17,21",44,97500,9,1,1041,2,17,380,533,0,4,8,0.796703,0.175824,0.027473,0.000000,0.000000,0.000000,0.000000,0.747934,0.214876,0.037190,0.000000,0.000000,0.000000,0.000000,27117,177,325,145
"17,22",44,97500,9,1,1033,2,11,333,479,0,4,6,0.872340,0.117021,0.010638,0.000000,0.000000,0.000000,0.000000,0.824701,0.159363,0.015936,0.000000,0.000000,0.000000,0.000000,28421,186,334,148
"17,23",42,97500,9,1,1031,2,9,219,366,0,4,7,0.872222,0.127778,0.000000,0.000000,0.000000,0.000000,0.000000,0.799180,0.168033,0.028689,0.000000,0.004098,0.000000,0.000000,27495,180,314,134
"17,24",40,97500,9,1,1027,2,9,417,546,0,4,8,0.855556,0.100000,0.044444,0.000000,0.000000,0.000000,0.000000,0.815451,0.154506,0.030043,0.000000,0.000000,0.000000,0.000000,26298,172,296,120
"17,25",44,97500,9,1,1043,2,22,503,690,0,5,8,0.683333,0.250000,0.066667,0.000000,0.000000,0.000000,0.000000,0.735577,0.201923,0.057692,0.004808,0.000000,0.000000,0.000000,25547,168,312,140
"17,26",36,97193,8,1,1036,2,11,531,840,0,4,6,0.766304,0.141304,0.086957,0.005435,0.000000,0.000000,0.000000,0.823529,0.137255,0.039216,0.000000,0.000000,0.000000,0.000000,25544,167,271,98
"17,27",39,96836,8,1,1035,2,10,174,328,0,4,8,0.877778,0.122222,0.000000,0.000000,0.000000,0.000000,0.000000,0.770492,0.204918,0.020492,0.004098,0.000000,0.000000,0.000000,27495,180,300,120
"17,28",43,96512,8,1,1041,2,17,508,557,0,4,7,0.711111,0.194444,0.094444,0.000000,0.000000,0.000000,0.000000,0.786408,0.174757,0.033981,0.000000,0.004854,0.000000,0.000000,24909,163,301,130
"17,29",43,95721,7,1,1040,2,15,525,586,0,4,6,0.772222,0.138889,0.077778,0.011111,0.000000,0.000000,0.000000,0.772321,0.191964,0.035714,0.000000,0.000000,0.000000,0.000000,24906,164,300,130
"17,30",41,94953,7,1,1040,2,13,430,556,0,5,8,0.844086,0.118280,0.037634,0.000000,0.000000,0.000000,0.000000,0.808163,0.138776,0.048980,0.004082,0.000000,0.000000,0.000000,27325,179,312,129
"17,31",42,94235,7,1,1034,2,12,482,527,0,4,5,0.850000,0.100000,0.050000,0.000000,0.000000,0.000000,0.000000,0.825726,0.157676,0.016598,0.000000,0.000000,0.000000,0.000000,25998,171,302,129
"17,32",42,93597,7,1,1036,2,12,501,528,0,4,8,0.827778,0.116667,0.055556,0.000000,0.000000,0.000000,0.000000,0.815900,0.146444,0.033473,0.004184,0.000000,0.000000,0.000000,25913,170,298,126
"17,33",0,93597,0,0,972,4,99999,99999,99999,99999,99999,99999,0.000000,0.000000,0.000000,0.000000,0.000000,0.000000,0.000000,0.000000,0.000000,0.000000,0.000000,0.000000,0.000000,0.000000,0,0,0,0
"17,34",0,93597,0,0,967,4,99999,99999,99999,99999,99999,99999,0.000000,0.000000,0.000000,0.000000,0.000000,0.000000,0.000000,0.000000,0.000000,0.000000,0.000000,0.000000,0.000000,0.000000,0,0,0,0
"17,35",0,93597,0,0,975,4,99999,99999,99999,99999,99999,99999,0.000000,0.000000,0.000000,0.000000,0.000000,0.000000,0.000000,0.000000,0.000000,0.000000,0.000000,0.000000,0.000000,0.000000,0,0,0,0
"17,36",0,93597,0,0,972,4,99999,99999,99999,99999,99999,99999,0.000000,0.000000,0.000000,0.000000,0.000000,0.000000,0.000000,0.000000,0.000000,0.000000,0.000000,0.000000,0.000000,0.000000,0,0,0,0
"17,37",0,93597,0,0,970,4,99999,99999,99999,99999,99999,99999,0.000000,0.000000,0.000000,0.000000,0.000000,0.000000,0.000000,0.000000,0.000000,0.000000,0.000000,0.000000,0.000000,0.000000,0,0,0,0
"17,38",0,93597,0,0,970,4,99999,99999,99999,99999,99999,99999,0.000000,0.000000,0.000000,0.000000,0.000000,0.000000,0.000000,0.000000,0.000000,0.000000,0.000000,0.000000,0.000000,0.000000,0,0,0,0
"17,39",0,93597,0,0,975,4,99999,99999,99999,99999,99999,99999,0.000000,0.000000,0.000000,0.000000,0.000000,0.000000,0.000000,0.000000,0.000000,0.000000,0.000000,0.000000,0.000000,0.000000,0,0,0,0
"17,40",0,93597,0,0,967,4,99999,99999,99999,99999,99999,99999,0.000000,0.000000,0.000000,0.000000,0.000000,0.000000,0.000000,0.000000,0.000000,0.000000,0.000000,0.000000,0.000000,0.000000,0,0,0,0
"17,41",0,93597,0,0,974,4,99999,99999,99999,99999,99999,99999,0.000000,0.000000,0.000000,0.000000,0.000000,0.000000,0.000000,0.000000,0.000000,0.000000,0.000000,0.000000,0.000000,0.000000,0,0,0,0
"17,42",0,93597,0,0,968,4,99999,99999,99999,99999,99999,99999,0.000000,0.000000,0.000000,0.000000,0.000000,0.000000,0.000000,0.000000,0.000000,0.000000,0.000000,0.000000,0.000000,0.000000,0,0,0,0
"17,43",0,93597,0,0,981,4,99999,99999,99999,99999,99999,99999,0.000000,0.000000,0.000000,0.000000,0.000000,0.000000,0.000000,0.000000,0.000000,0.000000,0.000000,0.000000,0.000000,0.000000,0,0,0,0
"17,44",0,93597,0,0,975,4,99999,99999,99999,99999,99999,99999,0.000000,0.000000,0.000000,0.000000,0.000000,0.000000,0.000000,0.000000,0.000000,0.000000,0.000000,0.000000,0.000000,0.000000,0,0,0,0
"17,45",0,93597,0,0,962,4,99999,99999,99999,99999,99999,99999,0.000000,0.000000,0.000000,0.000000,0.000000,0.000000,0.000000,0.000000,0.000000,0.000000,0.000000,0.000000,0.000000,0.000000,0,0,0,0
"17,46",0,93597,0,0,968,4,99999,99999,99999,99999,99999,99999,0.000000,0.000000,0.000000,0.000000,0.000000,0.000000,0.000000,0.000000,0.000000,0.000000,0.000000,0.000000,0.000000,0.000000,0,0,0,0
"17,47",0,93597,0,0,967,4,99999,99999,99999,99999,99999,99999,0.000000,0.000000,0.000000,0.000000,0.000000,0.000000,0.000000,0.000000,0.000000,0.000000,0.000000,0.000000,0.000000,0.000000,0,0,0,0
"17,48",0,93597,0,0,969,4,99999,99999,99999,99999,99999,99999,0.000000,0.000000,0.000000,0.000000,0.000000,0.000000,0.000000,0.000000,0.000000,0.000000,0.000000,0.000000,0.000000,0.000000,0,0,0,0
"17,49",0,93597,0,0,977,4,99999,99999,99999,99999,99999,99999,0.000000,0.000000,0.000000,0.000000,0.000000,0.000000,0.000000,0.000000,0.000000,0.000000,0.000000,0.000000,0.000000,0.000000,0,0,0,0
"17,50",0,93597,0,0,958,4,99999,99999,99999,99999,99999,99999,0.000000,0.000000,0.000000,0.000000,0.000000,0.000000,0.000000,0.000000,0.000000,0.000000,0.000000,0.000000,0.000000,0.000000,0,0,0,0
"17,51",0,93597,0,0,977,4,99999,99999,99999,99999,99999,99999,0.000000,0.000000,0.000000,0.000000,0.000000,0.000000,0.000000,0.000000,0.000000,0.000000,0.000000,0.000000,0.000000,0.000000,0,0,0,0
"17,52",0,93597,0,0,972,4,99999,99999,99999,99999,99999,99999,0.000000,0.000000,0.000000,0.000000,0.000000,0.000000,0.000000,0.000000,0.000000,0.000000,0.000000,0.000000,0.000000,0.000000,0,0,0,0
"17,53",0,93597,0,0,975,4,99999,99999,99999,99999,99999,99999,0.000000,0.000000,0.000000,0.000000,0.000000,0.000000,0.000000,0.000000,0.000000,0.000000,0.000000,0.000000,0.000000,0.000000,0,0,0,0
"17,54",0,93597,0,0,973,4,99999,99999,99999,99999,99999,99999,0.000000,0.000000,0.000000,0.000000,0.000000,0.000000,0.000000,0.000000,0.000000,0.000000,0.000000,0.000000,0.000000,0.000000,0,0,0,0
"17,55",0,93597,0,0,974,4,99999,99999,99999,99999,99999,99999,0.000000,0.000000,0.000000,0.000000,0.000000,0.000000,0.000000,0.000000,0.000000,0.000000,0.000000,0.000000,0.000000,0.000000,0,0,0,0
"17,56",0,93597,0,0,68,4,99999,99999,99999,99999,99999,99999,0.000000,0.000000,0.000000,0.000000,0.000000,0.000000,0.000000,0.000000,0.000000,0.000000,0.000000,0.000000,0.000000,0.000000,0,0,0,0
"17,57",0,93597,0,0,72,4,99999,99999,99999,99999,99999,99999,0.000000,0.000000,0.000000,0.000000,0.000000,0.000000,0.000000,0.000000,0.000000,0.000000,0.000000,0.000000,0.000000,0.000000,0,0,0,0
"17,58",0,93597,0,0,65,4,99999,99999,99999,99999,99999,99999,0.000000,0.000000,0.000000,0.000000,0.000000,0.000000,0.000000,0.000000,0.000000,0.000000,0.000000,0.000000,0.000000,0.000000,0,0,0,0
"17,59",0,93597,0,0,68,4,99999,99999,99999,99999,99999,99999,0.000000,0.000000,0.000000,0.000000,0.000000,0.000000,0.000000,0.000000,0.000000,0.000000,0.000000,0.000000,0.000000,0.000000,0,0,0,0
"17,60",0,93597,0,0,73,4,99999,99999,99999,99999,99999,99999,0.000000,0.000000,0.000000,0.000000,0.000000,0.000000,0.000000,0.000000,0.000000,0.000000,0.000000,0.000000,0.000000,0.000000,0,0,0,0
"17,61",0,93597,0,0,79,4,99999,99999,99999,99999,99999,99999,0.000000,0.000000,0.000000,0.000000,0.000000,0.000000,0.000000,0.000000,0.000000,0.000000,0.000000,0.000000,0.000000,0.000000,0,0,0,0
"17,62",0,93597,0,0,73,4,99999,99999,99999,99999,99999,99999,0.000000,0.000000,0.000000,0.000000,0.000000,0.000000,0.000000,0.000000,0.000000,0.000000,0.000000,0.000000,0.000000,0.000000,0,0,0,0
"17,63",0,93597,0,0,67,4,99999,99999,99999,99999,99999,99999,0.000000,0.000000,0.000000,0.000000,0.000000,0.000000,0.000000,0.000000,0.000000,0.000000,0.000000,0.000000,0.000000,0.000000,0,0,0,0
"17,64",0,93597,0,0,66,4,99999,99999,99999,99999,99999,99999,0.000000,0.000000,0.000000,0.000000,0.000000,0.000000,0.000000,0.000000,0.000000,0.000000,0.000000,0.000000,0.000000,0.000000,0,0,0,0
"17,65",0,93597,0,0,70,4,99999,99999,99999,99999,99999,99999,0.000000,0.000000,0.000000,0.000000,0.000000,0.000000,0.000000,0.000000,0.000000,0.000000,0.000000,0.000000,0.000000,0.000000,0,0,0,0
"17,66",0,93597,0,0,68,4,99999,99999,99999,99999,99999,99999,0.000000,0.000000,0.000000,0.000000,0.000000,0.000000,0.000000,0.000000,0.000000,0.000000,0.000000,0.000000,0.000000,0.000000,0,0,0,0
"17,67",0,93597,0,0,9,4,99999,99999,99999,99999,99999,99999,0.000000,0.000000,0.000000,0.000000,0.000000,0.000000,0.000000,0.000000,0.000000,0.000000,0.000000,0.000000,0.000000,0.000000,0,0,0,0
"17,68",0,93597,0,0,8,4,99999,99999,99999,99999,99999,99999,0.000000,0.000000,0.000000,0.000000,0.000000,0.000000,0.000000,0.000000,0.000000,0.000000,0.000000,0.000000,0.000000,0.000000,0,0,0,0
"17,69",0,93597,0,0,8,4,99999,99999,99999,99999,99999,99999,0.000000,0.000000,0.000000,0.000000,0.000000,0.000000,0.000000,0.000000,0.000000,0.000000,0.000000,0.000000,0.000000,0.000000,0,0,0,0
"17,70",0,93597,0,0,9,4,99999,99999,99999,99999,99999,99999,0.000000,0.000000,0.000000,0.000000,0.000000,0.000000,0.000000,0.000000,0.000000,0.000000,0.000000,0.000000,0.000000,0.000000,0,0,0,0
"17,71",0,93597,0,0,9,4,99999,99999,99999,99999,99999,99999,0.000000,0.000000,0.000000,0.000000,0.000000,0.000000,0.000000,0.000000,0.000000,0.000000,0.000000,0.000000,0.000000,0.000000,0,0,0,0
"17,72",0,93597,0,0,8,4,99999,99999,99999,99999,99999,99999,0.000000,0.000000,0.000000,0.000000,0.000000,0.000000,0.000000,0.000000,0.000000,0.000000,0.000000,0.000000,0.000000,0.000000,0,0,0,0
"17,73",0,93597,0,0,9,4,99999,99999,99999,99999,99999,99999,0.000000,0.000000,0.000000,0.000000,0.000000,0.000000,0.000000,0.000000,0.000000,0.000000,0.000000,0.000000,0.000000,0.000000,0,0,0,0
"17,74",0,93597,0,0,8,4,99999,99999,99999,99999,99999,99999,0.000000,0.000000,0.000000,0.000000,0.000000,0.000000,0.000000,0.000000,0.000000,0.000000,0.000000,0.000000,0.000000,0.000000,0,0,0,0
"18,1",46,93720,9,1,1030,2,13,517,544,0,4,5,0.816667,0.111111,0.072222,0.000000,0.000000,0.000000,0.000000,0.783898,0.194915,0.021186,0.000000,0.000000,0.000000,0.000000,25780,167,322,151
"18,2",36,93821,9,1,1028,2,11,519,673,0,4,5,0.800000,0.133333,0.066667,0.000000,0.000000,0.000000,0.000000,0.788546,0.180617,0.030837,0.000000,0.000000,0.000000,0.000000,25802,168,273,101
"18,3",34,93918,9,1,1035,2,12,344,499,0,4,8,0.835106,0.154255,0.010638,0.000000,0.000000,0.000000,0.000000,0.760504,0.210084,0.021008,0.008403,0.000000,0.000000,0.000000,28397,186,282,98
"18,4",46,94025,9,1,1034,2,13,449,584,0,5,8,0.788889,0.172222,0.038889,0.000000,0.000000,0.000000,0.000000,0.784810,0.156118,0.054852,0.004219,0.000000,0.000000,0.000000,26486,173,333,154
"18,5",48,94125,9,1,1041,2,15,503,537,0,4,6,0.823204,0.121547,0.055249,0.000000,0.000000,0.000000,0.000000,0.794574,0.158915,0.046512,0.000000,0.000000,0.000000,0.000000,26288,171,335,163
"18,6",47,94224,9,1,1040,2,18,402,493,0,4,5,0.766667,0.222222,0.011111,0.000000,0.000000,0.000000,0.000000,0.782222,0.195556,0.017778,0.004444,0.000000,0.000000,0.000000,27110,178,341,161
"18,7",43,94315,9,1,1031,2,9,178,450,0,4,7,0.900000,0.094444,0.005556,0.000000,0.000000,0.000000,0.000000,0.796875,0.171875,0.027344,0.003906,0.000000,0.000000,0.000000,27354,179,319,139
"18,8",41,94394,9,1,1028,2,10,347,550,0,4,6,0.855556,0.111111,0.033333,0.000000,0.000000,0.000000,0.000000,0.825911,0.161943,0.012146,0.000000,0.000000,0.000000,0.000000,26646,174,308,128
"18,9",45,94470,9,1,1043,2,30,660,813,0,4,8,0.640884,0.193370,0.160221,0.005525,0.000000,0.000000,0.000000,0.755208,0.203125,0.036458,0.005208,0.000000,0.000000,0.000000,22736,151,296,134
"18,10",38,94539,9,1,1037,2,12,372,556,0,4,7,0.872222,0.088889,0.038889,0.000000,0.000000,0.000000,0.000000,0.762712,0.194915,0.033898,0.008475,0.000000,0.000000,0.000000,26442,173,293,114
"18,11",37,94603,9,1,1035,2,12,306,532,0,3,5,0.872222,0.100000,0.027778,0.000000,0.000000,0.000000,0.000000,0.832618,0.150215,0.017167,0.000000,0.000000,0.000000,0.000000,26714,175,285,107
"18,12",38,94666,9,1,1038,2,9,91,188,0,4,5,0.961111,0.038889,0.000000,0.000000,0.000000,0.000000,0.000000,0.810606,0.159091,0.026515,0.003788,0.000000,0.000000,0.000000,27495,180,291,111
"18,13",40,94735,9,1,1035,2,11,97,153,0,4,6,0.955556,0.044444,0.000000,0.000000,0.000000,0.000000,0.000000,0.780769,0.180769,0.030769,0.007692,0.000000,0.000000,0.000000,27495,180,303,123
"18,14",42,94797,9,1,1028,2,15,501,550,0,4,5,0.777778,0.161111,0.061111,0.000000,0.000000,0.000000,0.000000,0.809091,0.168182,0.022727,0.000000,0.000000,0.000000,0.000000,25796,169,302,129
"18,15",41,94856,9,1,1031,2,10,106,179,0,4,5,0.944444,0.055556,0.000000,0.000000,0.000000,0.000000,0.000000,0.755474,0.218978,0.021898,0.003650,0.000000,0.000000,0.000000,27495,180,308,128
"18,16",39,94908,9,1,1042,2,15,519,670,0,4,5,0.771739,0.152174,0.070652,0.005435,0.000000,0.000000,0.000000,0.747706,0.229358,0.013761,0.004587,0.004587,0.000000,0.000000,25829,170,287,113
"18,17",40,94957,9,1,1039,2,21,521,588,0,4,7,0.675824,0.225275,0.098901,0.000000,0.000000,0.000000,0.000000,0.806283,0.157068,0.026178,0.010471,0.000000,0.000000,0.000000,24967,164,283,116
"18,18",37,95006,9,1,1031,2,8,202,378,0,4,7,0.900000,0.100000,0.000000,0.000000,0.000000,0.000000,0.000000,0.835341,0.144578,0.020080,0.000000,0.000000,0.000000,0.000000,27495,180,290,110
"18,19",40,95051,9,1,1040,2,19,515,534,0,4,6,0.772222,0.161111,0.066667,0.000000,0.000000,0.000000,0.000000,0.779221,0.186147,0.030303,0.004329,0.000000,0.000000,0.000000,25759,169,289,118
"18,20",38,95094,9,1,1035,2,11,505,541,0,4,5,0.866667,0.072222,0.061111,0.000000,0.000000,0.000000,0.000000,0.801688,0.181435,0.016878,0.000000,0.000000,0.000000,0.000000,25990,169,276,105
"18,21",41,95138,9,1,1034,2,12,496,625,0,4,5,0.811111,0.144444,0.044444,0.000000,0.000000,0.000000,0.000000,0.814346,0.156118,0.029536,0.000000,0.000000,0.000000,0.000000,26289,172,303,126
"18,22",39,95181,9,1,1032,2,7,91,316,0,4,6,0.955556,0.044444,0.000000,0.000000,0.000000,0.000000,0.000000,0.849057,0.120755,0.026415,0.003774,0.000000,0.000000,0.000000,27495,180,296,116
"18,23",42,95225,9,1,1033,2,9,178,423,0,4,8,0.905556,0.088889,0.005556,0.000000,0.000000,0.000000,0.000000,0.769784,0.190647,0.039568,0.000000,0.000000,0.000000,0.000000,27389,179,313,133
"18,24",35,95262,9,1,1039,2,9,290,624,0,4,5,0.905556,0.066667,0.027778,0.000000,0.000000,0.000000,0.000000,0.802521,0.172269,0.025210,0.000000,0.000000,0.000000,0.000000,26718,175,278,100
"18,25",42,95302,9,1,1038,2,9,120,241,0,4,6,0.922222,0.077778,0.000000,0.000000,0.000000,0.000000,0.000000,0.769231,0.188462,0.038462,0.003846,0.000000,0.000000,0.000000,27495,180,312,132
"18,26",39,95337,9,1,1037,2,14,526,921,0,4,5,0.778409,0.130682,0.073864,0.017045,0.000000,0.000000,0.000000,0.787736,0.183962,0.023585,0.004717,0.000000,0.000000,0.000000,24403,160,277,110
"18,27",39,95219,8,1,1042,2,12,539,752,0,4,5,0.777778,0.138889,0.083333,0.000000,0.000000,0.000000,0.000000,0.760000,0.208889,0.026667,0.004444,0.000000,0.000000,0.000000,25223,165,280,112
"18,28",45,95087,8,1,1036,2,12,175,337,0,4,8,0.927778,0.072222,0.000000,0.000000,0.000000,0.000000,0.000000,0.796935,0.180077,0.015326,0.007663,0.000000,0.000000,0.000000,27495,180,329,149
"18,29",41,94966,8,1,1031,2,14,335,543,0,4,7,0.817680,0.165746,0.016575,0.000000,0.000000,0.000000,0.000000,0.833333,0.141667,0.020833,0.004167,0.000000,0.000000,0.000000,27180,178,307,127
"18,30",41,94613,7,1,1030,2,9,67,118,0,4,4,0.977778,0.022222,0.000000,0.000000,0.000000,0.000000,0.000000,0.806452,0.182796,0.007168,0.003584,0.000000,0.000000,0.000000,27495,180,306,126
"18,31",46,94242,7,1,1033,2,11,267,432,0,4,6,0.850000,0.144444,0.005556,0.000000,0.000000,0.000000,0.000000,0.824701,0.155378,0.019920,0.000000,0.000000,0.000000,0.000000,27353,179,339,159
"18,32",38,93921,7,1,1032,2,9,201,492,0,4,5,0.900000,0.088889,0.011111,0.000000,0.000000,0.000000,0.000000,0.777778,0.201646,0.020576,0.000000,0.000000,0.000000,0.000000,27168,178,291,111
"18,33",50,93576,7,1,1047,2,23,538,1012,0,4,6,0.674033,0.198895,0.110497,0.016575,0.000000,0.000000,0.000000,0.731343,0.243781,0.024876,0.000000,0.000000,0.000000,0.000000,24445,158,325,163
"18,34",0,93576,0,0,972,4,99999,99999,99999,99999,99999,99999,0.000000,0.000000,0.000000,0.000000,0.000000,0.000000,0.000000,0.000000,0.000000,0.000000,0.000000,0.000000,0.000000,0.000000,0,0,0,0
"18,35",0,93576,0,0,972,4,99999,99999,99999,99999,99999,99999,0.000000,0.000000,0.000000,0.000000,0.000000,0.000000,0.000000,0.000000,0.000000,0.000000,0.000000,0.000000,0.000000,0.000000,0,0,0,0
"18,36",0,93576,0,0,977,4,99999,99999,99999,99999,99999,99999,0.000000,0.000000,0.000000,0.000000,0.000000,0.000000,0.000000,0.000000,0.000000,0.000000,0.000000,0.000000,0.000000,0.000000,0,0,0,0
"18,37",0,93576,0,0,973,4,99999,99999,99999,99999,99999,99999,0.000000,0.000000,0.000000,0.000000,0.000000,0.000000,0.000000,0.000000,0.000000,0.000000,0.000000,0.000000,0.000000,0.000000,0,0,0,0
"18,38",0,93576,0,0,975,4,99999,99999,99999,99999,99999,99999,0.000000,0.000000,0.000000,0.000000,0.000000,0.000000,0.000000,0.000000,0.000000,0.000000,0.000000,0.000000,0.000000,0.000000,0,0,0,0
"18,39",0,93576,0,0,960,4,99999,99999,99999,99999,99999,99999,0.000000,0.000000,0.000000,0.000000,0.000000,0.000000,0.000000,0.000000,0.000000,0.000000,0.000000,0.000000,0.000000,0.000000,0,0,0,0
"18,40",0,93576,0,0,979,4,99999,99999,99999,99999,99999,99999,0.000000,0.000000,0.000000,0.000000,0.000000,0.000000,0.000000,0.000000,0.000000,0.000000,0.000000,0.000000,0.000000,0.000000,0,0,0,0
"18,41",0,93576,0,0,977,4,99999,99999,99999,99999,99999,99999,0.000000,0.000000,0.000000,0.000000,0.000000,0.000000,0.000000,0.000000,0.000000,0.000000,0.000000,0.000000,0.000000,0.000000,0,0,0,0
"18,42",0,93576,0,0,965,4,99999,99999,99999,99999,99999,99999,0.000000,0.000000,0.000000,0.000000,0.000000,0.000000,0.000000,0.000000,0.000000,0.000000,0.000000,0.000000,0.000000,0.000000,0,0,0,0
"18,43",0,93576,0,0,978,4,99999,99999,99999,99999,99999,99999,0.000000,0.000000,0.000000,0.000000,0.000000,0.000000,0.000000,0.000000,0.000000,0.000000,0.000000,0.000000,0.000000,0.000000,0,0,0,0
"18,44",0,93576,0,0,973,4,99999,99999,99999,99999,99999,99999,0.000000,0.000000,0.000000,0.000000,0.000000,0.000000,0.000000,0.000000,0.000000,0.000000,0.000000,0.000000,0.000000,0.000000,0,0,0,0
"18,45",0,93576,0,0,960,4,99999,99999,99999,99999,99999,99999,0.000000,0.000000,0.000000,0.000000,0.000000,0.000000,0.000000,0.000000,0.000000,0.000000,0.000000,0.000000,0.000000,0.000000,0,0,0,0
"18,46",0,93576,0,0,976,4,99999,99999,99999,99999,99999,99999,0.000000,0.000000,0.000000,0.000000,0.000000,0.000000,0.000000,0.000000,0.000000,0.000000,0.000000,0.000000,0.000000,0.000000,0,0,0,0
"18,47",0,93576,0,0,984,4,99999,99999,99999,99999,99999,99999,0.000000,0.000000,0.000000,0.000000,0.000000,0.000000,0.000000,0.000000,0.000000,0.000000,0.000000,0.000000,0.000000,0.000000,0,0,0,0
"18,48",0,93576,0,0,977,4,99999,99999,99999,99999,99999,99999,0.000000,0.000000,0.000000,0.000000,0.000000,0.000000,0.000000,0.000000,0.000000,0.000000,0.000000,0.000000,0.000000,0.000000,0,0,0,0
"18,49",0,93576,0,0,980,4,99999,99999,99999,99999,99999,99999,0.000000,0.000000,0.000000,0.000000,0.000000,0.000000,0.000000,0.000000,0.000000,0.000000,0.000000,0.000000,0.000000,0.000000,0,0,0,0
"18,50",0,93576,0,0,971,4,99999,99999,99999,99999,99999,99999,0.000000,0.000000,0.000000,0.000000,0.000000,0.000000,0.000000,0.000000,0.000000,0.000000,0.000000,0.000000,0.000000,0.000000,0,0,0,0
"18,51",0,93576,0,0,972,4,99999,99999,99999,99999,99999,99999,0.000000,0.000000,0.000000,0.000000,0.000000,0.000000,0.000000,0.000000,0.000000,0.000000,0.000000,0.000000,0.000000,0.000000,0,0,0,0
"18,52",0,93576,0,0,975,4,99999,99999,99999,99999,99999,99999,0.000000,0.000000,0.000000,0.000000,0.000000,0.000000,0.000000,0.000000,0.000000,0.000000,0.000000,0.000000,0.000000,0.000000,0,0,0,0
"18,53",0,93576,0,0,972,4,99999,99999,99999,99999,99999,99999,0.000000,0.000000,0.000000,0.000000,0.000000,0.000000,0.000000,0.000000,0.000000,0.000000,0.000000,0.000000,0.000000,0.000000,0,0,0,0
"18,54",0,93576,0,0,968,4,99999,99999,99999,99999,99999,99999,0.000000,0.000000,0.000000,0.000000,0.000000,0.000000,0.000000,0.000000,0.000000,0.000000,0.000000,0.000000,0.000000,0.000000,0,0,0,0
"18,55",0,93576,0,0,974,4,99999,99999,99999,99999,99999,99999,0.000000,0.000000,0.000000,0.000000,0.000000,0.000000,0.000000,0.000000,0.000000,0.000000,0.000000,0.000000,0.000000,0.000000,0,0,0,0
"18,56",0,93576,0,0,72,4,99999,99999,99999,99999,99999,99999,0.000000,0.000000,0.000000,0.000000,0.000000,0.000000,0.000000,0.000000,0.000000,0.000000,0.000000,0.000000,0.000000,0.000000,0,0,0,0
"18,57",0,93576,0,0,75,4,99999,99999,99999,99999,99999,99999,0.000000,0.000000,0.000000,0.000000,0.000000,0.000000,0.000000,0.000000,0.000000,0.000000,0.000000,0.000000,0.000000,0.000000,0,0,0,0
"18,58",0,93576,0,0,71,4,99999,99999,99999,99999,99999,99999,0.000000,0.000000,0.000000,0.000000,0.000000,0.000000,0.000000,0.000000,0.000000,0.000000,0.000000,0.000000,0.000000,0.000000,0,0,0,0
"18,59",0,93576,0,0,79,4,99999,99999,99999,99999,99999,99999,0.000000,0.000000,0.000000,0.000000,0.000000,0.000000,0.000000,0.000000,0.000000,0.000000,0.000000,0.000000,0.000000,0.000000,0,0,0,0
"18,60",0,93576,0,0,71,4,99999,99999,99999,99999,99999,99999,0.000000,0.000000,0.000000,0.000000,0.000000,0.000000,0.000000,0.000000,0.000000,0.000000,0.000000,0.000000,0.000000,0.000000,0,0,0,0
"18,61",0,93576,0,0,74,4,99999,99999,99999,99999,99999,99999,0.000000,0.000000,0.000000,0.000000,0.000000,0.000000,0.000000,0.000000,0.000000,0.000000,0.000000,0.000000,0.000000,0.000000,0,0,0,0
"18,62",0,93576,0,0,76,4,99999,99999,99999,99999,99999,99999,0.000000,0.000000,0.000000,0.000000,0.000000,0.000000,0.000000,0.000000,0.000000,0.000000,0.000000,0.000000,0.000000,0.000000,0,0,0,0
"18,63",0,93576,0,0,73,4,99999,99999,99999,99999,99999,99999,0.000000,0.000000,0.000000,0.000000,0.000000,0.000000,0.000000,0.000000,0.000000,0.000000,0.000000,0.000000,0.000000,0.000000,0,0,0,0
"18,64",0,93576,0,0,78,4,99999,99999,99999,99999,99999,99999,0.000000,0.000000,0.000000,0.000000,0.000000,0.000000,0.000000,0.000000,0.000000,0.000000,0.000000,0.000000,0.000000,0.000000,0,0,0,0
"18,65",0,93576,0,0,75,4,99999,99999,99999,99999,99999,99999,0.000000,0.000000,0.000000,0.000000,0.000000,0.000000,0.000000,0.000000,0.000000,0.000000,0.000000,0.000000,0.000000,0.000000,0,0,0,0
"18,66",0,93576,0,0,75,4,99999,99999,99999,99999,99999,99999,0.000000,0.000000,0.000000,0.000000,0.000000,0.000000,0.000000,0.000000,0.000000,0.000000,0.000000,0.000000,0.000000,0.000000,0,0,0,0
"18,67",0,93576,0,0,68,4,99999,99999,99999,99999,99999,99999,0.000000,0.000000,0.000000,0.000000,0.000000,0.000000,0.000000,0.000000,0.000000,0.000000,0.000000,0.000000,0.000000,0.000000,0,0,0,0
"18,68",0,93576,0,0,8,4,99999,99999,99999,99999,99999,99999,0.000000,0.000000,0.000000,0.000000,0.000000,0.000000,0.000000,0.000000,0.000000,0.000000,0.000000,0.000000,0.000000,0.000000,0,0,0,0
"18,69",0,93576,0,0,8,4,99999,99999,99999,99999,99999,99999,0.000000,0.000000,0.000000,0.000000,0.000000,0.000000,0.000000,0.000000,0.000000,0.000000,0.000000,0.000000,0.000000,0.000000,0,0,0,0
"18,70",0,93576,0,0,10,4,99999,99999,99999,99999,99999,99999,0.000000,0.000000,0.000000,0.000000,0.000000,0.000000,0.000000,0.000000,0.000000,0.000000,0.000000,0.000000,0.000000,0.000000,0,0,0,0
"18,71",0,93576,0,0,9,4,99999,99999,99999,99999,99999,99999,0.000000,0.000000,0.000000,0.000000,0.000000,0.000000,0.000000,0.000000,0.000000,0.000000,0.000000,0.000000,0.000000,0.000000,0,0,0,0
"18,72",0,93576,0,0,9,4,99999,99999,99999,99999,99999,99999,0.000000,0.000000,0.000000,0.000000,0.000000,0.000000,0.000000,0.000000,0.000000,0.000000,0.000000,0.000000,0.000000,0.000000,0,0,0,0
"18,73",0,93576,0,0,7,4,99999,99999,99999,99999,99999,99999,0.000000,0.000000,0.000000,0.000000,0.000000,0.000000,0.000000,0.000000,0.000000,0.000000,0.000000,0.000000,0.000000,0.000000,0,0,0,0
"18,74",0,93576,0,0,7,4,99999,99999,99999,99999,99999,99999,0.000000,0.000000,0.000000,0.000000,0.000000,0.000000,0.000000,0.000000,0.000000,0.000000,0.000000,0.000000,0.000000,0.000000,0,0,0,0
"19,1",39,97500,9,1,1033,2,10,524,541,0,4,5,0.785714,0.148352,0.065934,0.000000,0.000000,0.000000,0.000000,0.802752,0.174312,0.022936,0.000000,0.000000,0.000000,0.000000,26059,170,283,112
"19,2",44,97500,9,1,1035,2,17,518,743,0,4,5,0.755556,0.172222,0.072222,0.000000,0.000000,0.000000,0.000000,0.755556,0.226667,0.017778,0.000000,0.000000,0.000000,0.000000,25367,167,320,144
"19,3",39,97500,9,1,1038,2,10,317,512,0,4,6,0.883978,0.082873,0.033149,0.000000,0.000000,0.000000,0.000000,0.819328,0.138655,0.042017,0.000000,0.000000,0.000000,0.000000,26802,175,293,116
"19,4",44,97500,9,1,1028,2,14,519,731,0,4,7,0.766667,0.144444,0.088889,0.000000,0.000000,0.000000,0.000000,0.786047,0.186047,0.027907,0.000000,0.000000,0.000000,0.000000,24966,164,305,136
"19,5",36,97500,9,1,1040,2,7,58,93,0,4,5,0.994444,0.005556,0.000000,0.000000,0.000000,0.000000,0.000000,0.797048,0.173432,0.025830,0.003690,0.000000,0.000000,0.000000,27495,180,285,105
"19,6",38,97500,9,1,1040,2,12,416,532,0,4,5,0.861111,0.105556,0.033333,0.000000,0.000000,0.000000,0.000000,0.798283,0.180258,0.017167,0.004292,0.000000,0.000000,0.000000,26550,174,287,111
"19,7",47,97500,9,1,1043,2,20,508,768,0,4,5,0.683333,0.222222,0.088889,0.005556,0.000000,0.000000,0.000000,0.771574,0.197970,0.030457,0.000000,0.000000,0.000000,0.000000,25035,163,323,155
"19,8",37,97500,9,1,1025,2,9,66,104,0,4,5,0.977778,0.022222,0.000000,0.000000,0.000000,0.000000,0.000000,0.832061,0.148855,0.019084,0.000000,0.000000,0.000000,0.000000,27495,180,288,108
"19,9",42,97500,9,1,1030,2,9,129,234,0,4,5,0.944134,0.055866,0.000000,0.000000,0.000000,0.000000,0.000000,0.794574,0.182171,0.023256,0.000000,0.000000,0.000000,0.000000,27251,179,312,133
"19,10",41,97500,9,1,1039,2,14,503,551,0,4,6,0.838889,0.100000,0.061111,0.000000,0.000000,0.000000,0.000000,0.805785,0.161157,0.033058,0.000000,0.000000,0.000000,0.000000,25693,169,292,121
"19,11",39,97500,9,1,1035,2,14,439,537,0,4,6,0.816667,0.150000,0.033333,0.000000,0.000000,0.000000,0.000000,0.800847,0.173729,0.025424,0.000000,0.000000,0.000000,0.000000,26502,174,296,118
"19,12",47,97500,9,1,1039,2,18,527,586,0,4,9,0.755556,0.138889,0.105556,0.000000,0.000000,0.000000,0.000000,0.743119,0.220183,0.022936,0.013761,0.000000,0.000000,0.000000,24667,161,317,150
"19,13",43,97500,9,1,1036,2,15,536,939,0,4,5,0.744444,0.172222,0.066667,0.016667,0.000000,0.000000,0.000000,0.754386,0.228070,0.017544,0.000000,0.000000,0.000000,0.000000,25165,165,313,135
"19,14",47,97500,9,1,1033,2,12,254,401,0,4,6,0.866667,0.133333,0.000000,0.000000,0.000000,0.000000,0.000000,0.767635,0.190871,0.037344,0.004149,0.000000,0.000000,0.000000,27495,180,345,165
"19,15",34,97500,9,1,1044,2,13,512,752,0,5,8,0.793478,0.146739,0.059783,0.000000,0.000000,0.000000,0.000000,0.789474,0.157895,0.052632,0.000000,0.000000,0.000000,0.000000,26500,173,270,92
"19,16",38,97500,9,1,1040,2,14,535,736,0,4,6,0.788889,0.138889,0.072222,0.000000,0.000000,0.000000,0.000000,0.782609,0.169565,0.043478,0.004348,0.000000,0.000000,0.000000,25514,167,283,110
"19,17",45,97500,9,1,1036,2,13,532,673,0,4,5,0.766667,0.144444,0.088889,0.000000,0.000000,0.000000,0.000000,0.800000,0.181818,0.018182,0.000000,0.000000,0.000000,0.000000,25171,164,310,141
"19,18",36,97500,9,1,1034,2,8,54,127,0,4,6,0.977778,0.022222,0.000000,0.000000,0.000000,0.000000,0.000000,0.801498,0.164794,0.029963,0.003745,0.000000,0.000000,0.000000,27495,180,283,103
"19,19",35,97500,9,1,1031,2,9,240,524,0,4,7,0.900000,0.072222,0.027778,0.000000,0.000000,0.000000,0.000000,0.833333,0.145299,0.021368,0.000000,0.000000,0.000000,0.000000,26680,175,276,98
"19,20",37,97500,9,1,1039,2,7,117,213,0,5,8,0.923077,0.076923,0.000000,0.000000,0.000000,0.000000,0.000000,0.806452,0.137097,0.056452,0.000000,0.000000,0.000000,0.000000,27777,182,290,110
"19,21",41,97500,9,1,1033,2,10,359,546,0,4,5,0.888889,0.072222,0.038889,0.000000,0.000000,0.000000,0.000000,0.800000,0.184615,0.015385,0.000000,0.000000,0.000000,0.000000,26527,173,303,127
"19,22",36,97500,9,1,1038,2,10,69,308,0,4,6,0.961111,0.038889,0.000000,0.000000,0.000000,0.000000,0.000000,0.841699,0.135135,0.015444,0.007722,0.000000,0.000000,0.000000,27495,180,285,105
"19,23",37,97500,9,1,1039,2,10,304,535,0,4,6,0.883333,0.083333,0.033333,0.000000,0.000000,0.000000,0.000000,0.789256,0.173554,0.037190,0.000000,0.000000,0.000000,0.000000,26491,174,287,109
"19,24",41,97500,9,1,1035,2,10,198,352,0,4,5,0.900000,0.100000,0.000000,0.000000,0.000000,0.000000,0.000000,0.762846,0.201581,0.035573,0.000000,0.000000,0.000000,0.000000,27495,180,309,129
"19,25",41,97500,9,1,1041,2,12,160,252,0,4,8,0.905556,0.094444,0.000000,0.000000,0.000000,0.000000,0.000000,0.756654,0.205323,0.030418,0.007605,0.000000,0.000000,0.000000,27495,180,306,126
"19,26",39,97500,9,1,1024,2,9,396,700,0,4,5,0.852941,0.105882,0.041176,0.000000,0.000000,0.000000,0.000000,0.804444,0.177778,0.017778,0.000000,0.000000,0.000000,0.000000,24790,163,275,109
"19,27",41,97500,9,1,1039,2,13,244,362,0,4,8,0.850000,0.150000,0.000000,0.000000,0.000000,0.000000,0.000000,0.753036,0.218623,0.028340,0.000000,0.000000,0.000000,0.000000,27495,180,306,126
"19,28",39,97163,8,1,1032,2,9,148,421,0,4,6,0.927778,0.066667,0.005556,0.000000,0.000000,0.000000,0.000000,0.777778,0.191571,0.026820,0.000000,0.003831,0.000000,0.000000,27383,179,297,117
"19,29",44,96811,8,1,1031,2,11,242,354,0,4,6,0.866310,0.133690,0.000000,0.000000,0.000000,0.000000,0.000000,0.791822,0.178439,0.026022,0.003717,0.000000,0.000000,0.000000,28548,187,334,149
"19,30",40,96509,8,1,1039,2,9,63,118,0,4,8,0.977778,0.022222,0.000000,0.000000,0.000000,0.000000,0.000000,0.789855,0.177536,0.028986,0.000000,0.003623,0.000000,0.000000,27495,180,301,121
"19,31",41,95744,7,1,1036,2,8,173,329,0,4,6,0.905556,0.094444,0.000000,0.000000,0.000000,0.000000,0.000000,0.809524,0.162698,0.023810,0.003968,0.000000,0.000000,0.000000,27495,180,309,129
"19,32",37,95075,7,1,1040,2,12,557,890,0,4,6,0.816667,0.116667,0.055556,0.011111,0.000000,0.000000,0.000000,0.769565,0.191304,0.039130,0.000000,0.000000,0.000000,0.000000,25574,168,280,105
"19,33",38,94379,7,1,1038,2,13,539,625,0,4,7,0.784530,0.104972,0.110497,0.000000,0.000000,0.000000,0.000000,0.794521,0.164384,0.041096,0.000000,0.000000,0.000000,0.000000,24524,161,288,110
"19,34",0,94379,0,0,975,4,99999,99999,99999,99999,99999,99999,0.000000,0.000000,0.000000,0.000000,0.000000,0.000000,0.000000,0.000000,0.000000,0.000000,0.000000,0.000000,0.000000,0.000000,0,0,0,0
"19,35",0,94379,0,0,967,4,99999,99999,99999,99999,99999,99999,0.000000,0.000000,0.000000,0.000000,0.000000,0.000000,0.000000,0.000000,0.000000,0.000000,0.000000,0.000000,0.000000,0.000000,0,0,0,0
"19,36",0,94379,0,0,988,4,99999,99999,99999,99999,99999,99999,0.000000,0.000000,0.000000,0.000000,0.000000,0.000000,0.000000,0.000000,0.000000,0.000000,0.000000,0.000000,0.000000,0.000000,0,0,0,0
"19,37",0,94379,0,0,968,4,99999,99999,99999,99999,99999,99999,0.000000,0.000000,0.000000,0.000000,0.000000,0.000000,0.000000,0.000000,0.000000,0.000000,0.000000,0.000000,0.000000,0.000000,0,0,0,0
"19,38",0,94379,0,0,969,4,99999,99999,99999,99999,99999,99999,0.000000,0.000000,0.000000,0.000000,0.000000,0.000000,0.000000,0.000000,0.000000,0.000000,0.000000,0.000000,0.000000,0.000000,0,0,0,0
"19,39",0,94379,0,0,975,4,99999,99999,99999,99999,99999,99999,0.000000,0.000000,0.000000,0.000000,0.000000,0.000000,0.000000,0.000000,0.000000,0.000000,0.000000,0.000000,0.000000,0.000000,0,0,0,0
"19,40",0,94379,0,0,973,4,99999,99999,99999,99999,99999,99999,0.000000,0.000000,0.000000,0.000000,0.000000,0.000000,0.000000,0.000000,0.000000,0.000000,0.000000,0.000000,0.000000,0.000000,0,0,0,0
"19,41",0,94379,0,0,976,4,99999,99999,99999,99999,99999,99999,0.000000,0.000000,0.000000,0.000000,0.000000,0.000000,0.000000,0.000000,0.000000,0.000000,0.000000,0.000000,0.000000,0.000000,0,0,0,0
"19,42",0,94379,0,0,970,4,99999,99999,99999,99999,99999,99999,0.000000,0.000000,0.000000,0.000000,0.000000,0.000000,0.000000,0.000000,0.000000,0.000000,0.000000,0.000000,0.000000,0.000000,0,0,0,0
"19,43",0,94379,0,0,968,4,99999,99999,99999,99999,99999,99999,0.000000,0.000000,0.000000,0.000000,0.000000,0.000000,0.000000,0.000000,0.000000,0.000000,0.000000,0.000000,0.000000,0.000000,0,0,0,0
"19,44",0,94379,0,0,970,4,99999,99999,99999,99999,99999,99999,0.000000,0.000000,0.000000,0.000000,0.000000,0.000000,0.000000,0.000000,0.000000,0.000000,0.000000,0.000000,0.000000,0.000000,0,0,0,0
"19,45",0,94379,0,0,962,4,99999,99999,99999,99999,99999,99999,0.000000,0.000000,0.000000,0.000000,0.000000,0.000000,0.000000,0.000000,0.000000,0.000000,0.000000,0.000000,0.000000,0.000000,0,0,0,0
"19,46",0,94379,0,0,969,4,99999,99999,99999,99999,99999,99999,0.000000,0.000000,0.000000,0.000000,0.000000,0.000000,0.000000,0.000000,0.000000,0.000000,0.000000,0.000000,0.000000,0.000000,0,0,0,0
"19,47",0,94379,0,0,969,4,99999,99999,99999,99999,99999,99999,0.000000,0.000000,0.000000,0.000000,0.000000,0.000000,0.000000,0.000000,0.000000,0.000000,0.000000,0.000000,0.000000,0.000000,0,0,0,0
"19,48",0,94379,0,0,976,4,99999,99999,99999,99999,99999,99999,0.000000,0.000000,0.000000,0.000000,0.000000,0.000000,0.000000,0.000000,0.000000,0.000000,0.000000,0.000000,0.000000,0.000000,0,0,0,0
"19,49",0,94379,0,0,963,4,99999,99999,99999,99999,99999,99999,0.000000,0.000000,0.000000,0.000000,0.000000,0.000000,0.000000,0.000000,0.000000,0.000000,0.000000,0.000000,0.000000,0.000000,0,0,0,0
"19,50",0,94379,0,0,964,4,99999,99999,99999,99999,99999,99999,0.000000,0.000000,0.000000,0.000000,0.000000,0.000000,0.000000,0.000000,0.000000,0.000000,0.000000,0.000000,0.000000,0.000000,0,0,0,0
"19,51",0,94379,0,0,966,4,99999,99999,99999,99999,99999,99999,0.000000,0.000000,0.000000,0.000000,0.000000,0.000000,0.000000,0.000000,0.000000,0.000000,0.000000,0.000000,0.000000,0.000000,0,0,0,0
"19,52",0,94379,0,0,971,4,99999,99999,99999,99999,99999,99999,0.000000,0.000000,0.000000,0.000000,0.000000,0.000000,0.000000,0.000000,0.000000,0.000000,0.000000,0.000000,0.000000,0.000000,0,0,0,0
"19,53",0,94379,0,0,971,4,99999,99999,99999,99999,99999,99999,0.000000,0.000000,0.000000,0.000000,0.000000,0.000000,0.000000,0.000000,0.000000,0.000000,0.000000,0.000000,0.000000,0.000000,0,0,0,0
"19,54",0,94379,0,0,966,4,99999,99999,99999,99999,99999,99999,0.000000,0.000000,0.000000,0.000000,0.000000,0.000000,0.000000,0.000000,0.000000,0.000000,0.000000,0.000000,0.000000,0.000000,0,0,0,0
"19,55",0,94379,0,0,962,4,99999,99999,99999,99999,99999,99999,0.000000,0.000000,0.000000,0.000000,0.000000,0.000000,0.000000,0.000000,0.000000,0.000000,0.000000,0.000000,0.000000,0.000000,0,0,0,0
"19,56",0,94379,0,0,1010,4,99999,99999,99999,99999,99999,99999,0.000000,0.000000,0.000000,0.000000,0.000000,0.000000,0.000000,0.000000,0.000000,0.000000,0.000000,0.000000,0.000000,0.000000,0,0,0,0
"19,57",0,94379,0,0,68,4,99999,99999,99999,99999,99999,99999,0.000000,0.000000,0.000000,0.000000,0.000000,0.000000,0.000000,0.000000,0.000000,0.000000,0.000000,0.000000,0.000000,0.000000,0,0,0,0
"19,58",0,94379,0,0,80,4,99999,99999,99999,99999,99999,99999,0.000000,0.000000,0.000000,0.000000,0.000000,0.000000,0.000000,0.000000,0.000000,0.000000,0.000000,0.000000,0.000000,0.000000,0,0,0,0
"19,59",0,94379,0,0,72,4,99999,99999,99999,99999,99999,99999,0.000000,0.000000,0.000000,0.000000,0.000000,0.000000,0.000000,0.000000,0.000000,0.000000,0.000000,0.000000,0.000000,0.000000,0,0,0,0
"19,60",0,94379,0,0,73,4,99999,99999,99999,99999,99999,99999,0.000000,0.000000,0.000000,0.000000,0.000000,0.000000,0.000000,0.000000,0.000000,0.000000,0.000000,0.000000,0.000000,0.000000,0,0,0,0
"19,61",0,94379,0,0,73,4,99999,99999,99999,99999,99999,99999,0.000000,0.000000,0.000000,0.000000,0.000000,0.000000,0.000000,0.000000,0.000000,0.000000,0.000000,0.000000,0.000000,0.000000,0,0,0,0
"19,62",0,94379,0,0,79,4,99999,99999,99999,99999,99999,99999,0.000000,0.000000,0.000000,0.000000,0.000000,0.000000,0.000000,0.000000,0.000000,0.000000,0.000000,0.000000,0.000000,0.000000,0,0,0,0
"19,63",0,94379,0,0,70,4,99999,99999,99999,99999,99999,99999,0.000000,0.000000,0.000000,0.000000,0.000000,0.000000,0.000000,0.000000,0.000000,0.000000,0.000000,0.000000,0.000000,0.000000,0,0,0,0
"19,64",0,94379,0,0,76,4,99999,99999,99999,99999,99999,99999,0.000000,0.000000,0.000000,0.000000,0.000000,0.000000,0.000000,0.000000,0.000000,0.000000,0.000000,0.000000,0.000000,0.000000,0,0,0,0
"19,65",0,94379,0,0,73,4,99999,99999,99999,99999,99999,99999,0.000000,0.000000,0.000000,0.000000,0.000000,0.000000,0.000000,0.000000,0.000000,0.000000,0.000000,0.000000,0.000000,0.000000,0,0,0,0
"19,66",0,94379,0,0,68,4,99999,99999,99999,99999,99999,99999,0.000000,0.000000,0.000000,0.000000,0.000000,0.000000,0.000000,0.000000,0.000000,0.000000,0.000000,0.000000,0.000000,0.000000,0,0,0,0
"19,67",0,94379,0,0,67,4,99999,99999,99999,99999,99999,99999,0.000000,0.000000,0.000000,0.000000,0.000000,0.000000,0.000000,0.000000,0.000000,0.000000,0.000000,0.000000,0.000000,0.000000,0,0,0,0
"19,68",0,94379,0,0,8,4,99999,99999,99999,99999,99999,99999,0.000000,0.000000,0.000000,0.000000,0.000000,0.000000,0.000000,0.000000,0.000000,0.000000,0.000000,0.000000,0.000000,0.000000,0,0,0,0
"19,69",0,94379,0,0,8,4,99999,99999,99999,99999,99999,99999,0.000000,0.000000,0.000000,0.000000,0.000000,0.000000,0.000000,0.000000,0.000000,0.000000,0.000000,0.000000,0.000000,0.000000,0,0,0,0
"19,70",0,94379,0,0,10,4,99999,99999,99999,99999,99999,99999,0.000000,0.000000,0.000000,0.000000,0.000000,0.000000,0.000000,0.000000,0.000000,0.000000,0.000000,0.000000,0.000000,0.000000,0,0,0,0
"19,71",0,94379,0,0,8,4,99999,99999,99999,99999,99999,99999,0.000000,0.000000,0.000000,0.000000,0.000000,0.000000,0.000000,0.000000,0.000000,0.000000,0.000000,0.000000,0.000000,0.000000,0,0,0,0
"19,72",0,94379,0,0,8,4,99999,99999,99999,99999,99999,99999,0.000000,0.000000,0.000000,0.000000,0.000000,0.000000,0.000000,0.000000,0.000000,0.000000,0.000000,0.000000,0.000000,0.000000,0,0,0,0
"19,73",0,94379,0,0,8,4,99999,99999,99999,99999,99999,99999,0.000000,0.000000,0.000000,0.000000,0.000000,0.000000,0.000000,0.000000,0.000000,0.000000,0.000000,0.000000,0.000000,0.000000,0,0,0,0
"19,74",0,94379,0,0,8,4,99999,99999,99999,99999,99999,99999,0.000000,0.000000,0.000000,0.000000,0.000000,0.000000,0.000000,0.000000,0.000000,0.000000,0.000000,0.000000,0.000000,0.000000,0,0,0,0
"20,1",39,94471,9,1,1041,2,9,169,326,0,4,7,0.888889,0.111111,0.000000,0.000000,0.000000,0.000000,0.000000,0.811966,0.170940,0.012821,0.004274,0.000000,0.000000,0.000000,27495,180,300,120
"20,2",45,94565,9,1,1041,2,15,504,589,0,4,6,0.777778,0.161111,0.061111,0.000000,0.000000,0.000000,0.000000,0.788793,0.189655,0.021552,0.000000,0.000000,0.000000,0.000000,25873,169,329,149
"20,3",47,94656,9,1,1030,2,11,417,514,0,4,8,0.838710,0.129032,0.032258,0.000000,0.000000,0.000000,0.000000,0.793388,0.173554,0.024793,0.008264,0.000000,0.000000,0.000000,27564,180,345,163
"20,4",43,94737,9,1,1043,2,13,327,532,0,4,9,0.861111,0.105556,0.033333,0.000000,0.000000,0.000000,0.000000,0.794872,0.153846,0.038462,0.008547,0.004274,0.000000,0.000000,26696,174,316,139
"20,5",40,94811,9,1,1026,2,8,126,368,0,4,6,0.922222,0.077778,0.000000,0.000000,0.000000,0.000000,0.000000,0.777778,0.180077,0.038314,0.003831,0.000000,0.000000,0.000000,27495,180,303,123
"20,6",44,94883,9,1,1036,2,11,271,393,0,4,6,0.844444,0.155556,0.000000,0.000000,0.000000,0.000000,0.000000,0.792208,0.186147,0.021645,0.000000,0.000000,0.000000,0.000000,27495,180,322,142
"20,7",44,94949,9,1,1034,2,13,518,622,0,4,5,0.772222,0.150000,0.077778,0.000000,0.000000,0.000000,0.000000,0.778761,0.194690,0.026549,0.000000,0.000000,0.000000,0.000000,25195,166,311,138
"20,8",48,95022,9,1,1027,2,14,325,514,0,4,6,0.783333,0.194444,0.022222,0.000000,0.000000,0.000000,0.000000,0.805310,0.172566,0.017699,0.004425,0.000000,0.000000,0.000000,26860,176,347,167
"20,9",38,95080,9,1,1041,2,13,505,786,0,4,8,0.751381,0.193370,0.055249,0.000000,0.000000,0.000000,0.000000,0.785000,0.170000,0.040000,0.005000,0.000000,0.000000,0.000000,26011,171,290,113
"20,10",41,95396,10,1,1038,2,13,521,551,0,4,4,0.738889,0.172222,0.088889,0.000000,0.000000,0.000000,0.000000,0.831633,0.158163,0.010204,0.000000,0.000000,0.000000,0.000000,25070,164,284,118
"20,11",46,95449,9,1,1024,2,11,187,311,0,4,7,0.872222,0.127778,0.000000,0.000000,0.000000,0.000000,0.000000,0.788000,0.192000,0.016000,0.000000,0.004000,0.000000,0.000000,27495,180,339,159
"20,12",40,95493,9,1,1042,2,13,509,544,0,4,6,0.879781,0.060109,0.049180,0.010929,0.000000,0.000000,0.000000,0.822581,0.161290,0.016129,0.000000,0.000000,0.000000,0.000000,26128,172,288,116
"20,13",47,95542,9,1,1044,2,22,506,620,0,4,6,0.727778,0.211111,0.061111,0.000000,0.000000,0.000000,0.000000,0.780374,0.182243,0.028037,0.009346,0.000000,0.000000,0.000000,26008,169,346,166
"20,14",48,95582,9,1,1034,2,27,529,556,0,4,8,0.622222,0.150000,0.227778,0.000000,0.000000,0.000000,0.000000,0.783333,0.194444,0.011111,0.005556,0.005556,0.000000,0.000000,21002,139,298,145
"20,15",47,95625,9,1,1036,2,13,424,656,0,4,4,0.850000,0.105556,0.044444,0.000000,0.000000,0.000000,0.000000,0.777778,0.210317,0.011905,0.000000,0.000000,0.000000,0.000000,26324,172,335,158
"20,16",39,95663,9,1,1041,2,9,67,174,0,4,8,0.966667,0.027778,0.005556,0.000000,0.000000,0.000000,0.000000,0.758621,0.206897,0.030651,0.003831,0.000000,0.000000,0.000000,27313,179,300,120
"20,17",45,95702,9,1,1038,2,13,207,393,0,4,5,0.888889,0.111111,0.000000,0.000000,0.000000,0.000000,0.000000,0.753731,0.216418,0.022388,0.007463,0.000000,0.000000,0.000000,27495,180,331,151
"20,18",45,95738,9,1,1033,2,14,420,774,0,4,5,0.816667,0.138889,0.044444,0.000000,0.000000,0.000000,0.000000,0.776371,0.198312,0.021097,0.004219,0.000000,0.000000,0.000000,26262,172,323,146
"20,19",39,95771,9,1,1031,2,12,501,551,0,4,8,0.862637,0.082418,0.054945,0.000000,0.000000,0.000000,0.000000,0.827731,0.151261,0.012605,0.000000,0.008403,0.000000,0.000000,26067,172,287,114
"20,20",39,95804,9,1,1039,2,10,311,444,0,4,5,0.861111,0.133333,0.005556,0.000000,0.000000,0.000000,0.000000,0.814346,0.160338,0.025316,0.000000,0.000000,0.000000,0.000000,27379,179,298,118
"20,21",50,95840,9,1,1029,2,11,182,257,0,4,6,0.900000,0.100000,0.000000,0.000000,0.000000,0.000000,0.000000,0.772727,0.181818,0.045455,0.000000,0.000000,0.000000,0.000000,27495,180,363,183
"20,22",36,95868,9,1,1040,2,10,175,397,0,4,8,0.902174,0.097826,0.000000,0.000000,0.000000,0.000000,0.000000,0.775510,0.175510,0.044898,0.004082,0.000000,0.000000,0.000000,28065,184,287,104
"20,23",45,95900,9,1,1039,2,12,480,544,0,4,5,0.822222,0.133333,0.044444,0.000000,0.000000,0.000000,0.000000,0.767347,0.204082,0.024490,0.004082,0.000000,0.000000,0.000000,26177,172,333,153
"20,24",38,95926,9,1,1040,2,10,160,461,0,4,6,0.911111,0.077778,0.011111,0.000000,0.000000,0.000000,0.000000,0.774319,0.178988,0.046693,0.000000,0.000000,0.000000,0.000000,27174,178,294,114
"20,25",41,95953,9,1,1029,2,11,328,487,0,4,5,0.816667,0.172222,0.011111,0.000000,0.000000,0.000000,0.000000,0.813853,0.164502,0.017316,0.004329,0.000000,0.000000,0.000000,27110,178,307,127
"20,26",44,95979,9,1,1031,2,12,466,587,0,4,5,0.779661,0.175141,0.045198,0.000000,0.000000,0.000000,0.000000,0.796537,0.181818,0.021645,0.000000,0.000000,0.000000,0.000000,25903,169,310,139
"20,27",43,96004,9,1,1035,2,12,516,546,0,4,5,0.827778,0.116667,0.055556,0.000000,0.000000,0.000000,0.000000,0.782427,0.192469,0.020921,0.004184,0.000000,0.000000,0.000000,26051,170,302,130
"20,28",41,96028,9,1,1037,2,11,108,214,0,4,7,0.944751,0.055249,0.000000,0.000000,0.000000,0.000000,0.000000,0.766784,0.194346,0.038869,0.000000,0.000000,0.000000,0.000000,27659,181,308,128
"20,29",41,95890,8,1,1031,2,9,127,183,0,4,5,0.923077,0.076923,0.000000,0.000000,0.000000,0.000000,0.000000,0.790262,0.172285,0.033708,0.003745,0.000000,0.000000,0.000000,27777,182,308,128
"20,30",36,95775,8,1,1035,2,9,523,541,0,4,6,0.805556,0.127778,0.055556,0.011111,0.000000,0.000000,0.000000,0.811321,0.174528,0.014151,0.000000,0.000000,0.000000,0.000000,25698,168,271,100
"20,31",42,95644,8,1,1032,2,10,158,308,0,4,6,0.911111,0.088889,0.000000,0.000000,0.000000,0.000000,0.000000,0.806818,0.159091,0.030303,0.003788,0.000000,0.000000,0.000000,27495,180,313,133
"20,32",46,95273,7,1,1038,2,16,434,725,0,4,7,0.711111,0.250000,0.038889,0.000000,0.000000,0.000000,0.000000,0.758140,0.223256,0.009302,0.009302,0.000000,0.000000,0.000000,26322,173,329,153
"20,33",39,94950,7,1,1043,2,10,110,277,0,4,6,0.938889,0.050000,0.011111,0.000000,0.000000,0.000000,0.000000,0.762082,0.211896,0.018587,0.007435,0.000000,0.000000,0.000000,27175,178,298,118
"20,34",41,94651,7,1,1029,2,16,540,709,0,4,5,0.704918,0.174863,0.120219,0.000000,0.000000,0.000000,0.000000,0.807512,0.173709,0.014085,0.004695,0.000000,0.000000,0.000000,24506,161,284,118
"20,35",0,94651,0,0,969,4,99999,99999,99999,99999,99999,99999,0.000000,0.000000,0.000000,0.000000,0.000000,0.000000,0.000000,0.000000,0.000000,0.000000,0.000000,0.000000,0.000000,0.000000,0,0,0,0
"20,36",0,94651,0,0,976,4,99999,99999,99999,99999,99999,99999,0.000000,0.000000,0.000000,0.000000,0.000000,0.000000,0.000000,0.000000,0.000000,0.000000,0.000000,0.000000,0.000000,0.000000,0,0,0,0
"20,37",0,94651,0,0,963,4,99999,99999,99999,99999,99999,99999,0.000000,0.000000,0.000000,0.000000,0.000000,0.000000,0.000000,0.000000,0.000000,0.000000,0.000000,0.000000,0.000000,0.000000,0,0,0,0
"20,38",0,94651,0,0,981,4,99999,99999,99999,99999,99999,99999,0.000000,0.000000,0.000000,0.000000,0.000000,0.000000,0.000000,0.000000,0.000000,0.000000,0.000000,0.000000,0.000000,0.000000,0,0,0,0
"20,39",0,94651,0,0,970,4,99999,99999,99999,99999,99999,99999,0.000000,0.000000,0.000000,0.000000,0.000000,0.000000,0.000000,0.000000,0.000000,0.000000,0.000000,0.000000,0.000000,0.000000,0,0,0,0
"20,40",0,94651,0,0,978,4,99999,99999,99999,99999,99999,99999,0.000000,0.000000,0.000000,0.000000,0.000000,0.000000,0.000000,0.000000,0.000000,0.000000,0.000000,0.000000,0.000000,0.000000,0,0,0,0
"20,41",0,94651,0,0,970,4,99999,99999,99999,99999,99999,99999,0.000000,0.000000,0.000000,0.000000,0.000000,0.000000,0.000000,0.000000,0.000000,0.000000,0.000000,0.000000,0.000000,0.000000,0,0,0,0
"20,42",0,94651,0,0,978,4,99999,99999,99999,99999,99999,99999,0.000000,0.000000,0.000000,0.000000,0.000000,0.000000,0.000000,0.000000,0.000000,0.000000,0.000000,0.000000,0.000000,0.000000,0,0,0,0
"20,43",0,94651,0,0,982,4,99999,99999,99999,99999,99999,99999,0.000000,0.000000,0.000000,0.000000,0.000000,0.000000,0.000000,0.000000,0.000000,0.000000,0.000000,0.000000,0.000000,0.000000,0,0,0,0
"20,44",0,94651,0,0,972,4,99999,99999,99999,99999,99999,99999,0.000000,0.000000,0.000000,0.000000,0.000000,0.000000,0.000000,0.000000,0.000000,0.000000,0.000000,0.000000,0.000000,0.000000,0,0,0,0
"20,45",0,94651,0,0,971,4,99999,99999,99999,99999,99999,99999,0.000000,0.000000,0.000000,0.000000,0.000000,0.000000,0.000000,0.000000,0.000000,0.000000,0.000000,0.000000,0.000000,0.000000,0,0,0,0
"20,46",0,94651,0,0,974,4,99999,99999,99999,99999,99999,99999,0.000000,0.000000,0.000000,0.000000,0.000000,0.000000,0.000000,0.000000,0.000000,0.000000,0.000000,0.000000,0.000000,0.000000,0,0,0,0
"20,47",0,94651,0,0,972,4,99999,99999,99999,99999,99999,99999,0.000000,0.000000,0.000000,0.000000,0.000000,0.000000,0.000000,0.000000,0.000000,0.000000,0.000000,0.000000,0.000000,0.000000,0,0,0,0
"20,48",0,94651,0,0,969,4,99999,99999,99999,99999,99999,99999,0.000000,0.000000,0.000000,0.000000,0.000000,0.000000,0.000000,0.000000,0.000000,0.000000,0.000000,0.000000,0.000000,0.000000,0,0,0,0
"20,49",0,94651,0,0,969,4,99999,99999,99999,99999,99999,99999,0.000000,0.000000,0.000000,0.000000,0.000000,0.000000,0.000000,0.000000,0.000000,0.000000,0.000000,0.000000,0.000000,0.000000,0,0,0,0
"20,50",0,94651,0,0,973,4,99999,99999,99999,99999,99999,99999,0.000000,0.000000,0.000000,0.000000,0.000000,0.000000,0.000000,0.000000,0.000000,0.000000,0.000000,0.000000,0.000000,0.000000,0,0,0,0
"20,51",0,94651,0,0,975,4,99999,99999,99999,99999,99999,99999,0.000000,0.000000,0.000000,0.000000,0.000000,0.000000,0.000000,0.000000,0.000000,0.000000,0.000000,0.000000,0.000000,0.000000,0,0,0,0
"20,52",0,94651,0,0,973,4,99999,99999,99999,99999,99999,99999,0.000000,0.000000,0.000000,0.000000,0.000000,0.000000,0.000000,0.000000,0.000000,0.000000,0.000000,0.000000,0.000000,0.000000,0,0,0,0
"20,53",0,94651,0,0,972,4,99999,99999,99999,99999,99999,99999,0.000000,0.000000,0.000000,0.000000,0.000000,0.000000,0.000000,0.000000,0.000000,0.000000,0.000000,0.000000,0.000000,0.000000,0,0,0,0
"20,54",0,94651,0,0,957,4,99999,99999,99999,99999,99999,99999,0.000000,0.000000,0.000000,0.000000,0.000000,0.000000,0.000000,0.000000,0.000000,0.000000,0.000000,0.000000,0.000000,0.000000,0,0,0,0
"20,55",0,94651,0,0,978,4,99999,99999,99999,99999,99999,99999,0.000000,0.000000,0.000000,0.000000,0.000000,0.000000,0.000000,0.000000,0.000000,0.000000,0.000000,0.000000,0.000000,0.000000,0,0,0,0
"20,56",0,94651,0,0,969,4,99999,99999,99999,99999,99999,99999,0.000000,0.000000,0.000000,0.000000,0.000000,0.000000,0.000000,0.000000,0.000000,0.000000,0.000000,0.000000,0.000000,0.000000,0,0,0,0
"20,57",0,94651,0,0,69,4,99999,99999,99999,99999,99999,99999,0.000000,0.000000,0.000000,0.000000,0.000000,0.000000,0.000000,0.000000,0.000000,0.000000,0.000000,0.000000,0.000000,0.000000,0,0,0,0
"20,58",0,94651,0,0,69,4,99999,99999,99999,99999,99999,99999,0.000000,0.000000,0.000000,0.000000,0.000000,0.000000,0.000000,0.000000,0.000000,0.000000,0.000000,0.000000,0.000000,0.000000,0,0,0,0
"20,59",0,94651,0,0,85,4,99999,99999,99999,99999,99999,99999,0.000000,0.000000,0.000000,0.000000,0.000000,0.000000,0.000000,0.000000,0.000000,0.000000,0.000000,0.000000,0.000000,0.000000,0,0,0,0
"20,60",0,94651,0,0,71,4,99999,99999,99999,99999,99999,99999,0.000000,0.000000,0.000000,0.000000,0.000000,0.000000,0.000000,0.000000,0.000000,0.000000,0.000000,0.000000,0.000000,0.000000,0,0,0,0
"20,61",0,94651,0,0,70,4,99999,99999,99999,99999,99999,99999,0.000000,0.000000,0.000000,0.000000,0.000000,0.000000,0.000000,0.000000,0.000000,0.000000,0.000000,0.000000,0.000000,0.000000,0,0,0,0
"20,62",0,94651,0,0,72,4,99999,99999,99999,99999,99999,99999,0.000000,0.000000,0.000000,0.000000,0.000000,0.000000,0.000000,0.000000,0.000000,0.000000,0.000000,0.000000,0.000000,0.000000,0,0,0,0
"20,63",0,94651,0,0,61,4,99999,99999,99999,99999,99999,99999,0.000000,0.000000,0.000000,0.000000,0.000000,0.000000,0.000000,0.000000,0.000000,0.000000,0.000000,0.000000,0.000000,0.000000,0,0,0,0
"20,64",0,94651,0,0,73,4,99999,99999,99999,99999,99999,99999,0.000000,0.000000,0.000000,0.000000,0.000000,0.000000,0.000000,0.000000,0.000000,0.000000,0.000000,0.000000,0.000000,0.000000,0,0,0,0
"20,65",0,94651,0,0,77,4,99999,99999,99999,99999,99999,99999,0.000000,0.000000,0.000000,0.000000,0.000000,0.000000,0.000000,0.000000,0.000000,0.000000,0.000000,0.000000,0.000000,0.000000,0,0,0,0
"20,66",0,94651,0,0,74,4,99999,99999,99999,99999,99999,99999,0.000000,0.000000,0.000000,0.000000,0.000000,0.000000,0.000000,0.000000,0.000000,0.000000,0.000000,0.000000,0.000000,0.000000,0,0,0,0
"20,67",0,94651,0,0,63,4,99999,99999,99999,99999,99999,99999,0.000000,0.000000,0.000000,0.000000,0.000000,0.000000,0.000000,0.000000,0.000000,0.000000,0.000000,0.000000,0.000000,0.000000,0,0,0,0
"20,68",0,94651,0,0,8,4,99999,99999,99999,99999,99999,99999,0.000000,0.000000,0.000000,0.000000,0.000000,0.000000,0.000000,0.000000,0.000000,0.000000,0.000000,0.000000,0.000000,0.000000,0,0,0,0
"20,69",0,94651,0,0,8,4,99999,99999,99999,99999,99999,99999,0.000000,0.000000,0.000000,0.000000,0.000000,0.000000,0.000000,0.000000,0.000000,0.000000,0.000000,0.000000,0.000000,0.000000,0,0,0,0
"20,70",0,94651,0,0,9,4,99999,99999,99999,99999,99999,99999,0.000000,0.000000,0.000000,0.000000,0.000000,0.000000,0.000000,0.000000,0.000000,0.000000,0.000000,0.000000,0.000000,0.000000,0,0,0,0
"20,71",0,94651,0,0,8,4,99999,99999,99999,99999,99999,99999,0.000000,0.000000,0.000000,0.000000,0.000000,0.000000,0.000000,0.000000,0.000000,0.000000,0.000000,0.000000,0.000000,0.000000,0,0,0,0
"20,72",0,94651,0,0,8,4,99999,99999,99999,99999,99999,99999,0.000000,0.000000,0.000000,0.000000,0.000000,0.000000,0.000000,0.000000,0.000000,0.000000,0.000000,0.000000,0.000000,0.000000,0,0,0,0
"20,73",0,94651,0,0,8,4,99999,99999,99999,99999,99999,99999,0.000000,0.000000,0.000000,0.000000,0.000000,0.000000,0.000000,0.000000,0.000000,0.000000,0.000000,0.000000,0.000000,0.000000,0,0,0,0
"20,74",0,94651,0,0,7,4,99999,99999,99999,99999,99999,99999,0.000000,0.000000,0.000000,0.000000,0.000000,0.000000,0.000000,0.000000,0.000000,0.000000,0.000000,0.000000,0.000000,0.000000,0,0,0,0
"21,1",46,97500,9,1,1041,2,15,416,593,0,4,5,0.802198,0.164835,0.032967,0.000000,0.000000,0.000000,0.000000,0.769231,0.192308,0.038462,0.000000,0.000000,0.000000,0.000000,27006,176,338,157
"21,2",43,97500,9,1,1039,2,8,103,189,0,4,4,0.938889,0.061111,0.000000,0.000000,0.000000,0.000000,0.000000,0.797794,0.191176,0.011029,0.000000,0.000000,0.000000,0.000000,27495,180,320,140
"21,3",41,97500,9,1,1043,2,13,303,454,0,4,4,0.847368,0.142105,0.010526,0.000000,0.000000,0.000000,0.000000,0.821577,0.174274,0.004149,0.000000,0.000000,0.000000,0.000000,28686,188,320,132
"21,4",35,97500,9,1,1038,2,11,439,540,0,4,5,0.816667,0.138889,0.044444,0.000000,0.000000,0.000000,0.000000,0.834101,0.138249,0.018433,0.009217,0.000000,0.000000,0.000000,26159,172,269,95
"21,5",47,100150,10,1,1029,2,13,402,598,0,4,5,0.822222,0.150000,0.027778,0.000000,0.000000,0.000000,0.000000,0.822511,0.164502,0.012987,0.000000,0.000000,0.000000,0.000000,26687,175,344,165
"21,6",39,101645,10,1,1031,2,14,530,741,0,4,7,0.673684,0.205263,0.121053,0.000000,0.000000,0.000000,0.000000,0.796875,0.182292,0.020833,0.000000,0.000000,0.000000,0.000000,25487,167,295,118
"21,7",38,102738,10,1,1033,2,10,214,336,0,4,6,0.888889,0.111111,0.000000,0.000000,0.000000,0.000000,0.000000,0.857759,0.116379,0.021552,0.000000,0.004310,0.000000,0.000000,27495,180,292,112
"21,8",42,103600,10,1,1038,2,31,544,650,0,4,5,0.644444,0.255556,0.100000,0.000000,0.000000,0.000000,0.000000,0.833333,0.138889,0.022222,0.005556,0.000000,0.000000,0.000000,24484,162,302,128
"21,9",40,104280,10,1,1027,2,8,69,214,0,4,5,0.961326,0.038674,0.000000,0.000000,0.000000,0.000000,0.000000,0.834559,0.150735,0.011029,0.003676,0.000000,0.000000,0.000000,27561,181,306,125
"21,10",45,104820,10,1,1038,2,15,526,594,0,4,5,0.700000,0.215789,0.084211,0.000000,0.000000,0.000000,0.000000,0.802885,0.173077,0.019231,0.004808,0.000000,0.000000,0.000000,26642,174,335,153
"21,11",37,105231,10,1,1039,2,14,540,756,0,4,6,0.783333,0.133333,0.083333,0.000000,0.000000,0.000000,0.000000,0.832558,0.130233,0.032558,0.004651,0.000000,0.000000,0.000000,25311,165,282,107
"21,12",35,105562,10,1,1035,2,9,513,560,0,4,8,0.866667,0.066667,0.066667,0.000000,0.000000,0.000000,0.000000,0.852679,0.116071,0.022321,0.008929,0.000000,0.000000,0.000000,25638,168,276,97
"21,13",42,105876,10,1,1029,2,11,446,803,0,4,8,0.878453,0.077348,0.044199,0.000000,0.000000,0.000000,0.000000,0.755906,0.200787,0.035433,0.007874,0.000000,0.000000,0.000000,26285,173,303,128
"21,14",47,106174,10,1,1033,2,18,398,541,0,4,5,0.735135,0.232432,0.032432,0.000000,0.000000,0.000000,0.000000,0.755869,0.215962,0.028169,0.000000,0.000000,0.000000,0.000000,27268,179,337,159
"21,15",43,106416,10,1,1037,2,13,296,442,0,4,5,0.806630,0.187845,0.005525,0.000000,0.000000,0.000000,0.000000,0.785408,0.193133,0.017167,0.004292,0.000000,0.000000,0.000000,27533,180,318,138
"21,16",38,105874,9,1,1036,2,17,368,558,0,4,5,0.726776,0.240437,0.032787,0.000000,0.000000,0.000000,0.000000,0.796875,0.171875,0.031250,0.000000,0.000000,0.000000,0.000000,26954,177,296,114
"21,17",44,105349,9,1,1038,2,11,195,272,0,4,7,0.885870,0.114130,0.000000,0.000000,0.000000,0.000000,0.000000,0.814655,0.146552,0.030172,0.008621,0.000000,0.000000,0.000000,28065,184,328,147
"21,18",42,104899,9,1,1037,2,11,161,264,0,4,7,0.911111,0.088889,0.000000,0.000000,0.000000,0.000000,0.000000,0.798387,0.165323,0.032258,0.004032,0.000000,0.000000,0.000000,27495,180,311,131
"21,19",42,104504,9,1,1036,2,14,340,500,0,4,5,0.800000,0.183333,0.016667,0.000000,0.000000,0.000000,0.000000,0.769912,0.212389,0.017699,0.000000,0.000000,0.000000,0.000000,27202,178,311,131
"21,20",45,104133,9,1,1040,2,12,204,362,0,4,8,0.894444,0.105556,0.000000,0.000000,0.000000,0.000000,0.000000,0.743083,0.213439,0.035573,0.007905,0.000000,0.000000,0.000000,27495,180,332,152
"21,21",39,103832,9,1,1031,2,12,258,398,0,4,6,0.855556,0.144444,0.000000,0.000000,0.000000,0.000000,0.000000,0.822785,0.151899,0.025316,0.000000,0.000000,0.000000,0.000000,27495,180,298,118
"21,22",41,103547,9,1,1028,2,8,204,302,0,4,5,0.888889,0.111111,0.000000,0.000000,0.000000,0.000000,0.000000,0.815686,0.152941,0.031373,0.000000,0.000000,0.000000,0.000000,27495,180,310,130
"21,23",39,103296,9,1,1034,2,11,223,397,0,4,6,0.897849,0.102151,0.000000,0.000000,0.000000,0.000000,0.000000,0.800000,0.164706,0.035294,0.000000,0.000000,0.000000,0.000000,28421,186,302,118
"21,24",45,103043,9,1,1029,2,9,68,96,0,4,6,0.988889,0.011111,0.000000,0.000000,0.000000,0.000000,0.000000,0.786667,0.183333,0.026667,0.003333,0.000000,0.000000,0.000000,27495,180,329,149
"21,25",45,102812,9,1,1034,2,10,393,542,0,4,5,0.877778,0.094444,0.027778,0.000000,0.000000,0.000000,0.000000,0.845188,0.142259,0.012552,0.000000,0.000000,0.000000,0.000000,26735,175,323,146
"21,26",45,102616,9,1,1031,2,18,356,498,0,4,5,0.796296,0.191358,0.012346,0.000000,0.000000,0.000000,0.000000,0.743119,0.233945,0.022936,0.000000,0.000000,0.000000,0.000000,24259,160,295,133
"21,27",39,102437,9,1,1040,2,12,479,528,0,4,6,0.838889,0.111111,0.044444,0.005556,0.000000,0.000000,0.000000,0.782609,0.182609,0.034783,0.000000,0.000000,0.000000,0.000000,26241,171,284,111
"21,28",35,102269,9,1,1033,2,8,64,112,0,4,5,0.977778,0.022222,0.000000,0.000000,0.000000,0.000000,0.000000,0.826255,0.150579,0.023166,0.000000,0.000000,0.000000,0.000000,27495,180,280,100
"21,29",38,101807,8,1,1043,2,13,530,694,0,4,5,0.800000,0.100000,0.100000,0.000000,0.000000,0.000000,0.000000,0.809091,0.172727,0.013636,0.004545,0.000000,0.000000,0.000000,24666,162,276,106
"21,30",43,101319,8,1,1031,2,9,90,148,0,4,7,0.966667,0.033333,0.000000,0.000000,0.000000,0.000000,0.000000,0.784452,0.183746,0.031802,0.000000,0.000000,0.000000,0.000000,27495,180,317,137
"21,31",43,100871,8,1,1030,2,10,266,504,0,4,4,0.883333,0.094444,0.022222,0.000000,0.000000,0.000000,0.000000,0.789272,0.206897,0.003831,0.000000,0.000000,0.000000,0.000000,26888,176,314,136
"21,32",34,100088,7,1,1034,2,7,153,333,0,4,8,0.916667,0.083333,0.000000,0.000000,0.000000,0.000000,0.000000,0.844538,0.134454,0.021008,0.000000,0.000000,0.000000,0.000000,27495,180,276,96
"21,33",38,99290,7,1,1043,2,14,259,515,0,4,8,0.888889,0.088889,0.022222,0.000000,0.000000,0.000000,0.000000,0.773663,0.181070,0.037037,0.008230,0.000000,0.000000,0.000000,26882,176,294,114
"21,34",40,98536,7,1,1040,2,14,385,543,0,4,5,0.833333,0.138889,0.027778,0.000000,0.000000,0.000000,0.000000,0.800000,0.167347,0.032653,0.000000,0.000000,0.000000,0.000000,26777,175,299,122
"21,35",0,98536,0,0,961,4,99999,99999,99999,99999,99999,99999,0.000000,0.000000,0.000000,0.000000,0.000000,0.000000,0.000000,0.000000,0.000000,0.000000,0.000000,0.000000,0.000000,0.000000,0,0,0,0
"21,36",0,98536,0,0,978,4,99999,99999,99999,99999,99999,99999,0.000000,0.000000,0.000000,0.000000,0.000000,0.000000,0.000000,0.000000,0.000000,0.000000,0.000000,0.000000,0.000000,0.000000,0,0,0,0
"21,37",0,98536,0,0,983,4,99999,99999,99999,99999,99999,99999,0.000000,0.000000,0.000000,0.000000,0.000000,0.000000,0.000000,0.000000,0.000000,0.000000,0.000000,0.000000,0.000000,0.000000,0,0,0,0
"21,38",0,98536,0,0,970,4,99999,99999,99999,99999,99999,99999,0.000000,0.000000,0.000000,0.000000,0.000000,0.000000,0.000000,0.000000,0.000000,0.000000,0.000000,0.000000,0.000000,0.000000,0,0,0,0
"21,39",0,98536,0,0,977,4,99999,99999,99999,99999,99999,99999,0.000000,0.000000,0.000000,0.000000,0.000000,0.000000,0.000000,0.000000,0.000000,0.000000,0.000000,0.000000,0.000000,0.000000,0,0,0,0
"21,40",0,98536,0,0,971,4,99999,99999,99999,99999,99999,99999,0.000000,0.000000,0.000000,0.000000,0.000000,0.000000,0.000000,0.000000,0.000000,0.000000,0.000000,0.000000,0.000000,0.000000,0,0,0,0
"21,41",0,98536,0,0,976,4,99999,99999,99999,99999,99999,99999,0.000000,0.000000,0.000000,0.000000,0.000000,0.000000,0.000000,0.000000,0.000000,0.000000,0.000000,0.000000,0.000000,0.000000,0,0,0,0
"21,42",0,98536,0,0,982,4,99999,99999,99999,99999,99999,99999,0.000000,0.000000,0.000000,0.000000,0.000000,0.000000,0.000000,0.000000,0.000000,0.000000,0.000000,0.000000,0.000000,0.000000,0,0,0,0
"21,43",0,98536,0,0,956,4,99999,99999,99999,99999,99999,99999,0.000000,0.000000,0.000000,0.000000,0.000000,0.000000,0.000000,0.000000,0.000000,0.000000,0.000000,0.000000,0.000000,0.000000,0,0,0,0
"21,44",0,98536,0,0,970,4,99999,99999,99999,99999,99999,99999,0.000000,0.000000,0.000000,0.000000,0.000000,0.000000,0.000000,0.000000,0.000000,0.000000,0.000000,0.000000,0.000000,0.000000,0,0,0,0
"21,45",0,98536,0,0,979,4,99999,99999,99999,99999,99999,99999,0.000000,0.000000,0.000000,0.000000,0.000000,0.000000,0.000000,0.000000,0.000000,0.000000,0.000000,0.000000,0.000000,0.000000,0,0,0,0
"21,46",0,98536,0,0,985,4,99999,99999,99999,99999,99999,99999,0.000000,0.000000,0.000000,0.000000,0.000000,0.000000,0.000000,0.000000,0.000000,0.000000,0.000000,0.000000,0.000000,0.000000,0,0,0,0
"21,47",0,98536,0,0,972,4,99999,99999,99999,99999,99999,99999,0.000000,0.000000,0.000000,0.000000,0.000000,0.000000,0.000000,0.000000,0.000000,0.000000,0.000000,0.000000,0.000000,0.000000,0,0,0,0
"21,48",0,98536,0,0,972,4,99999,99999,99999,99999,99999,99999,0.000000,0.000000,0.000000,0.000000,0.000000,0.000000,0.000000,0.000000,0.000000,0.000000,0.000000,0.000000,0.000000,0.000000,0,0,0,0
"21,49",0,98536,0,0,973,4,99999,99999,99999,99999,99999,99999,0.000000,0.000000,0.000000,0.000000,0.000000,0.000000,0.000000,0.000000,0.000000,0.000000,0.000000,0.000000,0.000000,0.000000,0,0,0,0
"21,50",0,98536,0,0,973,4,99999,99999,99999,99999,99999,99999,0.000000,0.000000,0.000000,0.000000,0.000000,0.000000,0.000000,0.000000,0.000000,0.000000,0.000000,0.000000,0.000000,0.000000,0,0,0,0
"21,51",0,98536,0,0,971,4,99999,99999,99999,99999,99999,99999,0.000000,0.000000,0.000000,0.000000,0.000000,0.000000,0.000000,0.000000,0.000000,0.000000,0.000000,0.000000,0.000000,0.000000,0,0,0,0
"21,52",0,98536,0,0,966,4,99999,99999,99999,99999,99999,99999,0.000000,0.000000,0.000000,0.000000,0.000000,0.000000,0.000000,0.000000,0.000000,0.000000,0.000000,0.000000,0.000000,0.000000,0,0,0,0
"21,53",0,98536,0,0,985,4,99999,99999,99999,99999,99999,99999,0.000000,0.000000,0.000000,0.000000,0.000000,0.000000,0.000000,0.000000,0.000000,0.000000,0.000000,0.000000,0.000000,0.000000,0,0,0,0
"21,54",0,98536,0,0,971,4,99999,99999,99999,99999,99999,99999,0.000000,0.000000,0.000000,0.000000,0.000000,0.000000,0.000000,0.000000,0.000000,0.000000,0.000000,0.000000,0.000000,0.000000,0,0,0,0
"21,55",0,98536,0,0,976,4,99999,99999,99999,99999,99999,99999,0.000000,0.000000,0.000000,0.000000,0.000000,0.000000,0.000000,0.000000,0.000000,0.000000,0.000000,0.000000,0.000000,0.000000,0,0,0,0
"21,56",0,98536,0,0,971,4,99999,99999,99999,99999,99999,99999,0.000000,0.000000,0.000000,0.000000,0.000000,0.000000,0.000000,0.000000,0.000000,0.000000,0.000000,0.000000,0.000000,0.000000,0,0,0,0
"21,57",0,98536,0,0,72,4,99999,99999,99999,99999,99999,99999,0.000000,0.000000,0.000000,0.000000,0.000000,0.000000,0.000000,0.000000,0.000000,0.000000,0.000000,0.000000,0.000000,0.000000,0,0,0,0
"21,58",0,98536,0,0,68,4,99999,99999,99999,99999,99999,99999,0.000000,0.000000,0.000000,0.000000,0.000000,0.000000,0.000000,0.000000,0.000000,0.000000,0.000000,0.000000,0.000000,0.000000,0,0,0,0
"21,59",0,98536,0,0,73,4,99999,99999,99999,99999,99999,99999,0.000000,0.000000,0.000000,0.000000,0.000000,0.000000,0.000000,0.000000,0.000000,0.000000,0.000000,0.000000,0.000000,0.000000,0,0,0,0
"21,60",0,98536,0,0,72,4,99999,99999,99999,99999,99999,99999,0.000000,0.000000,0.000000,0.000000,0.000000,0.000000,0.000000,0.000000,0.000000,0.000000,0.000000,0.000000,0.000000,0.000000,0,0,0,0
"21,61",0,98536,0,0,64,4,99999,99999,99999,99999,99999,99999,0.000000,0.000000,0.000000,0.000000,0.000000,0.000000,0.000000,0.000000,0.000000,0.000000,0.000000,0.000000,0.000000,0.000000,0,0,0,0
"21,62",0,98536,0,0,76,4,99999,99999,99999,99999,99999,99999,0.000000,0.000000,0.000000,0.000000,0.000000,0.000000,0.000000,0.000000,0.000000,0.000000,0.000000,0.000000,0.000000,0.000000,0,0,0,0
"21,63",0,98536,0,0,78,4,99999,99999,99999,99999,99999,99999,0.000000,0.000000,0.000000,0.000000,0.000000,0.000000,0.000000,0.000000,0.000000,0.000000,0.000000,0.000000,0.000000,0.000000,0,0,0,0
"21,64",0,98536,0,0,65,4,99999,99999,99999,99999,99999,99999,0.000000,0.000000,0.000000,0.000000,0.000000,0.000000,0.000000,0.000000,0.000000,0.000000,0.000000,0.000000,0.000000,0.000000,0,0,0,0
"21,65",0,98536,0,0,68,4,99999,99999,99999,99999,99999,99999,0.000000,0.000000,0.000000,0.000000,0.000000,0.000000,0.000000,0.000000,0.000000,0.000000,0.000000,0.000000,0.000000,0.000000,0,0,0,0
"21,66",0,98536,0,0,69,4,99999,99999,99999,99999,99999,99999,0.000000,0.000000,0.000000,0.000000,0.000000,0.000000,0.000000,0.000000,0.000000,0.000000,0.000000,0.000000,0.000000,0.000000,0,0,0,0
"21,67",0,98536,0,0,77,4,99999,99999,99999,99999,99999,99999,0.000000,0.000000,0.000000,0.000000,0.000000,0.000000,0.000000,0.000000,0.000000,0.000000,0.000000,0.000000,0.000000,0.000000,0,0,0,0
"21,68",0,98536,0,0,8,4,99999,99999,99999,99999,99999,99999,0.000000,0.000000,0.000000,0.000000,0.000000,0.000000,0.000000,0.000000,0.000000,0.000000,0.000000,0.000000,0.000000,0.000000,0,0,0,0
"21,69",0,98536,0,0,7,4,99999,99999,99999,99999,99999,99999,0.000000,0.000000,0.000000,0.000000,0.000000,0.000000,0.000000,0.000000,0.000000,0.000000,0.000000,0.000000,0.000000,0.000000,0,0,0,0
"21,70",0,98536,0,0,8,4,99999,99999,99999,99999,99999,99999,0.000000,0.000000,0.000000,0.000000,0.000000,0.000000,0.000000,0.000000,0.000000,0.000000,0.000000,0.000000,0.000000,0.000000,0,0,0,0
"21,71",0,98536,0,0,9,4,99999,99999,99999,99999,99999,99999,0.000000,0.000000,0.000000,0.000000,0.000000,0.000000,0.000000,0.000000,0.000000,0.000000,0.000000,0.000000,0.000000,0.000000,0,0,0,0
"21,72",0,98536,0,0,8,4,99999,99999,99999,99999,99999,99999,0.000000,0.000000,0.000000,0.000000,0.000000,0.000000,0.000000,0.000000,0.000000,0.000000,0.000000,0.000000,0.000000,0.000000,0,0,0,0
"21,73",0,98536,0,0,7,4,99999,99999,99999,99999,99999,99999,0.000000,0.000000,0.000000,0.000000,0.000000,0.000000,0.000000,0.000000,0.000000,0.000000,0.000000,0.000000,0.000000,0.000000,0,0,0,0
"21,74",0,98536,0,0,8,4,99999,99999,99999,99999,99999,99999,0.000000,0.000000,0.000000,0.000000,0.000000,0.000000,0.000000,0.000000,0.000000,0.000000,0.000000,0.000000,0.000000,0.000000,0,0,0,0
"22,1",43,98505,9,1,1036,2,9,342,453,0,4,7,0.850000,0.144444,0.005556,0.000000,0.000000,0.000000,0.000000,0.802575,0.171674,0.025751,0.000000,0.000000,0.000000,0.000000,27336,179,316,136
"22,2",48,98475,9,1,1031,2,12,504,654,0,4,7,0.755556,0.183333,0.061111,0.000000,0.000000,0.000000,0.000000,0.775785,0.183857,0.040359,0.000000,0.000000,0.000000,0.000000,25678,169,348,168
"22,3",39,98772,10,1,1016,2,10,251,548,0,4,6,0.872222,0.111111,0.016667,0.000000,0.000000,0.000000,0.000000,0.861345,0.121849,0.016807,0.000000,0.000000,0.000000,0.000000,26991,177,298,119
"22,4",45,99071,10,1,1040,2,19,533,748,0,4,5,0.697917,0.203125,0.098958,0.000000,0.000000,0.000000,0.000000,0.848341,0.132701,0.018957,0.000000,0.000000,0.000000,0.000000,26610,173,339,153
"22,5",48,99385,10,1,1035,2,10,401,522,0,4,6,0.844444,0.122222,0.033333,0.000000,0.000000,0.000000,0.000000,0.820513,0.158120,0.017094,0.004274,0.000000,0.000000,0.000000,26774,174,347,167
"22,6",44,99657,10,1,1038,2,11,238,444,0,4,5,0.894444,0.100000,0.005556,0.000000,0.000000,0.000000,0.000000,0.801587,0.174603,0.023810,0.000000,0.000000,0.000000,0.000000,27336,179,322,142
"22,7",40,99898,10,1,1038,2,13,412,493,0,4,5,0.770053,0.219251,0.010695,0.000000,0.000000,0.000000,0.000000,0.813084,0.158879,0.028037,0.000000,0.000000,0.000000,0.000000,28283,185,311,127
"22,8",40,100371,11,1,1046,1,42,561,787,0,4,6,0.605556,0.227778,0.166667,0.000000,0.000000,0.000000,0.000000,0.797468,0.158228,0.031646,0.012658,0.000000,0.000000,0.000000,23095,150,272,109
"22,9",49,100936,11,1,1036,2,128,778,1125,0,4,8,0.491713,0.237569,0.232044,0.038674,0.000000,0.000000,0.000000,0.721854,0.231788,0.046358,0.000000,0.000000,0.000000,0.000000,19931,132,316,158
"22,10",39,101409,11,1,1037,2,11,216,314,0,4,4,0.877778,0.122222,0.000000,0.000000,0.000000,0.000000,0.000000,0.800813,0.195122,0.004065,0.000000,0.000000,0.000000,0.000000,27495,180,300,120
"22,11",46,101893,11,1,1035,2,14,410,600,0,4,6,0.811111,0.155556,0.033333,0.000000,0.000000,0.000000,0.000000,0.813333,0.173333,0.013333,0.000000,0.000000,0.000000,0.000000,26634,174,335,155
"22,12",42,102341,11,1,1041,2,11,381,659,0,4,6,0.855556,0.111111,0.033333,0.000000,0.000000,0.000000,0.000000,0.789030,0.189873,0.021097,0.000000,0.000000,0.000000,0.000000,26583,174,310,133
"22,13",45,102504,10,1,1033,2,18,563,744,0,4,5,0.744444,0.177778,0.077778,0.000000,0.000000,0.000000,0.000000,0.768559,0.196507,0.034934,0.000000,0.000000,0.000000,0.000000,25448,166,327,148
"22,14",43,102659,10,1,1036,2,11,229,395,0,4,7,0.866667,0.133333,0.000000,0.000000,0.000000,0.000000,0.000000,0.786026,0.187773,0.026201,0.000000,0.000000,0.000000,0.000000,27495,180,320,140
"22,15",40,102799,10,1,1036,2,9,153,268,0,4,7,0.911111,0.088889,0.000000,0.000000,0.000000,0.000000,0.000000,0.821577,0.149378,0.024896,0.004149,0.000000,0.000000,0.000000,27495,180,305,125
"22,16",39,102942,10,1,1035,2,9,271,448,0,4,5,0.881081,0.113514,0.005405,0.000000,0.000000,0.000000,0.000000,0.850806,0.133065,0.016129,0.000000,0.000000,0.000000,0.000000,28157,184,304,121
"22,17",43,103074,10,1,1031,2,19,566,722,0,4,5,0.711111,0.150000,0.138889,0.000000,0.000000,0.000000,0.000000,0.766169,0.208955,0.024876,0.000000,0.000000,0.000000,0.000000,23826,155,316,138
"22,18",42,102969,9,1,1041,2,9,139,222,0,4,6,0.927778,0.072222,0.000000,0.000000,0.000000,0.000000,0.000000,0.777328,0.186235,0.032389,0.004049,0.000000,0.000000,0.000000,27495,180,312,132
"22,19",44,102866,9,1,1037,2,18,530,542,0,4,5,0.723757,0.143646,0.121547,0.011050,0.000000,0.000000,0.000000,0.755981,0.200957,0.038278,0.004785,0.000000,0.000000,0.000000,24146,157,304,135
"22,20",38,102772,9,1,1028,2,8,143,212,0,4,8,0.927778,0.072222,0.000000,0.000000,0.000000,0.000000,0.000000,0.836000,0.136000,0.024000,0.004000,0.000000,0.000000,0.000000,27495,180,294,114
"22,21",46,102669,9,1,1030,2,12,375,501,0,4,8,0.805556,0.177778,0.016667,0.000000,0.000000,0.000000,0.000000,0.768595,0.185950,0.041322,0.004132,0.000000,0.000000,0.000000,27060,177,335,156
"22,22",40,102578,9,1,1042,2,11,324,485,0,4,8,0.833333,0.155556,0.011111,0.000000,0.000000,0.000000,0.000000,0.752174,0.208696,0.034783,0.004348,0.000000,0.000000,0.000000,27185,178,303,123
"22,23",43,102492,9,1,1046,2,22,531,806,0,4,7,0.700000,0.183333,0.116667,0.000000,0.000000,0.000000,0.000000,0.764706,0.187166,0.042781,0.005348,0.000000,0.000000,0.000000,24445,159,299,131
"22,24",43,102402,9,1,1035,2,10,82,168,0,5,9,0.955556,0.044444,0.000000,0.000000,0.000000,0.000000,0.000000,0.767273,0.174545,0.043636,0.014545,0.000000,0.000000,0.000000,27495,180,321,141
"22,25",43,102316,9,1,1033,2,10,127,234,0,4,5,0.916667,0.083333,0.000000,0.000000,0.000000,0.000000,0.000000,0.823970,0.146067,0.029963,0.000000,0.000000,0.000000,0.000000,27495,180,318,138
"22,26",38,102240,9,1,1034,2,12,163,325,0,5,8,0.895028,0.104972,0.000000,0.000000,0.000000,0.000000,0.000000,0.795181,0.148594,0.048193,0.008032,0.000000,0.000000,0.000000,27561,181,296,115
"22,27",50,102150,9,1,1030,2,13,209,383,0,4,8,0.872222,0.127778,0.000000,0.000000,0.000000,0.000000,0.000000,0.767176,0.198473,0.026718,0.007634,0.000000,0.000000,0.000000,27495,180,364,184
"22,28",38,102078,9,1,1038,2,11,173,325,0,4,6,0.912088,0.087912,0.000000,0.000000,0.000000,0.000000,0.000000,0.826613,0.141129,0.032258,0.000000,0.000000,0.000000,0.000000,27777,182,293,112
"22,29",41,102006,9,1,1037,2,11,135,187,0,4,6,0.922222,0.077778,0.000000,0.000000,0.000000,0.000000,0.000000,0.790076,0.183206,0.026718,0.000000,0.000000,0.000000,0.000000,27495,180,310,130
"22,30",38,101811,8,1,1036,2,13,540,652,0,4,8,0.809783,0.048913,0.130435,0.010870,0.000000,0.000000,0.000000,0.805556,0.162037,0.027778,0.004630,0.000000,0.000000,0.000000,23926,158,272,104
"22,31",44,101589,8,1,1025,2,8,159,269,0,4,5,0.911111,0.088889,0.000000,0.000000,0.000000,0.000000,0.000000,0.800000,0.181481,0.018519,0.000000,0.000000,0.000000,0.000000,27495,180,323,143
"22,32",47,101353,8,1,1036,2,14,272,453,0,4,7,0.855556,0.138889,0.005556,0.000000,0.000000,0.000000,0.000000,0.772727,0.193182,0.034091,0.000000,0.000000,0.000000,0.000000,27365,179,345,165
"22,33",43,100936,7,1,1033,2,12,427,556,0,4,6,0.855556,0.100000,0.044444,0.000000,0.000000,0.000000,0.000000,0.783465,0.192913,0.023622,0.000000,0.000000,0.000000,0.000000,26273,172,309,135
"22,34",44,100513,7,1,1039,2,12,408,530,0,4,6,0.811111,0.150000,0.038889,0.000000,0.000000,0.000000,0.000000,0.764957,0.205128,0.029915,0.000000,0.000000,0.000000,0.000000,26399,173,320,144
"22,35",42,100121,7,1,1040,2,13,504,583,0,4,5,0.755556,0.183333,0.061111,0.000000,0.000000,0.000000,0.000000,0.789720,0.196262,0.014019,0.000000,0.000000,0.000000,0.000000,26048,169,306,129
"22,36",0,100121,0,0,969,4,99999,99999,99999,99999,99999,99999,0.000000,0.000000,0.000000,0.000000,0.000000,0.000000,0.000000,0.000000,0.000000,0.000000,0.000000,0.000000,0.000000,0.000000,0,0,0,0
"22,37",0,100121,0,0,966,4,99999,99999,99999,99999,99999,99999,0.000000,0.000000,0.000000,0.000000,0.000000,0.000000,0.000000,0.000000,0.000000,0.000000,0.000000,0.000000,0.000000,0.000000,0,0,0,0
"22,38",0,100121,0,0,972,4,99999,99999,99999,99999,99999,99999,0.000000,0.000000,0.000000,0.000000,0.000000,0.000000,0.000000,0.000000,0.000000,0.000000,0.000000,0.000000,0.000000,0.000000,0,0,0,0
"22,39",0,100121,0,0,972,4,99999,99999,99999,99999,99999,99999,0.000000,0.000000,0.000000,0.000000,0.000000,0.000000,0.000000,0.000000,0.000000,0.000000,0.000000,0.000000,0.000000,0.000000,0,0,0,0
"22,40",0,100121,0,0,963,4,99999,99999,99999,99999,99999,99999,0.000000,0.000000,0.000000,0.000000,0.000000,0.000000,0.000000,0.000000,0.000000,0.000000,0.000000,0.000000,0.000000,0.000000,0,0,0,0
"22,41",0,100121,0,0,971,4,99999,99999,99999,99999,99999,99999,0.000000,0.000000,0.000000,0.000000,0.000000,0.000000,0.000000,0.000000,0.000000,0.000000,0.000000,0.000000,0.000000,0.000000,0,0,0,0
"22,42",0,100121,0,0,972,4,99999,99999,99999,99999,99999,99999,0.000000,0.000000,0.000000,0.000000,0.000000,0.000000,0.000000,0.000000,0.000000,0.000000,0.000000,0.000000,0.000000,0.000000,0,0,0,0
"22,43",0,100121,0,0,971,4,99999,99999,99999,99999,99999,99999,0.000000,0.000000,0.000000,0.000000,0.000000,0.000000,0.000000,0.000000,0.000000,0.000000,0.000000,0.000000,0.000000,0.000000,0,0,0,0
"22,44",0,100121,0,0,973,4,99999,99999,99999,99999,99999,99999,0.000000,0.000000,0.000000,0.000000,0.000000,0.000000,0.000000,0.000000,0.000000,0.000000,0.000000,0.000000,0.000000,0.000000,0,0,0,0
"22,45",0,100121,0,0,969,4,99999,99999,99999,99999,99999,99999,0.000000,0.000000,0.000000,0.000000,0.000000,0.000000,0.000000,0.000000,0.000000,0.000000,0.000000,0.000000,0.000000,0.000000,0,0,0,0
"22,46",0,100121,0,0,979,4,99999,99999,99999,99999,99999,99999,0.000000,0.000000,0.000000,0.000000,0.000000,0.000000,0.000000,0.000000,0.000000,0.000000,0.000000,0.000000,0.000000,0.000000,0,0,0,0
"22,47",0,100121,0,0,980,4,99999,99999,99999,99999,99999,99999,0.000000,0.000000,0.000000,0.000000,0.000000,0.000000,0.000000,0.000000,0.000000,0.000000,0.000000,0.000000,0.000000,0.000000,0,0,0,0
"22,48",0,100121,0,0,971,4,99999,99999,99999,99999,99999,99999,0.000000,0.000000,0.000000,0.000000,0.000000,0.000000,0.000000,0.000000,0.000000,0.000000,0.000000,0.000000,0.000000,0.000000,0,0,0,0
"22,49",0,100121,0,0,971,4,99999,99999,99999,99999,99999,99999,0.000000,0.000000,0.000000,0.000000,0.000000,0.000000,0.000000,0.000000,0.000000,0.000000,0.000000,0.000000,0.000000,0.000000,0,0,0,0
"22,50",0,100121,0,0,962,4,99999,99999,99999,99999,99999,99999,0.000000,0.000000,0.000000,0.000000,0.000000,0.000000,0.000000,0.000000,0.000000,0.000000,0.000000,0.000000,0.000000,0.000000,0,0,0,0
"22,51",0,100121,0,0,969,4,99999,99999,99999,99999,99999,99999,0.000000,0.000000,0.000000,0.000000,0.000000,0.000000,0.000000,0.000000,0.000000,0.000000,0.000000,0.000000,0.000000,0.000000,0,0,0,0
"22,52",0,100121,0,0,963,4,99999,99999,99999,99999,99999,99999,0.000000,0.000000,0.000000,0.000000,0.000000,0.000000,0.000000,0.000000,0.000000,0.000000,0.000000,0.000000,0.000000,0.000000,0,0,0,0
"22,53",0,100121,0,0,978,4,99999,99999,99999,99999,99999,99999,0.000000,0.000000,0.000000,0.000000,0.000000,0.000000,0.000000,0.000000,0.000000,0.000000,0.000000,0.000000,0.000000,0.000000,0,0,0,0
"22,54",0,100121,0,0,967,4,99999,99999,99999,99999,99999,99999,0.000000,0.000000,0.000000,0.000000,0.000000,0.000000,0.000000,0.000000,0.000000,0.000000,0.000000,0.000000,0.000000,0.000000,0,0,0,0
"22,55",0,100121,0,0,971,4,99999,99999,99999,99999,99999,99999,0.000000,0.000000,0.000000,0.000000,0.000000,0.000000,0.000000,0.000000,0.000000,0.000000,0.000000,0.000000,0.000000,0.000000,0,0,0,0
"22,56",0,100121,0,0,972,4,99999,99999,99999,99999,99999,99999,0.000000,0.000000,0.000000,0.000000,0.000000,0.000000,0.000000,0.000000,0.000000,0.000000,0.000000,0.000000,0.000000,0.000000,0,0,0,0
"22,57",0,100121,0,0,995,4,99999,99999,99999,99999,99999,99999,0.000000,0.000000,0.000000,0.000000,0.000000,0.000000,0.000000,0.000000,0.000000,0.000000,0.000000,0.000000,0.000000,0.000000,0,0,0,0
"22,58",0,100121,0,0,70,4,99999,99999,99999,99999,99999,99999,0.000000,0.000000,0.000000,0.000000,0.000000,0.000000,0.000000,0.000000,0.000000,0.000000,0.000000,0.000000,0.000000,0.000000,0,0,0,0
"22,59",0,100121,0,0,75,4,99999,99999,99999,99999,99999,99999,0.000000,0.000000,0.000000,0.000000,0.000000,0.000000,0.000000,0.000000,0.000000,0.000000,0.000000,0.000000,0.000000,0.000000,0,0,0,0
"22,60",0,100121,0,0,70,4,99999,99999,99999,99999,99999,99999,0.000000,0.000000,0.000000,0.000000,0.000000,0.000000,0.000000,0.000000,0.000000,0.000000,0.000000,0.000000,0.000000,0.000000,0,0,0,0
"22,61",0,100121,0,0,80,4,99999,99999,99999,99999,99999,99999,0.000000,0.000000,0.000000,0.000000,0.000000,0.000000,0.000000,0.000000,0.000000,0.000000,0.000000,0.000000,0.000000,0.000000,0,0,0,0
"22,62",0,100121,0,0,71,4,99999,99999,99999,99999,99999,99999,0.000000,0.000000,0.000000,0.000000,0.000000,0.000000,0.000000,0.000000,0.000000,0.000000,0.000000,0.000000,0.000000,0.000000,0,0,0,0
"22,63",0,100121,0,0,71,4,99999,99999,99999,99999,99999,99999,0.000000,0.000000,0.000000,0.000000,0.000000,0.000000,0.000000,0.000000,0.000000,0.000000,0.000000,0.000000,0.000000,0.000000,0,0,0,0
"22,64",0,100121,0,0,74,4,99999,99999,99999,99999,99999,99999,0.000000,0.000000,0.000000,0.000000,0.000000,0.000000,0.000000,0.000000,0.000000,0.000000,0.000000,0.000000,0.000000,0.000000,0,0,0,0
"22,65",0,100121,0,0,77,4,99999,99999,99999,99999,99999,99999,0.000000,0.000000,0.000000,0.000000,0.000000,0.000000,0.000000,0.000000,0.000000,0.000000,0.000000,0.000000,0.000000,0.000000,0,0,0,0
"22,66",0,100121,0,0,79,4,99999,99999,99999,99999,99999,99999,0.000000,0.000000,0.000000,0.000000,0.000000,0.000000,0.000000,0.000000,0.000000,0.000000,0.000000,0.000000,0.000000,0.000000,0,0,0,0
"22,67",0,100121,0,0,72,4,99999,99999,99999,99999,99999,99999,0.000000,0.000000,0.000000,0.000000,0.000000,0.000000,0.000000,0.000000,0.000000,0.000000,0.000000,0.000000,0.000000,0.000000,0,0,0,0
"22,68",0,100121,0,0,70,4,99999,99999,99999,99999,99999,99999,0.000000,0.000000,0.000000,0.000000,0.000000,0.000000,0.000000,0.000000,0.000000,0.000000,0.000000,0.000000,0.000000,0.000000,0,0,0,0
"22,69",0,100121,0,0,8,4,99999,99999,99999,99999,99999,99999,0.000000,0.000000,0.000000,0.000000,0.000000,0.000000,0.000000,0.000000,0.000000,0.000000,0.000000,0.000000,0.000000,0.000000,0,0,0,0
"22,70",0,100121,0,0,7,4,99999,99999,99999,99999,99999,99999,0.000000,0.000000,0.000000,0.000000,0.000000,0.000000,0.000000,0.000000,0.000000,0.000000,0.000000,0.000000,0.000000,0.000000,0,0,0,0
"22,71",0,100121,0,0,8,4,99999,99999,99999,99999,99999,99999,0.000000,0.000000,0.000000,0.000000,0.000000,0.000000,0.000000,0.000000,0.000000,0.000000,0.000000,0.000000,0.000000,0.000000,0,0,0,0
"22,72",0,100121,0,0,8,4,99999,99999,99999,99999,99999,99999,0.000000,0.000000,0.000000,0.000000,0.000000,0.000000,0.000000,0.000000,0.000000,0.000000,0.000000,0.000000,0.000000,0.000000,0,0,0,0
"22,73",0,100121,0,0,8,4,99999,99999,99999,99999,99999,99999,0.000000,0.000000,0.000000,0.000000,0.000000,0.000000,0.000000,0.000000,0.000000,0.000000,0.000000,0.000000,0.000000,0.000000,0,0,0,0
"22,74",0,100121,0,0,8,4,99999,99999,99999,99999,99999,99999,0.000000,0.000000,0.000000,0.000000,0.000000,0.000000,0.000000,0.000000,0.000000,0.000000,0.000000,0.000000,0.000000,0.000000,0,0,0,0
"23,1",44,109688,10,1,1038,2,26,540,649,0,4,5,0.672222,0.188889,0.138889,0.000000,0.000000,0.000000,0.000000,0.794595,0.167568,0.032432,0.005405,0.000000,0.000000,0.000000,23846,155,289,128
"23,2",38,109688,10,1,1041,1,22,556,715,0,4,6,0.650000,0.211111,0.127778,0.011111,0.000000,0.000000,0.000000,0.804734,0.165680,0.029586,0.000000,0.000000,0.000000,0.000000,23605,155,273,106
"23,3",48,109688,10,1,1038,2,24,520,719,0,4,5,0.705556,0.211111,0.083333,0.000000,0.000000,0.000000,0.000000,0.808411,0.168224,0.023364,0.000000,0.000000,0.000000,0.000000,25212,165,329,158
"23,4",47,109688,10,1,1029,2,13,141,254,0,4,7,0.911111,0.083333,0.005556,0.000000,0.000000,0.000000,0.000000,0.772727,0.196970,0.030303,0.000000,0.000000,0.000000,0.000000,27313,179,346,166
"23,5",43,111802,11,1,1040,1,79,553,672,0,4,5,0.516667,0.233333,0.250000,0.000000,0.000000,0.000000,0.000000,0.783133,0.198795,0.012048,0.006024,0.000000,0.000000,0.000000,20530,135,268,116
"23,6",37,113376,11,1,1041,2,8,85,147,0,4,8,0.966667,0.033333,0.000000,0.000000,0.000000,0.000000,0.000000,0.790076,0.164122,0.038168,0.007634,0.000000,0.000000,0.000000,27495,180,286,106
"23,7",41,114521,11,1,1044,2,28,538,949,0,4,6,0.694444,0.188889,0.100000,0.016667,0.000000,0.000000,0.000000,0.705882,0.264706,0.029412,0.000000,0.000000,0.000000,0.000000,24322,159,288,120
"23,8",44,115478,11,1,1036,2,11,180,278,0,4,8,0.883333,0.116667,0.000000,0.000000,0.000000,0.000000,0.000000,0.799228,0.166023,0.023166,0.011583,0.000000,0.000000,0.000000,27495,180,322,142
"23,9",40,116174,11,1,1036,2,10,369,467,0,4,8,0.820225,0.168539,0.011236,0.000000,0.000000,0.000000,0.000000,0.814159,0.137168,0.048673,0.000000,0.000000,0.000000,0.000000,26884,176,298,122
"23,10",39,116711,11,1,1045,2,13,518,810,0,4,8,0.781421,0.142077,0.071038,0.005464,0.000000,0.000000,0.000000,0.827907,0.134884,0.027907,0.009302,0.000000,0.000000,0.000000,25951,169,285,113
"23,11",39,117170,11,1,1040,2,11,183,331,0,4,7,0.872928,0.127072,0.000000,0.000000,0.000000,0.000000,0.000000,0.780488,0.178862,0.036585,0.004065,0.000000,0.000000,0.000000,27659,181,297,117
"23,12",43,117578,11,1,1033,2,10,350,508,0,4,8,0.844444,0.133333,0.022222,0.000000,0.000000,0.000000,0.000000,0.799127,0.157205,0.039301,0.004367,0.000000,0.000000,0.000000,26868,176,319,140
"23,13",36,117891,11,1,1033,2,8,73,135,0,4,7,0.972222,0.027778,0.000000,0.000000,0.000000,0.000000,0.000000,0.785992,0.186770,0.023346,0.003891,0.000000,0.000000,0.000000,27495,180,283,103
"23,14",40,118175,11,1,1036,2,10,212,505,0,4,6,0.922222,0.055556,0.022222,0.000000,0.000000,0.000000,0.000000,0.780220,0.194139,0.014652,0.010989,0.000000,0.000000,0.000000,26905,176,303,123
"23,15",40,118416,11,1,1037,2,9,208,374,0,4,8,0.911111,0.088889,0.000000,0.000000,0.000000,0.000000,0.000000,0.800813,0.174797,0.020325,0.004065,0.000000,0.000000,0.000000,27495,180,302,122
"23,16",45,117825,10,1,1033,2,19,455,569,0,4,6,0.732240,0.229508,0.038251,0.000000,0.000000,0.000000,0.000000,0.816514,0.151376,0.032110,0.000000,0.000000,0.000000,0.000000,26915,176,330,150
"23,17",46,117303,10,1,1037,2,12,432,513,0,4,6,0.781421,0.185792,0.032787,0.000000,0.000000,0.000000,0.000000,0.790909,0.177273,0.022727,0.009091,0.000000,0.000000,0.000000,27109,177,336,156
"23,18",42,116873,10,1,1035,2,12,420,541,0,4,5,0.800000,0.155556,0.044444,0.000000,0.000000,0.000000,0.000000,0.804444,0.173333,0.017778,0.004444,0.000000,0.000000,0.000000,26358,172,305,130
"23,19",45,116469,10,1,1041,2,12,347,503,0,4,8,0.838889,0.144444,0.016667,0.000000,0.000000,0.000000,0.000000,0.769874,0.192469,0.029289,0.008368,0.000000,0.000000,0.000000,26972,177,330,150
"23,20",44,115485,9,1,1025,2,8,71,112,0,4,5,0.966667,0.033333,0.000000,0.000000,0.000000,0.000000,0.000000,0.845018,0.125461,0.029520,0.000000,0.000000,0.000000,0.000000,27495,180,324,144
"23,21",36,114763,9,1,1036,2,11,588,716,0,4,5,0.745856,0.121547,0.132597,0.000000,0.000000,0.000000,0.000000,0.800000,0.175000,0.025000,0.000000,0.000000,0.000000,0.000000,24036,157,255,93
"23,22",40,113983,9,1,1033,2,9,149,362,0,4,6,0.927778,0.072222,0.000000,0.000000,0.000000,0.000000,0.000000,0.785441,0.183908,0.030651,0.000000,0.000000,0.000000,0.000000,27495,180,302,122
"23,23",44,113219,9,1,1038,2,12,304,509,0,4,10,0.877778,0.105556,0.016667,0.000000,0.000000,0.000000,0.000000,0.769841,0.190476,0.019841,0.015873,0.003968,0.000000,0.000000,27012,177,326,146
"23,24",37,112600,9,1,1044,2,9,120,266,0,4,8,0.938889,0.061111,0.000000,0.000000,0.000000,0.000000,0.000000,0.795181,0.164659,0.032129,0.004016,0.004016,0.000000,0.000000,27495,180,290,110
"23,25",37,112008,9,1,1035,2,8,108,182,0,4,6,0.938889,0.061111,0.000000,0.000000,0.000000,0.000000,0.000000,0.802372,0.169960,0.027668,0.000000,0.000000,0.000000,0.000000,27495,180,287,107
"23,26",41,111521,9,1,1027,2,15,510,544,0,4,5,0.759259,0.166667,0.074074,0.000000,0.000000,0.000000,0.000000,0.764398,0.219895,0.015707,0.000000,0.000000,0.000000,0.000000,22658,150,258,106
"23,27",37,111026,9,1,1029,2,9,61,90,0,4,8,0.988889,0.011111,0.000000,0.000000,0.000000,0.000000,0.000000,0.837037,0.129630,0.022222,0.011111,0.000000,0.000000,0.000000,27495,180,286,106
"23,28",44,110508,9,1,1037,2,14,339,483,0,4,7,0.788889,0.200000,0.011111,0.000000,0.000000,0.000000,0.000000,0.783186,0.181416,0.035398,0.000000,0.000000,0.000000,0.000000,27136,178,326,146
"23,29",41,110069,9,1,1043,2,11,174,233,0,4,7,0.883333,0.116667,0.000000,0.000000,0.000000,0.000000,0.000000,0.752033,0.211382,0.028455,0.008130,0.000000,0.000000,0.000000,27495,180,307,127
"23,30",46,109606,9,1,1036,2,16,267,445,0,4,8,0.816667,0.177778,0.005556,0.000000,0.000000,0.000000,0.000000,0.762097,0.201613,0.036290,0.000000,0.000000,0.000000,0.000000,27324,179,337,157
"23,31",39,108942,8,1,1033,2,10,240,761,0,4,5,0.905556,0.055556,0.038889,0.000000,0.000000,0.000000,0.000000,0.805556,0.178571,0.015873,0.000000,0.000000,0.000000,0.000000,26343,173,288,113
"23,32",39,108289,8,1,1038,2,13,244,489,0,4,8,0.855556,0.133333,0.011111,0.000000,0.000000,0.000000,0.000000,0.789916,0.184874,0.025210,0.000000,0.000000,0.000000,0.000000,27268,178,296,116
"23,33",42,107174,7,1,1032,2,9,337,498,0,4,6,0.844444,0.144444,0.011111,0.000000,0.000000,0.000000,0.000000,0.811966,0.162393,0.025641,0.000000,0.000000,0.000000,0.000000,27197,178,314,134
"23,34",37,106266,7,1,1037,2,11,504,544,0,4,8,0.850000,0.088889,0.061111,0.000000,0.000000,0.000000,0.000000,0.826484,0.146119,0.022831,0.004566,0.000000,0.000000,0.000000,25722,169,277,105
"23,35",46,105265,7,1,1033,2,15,437,517,0,4,8,0.831461,0.129213,0.039326,0.000000,0.000000,0.000000,0.000000,0.789474,0.186235,0.024291,0.000000,0.000000,0.000000,0.000000,25961,171,328,153
"23,36",0,105265,0,0,975,4,99999,99999,99999,99999,99999,99999,0.000000,0.000000,0.000000,0.000000,0.000000,0.000000,0.000000,0.000000,0.000000,0.000000,0.000000,0.000000,0.000000,0.000000,0,0,0,0
"23,37",0,105265,0,0,963,4,99999,99999,99999,99999,99999,99999,0.000000,0.000000,0.000000,0.000000,0.000000,0.000000,0.000000,0.000000,0.000000,0.000000,0.000000,0.000000,0.000000,0.000000,0,0,0,0
"23,38",0,105265,0,0,959,4,99999,99999,99999,99999,99999,99999,0.000000,0.000000,0.000000,0.000000,0.000000,0.000000,0.000000,0.000000,0.000000,0.000000,0.000000,0.000000,0.000000,0.000000,0,0,0,0
"23,39",0,105265,0,0,966,4,99999,99999,99999,99999,99999,99999,0.000000,0.000000,0.000000,0.000000,0.000000,0.000000,0.000000,0.000000,0.000000,0.000000,0.000000,0.000000,0.000000,0.000000,0,0,0,0
"23,40",0,105265,0,0,979,4,99999,99999,99999,99999,99999,99999,0.000000,0.000000,0.000000,0.000000,0.000000,0.000000,0.000000,0.000000,0.000000,0.000000,0.000000,0.000000,0.000000,0.000000,0,0,0,0
"23,41",0,105265,0,0,969,4,99999,99999,99999,99999,99999,99999,0.000000,0.000000,0.000000,0.000000,0.000000,0.000000,0.000000,0.000000,0.000000,0.000000,0.000000,0.000000,0.000000,0.000000,0,0,0,0
"23,42",0,105265,0,0,968,4,99999,99999,99999,99999,99999,99999,0.000000,0.000000,0.000000,0.000000,0.000000,0.000000,0.000000,0.000000,0.000000,0.000000,0.000000,0.000000,0.000000,0.000000,0,0,0,0
"23,43",0,105265,0,0,973,4,99999,99999,99999,99999,99999,99999,0.000000,0.000000,0.000000,0.000000,0.000000,0.000000,0.000000,0.000000,0.000000,0.000000,0.000000,0.000000,0.000000,0.000000,0,0,0,0
"23,44",0,105265,0,0,982,4,99999,99999,99999,99999,99999,99999,0.000000,0.000000,0.000000,0.000000,0.000000,0.000000,0.000000,0.000000,0.000000,0.000000,0.000000,0.000000,0.000000,0.000000,0,0,0,0
"23,45",0,105265,0,0,963,4,99999,99999,99999,99999,99999,99999,0.000000,0.000000,0.000000,0.000000,0.000000,0.000000,0.000000,0.000000,0.000000,0.000000,0.000000,0.000000,0.000000,0.000000,0,0,0,0
"23,46",0,105265,0,0,976,4,99999,99999,99999,99999,99999,99999,0.000000,0.000000,0.000000,0.000000,0.000000,0.000000,0.000000,0.000000,0.000000,0.000000,0.000000,0.000000,0.000000,0.000000,0,0,0,0
"23,47",0,105265,0,0,976,4,99999,99999,99999,99999,99999,99999,0.000000,0.000000,0.000000,0.000000,0.000000,0.000000,0.000000,0.000000,0.000000,0.000000,0.000000,0.000000,0.000000,0.000000,0,0,0,0
"23,48",0,105265,0,0,983,4,99999,99999,99999,99999,99999,99999,0.000000,0.000000,0.000000,0.000000,0.000000,0.000000,0.000000,0.000000,0.000000,0.000000,0.000000,0.000000,0.000000,0.000000,0,0,0,0
"23,49",0,105265,0,0,970,4,99999,99999,99999,99999,99999,99999,0.000000,0.000000,0.000000,0.000000,0.000000,0.000000,0.000000,0.000000,0.000000,0.000000,0.000000,0.000000,0.000000,0.000000,0,0,0,0
"23,50",0,105265,0,0,974,4,99999,99999,99999,99999,99999,99999,0.000000,0.000000,0.000000,0.000000,0.000000,0.000000,0.000000,0.000000,0.000000,0.000000,0.000000,0.000000,0.000000,0.000000,0,0,0,0
"23,51",0,105265,0,0,967,4,99999,99999,99999,99999,99999,99999,0.000000,0.000000,0.000000,0.000000,0.000000,0.000000,0.000000,0.000000,0.000000,0.000000,0.000000,0.000000,0.000000,0.000000,0,0,0,0
"23,52",0,105265,0,0,967,4,99999,99999,99999,99999,99999,99999,0.000000,0.000000,0.000000,0.000000,0.000000,0.000000,0.000000,0.000000,0.000000,0.000000,0.000000,0.000000,0.000000,0.000000,0,0,0,0
"23,53",0,105265,0,0,974,4,99999,99999,99999,99999,99999,99999,0.000000,0.000000,0.000000,0.000000,0.000000,0.000000,0.000000,0.000000,0.000000,0.000000,0.000000,0.000000,0.000000,0.000000,0,0,0,0
"23,54",0,105265,0,0,983,4,99999,99999,99999,99999,99999,99999,0.000000,0.000000,0.000000,0.000000,0.000000,0.000000,0.000000,0.000000,0.000000,0.000000,0.000000,0.000000,0.000000,0.000000,0,0,0,0
"23,55",0,105265,0,0,977,4,99999,99999,99999,99999,99999,99999,0.000000,0.000000,0.000000,0.000000,0.000000,0.000000,0.000000,0.000000,0.000000,0.000000,0.000000,0.000000,0.000000,0.000000,0,0,0,0
"23,56",0,105265,0,0,968,4,99999,99999,99999,99999,99999,99999,0.000000,0.000000,0.000000,0.000000,0.000000,0.000000,0.000000,0.000000,0.000000,0.000000,0.000000,0.000000,0.000000,0.000000,0,0,0,0
"23,57",0,105265,0,0,967,4,99999,99999,99999,99999,99999,99999,0.000000,0.000000,0.000000,0.000000,0.000000,0.000000,0.000000,0.000000,0.000000,0.000000,0.000000,0.000000,0.000000,0.000000,0,0,0,0
"23,58",0,105265,0,0,73,4,99999,99999,99999,99999,99999,99999,0.000000,0.000000,0.000000,0.000000,0.000000,0.000000,0.000000,0.000000,0.000000,0.000000,0.000000,0.000000,0.000000,0.000000,0,0,0,0
"23,59",0,105265,0,0,73,4,99999,99999,99999,99999,99999,99999,0.000000,0.000000,0.000000,0.000000,0.000000,0.000000,0.000000,0.000000,0.000000,0.000000,0.000000,0.000000,0.000000,0.000000,0,0,0,0
"23,60",0,105265,0,0,69,4,99999,99999,99999,99999,99999,99999,0.000000,0.000000,0.000000,0.000000,0.000000,0.000000,0.000000,0.000000,0.000000,0.000000,0.000000,0.000000,0.000000,0.000000,0,0,0,0
"23,61",0,105265,0,0,73,4,99999,99999,99999,99999,99999,99999,0.000000,0.000000,0.000000,0.000000,0.000000,0.000000,0.000000,0.000000,0.000000,0.000000,0.000000,0.000000,0.000000,0.000000,0,0,0,0
"23,62",0,105265,0,0,72,4,99999,99999,99999,99999,99999,99999,0.000000,0.000000,0.000000,0.000000,0.000000,0.000000,0.000000,0.000000,0.000000,0.000000,0.000000,0.000000,0.000000,0.000000,0,0,0,0
"23,63",0,105265,0,0,69,4,99999,99999,99999,99999,99999,99999,0.000000,0.000000,0.000000,0.000000,0.000000,0.000000,0.000000,0.000000,0.000000,0.000000,0.000000,0.000000,0.000000,0.000000,0,0,0,0
"23,64",0,105265,0,0,68,4,99999,99999,99999,99999,99999,99999,0.000000,0.000000,0.000000,0.000000,0.000000,0.000000,0.000000,0.000000,0.000000,0.000000,0.000000,0.000000,0.000000,0.000000,0,0,0,0
"23,65",0,105265,0,0,77,4,99999,99999,99999,99999,99999,99999,0.000000,0.000000,0.000000,0.000000,0.000000,0.000000,0.000000,0.000000,0.000000,0.000000,0.000000,0.000000,0.000000,0.000000,0,0,0,0
"23,66",0,105265,0,0,71,4,99999,99999,99999,99999,99999,99999,0.000000,0.000000,0.000000,0.000000,0.000000,0.000000,0.000000,0.000000,0.000000,0.000000,0.000000,0.000000,0.000000,0.000000,0,0,0,0
"23,67",0,105265,0,0,75,4,99999,99999,99999,99999,99999,99999,0.000000,0.000000,0.000000,0.000000,0.000000,0.000000,0.000000,0.000000,0.000000,0.000000,0.000000,0.000000,0.000000,0.000000,0,0,0,0
"23,68",0,105265,0,0,70,4,99999,99999,99999,99999,99999,99999,0.000000,0.000000,0.000000,0.000000,0.000000,0.000000,0.000000,0.000000,0.000000,0.000000,0.000000,0.000000,0.000000,0.000000,0,0,0,0
"23,69",0,105265,0,0,8,4,99999,99999,99999,99999,99999,99999,0.000000,0.000000,0.000000,0.000000,0.000000,0.000000,0.000000,0.000000,0.000000,0.000000,0.000000,0.000000,0.000000,0.000000,0,0,0,0
"23,70",0,105265,0,0,8,4,99999,99999,99999,99999,99999,99999,0.000000,0.000000,0.000000,0.000000,0.000000,0.000000,0.000000,0.000000,0.000000,0.000000,0.000000,0.000000,0.000000,0.000000,0,0,0,0
"23,71",0,105265,0,0,10,4,99999,99999,99999,99999,99999,99999,0.000000,0.000000,0.000000,0.000000,0.000000,0.000000,0.000000,0.000000,0.000000,0.000000,0.000000,0.000000,0.000000,0.000000,0,0,0,0
"23,72",0,105265,0,0,9,4,99999,99999,99999,99999,99999,99999,0.000000,0.000000,0.000000,0.000000,0.000000,0.000000,0.000000,0.000000,0.000000,0.000000,0.000000,0.000000,0.000000,0.000000,0,0,0,0
"23,73",0,105265,0,0,8,4,99999,99999,99999,99999,99999,99999,0.000000,0.000000,0.000000,0.000000,0.000000,0.000000,0.000000,0.000000,0.000000,0.000000,0.000000,0.000000,0.000000,0.000000,0,0,0,0
"23,74",0,105265,0,0,7,4,99999,99999,99999,99999,99999,99999,0.000000,0.000000,0.000000,0.000000,0.000000,0.000000,0.000000,0.000000,0.000000,0.000000,0.000000,0.000000,0.000000,0.000000,0,0,0,0
"24,1",40,105386,10,1,1033,2,10,188,536,0,4,5,0.911111,0.066667,0.022222,0.000000,0.000000,0.000000,0.000000,0.819608,0.156863,0.023529,0.000000,0.000000,0.000000,0.000000,26881,176,301,123
"24,2",42,105496,10,1,1037,2,18,513,550,0,4,4,0.695187,0.192513,0.112299,0.000000,0.000000,0.000000,0.000000,0.852217,0.137931,0.009852,0.000000,0.000000,0.000000,0.000000,25132,166,291,124
"24,3",42,105951,11,1,1034,2,10,171,477,0,4,6,0.911602,0.077348,0.011050,0.000000,0.000000,0.000000,0.000000,0.810484,0.161290,0.028226,0.000000,0.000000,0.000000,0.000000,27320,179,315,135
"24,4",46,106390,11,1,1043,2,16,284,400,0,4,8,0.833333,0.161111,0.005556,0.000000,0.000000,0.000000,0.000000,0.710843,0.244980,0.036145,0.004016,0.004016,0.000000,0.000000,27326,179,336,156
"24,5",41,106762,11,1,1036,2,17,524,583,0,5,7,0.722222,0.211111,0.066667,0.000000,0.000000,0.000000,0.000000,0.757143,0.190476,0.047619,0.004762,0.000000,0.000000,0.000000,25641,168,296,122
"24,6",44,107158,11,1,1043,2,11,241,412,0,5,6,0.896175,0.098361,0.005464,0.000000,0.000000,0.000000,0.000000,0.724409,0.220472,0.055118,0.000000,0.000000,0.000000,0.000000,27779,182,329,147
"24,7",42,107515,11,1,1029,2,10,109,197,0,4,7,0.944444,0.055556,0.000000,0.000000,0.000000,0.000000,0.000000,0.786765,0.161765,0.047794,0.003676,0.000000,0.000000,0.000000,27495,180,312,132
"24,8",40,107843,11,1,1037,2,9,114,202,0,5,5,0.933333,0.066667,0.000000,0.000000,0.000000,0.000000,0.000000,0.768382,0.176471,0.055147,0.000000,0.000000,0.000000,0.000000,27495,180,303,123
"24,9",41,108163,11,1,1046,2,13,122,190,0,4,5,0.939227,0.060773,0.000000,0.000000,0.000000,0.000000,0.000000,0.747126,0.226054,0.026820,0.000000,0.000000,0.000000,0.000000,27561,181,308,127
"24,10",42,108463,11,1,1030,2,12,401,551,0,4,5,0.883333,0.077778,0.038889,0.000000,0.000000,0.000000,0.000000,0.794466,0.177866,0.027668,0.000000,0.000000,0.000000,0.000000,26325,173,303,128
"24,11",42,108773,11,1,1032,2,10,270,502,0,4,5,0.900000,0.083333,0.016667,0.000000,0.000000,0.000000,0.000000,0.799228,0.169884,0.030888,0.000000,0.000000,0.000000,0.000000,27055,177,313,134
"24,12",47,109084,11,1,1033,2,12,229,330,0,4,6,0.855556,0.144444,0.000000,0.000000,0.000000,0.000000,0.000000,0.735772,0.227642,0.032520,0.004065,0.000000,0.000000,0.000000,27495,180,341,161
"24,13",39,109336,11,1,1039,2,12,505,663,0,4,5,0.794444,0.138889,0.066667,0.000000,0.000000,0.000000,0.000000,0.802691,0.170404,0.026906,0.000000,0.000000,0.000000,0.000000,25636,168,286,112
"24,14",47,109617,11,1,1040,2,13,190,449,0,4,6,0.883333,0.105556,0.011111,0.000000,0.000000,0.000000,0.000000,0.781250,0.179688,0.039062,0.000000,0.000000,0.000000,0.000000,27199,178,345,165
"24,16",39,109853,11,1,1029,2,9,259,503,0,4,8,0.905556,0.072222,0.022222,0.000000,0.000000,0.000000,0.000000,0.821429,0.150794,0.023810,0.003968,0.000000,0.000000,0.000000,26968,176,293,115
"24,17",42,110091,11,1,1042,2,14,467,609,0,4,8,0.800000,0.150000,0.050000,0.000000,0.000000,0.000000,0.000000,0.787037,0.175926,0.032407,0.004630,0.000000,0.000000,0.000000,26214,171,307,130
"24,18",42,110085,10,1,1040,2,15,341,487,0,4,7,0.805556,0.183333,0.011111,0.000000,0.000000,0.000000,0.000000,0.807175,0.156951,0.035874,0.000000,0.000000,0.000000,0.000000,27242,178,311,131
"24,19",44,110078,10,1,1034,2,13,235,423,0,4,5,0.850000,0.144444,0.005556,0.000000,0.000000,0.000000,0.000000,0.798419,0.177866,0.023715,0.000000,0.000000,0.000000,0.000000,27345,179,324,144
"24,20",45,110070,10,1,1037,2,9,251,366,0,4,6,0.878453,0.121547,0.000000,0.000000,0.000000,0.000000,0.000000,0.815900,0.163180,0.016736,0.000000,0.004184,0.000000,0.000000,27659,181,328,148
"24,21",50,109797,9,1,1027,2,13,395,524,0,4,5,0.811828,0.155914,0.032258,0.000000,0.000000,0.000000,0.000000,0.791837,0.171429,0.032653,0.004082,0.000000,0.000000,0.000000,27446,180,367,187
"24,22",43,109570,9,1,1034,2,11,326,521,0,4,5,0.850000,0.133333,0.016667,0.000000,0.000000,0.000000,0.000000,0.827309,0.152610,0.020080,0.000000,0.000000,0.000000,0.000000,27108,177,321,141
"24,23",42,109358,9,1,1043,2,10,502,539,0,4,5,0.855556,0.088889,0.055556,0.000000,0.000000,0.000000,0.000000,0.773109,0.193277,0.033613,0.000000,0.000000,0.000000,0.000000,25837,170,307,131
"24,24",39,109167,9,1,1035,2,11,524,846,0,4,6,0.855556,0.072222,0.066667,0.005556,0.000000,0.000000,0.000000,0.770161,0.189516,0.036290,0.004032,0.000000,0.000000,0.000000,25445,167,282,112
"24,25",44,108964,9,1,1037,2,10,105,309,0,5,8,0.933702,0.066298,0.000000,0.000000,0.000000,0.000000,0.000000,0.745318,0.202247,0.048689,0.003745,0.000000,0.000000,0.000000,27659,181,322,142
"24,26",39,108786,9,1,1032,2,13,528,641,0,4,4,0.836066,0.092896,0.071038,0.000000,0.000000,0.000000,0.000000,0.800830,0.190871,0.008299,0.000000,0.000000,0.000000,0.000000,26052,170,284,113
"24,27",38,108609,9,1,1038,2,9,95,157,0,4,6,0.956044,0.043956,0.000000,0.000000,0.000000,0.000000,0.000000,0.818898,0.145669,0.035433,0.000000,0.000000,0.000000,0.000000,27725,182,293,112
"24,28",40,108435,9,1,1037,2,8,87,179,0,4,6,0.955556,0.044444,0.000000,0.000000,0.000000,0.000000,0.000000,0.772727,0.185606,0.034091,0.003788,0.003788,0.000000,0.000000,27495,180,302,122
"24,29",40,108266,9,1,1040,2,10,226,449,0,4,5,0.911602,0.082873,0.005525,0.000000,0.000000,0.000000,0.000000,0.806324,0.173913,0.019763,0.000000,0.000000,0.000000,0.000000,27494,180,305,125
"24,31",40,107948,8,1,1030,2,8,78,137,0,4,5,0.966851,0.033149,0.000000,0.000000,0.000000,0.000000,0.000000,0.793478,0.181159,0.025362,0.000000,0.000000,0.000000,0.000000,27659,181,302,122
"24,32",43,107626,8,1,1028,2,9,144,252,0,4,6,0.917127,0.082873,0.000000,0.000000,0.000000,0.000000,0.000000,0.777778,0.185185,0.033333,0.000000,0.003704,0.000000,0.000000,27659,181,318,138
"24,33",42,107317,8,1,1029,2,9,147,221,0,4,8,0.911111,0.088889,0.000000,0.000000,0.000000,0.000000,0.000000,0.806324,0.150198,0.039526,0.003953,0.000000,0.000000,0.000000,27495,180,314,134
"24,34",46,106769,7,1,1039,2,12,367,530,0,4,7,0.855556,0.111111,0.033333,0.000000,0.000000,0.000000,0.000000,0.754864,0.198444,0.042802,0.003891,0.000000,0.000000,0.000000,26586,174,330,153
"24,35",44,106254,7,1,1036,2,10,135,279,0,4,9,0.922222,0.077778,0.000000,0.000000,0.000000,0.000000,0.000000,0.763158,0.206767,0.015038,0.011278,0.003759,0.000000,0.000000,27495,180,323,143
"24,36",44,105749,7,1,1036,2,12,409,646,0,4,8,0.822222,0.133333,0.044444,0.000000,0.000000,0.000000,0.000000,0.792829,0.179283,0.019920,0.007968,0.000000,0.000000,0.000000,26230,172,321,144
"24,37",0,105749,0,0,974,4,99999,99999,99999,99999,99999,99999,0.000000,0.000000,0.000000,0.000000,0.000000,0.000000,0.000000,0.000000,0.000000,0.000000,0.000000,0.000000,0.000000,0.000000,0,0,0,0
"24,38",0,105749,0,0,979,4,99999,99999,99999,99999,99999,99999,0.000000,0.000000,0.000000,0.000000,0.000000,0.000000,0.000000,0.000000,0.000000,0.000000,0.000000,0.000000,0.000000,0.000000,0,0,0,0
"24,39",0,105749,0,0,964,4,99999,99999,99999,99999,99999,99999,0.000000,0.000000,0.000000,0.000000,0.000000,0.000000,0.000000,0.000000,0.000000,0.000000,0.000000,0.000000,0.000000,0.000000,0,0,0,0
"24,40",0,105749,0,0,969,4,99999,99999,99999,99999,99999,99999,0.000000,0.000000,0.000000,0.000000,0.000000,0.000000,0.000000,0.000000,0.000000,0.000000,0.000000,0.000000,0.000000,0.000000,0,0,0,0
"24,41",0,105749,0,0,974,4,99999,99999,99999,99999,99999,99999,0.000000,0.000000,0.000000,0.000000,0.000000,0.000000,0.000000,0.000000,0.000000,0.000000,0.000000,0.000000,0.000000,0.000000,0,0,0,0
"24,42",0,105749,0,0,984,4,99999,99999,99999,99999,99999,99999,0.000000,0.000000,0.000000,0.000000,0.000000,0.000000,0.000000,0.000000,0.000000,0.000000,0.000000,0.000000,0.000000,0.000000,0,0,0,0
"24,43",0,105749,0,0,969,4,99999,99999,99999,99999,99999,99999,0.000000,0.000000,0.000000,0.000000,0.000000,0.000000,0.000000,0.000000,0.000000,0.000000,0.000000,0.000000,0.000000,0.000000,0,0,0,0
"24,44",0,105749,0,0,978,4,99999,99999,99999,99999,99999,99999,0.000000,0.000000,0.000000,0.000000,0.000000,0.000000,0.000000,0.000000,0.000000,0.000000,0.000000,0.000000,0.000000,0.000000,0,0,0,0
"24,46",0,105749,0,0,969,4,99999,99999,99999,99999,99999,99999,0.000000,0.000000,0.000000,0.000000,0.000000,0.000000,0.000000,0.000000,0.000000,0.000000,0.000000,0.000000,0.000000,0.000000,0,0,0,0
"24,47",0,105749,0,0,979,4,99999,99999,99999,99999,99999,99999,0.000000,0.000000,0.000000,0.000000,0.000000,0.000000,0.000000,0.000000,0.000000,0.000000,0.000000,0.000000,0.000000,0.000000,0,0,0,0
"24,48",0,105749,0,0,971,4,99999,99999,99999,99999,99999,99999,0.000000,0.000000,0.000000,0.000000,0.000000,0.000000,0.000000,0.000000,0.000000,0.000000,0.000000,0.000000,0.000000,0.000000,0,0,0,0
"24,49",0,105749,0,0,980,4,99999,99999,99999,99999,99999,99999,0.000000,0.000000,0.000000,0.000000,0.000000,0.000000,0.000000,0.000000,0.000000,0.000000,0.000000,0.000000,0.000000,0.000000,0,0,0,0
"24,50",0,105749,0,0,966,4,99999,99999,99999,99999,99999,99999,0.000000,0.000000,0.000000,0.000000,0.000000,0.000000,0.000000,0.000000,0.000000,0.000000,0.000000,0.000000,0.000000,0.000000,0,0,0,0
"24,51",0,105749,0,0,983,4,99999,99999,99999,99999,99999,99999,0.000000,0.000000,0.000000,0.000000,0.000000,0.000000,0.000000,0.000000,0.000000,0.000000,0.000000,0.000000,0.000000,0.000000,0,0,0,0
"24,52",0,105749,0,0,971,4,99999,99999,99999,99999,99999,99999,0.000000,0.000000,0.000000,0.000000,0.000000,0.000000,0.000000,0.000000,0.000000,0.000000,0.000000,0.000000,0.000000,0.000000,0,0,0,0
"24,53",0,105749,0,0,966,4,99999,99999,99999,99999,99999,99999,0.000000,0.000000,0.000000,0.000000,0.000000,0.000000,0.000000,0.000000,0.000000,0.000000,0.000000,0.000000,0.000000,0.000000,0,0,0,0
"24,54",0,105749,0,0,974,4,99999,99999,99999,99999,99999,99999,0.000000,0.000000,0.000000,0.000000,0.000000,0.000000,0.000000,0.000000,0.000000,0.000000,0.000000,0.000000,0.000000,0.000000,0,0,0,0
"24,55",0,105749,0,0,979,4,99999,99999,99999,99999,99999,99999,0.000000,0.000000,0.000000,0.000000,0.000000,0.000000,0.000000,0.000000,0.000000,0.000000,0.000000,0.000000,0.000000,0.000000,0,0,0,0
"24,56",0,105749,0,0,976,4,99999,99999,99999,99999,99999,99999,0.000000,0.000000,0.000000,0.000000,0.000000,0.000000,0.000000,0.000000,0.000000,0.000000,0.000000,0.000000,0.000000,0.000000,0,0,0,0
"24,57",0,105749,0,0,972,4,99999,99999,99999,99999,99999,99999,0.000000,0.000000,0.000000,0.000000,0.000000,0.000000,0.000000,0.000000,0.000000,0.000000,0.000000,0.000000,0.000000,0.000000,0,0,0,0
"24,58",0,105749,0,0,81,4,99999,99999,99999,99999,99999,99999,0.000000,0.000000,0.000000,0.000000,0.000000,0.000000,0.000000,0.000000,0.000000,0.000000,0.000000,0.000000,0.000000,0.000000,0,0,0,0
"24,59",0,105749,0,0,67,4,99999,99999,99999,99999,99999,99999,0.000000,0.000000,0.000000,0.000000,0.000000,0.000000,0.000000,0.000000,0.000000,0.000000,0.000000,0.000000,0.000000,0.000000,0,0,0,0
"24,61",0,105749,0,0,70,4,99999,99999,99999,99999,99999,99999,0.000000,0.000000,0.000000,0.000000,0.000000,0.000000,0.000000,0.000000,0.000000,0.000000,0.000000,0.000000,0.000000,0.000000,0,0,0,0
"24,62",0,105749,0,0,78,4,99999,99999,99999,99999,99999,99999,0.000000,0.000000,0.000000,0.000000,0.000000,0.000000,0.000000,0.000000,0.000000,0.000000,0.000000,0.000000,0.000000,0.000000,0,0,0,0
"24,63",0,105749,0,0,73,4,99999,99999,99999,99999,99999,99999,0.000000,0.000000,0.000000,0.000000,0.000000,0.000000,0.000000,0.000000,0.000000,0.000000,0.000000,0.000000,0.000000,0.000000,0,0,0,0
"24,64",0,105749,0,0,70,4,99999,99999,99999,99999,99999,99999,0.000000,0.000000,0.000000,0.000000,0.000000,0.000000,0.000000,0.000000,0.000000,0.000000,0.000000,0.000000,0.000000,0.000000,0,0,0,0
"24,65",0,105749,0,0,72,4,99999,99999,99999,99999,99999,99999,0.000000,0.000000,0.000000,0.000000,0.000000,0.000000,0.000000,0.000000,0.000000,0.000000,0.000000,0.000000,0.000000,0.000000,0,0,0,0
"24,66",0,105749,0,0,75,4,99999,99999,99999,99999,99999,99999,0.000000,0.000000,0.000000,0.000000,0.000000,0.000000,0.000000,0.000000,0.000000,0.000000,0.000000,0.000000,0.000000,0.000000,0,0,0,0
"24,67",0,105749,0,0,73,4,99999,99999,99999,99999,99999,99999,0.000000,0.000000,0.000000,0.000000,0.000000,0.000000,0.000000,0.000000,0.000000,0.000000,0.000000,0.000000,0.000000,0.000000,0,0,0,0
"24,68",0,105749,0,0,68,4,99999,99999,99999,99999,99999,99999,0.000000,0.000000,0.000000,0.000000,0.000000,0.000000,0.000000,0.000000,0.000000,0.000000,0.000000,0.000000,0.000000,0.000000,0,0,0,0
"24,69",0,105749,0,0,8,4,99999,99999,99999,99999,99999,99999,0.000000,0.000000,0.000000,0.000000,0.000000,0.000000,0.000000,0.000000,0.000000,0.000000,0.000000,0.000000,0.000000,0.000000,0,0,0,0
"24,70",0,105749,0,0,10,4,99999,99999,99999,99999,99999,99999,0.000000,0.000000,0.000000,0.000000,0.000000,0.000000,0.000000,0.000000,0.000000,0.000000,0.000000,0.000000,0.000000,0.000000,0,0,0,0
"24,71",0,105749,0,0,9,4,99999,99999,99999,99999,99999,99999,0.000000,0.000000,0.000000,0.000000,0.000000,0.000000,0.000000,0.000000,0.000000,0.000000,0.000000,0.000000,0.000000,0.000000,0,0,0,0
"24,72",0,105749,0,0,8,4,99999,99999,99999,99999,99999,99999,0.000000,0.000000,0.000000,0.000000,0.000000,0.000000,0.000000,0.000000,0.000000,0.000000,0.000000,0.000000,0.000000,0.000000,0,0,0,0
"24,73",0,105749,0,0,9,4,99999,99999,99999,99999,99999,99999,0.000000,0.000000,0.000000,0.000000,0.000000,0.000000,0.000000,0.000000,0.000000,0.000000,0.000000,0.000000,0.000000,0.000000,0,0,0,0
"24,74",0,105749,0,0,8,4,99999,99999,99999,99999,99999,99999,0.000000,0.000000,0.000000,0.000000,0.000000,0.000000,0.000000,0.000000,0.000000,0.000000,0.000000,0.000000,0.000000,0.000000,0,0,0,0
"25,1",41,109688,10,1,1034,2,12,333,553,0,4,5,0.850000,0.116667,0.033333,0.000000,0.000000,0.000000,0.000000,0.789256,0.198347,0.012397,0.000000,0.000000,0.000000,0.000000,26544,174,301,126
"25,2",41,115772,11,1,1046,2,16,617,800,0,4,8,0.756906,0.127072,0.110497,0.005525,0.000000,0.000000,0.000000,0.784038,0.169014,0.037559,0.009390,0.000000,0.000000,0.000000,24366,160,296,122
"25,3",36,117754,11,1,1042,2,12,378,528,0,4,7,0.868852,0.092896,0.038251,0.000000,0.000000,0.000000,0.000000,0.790795,0.163180,0.046025,0.000000,0.000000,0.000000,0.000000,26872,176,278,102
"25,4",47,118835,11,1,1035,2,13,532,627,0,4,5,0.794444,0.105556,0.100000,0.000000,0.000000,0.000000,0.000000,0.780172,0.185345,0.034483,0.000000,0.000000,0.000000,0.000000,24842,162,320,152
"25,5",48,119512,11,1,1041,2,12,175,294,0,4,7,0.900000,0.100000,0.000000,0.000000,0.000000,0.000000,0.000000,0.732342,0.237918,0.026022,0.003717,0.000000,0.000000,0.000000,27495,180,348,168
"25,6",39,119893,11,1,1035,2,9,232,437,0,4,5,0.889503,0.104972,0.005525,0.000000,0.000000,0.000000,0.000000,0.815900,0.158996,0.025105,0.000000,0.000000,0.000000,0.000000,27553,180,297,117
"25,7",39,120163,11,1,1031,2,12,515,569,0,4,8,0.827778,0.100000,0.072222,0.000000,0.000000,0.000000,0.000000,0.823276,0.133621,0.038793,0.004310,0.000000,0.000000,0.000000,25519,167,282,111
"25,8",32,120361,11,1,1040,2,9,119,280,0,4,8,0.938889,0.061111,0.000000,0.000000,0.000000,0.000000,0.000000,0.791667,0.170833,0.029167,0.008333,0.000000,0.000000,0.000000,27495,180,268,88
"25,9",42,120529,11,1,1038,2,11,487,555,0,4,5,0.850829,0.099448,0.049724,0.000000,0.000000,0.000000,0.000000,0.744094,0.212598,0.035433,0.007874,0.000000,0.000000,0.000000,26314,172,305,131
"25,10",36,120657,11,1,1042,2,11,325,678,0,4,6,0.917127,0.049724,0.033149,0.000000,0.000000,0.000000,0.000000,0.812000,0.164000,0.024000,0.000000,0.000000,0.000000,0.000000,26771,175,280,103
"25,11",46,120778,11,1,1026,2,12,206,438,0,5,6,0.872928,0.121547,0.005525,0.000000,0.000000,0.000000,0.000000,0.796992,0.150376,0.052632,0.000000,0.000000,0.000000,0.000000,27548,180,336,156
"25,12",43,120876,11,1,1037,2,12,191,444,0,4,6,0.905556,0.088889,0.005556,0.000000,0.000000,0.000000,0.000000,0.806818,0.162879,0.026515,0.003788,0.000000,0.000000,0.000000,27353,179,319,139
"25,13",45,120957,11,1,1031,2,12,493,554,0,4,6,0.822222,0.127778,0.050000,0.000000,0.000000,0.000000,0.000000,0.787500,0.183333,0.029167,0.000000,0.000000,0.000000,0.000000,26039,171,325,149
"25,14",39,121022,11,1,1036,2,9,154,416,0,4,5,0.922652,0.071823,0.005525,0.000000,0.000000,0.000000,0.000000,0.792969,0.191406,0.015625,0.000000,0.000000,0.000000,0.000000,27532,180,296,116
"25,15",36,121074,11,1,1039,2,9,158,292,0,4,7,0.911602,0.088398,0.000000,0.000000,0.000000,0.000000,0.000000,0.780488,0.178862,0.032520,0.008130,0.000000,0.000000,0.000000,27659,181,284,104
"25,16",39,121123,11,1,1042,2,15,359,503,0,4,6,0.794444,0.188889,0.016667,0.000000,0.000000,0.000000,0.000000,0.781250,0.187500,0.031250,0.000000,0.000000,0.000000,0.000000,27108,177,294,115
"25,17",40,121168,11,1,1029,2,10,212,412,0,4,6,0.889503,0.104972,0.005525,0.000000,0.000000,0.000000,0.000000,0.800830,0.170124,0.024896,0.004149,0.000000,0.000000,0.000000,27533,180,305,125
"25,18",44,121210,11,1,1033,2,14,322,419,0,4,6,0.837838,0.162162,0.000000,0.000000,0.000000,0.000000,0.000000,0.746032,0.206349,0.043651,0.003968,0.000000,0.000000,0.000000,28283,185,327,147
"25,19",37,120637,10,1,1038,2,9,143,246,0,4,5,0.938889,0.061111,0.000000,0.000000,0.000000,0.000000,0.000000,0.776860,0.198347,0.024793,0.000000,0.000000,0.000000,0.000000,27495,180,286,106
"25,20",42,120084,10,1,1024,2,9,503,756,0,4,6,0.838889,0.100000,0.061111,0.000000,0.000000,0.000000,0.000000,0.805195,0.155844,0.038961,0.000000,0.000000,0.000000,0.000000,25965,169,308,130
"25,21",39,119617,10,1,1039,2,12,505,541,0,5,7,0.763736,0.170330,0.060440,0.005495,0.000000,0.000000,0.000000,0.782178,0.163366,0.049505,0.000000,0.004950,0.000000,0.000000,26024,170,284,112
"25,22",39,118621,9,1,1034,2,9,220,417,0,4,5,0.879781,0.120219,0.000000,0.000000,0.000000,0.000000,0.000000,0.846154,0.141026,0.012821,0.000000,0.000000,0.000000,0.000000,27951,183,301,120
"25,23",45,117591,9,1,1031,2,11,213,340,0,4,5,0.871658,0.128342,0.000000,0.000000,0.000000,0.000000,0.000000,0.789668,0.184502,0.025830,0.000000,0.000000,0.000000,0.000000,28548,187,335,153
"25,24",46,116686,9,1,1040,2,13,473,795,0,4,9,0.861111,0.088889,0.050000,0.000000,0.000000,0.000000,0.000000,0.776923,0.196154,0.011538,0.015385,0.000000,0.000000,0.000000,26246,171,335,157
"25,25",43,115893,9,1,1037,2,12,148,340,0,4,5,0.905556,0.094444,0.000000,0.000000,0.000000,0.000000,0.000000,0.760456,0.216730,0.011407,0.003802,0.007605,0.000000,0.000000,27495,180,320,140
"25,26",47,115174,9,1,1028,2,11,283,499,0,4,6,0.858896,0.128834,0.012270,0.000000,0.000000,0.000000,0.000000,0.802632,0.171053,0.026316,0.000000,0.000000,0.000000,0.000000,24470,161,311,148
"25,27",43,114482,9,1,1037,2,10,172,365,0,4,8,0.894444,0.105556,0.000000,0.000000,0.000000,0.000000,0.000000,0.773234,0.185874,0.033457,0.003717,0.003717,0.000000,0.000000,27495,180,316,136
"25,28",38,113907,9,1,1041,2,10,139,370,0,4,5,0.922222,0.077778,0.000000,0.000000,0.000000,0.000000,0.000000,0.847059,0.137255,0.011765,0.003922,0.000000,0.000000,0.000000,27495,180,295,115
"25,29",42,113340,9,1,1035,2,12,174,489,0,4,7,0.888889,0.100000,0.011111,0.000000,0.000000,0.000000,0.000000,0.798419,0.162055,0.027668,0.007905,0.003953,0.000000,0.000000,27207,178,312,132
"25,30",41,112807,9,1,1035,2,13,176,360,0,4,6,0.888889,0.111111,0.000000,0.000000,0.000000,0.000000,0.000000,0.773438,0.195312,0.027344,0.003906,0.000000,0.000000,0.000000,27495,180,306,126
"25,31",44,112280,9,1,1030,2,11,183,316,0,4,5,0.890710,0.109290,0.000000,0.000000,0.000000,0.000000,0.000000,0.783582,0.194030,0.014925,0.007463,0.000000,0.000000,0.000000,27951,183,327,146
"25,32",39,111614,8,1,1044,2,26,539,870,0,4,6,0.659341,0.137363,0.192308,0.010989,0.000000,0.000000,0.000000,0.779570,0.193548,0.021505,0.005376,0.000000,0.000000,0.000000,22127,145,259,103
"25,33",40,110926,8,1,1037,2,16,537,713,0,4,5,0.755556,0.155556,0.088889,0.000000,0.000000,0.000000,0.000000,0.784753,0.201794,0.008969,0.004484,0.000000,0.000000,0.000000,25306,164,293,120
"25,34",43,109775,7,1,1035,2,10,243,395,0,4,7,0.888889,0.111111,0.000000,0.000000,0.000000,0.000000,0.000000,0.766038,0.188679,0.041509,0.003774,0.000000,0.000000,0.000000,27495,180,316,136
"25,35",43,108684,7,1,1032,2,9,238,381,0,4,5,0.870270,0.129730,0.000000,0.000000,0.000000,0.000000,0.000000,0.807843,0.160784,0.031373,0.000000,0.000000,0.000000,0.000000,28131,185,319,138
"25,36",50,107600,7,1,1039,2,16,530,573,0,4,5,0.727778,0.155556,0.116667,0.000000,0.000000,0.000000,0.000000,0.768519,0.194444,0.032407,0.004630,0.000000,0.000000,0.000000,24537,159,343,174
"25,37",0,107600,0,0,966,4,99999,99999,99999,99999,99999,99999,0.000000,0.000000,0.000000,0.000000,0.000000,0.000000,0.000000,0.000000,0.000000,0.000000,0.000000,0.000000,0.000000,0.000000,0,0,0,0
"25,38",0,107600,0,0,977,4,99999,99999,99999,99999,99999,99999,0.000000,0.000000,0.000000,0.000000,0.000000,0.000000,0.000000,0.000000,0.000000,0.000000,0.000000,0.000000,0.000000,0.000000,0,0,0,0
"25,39",0,107600,0,0,974,4,99999,99999,99999,99999,99999,99999,0.000000,0.000000,0.000000,0.000000,0.000000,0.000000,0.000000,0.000000,0.000000,0.000000,0.000000,0.000000,0.000000,0.000000,0,0,0,0
"25,40",0,107600,0,0,973,4,99999,99999,99999,99999,99999,99999,0.000000,0.000000,0.000000,0.000000,0.000000,0.000000,0.000000,0.000000,0.000000,0.000000,0.000000,0.000000,0.000000,0.000000,0,0,0,0
"25,41",0,107600,0,0,971,4,99999,99999,99999,99999,99999,99999,0.000000,0.000000,0.000000,0.000000,0.000000,0.000000,0.000000,0.000000,0.000000,0.000000,0.000000,0.000000,0.000000,0.000000,0,0,0,0
"25,42",0,107600,0,0,970,4,99999,99999,99999,99999,99999,99999,0.000000,0.000000,0.000000,0.000000,0.000000,0.000000,0.000000,0.000000,0.000000,0.000000,0.000000,0.000000,0.000000,0.000000,0,0,0,0
"25,43",0,107600,0,0,966,4,99999,99999,99999,99999,99999,99999,0.000000,0.000000,0.000000,0.000000,0.000000,0.000000,0.000000,0.000000,0.000000,0.000000,0.000000,0.000000,0.000000,0.000000,0,0,0,0
"25,44",0,107600,0,0,980,4,99999,99999,99999,99999,99999,99999,0.000000,0.000000,0.000000,0.000000,0.000000,0.000000,0.000000,0.000000,0.000000,0.000000,0.000000,0.000000,0.000000,0.000000,0,0,0,0
"25,45",0,107600,0,0,977,4,99999,99999,99999,99999,99999,99999,0.000000,0.000000,0.000000,0.000000,0.000000,0.000000,0.000000,0.000000,0.000000,0.000000,0.000000,0.000000,0.000000,0.000000,0,0,0,0
"25,46",0,107600,0,0,970,4,99999,99999,99999,99999,99999,99999,0.000000,0.000000,0.000000,0.000000,0.000000,0.000000,0.000000,0.000000,0.000000,0.000000,0.000000,0.000000,0.000000,0.000000,0,0,0,0
"25,47",0,107600,0,0,973,4,99999,99999,99999,99999,99999,99999,0.000000,0.000000,0.000000,0.000000,0.000000,0.000000,0.000000,0.000000,0.000000,0.000000,0.000000,0.000000,0.000000,0.000000,0,0,0,0
"25,48",0,107600,0,0,973,4,99999,99999,99999,99999,99999,99999,0.000000,0.000000,0.000000,0.000000,0.000000,0.000000,0.000000,0.000000,0.000000,0.000000,0.000000,0.000000,0.000000,0.000000,0,0,0,0
"25,49",0,107600,0,0,982,4,99999,99999,99999,99999,99999,99999,0.000000,0.000000,0.000000,0.000000,0.000000,0.000000,0.000000,0.000000,0.000000,0.000000,0.000000,0.000000,0.000000,0.000000,0,0,0,0
"25,50",0,107600,0,0,969,4,99999,99999,99999,99999,99999,99999,0.000000,0.000000,0.000000,0.000000,0.000000,0.000000,0.000000,0.000000,0.000000,0.000000,0.000000,0.000000,0.000000,0.000000,0,0,0,0
"25,51",0,107600,0,0,973,4,99999,99999,99999,99999,99999,99999,0.000000,0.000000,0.000000,0.000000,0.000000,0.000000,0.000000,0.000000,0.000000,0.000000,0.000000,0.000000,0.000000,0.000000,0,0,0,0
"25,52",0,107600,0,0,971,4,99999,99999,99999,99999,99999,99999,0.000000,0.000000,0.000000,0.000000,0.000000,0.000000,0.000000,0.000000,0.000000,0.000000,0.000000,0.000000,0.000000,0.000000,0,0,0,0
"25,53",0,107600,0,0,977,4,99999,99999,99999,99999,99999,99999,0.000000,0.000000,0.000000,0.000000,0.000000,0.000000,0.000000,0.000000,0.000000,0.000000,0.000000,0.000000,0.000000,0.000000,0,0,0,0
"25,54",0,107600,0,0,969,4,99999,99999,99999,99999,99999,99999,0.000000,0.000000,0.000000,0.000000,0.000000,0.000000,0.000000,0.000000,0.000000,0.000000,0.000000,0.000000,0.000000,0.000000,0,0,0,0
"25,55",0,107600,0,0,965,4,99999,99999,99999,99999,99999,99999,0.000000,0.000000,0.000000,0.000000,0.000000,0.000000,0.000000,0.000000,0.000000,0.000000,0.000000,0.000000,0.000000,0.000000,0,0,0,0
"25,56",0,107600,0,0,976,4,99999,99999,99999,99999,99999,99999,0.000000,0.000000,0.000000,0.000000,0.000000,0.000000,0.000000,0.000000,0.000000,0.000000,0.000000,0.000000,0.000000,0.000000,0,0,0,0
"25,57",0,107600,0,0,975,4,99999,99999,99999,99999,99999,99999,0.000000,0.000000,0.000000,0.000000,0.000000,0.000000,0.000000,0.000000,0.000000,0.000000,0.000000,0.000000,0.000000,0.000000,0,0,0,0
"25,58",0,107600,0,0,74,4,99999,99999,99999,99999,99999,99999,0.000000,0.000000,0.000000,0.000000,0.000000,0.000000,0.000000,0.000000,0.000000,0.000000,0.000000,0.000000,0.000000,0.000000,0,0,0,0
"25,59",0,107600,0,0,70,4,99999,99999,99999,99999,99999,99999,0.000000,0.000000,0.000000,0.000000,0.000000,0.000000,0.000000,0.000000,0.000000,0.000000,0.000000,0.000000,0.000000,0.000000,0,0,0,0
"25,60",0,107600,0,0,75,4,99999,99999,99999,99999,99999,99999,0.000000,0.000000,0.000000,0.000000,0.000000,0.000000,0.000000,0.000000,0.000000,0.000000,0.000000,0.000000,0.000000,0.000000,0,0,0,0
"25,61",0,107600,0,0,78,4,99999,99999,99999,99999,99999,99999,0.000000,0.000000,0.000000,0.000000,0.000000,0.000000,0.000000,0.000000,0.000000,0.000000,0.000000,0.000000,0.000000,0.000000,0,0,0,0
"25,62",0,107600,0,0,81,4,99999,99999,99999,99999,99999,99999,0.000000,0.000000,0.000000,0.000000,0.000000,0.000000,0.000000,0.000000,0.000000,0.000000,0.000000,0.000000,0.000000,0.000000,0,0,0,0
"25,63",0,107600,0,0,69,4,99999,99999,99999,99999,99999,99999,0.000000,0.000000,0.000000,0.000000,0.000000,0.000000,0.000000,0.000000,0.000000,0.000000,0.000000,0.000000,0.000000,0.000000,0,0,0,0
"25,64",0,107600,0,0,70,4,99999,99999,99999,99999,99999,99999,0.000000,0.000000,0.000000,0.000000,0.000000,0.000000,0.000000,0.000000,0.000000,0.000000,0.000000,0.000000,0.000000,0.000000,0,0,0,0
"25,65",0,107600,0,0,69,4,99999,99999,99999,99999,99999,99999,0.000000,0.000000,0.000000,0.000000,0.000000,0.000000,0.000000,0.000000,0.000000,0.000000,0.000000,0.000000,0.000000,0.000000,0,0,0,0
"25,66",0,107600,0,0,73,4,99999,99999,99999,99999,99999,99999,0.000000,0.000000,0.000000,0.000000,0.000000,0.000000,0.000000,0.000000,0.000000,0.000000,0.000000,0.000000,0.000000,0.000000,0,0,0,0
"25,67",0,107600,0,0,67,4,99999,99999,99999,99999,99999,99999,0.000000,0.000000,0.000000,0.000000,0.000000,0.000000,0.000000,0.000000,0.000000,0.000000,0.000000,0.000000,0.000000,0.000000,0,0,0,0
"25,68",0,107600,0,0,88,4,99999,99999,99999,99999,99999,99999,0.000000,0.000000,0.000000,0.000000,0.000000,0.000000,0.000000,0.000000,0.000000,0.000000,0.000000,0.000000,0.000000,0.000000,0,0,0,0
"25,69",0,107600,0,0,8,4,99999,99999,99999,99999,99999,99999,0.000000,0.000000,0.000000,0.000000,0.000000,0.000000,0.000000,0.000000,0.000000,0.000000,0.000000,0.000000,0.000000,0.000000,0,0,0,0
"25,70",0,107600,0,0,8,4,99999,99999,99999,99999,99999,99999,0.000000,0.000000,0.000000,0.000000,0.000000,0.000000,0.000000,0.000000,0.000000,0.000000,0.000000,0.000000,0.000000,0.000000,0,0,0,0
"25,71",0,107600,0,0,8,4,99999,99999,99999,99999,99999,99999,0.000000,0.000000,0.000000,0.000000,0.000000,0.000000,0.000000,0.000000,0.000000,0.000000,0.000000,0.000000,0.000000,0.000000,0,0,0,0
"25,72",0,107600,0,0,8,4,99999,99999,99999,99999,99999,99999,0.000000,0.000000,0.000000,0.000000,0.000000,0.000000,0.000000,0.000000,0.000000,0.000000,0.000000,0.000000,0.000000,0.000000,0,0,0,0
"25,73",0,107600,0,0,7,4,99999,99999,99999,99999,99999,99999,0.000000,0.000000,0.000000,0.000000,0.000000,0.000000,0.000000,0.000000,0.000000,0.000000,0.000000,0.000000,0.000000,0.000000,0,0,0,0
"25,74",0,107600,0,0,8,4,99999,99999,99999,99999,99999,99999,0.000000,0.000000,0.000000,0.000000,0.000000,0.000000,0.000000,0.000000,0.000000,0.000000,0.000000,0.000000,0.000000,0.000000,0,0,0,0
"26,1",34,107953,11,1,1025,2,7,101,232,0,4,5,0.944444,0.055556,0.000000,0.000000,0.000000,0.000000,0.000000,0.833333,0.146341,0.020325,0.000000,0.000000,0.000000,0.000000,27495,180,276,96
"26,2",45,108362,11,1,1036,2,13,155,281,0,4,5,0.905556,0.094444,0.000000,0.000000,0.000000,0.000000,0.000000,0.805755,0.169065,0.021583,0.003597,0.000000,0.000000,0.000000,27495,180,331,151
"26,3",43,108729,11,1,1031,2,8,151,292,0,4,5,0.916667,0.083333,0.000000,0.000000,0.000000,0.000000,0.000000,0.816794,0.156489,0.026718,0.000000,0.000000,0.000000,0.000000,27495,180,317,137
"26,4",37,109042,11,1,1048,2,11,189,346,0,5,10,0.922222,0.077778,0.000000,0.000000,0.000000,0.000000,0.000000,0.777778,0.164609,0.037037,0.020576,0.000000,0.000000,0.000000,27495,180,286,106
"26,5",38,109343,11,1,1036,2,12,172,323,0,4,4,0.905556,0.094444,0.000000,0.000000,0.000000,0.000000,0.000000,0.786885,0.204918,0.008197,0.000000,0.000000,0.000000,0.000000,27495,180,293,113
"26,6",44,109642,11,1,1038,2,13,484,740,0,4,5,0.827778,0.122222,0.050000,0.000000,0.000000,0.000000,0.000000,0.776824,0.206009,0.017167,0.000000,0.000000,0.000000,0.000000,26115,171,321,144
"26,7",39,109917,11,1,1046,2,14,200,508,0,5,8,0.883333,0.100000,0.016667,0.000000,0.000000,0.000000,0.000000,0.751004,0.192771,0.048193,0.004016,0.004016,0.000000,0.000000,26961,177,294,115
"26,8",37,110173,11,1,1033,2,12,489,545,0,4,6,0.796703,0.159341,0.043956,0.000000,0.000000,0.000000,0.000000,0.778302,0.169811,0.051887,0.000000,0.000000,0.000000,0.000000,26679,174,284,107
"26,9",39,110428,11,1,1040,2,9,138,251,0,4,7,0.939227,0.060773,0.000000,0.000000,0.000000,0.000000,0.000000,0.819277,0.148594,0.028112,0.004016,0.000000,0.000000,0.000000,27561,181,301,120
"26,10",44,110694,11,1,1034,2,15,497,529,0,5,6,0.838889,0.111111,0.050000,0.000000,0.000000,0.000000,0.000000,0.759843,0.185039,0.051181,0.003937,0.000000,0.000000,0.000000,26115,171,317,141
"26,11",43,110938,11,1,1031,2,12,294,503,0,4,5,0.838889,0.144444,0.016667,0.000000,0.000000,0.000000,0.000000,0.791339,0.192913,0.015748,0.000000,0.000000,0.000000,0.000000,26987,177,318,138
"26,12",44,111183,11,1,1037,2,12,222,337,0,4,7,0.846995,0.153005,0.000000,0.000000,0.000000,0.000000,0.000000,0.787500,0.175000,0.029167,0.008333,0.000000,0.000000,0.000000,27951,183,328,147
"26,13",49,111434,11,1,1043,2,13,424,539,0,4,6,0.833333,0.133333,0.033333,0.000000,0.000000,0.000000,0.000000,0.748936,0.234043,0.012766,0.004255,0.000000,0.000000,0.000000,26600,174,357,178
"26,14",38,111629,11,1,1041,2,9,99,190,0,4,8,0.950000,0.050000,0.000000,0.000000,0.000000,0.000000,0.000000,0.749035,0.200772,0.046332,0.000000,0.003861,0.000000,0.000000,27495,180,293,113
"26,15",42,111828,11,1,1040,2,12,210,470,0,4,6,0.894444,0.094444,0.011111,0.000000,0.000000,0.000000,0.000000,0.788889,0.166667,0.040741,0.003704,0.000000,0.000000,0.000000,27180,178,311,131
"26,16",38,112012,11,1,1029,2,9,331,492,0,4,5,0.878453,0.110497,0.011050,0.000000,0.000000,0.000000,0.000000,0.789683,0.186508,0.023810,0.000000,0.000000,0.000000,0.000000,27327,179,292,112
"26,17",36,112186,11,1,1042,2,10,302,454,0,4,5,0.877778,0.111111,0.011111,0.000000,0.000000,0.000000,0.000000,0.836910,0.133047,0.025751,0.004292,0.000000,0.000000,0.000000,27162,178,284,104
"26,18",41,112365,11,1,1028,2,8,77,189,0,4,5,0.950000,0.050000,0.000000,0.000000,0.000000,0.000000,0.000000,0.821818,0.145455,0.032727,0.000000,0.000000,0.000000,0.000000,27495,180,310,130
"26,19",38,112530,11,1,1035,2,11,101,156,0,4,5,0.944444,0.055556,0.000000,0.000000,0.000000,0.000000,0.000000,0.800000,0.177358,0.018868,0.003774,0.000000,0.000000,0.000000,27495,180,294,114
"26,20",51,112470,10,1,1029,2,14,519,692,0,4,5,0.737705,0.191257,0.071038,0.000000,0.000000,0.000000,0.000000,0.806167,0.171806,0.017621,0.004405,0.000000,0.000000,0.000000,25888,170,361,185
"26,21",48,112414,10,1,1036,2,13,148,296,0,4,6,0.927778,0.072222,0.000000,0.000000,0.000000,0.000000,0.000000,0.759542,0.202290,0.038168,0.000000,0.000000,0.000000,0.000000,27495,180,350,170
"26,22",44,112364,10,1,1029,2,11,392,518,0,4,6,0.827778,0.150000,0.022222,0.000000,0.000000,0.000000,0.000000,0.815126,0.159664,0.025210,0.000000,0.000000,0.000000,0.000000,26902,176,323,144
"26,23",50,112080,9,1,1034,2,25,515,574,0,4,6,0.707182,0.226519,0.066298,0.000000,0.000000,0.000000,0.000000,0.785714,0.166667,0.047619,0.000000,0.000000,0.000000,0.000000,25772,169,355,179
"26,24",44,111826,9,1,1042,2,13,229,331,0,4,8,0.866667,0.133333,0.000000,0.000000,0.000000,0.000000,0.000000,0.760784,0.200000,0.035294,0.003922,0.000000,0.000000,0.000000,27495,180,327,147
"26,25",42,111596,9,1,1038,2,11,432,572,0,4,7,0.866667,0.088889,0.044444,0.000000,0.000000,0.000000,0.000000,0.789700,0.158798,0.047210,0.004292,0.000000,0.000000,0.000000,26270,172,311,132
"26,26",42,111363,9,1,1037,2,10,231,469,0,5,8,0.850829,0.138122,0.011050,0.000000,0.000000,0.000000,0.000000,0.770161,0.173387,0.048387,0.008065,0.000000,0.000000,0.000000,27247,179,316,135
"26,27",40,111144,9,1,1030,2,7,64,107,0,4,6,0.983333,0.016667,0.000000,0.000000,0.000000,0.000000,0.000000,0.807407,0.162963,0.025926,0.003704,0.000000,0.000000,0.000000,27495,180,304,124
"26,28",41,110938,9,1,1044,2,18,518,699,0,4,7,0.733333,0.194444,0.072222,0.000000,0.000000,0.000000,0.000000,0.754386,0.201754,0.043860,0.000000,0.000000,0.000000,0.000000,25402,167,302,125
"26,29",39,110743,9,1,1029,2,9,114,228,0,4,5,0.944444,0.055556,0.000000,0.000000,0.000000,0.000000,0.000000,0.808271,0.165414,0.022556,0.003759,0.000000,0.000000,0.000000,27495,180,296,116
"26,30",44,110534,9,1,1033,2,14,238,508,0,4,5,0.866667,0.116667,0.016667,0.000000,0.000000,0.000000,0.000000,0.784906,0.196226,0.018868,0.000000,0.000000,0.000000,0.000000,27077,177,323,143
"26,31",39,110350,9,1,1031,2,9,237,489,0,4,7,0.905263,0.084211,0.010526,0.000000,0.000000,0.000000,0.000000,0.800000,0.181481,0.011111,0.007407,0.000000,0.000000,0.000000,28686,188,310,122
"26,32",48,109978,8,1,1028,2,12,289,408,0,4,8,0.838889,0.161111,0.000000,0.000000,0.000000,0.000000,0.000000,0.788618,0.186992,0.020325,0.004065,0.000000,0.000000,0.000000,27495,180,350,170
"26,33",40,109658,8,1,1040,2,9,96,180,0,4,6,0.955556,0.044444,0.000000,0.000000,0.000000,0.000000,0.000000,0.832700,0.148289,0.007605,0.011407,0.000000,0.000000,0.000000,27495,180,303,123
"26,34",41,109342,8,1,1030,2,11,201,388,0,4,6,0.905556,0.094444,0.000000,0.000000,0.000000,0.000000,0.000000,0.756554,0.213483,0.029963,0.000000,0.000000,0.000000,0.000000,27495,180,306,126
"26,35",38,108841,7,1,1038,2,8,136,254,0,4,8,0.911111,0.088889,0.000000,0.000000,0.000000,0.000000,0.000000,0.787149,0.192771,0.020080,0.000000,0.000000,0.000000,0.000000,27495,180,291,111
"26,36",38,108368,7,1,1033,2,10,108,217,0,4,8,0.944751,0.055249,0.000000,0.000000,0.000000,0.000000,0.000000,0.741313,0.227799,0.027027,0.003861,0.000000,0.000000,0.000000,27659,181,295,115
"26,37",45,107861,7,1,1033,2,13,478,612,0,4,8,0.827778,0.127778,0.044444,0.000000,0.000000,0.000000,0.000000,0.795833,0.166667,0.029167,0.008333,0.000000,0.000000,0.000000,26450,172,326,148
"26,38",0,107861,0,0,967,4,99999,99999,99999,99999,99999,99999,0.000000,0.000000,0.000000,0.000000,0.000000,0.000000,0.000000,0.000000,0.000000,0.000000,0.000000,0.000000,0.000000,0.000000,0,0,0,0
"26,39",0,107861,0,0,971,4,99999,99999,99999,99999,99999,99999,0.000000,0.000000,0.000000,0.000000,0.000000,0.000000,0.000000,0.000000,0.000000,0.000000,0.000000,0.000000,0.000000,0.000000,0,0,0,0
"26,40",0,107861,0,0,982,4,99999,99999,99999,99999,99999,99999,0.000000,0.000000,0.000000,0.000000,0.000000,0.000000,0.000000,0.000000,0.000000,0.000000,0.000000,0.000000,0.000000,0.000000,0,0,0,0
"26,41",0,107861,0,0,975,4,99999,99999,99999,99999,99999,99999,0.000000,0.000000,0.000000,0.000000,0.000000,0.000000,0.000000,0.000000,0.000000,0.000000,0.000000,0.000000,0.000000,0.000000,0,0,0,0
"26,42",0,107861,0,0,976,4,99999,99999,99999,99999,99999,99999,0.000000,0.000000,0.000000,0.000000,0.000000,0.000000,0.000000,0.000000,0.000000,0.000000,0.000000,0.000000,0.000000,0.000000,0,0,0,0
"26,43",0,107861,0,0,971,4,99999,99999,99999,99999,99999,99999,0.000000,0.000000,0.000000,0.000000,0.000000,0.000000,0.000000,0.000000,0.000000,0.000000,0.000000,0.000000,0.000000,0.000000,0,0,0,0
"26,44",0,107861,0,0,977,4,99999,99999,99999,99999,99999,99999,0.000000,0.000000,0.000000,0.000000,0.000000,0.000000,0.000000,0.000000,0.000000,0.000000,0.000000,0.000000,0.000000,0.000000,0,0,0,0
"26,45",0,107861,0,0,977,4,99999,99999,99999,99999,99999,99999,0.000000,0.000000,0.000000,0.000000,0.000000,0.000000,0.000000,0.000000,0.000000,0.000000,0.000000,0.000000,0.000000,0.000000,0,0,0,0
"26,46",0,107861,0,0,973,4,99999,99999,99999,99999,99999,99999,0.000000,0.000000,0.000000,0.000000,0.000000,0.000000,0.000000,0.000000,0.000000,0.000000,0.000000,0.000000,0.000000,0.000000,0,0,0,0
"26,47",0,107861,0,0,980,4,99999,99999,99999,99999,99999,99999,0.000000,0.000000,0.000000,0.000000,0.000000,0.000000,0.000000,0.000000,0.000000,0.000000,0.000000,0.000000,0.000000,0.000000,0,0,0,0
"26,48",0,107861,0,0,974,4,99999,99999,99999,99999,99999,99999,0.000000,0.000000,0.000000,0.000000,0.000000,0.000000,0.000000,0.000000,0.000000,0.000000,0.000000,0.000000,0.000000,0.000000,0,0,0,0
"26,49",0,107861,0,0,977,4,99999,99999,99999,99999,99999,99999,0.000000,0.000000,0.000000,0.000000,0.000000,0.000000,0.000000,0.000000,0.000000,0.000000,0.000000,0.000000,0.000000,0.000000,0,0,0,0
"26,50",0,107861,0,0,973,4,99999,99999,99999,99999,99999,99999,0.000000,0.000000,0.000000,0.000000,0.000000,0.000000,0.000000,0.000000,0.000000,0.000000,0.000000,0.000000,0.000000,0.000000,0,0,0,0
"26,51",0,107861,0,0,968,4,99999,99999,99999,99999,99999,99999,0.000000,0.000000,0.000000,0.000000,0.000000,0.000000,0.000000,0.000000,0.000000,0.000000,0.000000,0.000000,0.000000,0.000000,0,0,0,0
"26,52",0,107861,0,0,967,4,99999,99999,99999,99999,99999,99999,0.000000,0.000000,0.000000,0.000000,0.000000,0.000000,0.000000,0.000000,0.000000,0.000000,0.000000,0.000000,0.000000,0.000000,0,0,0,0
"26,53",0,107861,0,0,978,4,99999,99999,99999,99999,99999,99999,0.000000,0.000000,0.000000,0.000000,0.000000,0.000000,0.000000,0.000000,0.000000,0.000000,0.000000,0.000000,0.000000,0.000000,0,0,0,0
"26,54",0,107861,0,0,966,4,99999,99999,99999,99999,99999,99999,0.000000,0.000000,0.000000,0.000000,0.000000,0.000000,0.000000,0.000000,0.000000,0.000000,0.000000,0.000000,0.000000,0.000000,0,0,0,0
"26,55",0,107861,0,0,977,4,99999,99999,99999,99999,99999,99999,0.000000,0.000000,0.000000,0.000000,0.000000,0.000000,0.000000,0.000000,0.000000,0.000000,0.000000,0.000000,0.000000,0.000000,0,0,0,0
"26,56",0,107861,0,0,958,4,99999,99999,99999,99999,99999,99999,0.000000,0.000000,0.000000,0.000000,0.000000,0.000000,0.000000,0.000000,0.000000,0.000000,0.000000,0.000000,0.000000,0.000000,0,0,0,0
"26,57",0,107861,0,0,974,4,99999,99999,99999,99999,99999,99999,0.000000,0.000000,0.000000,0.000000,0.000000,0.000000,0.000000,0.000000,0.000000,0.000000,0.000000,0.000000,0.000000,0.000000,0,0,0,0
"26,58",0,107861,0,0,642,4,99999,99999,99999,99999,99999,99999,0.000000,0.000000,0.000000,0.000000,0.000000,0.000000,0.000000,0.000000,0.000000,0.000000,0.000000,0.000000,0.000000,0.000000,0,0,0,0
"26,59",0,107861,0,0,75,4,99999,99999,99999,99999,99999,99999,0.000000,0.000000,0.000000,0.000000,0.000000,0.000000,0.000000,0.000000,0.000000,0.000000,0.000000,0.000000,0.000000,0.000000,0,0,0,0
"26,60",0,107861,0,0,69,4,99999,99999,99999,99999,99999,99999,0.000000,0.000000,0.000000,0.000000,0.000000,0.000000,0.000000,0.000000,0.000000,0.000000,0.000000,0.000000,0.000000,0.000000,0,0,0,0
"26,61",0,107861,0,0,79,4,99999,99999,99999,99999,99999,99999,0.000000,0.000000,0.000000,0.000000,0.000000,0.000000,0.000000,0.000000,0.000000,0.000000,0.000000,0.000000,0.000000,0.000000,0,0,0,0
"26,62",0,107861,0,0,76,4,99999,99999,99999,99999,99999,99999,0.000000,0.000000,0.000000,0.000000,0.000000,0.000000,0.000000,0.000000,0.000000,0.000000,0.000000,0.000000,0.000000,0.000000,0,0,0,0
"26,63",0,107861,0,0,72,4,99999,99999,99999,99999,99999,99999,0.000000,0.000000,0.000000,0.000000,0.000000,0.000000,0.000000,0.000000,0.000000,0.000000,0.000000,0.000000,0.000000,0.000000,0,0,0,0
"26,64",0,107861,0,0,73,4,99999,99999,99999,99999,99999,99999,0.000000,0.000000,0.000000,0.000000,0.000000,0.000000,0.000000,0.000000,0.000000,0.000000,0.000000,0.000000,0.000000,0.000000,0,0,0,0
"26,65",0,107861,0,0,71,4,99999,99999,99999,99999,99999,99999,0.000000,0.000000,0.000000,0.000000,0.000000,0.000000,0.000000,0.000000,0.000000,0.000000,0.000000,0.000000,0.000000,0.000000,0,0,0,0
"26,66",0,107861,0,0,70,4,99999,99999,99999,99999,99999,99999,0.000000,0.000000,0.000000,0.000000,0.000000,0.000000,0.000000,0.000000,0.000000,0.000000,0.000000,0.000000,0.000000,0.000000,0,0,0,0
"26,67",0,107861,0,0,70,4,99999,99999,99999,99999,99999,99999,0.000000,0.000000,0.000000,0.000000,0.000000,0.000000,0.000000,0.000000,0.000000,0.000000,0.000000,0.000000,0.000000,0.000000,0,0,0,0
"26,68",0,107861,0,0,67,4,99999,99999,99999,99999,99999,99999,0.000000,0.000000,0.000000,0.000000,0.000000,0.000000,0.000000,0.000000,0.000000,0.000000,0.000000,0.000000,0.000000,0.000000,0,0,0,0
"26,69",0,107861,0,0,8,4,99999,99999,99999,99999,99999,99999,0.000000,0.000000,0.000000,0.000000,0.000000,0.000000,0.000000,0.000000,0.000000,0.000000,0.000000,0.000000,0.000000,0.000000,0,0,0,0
"26,70",0,107861,0,0,8,4,99999,99999,99999,99999,99999,99999,0.000000,0.000000,0.000000,0.000000,0.000000,0.000000,0.000000,0.000000,0.000000,0.000000,0.000000,0.000000,0.000000,0.000000,0,0,0,0
"26,71",0,107861,0,0,8,4,99999,99999,99999,99999,99999,99999,0.000000,0.000000,0.000000,0.000000,0.000000,0.000000,0.000000,0.000000,0.000000,0.000000,0.000000,0.000000,0.000000,0.000000,0,0,0,0
"26,72",0,107861,0,0,9,4,99999,99999,99999,99999,99999,99999,0.000000,0.000000,0.000000,0.000000,0.000000,0.000000,0.000000,0.000000,0.000000,0.000000,0.000000,0.000000,0.000000,0.000000,0,0,0,0
"26,73",0,107861,0,0,8,4,99999,99999,99999,99999,99999,99999,0.000000,0.000000,0.000000,0.000000,0.000000,0.000000,0.000000,0.000000,0.000000,0.000000,0.000000,0.000000,0.000000,0.000000,0,0,0,0
"26,74",0,107861,0,0,8,4,99999,99999,99999,99999,99999,99999,0.000000,0.000000,0.000000,0.000000,0.000000,0.000000,0.000000,0.000000,0.000000,0.000000,0.000000,0.000000,0.000000,0.000000,0,0,0,0
"27,1",38,121875,11,1,1046,2,15,440,542,0,4,10,0.816667,0.138889,0.044444,0.000000,0.000000,0.000000,0.000000,0.746667,0.217778,0.022222,0.013333,0.000000,0.000000,0.000000,26258,172,283,109
"27,2",41,121875,11,1,1045,2,14,539,605,0,4,6,0.811111,0.116667,0.072222,0.000000,0.000000,0.000000,0.000000,0.757085,0.202429,0.040486,0.000000,0.000000,0.000000,0.000000,25561,167,307,127
"27,3",33,121875,11,1,1040,2,14,474,528,0,4,5,0.756906,0.193370,0.049724,0.000000,0.000000,0.000000,0.000000,0.828431,0.142157,0.029412,0.000000,0.000000,0.000000,0.000000,26313,172,261,87
"27,4",38,121875,11,1,1035,2,11,191,296,0,4,7,0.883333,0.116667,0.000000,0.000000,0.000000,0.000000,0.000000,0.775424,0.194915,0.025424,0.004237,0.000000,0.000000,0.000000,27495,180,294,114
"27,5",40,121875,11,1,1038,2,10,98,147,0,4,10,0.955556,0.044444,0.000000,0.000000,0.000000,0.000000,0.000000,0.800738,0.151292,0.029520,0.018450,0.000000,0.000000,0.000000,27495,180,302,122
"27,6",44,121875,11,1,1034,2,11,193,290,0,4,6,0.888889,0.111111,0.000000,0.000000,0.000000,0.000000,0.000000,0.753968,0.198413,0.039683,0.003968,0.003968,0.000000,0.000000,27495,180,326,146
"27,7",37,121875,11,1,1047,2,13,336,495,0,4,6,0.838889,0.150000,0.011111,0.000000,0.000000,0.000000,0.000000,0.762931,0.202586,0.030172,0.004310,0.000000,0.000000,0.000000,27181,178,290,110
"27,8",41,121875,11,1,1040,2,11,141,277,0,4,8,0.911111,0.088889,0.000000,0.000000,0.000000,0.000000,0.000000,0.747170,0.215094,0.026415,0.011321,0.000000,0.000000,0.000000,27495,180,307,127
"27,9",36,121875,11,1,1037,2,14,522,770,0,4,5,0.704663,0.207254,0.088083,0.000000,0.000000,0.000000,0.000000,0.784689,0.172249,0.043062,0.000000,0.000000,0.000000,0.000000,26816,176,285,105
"27,10",38,121875,11,1,1032,2,8,172,504,0,4,6,0.927778,0.055556,0.016667,0.000000,0.000000,0.000000,0.000000,0.811475,0.163934,0.020492,0.004098,0.000000,0.000000,0.000000,27040,177,291,111
"27,11",41,121875,11,1,1040,2,9,103,191,0,4,5,0.944444,0.055556,0.000000,0.000000,0.000000,0.000000,0.000000,0.823077,0.150000,0.019231,0.007692,0.000000,0.000000,0.000000,27495,180,306,126
"27,12",34,121875,11,1,1028,2,12,522,738,0,4,5,0.766667,0.172222,0.061111,0.000000,0.000000,0.000000,0.000000,0.830275,0.151376,0.018349,0.000000,0.000000,0.000000,0.000000,25805,169,266,92
"27,13",39,121875,11,1,1037,2,12,291,513,0,5,7,0.839779,0.138122,0.022099,0.000000,0.000000,0.000000,0.000000,0.783550,0.164502,0.047619,0.004329,0.000000,0.000000,0.000000,26956,177,297,117
"27,14",46,121875,11,1,1034,2,12,476,562,0,4,8,0.838889,0.116667,0.044444,0.000000,0.000000,0.000000,0.000000,0.797619,0.170635,0.027778,0.003968,0.000000,0.000000,0.000000,26214,172,331,153
"27,15",45,121875,11,1,1040,2,25,452,532,0,4,6,0.696133,0.270718,0.033149,0.000000,0.000000,0.000000,0.000000,0.787736,0.183962,0.028302,0.000000,0.000000,0.000000,0.000000,26714,175,332,152
"27,16",39,121875,11,1,1039,2,11,230,371,0,4,6,0.896175,0.103825,0.000000,0.000000,0.000000,0.000000,0.000000,0.796748,0.182927,0.016260,0.004065,0.000000,0.000000,0.000000,27951,183,297,117
"27,17",38,121875,11,1,1043,2,11,154,340,0,4,8,0.877778,0.122222,0.000000,0.000000,0.000000,0.000000,0.000000,0.759184,0.216327,0.024490,0.000000,0.000000,0.000000,0.000000,27495,180,292,112
"27,18",36,121875,11,1,1044,2,11,503,551,0,4,7,0.866667,0.066667,0.055556,0.011111,0.000000,0.000000,0.000000,0.795745,0.157447,0.042553,0.000000,0.004255,0.000000,0.000000,25535,168,267,97
"27,19",44,121875,11,1,1042,2,13,267,461,0,5,8,0.856354,0.132597,0.011050,0.000000,0.000000,0.000000,0.000000,0.756863,0.188235,0.043137,0.011765,0.000000,0.000000,0.000000,27240,179,323,143
"27,20",44,121875,11,1,1032,2,8,118,160,0,4,5,0.933333,0.066667,0.000000,0.000000,0.000000,0.000000,0.000000,0.791209,0.186813,0.018315,0.003663,0.000000,0.000000,0.000000,27495,180,326,146
"27,21",49,121204,10,1,1036,2,12,271,431,0,4,8,0.827778,0.166667,0.005556,0.000000,0.000000,0.000000,0.000000,0.782609,0.182609,0.030435,0.004348,0.000000,0.000000,0.000000,27266,179,354,174
"27,22",43,120684,10,1,1039,2,22,545,1105,0,4,5,0.688889,0.172222,0.105556,0.033333,0.000000,0.000000,0.000000,0.782178,0.188119,0.024752,0.004950,0.000000,0.000000,0.000000,23709,155,302,131
"27,23",42,119642,9,1,1034,2,10,263,408,0,4,5,0.855556,0.138889,0.005556,0.000000,0.000000,0.000000,0.000000,0.818565,0.164557,0.016878,0.000000,0.000000,0.000000,0.000000,27373,179,314,134
"27,24",40,118725,9,1,1039,2,11,268,569,0,4,7,0.872222,0.105556,0.022222,0.000000,0.000000,0.000000,0.000000,0.770833,0.183333,0.037500,0.008333,0.000000,0.000000,0.000000,26828,176,301,121
"27,25",39,117878,9,1,1027,2,10,152,281,0,4,5,0.913978,0.086022,0.000000,0.000000,0.000000,0.000000,0.000000,0.801556,0.167315,0.031128,0.000000,0.000000,0.000000,0.000000,28421,186,302,119
"27,26",42,117097,9,1,1030,2,12,385,551,0,4,5,0.847458,0.124294,0.028249,0.000000,0.000000,0.000000,0.000000,0.808511,0.165957,0.025532,0.000000,0.000000,0.000000,0.000000,26129,172,301,127
"27,27",41,116352,9,1,1039,2,10,109,312,0,4,5,0.944751,0.055249,0.000000,0.000000,0.000000,0.000000,0.000000,0.806691,0.167286,0.026022,0.000000,0.000000,0.000000,0.000000,27659,181,309,129
"27,28",41,115693,9,1,1038,2,12,503,546,0,4,8,0.850000,0.088889,0.050000,0.011111,0.000000,0.000000,0.000000,0.785714,0.180672,0.033613,0.000000,0.000000,0.000000,0.000000,25877,169,294,122
"27,29",45,115013,9,1,1040,2,13,212,470,0,4,6,0.877778,0.111111,0.011111,0.000000,0.000000,0.000000,0.000000,0.722433,0.243346,0.030418,0.003802,0.000000,0.000000,0.000000,27226,178,333,153
"27,30",42,114414,9,1,1035,2,13,229,325,0,4,8,0.844444,0.155556,0.000000,0.000000,0.000000,0.000000,0.000000,0.790123,0.168724,0.037037,0.004115,0.000000,0.000000,0.000000,27495,180,315,135
"27,31",44,113874,9,1,1033,2,11,538,857,0,4,6,0.816667,0.100000,0.072222,0.011111,0.000000,0.000000,0.000000,0.786611,0.188285,0.020921,0.004184,0.000000,0.000000,0.000000,25153,165,303,134
"27,32",35,113399,9,1,1037,2,13,357,500,0,4,5,0.832432,0.151351,0.016216,0.000000,0.000000,0.000000,0.000000,0.806167,0.180617,0.008811,0.004405,0.000000,0.000000,0.000000,27685,182,282,100
"27,33",39,112653,8,1,1028,2,10,281,501,0,4,5,0.883333,0.100000,0.016667,0.000000,0.000000,0.000000,0.000000,0.809339,0.167315,0.011673,0.011673,0.000000,0.000000,0.000000,27085,177,298,119
"27,34",45,111872,8,1,1037,2,11,378,523,0,4,7,0.816667,0.150000,0.033333,0.000000,0.000000,0.000000,0.000000,0.788136,0.165254,0.046610,0.000000,0.000000,0.000000,0.000000,26655,174,327,149
"27,35",37,110927,7,1,1036,2,10,73,170,0,4,8,0.967742,0.032258,0.000000,0.000000,0.000000,0.000000,0.000000,0.784404,0.169725,0.041284,0.004587,0.000000,0.000000,0.000000,23390,155,250,95
"27,36",34,109948,7,1,1039,2,8,97,169,0,4,5,0.950000,0.050000,0.000000,0.000000,0.000000,0.000000,0.000000,0.837398,0.138211,0.024390,0.000000,0.000000,0.000000,0.000000,27495,180,275,95
"27,37",35,108987,7,1,1036,2,8,118,249,0,4,5,0.927778,0.072222,0.000000,0.000000,0.000000,0.000000,0.000000,0.815261,0.156627,0.028112,0.000000,0.000000,0.000000,0.000000,27495,180,281,101
"27,38",0,108987,0,0,976,4,99999,99999,99999,99999,99999,99999,0.000000,0.000000,0.000000,0.000000,0.000000,0.000000,0.000000,0.000000,0.000000,0.000000,0.000000,0.000000,0.000000,0.000000,0,0,0,0
"27,39",0,108987,0,0,969,4,99999,99999,99999,99999,99999,99999,0.000000,0.000000,0.000000,0.000000,0.000000,0.000000,0.000000,0.000000,0.000000,0.000000,0.000000,0.000000,0.000000,0.000000,0,0,0,0
"27,40",0,108987,0,0,970,4,99999,99999,99999,99999,99999,99999,0.000000,0.000000,0.000000,0.000000,0.000000,0.000000,0.000000,0.000000,0.000000,0.000000,0.000000,0.000000,0.000000,0.000000,0,0,0,0
"27,41",0,108987,0,0,967,4,99999,99999,99999,99999,99999,99999,0.000000,0.000000,0.000000,0.000000,0.000000,0.000000,0.000000,0.000000,0.000000,0.000000,0.000000,0.000000,0.000000,0.000000,0,0,0,0
"27,42",0,108987,0,0,981,4,99999,99999,99999,99999,99999,99999,0.000000,0.000000,0.000000,0.000000,0.000000,0.000000,0.000000,0.000000,0.000000,0.000000,0.000000,0.000000,0.000000,0.000000,0,0,0,0
"27,43",0,108987,0,0,977,4,99999,99999,99999,99999,99999,99999,0.000000,0.000000,0.000000,0.000000,0.000000,0.000000,0.000000,0.000000,0.000000,0.000000,0.000000,0.000000,0.000000,0.000000,0,0,0,0
"27,44",0,108987,0,0,979,4,99999,99999,99999,99999,99999,99999,0.000000,0.000000,0.000000,0.000000,0.000000,0.000000,0.000000,0.000000,0.000000,0.000000,0.000000,0.000000,0.000000,0.000000,0,0,0,0
"27,45",0,108987,0,0,979,4,99999,99999,99999,99999,99999,99999,0.000000,0.000000,0.000000,0.000000,0.000000,0.000000,0.000000,0.000000,0.000000,0.000000,0.000000,0.000000,0.000000,0.000000,0,0,0,0
"27,46",0,108987,0,0,968,4,99999,99999,99999,99999,99999,99999,0.000000,0.000000,0.000000,0.000000,0.000000,0.000000,0.000000,0.000000,0.000000,0.000000,0.000000,0.000000,0.000000,0.000000,0,0,0,0
"27,47",0,108987,0,0,978,4,99999,99999,99999,99999,99999,99999,0.000000,0.000000,0.000000,0.000000,0.000000,0.000000,0.000000,0.000000,0.000000,0.000000,0.000000,0.000000,0.000000,0.000000,0,0,0,0
"27,48",0,108987,0,0,973,4,99999,99999,99999,99999,99999,99999,0.000000,0.000000,0.000000,0.000000,0.000000,0.000000,0.000000,0.000000,0.000000,0.000000,0.000000,0.000000,0.000000,0.000000,0,0,0,0
"27,49",0,108987,0,0,980,4,99999,99999,99999,99999,99999,99999,0.000000,0.000000,0.000000,0.000000,0.000000,0.000000,0.000000,0.000000,0.000000,0.000000,0.000000,0.000000,0.000000,0.000000,0,0,0,0
"27,50",0,108987,0,0,969,4,99999,99999,99999,99999,99999,99999,0.000000,0.000000,0.000000,0.000000,0.000000,0.000000,0.000000,0.000000,0.000000,0.000000,0.000000,0.000000,0.000000,0.000000,0,0,0,0
"27,51",0,108987,0,0,973,4,99999,99999,99999,99999,99999,99999,0.000000,0.000000,0.000000,0.000000,0.000000,0.000000,0.000000,0.000000,0.000000,0.000000,0.000000,0.000000,0.000000,0.000000,0,0,0,0
"27,52",0,108987,0,0,978,4,99999,99999,99999,99999,99999,99999,0.000000,0.000000,0.000000,0.000000,0.000000,0.000000,0.000000,0.000000,0.000000,0.000000,0.000000,0.000000,0.000000,0.000000,0,0,0,0
"27,53",0,108987,0,0,975,4,99999,99999,99999,99999,99999,99999,0.000000,0.000000,0.000000,0.000000,0.000000,0.000000,0.000000,0.000000,0.000000,0.000000,0.000000,0.000000,0.000000,0.000000,0,0,0,0
"27,54",0,108987,0,0,970,4,99999,99999,99999,99999,99999,99999,0.000000,0.000000,0.000000,0.000000,0.000000,0.000000,0.000000,0.000000,0.000000,0.000000,0.000000,0.000000,0.000000,0.000000,0,0,0,0
"27,55",0,108987,0,0,979,4,99999,99999,99999,99999,99999,99999,0.000000,0.000000,0.000000,0.000000,0.000000,0.000000,0.000000,0.000000,0.000000,0.000000,0.000000,0.000000,0.000000,0.000000,0,0,0,0
"27,56",0,108987,0,0,969,4,99999,99999,99999,99999,99999,99999,0.000000,0.000000,0.000000,0.000000,0.000000,0.000000,0.000000,0.000000,0.000000,0.000000,0.000000,0.000000,0.000000,0.000000,0,0,0,0
"27,57",0,108987,0,0,981,4,99999,99999,99999,99999,99999,99999,0.000000,0.000000,0.000000,0.000000,0.000000,0.000000,0.000000,0.000000,0.000000,0.000000,0.000000,0.000000,0.000000,0.000000,0,0,0,0
"27,58",0,108987,0,0,1004,4,99999,99999,99999,99999,99999,99999,0.000000,0.000000,0.000000,0.000000,0.000000,0.000000,0.000000,0.000000,0.000000,0.000000,0.000000,0.000000,0.000000,0.000000,0,0,0,0
"27,59",0,108987,0,0,70,4,99999,99999,99999,99999,99999,99999,0.000000,0.000000,0.000000,0.000000,0.000000,0.000000,0.000000,0.000000,0.000000,0.000000,0.000000,0.000000,0.000000,0.000000,0,0,0,0
"27,60",0,108987,0,0,81,4,99999,99999,99999,99999,99999,99999,0.000000,0.000000,0.000000,0.000000,0.000000,0.000000,0.000000,0.000000,0.000000,0.000000,0.000000,0.000000,0.000000,0.000000,0,0,0,0
"27,61",0,108987,0,0,82,4,99999,99999,99999,99999,99999,99999,0.000000,0.000000,0.000000,0.000000,0.000000,0.000000,0.000000,0.000000,0.000000,0.000000,0.000000,0.000000,0.000000,0.000000,0,0,0,0
"27,62",0,108987,0,0,82,4,99999,99999,99999,99999,99999,99999,0.000000,0.000000,0.000000,0.000000,0.000000,0.000000,0.000000,0.000000,0.000000,0.000000,0.000000,0.000000,0.000000,0.000000,0,0,0,0
"27,63",0,108987,0,0,75,4,99999,99999,99999,99999,99999,99999,0.000000,0.000000,0.000000,0.000000,0.000000,0.000000,0.000000,0.000000,0.000000,0.000000,0.000000,0.000000,0.000000,0.000000,0,0,0,0
"27,64",0,108987,0,0,70,4,99999,99999,99999,99999,99999,99999,0.000000,0.000000,0.000000,0.000000,0.000000,0.000000,0.000000,0.000000,0.000000,0.000000,0.000000,0.000000,0.000000,0.000000,0,0,0,0
"27,65",0,108987,0,0,71,4,99999,99999,99999,99999,99999,99999,0.000000,0.000000,0.000000,0.000000,0.000000,0.000000,0.000000,0.000000,0.000000,0.000000,0.000000,0.000000,0.000000,0.000000,0,0,0,0
"27,66",0,108987,0,0,74,4,99999,99999,99999,99999,99999,99999,0.000000,0.000000,0.000000,0.000000,0.000000,0.000000,0.000000,0.000000,0.000000,0.000000,0.000000,0.000000,0.000000,0.000000,0,0,0,0
"27,67",0,108987,0,0,72,4,99999,99999,99999,99999,99999,99999,0.000000,0.000000,0.000000,0.000000,0.000000,0.000000,0.000000,0.000000,0.000000,0.000000,0.000000,0.000000,0.000000,0.000000,0,0,0,0
"27,68",0,108987,0,0,76,4,99999,99999,99999,99999,99999,99999,0.000000,0.000000,0.000000,0.000000,0.000000,0.000000,0.000000,0.000000,0.000000,0.000000,0.000000,0.000000,0.000000,0.000000,0,0,0,0
"27,69",0,108987,0,0,48,4,99999,99999,99999,99999,99999,99999,0.000000,0.000000,0.000000,0.000000,0.000000,0.000000,0.000000,0.000000,0.000000,0.000000,0.000000,0.000000,0.000000,0.000000,0,0,0,0
"27,70",0,108987,0,0,8,4,99999,99999,99999,99999,99999,99999,0.000000,0.000000,0.000000,0.000000,0.000000,0.000000,0.000000,0.000000,0.000000,0.000000,0.000000,0.000000,0.000000,0.000000,0,0,0,0
"27,71",0,108987,0,0,10,4,99999,99999,99999,99999,99999,99999,0.000000,0.000000,0.000000,0.000000,0.000000,0.000000,0.000000,0.000000,0.000000,0.000000,0.000000,0.000000,0.000000,0.000000,0,0,0,0
"27,72",0,108987,0,0,8,4,99999,99999,99999,99999,99999,99999,0.000000,0.000000,0.000000,0.000000,0.000000,0.000000,0.000000,0.000000,0.000000,0.000000,0.000000,0.000000,0.000000,0.000000,0,0,0,0
"27,73",0,108987,0,0,10,4,99999,99999,99999,99999,99999,99999,0.000000,0.000000,0.000000,0.000000,0.000000,0.000000,0.000000,0.000000,0.000000,0.000000,0.000000,0.000000,0.000000,0.000000,0,0,0,0
"27,74",0,108987,0,0,8,4,99999,99999,99999,99999,99999,99999,0.000000,0.000000,0.000000,0.000000,0.000000,0.000000,0.000000,0.000000,0.000000,0.000000,0.000000,0.000000,0.000000,0.000000,0,0,0,0
"28,1",44,109330,11,1,1028,2,18,530,605,0,4,6,0.694444,0.177778,0.127778,0.000000,0.000000,0.000000,0.000000,0.778302,0.179245,0.042453,0.000000,0.000000,0.000000,0.000000,24442,158,297,132
"28,2",40,109643,11,1,1042,2,15,420,575,0,4,6,0.827778,0.138889,0.033333,0.000000,0.000000,0.000000,0.000000,0.748936,0.212766,0.029787,0.008511,0.000000,0.000000,0.000000,26424,174,297,119
"28,3",38,109941,11,1,1026,2,10,496,635,0,4,5,0.838889,0.116667,0.044444,0.000000,0.000000,0.000000,0.000000,0.806584,0.172840,0.016461,0.004115,0.000000,0.000000,0.000000,26514,172,291,112
"28,4",47,110276,11,1,1043,2,18,210,316,0,5,8,0.845304,0.154696,0.000000,0.000000,0.000000,0.000000,0.000000,0.732824,0.183206,0.080153,0.003817,0.000000,0.000000,0.000000,27659,181,345,165
"28,5",43,110567,11,1,1036,2,12,172,384,0,4,5,0.900000,0.100000,0.000000,0.000000,0.000000,0.000000,0.000000,0.814126,0.156134,0.029740,0.000000,0.000000,0.000000,0.000000,27495,180,318,138
"28,6",37,110825,11,1,1029,2,9,101,240,0,4,5,0.944444,0.055556,0.000000,0.000000,0.000000,0.000000,0.000000,0.788235,0.188235,0.019608,0.003922,0.000000,0.000000,0.000000,27495,180,290,110
"28,7",39,111071,11,1,1043,2,13,276,503,0,4,8,0.866667,0.116667,0.016667,0.000000,0.000000,0.000000,0.000000,0.743902,0.219512,0.036585,0.000000,0.000000,0.000000,0.000000,27129,177,297,118
"28,8",39,111297,11,1,1039,2,13,426,544,0,4,8,0.855556,0.100000,0.044444,0.000000,0.000000,0.000000,0.000000,0.783333,0.175000,0.033333,0.008333,0.000000,0.000000,0.000000,26153,172,289,115
"28,9",37,111507,11,1,1044,2,12,535,989,0,4,5,0.813472,0.082902,0.082902,0.020725,0.000000,0.000000,0.000000,0.821739,0.165217,0.008696,0.004348,0.000000,0.000000,0.000000,26225,173,278,105
"28,10",38,111721,11,1,1030,2,8,58,120,0,4,5,0.983333,0.016667,0.000000,0.000000,0.000000,0.000000,0.000000,0.815498,0.147601,0.036900,0.000000,0.000000,0.000000,0.000000,27495,180,292,112
"28,11",42,111941,11,1,1037,2,10,128,188,0,4,7,0.939227,0.060773,0.000000,0.000000,0.000000,0.000000,0.000000,0.743295,0.214559,0.042146,0.000000,0.000000,0.000000,0.000000,27659,181,312,132
"28,12",42,112153,11,1,1031,2,10,144,312,0,4,5,0.927778,0.072222,0.000000,0.000000,0.000000,0.000000,0.000000,0.773585,0.181132,0.041509,0.003774,0.000000,0.000000,0.000000,27495,180,314,134
"28,13",39,112342,11,1,1029,2,11,246,519,0,4,5,0.905556,0.066667,0.027778,0.000000,0.000000,0.000000,0.000000,0.772727,0.196970,0.030303,0.000000,0.000000,0.000000,0.000000,26809,175,294,117
"28,14",37,112518,11,1,1041,2,11,380,550,0,4,6,0.892473,0.069892,0.037634,0.000000,0.000000,0.000000,0.000000,0.792000,0.180000,0.024000,0.004000,0.000000,0.000000,0.000000,27323,179,286,107
"28,15",35,112685,11,1,1033,2,7,98,194,0,4,6,0.955556,0.044444,0.000000,0.000000,0.000000,0.000000,0.000000,0.829365,0.134921,0.031746,0.003968,0.000000,0.000000,0.000000,27495,180,278,98
"28,16",32,112843,11,1,1034,2,9,167,456,0,4,7,0.914894,0.074468,0.010638,0.000000,0.000000,0.000000,0.000000,0.801619,0.161943,0.028340,0.008097,0.000000,0.000000,0.000000,28421,186,275,89
"28,17",49,113039,11,1,1040,2,11,125,224,0,4,8,0.927778,0.072222,0.000000,0.000000,0.000000,0.000000,0.000000,0.759717,0.197880,0.035336,0.007067,0.000000,0.000000,0.000000,27495,180,355,175
"28,18",42,113207,11,1,1028,2,11,307,500,0,4,7,0.829787,0.154255,0.015957,0.000000,0.000000,0.000000,0.000000,0.804167,0.162500,0.029167,0.000000,0.004167,0.000000,0.000000,28285,185,315,134
"28,19",36,113356,11,1,1028,2,10,161,427,0,4,8,0.927778,0.066667,0.005556,0.000000,0.000000,0.000000,0.000000,0.792000,0.184000,0.024000,0.000000,0.000000,0.000000,0.000000,27323,179,282,102
"28,20",35,113496,11,1,1042,2,10,84,133,0,4,7,0.955556,0.044444,0.000000,0.000000,0.000000,0.000000,0.000000,0.784000,0.180000,0.032000,0.004000,0.000000,0.000000,0.000000,27495,180,278,98
"28,21",39,113638,11,1,1037,2,11,503,556,0,4,6,0.827778,0.111111,0.061111,0.000000,0.000000,0.000000,0.000000,0.789700,0.175966,0.025751,0.008584,0.000000,0.000000,0.000000,25652,169,289,115
"28,22",37,113577,10,1,1030,2,15,529,671,0,4,9,0.750000,0.150000,0.100000,0.000000,0.000000,0.000000,0.000000,0.797170,0.150943,0.037736,0.014151,0.000000,0.000000,0.000000,24605,162,272,103
"28,23",36,113519,10,1,1033,2,11,350,524,0,4,4,0.836842,0.131579,0.031579,0.000000,0.000000,0.000000,0.000000,0.825328,0.165939,0.008734,0.000000,0.000000,0.000000,0.000000,28065,184,288,104
"28,24",38,113264,9,1,1038,2,11,528,862,0,4,5,0.776596,0.154255,0.058511,0.010638,0.000000,0.000000,0.000000,0.860577,0.110577,0.024038,0.004808,0.000000,0.000000,0.000000,26855,175,291,111
"28,25",37,113021,9,1,1034,2,9,191,311,0,4,6,0.911111,0.088889,0.000000,0.000000,0.000000,0.000000,0.000000,0.803213,0.160643,0.036145,0.000000,0.000000,0.000000,0.000000,27495,180,289,109
"28,26",51,112732,9,1,1032,2,12,468,529,0,4,8,0.769231,0.181319,0.049451,0.000000,0.000000,0.000000,0.000000,0.788136,0.186441,0.016949,0.008475,0.000000,0.000000,0.000000,26651,173,365,188
"28,27",46,112481,9,1,1039,2,33,533,678,0,4,6,0.631868,0.258242,0.109890,0.000000,0.000000,0.000000,0.000000,0.727273,0.237374,0.030303,0.005051,0.000000,0.000000,0.000000,24809,162,319,149
"28,28",38,112257,9,1,1038,2,11,255,408,0,4,5,0.870968,0.129032,0.000000,0.000000,0.000000,0.000000,0.000000,0.795082,0.176230,0.024590,0.004098,0.000000,0.000000,0.000000,28421,186,297,113
"28,29",42,112015,9,1,1027,2,9,471,541,0,4,4,0.827778,0.127778,0.044444,0.000000,0.000000,0.000000,0.000000,0.824034,0.167382,0.008584,0.000000,0.000000,0.000000,0.000000,26356,172,312,134
"28,30",41,111795,9,1,1042,2,14,508,627,0,5,8,0.783333,0.161111,0.055556,0.000000,0.000000,0.000000,0.000000,0.770925,0.176211,0.044053,0.008811,0.000000,0.000000,0.000000,25783,170,307,128
"28,31",43,111573,9,1,1041,2,13,333,445,0,4,7,0.822222,0.177778,0.000000,0.000000,0.000000,0.000000,0.000000,0.789916,0.189076,0.016807,0.004202,0.000000,0.000000,0.000000,27495,180,321,141
"28,32",45,111351,9,1,1029,2,10,258,408,0,4,6,0.829670,0.170330,0.000000,0.000000,0.000000,0.000000,0.000000,0.800000,0.184000,0.016000,0.000000,0.000000,0.000000,0.000000,27777,182,334,153
"28,33",37,111027,8,1,1041,2,10,118,226,0,4,9,0.922222,0.077778,0.000000,0.000000,0.000000,0.000000,0.000000,0.799163,0.163180,0.025105,0.012552,0.000000,0.000000,0.000000,27495,180,288,108
"28,34",43,110705,8,1,1032,2,13,513,603,0,4,8,0.777778,0.138889,0.083333,0.000000,0.000000,0.000000,0.000000,0.794760,0.165939,0.034934,0.004367,0.000000,0.000000,0.000000,25234,165,297,128
"28,35",44,110153,7,1,1024,2,8,146,293,0,4,5,0.933702,0.066298,0.000000,0.000000,0.000000,0.000000,0.000000,0.779783,0.198556,0.021661,0.000000,0.000000,0.000000,0.000000,27561,181,324,143
"28,36",43,109644,7,1,1042,2,13,524,530,0,4,6,0.788889,0.138889,0.072222,0.000000,0.000000,0.000000,0.000000,0.764957,0.205128,0.029915,0.000000,0.000000,0.000000,0.000000,25466,167,304,133
"28,37",41,109146,7,1,1031,2,12,357,523,0,4,5,0.836066,0.136612,0.027322,0.000000,0.000000,0.000000,0.000000,0.797468,0.189873,0.012658,0.000000,0.000000,0.000000,0.000000,27214,178,303,125
"28,38",0,109146,0,0,976,4,99999,99999,99999,99999,99999,99999,0.000000,0.000000,0.000000,0.000000,0.000000,0.000000,0.000000,0.000000,0.000000,0.000000,0.000000,0.000000,0.000000,0.000000,0,0,0,0
"28,39",0,109146,0,0,970,4,99999,99999,99999,99999,99999,99999,0.000000,0.000000,0.000000,0.000000,0.000000,0.000000,0.000000,0.000000,0.000000,0.000000,0.000000,0.000000,0.000000,0.000000,0,0,0,0
"28,40",0,109146,0,0,975,4,99999,99999,99999,99999,99999,99999,0.000000,0.000000,0.000000,0.000000,0.000000,0.000000,0.000000,0.000000,0.000000,0.000000,0.000000,0.000000,0.000000,0.000000,0,0,0,0
"28,41",0,109146,0,0,974,4,99999,99999,99999,99999,99999,99999,0.000000,0.000000,0.000000,0.000000,0.000000,0.000000,0.000000,0.000000,0.000000,0.000000,0.000000,0.000000,0.000000,0.000000,0,0,0,0
"28,42",0,109146,0,0,979,4,99999,99999,99999,99999,99999,99999,0.000000,0.000000,0.000000,0.000000,0.000000,0.000000,0.000000,0.000000,0.000000,0.000000,0.000000,0.000000,0.000000,0.000000,0,0,0,0
"28,43",0,109146,0,0,957,4,99999,99999,99999,99999,99999,99999,0.000000,0.000000,0.000000,0.000000,0.000000,0.000000,0.000000,0.000000,0.000000,0.000000,0.000000,0.000000,0.000000,0.000000,0,0,0,0
"28,44",0,109146,0,0,980,4,99999,99999,99999,99999,99999,99999,0.000000,0.000000,0.000000,0.000000,0.000000,0.000000,0.000000,0.000000,0.000000,0.000000,0.000000,0.000000,0.000000,0.000000,0,0,0,0
"28,45",0,109146,0,0,974,4,99999,99999,99999,99999,99999,99999,0.000000,0.000000,0.000000,0.000000,0.000000,0.000000,0.000000,0.000000,0.000000,0.000000,0.000000,0.000000,0.000000,0.000000,0,0,0,0
"28,46",0,109146,0,0,967,4,99999,99999,99999,99999,99999,99999,0.000000,0.000000,0.000000,0.000000,0.000000,0.000000,0.000000,0.000000,0.000000,0.000000,0.000000,0.000000,0.000000,0.000000,0,0,0,0
"28,47",0,109146,0,0,969,4,99999,99999,99999,99999,99999,99999,0.000000,0.000000,0.000000,0.000000,0.000000,0.000000,0.000000,0.000000,0.000000,0.000000,0.000000,0.000000,0.000000,0.000000,0,0,0,0
"28,48",0,109146,0,0,970,4,99999,99999,99999,99999,99999,99999,0.000000,0.000000,0.000000,0.000000,0.000000,0.000000,0.000000,0.000000,0.000000,0.000000,0.000000,0.000000,0.000000,0.000000,0,0,0,0
"28,49",0,109146,0,0,976,4,99999,99999,99999,99999,99999,99999,0.000000,0.000000,0.000000,0.000000,0.000000,0.000000,0.000000,0.000000,0.000000,0.000000,0.000000,0.000000,0.000000,0.000000,0,0,0,0
"28,50",0,109146,0,0,973,4,99999,99999,99999,99999,99999,99999,0.000000,0.000000,0.000000,0.000000,0.000000,0.000000,0.000000,0.000000,0.000000,0.000000,0.000000,0.000000,0.000000,0.000000,0,0,0,0
"28,51",0,109146,0,0,972,4,99999,99999,99999,99999,99999,99999,0.000000,0.000000,0.000000,0.000000,0.000000,0.000000,0.000000,0.000000,0.000000,0.000000,0.000000,0.000000,0.000000,0.000000,0,0,0,0
"28,52",0,109146,0,0,979,4,99999,99999,99999,99999,99999,99999,0.000000,0.000000,0.000000,0.000000,0.000000,0.000000,0.000000,0.000000,0.000000,0.000000,0.000000,0.000000,0.000000,0.000000,0,0,0,0
"28,53",0,109146,0,0,961,4,99999,99999,99999,99999,99999,99999,0.000000,0.000000,0.000000,0.000000,0.000000,0.000000,0.000000,0.000000,0.000000,0.000000,0.000000,0.000000,0.000000,0.000000,0,0,0,0
"28,54",0,109146,0,0,973,4,99999,99999,99999,99999,99999,99999,0.000000,0.000000,0.000000,0.000000,0.000000,0.000000,0.000000,0.000000,0.000000,0.000000,0.000000,0.000000,0.000000,0.000000,0,0,0,0
"28,55",0,109146,0,0,967,4,99999,99999,99999,99999,99999,99999,0.000000,0.000000,0.000000,0.000000,0.000000,0.000000,0.000000,0.000000,0.000000,0.000000,0.000000,0.000000,0.000000,0.000000,0,0,0,0
"28,56",0,109146,0,0,976,4,99999,99999,99999,99999,99999,99999,0.000000,0.000000,0.000000,0.000000,0.000000,0.000000,0.000000,0.000000,0.000000,0.000000,0.000000,0.000000,0.000000,0.000000,0,0,0,0
"28,57",0,109146,0,0,977,4,99999,99999,99999,99999,99999,99999,0.000000,0.000000,0.000000,0.000000,0.000000,0.000000,0.000000,0.000000,0.000000,0.000000,0.000000,0.000000,0.000000,0.000000,0,0,0,0
"28,58",0,109146,0,0,962,4,99999,99999,99999,99999,99999,99999,0.000000,0.000000,0.000000,0.000000,0.000000,0.000000,0.000000,0.000000,0.000000,0.000000,0.000000,0.000000,0.000000,0.000000,0,0,0,0
"28,59",0,109146,0,0,75,4,99999,99999,99999,99999,99999,99999,0.000000,0.000000,0.000000,0.000000,0.000000,0.000000,0.000000,0.000000,0.000000,0.000000,0.000000,0.000000,0.000000,0.000000,0,0,0,0
"28,60",0,109146,0,0,72,4,99999,99999,99999,99999,99999,99999,0.000000,0.000000,0.000000,0.000000,0.000000,0.000000,0.000000,0.000000,0.000000,0.000000,0.000000,0.000000,0.000000,0.000000,0,0,0,0
"28,61",0,109146,0,0,65,4,99999,99999,99999,99999,99999,99999,0.000000,0.000000,0.000000,0.000000,0.000000,0.000000,0.000000,0.000000,0.000000,0.000000,0.000000,0.000000,0.000000,0.000000,0,0,0,0
"28,62",0,109146,0,0,66,4,99999,99999,99999,99999,99999,99999,0.000000,0.000000,0.000000,0.000000,0.000000,0.000000,0.000000,0.000000,0.000000,0.000000,0.000000,0.000000,0.000000,0.000000,0,0,0,0
"28,63",0,109146,0,0,70,4,99999,99999,99999,99999,99999,99999,0.000000,0.000000,0.000000,0.000000,0.000000,0.000000,0.000000,0.000000,0.000000,0.000000,0.000000,0.000000,0.000000,0.000000,0,0,0,0
"28,64",0,109146,0,0,74,4,99999,99999,99999,99999,99999,99999,0.000000,0.000000,0.000000,0.000000,0.000000,0.000000,0.000000,0.000000,0.000000,0.000000,0.000000,0.000000,0.000000,0.000000,0,0,0,0
"28,65",0,109146,0,0,76,4,99999,99999,99999,99999,99999,99999,0.000000,0.000000,0.000000,0.000000,0.000000,0.000000,0.000000,0.000000,0.000000,0.000000,0.000000,0.000000,0.000000,0.000000,0,0,0,0
"28,66",0,109146,0,0,71,4,99999,99999,99999,99999,99999,99999,0.000000,0.000000,0.000000,0.000000,0.000000,0.000000,0.000000,0.000000,0.000000,0.000000,0.000000,0.000000,0.000000,0.000000,0,0,0,0
"28,67",0,109146,0,0,72,4,99999,99999,99999,99999,99999,99999,0.000000,0.000000,0.000000,0.000000,0.000000,0.000000,0.000000,0.000000,0.000000,0.000000,0.000000,0.000000,0.000000,0.000000,0,0,0,0
"28,68",0,109146,0,0,76,4,99999,99999,99999,99999,99999,99999,0.000000,0.000000,0.000000,0.000000,0.000000,0.000000,0.000000,0.000000,0.000000,0.000000,0.000000,0.000000,0.000000,0.000000,0,0,0,0
"28,69",0,109146,0,0,77,4,99999,99999,99999,99999,99999,99999,0.000000,0.000000,0.000000,0.000000,0.000000,0.000000,0.000000,0.000000,0.000000,0.000000,0.000000,0.000000,0.000000,0.000000,0,0,0,0
"28,70",0,109146,0,0,8,4,99999,99999,99999,99999,99999,99999,0.000000,0.000000,0.000000,0.000000,0.000000,0.000000,0.000000,0.000000,0.000000,0.000000,0.000000,0.000000,0.000000,0.000000,0,0,0,0
"28,71",0,109146,0,0,8,4,99999,99999,99999,99999,99999,99999,0.000000,0.000000,0.000000,0.000000,0.000000,0.000000,0.000000,0.000000,0.000000,0.000000,0.000000,0.000000,0.000000,0.000000,0,0,0,0
"28,72",0,109146,0,0,10,4,99999,99999,99999,99999,99999,99999,0.000000,0.000000,0.000000,0.000000,0.000000,0.000000,0.000000,0.000000,0.000000,0.000000,0.000000,0.000000,0.000000,0.000000,0,0,0,0
"28,73",0,109146,0,0,8,4,99999,99999,99999,99999,99999,99999,0.000000,0.000000,0.000000,0.000000,0.000000,0.000000,0.000000,0.000000,0.000000,0.000000,0.000000,0.000000,0.000000,0.000000,0,0,0,0
"28,74",0,109146,0,0,9,4,99999,99999,99999,99999,99999,99999,0.000000,0.000000,0.000000,0.000000,0.000000,0.000000,0.000000,0.000000,0.000000,0.000000,0.000000,0.000000,0.000000,0.000000,0,0,0,0
"29,1",40,121875,11,1,1034,2,9,88,135,0,4,6,0.972222,0.027778,0.000000,0.000000,0.000000,0.000000,0.000000,0.765568,0.212454,0.018315,0.003663,0.000000,0.000000,0.000000,27495,180,302,122
"29,2",40,121875,11,1,1042,2,7,90,435,0,4,6,0.950000,0.044444,0.005556,0.000000,0.000000,0.000000,0.000000,0.800000,0.176471,0.023529,0.000000,0.000000,0.000000,0.000000,27389,179,305,125
"29,3",36,121875,11,1,1032,2,11,507,543,0,4,8,0.856354,0.088398,0.049724,0.005525,0.000000,0.000000,0.000000,0.801724,0.146552,0.043103,0.008621,0.000000,0.000000,0.000000,26047,171,273,101
"29,4",43,121875,11,1,1032,2,12,220,408,0,4,6,0.855556,0.138889,0.005556,0.000000,0.000000,0.000000,0.000000,0.761905,0.202381,0.031746,0.003968,0.000000,0.000000,0.000000,27377,179,316,136
"29,5",40,121875,11,1,1043,2,13,346,534,0,4,6,0.833333,0.138889,0.027778,0.000000,0.000000,0.000000,0.000000,0.808511,0.157447,0.029787,0.004255,0.000000,0.000000,0.000000,26697,175,300,122
"29,6",41,121875,11,1,1035,2,13,342,741,0,5,5,0.835052,0.128866,0.036082,0.000000,0.000000,0.000000,0.000000,0.764259,0.182510,0.053232,0.000000,0.000000,0.000000,0.000000,28548,187,318,131
"29,7",39,121875,11,1,1038,2,10,177,339,0,5,8,0.917582,0.082418,0.000000,0.000000,0.000000,0.000000,0.000000,0.796813,0.143426,0.055777,0.003984,0.000000,0.000000,0.000000,27777,182,296,116
"29,8",36,121875,11,1,1047,2,12,368,510,0,4,8,0.844444,0.138889,0.016667,0.000000,0.000000,0.000000,0.000000,0.780172,0.181034,0.034483,0.004310,0.000000,0.000000,0.000000,27150,177,283,103
"29,9",49,121875,11,1,1032,2,15,550,754,0,4,8,0.786164,0.113208,0.100629,0.000000,0.000000,0.000000,0.000000,0.773756,0.190045,0.031674,0.004525,0.000000,0.000000,0.000000,21715,143,292,145
"29,10",37,121875,11,1,1035,2,10,360,503,0,4,5,0.838889,0.144444,0.016667,0.000000,0.000000,0.000000,0.000000,0.828194,0.154185,0.017621,0.000000,0.000000,0.000000,0.000000,27118,177,287,107
"29,11",40,121875,11,1,1033,2,10,128,214,0,4,5,0.933333,0.066667,0.000000,0.000000,0.000000,0.000000,0.000000,0.800766,0.183908,0.015326,0.000000,0.000000,0.000000,0.000000,27495,180,304,124
"29,12",39,121875,11,1,1028,2,9,338,500,0,4,8,0.844444,0.144444,0.011111,0.000000,0.000000,0.000000,0.000000,0.833333,0.145299,0.021368,0.000000,0.000000,0.000000,0.000000,27175,178,298,118
"29,13",38,121875,11,1,1029,2,8,65,114,0,4,5,0.977778,0.022222,0.000000,0.000000,0.000000,0.000000,0.000000,0.814394,0.159091,0.026515,0.000000,0.000000,0.000000,0.000000,27495,180,294,114
"29,14",38,121875,11,1,1039,2,9,124,214,0,4,7,0.933333,0.066667,0.000000,0.000000,0.000000,0.000000,0.000000,0.811538,0.146154,0.042308,0.000000,0.000000,0.000000,0.000000,27495,180,294,114
"29,15",42,121875,11,1,1035,2,13,290,543,0,5,7,0.861111,0.105556,0.033333,0.000000,0.000000,0.000000,0.000000,0.789474,0.157895,0.052632,0.000000,0.000000,0.000000,0.000000,26584,174,305,129
"29,16",42,121875,11,1,1042,2,13,364,524,0,4,6,0.872222,0.088889,0.038889,0.000000,0.000000,0.000000,0.000000,0.767068,0.196787,0.036145,0.000000,0.000000,0.000000,0.000000,26384,173,304,129
"29,17",38,121875,11,1,1039,2,11,255,375,0,5,8,0.888889,0.111111,0.000000,0.000000,0.000000,0.000000,0.000000,0.801619,0.141700,0.048583,0.008097,0.000000,0.000000,0.000000,27495,180,292,112
"29,18",37,121875,11,1,1035,2,8,79,310,0,4,7,0.955801,0.044199,0.000000,0.000000,0.000000,0.000000,0.000000,0.785441,0.164751,0.042146,0.007663,0.000000,0.000000,0.000000,27561,181,288,107
"29,19",44,121875,11,1,1038,2,14,512,556,0,4,5,0.794444,0.133333,0.072222,0.000000,0.000000,0.000000,0.000000,0.760504,0.214286,0.025210,0.000000,0.000000,0.000000,0.000000,25504,167,304,135
"29,20",40,121875,11,1,1030,2,9,83,153,0,4,5,0.967033,0.032967,0.000000,0.000000,0.000000,0.000000,0.000000,0.768939,0.208333,0.022727,0.000000,0.000000,0.000000,0.000000,27777,182,302,121
"29,21",47,121875,11,1,1038,2,12,427,527,0,5,8,0.844444,0.116667,0.038889,0.000000,0.000000,0.000000,0.000000,0.814516,0.125000,0.056452,0.004032,0.000000,0.000000,0.000000,26404,173,334,157
"29,22",38,121351,10,1,1036,2,15,532,636,0,4,6,0.760870,0.141304,0.097826,0.000000,0.000000,0.000000,0.000000,0.744186,0.204651,0.051163,0.000000,0.000000,0.000000,0.000000,25264,166,280,108
"29,23",39,120866,10,1,1040,2,11,400,537,0,4,8,0.850000,0.122222,0.027778,0.000000,0.000000,0.000000,0.000000,0.778761,0.176991,0.035398,0.004425,0.004425,0.000000,0.000000,26753,175,294,115
"29,24",38,119900,9,1,1029,2,9,307,503,0,4,6,0.858696,0.125000,0.016304,0.000000,0.000000,0.000000,0.000000,0.824561,0.157895,0.017544,0.000000,0.000000,0.000000,0.000000,27623,181,299,116
"29,25",40,119049,9,1,1034,2,21,527,666,0,4,5,0.711111,0.177778,0.111111,0.000000,0.000000,0.000000,0.000000,0.780488,0.200000,0.019512,0.000000,0.000000,0.000000,0.000000,24413,161,284,115
"29,26",40,118255,9,1,1039,2,11,283,434,0,4,5,0.867816,0.126437,0.005747,0.000000,0.000000,0.000000,0.000000,0.809524,0.173160,0.017316,0.000000,0.000000,0.000000,0.000000,26493,173,293,119
"29,27",44,117431,9,1,1038,2,10,171,262,0,4,8,0.906077,0.093923,0.000000,0.000000,0.000000,0.000000,0.000000,0.775735,0.194853,0.022059,0.007353,0.000000,0.000000,0.000000,27659,181,326,146
"29,28",40,116710,9,1,1037,2,10,136,248,0,4,7,0.922222,0.077778,0.000000,0.000000,0.000000,0.000000,0.000000,0.779923,0.181467,0.034749,0.003861,0.000000,0.000000,0.000000,27495,180,303,123
"29,29",44,116054,9,1,1042,2,23,530,542,0,5,7,0.733333,0.166667,0.100000,0.000000,0.000000,0.000000,0.000000,0.719298,0.223684,0.057018,0.000000,0.000000,0.000000,0.000000,24747,162,298,134
"29,30",39,115441,9,1,1031,2,13,365,494,0,4,7,0.813830,0.175532,0.010638,0.000000,0.000000,0.000000,0.000000,0.802469,0.156379,0.037037,0.004115,0.000000,0.000000,0.000000,28421,186,305,119
"29,31",37,114924,9,1,1049,2,14,529,553,0,5,8,0.788889,0.088889,0.122222,0.000000,0.000000,0.000000,0.000000,0.745455,0.195455,0.054545,0.000000,0.004545,0.000000,0.000000,24130,158,258,98
"29,32",39,114379,9,1,1034,2,9,125,266,0,4,6,0.938889,0.061111,0.000000,0.000000,0.000000,0.000000,0.000000,0.822642,0.150943,0.018868,0.007547,0.000000,0.000000,0.000000,27495,180,298,118
"29,33",52,113390,8,1,1029,2,13,410,555,0,4,5,0.794444,0.172222,0.033333,0.000000,0.000000,0.000000,0.000000,0.795082,0.176230,0.024590,0.004098,0.000000,0.000000,0.000000,26709,174,380,200
"29,34",42,112609,8,1,1040,2,14,399,525,0,4,6,0.833333,0.133333,0.033333,0.000000,0.000000,0.000000,0.000000,0.815900,0.158996,0.020921,0.004184,0.000000,0.000000,0.000000,26532,174,306,130
"29,35",48,111970,8,1,1033,2,13,393,574,0,4,5,0.807143,0.157143,0.035714,0.000000,0.000000,0.000000,0.000000,0.803109,0.181347,0.010363,0.005181,0.000000,0.000000,0.000000,20471,135,271,132
"29,36",35,110985,7,1,1038,2,11,505,538,0,4,5,0.850000,0.094444,0.055556,0.000000,0.000000,0.000000,0.000000,0.797357,0.176211,0.026432,0.000000,0.000000,0.000000,0.000000,25868,170,268,96
"29,37",42,109991,7,1,1035,2,17,519,863,0,4,7,0.733333,0.161111,0.100000,0.005556,0.000000,0.000000,0.000000,0.803738,0.163551,0.032710,0.000000,0.000000,0.000000,0.000000,24696,161,291,125
"29,38",0,109991,0,0,971,4,99999,99999,99999,99999,99999,99999,0.000000,0.000000,0.000000,0.000000,0.000000,0.000000,0.000000,0.000000,0.000000,0.000000,0.000000,0.000000,0.000000,0.000000,0,0,0,0
"29,39",0,109991,0,0,969,4,99999,99999,99999,99999,99999,99999,0.000000,0.000000,0.000000,0.000000,0.000000,0.000000,0.000000,0.000000,0.000000,0.000000,0.000000,0.000000,0.000000,0.000000,0,0,0,0
"29,40",0,109991,0,0,981,4,99999,99999,99999,99999,99999,99999,0.000000,0.000000,0.000000,0.000000,0.000000,0.000000,0.000000,0.000000,0.000000,0.000000,0.000000,0.000000,0.000000,0.000000,0,0,0,0
"29,41",0,109991,0,0,972,4,99999,99999,99999,99999,99999,99999,0.000000,0.000000,0.000000,0.000000,0.000000,0.000000,0.000000,0.000000,0.000000,0.000000,0.000000,0.000000,0.000000,0.000000,0,0,0,0
"29,42",0,109991,0,0,966,4,99999,99999,99999,99999,99999,99999,0.000000,0.000000,0.000000,0.000000,0.000000,0.000000,0.000000,0.000000,0.000000,0.000000,0.000000,0.000000,0.000000,0.000000,0,0,0,0
"29,43",0,109991,0,0,966,4,99999,99999,99999,99999,99999,99999,0.000000,0.000000,0.000000,0.000000,0.000000,0.000000,0.000000,0.000000,0.000000,0.000000,0.000000,0.000000,0.000000,0.000000,0,0,0,0
"29,44",0,109991,0,0,975,4,99999,99999,99999,99999,99999,99999,0.000000,0.000000,0.000000,0.000000,0.000000,0.000000,0.000000,0.000000,0.000000,0.000000,0.000000,0.000000,0.000000,0.000000,0,0,0,0
"29,45",0,109991,0,0,969,4,99999,99999,99999,99999,99999,99999,0.000000,0.000000,0.000000,0.000000,0.000000,0.000000,0.000000,0.000000,0.000000,0.000000,0.000000,0.000000,0.000000,0.000000,0,0,0,0
"29,46",0,109991,0,0,972,4,99999,99999,99999,99999,99999,99999,0.000000,0.000000,0.000000,0.000000,0.000000,0.000000,0.000000,0.000000,0.000000,0.000000,0.000000,0.000000,0.000000,0.000000,0,0,0,0
"29,47",0,109991,0,0,979,4,99999,99999,99999,99999,99999,99999,0.000000,0.000000,0.000000,0.000000,0.000000,0.000000,0.000000,0.000000,0.000000,0.000000,0.000000,0.000000,0.000000,0.000000,0,0,0,0
"29,48",0,109991,0,0,973,4,99999,99999,99999,99999,99999,99999,0.000000,0.000000,0.000000,0.000000,0.000000,0.000000,0.000000,0.000000,0.000000,0.000000,0.000000,0.000000,0.000000,0.000000,0,0,0,0
"29,49",0,109991,0,0,973,4,99999,99999,99999,99999,99999,99999,0.000000,0.000000,0.000000,0.000000,0.000000,0.000000,0.000000,0.000000,0.000000,0.000000,0.000000,0.000000,0.000000,0.000000,0,0,0,0
"29,50",0,109991,0,0,960,4,99999,99999,99999,99999,99999,99999,0.000000,0.000000,0.000000,0.000000,0.000000,0.000000,0.000000,0.000000,0.000000,0.000000,0.000000,0.000000,0.000000,0.000000,0,0,0,0
"29,51",0,109991,0,0,981,4,99999,99999,99999,99999,99999,99999,0.000000,0.000000,0.000000,0.000000,0.000000,0.000000,0.000000,0.000000,0.000000,0.000000,0.000000,0.000000,0.000000,0.000000,0,0,0,0
"29,52",0,109991,0,0,975,4,99999,99999,99999,99999,99999,99999,0.000000,0.000000,0.000000,0.000000,0.000000,0.000000,0.000000,0.000000,0.000000,0.000000,0.000000,0.000000,0.000000,0.000000,0,0,0,0
"29,53",0,109991,0,0,967,4,99999,99999,99999,99999,99999,99999,0.000000,0.000000,0.000000,0.000000,0.000000,0.000000,0.000000,0.000000,0.000000,0.000000,0.000000,0.000000,0.000000,0.000000,0,0,0,0
"29,54",0,109991,0,0,969,4,99999,99999,99999,99999,99999,99999,0.000000,0.000000,0.000000,0.000000,0.000000,0.000000,0.000000,0.000000,0.000000,0.000000,0.000000,0.000000,0.000000,0.000000,0,0,0,0
"29,55",0,109991,0,0,986,4,99999,99999,99999,99999,99999,99999,0.000000,0.000000,0.000000,0.000000,0.000000,0.000000,0.000000,0.000000,0.000000,0.000000,0.000000,0.000000,0.000000,0.000000,0,0,0,0
"29,56",0,109991,0,0,966,4,99999,99999,99999,99999,99999,99999,0.000000,0.000000,0.000000,0.000000,0.000000,0.000000,0.000000,0.000000,0.000000,0.000000,0.000000,0.000000,0.000000,0.000000,0,0,0,0
"29,57",0,109991,0,0,975,4,99999,99999,99999,99999,99999,99999,0.000000,0.000000,0.000000,0.000000,0.000000,0.000000,0.000000,0.000000,0.000000,0.000000,0.000000,0.000000,0.000000,0.000000,0,0,0,0
"29,58",0,109991,0,0,972,4,99999,99999,99999,99999,99999,99999,0.000000,0.000000,0.000000,0.000000,0.000000,0.000000,0.000000,0.000000,0.000000,0.000000,0.000000,0.000000,0.000000,0.000000,0,0,0,0
"29,59",0,109991,0,0,77,4,99999,99999,99999,99999,99999,99999,0.000000,0.000000,0.000000,0.000000,0.000000,0.000000,0.000000,0.000000,0.000000,0.000000,0.000000,0.000000,0.000000,0.000000,0,0,0,0
"29,60",0,109991,0,0,66,4,99999,99999,99999,99999,99999,99999,0.000000,0.000000,0.000000,0.000000,0.000000,0.000000,0.000000,0.000000,0.000000,0.000000,0.000000,0.000000,0.000000,0.000000,0,0,0,0
"29,61",0,109991,0,0,74,4,99999,99999,99999,99999,99999,99999,0.000000,0.000000,0.000000,0.000000,0.000000,0.000000,0.000000,0.000000,0.000000,0.000000,0.000000,0.000000,0.000000,0.000000,0,0,0,0
"29,62",0,109991,0,0,78,4,99999,99999,99999,99999,99999,99999,0.000000,0.000000,0.000000,0.000000,0.000000,0.000000,0.000000,0.000000,0.000000,0.000000,0.000000,0.000000,0.000000,0.000000,0,0,0,0
"29,63",0,109991,0,0,64,4,99999,99999,99999,99999,99999,99999,0.000000,0.000000,0.000000,0.000000,0.000000,0.000000,0.000000,0.000000,0.000000,0.000000,0.000000,0.000000,0.000000,0.000000,0,0,0,0
"29,64",0,109991,0,0,72,4,99999,99999,99999,99999,99999,99999,0.000000,0.000000,0.000000,0.000000,0.000000,0.000000,0.000000,0.000000,0.000000,0.000000,0.000000,0.000000,0.000000,0.000000,0,0,0,0
"29,65",0,109991,0,0,83,4,99999,99999,99999,99999,99999,99999,0.000000,0.000000,0.000000,0.000000,0.000000,0.000000,0.000000,0.000000,0.000000,0.000000,0.000000,0.000000,0.000000,0.000000,0,0,0,0
"29,66",0,109991,0,0,77,4,99999,99999,99999,99999,99999,99999,0.000000,0.000000,0.000000,0.000000,0.000000,0.000000,0.000000,0.000000,0.000000,0.000000,0.000000,0.000000,0.000000,0.000000,0,0,0,0
"29,67",0,109991,0,0,68,4,99999,99999,99999,99999,99999,99999,0.000000,0.000000,0.000000,0.000000,0.000000,0.000000,0.000000,0.000000,0.000000,0.000000,0.000000,0.000000,0.000000,0.000000,0,0,0,0
"29,68",0,109991,0,0,75,4,99999,99999,99999,99999,99999,99999,0.000000,0.000000,0.000000,0.000000,0.000000,0.000000,0.000000,0.000000,0.000000,0.000000,0.000000,0.000000,0.000000,0.000000,0,0,0,0
"29,69",0,109991,0,0,60,4,99999,99999,99999,99999,99999,99999,0.000000,0.000000,0.000000,0.000000,0.000000,0.000000,0.000000,0.000000,0.000000,0.000000,0.000000,0.000000,0.000000,0.000000,0,0,0,0
"29,70",0,109991,0,0,10,4,99999,99999,99999,99999,99999,99999,0.000000,0.000000,0.000000,0.000000,0.000000,0.000000,0.000000,0.000000,0.000000,0.000000,0.000000,0.000000,0.000000,0.000000,0,0,0,0
"29,71",0,109991,0,0,8,4,99999,99999,99999,99999,99999,99999,0.000000,0.000000,0.000000,0.000000,0.000000,0.000000,0.000000,0.000000,0.000000,0.000000,0.000000,0.000000,0.000000,0.000000,0,0,0,0
"29,72",0,109991,0,0,7,4,99999,99999,99999,99999,99999,99999,0.000000,0.000000,0.000000,0.000000,0.000000,0.000000,0.000000,0.000000,0.000000,0.000000,0.000000,0.000000,0.000000,0.000000,0,0,0,0
"29,73",0,109991,0,0,8,4,99999,99999,99999,99999,99999,99999,0.000000,0.000000,0.000000,0.000000,0.000000,0.000000,0.000000,0.000000,0.000000,0.000000,0.000000,0.000000,0.000000,0.000000,0,0,0,0
"29,74",0,109991,0,0,9,4,99999,99999,99999,99999,99999,99999,0.000000,0.000000,0.000000,0.000000,0.000000,0.000000,0.000000,0.000000,0.000000,0.000000,0.000000,0.000000,0.000000,0.000000,0,0,0,0
"30,1",37,110300,11,1,1035,2,9,153,347,0,4,6,0.933333,0.066667,0.000000,0.000000,0.000000,0.000000,0.000000,0.817829,0.139535,0.038760,0.000000,0.003876,0.000000,0.000000,27495,180,290,110
"30,2",51,110659,11,1,1036,2,12,459,513,0,4,8,0.792350,0.158470,0.049180,0.000000,0.000000,0.000000,0.000000,0.757085,0.198381,0.036437,0.008097,0.000000,0.000000,0.000000,26460,174,362,185
"30,3",41,110950,11,1,1033,2,10,265,449,0,4,8,0.848649,0.151351,0.000000,0.000000,0.000000,0.000000,0.000000,0.814516,0.137097,0.048387,0.000000,0.000000,0.000000,0.000000,28283,185,310,130
"30,4",40,111192,11,1,1043,2,17,540,663,0,4,7,0.733696,0.130435,0.125000,0.010870,0.000000,0.000000,0.000000,0.804762,0.152381,0.038095,0.000000,0.004762,0.000000,0.000000,24503,159,273,111
"30,5",42,111454,11,1,1042,2,12,190,400,0,4,7,0.911111,0.088889,0.000000,0.000000,0.000000,0.000000,0.000000,0.812261,0.157088,0.030651,0.000000,0.000000,0.000000,0.000000,27495,180,312,132
"30,6",39,111689,11,1,1031,2,9,297,536,0,4,6,0.894444,0.077778,0.027778,0.000000,0.000000,0.000000,0.000000,0.768293,0.207317,0.020325,0.004065,0.000000,0.000000,0.000000,26693,175,292,115
"30,7",47,111954,11,1,1032,2,11,414,529,0,4,7,0.822222,0.144444,0.033333,0.000000,0.000000,0.000000,0.000000,0.808943,0.146341,0.044715,0.000000,0.000000,0.000000,0.000000,26681,174,346,166
"30,8",36,112163,11,1,1025,2,7,94,299,0,4,6,0.955556,0.044444,0.000000,0.000000,0.000000,0.000000,0.000000,0.850575,0.126437,0.022989,0.000000,0.000000,0.000000,0.000000,27495,180,282,102
"30,9",38,112365,11,1,1028,2,10,506,730,0,4,5,0.883978,0.055249,0.060773,0.000000,0.000000,0.000000,0.000000,0.846154,0.138462,0.015385,0.000000,0.000000,0.000000,0.000000,25768,170,282,109
"30,10",43,112570,11,1,1036,2,19,468,599,0,4,6,0.783333,0.166667,0.050000,0.000000,0.000000,0.000000,0.000000,0.734177,0.236287,0.025316,0.004219,0.000000,0.000000,0.000000,26118,171,314,137
"30,11",40,112762,11,1,1030,2,10,246,526,0,4,5,0.877778,0.100000,0.022222,0.000000,0.000000,0.000000,0.000000,0.805668,0.165992,0.028340,0.000000,0.000000,0.000000,0.000000,26805,176,298,120
"30,12",39,112941,11,1,1033,2,11,464,722,0,4,7,0.838889,0.111111,0.050000,0.000000,0.000000,0.000000,0.000000,0.806584,0.160494,0.028807,0.004115,0.000000,0.000000,0.000000,26008,171,291,115
"30,13",43,113129,11,1,1038,2,11,275,514,0,4,7,0.900552,0.071823,0.027624,0.000000,0.000000,0.000000,0.000000,0.788235,0.188235,0.019608,0.003922,0.000000,0.000000,0.000000,26986,176,318,138
"30,14",43,113295,11,1,1035,2,16,530,548,0,4,6,0.788889,0.105556,0.105556,0.000000,0.000000,0.000000,0.000000,0.765690,0.200837,0.033473,0.000000,0.000000,0.000000,0.000000,24749,161,289,126
"30,15",40,113458,11,1,1040,2,10,82,155,0,4,5,0.961326,0.038674,0.000000,0.000000,0.000000,0.000000,0.000000,0.797753,0.172285,0.029963,0.000000,0.000000,0.000000,0.000000,27659,181,302,122
"30,16",37,113603,11,1,1033,2,10,505,541,0,4,8,0.872222,0.066667,0.061111,0.000000,0.000000,0.000000,0.000000,0.781513,0.168067,0.046218,0.004202,0.000000,0.000000,0.000000,25990,169,273,102
"30,17",39,113748,11,1,1039,2,15,524,559,0,5,8,0.773481,0.154696,0.071823,0.000000,0.000000,0.000000,0.000000,0.750000,0.197368,0.052632,0.000000,0.000000,0.000000,0.000000,25731,168,283,112
"30,18",42,113901,11,1,1030,2,9,139,338,0,4,5,0.922222,0.077778,0.000000,0.000000,0.000000,0.000000,0.000000,0.825095,0.155894,0.019011,0.000000,0.000000,0.000000,0.000000,27495,180,313,133
"30,19",41,114046,11,1,1032,2,14,527,716,0,4,7,0.727778,0.183333,0.088889,0.000000,0.000000,0.000000,0.000000,0.788462,0.173077,0.038462,0.000000,0.000000,0.000000,0.000000,25062,164,292,121
"30,20",41,114184,11,1,1030,2,15,341,512,0,4,5,0.829670,0.142857,0.027473,0.000000,0.000000,0.000000,0.000000,0.746988,0.220884,0.024096,0.008032,0.000000,0.000000,0.000000,26898,177,301,124
"30,21",40,114316,11,1,1035,2,7,145,258,0,4,5,0.922222,0.077778,0.000000,0.000000,0.000000,0.000000,0.000000,0.803922,0.152941,0.031373,0.011765,0.000000,0.000000,0.000000,27495,180,302,122
"30,22",50,114471,11,1,1044,2,15,192,365,0,4,8,0.855556,0.144444,0.000000,0.000000,0.000000,0.000000,0.000000,0.714286,0.247104,0.030888,0.007722,0.000000,0.000000,0.000000,27495,180,361,181
"30,23",52,114382,10,1,1030,2,17,556,769,0,4,6,0.661111,0.161111,0.177778,0.000000,0.000000,0.000000,0.000000,0.817204,0.150538,0.026882,0.005376,0.000000,0.000000,0.000000,22570,148,345,180
"30,24",45,114300,10,1,1034,2,12,201,277,0,4,6,0.850000,0.150000,0.000000,0.000000,0.000000,0.000000,0.000000,0.797571,0.165992,0.036437,0.000000,0.000000,0.000000,0.000000,27495,180,332,152
"30,25",47,113996,9,1,1037,2,15,396,520,0,4,7,0.792350,0.191257,0.016393,0.000000,0.000000,0.000000,0.000000,0.774336,0.203540,0.017699,0.004425,0.000000,0.000000,0.000000,27331,180,347,165
"30,26",41,113751,9,1,1037,2,12,613,823,0,4,5,0.788571,0.108571,0.097143,0.005714,0.000000,0.000000,0.000000,0.804545,0.168182,0.022727,0.004545,0.000000,0.000000,0.000000,23912,157,284,117
"30,27",42,113480,9,1,1029,2,10,205,349,0,4,7,0.900000,0.100000,0.000000,0.000000,0.000000,0.000000,0.000000,0.775194,0.186047,0.038760,0.000000,0.000000,0.000000,0.000000,27495,180,314,134
"30,28",41,113234,9,1,1029,2,9,68,174,0,4,8,0.977778,0.022222,0.000000,0.000000,0.000000,0.000000,0.000000,0.816850,0.153846,0.029304,0.000000,0.000000,0.000000,0.000000,27495,180,307,127
"30,29",39,113013,9,1,1038,2,15,526,572,0,5,8,0.733333,0.172222,0.094444,0.000000,0.000000,0.000000,0.000000,0.774510,0.166667,0.049020,0.009804,0.000000,0.000000,0.000000,24791,163,281,111
"30,30",36,112799,9,1,1042,2,9,254,525,0,5,8,0.922652,0.049724,0.027624,0.000000,0.000000,0.000000,0.000000,0.776423,0.162602,0.052846,0.008130,0.000000,0.000000,0.000000,26864,176,280,103
"30,31",38,112583,9,1,1038,2,9,74,231,0,4,5,0.966667,0.033333,0.000000,0.000000,0.000000,0.000000,0.000000,0.835249,0.141762,0.022989,0.000000,0.000000,0.000000,0.000000,27495,180,293,113
"30,32",41,112361,9,1,1035,2,10,117,283,0,4,5,0.927778,0.072222,0.000000,0.000000,0.000000,0.000000,0.000000,0.793893,0.179389,0.026718,0.000000,0.000000,0.000000,0.000000,27495,180,307,127
"30,33",46,112131,9,1,1033,2,12,117,218,0,4,6,0.922222,0.077778,0.000000,0.000000,0.000000,0.000000,0.000000,0.781818,0.189091,0.029091,0.000000,0.000000,0.000000,0.000000,27495,180,336,156
"30,34",37,111809,8,1,1032,2,8,61,109,0,4,5,0.972678,0.027322,0.000000,0.000000,0.000000,0.000000,0.000000,0.806569,0.175182,0.014599,0.003650,0.000000,0.000000,0.000000,27951,183,291,110
"30,35",40,111475,8,1,1037,2,10,233,550,0,4,8,0.911602,0.060773,0.027624,0.000000,0.000000,0.000000,0.000000,0.802281,0.163498,0.026616,0.007605,0.000000,0.000000,0.000000,26835,176,298,120
"30,36",42,110942,7,1,1038,2,10,237,434,0,4,6,0.866667,0.127778,0.005556,0.000000,0.000000,0.000000,0.000000,0.841880,0.136752,0.017094,0.004274,0.000000,0.000000,0.000000,27376,179,312,132
"30,37",37,110444,7,1,1031,2,9,178,379,0,4,5,0.922222,0.077778,0.000000,0.000000,0.000000,0.000000,0.000000,0.791506,0.185328,0.019305,0.003861,0.000000,0.000000,0.000000,27495,180,289,109
"30,38",40,109944,7,1,1031,2,10,96,218,0,4,5,0.950000,0.050000,0.000000,0.000000,0.000000,0.000000,0.000000,0.753571,0.207143,0.035714,0.003571,0.000000,0.000000,0.000000,27495,180,305,125
"30,39",0,109944,0,0,974,4,99999,99999,99999,99999,99999,99999,0.000000,0.000000,0.000000,0.000000,0.000000,0.000000,0.000000,0.000000,0.000000,0.000000,0.000000,0.000000,0.000000,0.000000,0,0,0,0
"30,40",0,109944,0,0,981,4,99999,99999,99999,99999,99999,99999,0.000000,0.000000,0.000000,0.000000,0.000000,0.000000,0.000000,0.000000,0.000000,0.000000,0.000000,0.000000,0.000000,0.000000,0,0,0,0
"30,41",0,109944,0,0,969,4,99999,99999,99999,99999,99999,99999,0.000000,0.000000,0.000000,0.000000,0.000000,0.000000,0.000000,0.000000,0.000000,0.000000,0.000000,0.000000,0.000000,0.000000,0,0,0,0
"30,42",0,109944,0,0,977,4,99999,99999,99999,99999,99999,99999,0.000000,0.000000,0.000000,0.000000,0.000000,0.000000,0.000000,0.000000,0.000000,0.000000,0.000000,0.000000,0.000000,0.000000,0,0,0,0
"30,43",0,109944,0,0,977,4,99999,99999,99999,99999,99999,99999,0.000000,0.000000,0.000000,0.000000,0.000000,0.000000,0.000000,0.000000,0.000000,0.000000,0.000000,0.000000,0.000000,0.000000,0,0,0,0
"30,44",0,109944,0,0,981,4,99999,99999,99999,99999,99999,99999,0.000000,0.000000,0.000000,0.000000,0.000000,0.000000,0.000000,0.000000,0.000000,0.000000,0.000000,0.000000,0.000000,0.000000,0,0,0,0
"30,45",0,109944,0,0,982,4,99999,99999,99999,99999,99999,99999,0.000000,0.000000,0.000000,0.000000,0.000000,0.000000,0.000000,0.000000,0.000000,0.000000,0.000000,0.000000,0.000000,0.000000,0,0,0,0
"30,46",0,109944,0,0,964,4,99999,99999,99999,99999,99999,99999,0.000000,0.000000,0.000000,0.000000,0.000000,0.000000,0.000000,0.000000,0.000000,0.000000,0.000000,0.000000,0.000000,0.000000,0,0,0,0
"30,47",0,109944,0,0,975,4,99999,99999,99999,99999,99999,99999,0.000000,0.000000,0.000000,0.000000,0.000000,0.000000,0.000000,0.000000,0.000000,0.000000,0.000000,0.000000,0.000000,0.000000,0,0,0,0
"30,48",0,109944,0,0,970,4,99999,99999,99999,99999,99999,99999,0.000000,0.000000,0.000000,0.000000,0.000000,0.000000,0.000000,0.000000,0.000000,0.000000,0.000000,0.000000,0.000000,0.000000,0,0,0,0
"30,49",0,109944,0,0,974,4,99999,99999,99999,99999,99999,99999,0.000000,0.000000,0.000000,0.000000,0.000000,0.000000,0.000000,0.000000,0.000000,0.000000,0.000000,0.000000,0.000000,0.000000,0,0,0,0
"30,50",0,109944,0,0,982,4,99999,99999,99999,99999,99999,99999,0.000000,0.000000,0.000000,0.000000,0.000000,0.000000,0.000000,0.000000,0.000000,0.000000,0.000000,0.000000,0.000000,0.000000,0,0,0,0
"30,51",0,109944,0,0,963,4,99999,99999,99999,99999,99999,99999,0.000000,0.000000,0.000000,0.000000,0.000000,0.000000,0.000000,0.000000,0.000000,0.000000,0.000000,0.000000,0.000000,0.000000,0,0,0,0
"30,52",0,109944,0,0,970,4,99999,99999,99999,99999,99999,99999,0.000000,0.000000,0.000000,0.000000,0.000000,0.000000,0.000000,0.000000,0.000000,0.000000,0.000000,0.000000,0.000000,0.000000,0,0,0,0
"30,53",0,109944,0,0,969,4,99999,99999,99999,99999,99999,99999,0.000000,0.000000,0.000000,0.000000,0.000000,0.000000,0.000000,0.000000,0.000000,0.000000,0.000000,0.000000,0.000000,0.000000,0,0,0,0
"30,54",0,109944,0,0,972,4,99999,99999,99999,99999,99999,99999,0.000000,0.000000,0.000000,0.000000,0.000000,0.000000,0.000000,0.000000,0.000000,0.000000,0.000000,0.000000,0.000000,0.000000,0,0,0,0
"30,55",0,109944,0,0,981,4,99999,99999,99999,99999,99999,99999,0.000000,0.000000,0.000000,0.000000,0.000000,0.000000,0.000000,0.000000,0.000000,0.000000,0.000000,0.000000,0.000000,0.000000,0,0,0,0
"30,56",0,109944,0,0,972,4,99999,99999,99999,99999,99999,99999,0.000000,0.000000,0.000000,0.000000,0.000000,0.000000,0.000000,0.000000,0.000000,0.000000,0.000000,0.000000,0.000000,0.000000,0,0,0,0
"30,57",0,109944,0,0,967,4,99999,99999,99999,99999,99999,99999,0.000000,0.000000,0.000000,0.000000,0.000000,0.000000,0.000000,0.000000,0.000000,0.000000,0.000000,0.000000,0.000000,0.000000,0,0,0,0
"30,58",0,109944,0,0,966,4,99999,99999,99999,99999,99999,99999,0.000000,0.000000,0.000000,0.000000,0.000000,0.000000,0.000000,0.000000,0.000000,0.000000,0.000000,0.000000,0.000000,0.000000,0,0,0,0
"30,59",0,109944,0,0,79,4,99999,99999,99999,99999,99999,99999,0.000000,0.000000,0.000000,0.000000,0.000000,0.000000,0.000000,0.000000,0.000000,0.000000,0.000000,0.000000,0.000000,0.000000,0,0,0,0
"30,60",0,109944,0,0,64,4,99999,99999,99999,99999,99999,99999,0.000000,0.000000,0.000000,0.000000,0.000000,0.000000,0.000000,0.000000,0.000000,0.000000,0.000000,0.000000,0.000000,0.000000,0,0,0,0
"30,61",0,109944,0,0,73,4,99999,99999,99999,99999,99999,99999,0.000000,0.000000,0.000000,0.000000,0.000000,0.000000,0.000000,0.000000,0.000000,0.000000,0.000000,0.000000,0.000000,0.000000,0,0,0,0
"30,62",0,109944,0,0,73,4,99999,99999,99999,99999,99999,99999,0.000000,0.000000,0.000000,0.000000,0.000000,0.000000,0.000000,0.000000,0.000000,0.000000,0.000000,0.000000,0.000000,0.000000,0,0,0,0
"30,63",0,109944,0,0,81,4,99999,99999,99999,99999,99999,99999,0.000000,0.000000,0.000000,0.000000,0.000000,0.000000,0.000000,0.000000,0.000000,0.000000,0.000000,0.000000,0.000000,0.000000,0,0,0,0
"30,64",0,109944,0,0,69,4,99999,99999,99999,99999,99999,99999,0.000000,0.000000,0.000000,0.000000,0.000000,0.000000,0.000000,0.000000,0.000000,0.000000,0.000000,0.000000,0.000000,0.000000,0,0,0,0
"30,65",0,109944,0,0,67,4,99999,99999,99999,99999,99999,99999,0.000000,0.000000,0.000000,0.000000,0.000000,0.000000,0.000000,0.000000,0.000000,0.000000,0.000000,0.000000,0.000000,0.000000,0,0,0,0
"30,66",0,109944,0,0,74,4,99999,99999,99999,99999,99999,99999,0.000000,0.000000,0.000000,0.000000,0.000000,0.000000,0.000000,0.000000,0.000000,0.000000,0.000000,0.000000,0.000000,0.000000,0,0,0,0
"30,67",0,109944,0,0,74,4,99999,99999,99999,99999,99999,99999,0.000000,0.000000,0.000000,0.000000,0.000000,0.000000,0.000000,0.000000,0.000000,0.000000,0.000000,0.000000,0.000000,0.000000,0,0,0,0
"30,68",0,109944,0,0,72,4,99999,99999,99999,99999,99999,99999,0.000000,0.000000,0.000000,0.000000,0.000000,0.000000,0.000000,0.000000,0.000000,0.000000,0.000000,0.000000,0.000000,0.000000,0,0,0,0
"30,69",0,109944,0,0,71,4,99999,99999,99999,99999,99999,99999,0.000000,0.000000,0.000000,0.000000,0.000000,0.000000,0.000000,0.000000,0.000000,0.000000,0.000000,0.000000,0.000000,0.000000,0,0,0,0
"30,70",0,109944,0,0,9,4,99999,99999,99999,99999,99999,99999,0.000000,0.000000,0.000000,0.000000,0.000000,0.000000,0.000000,0.000000,0.000000,0.000000,0.000000,0.000000,0.000000,0.000000,0,0,0,0
"30,71",0,109944,0,0,7,4,99999,99999,99999,99999,99999,99999,0.000000,0.000000,0.000000,0.000000,0.000000,0.000000,0.000000,0.000000,0.000000,0.000000,0.000000,0.000000,0.000000,0.000000,0,0,0,0
"30,72",0,109944,0,0,9,4,99999,99999,99999,99999,99999,99999,0.000000,0.000000,0.000000,0.000000,0.000000,0.000000,0.000000,0.000000,0.000000,0.000000,0.000000,0.000000,0.000000,0.000000,0,0,0,0
"30,73",0,109944,0,0,8,4,99999,99999,99999,99999,99999,99999,0.000000,0.000000,0.000000,0.000000,0.000000,0.000000,0.000000,0.000000,0.000000,0.000000,0.000000,0.000000,0.000000,0.000000,0,0,0,0
"30,74",0,109944,0,0,9,4,99999,99999,99999,99999,99999,99999,0.000000,0.000000,0.000000,0.000000,0.000000,0.000000,0.000000,0.000000,0.000000,0.000000,0.000000,0.000000,0.000000,0.000000,0,0,0,0
"31,1",38,121875,11,1,1026,2,10,411,604,0,4,7,0.844444,0.116667,0.038889,0.000000,0.000000,0.000000,0.000000,0.797468,0.181435,0.016878,0.004219,0.000000,0.000000,0.000000,26549,173,285,109
"31,2",36,121875,11,1,1036,2,8,70,120,0,4,5,0.977778,0.022222,0.000000,0.000000,0.000000,0.000000,0.000000,0.806202,0.162791,0.027132,0.003876,0.000000,0.000000,0.000000,27495,180,282,102
"31,3",51,121875,11,1,1036,2,18,404,501,0,4,8,0.812155,0.171271,0.016575,0.000000,0.000000,0.000000,0.000000,0.774194,0.185484,0.032258,0.008065,0.000000,0.000000,0.000000,27212,178,370,190
"31,4",36,121875,11,1,1039,2,13,352,547,0,4,6,0.844920,0.128342,0.026738,0.000000,0.000000,0.000000,0.000000,0.791667,0.162500,0.041667,0.004167,0.000000,0.000000,0.000000,27777,182,287,105
"31,5",42,121875,11,1,1036,2,10,343,546,0,4,8,0.861878,0.110497,0.027624,0.000000,0.000000,0.000000,0.000000,0.806584,0.156379,0.028807,0.008230,0.000000,0.000000,0.000000,26941,176,309,132
"31,6",37,121875,11,1,1033,2,8,185,278,0,4,7,0.894444,0.105556,0.000000,0.000000,0.000000,0.000000,0.000000,0.809917,0.165289,0.020661,0.004132,0.000000,0.000000,0.000000,27495,180,290,110
"31,7",46,121875,11,1,1028,2,13,512,528,0,4,5,0.777778,0.150000,0.072222,0.000000,0.000000,0.000000,0.000000,0.814050,0.173554,0.012397,0.000000,0.000000,0.000000,0.000000,25473,167,313,144
"31,8",39,121875,11,1,1037,2,11,280,529,0,4,7,0.861111,0.111111,0.027778,0.000000,0.000000,0.000000,0.000000,0.832653,0.138776,0.028571,0.000000,0.000000,0.000000,0.000000,26759,175,295,117
"31,9",43,121875,11,1,1028,2,13,537,635,0,4,5,0.773481,0.071823,0.154696,0.000000,0.000000,0.000000,0.000000,0.799145,0.183761,0.017094,0.000000,0.000000,0.000000,0.000000,23298,153,300,132
"31,10",36,121875,11,1,1035,2,12,537,609,0,4,5,0.772222,0.105556,0.122222,0.000000,0.000000,0.000000,0.000000,0.833333,0.152381,0.009524,0.004762,0.000000,0.000000,0.000000,24211,158,260,96
"31,11",38,121875,11,1,1026,2,8,191,437,0,4,5,0.933333,0.061111,0.005556,0.000000,0.000000,0.000000,0.000000,0.830116,0.146718,0.023166,0.000000,0.000000,0.000000,0.000000,27325,179,295,115
"31,12",40,121875,11,1,1045,2,13,179,240,0,4,8,0.889503,0.110497,0.000000,0.000000,0.000000,0.000000,0.000000,0.777778,0.197531,0.020576,0.004115,0.000000,0.000000,0.000000,27659,181,302,122
"31,13",41,121875,11,1,1041,2,9,210,402,0,4,6,0.879781,0.114754,0.005464,0.000000,0.000000,0.000000,0.000000,0.789474,0.182186,0.020243,0.008097,0.000000,0.000000,0.000000,27780,182,309,129
"31,14",39,121875,11,1,1040,2,11,518,540,0,4,5,0.855556,0.088889,0.055556,0.000000,0.000000,0.000000,0.000000,0.796000,0.188000,0.016000,0.000000,0.000000,0.000000,0.000000,25882,170,283,111
"31,15",44,121875,11,1,1033,2,10,134,242,0,4,6,0.934066,0.065934,0.000000,0.000000,0.000000,0.000000,0.000000,0.760148,0.214022,0.018450,0.007380,0.000000,0.000000,0.000000,27777,182,322,142
"31,16",37,121875,11,1,1044,2,12,382,523,0,4,8,0.861111,0.116667,0.022222,0.000000,0.000000,0.000000,0.000000,0.779661,0.173729,0.042373,0.004237,0.000000,0.000000,0.000000,26879,176,290,110
"31,17",43,121875,11,1,1039,2,17,519,883,0,4,6,0.766667,0.122222,0.105556,0.005556,0.000000,0.000000,0.000000,0.802575,0.171674,0.017167,0.008584,0.000000,0.000000,0.000000,24569,160,294,129
"31,18",35,121875,11,1,1040,2,11,512,528,0,4,6,0.884615,0.043956,0.071429,0.000000,0.000000,0.000000,0.000000,0.790323,0.185484,0.020161,0.000000,0.004032,0.000000,0.000000,25755,169,265,95
"31,19",38,121875,11,1,1033,2,7,72,115,0,4,5,0.972222,0.027778,0.000000,0.000000,0.000000,0.000000,0.000000,0.805243,0.157303,0.037453,0.000000,0.000000,0.000000,0.000000,27495,180,292,112
"31,20",40,121875,11,1,1039,2,10,98,247,0,4,6,0.955801,0.044199,0.000000,0.000000,0.000000,0.000000,0.000000,0.791045,0.175373,0.033582,0.000000,0.000000,0.000000,0.000000,27659,181,302,122
"31,21",43,121875,11,1,1042,2,13,505,696,0,4,7,0.783333,0.155556,0.061111,0.000000,0.000000,0.000000,0.000000,0.777778,0.186667,0.035556,0.000000,0.000000,0.000000,0.000000,26052,170,312,135
"31,22",47,121875,11,1,1042,2,22,527,607,0,4,8,0.695652,0.184783,0.108696,0.010870,0.000000,0.000000,0.000000,0.742718,0.218447,0.029126,0.009709,0.000000,0.000000,0.000000,24732,162,325,155
"31,23",45,121298,10,1,1027,2,11,275,571,0,4,4,0.840426,0.138298,0.021277,0.000000,0.000000,0.000000,0.000000,0.821705,0.178295,0.000000,0.000000,0.000000,0.000000,0.000000,28065,184,335,153
"31,24",43,120865,10,1,1039,2,22,654,775,0,5,5,0.644444,0.138889,0.216667,0.000000,0.000000,0.000000,0.000000,0.807692,0.137363,0.054945,0.000000,0.000000,0.000000,0.000000,21658,141,269,117
"31,25",40,119943,9,1,1036,2,9,142,312,0,4,5,0.905556,0.094444,0.000000,0.000000,0.000000,0.000000,0.000000,0.820833,0.150000,0.029167,0.000000,0.000000,0.000000,0.000000,27495,180,303,123
"31,26",45,119013,9,1,1031,2,12,176,342,0,4,7,0.880000,0.120000,0.000000,0.000000,0.000000,0.000000,0.000000,0.780000,0.196000,0.024000,0.000000,0.000000,0.000000,0.000000,26765,175,322,147
"31,27",40,118215,9,1,1033,2,13,289,613,0,5,9,0.833333,0.138889,0.027778,0.000000,0.000000,0.000000,0.000000,0.769547,0.172840,0.045267,0.008230,0.004115,0.000000,0.000000,26664,175,305,125
"31,28",36,117512,9,1,1028,2,8,170,307,0,4,8,0.916667,0.083333,0.000000,0.000000,0.000000,0.000000,0.000000,0.821138,0.142276,0.032520,0.004065,0.000000,0.000000,0.000000,27495,180,283,103
"31,29",38,116827,9,1,1041,2,11,108,157,0,4,7,0.938889,0.061111,0.000000,0.000000,0.000000,0.000000,0.000000,0.816000,0.156000,0.024000,0.000000,0.004000,0.000000,0.000000,27495,180,291,111
"31,30",39,116179,9,1,1036,2,9,84,160,0,4,7,0.955556,0.044444,0.000000,0.000000,0.000000,0.000000,0.000000,0.809524,0.146520,0.043956,0.000000,0.000000,0.000000,0.000000,27495,180,298,118
"31,31",39,115595,9,1,1028,2,10,284,541,0,4,5,0.883978,0.088398,0.027624,0.000000,0.000000,0.000000,0.000000,0.811765,0.164706,0.023529,0.000000,0.000000,0.000000,0.000000,27019,176,294,117
"31,32",44,114989,9,1,1037,2,12,275,725,0,4,6,0.872222,0.083333,0.044444,0.000000,0.000000,0.000000,0.000000,0.756972,0.211155,0.031873,0.000000,0.000000,0.000000,0.000000,26236,172,315,141
"31,33",37,114487,9,1,1037,2,12,501,598,0,4,8,0.812155,0.127072,0.060773,0.000000,0.000000,0.000000,0.000000,0.808612,0.143541,0.038278,0.009569,0.000000,0.000000,0.000000,26067,170,280,106
"31,34",44,113666,8,1,1036,2,12,289,512,0,4,8,0.872928,0.099448,0.027624,0.000000,0.000000,0.000000,0.000000,0.798450,0.162791,0.034884,0.003876,0.000000,0.000000,0.000000,26961,176,320,142
"31,35",47,112924,8,1,1031,2,8,282,431,0,4,9,0.861635,0.138365,0.000000,0.000000,0.000000,0.000000,0.000000,0.740741,0.212963,0.032407,0.013889,0.000000,0.000000,0.000000,24031,159,301,142
"31,36",44,111749,7,1,1037,2,11,127,206,0,4,5,0.933333,0.066667,0.000000,0.000000,0.000000,0.000000,0.000000,0.789668,0.191882,0.014760,0.003690,0.000000,0.000000,0.000000,27495,180,322,142
"31,37",41,110665,7,1,1042,2,12,142,257,0,4,7,0.905556,0.094444,0.000000,0.000000,0.000000,0.000000,0.000000,0.752941,0.200000,0.039216,0.003922,0.003922,0.000000,0.000000,27495,180,309,129
"31,38",41,109657,7,1,1038,2,11,225,426,0,4,6,0.881720,0.112903,0.005376,0.000000,0.000000,0.000000,0.000000,0.806950,0.173745,0.015444,0.003861,0.000000,0.000000,0.000000,28284,185,313,129
"31,39",0,109657,0,0,971,4,99999,99999,99999,99999,99999,99999,0.000000,0.000000,0.000000,0.000000,0.000000,0.000000,0.000000,0.000000,0.000000,0.000000,0.000000,0.000000,0.000000,0.000000,0,0,0,0
"31,40",0,109657,0,0,979,4,99999,99999,99999,99999,99999,99999,0.000000,0.000000,0.000000,0.000000,0.000000,0.000000,0.000000,0.000000,0.000000,0.000000,0.000000,0.000000,0.000000,0.000000,0,0,0,0
"31,41",0,109657,0,0,974,4,99999,99999,99999,99999,99999,99999,0.000000,0.000000,0.000000,0.000000,0.000000,0.000000,0.000000,0.000000,0.000000,0.000000,0.000000,0.000000,0.000000,0.000000,0,0,0,0
"31,42",0,109657,0,0,975,4,99999,99999,99999,99999,99999,99999,0.000000,0.000000,0.000000,0.000000,0.000000,0.000000,0.000000,0.000000,0.000000,0.000000,0.000000,0.000000,0.000000,0.000000,0,0,0,0
"31,43",0,109657,0,0,962,4,99999,99999,99999,99999,99999,99999,0.000000,0.000000,0.000000,0.000000,0.000000,0.000000,0.000000,0.000000,0.000000,0.000000,0.000000,0.000000,0.000000,0.000000,0,0,0,0
"31,44",0,109657,0,0,966,4,99999,99999,99999,99999,99999,99999,0.000000,0.000000,0.000000,0.000000,0.000000,0.000000,0.000000,0.000000,0.000000,0.000000,0.000000,0.000000,0.000000,0.000000,0,0,0,0
"31,45",0,109657,0,0,978,4,99999,99999,99999,99999,99999,99999,0.000000,0.000000,0.000000,0.000000,0.000000,0.000000,0.000000,0.000000,0.000000,0.000000,0.000000,0.000000,0.000000,0.000000,0,0,0,0
"31,46",0,109657,0,0,977,4,99999,99999,99999,99999,99999,99999,0.000000,0.000000,0.000000,0.000000,0.000000,0.000000,0.000000,0.000000,0.000000,0.000000,0.000000,0.000000,0.000000,0.000000,0,0,0,0
"31,47",0,109657,0,0,990,4,99999,99999,99999,99999,99999,99999,0.000000,0.000000,0.000000,0.000000,0.000000,0.000000,0.000000,0.000000,0.000000,0.000000,0.000000,0.000000,0.000000,0.000000,0,0,0,0
"31,48",0,109657,0,0,978,4,99999,99999,99999,99999,99999,99999,0.000000,0.000000,0.000000,0.000000,0.000000,0.000000,0.000000,0.000000,0.000000,0.000000,0.000000,0.000000,0.000000,0.000000,0,0,0,0
"31,49",0,109657,0,0,977,4,99999,99999,99999,99999,99999,99999,0.000000,0.000000,0.000000,0.000000,0.000000,0.000000,0.000000,0.000000,0.000000,0.000000,0.000000,0.000000,0.000000,0.000000,0,0,0,0
"31,50",0,109657,0,0,969,4,99999,99999,99999,99999,99999,99999,0.000000,0.000000,0.000000,0.000000,0.000000,0.000000,0.000000,0.000000,0.000000,0.000000,0.000000,0.000000,0.000000,0.000000,0,0,0,0
"31,51",0,109657,0,0,974,4,99999,99999,99999,99999,99999,99999,0.000000,0.000000,0.000000,0.000000,0.000000,0.000000,0.000000,0.000000,0.000000,0.000000,0.000000,0.000000,0.000000,0.000000,0,0,0,0
"31,52",0,109657,0,0,979,4,99999,99999,99999,99999,99999,99999,0.000000,0.000000,0.000000,0.000000,0.000000,0.000000,0.000000,0.000000,0.000000,0.000000,0.000000,0.000000,0.000000,0.000000,0,0,0,0
"31,53",0,109657,0,0,967,4,99999,99999,99999,99999,99999,99999,0.000000,0.000000,0.000000,0.000000,0.000000,0.000000,0.000000,0.000000,0.000000,0.000000,0.000000,0.000000,0.000000,0.000000,0,0,0,0
"31,54",0,109657,0,0,985,4,99999,99999,99999,99999,99999,99999,0.000000,0.000000,0.000000,0.000000,0.000000,0.000000,0.000000,0.000000,0.000000,0.000000,0.000000,0.000000,0.000000,0.000000,0,0,0,0
"31,55",0,109657,0,0,972,4,99999,99999,99999,99999,99999,99999,0.000000,0.000000,0.000000,0.000000,0.000000,0.000000,0.000000,0.000000,0.000000,0.000000,0.000000,0.000000,0.000000,0.000000,0,0,0,0
"31,56",0,109657,0,0,979,4,99999,99999,99999,99999,99999,99999,0.000000,0.000000,0.000000,0.000000,0.000000,0.000000,0.000000,0.000000,0.000000,0.000000,0.000000,0.000000,0.000000,0.000000,0,0,0,0
"31,57",0,109657,0,0,979,4,99999,99999,99999,99999,99999,99999,0.000000,0.000000,0.000000,0.000000,0.000000,0.000000,0.000000,0.000000,0.000000,0.000000,0.000000,0.000000,0.000000,0.000000,0,0,0,0
"31,58",0,109657,0,0,960,4,99999,99999,99999,99999,99999,99999,0.000000,0.000000,0.000000,0.000000,0.000000,0.000000,0.000000,0.000000,0.000000,0.000000,0.000000,0.000000,0.000000,0.000000,0,0,0,0
"31,59",0,109657,0,0,82,4,99999,99999,99999,99999,99999,99999,0.000000,0.000000,0.000000,0.000000,0.000000,0.000000,0.000000,0.000000,0.000000,0.000000,0.000000,0.000000,0.000000,0.000000,0,0,0,0
"31,60",0,109657,0,0,92,4,99999,99999,99999,99999,99999,99999,0.000000,0.000000,0.000000,0.000000,0.000000,0.000000,0.000000,0.000000,0.000000,0.000000,0.000000,0.000000,0.000000,0.000000,0,0,0,0
"31,61",0,109657,0,0,69,4,99999,99999,99999,99999,99999,99999,0.000000,0.000000,0.000000,0.000000,0.000000,0.000000,0.000000,0.000000,0.000000,0.000000,0.000000,0.000000,0.000000,0.000000,0,0,0,0
"31,62",0,109657,0,0,76,4,99999,99999,99999,99999,99999,99999,0.000000,0.000000,0.000000,0.000000,0.000000,0.000000,0.000000,0.000000,0.000000,0.000000,0.000000,0.000000,0.000000,0.000000,0,0,0,0
"31,63",0,109657,0,0,71,4,99999,99999,99999,99999,99999,99999,0.000000,0.000000,0.000000,0.000000,0.000000,0.000000,0.000000,0.000000,0.000000,0.000000,0.000000,0.000000,0.000000,0.000000,0,0,0,0
"31,64",0,109657,0,0,65,4,99999,99999,99999,99999,99999,99999,0.000000,0.000000,0.000000,0.000000,0.000000,0.000000,0.000000,0.000000,0.000000,0.000000,0.000000,0.000000,0.000000,0.000000,0,0,0,0
"31,65",0,109657,0,0,81,4,99999,99999,99999,99999,99999,99999,0.000000,0.000000,0.000000,0.000000,0.000000,0.000000,0.000000,0.000000,0.000000,0.000000,0.000000,0.000000,0.000000,0.000000,0,0,0,0
"31,66",0,109657,0,0,74,4,99999,99999,99999,99999,99999,99999,0.000000,0.000000,0.000000,0.000000,0.000000,0.000000,0.000000,0.000000,0.000000,0.000000,0.000000,0.000000,0.000000,0.000000,0,0,0,0
"31,67",0,109657,0,0,67,4,99999,99999,99999,99999,99999,99999,0.000000,0.000000,0.000000,0.000000,0.000000,0.000000,0.000000,0.000000,0.000000,0.000000,0.000000,0.000000,0.000000,0.000000,0,0,0,0
"31,68",0,109657,0,0,72,4,99999,99999,99999,99999,99999,99999,0.000000,0.000000,0.000000,0.000000,0.000000,0.000000,0.000000,0.000000,0.000000,0.000000,0.000000,0.000000,0.000000,0.000000,0,0,0,0
"31,69",0,109657,0,0,70,4,99999,99999,99999,99999,99999,99999,0.000000,0.000000,0.000000,0.000000,0.000000,0.000000,0.000000,0.000000,0.000000,0.000000,0.000000,0.000000,0.000000,0.000000,0,0,0,0
"31,70",0,109657,0,0,8,4,99999,99999,99999,99999,99999,99999,0.000000,0.000000,0.000000,0.000000,0.000000,0.000000,0.000000,0.000000,0.000000,0.000000,0.000000,0.000000,0.000000,0.000000,0,0,0,0
"31,71",0,109657,0,0,10,4,99999,99999,99999,99999,99999,99999,0.000000,0.000000,0.000000,0.000000,0.000000,0.000000,0.000000,0.000000,0.000000,0.000000,0.000000,0.000000,0.000000,0.000000,0,0,0,0
"31,72",0,109657,0,0,9,4,99999,99999,99999,99999,99999,99999,0.000000,0.000000,0.000000,0.000000,0.000000,0.000000,0.000000,0.000000,0.000000,0.000000,0.000000,0.000000,0.000000,0.000000,0,0,0,0
"31,73",0,109657,0,0,7,4,99999,99999,99999,99999,99999,99999,0.000000,0.000000,0.000000,0.000000,0.000000,0.000000,0.000000,0.000000,0.000000,0.000000,0.000000,0.000000,0.000000,0.000000,0,0,0,0
"31,74",0,109657,0,0,8,4,99999,99999,99999,99999,99999,99999,0.000000,0.000000,0.000000,0.000000,0.000000,0.000000,0.000000,0.000000,0.000000,0.000000,0.000000,0.000000,0.000000,0.000000,0,0,0,0
"32,1",35,109950,11,1,1040,2,8,87,301,0,4,6,0.950000,0.050000,0.000000,0.000000,0.000000,0.000000,0.000000,0.813953,0.143411,0.038760,0.000000,0.003876,0.000000,0.000000,27495,180,280,100
"32,2",39,110244,11,1,1034,2,8,91,185,0,5,7,0.955556,0.044444,0.000000,0.000000,0.000000,0.000000,0.000000,0.785441,0.160920,0.053640,0.000000,0.000000,0.000000,0.000000,27495,180,299,119
"32,3",38,110516,11,1,1034,2,9,84,156,0,4,5,0.955556,0.044444,0.000000,0.000000,0.000000,0.000000,0.000000,0.816092,0.164751,0.019157,0.000000,0.000000,0.000000,0.000000,27495,180,293,113
"32,4",42,110795,11,1,1035,2,10,112,216,0,4,7,0.922222,0.077778,0.000000,0.000000,0.000000,0.000000,0.000000,0.782288,0.195572,0.018450,0.003690,0.000000,0.000000,0.000000,27495,180,314,134
"32,5",40,111048,11,1,1032,2,7,53,87,0,4,5,0.988889,0.011111,0.000000,0.000000,0.000000,0.000000,0.000000,0.837370,0.148789,0.013841,0.000000,0.000000,0.000000,0.000000,27495,180,302,122
"32,6",42,111315,11,1,1029,2,11,133,277,0,4,7,0.927778,0.072222,0.000000,0.000000,0.000000,0.000000,0.000000,0.803704,0.162963,0.033333,0.000000,0.000000,0.000000,0.000000,27495,180,315,135
"32,7",37,111526,11,1,1034,2,12,525,607,0,4,5,0.805556,0.116667,0.077778,0.000000,0.000000,0.000000,0.000000,0.838428,0.148472,0.013100,0.000000,0.000000,0.000000,0.000000,25378,166,270,100
"32,8",34,111720,11,1,1035,2,10,519,540,0,4,8,0.855556,0.055556,0.077778,0.005556,0.005556,0.000000,0.000000,0.822511,0.142857,0.034632,0.000000,0.000000,0.000000,0.000000,25034,164,254,88
"32,9",38,111926,11,1,1034,2,12,505,563,0,4,6,0.741758,0.192308,0.065934,0.000000,0.000000,0.000000,0.000000,0.798077,0.173077,0.024038,0.004808,0.000000,0.000000,0.000000,25842,170,283,110
"32,10",36,112124,11,1,1025,2,7,66,154,0,4,4,0.977778,0.022222,0.000000,0.000000,0.000000,0.000000,0.000000,0.818533,0.173745,0.007722,0.000000,0.000000,0.000000,0.000000,27495,180,282,102
"32,11",51,112366,11,1,1027,2,10,207,395,0,4,5,0.900000,0.100000,0.000000,0.000000,0.000000,0.000000,0.000000,0.809524,0.175824,0.014652,0.000000,0.000000,0.000000,0.000000,27495,180,375,195
"32,12",39,112554,11,1,1037,2,12,403,659,0,4,5,0.835979,0.126984,0.037037,0.000000,0.000000,0.000000,0.000000,0.787500,0.195833,0.016667,0.000000,0.000000,0.000000,0.000000,27777,182,301,119
"32,13",42,112743,11,1,1043,2,10,146,256,0,4,7,0.922222,0.077778,0.000000,0.000000,0.000000,0.000000,0.000000,0.807843,0.160784,0.027451,0.003922,0.000000,0.000000,0.000000,27495,180,314,134
"32,14",37,112908,11,1,1035,2,8,113,218,0,4,6,0.922222,0.077778,0.000000,0.000000,0.000000,0.000000,0.000000,0.824000,0.148000,0.024000,0.004000,0.000000,0.000000,0.000000,27495,180,286,106
"32,15",38,113072,11,1,1032,2,10,530,548,0,4,6,0.811111,0.122222,0.066667,0.000000,0.000000,0.000000,0.000000,0.796610,0.169492,0.033898,0.000000,0.000000,0.000000,0.000000,25792,168,278,108
"32,16",33,113200,11,1,1050,2,16,618,793,0,4,8,0.747368,0.131579,0.110526,0.010526,0.000000,0.000000,0.000000,0.763285,0.188406,0.048309,0.000000,0.000000,0.000000,0.000000,25355,167,257,85
"32,17",35,113346,11,1,1046,2,9,207,311,0,4,5,0.888889,0.111111,0.000000,0.000000,0.000000,0.000000,0.000000,0.766234,0.190476,0.038961,0.004329,0.000000,0.000000,0.000000,27495,180,277,97
"32,18",43,113507,11,1,1033,2,9,83,141,0,4,8,0.966667,0.033333,0.000000,0.000000,0.000000,0.000000,0.000000,0.776978,0.179856,0.043165,0.000000,0.000000,0.000000,0.000000,27495,180,316,136
"32,19",41,113653,11,1,1038,2,10,435,520,0,5,8,0.822222,0.133333,0.044444,0.000000,0.000000,0.000000,0.000000,0.761062,0.185841,0.053097,0.000000,0.000000,0.000000,0.000000,26171,172,298,124
"32,20",39,113796,11,1,1038,2,11,184,271,0,4,5,0.905556,0.094444,0.000000,0.000000,0.000000,0.000000,0.000000,0.778656,0.189723,0.027668,0.003953,0.000000,0.000000,0.000000,27495,180,297,117
"32,21",36,113922,11,1,1039,2,12,498,855,0,4,7,0.855556,0.094444,0.038889,0.011111,0.000000,0.000000,0.000000,0.782979,0.195745,0.017021,0.004255,0.000000,0.000000,0.000000,26058,171,278,102
"32,22",35,114047,11,1,1034,2,8,104,195,0,4,8,0.938889,0.061111,0.000000,0.000000,0.000000,0.000000,0.000000,0.830645,0.129032,0.032258,0.008065,0.000000,0.000000,0.000000,27495,180,278,98
"32,23",43,113976,10,1,1037,2,32,531,666,0,4,5,0.638889,0.238889,0.122222,0.000000,0.000000,0.000000,0.000000,0.728814,0.242938,0.028249,0.000000,0.000000,0.000000,0.000000,24277,158,300,132
"32,24",45,113900,10,1,1034,2,10,475,554,0,4,5,0.797814,0.153005,0.049180,0.000000,0.000000,0.000000,0.000000,0.832558,0.148837,0.013953,0.004651,0.000000,0.000000,0.000000,26590,174,328,149
"32,25",44,113619,9,1,1029,2,17,382,593,0,4,7,0.772973,0.205405,0.021622,0.000000,0.000000,0.000000,0.000000,0.807339,0.160550,0.022936,0.009174,0.000000,0.000000,0.000000,27796,181,325,144
"32,26",43,113364,9,1,1033,2,13,506,786,0,4,6,0.779006,0.160221,0.060773,0.000000,0.000000,0.000000,0.000000,0.829493,0.124424,0.046083,0.000000,0.000000,0.000000,0.000000,25817,170,308,134
"32,27",42,113119,9,1,1040,2,16,505,677,0,5,8,0.766667,0.166667,0.066667,0.000000,0.000000,0.000000,0.000000,0.750000,0.190909,0.054545,0.004545,0.000000,0.000000,0.000000,25733,168,304,128
"32,28",43,112873,9,1,1035,2,11,311,519,0,4,7,0.850000,0.127778,0.022222,0.000000,0.000000,0.000000,0.000000,0.811404,0.157895,0.030702,0.000000,0.000000,0.000000,0.000000,26964,176,319,139
"32,29",40,112639,9,1,1032,2,11,240,505,0,4,5,0.878453,0.104972,0.016575,0.000000,0.000000,0.000000,0.000000,0.753086,0.218107,0.028807,0.000000,0.000000,0.000000,0.000000,27247,178,302,123
"32,30",43,112408,9,1,1038,2,13,239,537,0,4,8,0.905556,0.072222,0.022222,0.000000,0.000000,0.000000,0.000000,0.788321,0.167883,0.032847,0.010949,0.000000,0.000000,0.000000,26879,176,313,135
"32,31",42,112200,9,1,1039,2,16,532,678,0,4,5,0.750000,0.144444,0.094444,0.011111,0.000000,0.000000,0.000000,0.789474,0.179825,0.026316,0.004386,0.000000,0.000000,0.000000,24671,161,288,123
"32,32",40,112005,9,1,1037,2,20,528,616,0,4,7,0.738889,0.150000,0.111111,0.000000,0.000000,0.000000,0.000000,0.774648,0.187793,0.032864,0.004695,0.000000,0.000000,0.000000,24550,160,279,114
"32,33",43,111792,9,1,1032,2,9,105,213,0,4,6,0.938889,0.061111,0.000000,0.000000,0.000000,0.000000,0.000000,0.781362,0.175627,0.039427,0.003584,0.000000,0.000000,0.000000,27495,180,316,136
"32,34",45,111431,8,1,1035,2,11,221,383,0,4,5,0.883333,0.116667,0.000000,0.000000,0.000000,0.000000,0.000000,0.815686,0.160784,0.019608,0.003922,0.000000,0.000000,0.000000,27495,180,328,148
"32,35",43,111082,8,1,1039,2,12,294,472,0,4,7,0.866667,0.127778,0.005556,0.000000,0.000000,0.000000,0.000000,0.762295,0.209016,0.028689,0.000000,0.000000,0.000000,0.000000,27332,179,316,136
"32,36",34,110625,7,1,1032,2,10,406,542,0,4,5,0.911111,0.044444,0.044444,0.000000,0.000000,0.000000,0.000000,0.799180,0.184426,0.016393,0.000000,0.000000,0.000000,0.000000,26261,172,267,93
"32,37",38,110118,7,1,1034,2,10,473,633,0,4,5,0.823204,0.132597,0.044199,0.000000,0.000000,0.000000,0.000000,0.795833,0.187500,0.016667,0.000000,0.000000,0.000000,0.000000,26439,173,288,111
"32,38",37,109678,7,1,1038,2,15,506,546,0,4,5,0.844444,0.077778,0.066667,0.011111,0.000000,0.000000,0.000000,0.838983,0.148305,0.012712,0.000000,0.000000,0.000000,0.000000,25409,166,268,100
"32,39",0,109678,0,0,973,4,99999,99999,99999,99999,99999,99999,0.000000,0.000000,0.000000,0.000000,0.000000,0.000000,0.000000,0.000000,0.000000,0.000000,0.000000,0.000000,0.000000,0.000000,0,0,0,0
"32,40",0,109678,0,0,972,4,99999,99999,99999,99999,99999,99999,0.000000,0.000000,0.000000,0.000000,0.000000,0.000000,0.000000,0.000000,0.000000,0.000000,0.000000,0.000000,0.000000,0.000000,0,0,0,0
"32,41",0,109678,0,0,980,4,99999,99999,99999,99999,99999,99999,0.000000,0.000000,0.000000,0.000000,0.000000,0.000000,0.000000,0.000000,0.000000,0.000000,0.000000,0.000000,0.000000,0.000000,0,0,0,0
"32,42",0,109678,0,0,977,4,99999,99999,99999,99999,99999,99999,0.000000,0.000000,0.000000,0.000000,0.000000,0.000000,0.000000,0.000000,0.000000,0.000000,0.000000,0.000000,0.000000,0.000000,0,0,0,0
"32,43",0,109678,0,0,988,4,99999,99999,99999,99999,99999,99999,0.000000,0.000000,0.000000,0.000000,0.000000,0.000000,0.000000,0.000000,0.000000,0.000000,0.000000,0.000000,0.000000,0.000000,0,0,0,0
"32,44",0,109678,0,0,977,4,99999,99999,99999,99999,99999,99999,0.000000,0.000000,0.000000,0.000000,0.000000,0.000000,0.000000,0.000000,0.000000,0.000000,0.000000,0.000000,0.000000,0.000000,0,0,0,0
"32,45",0,109678,0,0,966,4,99999,99999,99999,99999,99999,99999,0.000000,0.000000,0.000000,0.000000,0.000000,0.000000,0.000000,0.000000,0.000000,0.000000,0.000000,0.000000,0.000000,0.000000,0,0,0,0
"32,46",0,109678,0,0,970,4,99999,99999,99999,99999,99999,99999,0.000000,0.000000,0.000000,0.000000,0.000000,0.000000,0.000000,0.000000,0.000000,0.000000,0.000000,0.000000,0.000000,0.000000,0,0,0,0
"32,47",0,109678,0,0,964,4,99999,99999,99999,99999,99999,99999,0.000000,0.000000,0.000000,0.000000,0.000000,0.000000,0.000000,0.000000,0.000000,0.000000,0.000000,0.000000,0.000000,0.000000,0,0,0,0
"32,48",0,109678,0,0,963,4,99999,99999,99999,99999,99999,99999,0.000000,0.000000,0.000000,0.000000,0.000000,0.000000,0.000000,0.000000,0.000000,0.000000,0.000000,0.000000,0.000000,0.000000,0,0,0,0
"32,49",0,109678,0,0,978,4,99999,99999,99999,99999,99999,99999,0.000000,0.000000,0.000000,0.000000,0.000000,0.000000,0.000000,0.000000,0.000000,0.000000,0.000000,0.000000,0.000000,0.000000,0,0,0,0
"32,50",0,109678,0,0,968,4,99999,99999,99999,99999,99999,99999,0.000000,0.000000,0.000000,0.000000,0.000000,0.000000,0.000000,0.000000,0.000000,0.000000,0.000000,0.000000,0.000000,0.000000,0,0,0,0
"32,51",0,109678,0,0,969,4,99999,99999,99999,99999,99999,99999,0.000000,0.000000,0.000000,0.000000,0.000000,0.000000,0.000000,0.000000,0.000000,0.000000,0.000000,0.000000,0.000000,0.000000,0,0,0,0
"32,52",0,109678,0,0,970,4,99999,99999,99999,99999,99999,99999,0.000000,0.000000,0.000000,0.000000,0.000000,0.000000,0.000000,0.000000,0.000000,0.000000,0.000000,0.000000,0.000000,0.000000,0,0,0,0
"32,53",0,109678,0,0,966,4,99999,99999,99999,99999,99999,99999,0.000000,0.000000,0.000000,0.000000,0.000000,0.000000,0.000000,0.000000,0.000000,0.000000,0.000000,0.000000,0.000000,0.000000,0,0,0,0
"32,54",0,109678,0,0,953,4,99999,99999,99999,99999,99999,99999,0.000000,0.000000,0.000000,0.000000,0.000000,0.000000,0.000000,0.000000,0.000000,0.000000,0.000000,0.000000,0.000000,0.000000,0,0,0,0
"32,55",0,109678,0,0,975,4,99999,99999,99999,99999,99999,99999,0.000000,0.000000,0.000000,0.000000,0.000000,0.000000,0.000000,0.000000,0.000000,0.000000,0.000000,0.000000,0.000000,0.000000,0,0,0,0
"32,56",0,109678,0,0,986,4,99999,99999,99999,99999,99999,99999,0.000000,0.000000,0.000000,0.000000,0.000000,0.000000,0.000000,0.000000,0.000000,0.000000,0.000000,0.000000,0.000000,0.000000,0,0,0,0
"32,57",0,109678,0,0,977,4,99999,99999,99999,99999,99999,99999,0.000000,0.000000,0.000000,0.000000,0.000000,0.000000,0.000000,0.000000,0.000000,0.000000,0.000000,0.000000,0.000000,0.000000,0,0,0,0
"32,58",0,109678,0,0,965,4,99999,99999,99999,99999,99999,99999,0.000000,0.000000,0.000000,0.000000,0.000000,0.000000,0.000000,0.000000,0.000000,0.000000,0.000000,0.000000,0.000000,0.000000,0,0,0,0
"32,59",0,109678,0,0,79,4,99999,99999,99999,99999,99999,99999,0.000000,0.000000,0.000000,0.000000,0.000000,0.000000,0.000000,0.000000,0.000000,0.000000,0.000000,0.000000,0.000000,0.000000,0,0,0,0
"32,60",0,109678,0,0,69,4,99999,99999,99999,99999,99999,99999,0.000000,0.000000,0.000000,0.000000,0.000000,0.000000,0.000000,0.000000,0.000000,0.000000,0.000000,0.000000,0.000000,0.000000,0,0,0,0
"32,61",0,109678,0,0,73,4,99999,99999,99999,99999,99999,99999,0.000000,0.000000,0.000000,0.000000,0.000000,0.000000,0.000000,0.000000,0.000000,0.000000,0.000000,0.000000,0.000000,0.000000,0,0,0,0
"32,62",0,109678,0,0,73,4,99999,99999,99999,99999,99999,99999,0.000000,0.000000,0.000000,0.000000,0.000000,0.000000,0.000000,0.000000,0.000000,0.000000,0.000000,0.000000,0.000000,0.000000,0,0,0,0
"32,63",0,109678,0,0,67,4,99999,99999,99999,99999,99999,99999,0.000000,0.000000,0.000000,0.000000,0.000000,0.000000,0.000000,0.000000,0.000000,0.000000,0.000000,0.000000,0.000000,0.000000,0,0,0,0
"32,64",0,109678,0,0,66,4,99999,99999,99999,99999,99999,99999,0.000000,0.000000,0.000000,0.000000,0.000000,0.000000,0.000000,0.000000,0.000000,0.000000,0.000000,0.000000,0.000000,0.000000,0,0,0,0
"32,65",0,109678,0,0,74,4,99999,99999,99999,99999,99999,99999,0.000000,0.000000,0.000000,0.000000,0.000000,0.000000,0.000000,0.000000,0.000000,0.000000,0.000000,0.000000,0.000000,0.000000,0,0,0,0
"32,66",0,109678,0,0,74,4,99999,99999,99999,99999,99999,99999,0.000000,0.000000,0.000000,0.000000,0.000000,0.000000,0.000000,0.000000,0.000000,0.000000,0.000000,0.000000,0.000000,0.000000,0,0,0,0
"32,67",0,109678,0,0,65,4,99999,99999,99999,99999,99999,99999,0.000000,0.000000,0.000000,0.000000,0.000000,0.000000,0.000000,0.000000,0.000000,0.000000,0.000000,0.000000,0.000000,0.000000,0,0,0,0
"32,68",0,109678,0,0,69,4,99999,99999,99999,99999,99999,99999,0.000000,0.000000,0.000000,0.000000,0.000000,0.000000,0.000000,0.000000,0.000000,0.000000,0.000000,0.000000,0.000000,0.000000,0,0,0,0
"32,69",0,109678,0,0,77,4,99999,99999,99999,99999,99999,99999,0.000000,0.000000,0.000000,0.000000,0.000000,0.000000,0.000000,0.000000,0.000000,0.000000,0.000000,0.000000,0.000000,0.000000,0,0,0,0
"32,70",0,109678,0,0,8,4,99999,99999,99999,99999,99999,99999,0.000000,0.000000,0.000000,0.000000,0.000000,0.000000,0.000000,0.000000,0.000000,0.000000,0.000000,0.000000,0.000000,0.000000,0,0,0,0
"32,71",0,109678,0,0,8,4,99999,99999,99999,99999,99999,99999,0.000000,0.000000,0.000000,0.000000,0.000000,0.000000,0.000000,0.000000,0.000000,0.000000,0.000000,0.000000,0.000000,0.000000,0,0,0,0
"32,72",0,109678,0,0,7,4,99999,99999,99999,99999,99999,99999,0.000000,0.000000,0.000000,0.000000,0.000000,0.000000,0.000000,0.000000,0.000000,0.000000,0.000000,0.000000,0.000000,0.000000,0,0,0,0
"32,73",0,109678,0,0,8,4,99999,99999,99999,99999,99999,99999,0.000000,0.000000,0.000000,0.000000,0.000000,0.000000,0.000000,0.000000,0.000000,0.000000,0.000000,0.000000,0.000000,0.000000,0,0,0,0
"32,74",0,109678,0,0,8,4,99999,99999,99999,99999,99999,99999,0.000000,0.000000,0.000000,0.000000,0.000000,0.000000,0.000000,0.000000,0.000000,0.000000,0.000000,0.000000,0.000000,0.000000,0,0,0,0
"33,1",39,121875,11,1,1036,2,12,250,429,0,4,9,0.883333,0.116667,0.000000,0.000000,0.000000,0.000000,0.000000,0.735178,0.217391,0.031621,0.015810,0.000000,0.000000,0.000000,27495,180,299,119
"33,2",36,121875,11,1,1040,2,9,154,488,0,5,10,0.922222,0.066667,0.011111,0.000000,0.000000,0.000000,0.000000,0.792000,0.144000,0.044000,0.012000,0.008000,0.000000,0.000000,27188,178,284,104
"33,3",37,121875,11,1,1041,2,13,513,677,0,5,7,0.750000,0.177778,0.072222,0.000000,0.000000,0.000000,0.000000,0.785714,0.147619,0.066667,0.000000,0.000000,0.000000,0.000000,25354,167,280,106
"33,4",41,121875,11,1,1038,2,11,141,265,0,4,5,0.911111,0.088889,0.000000,0.000000,0.000000,0.000000,0.000000,0.773438,0.199219,0.027344,0.000000,0.000000,0.000000,0.000000,27495,180,310,130
"33,5",42,121875,11,1,1032,2,11,179,271,0,4,7,0.916667,0.083333,0.000000,0.000000,0.000000,0.000000,0.000000,0.797794,0.176471,0.025735,0.000000,0.000000,0.000000,0.000000,27495,180,312,132
"33,6",44,121875,11,1,1042,2,11,153,248,0,4,4,0.897849,0.102151,0.000000,0.000000,0.000000,0.000000,0.000000,0.809886,0.178707,0.011407,0.000000,0.000000,0.000000,0.000000,28421,186,325,145
"33,7",40,121875,11,1,1038,2,16,524,544,0,4,8,0.772222,0.155556,0.072222,0.000000,0.000000,0.000000,0.000000,0.757447,0.200000,0.034043,0.008511,0.000000,0.000000,0.000000,25427,167,283,114
"33,8",36,121875,11,1,1032,2,7,81,158,0,4,6,0.961111,0.038889,0.000000,0.000000,0.000000,0.000000,0.000000,0.790076,0.187023,0.019084,0.003817,0.000000,0.000000,0.000000,27495,180,285,105
"33,9",37,121875,11,1,1032,2,9,304,453,0,4,5,0.872928,0.127072,0.000000,0.000000,0.000000,0.000000,0.000000,0.795181,0.184739,0.016064,0.004016,0.000000,0.000000,0.000000,27561,181,290,109
"33,10",42,121875,11,1,1037,2,12,506,652,0,4,4,0.772222,0.155556,0.072222,0.000000,0.000000,0.000000,0.000000,0.789238,0.201794,0.008969,0.000000,0.000000,0.000000,0.000000,25349,167,300,128
"33,11",44,121875,11,1,1034,2,11,505,659,0,4,7,0.768817,0.155914,0.075269,0.000000,0.000000,0.000000,0.000000,0.818182,0.159091,0.022727,0.000000,0.000000,0.000000,0.000000,26352,173,318,141
"33,12",46,121875,11,1,1030,2,12,332,503,0,4,6,0.827778,0.155556,0.016667,0.000000,0.000000,0.000000,0.000000,0.783784,0.193050,0.019305,0.003861,0.000000,0.000000,0.000000,27143,177,338,158
"33,13",41,121875,11,1,1042,2,12,149,248,0,4,5,0.905556,0.094444,0.000000,0.000000,0.000000,0.000000,0.000000,0.815261,0.168675,0.012048,0.004016,0.000000,0.000000,0.000000,27495,180,306,126
"33,14",40,121875,11,1,1039,2,10,145,478,0,4,5,0.933333,0.055556,0.011111,0.000000,0.000000,0.000000,0.000000,0.801527,0.183206,0.015267,0.000000,0.000000,0.000000,0.000000,27252,178,305,125
"33,15",42,121875,11,1,1027,2,12,532,948,0,4,5,0.761111,0.094444,0.127778,0.016667,0.000000,0.000000,0.000000,0.828829,0.157658,0.013514,0.000000,0.000000,0.000000,0.000000,23546,154,284,121
"33,16",41,121875,11,1,1027,2,9,192,383,0,4,7,0.900000,0.100000,0.000000,0.000000,0.000000,0.000000,0.000000,0.806818,0.174242,0.015152,0.003788,0.000000,0.000000,0.000000,27495,180,310,130
"33,17",48,121875,11,1,1027,2,10,152,264,0,4,5,0.894444,0.105556,0.000000,0.000000,0.000000,0.000000,0.000000,0.800000,0.170370,0.025926,0.003704,0.000000,0.000000,0.000000,27495,180,350,170
"33,18",42,121875,11,1,1038,2,11,276,737,0,5,7,0.850000,0.116667,0.033333,0.000000,0.000000,0.000000,0.000000,0.796748,0.150407,0.048780,0.004065,0.000000,0.000000,0.000000,26362,174,302,128
"33,19",41,121875,11,1,1038,2,9,86,232,0,4,8,0.966667,0.033333,0.000000,0.000000,0.000000,0.000000,0.000000,0.765568,0.194139,0.036630,0.003663,0.000000,0.000000,0.000000,27495,180,309,129
"33,20",40,121875,11,1,1042,2,10,150,205,0,4,8,0.905556,0.094444,0.000000,0.000000,0.000000,0.000000,0.000000,0.761134,0.190283,0.044534,0.000000,0.004049,0.000000,0.000000,27495,180,303,123
"33,21",45,121875,11,1,1047,2,12,239,357,0,6,8,0.861111,0.138889,0.000000,0.000000,0.000000,0.000000,0.000000,0.727642,0.186992,0.077236,0.004065,0.004065,0.000000,0.000000,27495,180,328,148
"33,22",43,121875,11,1,1033,2,12,292,414,0,4,5,0.827778,0.172222,0.000000,0.000000,0.000000,0.000000,0.000000,0.777311,0.197479,0.021008,0.000000,0.004202,0.000000,0.000000,27495,180,320,140
"33,23",44,121875,11,1,1039,2,11,111,185,0,4,7,0.934783,0.065217,0.000000,0.000000,0.000000,0.000000,0.000000,0.791822,0.163569,0.037175,0.007435,0.000000,0.000000,0.000000,28065,184,328,147
"33,24",45,121332,10,1,1043,2,16,368,554,0,5,8,0.806630,0.171271,0.022099,0.000000,0.000000,0.000000,0.000000,0.765690,0.179916,0.050209,0.004184,0.000000,0.000000,0.000000,26876,177,328,149
"33,25",40,120381,9,1,1033,2,11,226,467,0,4,5,0.888889,0.100000,0.011111,0.000000,0.000000,0.000000,0.000000,0.834746,0.148305,0.016949,0.000000,0.000000,0.000000,0.000000,27220,178,301,121
"33,26",39,119610,9,1,1041,2,11,242,338,0,4,5,0.865854,0.134146,0.000000,0.000000,0.000000,0.000000,0.000000,0.767773,0.199052,0.033175,0.000000,0.000000,0.000000,0.000000,24944,164,267,106
"33,27",42,118760,9,1,1032,2,11,204,395,0,4,7,0.892473,0.107527,0.000000,0.000000,0.000000,0.000000,0.000000,0.811538,0.161538,0.023077,0.003846,0.000000,0.000000,0.000000,28421,186,320,137
"33,28",46,117995,9,1,1046,2,17,527,551,0,5,8,0.755556,0.150000,0.083333,0.011111,0.000000,0.000000,0.000000,0.721461,0.200913,0.068493,0.009132,0.000000,0.000000,0.000000,24877,163,307,142
"33,29",32,117400,9,1,1037,2,11,280,502,0,5,6,0.855556,0.127778,0.016667,0.000000,0.000000,0.000000,0.000000,0.798165,0.142202,0.059633,0.000000,0.000000,0.000000,0.000000,27086,177,264,85
"33,30",42,116705,9,1,1035,2,9,179,410,0,4,5,0.888889,0.105556,0.005556,0.000000,0.000000,0.000000,0.000000,0.779468,0.182510,0.038023,0.000000,0.000000,0.000000,0.000000,27331,179,313,133
"33,31",38,116102,9,1,1033,2,9,201,381,0,4,8,0.900000,0.100000,0.000000,0.000000,0.000000,0.000000,0.000000,0.856540,0.101266,0.037975,0.004219,0.000000,0.000000,0.000000,27495,180,291,111
"33,32",38,115558,9,1,1040,2,12,464,556,0,4,6,0.866667,0.083333,0.050000,0.000000,0.000000,0.000000,0.000000,0.774059,0.175732,0.046025,0.004184,0.000000,0.000000,0.000000,26016,171,280,107
"33,33",43,114992,9,1,1034,2,9,78,132,0,4,5,0.972376,0.027624,0.000000,0.000000,0.000000,0.000000,0.000000,0.775439,0.210526,0.014035,0.000000,0.000000,0.000000,0.000000,27659,181,320,140
"33,34",36,114237,8,1,1028,2,8,167,463,0,4,6,0.927778,0.061111,0.011111,0.000000,0.000000,0.000000,0.000000,0.822835,0.153543,0.023622,0.000000,0.000000,0.000000,0.000000,27158,178,283,103
"33,35",40,113468,8,1,1038,2,12,338,518,0,4,8,0.819672,0.163934,0.016393,0.000000,0.000000,0.000000,0.000000,0.776371,0.185654,0.037975,0.000000,0.000000,0.000000,0.000000,27389,180,305,125
"33,36",39,112462,7,1,1041,2,12,537,661,0,4,5,0.827778,0.072222,0.088889,0.011111,0.000000,0.000000,0.000000,0.826446,0.157025,0.016529,0.000000,0.000000,0.000000,0.000000,24671,162,274,107
"33,37",46,111303,7,1,1029,2,10,185,307,0,4,6,0.891892,0.108108,0.000000,0.000000,0.000000,0.000000,0.000000,0.766187,0.205036,0.021583,0.007194,0.000000,0.000000,0.000000,28283,185,342,159
"33,38",42,110248,7,1,1029,2,10,118,170,0,4,6,0.933333,0.066667,0.000000,0.000000,0.000000,0.000000,0.000000,0.775735,0.198529,0.025735,0.000000,0.000000,0.000000,0.000000,27495,180,313,133
"33,39",0,110248,0,0,978,4,99999,99999,99999,99999,99999,99999,0.000000,0.000000,0.000000,0.000000,0.000000,0.000000,0.000000,0.000000,0.000000,0.000000,0.000000,0.000000,0.000000,0.000000,0,0,0,0
"33,40",0,110248,0,0,961,4,99999,99999,99999,99999,99999,99999,0.000000,0.000000,0.000000,0.000000,0.000000,0.000000,0.000000,0.000000,0.000000,0.000000,0.000000,0.000000,0.000000,0.000000,0,0,0,0
"33,41",0,110248,0,0,966,4,99999,99999,99999,99999,99999,99999,0.000000,0.000000,0.000000,0.000000,0.000000,0.000000,0.000000,0.000000,0.000000,0.000000,0.000000,0.000000,0.000000,0.000000,0,0,0,0
"33,42",0,110248,0,0,967,4,99999,99999,99999,99999,99999,99999,0.000000,0.000000,0.000000,0.000000,0.000000,0.000000,0.000000,0.000000,0.000000,0.000000,0.000000,0.000000,0.000000,0.000000,0,0,0,0
"33,43",0,110248,0,0,974,4,99999,99999,99999,99999,99999,99999,0.000000,0.000000,0.000000,0.000000,0.000000,0.000000,0.000000,0.000000,0.000000,0.000000,0.000000,0.000000,0.000000,0.000000,0,0,0,0
"33,44",0,110248,0,0,975,4,99999,99999,99999,99999,99999,99999,0.000000,0.000000,0.000000,0.000000,0.000000,0.000000,0.000000,0.000000,0.000000,0.000000,0.000000,0.000000,0.000000,0.000000,0,0,0,0
"33,45",0,110248,0,0,979,4,99999,99999,99999,99999,99999,99999,0.000000,0.000000,0.000000,0.000000,0.000000,0.000000,0.000000,0.000000,0.000000,0.000000,0.000000,0.000000,0.000000,0.000000,0,0,0,0
"33,46",0,110248,0,0,975,4,99999,99999,99999,99999,99999,99999,0.000000,0.000000,0.000000,0.000000,0.000000,0.000000,0.000000,0.000000,0.000000,0.000000,0.000000,0.000000,0.000000,0.000000,0,0,0,0
"33,47",0,110248,0,0,979,4,99999,99999,99999,99999,99999,99999,0.000000,0.000000,0.000000,0.000000,0.000000,0.000000,0.000000,0.000000,0.000000,0.000000,0.000000,0.000000,0.000000,0.000000,0,0,0,0
"33,48",0,110248,0,0,978,4,99999,99999,99999,99999,99999,99999,0.000000,0.000000,0.000000,0.000000,0.000000,0.000000,0.000000,0.000000,0.000000,0.000000,0.000000,0.000000,0.000000,0.000000,0,0,0,0
"33,49",0,110248,0,0,975,4,99999,99999,99999,99999,99999,99999,0.000000,0.000000,0.000000,0.000000,0.000000,0.000000,0.000000,0.000000,0.000000,0.000000,0.000000,0.000000,0.000000,0.000000,0,0,0,0
"33,50",0,110248,0,0,964,4,99999,99999,99999,99999,99999,99999,0.000000,0.000000,0.000000,0.000000,0.000000,0.000000,0.000000,0.000000,0.000000,0.000000,0.000000,0.000000,0.000000,0.000000,0,0,0,0
"33,51",0,110248,0,0,974,4,99999,99999,99999,99999,99999,99999,0.000000,0.000000,0.000000,0.000000,0.000000,0.000000,0.000000,0.000000,0.000000,0.000000,0.000000,0.000000,0.000000,0.000000,0,0,0,0
"33,52",0,110248,0,0,964,4,99999,99999,99999,99999,99999,99999,0.000000,0.000000,0.000000,0.000000,0.000000,0.000000,0.000000,0.000000,0.000000,0.000000,0.000000,0.000000,0.000000,0.000000,0,0,0,0
"33,53",0,110248,0,0,967,4,99999,99999,99999,99999,99999,99999,0.000000,0.000000,0.000000,0.000000,0.000000,0.000000,0.000000,0.000000,0.000000,0.000000,0.000000,0.000000,0.000000,0.000000,0,0,0,0
"33,54",0,110248,0,0,974,4,99999,99999,99999,99999,99999,99999,0.000000,0.000000,0.000000,0.000000,0.000000,0.000000,0.000000,0.000000,0.000000,0.000000,0.000000,0.000000,0.000000,0.000000,0,0,0,0
"33,55",0,110248,0,0,973,4,99999,99999,99999,99999,99999,99999,0.000000,0.000000,0.000000,0.000000,0.000000,0.000000,0.000000,0.000000,0.000000,0.000000,0.000000,0.000000,0.000000,0.000000,0,0,0,0
"33,56",0,110248,0,0,973,4,99999,99999,99999,99999,99999,99999,0.000000,0.000000,0.000000,0.000000,0.000000,0.000000,0.000000,0.000000,0.000000,0.000000,0.000000,0.000000,0.000000,0.000000,0,0,0,0
"33,57",0,110248,0,0,975,4,99999,99999,99999,99999,99999,99999,0.000000,0.000000,0.000000,0.000000,0.000000,0.000000,0.000000,0.000000,0.000000,0.000000,0.000000,0.000000,0.000000,0.000000,0,0,0,0
"33,58",0,110248,0,0,976,4,99999,99999,99999,99999,99999,99999,0.000000,0.000000,0.000000,0.000000,0.000000,0.000000,0.000000,0.000000,0.000000,0.000000,0.000000,0.000000,0.000000,0.000000,0,0,0,0
"33,59",0,110248,0,0,78,4,99999,99999,99999,99999,99999,99999,0.000000,0.000000,0.000000,0.000000,0.000000,0.000000,0.000000,0.000000,0.000000,0.000000,0.000000,0.000000,0.000000,0.000000,0,0,0,0
"33,60",0,110248,0,0,65,4,99999,99999,99999,99999,99999,99999,0.000000,0.000000,0.000000,0.000000,0.000000,0.000000,0.000000,0.000000,0.000000,0.000000,0.000000,0.000000,0.000000,0.000000,0,0,0,0
"33,61",0,110248,0,0,75,4,99999,99999,99999,99999,99999,99999,0.000000,0.000000,0.000000,0.000000,0.000000,0.000000,0.000000,0.000000,0.000000,0.000000,0.000000,0.000000,0.000000,0.000000,0,0,0,0
"33,62",0,110248,0,0,64,4,99999,99999,99999,99999,99999,99999,0.000000,0.000000,0.000000,0.000000,0.000000,0.000000,0.000000,0.000000,0.000000,0.000000,0.000000,0.000000,0.000000,0.000000,0,0,0,0
"33,63",0,110248,0,0,76,4,99999,99999,99999,99999,99999,99999,0.000000,0.000000,0.000000,0.000000,0.000000,0.000000,0.000000,0.000000,0.000000,0.000000,0.000000,0.000000,0.000000,0.000000,0,0,0,0
"33,64",0,110248,0,0,79,4,99999,99999,99999,99999,99999,99999,0.000000,0.000000,0.000000,0.000000,0.000000,0.000000,0.000000,0.000000,0.000000,0.000000,0.000000,0.000000,0.000000,0.000000,0,0,0,0
"33,65",0,110248,0,0,74,4,99999,99999,99999,99999,99999,99999,0.000000,0.000000,0.000000,0.000000,0.000000,0.000000,0.000000,0.000000,0.000000,0.000000,0.000000,0.000000,0.000000,0.000000,0,0,0,0
"33,66",0,110248,0,0,63,4,99999,99999,99999,99999,99999,99999,0.000000,0.000000,0.000000,0.000000,0.000000,0.000000,0.000000,0.000000,0.000000,0.000000,0.000000,0.000000,0.000000,0.000000,0,0,0,0
"33,67",0,110248,0,0,75,4,99999,99999,99999,99999,99999,99999,0.000000,0.000000,0.000000,0.000000,0.000000,0.000000,0.000000,0.000000,0.000000,0.000000,0.000000,0.000000,0.000000,0.000000,0,0,0,0
"33,68",0,110248,0,0,79,4,99999,99999,99999,99999,99999,99999,0.000000,0.000000,0.000000,0.000000,0.000000,0.000000,0.000000,0.000000,0.000000,0.000000,0.000000,0.000000,0.000000,0.000000,0,0,0,0
"33,69",0,110248,0,0,67,4,99999,99999,99999,99999,99999,99999,0.000000,0.000000,0.000000,0.000000,0.000000,0.000000,0.000000,0.000000,0.000000,0.000000,0.000000,0.000000,0.000000,0.000000,0,0,0,0
"33,70",0,110248,0,0,10,4,99999,99999,99999,99999,99999,99999,0.000000,0.000000,0.000000,0.000000,0.000000,0.000000,0.000000,0.000000,0.000000,0.000000,0.000000,0.000000,0.000000,0.000000,0,0,0,0
"33,71",0,110248,0,0,9,4,99999,99999,99999,99999,99999,99999,0.000000,0.000000,0.000000,0.000000,0.000000,0.000000,0.000000,0.000000,0.000000,0.000000,0.000000,0.000000,0.000000,0.000000,0,0,0,0
"33,72",0,110248,0,0,9,4,99999,99999,99999,99999,99999,99999,0.000000,0.000000,0.000000,0.000000,0.000000,0.000000,0.000000,0.000000,0.000000,0.000000,0.000000,0.000000,0.000000,0.000000,0,0,0,0
"33,73",0,110248,0,0,9,4,99999,99999,99999,99999,99999,99999,0.000000,0.000000,0.000000,0.000000,0.000000,0.000000,0.000000,0.000000,0.000000,0.000000,0.000000,0.000000,0.000000,0.000000,0,0,0,0
"33,74",0,110248,0,0,8,4,99999,99999,99999,99999,99999,99999,0.000000,0.000000,0.000000,0.000000,0.000000,0.000000,0.000000,0.000000,0.000000,0.000000,0.000000,0.000000,0.000000,0.000000,0,0,0,0
"34,1",42,110525,11,1,1039,2,19,663,961,0,4,8,0.675824,0.142857,0.159341,0.021978,0.000000,0.000000,0.000000,0.768844,0.180905,0.045226,0.005025,0.000000,0.000000,0.000000,22847,149,282,119
"34,2",44,110823,11,1,1030,2,9,138,292,0,4,8,0.933702,0.066298,0.000000,0.000000,0.000000,0.000000,0.000000,0.781481,0.181481,0.033333,0.003704,0.000000,0.000000,0.000000,27659,181,323,143
"34,3",41,111084,11,1,1029,2,15,484,542,0,4,7,0.811111,0.138889,0.050000,0.000000,0.000000,0.000000,0.000000,0.802632,0.175439,0.017544,0.004386,0.000000,0.000000,0.000000,26165,171,296,122
"34,4",39,111337,11,1,1027,2,9,124,378,0,4,6,0.933333,0.066667,0.000000,0.000000,0.000000,0.000000,0.000000,0.789062,0.183594,0.023438,0.003906,0.000000,0.000000,0.000000,27495,180,300,120
"34,5",41,111584,11,1,1030,2,9,362,519,0,4,4,0.861111,0.116667,0.022222,0.000000,0.000000,0.000000,0.000000,0.803213,0.188755,0.008032,0.000000,0.000000,0.000000,0.000000,26744,176,305,126
"34,6",40,111810,11,1,1035,2,12,512,649,0,4,5,0.811111,0.127778,0.061111,0.000000,0.000000,0.000000,0.000000,0.826840,0.147186,0.025974,0.000000,0.000000,0.000000,0.000000,25897,169,293,120
"34,7",42,112035,11,1,1033,2,9,362,538,0,4,5,0.895833,0.062500,0.031250,0.010417,0.000000,0.000000,0.000000,0.804511,0.169173,0.022556,0.003759,0.000000,0.000000,0.000000,28065,184,331,142
"34,8",40,112240,11,1,1041,2,14,519,743,0,4,4,0.761111,0.144444,0.094444,0.000000,0.000000,0.000000,0.000000,0.835749,0.154589,0.009662,0.000000,0.000000,0.000000,0.000000,24792,163,288,117
"34,9",37,112438,11,1,1035,2,10,271,434,0,4,5,0.867403,0.127072,0.005525,0.000000,0.000000,0.000000,0.000000,0.836066,0.151639,0.012295,0.000000,0.000000,0.000000,0.000000,27427,180,288,107
"34,10",39,112634,11,1,1040,2,9,73,204,0,5,8,0.961111,0.038889,0.000000,0.000000,0.000000,0.000000,0.000000,0.790698,0.124031,0.085271,0.000000,0.000000,0.000000,0.000000,27495,180,299,119
"34,11",43,112829,11,1,1043,2,9,144,329,0,4,8,0.927778,0.072222,0.000000,0.000000,0.000000,0.000000,0.000000,0.792453,0.169811,0.037736,0.000000,0.000000,0.000000,0.000000,27495,180,320,140
"34,12",40,113011,11,1,1041,2,11,154,258,0,4,5,0.911111,0.088889,0.000000,0.000000,0.000000,0.000000,0.000000,0.773438,0.207031,0.019531,0.000000,0.000000,0.000000,0.000000,27495,180,303,123
"34,13",41,113187,11,1,1034,2,10,154,289,0,4,5,0.922222,0.077778,0.000000,0.000000,0.000000,0.000000,0.000000,0.825095,0.159696,0.015209,0.000000,0.000000,0.000000,0.000000,27495,180,308,128
"34,14",41,113358,11,1,1038,2,12,317,570,0,4,5,0.872222,0.100000,0.027778,0.000000,0.000000,0.000000,0.000000,0.801587,0.174603,0.023810,0.000000,0.000000,0.000000,0.000000,26763,175,310,130
"34,15",42,113523,11,1,1030,2,10,168,311,0,4,4,0.922222,0.077778,0.000000,0.000000,0.000000,0.000000,0.000000,0.791367,0.197842,0.007194,0.000000,0.003597,0.000000,0.000000,27495,180,314,134
"34,16",34,113663,11,1,1033,2,9,283,528,0,4,5,0.890110,0.082418,0.027473,0.000000,0.000000,0.000000,0.000000,0.802575,0.180258,0.012876,0.004292,0.000000,0.000000,0.000000,26973,177,270,92
"34,17",42,113822,11,1,1040,2,10,107,196,0,5,10,0.938889,0.061111,0.000000,0.000000,0.000000,0.000000,0.000000,0.757463,0.190299,0.037313,0.014925,0.000000,0.000000,0.000000,27495,180,313,133
"34,18",43,113966,11,1,1041,2,20,500,538,0,4,5,0.783333,0.161111,0.055556,0.000000,0.000000,0.000000,0.000000,0.762931,0.198276,0.034483,0.004310,0.000000,0.000000,0.000000,26058,170,303,131
"34,19",40,114101,11,1,1043,2,11,125,342,0,4,5,0.922222,0.077778,0.000000,0.000000,0.000000,0.000000,0.000000,0.802372,0.173913,0.019763,0.003953,0.000000,0.000000,0.000000,27495,180,301,121
"34,20",40,114234,11,1,1036,2,11,349,515,0,4,7,0.855556,0.122222,0.022222,0.000000,0.000000,0.000000,0.000000,0.793522,0.161943,0.040486,0.004049,0.000000,0.000000,0.000000,26838,176,301,122
"34,21",41,114366,11,1,1034,2,17,336,534,0,4,5,0.855556,0.127778,0.016667,0.000000,0.000000,0.000000,0.000000,0.727642,0.223577,0.048780,0.000000,0.000000,0.000000,0.000000,27048,177,308,129
"34,22",42,114493,11,1,1043,2,12,157,284,0,4,8,0.900000,0.100000,0.000000,0.000000,0.000000,0.000000,0.000000,0.763780,0.192913,0.035433,0.003937,0.003937,0.000000,0.000000,27495,180,312,132
"34,23",39,114613,11,1,1034,2,9,57,482,0,4,6,0.966667,0.022222,0.011111,0.000000,0.000000,0.000000,0.000000,0.810219,0.145985,0.043796,0.000000,0.000000,0.000000,0.000000,27181,178,298,118
"34,24",45,114533,10,1,1036,2,15,525,666,0,5,8,0.756906,0.143646,0.093923,0.005525,0.000000,0.000000,0.000000,0.780374,0.149533,0.060748,0.004673,0.004673,0.000000,0.000000,25056,163,316,143
"34,25",46,114232,9,1,1027,2,13,373,462,0,4,6,0.794444,0.205556,0.000000,0.000000,0.000000,0.000000,0.000000,0.799127,0.161572,0.034934,0.004367,0.000000,0.000000,0.000000,27495,180,337,157
"34,26",48,113940,9,1,1038,2,31,566,742,0,4,9,0.644809,0.251366,0.103825,0.000000,0.000000,0.000000,0.000000,0.735450,0.232804,0.015873,0.015873,0.000000,0.000000,0.000000,24941,164,343,166
"34,27",43,113671,9,1,1041,2,15,341,521,0,4,8,0.801105,0.182320,0.016575,0.000000,0.000000,0.000000,0.000000,0.742616,0.219409,0.033755,0.004219,0.000000,0.000000,0.000000,27121,178,320,140
"34,28",37,113437,9,1,1037,2,9,102,247,0,5,9,0.944444,0.055556,0.000000,0.000000,0.000000,0.000000,0.000000,0.768061,0.178707,0.038023,0.015209,0.000000,0.000000,0.000000,27495,180,290,110
"34,29",40,113200,9,1,1042,2,11,160,275,0,4,7,0.905556,0.094444,0.000000,0.000000,0.000000,0.000000,0.000000,0.774809,0.179389,0.045802,0.000000,0.000000,0.000000,0.000000,27495,180,304,124
"34,30",42,112971,9,1,1028,2,10,504,541,0,4,6,0.861111,0.083333,0.055556,0.000000,0.000000,0.000000,0.000000,0.793651,0.182540,0.019841,0.003968,0.000000,0.000000,0.000000,26016,170,301,129
"34,31",43,112736,9,1,1032,2,12,330,500,0,4,8,0.844444,0.138889,0.016667,0.000000,0.000000,0.000000,0.000000,0.781513,0.184874,0.029412,0.004202,0.000000,0.000000,0.000000,27240,178,321,141
"34,32",48,112493,9,1,1038,2,14,284,501,0,4,6,0.861111,0.116667,0.022222,0.000000,0.000000,0.000000,0.000000,0.773077,0.196154,0.030769,0.000000,0.000000,0.000000,0.000000,26879,176,345,166
"34,33",37,112293,9,1,1033,2,9,140,257,0,4,8,0.927778,0.072222,0.000000,0.000000,0.000000,0.000000,0.000000,0.776000,0.180000,0.036000,0.008000,0.000000,0.000000,0.000000,27495,180,289,109
"34,34",39,111952,8,1,1035,2,7,101,174,0,4,6,0.939227,0.060773,0.000000,0.000000,0.000000,0.000000,0.000000,0.804781,0.171315,0.019920,0.000000,0.003984,0.000000,0.000000,27659,181,298,118
"34,35",44,111598,8,1,1035,2,13,273,477,0,4,5,0.839779,0.149171,0.011050,0.000000,0.000000,0.000000,0.000000,0.774194,0.201613,0.024194,0.000000,0.000000,0.000000,0.000000,27356,179,327,147
"34,36",46,111022,7,1,1023,2,11,207,374,0,4,4,0.872222,0.127778,0.000000,0.000000,0.000000,0.000000,0.000000,0.770115,0.222222,0.007663,0.000000,0.000000,0.000000,0.000000,27495,180,339,159
"34,37",35,110551,7,1,1036,2,9,64,169,0,4,5,0.972222,0.027778,0.000000,0.000000,0.000000,0.000000,0.000000,0.792969,0.191406,0.015625,0.000000,0.000000,0.000000,0.000000,27495,180,280,100
"34,38",42,110046,7,1,1032,2,9,181,286,0,4,5,0.900000,0.100000,0.000000,0.000000,0.000000,0.000000,0.000000,0.788235,0.196078,0.011765,0.003922,0.000000,0.000000,0.000000,27495,180,315,135
"34,39",0,110046,0,0,979,4,99999,99999,99999,99999,99999,99999,0.000000,0.000000,0.000000,0.000000,0.000000,0.000000,0.000000,0.000000,0.000000,0.000000,0.000000,0.000000,0.000000,0.000000,0,0,0,0
"34,40",0,110046,0,0,963,4,99999,99999,99999,99999,99999,99999,0.000000,0.000000,0.000000,0.000000,0.000000,0.000000,0.000000,0.000000,0.000000,0.000000,0.000000,0.000000,0.000000,0.000000,0,0,0,0
"34,41",0,110046,0,0,966,4,99999,99999,99999,99999,99999,99999,0.000000,0.000000,0.000000,0.000000,0.000000,0.000000,0.000000,0.000000,0.000000,0.000000,0.000000,0.000000,0.000000,0.000000,0,0,0,0
"34,42",0,110046,0,0,975,4,99999,99999,99999,99999,99999,99999,0.000000,0.000000,0.000000,0.000000,0.000000,0.000000,0.000000,0.000000,0.000000,0.000000,0.000000,0.000000,0.000000,0.000000,0,0,0,0
"34,43",0,110046,0,0,968,4,99999,99999,99999,99999,99999,99999,0.000000,0.000000,0.000000,0.000000,0.000000,0.000000,0.000000,0.000000,0.000000,0.000000,0.000000,0.000000,0.000000,0.000000,0,0,0,0
"34,44",0,110046,0,0,970,4,99999,99999,99999,99999,99999,99999,0.000000,0.000000,0.000000,0.000000,0.000000,0.000000,0.000000,0.000000,0.000000,0.000000,0.000000,0.000000,0.000000,0.000000,0,0,0,0
"34,45",0,110046,0,0,968,4,99999,99999,99999,99999,99999,99999,0.000000,0.000000,0.000000,0.000000,0.000000,0.000000,0.000000,0.000000,0.000000,0.000000,0.000000,0.000000,0.000000,0.000000,0,0,0,0
"34,46",0,110046,0,0,971,4,99999,99999,99999,99999,99999,99999,0.000000,0.000000,0.000000,0.000000,0.000000,0.000000,0.000000,0.000000,0.000000,0.000000,0.000000,0.000000,0.000000,0.000000,0,0,0,0
"34,47",0,110046,0,0,969,4,99999,99999,99999,99999,99999,99999,0.000000,0.000000,0.000000,0.000000,0.000000,0.000000,0.000000,0.000000,0.000000,0.000000,0.000000,0.000000,0.000000,0.000000,0,0,0,0
"34,48",0,110046,0,0,972,4,99999,99999,99999,99999,99999,99999,0.000000,0.000000,0.000000,0.000000,0.000000,0.000000,0.000000,0.000000,0.000000,0.000000,0.000000,0.000000,0.000000,0.000000,0,0,0,0
"34,49",0,110046,0,0,974,4,99999,99999,99999,99999,99999,99999,0.000000,0.000000,0.000000,0.000000,0.000000,0.000000,0.000000,0.000000,0.000000,0.000000,0.000000,0.000000,0.000000,0.000000,0,0,0,0
"34,50",0,110046,0,0,977,4,99999,99999,99999,99999,99999,99999,0.000000,0.000000,0.000000,0.000000,0.000000,0.000000,0.000000,0.000000,0.000000,0.000000,0.000000,0.000000,0.000000,0.000000,0,0,0,0
"34,51",0,110046,0,0,974,4,99999,99999,99999,99999,99999,99999,0.000000,0.000000,0.000000,0.000000,0.000000,0.000000,0.000000,0.000000,0.000000,0.000000,0.000000,0.000000,0.000000,0.000000,0,0,0,0
"34,52",0,110046,0,0,977,4,99999,99999,99999,99999,99999,99999,0.000000,0.000000,0.000000,0.000000,0.000000,0.000000,0.000000,0.000000,0.000000,0.000000,0.000000,0.000000,0.000000,0.000000,0,0,0,0
"34,53",0,110046,0,0,975,4,99999,99999,99999,99999,99999,99999,0.000000,0.000000,0.000000,0.000000,0.000000,0.000000,0.000000,0.000000,0.000000,0.000000,0.000000,0.000000,0.000000,0.000000,0,0,0,0
"34,54",0,110046,0,0,975,4,99999,99999,99999,99999,99999,99999,0.000000,0.000000,0.000000,0.000000,0.000000,0.000000,0.000000,0.000000,0.000000,0.000000,0.000000,0.000000,0.000000,0.000000,0,0,0,0
"34,55",0,110046,0,0,971,4,99999,99999,99999,99999,99999,99999,0.000000,0.000000,0.000000,0.000000,0.000000,0.000000,0.000000,0.000000,0.000000,0.000000,0.000000,0.000000,0.000000,0.000000,0,0,0,0
"34,56",0,110046,0,0,970,4,99999,99999,99999,99999,99999,99999,0.000000,0.000000,0.000000,0.000000,0.000000,0.000000,0.000000,0.000000,0.000000,0.000000,0.000000,0.000000,0.000000,0.000000,0,0,0,0
"34,57",0,110046,0,0,974,4,99999,99999,99999,99999,99999,99999,0.000000,0.000000,0.000000,0.000000,0.000000,0.000000,0.000000,0.000000,0.000000,0.000000,0.000000,0.000000,0.000000,0.000000,0,0,0,0
"34,58",0,110046,0,0,975,4,99999,99999,99999,99999,99999,99999,0.000000,0.000000,0.000000,0.000000,0.000000,0.000000,0.000000,0.000000,0.000000,0.000000,0.000000,0.000000,0.000000,0.000000,0,0,0,0
"34,59",0,110046,0,0,72,4,99999,99999,99999,99999,99999,99999,0.000000,0.000000,0.000000,0.000000,0.000000,0.000000,0.000000,0.000000,0.000000,0.000000,0.000000,0.000000,0.000000,0.000000,0,0,0,0
"34,60",0,110046,0,0,68,4,99999,99999,99999,99999,99999,99999,0.000000,0.000000,0.000000,0.000000,0.000000,0.000000,0.000000,0.000000,0.000000,0.000000,0.000000,0.000000,0.000000,0.000000,0,0,0,0
"34,61",0,110046,0,0,65,4,99999,99999,99999,99999,99999,99999,0.000000,0.000000,0.000000,0.000000,0.000000,0.000000,0.000000,0.000000,0.000000,0.000000,0.000000,0.000000,0.000000,0.000000,0,0,0,0
"34,62",0,110046,0,0,75,4,99999,99999,99999,99999,99999,99999,0.000000,0.000000,0.000000,0.000000,0.000000,0.000000,0.000000,0.000000,0.000000,0.000000,0.000000,0.000000,0.000000,0.000000,0,0,0,0
"34,63",0,110046,0,0,72,4,99999,99999,99999,99999,99999,99999,0.000000,0.000000,0.000000,0.000000,0.000000,0.000000,0.000000,0.000000,0.000000,0.000000,0.000000,0.000000,0.000000,0.000000,0,0,0,0
"34,64",0,110046,0,0,70,4,99999,99999,99999,99999,99999,99999,0.000000,0.000000,0.000000,0.000000,0.000000,0.000000,0.000000,0.000000,0.000000,0.000000,0.000000,0.000000,0.000000,0.000000,0,0,0,0
"34,65",0,110046,0,0,72,4,99999,99999,99999,99999,99999,99999,0.000000,0.000000,0.000000,0.000000,0.000000,0.000000,0.000000,0.000000,0.000000,0.000000,0.000000,0.000000,0.000000,0.000000,0,0,0,0
"34,66",0,110046,0,0,80,4,99999,99999,99999,99999,99999,99999,0.000000,0.000000,0.000000,0.000000,0.000000,0.000000,0.000000,0.000000,0.000000,0.000000,0.000000,0.000000,0.000000,0.000000,0,0,0,0
"34,67",0,110046,0,0,84,4,99999,99999,99999,99999,99999,99999,0.000000,0.000000,0.000000,0.000000,0.000000,0.000000,0.000000,0.000000,0.000000,0.000000,0.000000,0.000000,0.000000,0.000000,0,0,0,0
"34,68",0,110046,0,0,83,4,99999,99999,99999,99999,99999,99999,0.000000,0.000000,0.000000,0.000000,0.000000,0.000000,0.000000,0.000000,0.000000,0.000000,0.000000,0.000000,0.000000,0.000000,0,0,0,0
"34,69",0,110046,0,0,67,4,99999,99999,99999,99999,99999,99999,0.000000,0.000000,0.000000,0.000000,0.000000,0.000000,0.000000,0.000000,0.000000,0.000000,0.000000,0.000000,0.000000,0.000000,0,0,0,0
"34,70",0,110046,0,0,8,4,99999,99999,99999,99999,99999,99999,0.000000,0.000000,0.000000,0.000000,0.000000,0.000000,0.000000,0.000000,0.000000,0.000000,0.000000,0.000000,0.000000,0.000000,0,0,0,0
"34,71",0,110046,0,0,9,4,99999,99999,99999,99999,99999,99999,0.000000,0.000000,0.000000,0.000000,0.000000,0.000000,0.000000,0.000000,0.000000,0.000000,0.000000,0.000000,0.000000,0.000000,0,0,0,0
"34,72",0,110046,0,0,7,4,99999,99999,99999,99999,99999,99999,0.000000,0.000000,0.000000,0.000000,0.000000,0.000000,0.000000,0.000000,0.000000,0.000000,0.000000,0.000000,0.000000,0.000000,0,0,0,0
"34,73",0,110046,0,0,6,4,99999,99999,99999,99999,99999,99999,0.000000,0.000000,0.000000,0.000000,0.000000,0.000000,0.000000,0.000000,0.000000,0.000000,0.000000,0.000000,0.000000,0.000000,0,0,0,0
"34,74",0,110046,0,0,8,4,99999,99999,99999,99999,99999,99999,0.000000,0.000000,0.000000,0.000000,0.000000,0.000000,0.000000,0.000000,0.000000,0.000000,0.000000,0.000000,0.000000,0.000000,0,0,0,0
"35,1",40,121875,11,1,1043,2,13,543,855,0,4,5,0.811111,0.083333,0.100000,0.005556,0.000000,0.000000,0.000000,0.762332,0.210762,0.026906,0.000000,0.000000,0.000000,0.000000,24536,161,288,116
"35,2",38,121875,11,1,1044,2,12,262,509,0,5,6,0.838889,0.144444,0.016667,0.000000,0.000000,0.000000,0.000000,0.744770,0.200837,0.046025,0.008368,0.000000,0.000000,0.000000,27035,177,293,114
"35,3",38,121875,11,1,1031,2,12,526,543,0,4,7,0.844444,0.072222,0.083333,0.000000,0.000000,0.000000,0.000000,0.755274,0.194093,0.046414,0.000000,0.004219,0.000000,0.000000,25107,165,274,105
"35,4",38,121875,11,1,1033,2,9,194,411,0,4,5,0.900000,0.094444,0.005556,0.000000,0.000000,0.000000,0.000000,0.845528,0.138211,0.016260,0.000000,0.000000,0.000000,0.000000,27389,179,292,112
"35,5",42,121875,11,1,1039,2,14,302,442,0,4,8,0.812155,0.182320,0.005525,0.000000,0.000000,0.000000,0.000000,0.785088,0.188596,0.021930,0.004386,0.000000,0.000000,0.000000,27507,180,312,132
"35,6",39,121875,11,1,1042,2,11,237,488,0,4,5,0.888889,0.100000,0.011111,0.000000,0.000000,0.000000,0.000000,0.793651,0.182540,0.019841,0.003968,0.000000,0.000000,0.000000,27161,178,297,117
"35,7",40,121875,11,1,1042,2,10,132,196,0,4,6,0.933333,0.066667,0.000000,0.000000,0.000000,0.000000,0.000000,0.821705,0.135659,0.042636,0.000000,0.000000,0.000000,0.000000,27495,180,304,124
"35,8",44,121875,11,1,1034,2,13,543,698,0,4,5,0.705556,0.166667,0.127778,0.000000,0.000000,0.000000,0.000000,0.774359,0.205128,0.020513,0.000000,0.000000,0.000000,0.000000,24236,157,309,137
"35,9",40,121875,11,1,1035,2,9,306,517,0,4,7,0.901639,0.065574,0.032787,0.000000,0.000000,0.000000,0.000000,0.802372,0.162055,0.031621,0.003953,0.000000,0.000000,0.000000,26962,177,303,122
"35,10",47,121875,11,1,1040,2,11,150,240,0,5,8,0.916667,0.083333,0.000000,0.000000,0.000000,0.000000,0.000000,0.737226,0.178832,0.072993,0.010949,0.000000,0.000000,0.000000,27495,180,341,161
"35,11",39,121875,11,1,1039,2,12,446,519,0,5,8,0.811111,0.150000,0.038889,0.000000,0.000000,0.000000,0.000000,0.753363,0.174888,0.067265,0.004484,0.000000,0.000000,0.000000,26261,173,291,115
"35,12",39,121875,11,1,1039,2,10,208,367,0,4,7,0.905556,0.094444,0.000000,0.000000,0.000000,0.000000,0.000000,0.832653,0.138776,0.024490,0.004082,0.000000,0.000000,0.000000,27495,180,299,119
"35,13",44,121875,11,1,1028,2,13,225,373,0,4,7,0.866667,0.133333,0.000000,0.000000,0.000000,0.000000,0.000000,0.760300,0.191011,0.048689,0.000000,0.000000,0.000000,0.000000,27495,180,326,146
"35,14",37,121875,11,1,1028,2,7,71,149,0,4,4,0.961111,0.038889,0.000000,0.000000,0.000000,0.000000,0.000000,0.833962,0.154717,0.011321,0.000000,0.000000,0.000000,0.000000,27495,180,287,107
"35,15",37,121875,11,1,1040,2,10,86,203,0,4,6,0.950000,0.050000,0.000000,0.000000,0.000000,0.000000,0.000000,0.770115,0.191571,0.038314,0.000000,0.000000,0.000000,0.000000,27495,180,289,109
"35,16",35,121875,11,1,1038,2,9,462,550,0,4,5,0.861111,0.088889,0.050000,0.000000,0.000000,0.000000,0.000000,0.819742,0.163090,0.017167,0.000000,0.000000,0.000000,0.000000,26115,171,267,94
"35,17",38,121875,11,1,1040,2,11,111,175,0,4,8,0.938889,0.061111,0.000000,0.000000,0.000000,0.000000,0.000000,0.779528,0.169291,0.039370,0.011811,0.000000,0.000000,0.000000,27495,180,291,111
"35,18",38,121875,11,1,1034,2,9,108,277,0,4,5,0.944444,0.055556,0.000000,0.000000,0.000000,0.000000,0.000000,0.805344,0.171756,0.022901,0.000000,0.000000,0.000000,0.000000,27495,180,294,114
"35,19",35,121875,11,1,1040,2,8,83,130,0,4,5,0.972826,0.027174,0.000000,0.000000,0.000000,0.000000,0.000000,0.815385,0.161538,0.019231,0.000000,0.003846,0.000000,0.000000,28065,184,284,102
"35,20",40,121875,11,1,1038,2,8,134,585,0,4,7,0.927778,0.050000,0.022222,0.000000,0.000000,0.000000,0.000000,0.769841,0.190476,0.035714,0.003968,0.000000,0.000000,0.000000,26881,176,298,120
"35,21",43,121875,11,1,1040,2,11,181,376,0,4,5,0.916667,0.083333,0.000000,0.000000,0.000000,0.000000,0.000000,0.762963,0.200000,0.037037,0.000000,0.000000,0.000000,0.000000,27495,180,317,137
"35,22",37,121875,11,1,1037,2,10,75,163,0,4,5,0.961111,0.038889,0.000000,0.000000,0.000000,0.000000,0.000000,0.822642,0.150943,0.026415,0.000000,0.000000,0.000000,0.000000,27495,180,290,110
"35,23",45,121875,11,1,1035,2,11,162,284,0,4,7,0.894444,0.105556,0.000000,0.000000,0.000000,0.000000,0.000000,0.752852,0.197719,0.049430,0.000000,0.000000,0.000000,0.000000,27495,180,329,149
"35,24",41,121365,10,1,1031,2,14,545,677,0,4,5,0.800000,0.116667,0.083333,0.000000,0.000000,0.000000,0.000000,0.761062,0.207965,0.030973,0.000000,0.000000,0.000000,0.000000,25153,165,303,125
"35,25",44,120858,10,1,1046,2,15,363,489,0,4,7,0.790055,0.198895,0.011050,0.000000,0.000000,0.000000,0.000000,0.799087,0.150685,0.050228,0.000000,0.000000,0.000000,0.000000,27343,179,324,144
"35,26",45,119940,9,1,1030,2,9,529,541,0,4,9,0.807910,0.107345,0.084746,0.000000,0.000000,0.000000,0.000000,0.828829,0.135135,0.022523,0.013514,0.000000,0.000000,0.000000,24835,162,312,143
"35,27",42,119093,9,1,1035,2,14,378,596,0,4,5,0.800000,0.166667,0.033333,0.000000,0.000000,0.000000,0.000000,0.781250,0.191964,0.026786,0.000000,0.000000,0.000000,0.000000,26796,174,314,135
"35,28",36,118368,9,1,1039,2,9,142,296,0,4,8,0.944751,0.055249,0.000000,0.000000,0.000000,0.000000,0.000000,0.807229,0.148594,0.036145,0.004016,0.004016,0.000000,0.000000,27659,181,284,104
"35,29",38,117665,9,1,1032,2,9,74,127,0,4,5,0.961111,0.038889,0.000000,0.000000,0.000000,0.000000,0.000000,0.779851,0.179104,0.041045,0.000000,0.000000,0.000000,0.000000,27495,180,293,113
"35,30",40,116988,9,1,1031,2,10,274,426,0,5,8,0.857143,0.142857,0.000000,0.000000,0.000000,0.000000,0.000000,0.780876,0.167331,0.047809,0.003984,0.000000,0.000000,0.000000,27777,182,305,124
"35,31",40,116353,9,1,1035,2,10,126,234,0,4,8,0.938889,0.061111,0.000000,0.000000,0.000000,0.000000,0.000000,0.808989,0.161049,0.026217,0.003745,0.000000,0.000000,0.000000,27495,180,304,124
"35,32",44,115724,9,1,1039,2,18,395,501,0,4,6,0.771739,0.211957,0.016304,0.000000,0.000000,0.000000,0.000000,0.797357,0.167401,0.035242,0.000000,0.000000,0.000000,0.000000,27664,181,327,145
"35,33",39,115179,9,1,1039,2,12,264,442,0,4,5,0.855556,0.133333,0.011111,0.000000,0.000000,0.000000,0.000000,0.781377,0.186235,0.028340,0.004049,0.000000,0.000000,0.000000,27190,178,300,120
"35,34",35,114424,8,1,1033,2,10,84,209,0,4,5,0.955801,0.044199,0.000000,0.000000,0.000000,0.000000,0.000000,0.832031,0.144531,0.019531,0.003906,0.000000,0.000000,0.000000,27659,181,280,100
"35,35",45,113742,8,1,1040,2,15,324,512,0,4,5,0.828767,0.157534,0.013699,0.000000,0.000000,0.000000,0.000000,0.736842,0.248804,0.014354,0.000000,0.000000,0.000000,0.000000,21617,144,266,120
"35,36",36,112665,7,1,1031,2,8,65,198,0,4,4,0.966667,0.033333,0.000000,0.000000,0.000000,0.000000,0.000000,0.837121,0.151515,0.011364,0.000000,0.000000,0.000000,0.000000,27495,180,285,105
"35,37",40,111626,7,1,1038,2,12,522,1192,0,4,5,0.894444,0.050000,0.011111,0.044444,0.000000,0.000000,0.000000,0.803846,0.176923,0.015385,0.003846,0.000000,0.000000,0.000000,25871,170,291,118
"35,38",44,110616,7,1,1031,2,16,530,650,0,4,7,0.772222,0.122222,0.105556,0.000000,0.000000,0.000000,0.000000,0.787330,0.176471,0.036199,0.000000,0.000000,0.000000,0.000000,24790,161,299,134
"35,39",0,110616,0,0,977,4,99999,99999,99999,99999,99999,99999,0.000000,0.000000,0.000000,0.000000,0.000000,0.000000,0.000000,0.000000,0.000000,0.000000,0.000000,0.000000,0.000000,0.000000,0,0,0,0
"35,40",0,110616,0,0,970,4,99999,99999,99999,99999,99999,99999,0.000000,0.000000,0.000000,0.000000,0.000000,0.000000,0.000000,0.000000,0.000000,0.000000,0.000000,0.000000,0.000000,0.000000,0,0,0,0
"35,41",0,110616,0,0,968,4,99999,99999,99999,99999,99999,99999,0.000000,0.000000,0.000000,0.000000,0.000000,0.000000,0.000000,0.000000,0.000000,0.000000,0.000000,0.000000,0.000000,0.000000,0,0,0,0
"35,42",0,110616,0,0,971,4,99999,99999,99999,99999,99999,99999,0.000000,0.000000,0.000000,0.000000,0.000000,0.000000,0.000000,0.000000,0.000000,0.000000,0.000000,0.000000,0.000000,0.000000,0,0,0,0
"35,43",0,110616,0,0,957,4,99999,99999,99999,99999,99999,99999,0.000000,0.000000,0.000000,0.000000,0.000000,0.000000,0.000000,0.000000,0.000000,0.000000,0.000000,0.000000,0.000000,0.000000,0,0,0,0
"35,44",0,110616,0,0,975,4,99999,99999,99999,99999,99999,99999,0.000000,0.000000,0.000000,0.000000,0.000000,0.000000,0.000000,0.000000,0.000000,0.000000,0.000000,0.000000,0.000000,0.000000,0,0,0,0
"35,45",0,110616,0,0,973,4,99999,99999,99999,99999,99999,99999,0.000000,0.000000,0.000000,0.000000,0.000000,0.000000,0.000000,0.000000,0.000000,0.000000,0.000000,0.000000,0.000000,0.000000,0,0,0,0
"35,46",0,110616,0,0,970,4,99999,99999,99999,99999,99999,99999,0.000000,0.000000,0.000000,0.000000,0.000000,0.000000,0.000000,0.000000,0.000000,0.000000,0.000000,0.000000,0.000000,0.000000,0,0,0,0
"35,47",0,110616,0,0,976,4,99999,99999,99999,99999,99999,99999,0.000000,0.000000,0.000000,0.000000,0.000000,0.000000,0.000000,0.000000,0.000000,0.000000,0.000000,0.000000,0.000000,0.000000,0,0,0,0
"35,48",0,110616,0,0,975,4,99999,99999,99999,99999,99999,99999,0.000000,0.000000,0.000000,0.000000,0.000000,0.000000,0.000000,0.000000,0.000000,0.000000,0.000000,0.000000,0.000000,0.000000,0,0,0,0
"35,49",0,110616,0,0,976,4,99999,99999,99999,99999,99999,99999,0.000000,0.000000,0.000000,0.000000,0.000000,0.000000,0.000000,0.000000,0.000000,0.000000,0.000000,0.000000,0.000000,0.000000,0,0,0,0
"35,50",0,110616,0,0,977,4,99999,99999,99999,99999,99999,99999,0.000000,0.000000,0.000000,0.000000,0.000000,0.000000,0.000000,0.000000,0.000000,0.000000,0.000000,0.000000,0.000000,0.000000,0,0,0,0
"35,51",0,110616,0,0,977,4,99999,99999,99999,99999,99999,99999,0.000000,0.000000,0.000000,0.000000,0.000000,0.000000,0.000000,0.000000,0.000000,0.000000,0.000000,0.000000,0.000000,0.000000,0,0,0,0
"35,52",0,110616,0,0,962,4,99999,99999,99999,99999,99999,99999,0.000000,0.000000,0.000000,0.000000,0.000000,0.000000,0.000000,0.000000,0.000000,0.000000,0.000000,0.000000,0.000000,0.000000,0,0,0,0
"35,53",0,110616,0,0,980,4,99999,99999,99999,99999,99999,99999,0.000000,0.000000,0.000000,0.000000,0.000000,0.000000,0.000000,0.000000,0.000000,0.000000,0.000000,0.000000,0.000000,0.000000,0,0,0,0
"35,54",0,110616,0,0,976,4,99999,99999,99999,99999,99999,99999,0.000000,0.000000,0.000000,0.000000,0.000000,0.000000,0.000000,0.000000,0.000000,0.000000,0.000000,0.000000,0.000000,0.000000,0,0,0,0
"35,55",0,110616,0,0,970,4,99999,99999,99999,99999,99999,99999,0.000000,0.000000,0.000000,0.000000,0.000000,0.000000,0.000000,0.000000,0.000000,0.000000,0.000000,0.000000,0.000000,0.000000,0,0,0,0
"35,56",0,110616,0,0,972,4,99999,99999,99999,99999,99999,99999,0.000000,0.000000,0.000000,0.000000,0.000000,0.000000,0.000000,0.000000,0.000000,0.000000,0.000000,0.000000,0.000000,0.000000,0,0,0,0
"35,57",0,110616,0,0,977,4,99999,99999,99999,99999,99999,99999,0.000000,0.000000,0.000000,0.000000,0.000000,0.000000,0.000000,0.000000,0.000000,0.000000,0.000000,0.000000,0.000000,0.000000,0,0,0,0
"35,58",0,110616,0,0,972,4,99999,99999,99999,99999,99999,99999,0.000000,0.000000,0.000000,0.000000,0.000000,0.000000,0.000000,0.000000,0.000000,0.000000,0.000000,0.000000,0.000000,0.000000,0,0,0,0
"35,59",0,110616,0,0,162,4,99999,99999,99999,99999,99999,99999,0.000000,0.000000,0.000000,0.000000,0.000000,0.000000,0.000000,0.000000,0.000000,0.000000,0.000000,0.000000,0.000000,0.000000,0,0,0,0
"35,60",0,110616,0,0,68,4,99999,99999,99999,99999,99999,99999,0.000000,0.000000,0.000000,0.000000,0.000000,0.000000,0.000000,0.000000,0.000000,0.000000,0.000000,0.000000,0.000000,0.000000,0,0,0,0
"35,61",0,110616,0,0,69,4,99999,99999,99999,99999,99999,99999,0.000000,0.000000,0.000000,0.000000,0.000000,0.000000,0.000000,0.000000,0.000000,0.000000,0.000000,0.000000,0.000000,0.000000,0,0,0,0
"35,62",0,110616,0,0,72,4,99999,99999,99999,99999,99999,99999,0.000000,0.000000,0.000000,0.000000,0.000000,0.000000,0.000000,0.000000,0.000000,0.000000,0.000000,0.000000,0.000000,0.000000,0,0,0,0
"35,63",0,110616,0,0,75,4,99999,99999,99999,99999,99999,99999,0.000000,0.000000,0.000000,0.000000,0.000000,0.000000,0.000000,0.000000,0.000000,0.000000,0.000000,0.000000,0.000000,0.000000,0,0,0,0
"35,64",0,110616,0,0,66,4,99999,99999,99999,99999,99999,99999,0.000000,0.000000,0.000000,0.000000,0.000000,0.000000,0.000000,0.000000,0.000000,0.000000,0.000000,0.000000,0.000000,0.000000,0,0,0,0
"35,65",0,110616,0,0,75,4,99999,99999,99999,99999,99999,99999,0.000000,0.000000,0.000000,0.000000,0.000000,0.000000,0.000000,0.000000,0.000000,0.000000,0.000000,0.000000,0.000000,0.000000,0,0,0,0
"35,66",0,110616,0,0,73,4,99999,99999,99999,99999,99999,99999,0.000000,0.000000,0.000000,0.000000,0.000000,0.000000,0.000000,0.000000,0.000000,0.000000,0.000000,0.000000,0.000000,0.000000,0,0,0,0
"35,67",0,110616,0,0,80,4,99999,99999,99999,99999,99999,99999,0.000000,0.000000,0.000000,0.000000,0.000000,0.000000,0.000000,0.000000,0.000000,0.000000,0.000000,0.000000,0.000000,0.000000,0,0,0,0
"35,68",0,110616,0,0,69,4,99999,99999,99999,99999,99999,99999,0.000000,0.000000,0.000000,0.000000,0.000000,0.000000,0.000000,0.000000,0.000000,0.000000,0.000000,0.000000,0.000000,0.000000,0,0,0,0
"35,69",0,110616,0,0,68,4,99999,99999,99999,99999,99999,99999,0.000000,0.000000,0.000000,0.000000,0.000000,0.000000,0.000000,0.000000,0.000000,0.000000,0.000000,0.000000,0.000000,0.000000,0,0,0,0
"35,70",0,110616,0,0,7,4,99999,99999,99999,99999,99999,99999,0.000000,0.000000,0.000000,0.000000,0.000000,0.000000,0.000000,0.000000,0.000000,0.000000,0.000000,0.000000,0.000000,0.000000,0,0,0,0
"35,71",0,110616,0,0,6,4,99999,99999,99999,99999,99999,99999,0.000000,0.000000,0.000000,0.000000,0.000000,0.000000,0.000000,0.000000,0.000000,0.000000,0.000000,0.000000,0.000000,0.000000,0,0,0,0
"35,72",0,110616,0,0,10,4,99999,99999,99999,99999,99999,99999,0.000000,0.000000,0.000000,0.000000,0.000000,0.000000,0.000000,0.000000,0.000000,0.000000,0.000000,0.000000,0.000000,0.000000,0,0,0,0
"35,73",0,110616,0,0,8,4,99999,99999,99999,99999,99999,99999,0.000000,0.000000,0.000000,0.000000,0.000000,0.000000,0.000000,0.000000,0.000000,0.000000,0.000000,0.000000,0.000000,0.000000,0,0,0,0
"35,74",0,110616,0,0,8,4,99999,99999,99999,99999,99999,99999,0.000000,0.000000,0.000000,0.000000,0.000000,0.000000,0.000000,0.000000,0.000000,0.000000,0.000000,0.000000,0.000000,0.000000,0,0,0,0
"36,1",42,110925,11,1,1039,2,12,298,502,0,4,6,0.866667,0.116667,0.016667,0.000000,0.000000,0.000000,0.000000,0.787149,0.180723,0.028112,0.000000,0.004016,0.000000,0.000000,27051,177,312,132
"36,2",40,111197,11,1,1038,2,9,89,141,0,4,7,0.961111,0.038889,0.000000,0.000000,0.000000,0.000000,0.000000,0.810909,0.156364,0.029091,0.003636,0.000000,0.000000,0.000000,27495,180,301,121
"36,3",39,111439,11,1,1035,2,14,517,790,0,4,8,0.755556,0.127778,0.105556,0.011111,0.000000,0.000000,0.000000,0.773148,0.189815,0.032407,0.004630,0.000000,0.000000,0.000000,24221,159,269,106
"36,4",43,111700,11,1,1036,2,11,105,172,0,4,5,0.944444,0.055556,0.000000,0.000000,0.000000,0.000000,0.000000,0.774194,0.211470,0.010753,0.003584,0.000000,0.000000,0.000000,27495,180,318,138
"36,5",38,111933,11,1,1031,2,8,80,201,0,4,4,0.955556,0.044444,0.000000,0.000000,0.000000,0.000000,0.000000,0.847328,0.145038,0.007634,0.000000,0.000000,0.000000,0.000000,27495,180,294,114
"36,6",44,112172,11,1,1034,2,14,521,714,0,4,5,0.811111,0.116667,0.072222,0.000000,0.000000,0.000000,0.000000,0.794466,0.177866,0.027668,0.000000,0.000000,0.000000,0.000000,25473,167,313,139
"36,7",35,112358,11,1,1041,2,12,527,734,0,4,6,0.772222,0.088889,0.133333,0.005556,0.000000,0.000000,0.000000,0.820755,0.155660,0.023585,0.000000,0.000000,0.000000,0.000000,23517,155,251,89
"36,8",38,112562,11,1,1035,2,8,79,249,0,4,4,0.966851,0.033149,0.000000,0.000000,0.000000,0.000000,0.000000,0.803030,0.185606,0.011364,0.000000,0.000000,0.000000,0.000000,27659,181,293,113
"36,9",37,112748,11,1,1034,2,8,112,355,0,4,5,0.944751,0.055249,0.000000,0.000000,0.000000,0.000000,0.000000,0.821012,0.159533,0.019455,0.000000,0.000000,0.000000,0.000000,27561,181,288,107
"36,10",35,112917,11,1,1038,2,10,506,550,0,5,9,0.822222,0.100000,0.077778,0.000000,0.000000,0.000000,0.000000,0.800926,0.129630,0.050926,0.009259,0.009259,0.000000,0.000000,25409,166,264,94
"36,11",43,113109,11,1,1040,2,11,209,500,0,4,5,0.888889,0.094444,0.016667,0.000000,0.000000,0.000000,0.000000,0.764940,0.207171,0.027888,0.000000,0.000000,0.000000,0.000000,27087,177,315,136
"36,12",40,113286,11,1,1038,2,12,465,527,0,4,5,0.855556,0.094444,0.050000,0.000000,0.000000,0.000000,0.000000,0.810924,0.176471,0.012605,0.000000,0.000000,0.000000,0.000000,26002,171,298,121
"36,13",39,113451,11,1,1033,2,9,63,103,0,4,8,0.983333,0.016667,0.000000,0.000000,0.000000,0.000000,0.000000,0.812734,0.157303,0.022472,0.007491,0.000000,0.000000,0.000000,27495,180,297,117
"36,14",43,113623,11,1,1033,2,11,131,231,0,4,7,0.922222,0.077778,0.000000,0.000000,0.000000,0.000000,0.000000,0.786765,0.180147,0.025735,0.007353,0.000000,0.000000,0.000000,27495,180,318,138
"36,15",48,113797,11,1,1034,2,15,326,530,0,4,5,0.833333,0.133333,0.033333,0.000000,0.000000,0.000000,0.000000,0.734317,0.232472,0.029520,0.003690,0.000000,0.000000,0.000000,26586,174,339,163
"36,16",40,113946,11,1,1040,2,9,96,202,0,4,6,0.950000,0.050000,0.000000,0.000000,0.000000,0.000000,0.000000,0.803030,0.166667,0.030303,0.000000,0.000000,0.000000,0.000000,27495,180,302,122
"36,17",37,114085,11,1,1036,2,9,95,194,0,4,6,0.955556,0.044444,0.000000,0.000000,0.000000,0.000000,0.000000,0.766284,0.187739,0.045977,0.000000,0.000000,0.000000,0.000000,27495,180,290,110
"36,18",38,114220,11,1,1038,2,9,133,235,0,4,6,0.944444,0.055556,0.000000,0.000000,0.000000,0.000000,0.000000,0.784091,0.181818,0.030303,0.003788,0.000000,0.000000,0.000000,27495,180,294,114
"36,19",38,114352,11,1,1028,2,9,270,455,0,4,7,0.895604,0.098901,0.005495,0.000000,0.000000,0.000000,0.000000,0.768924,0.199203,0.027888,0.003984,0.000000,0.000000,0.000000,27619,181,292,112
"36,20",37,114477,11,1,1034,2,11,243,503,0,4,10,0.877778,0.105556,0.016667,0.000000,0.000000,0.000000,0.000000,0.811475,0.147541,0.028689,0.012295,0.000000,0.000000,0.000000,26998,177,286,107
"36,21",44,114613,11,1,1040,2,12,233,417,0,4,8,0.888889,0.105556,0.005556,0.000000,0.000000,0.000000,0.000000,0.799197,0.168675,0.028112,0.004016,0.000000,0.000000,0.000000,27376,179,326,146
"36,22",38,114733,11,1,1033,2,9,146,429,0,4,5,0.916667,0.077778,0.005556,0.000000,0.000000,0.000000,0.000000,0.822835,0.145669,0.031496,0.000000,0.000000,0.000000,0.000000,27362,179,292,112
"36,23",37,114847,11,1,1038,2,11,140,300,0,4,5,0.933333,0.066667,0.000000,0.000000,0.000000,0.000000,0.000000,0.758065,0.205645,0.032258,0.004032,0.000000,0.000000,0.000000,27495,180,290,110
"36,24",43,114756,10,1,1033,2,11,427,635,0,4,5,0.805556,0.150000,0.044444,0.000000,0.000000,0.000000,0.000000,0.837004,0.145374,0.017621,0.000000,0.000000,0.000000,0.000000,26478,172,316,138
"36,25",45,114457,9,1,1038,2,11,232,330,0,4,9,0.833333,0.166667,0.000000,0.000000,0.000000,0.000000,0.000000,0.778261,0.178261,0.030435,0.013043,0.000000,0.000000,0.000000,27495,180,328,148
"36,26",41,114196,9,1,1034,2,9,411,517,0,4,5,0.844828,0.120690,0.034483,0.000000,0.000000,0.000000,0.000000,0.828829,0.153153,0.018018,0.000000,0.000000,0.000000,0.000000,25477,168,291,120
"36,27",41,113936,9,1,1034,2,11,524,650,0,5,10,0.838889,0.100000,0.061111,0.000000,0.000000,0.000000,0.000000,0.774468,0.161702,0.046809,0.012766,0.004255,0.000000,0.000000,25788,169,294,122
"36,28",42,113694,9,1,1045,2,18,530,723,0,4,8,0.780220,0.126374,0.093407,0.000000,0.000000,0.000000,0.000000,0.770925,0.185022,0.039648,0.004405,0.000000,0.000000,0.000000,25113,165,293,124
"36,29",41,113446,9,1,1031,2,9,241,474,0,3,5,0.870968,0.118280,0.010753,0.000000,0.000000,0.000000,0.000000,0.827451,0.149020,0.023529,0.000000,0.000000,0.000000,0.000000,28065,184,312,130
"36,30",42,113201,9,1,1036,2,10,154,249,0,5,6,0.894444,0.105556,0.000000,0.000000,0.000000,0.000000,0.000000,0.794677,0.152091,0.053232,0.000000,0.000000,0.000000,0.000000,27495,180,312,132
"36,31",43,112970,9,1,1035,2,11,512,698,0,4,5,0.833333,0.094444,0.072222,0.000000,0.000000,0.000000,0.000000,0.798283,0.180258,0.021459,0.000000,0.000000,0.000000,0.000000,25360,167,306,134
"36,32",48,112723,9,1,1035,2,18,518,833,0,4,6,0.794444,0.150000,0.050000,0.005556,0.000000,0.000000,0.000000,0.760784,0.203922,0.031373,0.003922,0.000000,0.000000,0.000000,26134,170,338,164
"36,33",40,112515,9,1,1037,2,16,517,633,0,4,6,0.805556,0.138889,0.055556,0.000000,0.000000,0.000000,0.000000,0.744681,0.225532,0.021277,0.008511,0.000000,0.000000,0.000000,26071,170,293,118
"36,34",46,112144,8,1,1039,2,11,214,287,0,4,8,0.850000,0.150000,0.000000,0.000000,0.000000,0.000000,0.000000,0.775000,0.191667,0.029167,0.004167,0.000000,0.000000,0.000000,27495,180,334,154
"36,35",43,111782,8,1,1038,2,10,146,256,0,4,7,0.917582,0.082418,0.000000,0.000000,0.000000,0.000000,0.000000,0.794677,0.163498,0.030418,0.011407,0.000000,0.000000,0.000000,27725,182,320,139
"36,36",41,111250,7,1,1039,2,9,103,211,0,4,8,0.944444,0.055556,0.000000,0.000000,0.000000,0.000000,0.000000,0.796296,0.162963,0.037037,0.003704,0.000000,0.000000,0.000000,27495,180,309,129
"36,37",43,110707,7,1,1030,2,13,271,428,0,4,8,0.857143,0.137363,0.005495,0.000000,0.000000,0.000000,0.000000,0.781250,0.191406,0.027344,0.000000,0.000000,0.000000,0.000000,27777,182,323,142
"36,38",39,110220,7,1,1022,2,7,95,185,0,4,5,0.955556,0.044444,0.000000,0.000000,0.000000,0.000000,0.000000,0.833333,0.147727,0.018939,0.000000,0.000000,0.000000,0.000000,27495,180,296,116
"36,39",0,110220,0,0,974,4,99999,99999,99999,99999,99999,99999,0.000000,0.000000,0.000000,0.000000,0.000000,0.000000,0.000000,0.000000,0.000000,0.000000,0.000000,0.000000,0.000000,0.000000,0,0,0,0
"36,40",0,110220,0,0,973,4,99999,99999,99999,99999,99999,99999,0.000000,0.000000,0.000000,0.000000,0.000000,0.000000,0.000000,0.000000,0.000000,0.000000,0.000000,0.000000,0.000000,0.000000,0,0,0,0
"36,41",0,110220,0,0,970,4,99999,99999,99999,99999,99999,99999,0.000000,0.000000,0.000000,0.000000,0.000000,0.000000,0.000000,0.000000,0.000000,0.000000,0.000000,0.000000,0.000000,0.000000,0,0,0,0
"36,42",0,110220,0,0,976,4,99999,99999,99999,99999,99999,99999,0.000000,0.000000,0.000000,0.000000,0.000000,0.000000,0.000000,0.000000,0.000000,0.000000,0.000000,0.000000,0.000000,0.000000,0,0,0,0
"36,43",0,110220,0,0,972,4,99999,99999,99999,99999,99999,99999,0.000000,0.000000,0.000000,0.000000,0.000000,0.000000,0.000000,0.000000,0.000000,0.000000,0.000000,0.000000,0.000000,0.000000,0,0,0,0
"36,44",0,110220,0,0,977,4,99999,99999,99999,99999,99999,99999,0.000000,0.000000,0.000000,0.000000,0.000000,0.000000,0.000000,0.000000,0.000000,0.000000,0.000000,0.000000,0.000000,0.000000,0,0,0,0
"36,45",0,110220,0,0,969,4,99999,99999,99999,99999,99999,99999,0.000000,0.000000,0.000000,0.000000,0.000000,0.000000,0.000000,0.000000,0.000000,0.000000,0.000000,0.000000,0.000000,0.000000,0,0,0,0
"36,46",0,110220,0,0,977,4,99999,99999,99999,99999,99999,99999,0.000000,0.000000,0.000000,0.000000,0.000000,0.000000,0.000000,0.000000,0.000000,0.000000,0.000000,0.000000,0.000000,0.000000,0,0,0,0
"36,47",0,110220,0,0,979,4,99999,99999,99999,99999,99999,99999,0.000000,0.000000,0.000000,0.000000,0.000000,0.000000,0.000000,0.000000,0.000000,0.000000,0.000000,0.000000,0.000000,0.000000,0,0,0,0
"36,48",0,110220,0,0,977,4,99999,99999,99999,99999,99999,99999,0.000000,0.000000,0.000000,0.000000,0.000000,0.000000,0.000000,0.000000,0.000000,0.000000,0.000000,0.000000,0.000000,0.000000,0,0,0,0
"36,49",0,110220,0,0,970,4,99999,99999,99999,99999,99999,99999,0.000000,0.000000,0.000000,0.000000,0.000000,0.000000,0.000000,0.000000,0.000000,0.000000,0.000000,0.000000,0.000000,0.000000,0,0,0,0
"36,50",0,110220,0,0,977,4,99999,99999,99999,99999,99999,99999,0.000000,0.000000,0.000000,0.000000,0.000000,0.000000,0.000000,0.000000,0.000000,0.000000,0.000000,0.000000,0.000000,0.000000,0,0,0,0
"36,51",0,110220,0,0,971,4,99999,99999,99999,99999,99999,99999,0.000000,0.000000,0.000000,0.000000,0.000000,0.000000,0.000000,0.000000,0.000000,0.000000,0.000000,0.000000,0.000000,0.000000,0,0,0,0
"36,52",0,110220,0,0,976,4,99999,99999,99999,99999,99999,99999,0.000000,0.000000,0.000000,0.000000,0.000000,0.000000,0.000000,0.000000,0.000000,0.000000,0.000000,0.000000,0.000000,0.000000,0,0,0,0
"36,53",0,110220,0,0,973,4,99999,99999,99999,99999,99999,99999,0.000000,0.000000,0.000000,0.000000,0.000000,0.000000,0.000000,0.000000,0.000000,0.000000,0.000000,0.000000,0.000000,0.000000,0,0,0,0
"36,54",0,110220,0,0,973,4,99999,99999,99999,99999,99999,99999,0.000000,0.000000,0.000000,0.000000,0.000000,0.000000,0.000000,0.000000,0.000000,0.000000,0.000000,0.000000,0.000000,0.000000,0,0,0,0
"36,55",0,110220,0,0,982,4,99999,99999,99999,99999,99999,99999,0.000000,0.000000,0.000000,0.000000,0.000000,0.000000,0.000000,0.000000,0.000000,0.000000,0.000000,0.000000,0.000000,0.000000,0,0,0,0
"36,56",0,110220,0,0,971,4,99999,99999,99999,99999,99999,99999,0.000000,0.000000,0.000000,0.000000,0.000000,0.000000,0.000000,0.000000,0.000000,0.000000,0.000000,0.000000,0.000000,0.000000,0,0,0,0
"36,57",0,110220,0,0,988,4,99999,99999,99999,99999,99999,99999,0.000000,0.000000,0.000000,0.000000,0.000000,0.000000,0.000000,0.000000,0.000000,0.000000,0.000000,0.000000,0.000000,0.000000,0,0,0,0
"36,58",0,110220,0,0,977,4,99999,99999,99999,99999,99999,99999,0.000000,0.000000,0.000000,0.000000,0.000000,0.000000,0.000000,0.000000,0.000000,0.000000,0.000000,0.000000,0.000000,0.000000,0,0,0,0
"36,59",0,110220,0,0,165,4,99999,99999,99999,99999,99999,99999,0.000000,0.000000,0.000000,0.000000,0.000000,0.000000,0.000000,0.000000,0.000000,0.000000,0.000000,0.000000,0.000000,0.000000,0,0,0,0
"36,60",0,110220,0,0,77,4,99999,99999,99999,99999,99999,99999,0.000000,0.000000,0.000000,0.000000,0.000000,0.000000,0.000000,0.000000,0.000000,0.000000,0.000000,0.000000,0.000000,0.000000,0,0,0,0
"36,61",0,110220,0,0,76,4,99999,99999,99999,99999,99999,99999,0.000000,0.000000,0.000000,0.000000,0.000000,0.000000,0.000000,0.000000,0.000000,0.000000,0.000000,0.000000,0.000000,0.000000,0,0,0,0
"36,62",0,110220,0,0,73,4,99999,99999,99999,99999,99999,99999,0.000000,0.000000,0.000000,0.000000,0.000000,0.000000,0.000000,0.000000,0.000000,0.000000,0.000000,0.000000,0.000000,0.000000,0,0,0,0
"36,63",0,110220,0,0,75,4,99999,99999,99999,99999,99999,99999,0.000000,0.000000,0.000000,0.000000,0.000000,0.000000,0.000000,0.000000,0.000000,0.000000,0.000000,0.000000,0.000000,0.000000,0,0,0,0
"36,64",0,110220,0,0,65,4,99999,99999,99999,99999,99999,99999,0.000000,0.000000,0.000000,0.000000,0.000000,0.000000,0.000000,0.000000,0.000000,0.000000,0.000000,0.000000,0.000000,0.000000,0,0,0,0
"36,65",0,110220,0,0,73,4,99999,99999,99999,99999,99999,99999,0.000000,0.000000,0.000000,0.000000,0.000000,0.000000,0.000000,0.000000,0.000000,0.000000,0.000000,0.000000,0.000000,0.000000,0,0,0,0
"36,66",0,110220,0,0,70,4,99999,99999,99999,99999,99999,99999,0.000000,0.000000,0.000000,0.000000,0.000000,0.000000,0.000000,0.000000,0.000000,0.000000,0.000000,0.000000,0.000000,0.000000,0,0,0,0
"36,67",0,110220,0,0,63,4,99999,99999,99999,99999,99999,99999,0.000000,0.000000,0.000000,0.000000,0.000000,0.000000,0.000000,0.000000,0.000000,0.000000,0.000000,0.000000,0.000000,0.000000,0,0,0,0
"36,68",0,110220,0,0,73,4,99999,99999,99999,99999,99999,99999,0.000000,0.000000,0.000000,0.000000,0.000000,0.000000,0.000000,0.000000,0.000000,0.000000,0.000000,0.000000,0.000000,0.000000,0,0,0,0
"36,69",0,110220,0,0,77,4,99999,99999,99999,99999,99999,99999,0.000000,0.000000,0.000000,0.000000,0.000000,0.000000,0.000000,0.000000,0.000000,0.000000,0.000000,0.000000,0.000000,0.000000,0,0,0,0
"36,70",0,110220,0,0,8,4,99999,99999,99999,99999,99999,99999,0.000000,0.000000,0.000000,0.000000,0.000000,0.000000,0.000000,0.000000,0.000000,0.000000,0.000000,0.000000,0.000000,0.000000,0,0,0,0
"36,71",0,110220,0,0,9,4,99999,99999,99999,99999,99999,99999,0.000000,0.000000,0.000000,0.000000,0.000000,0.000000,0.000000,0.000000,0.000000,0.000000,0.000000,0.000000,0.000000,0.000000,0,0,0,0
"36,72",0,110220,0,0,10,4,99999,99999,99999,99999,99999,99999,0.000000,0.000000,0.000000,0.000000,0.000000,0.000000,0.000000,0.000000,0.000000,0.000000,0.000000,0.000000,0.000000,0.000000,0,0,0,0
"36,73",0,110220,0,0,8,4,99999,99999,99999,99999,99999,99999,0.000000,0.000000,0.000000,0.000000,0.000000,0.000000,0.000000,0.000000,0.000000,0.000000,0.000000,0.000000,0.000000,0.000000,0,0,0,0
"36,74",0,110220,0,0,8,4,99999,99999,99999,99999,99999,99999,0.000000,0.000000,0.000000,0.000000,0.000000,0.000000,0.000000,0.000000,0.000000,0.000000,0.000000,0.000000,0.000000,0.000000,0,0,0,0
"37,1",39,121875,11,1,1036,2,12,250,429,0,4,9,0.883333,0.116667,0.000000,0.000000,0.000000,0.000000,0.000000,0.735178,0.217391,0.031621,0.015810,0.000000,0.000000,0.000000,27495,180,299,119
"37,2",36,121875,11,1,1040,2,9,154,488,0,5,10,0.922222,0.066667,0.011111,0.000000,0.000000,0.000000,0.000000,0.792000,0.144000,0.044000,0.012000,0.008000,0.000000,0.000000,27188,178,284,104
"37,3",37,121875,11,1,1041,2,13,513,677,0,5,7,0.750000,0.177778,0.072222,0.000000,0.000000,0.000000,0.000000,0.785714,0.147619,0.066667,0.000000,0.000000,0.000000,0.000000,25354,167,280,106
"37,4",41,121875,11,1,1038,2,11,141,265,0,4,5,0.911111,0.088889,0.000000,0.000000,0.000000,0.000000,0.000000,0.773438,0.199219,0.027344,0.000000,0.000000,0.000000,0.000000,27495,180,310,130
"37,5",42,121875,11,1,1032,2,11,179,271,0,4,7,0.916667,0.083333,0.000000,0.000000,0.000000,0.000000,0.000000,0.797794,0.176471,0.025735,0.000000,0.000000,0.000000,0.000000,27495,180,312,132
"37,6",41,121875,11,1,1037,2,9,225,348,0,4,5,0.887097,0.112903,0.000000,0.000000,0.000000,0.000000,0.000000,0.818898,0.153543,0.027559,0.000000,0.000000,0.000000,0.000000,28421,186,307,127
"37,7",37,121875,11,1,1027,2,9,245,391,0,4,5,0.850829,0.149171,0.000000,0.000000,0.000000,0.000000,0.000000,0.837500,0.150000,0.012500,0.000000,0.000000,0.000000,0.000000,27659,181,290,110
"37,8",40,121875,11,1,1022,2,9,251,502,0,4,7,0.877778,0.105556,0.016667,0.000000,0.000000,0.000000,0.000000,0.769841,0.202381,0.023810,0.003968,0.000000,0.000000,0.000000,27060,177,301,121
"37,9",45,121875,11,1,1033,2,13,210,320,0,4,5,0.883978,0.116022,0.000000,0.000000,0.000000,0.000000,0.000000,0.798479,0.167300,0.034221,0.000000,0.000000,0.000000,0.000000,27561,181,335,154
"37,10",42,121875,11,1,1029,2,7,131,292,0,4,5,0.933333,0.066667,0.000000,0.000000,0.000000,0.000000,0.000000,0.820225,0.153558,0.026217,0.000000,0.000000,0.000000,0.000000,27495,180,312,132
"37,11",39,121875,11,1,1036,2,10,220,392,0,4,8,0.883333,0.116667,0.000000,0.000000,0.000000,0.000000,0.000000,0.794239,0.156379,0.041152,0.004115,0.000000,0.004115,0.000000,27495,180,297,117
"37,12",38,121875,11,1,1033,2,8,209,354,0,4,4,0.905556,0.094444,0.000000,0.000000,0.000000,0.000000,0.000000,0.837302,0.150794,0.007937,0.003968,0.000000,0.000000,0.000000,27495,180,292,112
"37,13",39,121875,11,1,1034,2,8,223,440,0,4,5,0.888889,0.105556,0.005556,0.000000,0.000000,0.000000,0.000000,0.830645,0.149194,0.020161,0.000000,0.000000,0.000000,0.000000,27389,179,300,120
"37,14",34,121875,11,1,1031,2,8,501,523,0,4,6,0.900000,0.044444,0.055556,0.000000,0.000000,0.000000,0.000000,0.867220,0.112033,0.020747,0.000000,0.000000,0.000000,0.000000,25891,170,264,92
"37,15",42,121875,11,1,1027,2,10,116,210,0,4,7,0.938889,0.061111,0.000000,0.000000,0.000000,0.000000,0.000000,0.787770,0.187050,0.017986,0.007194,0.000000,0.000000,0.000000,27495,180,312,132
"37,16",47,121875,11,1,1031,2,10,182,382,0,4,6,0.894444,0.105556,0.000000,0.000000,0.000000,0.000000,0.000000,0.784946,0.175627,0.039427,0.000000,0.000000,0.000000,0.000000,27495,180,341,161
"37,17",39,121875,11,1,1042,2,11,159,232,0,4,6,0.900000,0.100000,0.000000,0.000000,0.000000,0.000000,0.000000,0.784861,0.175299,0.035857,0.003984,0.000000,0.000000,0.000000,27495,180,300,120
"37,18",41,121875,11,1,1035,2,11,83,186,0,4,8,0.955801,0.044199,0.000000,0.000000,0.000000,0.000000,0.000000,0.793478,0.177536,0.028986,0.000000,0.000000,0.000000,0.000000,27659,181,308,128
"37,19",43,121875,11,1,1036,2,11,224,471,0,4,8,0.877778,0.111111,0.011111,0.000000,0.000000,0.000000,0.000000,0.749020,0.200000,0.039216,0.011765,0.000000,0.000000,0.000000,27170,178,317,137
"37,20",43,121875,11,1,1036,2,9,52,104,0,4,6,0.983333,0.016667,0.000000,0.000000,0.000000,0.000000,0.000000,0.777409,0.189369,0.033223,0.000000,0.000000,0.000000,0.000000,27495,180,318,138
"37,21",43,121875,11,1,1041,2,11,121,232,0,4,6,0.938889,0.061111,0.000000,0.000000,0.000000,0.000000,0.000000,0.779783,0.187726,0.032491,0.000000,0.000000,0.000000,0.000000,27495,180,317,137
"37,22",40,121875,11,1,1038,2,11,249,425,0,4,6,0.868852,0.131148,0.000000,0.000000,0.000000,0.000000,0.000000,0.780488,0.195122,0.020325,0.004065,0.000000,0.000000,0.000000,27951,183,306,125
"37,23",36,121875,11,1,1029,2,8,99,290,0,4,5,0.950000,0.050000,0.000000,0.000000,0.000000,0.000000,0.000000,0.839080,0.145594,0.015326,0.000000,0.000000,0.000000,0.000000,27495,180,282,102
"37,24",39,121345,10,1,1036,2,12,363,509,0,4,6,0.836957,0.135870,0.027174,0.000000,0.000000,0.000000,0.000000,0.776786,0.200893,0.022321,0.000000,0.000000,0.000000,0.000000,27302,179,297,117
"37,25",44,120354,9,1,1036,2,13,532,654,0,4,7,0.777778,0.150000,0.072222,0.000000,0.000000,0.000000,0.000000,0.809756,0.160976,0.029268,0.000000,0.000000,0.000000,0.000000,25483,167,320,141
"37,26",48,119390,9,1,1029,2,17,442,573,0,4,9,0.782857,0.182857,0.034286,0.000000,0.000000,0.000000,0.000000,0.789720,0.168224,0.023364,0.018692,0.000000,0.000000,0.000000,25852,169,337,162
"37,27",38,118633,9,1,1042,2,14,491,534,0,4,8,0.833333,0.116667,0.050000,0.000000,0.000000,0.000000,0.000000,0.778261,0.191304,0.021739,0.008696,0.000000,0.000000,0.000000,26125,171,281,108
"37,28",41,117858,9,1,1040,2,13,273,430,0,4,9,0.844444,0.150000,0.005556,0.000000,0.000000,0.000000,0.000000,0.773663,0.193416,0.020576,0.012346,0.000000,0.000000,0.000000,27389,179,307,127
"37,29",42,117149,9,1,1031,2,12,86,198,0,4,5,0.950000,0.050000,0.000000,0.000000,0.000000,0.000000,0.000000,0.759857,0.204301,0.035842,0.000000,0.000000,0.000000,0.000000,27495,180,313,133
"37,30",47,116423,9,1,1039,2,12,307,506,0,4,5,0.850000,0.116667,0.033333,0.000000,0.000000,0.000000,0.000000,0.798419,0.173913,0.023715,0.000000,0.003953,0.000000,0.000000,26655,174,345,165
"37,31",39,115835,9,1,1037,2,9,132,337,0,4,8,0.944444,0.055556,0.000000,0.000000,0.000000,0.000000,0.000000,0.777778,0.191571,0.022989,0.007663,0.000000,0.000000,0.000000,27495,180,299,119
"37,32",47,115200,9,1,1041,2,10,249,318,0,4,6,0.855556,0.144444,0.000000,0.000000,0.000000,0.000000,0.000000,0.735409,0.214008,0.050584,0.000000,0.000000,0.000000,0.000000,27495,180,342,162
"37,33",39,114688,9,1,1039,2,12,281,416,0,4,5,0.835979,0.164021,0.000000,0.000000,0.000000,0.000000,0.000000,0.770213,0.191489,0.038298,0.000000,0.000000,0.000000,0.000000,28886,189,297,117
"37,34",39,113914,8,1,1040,2,8,96,237,0,4,5,0.950000,0.050000,0.000000,0.000000,0.000000,0.000000,0.000000,0.817164,0.160448,0.022388,0.000000,0.000000,0.000000,0.000000,27495,180,296,116
"37,35",42,113171,8,1,1030,2,10,368,525,0,4,6,0.859551,0.112360,0.028090,0.000000,0.000000,0.000000,0.000000,0.839130,0.139130,0.021739,0.000000,0.000000,0.000000,0.000000,26250,173,307,129
"37,36",42,112082,7,1,1041,2,13,503,540,0,4,5,0.800000,0.138889,0.061111,0.000000,0.000000,0.000000,0.000000,0.782609,0.200000,0.017391,0.000000,0.000000,0.000000,0.000000,25929,169,296,125
"37,37",44,111060,7,1,1040,2,14,524,798,0,4,8,0.816667,0.083333,0.100000,0.000000,0.000000,0.000000,0.000000,0.766234,0.190476,0.034632,0.008658,0.000000,0.000000,0.000000,24611,162,295,130
"37,38",50,109900,7,1,1035,2,13,349,500,0,4,6,0.828729,0.154696,0.016575,0.000000,0.000000,0.000000,0.000000,0.777358,0.200000,0.022642,0.000000,0.000000,0.000000,0.000000,27209,178,362,182
"37,39",0,109900,0,0,969,4,99999,99999,99999,99999,99999,99999,0.000000,0.000000,0.000000,0.000000,0.000000,0.000000,0.000000,0.000000,0.000000,0.000000,0.000000,0.000000,0.000000,0.000000,0,0,0,0
"37,40",0,109900,0,0,971,4,99999,99999,99999,99999,99999,99999,0.000000,0.000000,0.000000,0.000000,0.000000,0.000000,0.000000,0.000000,0.000000,0.000000,0.000000,0.000000,0.000000,0.000000,0,0,0,0
"37,41",0,109900,0,0,972,4,99999,99999,99999,99999,99999,99999,0.000000,0.000000,0.000000,0.000000,0.000000,0.000000,0.000000,0.000000,0.000000,0.000000,0.000000,0.000000,0.000000,0.000000,0,0,0,0
"37,42",0,109900,0,0,971,4,99999,99999,99999,99999,99999,99999,0.000000,0.000000,0.000000,0.000000,0.000000,0.000000,0.000000,0.000000,0.000000,0.000000,0.000000,0.000000,0.000000,0.000000,0,0,0,0
"37,43",0,109900,0,0,970,4,99999,99999,99999,99999,99999,99999,0.000000,0.000000,0.000000,0.000000,0.000000,0.000000,0.000000,0.000000,0.000000,0.000000,0.000000,0.000000,0.000000,0.000000,0,0,0,0
"37,44",0,109900,0,0,972,4,99999,99999,99999,99999,99999,99999,0.000000,0.000000,0.000000,0.000000,0.000000,0.000000,0.000000,0.000000,0.000000,0.000000,0.000000,0.000000,0.000000,0.000000,0,0,0,0
"37,45",0,109900,0,0,974,4,99999,99999,99999,99999,99999,99999,0.000000,0.000000,0.000000,0.000000,0.000000,0.000000,0.000000,0.000000,0.000000,0.000000,0.000000,0.000000,0.000000,0.000000,0,0,0,0
"37,46",0,109900,0,0,967,4,99999,99999,99999,99999,99999,99999,0.000000,0.000000,0.000000,0.000000,0.000000,0.000000,0.000000,0.000000,0.000000,0.000000,0.000000,0.000000,0.000000,0.000000,0,0,0,0
"37,47",0,109900,0,0,977,4,99999,99999,99999,99999,99999,99999,0.000000,0.000000,0.000000,0.000000,0.000000,0.000000,0.000000,0.000000,0.000000,0.000000,0.000000,0.000000,0.000000,0.000000,0,0,0,0
"37,48",0,109900,0,0,969,4,99999,99999,99999,99999,99999,99999,0.000000,0.000000,0.000000,0.000000,0.000000,0.000000,0.000000,0.000000,0.000000,0.000000,0.000000,0.000000,0.000000,0.000000,0,0,0,0
"37,49",0,109900,0,0,973,4,99999,99999,99999,99999,99999,99999,0.000000,0.000000,0.000000,0.000000,0.000000,0.000000,0.000000,0.000000,0.000000,0.000000,0.000000,0.000000,0.000000,0.000000,0,0,0,0
"37,50",0,109900,0,0,978,4,99999,99999,99999,99999,99999,99999,0.000000,0.000000,0.000000,0.000000,0.000000,0.000000,0.000000,0.000000,0.000000,0.000000,0.000000,0.000000,0.000000,0.000000,0,0,0,0
"37,51",0,109900,0,0,970,4,99999,99999,99999,99999,99999,99999,0.000000,0.000000,0.000000,0.000000,0.000000,0.000000,0.000000,0.000000,0.000000,0.000000,0.000000,0.000000,0.000000,0.000000,0,0,0,0
"37,52",0,109900,0,0,980,4,99999,99999,99999,99999,99999,99999,0.000000,0.000000,0.000000,0.000000,0.000000,0.000000,0.000000,0.000000,0.000000,0.000000,0.000000,0.000000,0.000000,0.000000,0,0,0,0
"37,53",0,109900,0,0,975,4,99999,99999,99999,99999,99999,99999,0.000000,0.000000,0.000000,0.000000,0.000000,0.000000,0.000000,0.000000,0.000000,0.000000,0.000000,0.000000,0.000000,0.000000,0,0,0,0
"37,54",0,109900,0,0,968,4,99999,99999,99999,99999,99999,99999,0.000000,0.000000,0.000000,0.000000,0.000000,0.000000,0.000000,0.000000,0.000000,0.000000,0.000000,0.000000,0.000000,0.000000,0,0,0,0
"37,55",0,109900,0,0,966,4,99999,99999,99999,99999,99999,99999,0.000000,0.000000,0.000000,0.000000,0.000000,0.000000,0.000000,0.000000,0.000000,0.000000,0.000000,0.000000,0.000000,0.000000,0,0,0,0
"37,56",0,109900,0,0,987,4,99999,99999,99999,99999,99999,99999,0.000000,0.000000,0.000000,0.000000,0.000000,0.000000,0.000000,0.000000,0.000000,0.000000,0.000000,0.000000,0.000000,0.000000,0,0,0,0
"37,57",0,109900,0,0,974,4,99999,99999,99999,99999,99999,99999,0.000000,0.000000,0.000000,0.000000,0.000000,0.000000,0.000000,0.000000,0.000000,0.000000,0.000000,0.000000,0.000000,0.000000,0,0,0,0
"37,58",0,109900,0,0,973,4,99999,99999,99999,99999,99999,99999,0.000000,0.000000,0.000000,0.000000,0.000000,0.000000,0.000000,0.000000,0.000000,0.000000,0.000000,0.000000,0.000000,0.000000,0,0,0,0
"37,59",0,109900,0,0,74,4,99999,99999,99999,99999,99999,99999,0.000000,0.000000,0.000000,0.000000,0.000000,0.000000,0.000000,0.000000,0.000000,0.000000,0.000000,0.000000,0.000000,0.000000,0,0,0,0
"37,60",0,109900,0,0,66,4,99999,99999,99999,99999,99999,99999,0.000000,0.000000,0.000000,0.000000,0.000000,0.000000,0.000000,0.000000,0.000000,0.000000,0.000000,0.000000,0.000000,0.000000,0,0,0,0
"37,61",0,109900,0,0,79,4,99999,99999,99999,99999,99999,99999,0.000000,0.000000,0.000000,0.000000,0.000000,0.000000,0.000000,0.000000,0.000000,0.000000,0.000000,0.000000,0.000000,0.000000,0,0,0,0
"37,62",0,109900,0,0,69,4,99999,99999,99999,99999,99999,99999,0.000000,0.000000,0.000000,0.000000,0.000000,0.000000,0.000000,0.000000,0.000000,0.000000,0.000000,0.000000,0.000000,0.000000,0,0,0,0
"37,63",0,109900,0,0,65,4,99999,99999,99999,99999,99999,99999,0.000000,0.000000,0.000000,0.000000,0.000000,0.000000,0.000000,0.000000,0.000000,0.000000,0.000000,0.000000,0.000000,0.000000,0,0,0,0
"37,64",0,109900,0,0,71,4,99999,99999,99999,99999,99999,99999,0.000000,0.000000,0.000000,0.000000,0.000000,0.000000,0.000000,0.000000,0.000000,0.000000,0.000000,0.000000,0.000000,0.000000,0,0,0,0
"37,65",0,109900,0,0,68,4,99999,99999,99999,99999,99999,99999,0.000000,0.000000,0.000000,0.000000,0.000000,0.000000,0.000000,0.000000,0.000000,0.000000,0.000000,0.000000,0.000000,0.000000,0,0,0,0
"37,66",0,109900,0,0,78,4,99999,99999,99999,99999,99999,99999,0.000000,0.000000,0.000000,0.000000,0.000000,0.000000,0.000000,0.000000,0.000000,0.000000,0.000000,0.000000,0.000000,0.000000,0,0,0,0
"37,67",0,109900,0,0,75,4,99999,99999,99999,99999,99999,99999,0.000000,0.000000,0.000000,0.000000,0.000000,0.000000,0.000000,0.000000,0.000000,0.000000,0.000000,0.000000,0.000000,0.000000,0,0,0,0
"37,68",0,109900,0,0,72,4,99999,99999,99999,99999,99999,99999,0.000000,0.000000,0.000000,0.000000,0.000000,0.000000,0.000000,0.000000,0.000000,0.000000,0.000000,0.000000,0.000000,0.000000,0,0,0,0
"37,69",0,109900,0,0,72,4,99999,99999,99999,99999,99999,99999,0.000000,0.000000,0.000000,0.000000,0.000000,0.000000,0.000000,0.000000,0.000000,0.000000,0.000000,0.000000,0.000000,0.000000,0,0,0,0
"37,70",0,109900,0,0,8,4,99999,99999,99999,99999,99999,99999,0.000000,0.000000,0.000000,0.000000,0.000000,0.000000,0.000000,0.000000,0.000000,0.000000,0.000000,0.000000,0.000000,0.000000,0,0,0,0
"37,71",0,109900,0,0,9,4,99999,99999,99999,99999,99999,99999,0.000000,0.000000,0.000000,0.000000,0.000000,0.000000,0.000000,0.000000,0.000000,0.000000,0.000000,0.000000,0.000000,0.000000,0,0,0,0
"37,72",0,109900,0,0,8,4,99999,99999,99999,99999,99999,99999,0.000000,0.000000,0.000000,0.000000,0.000000,0.000000,0.000000,0.000000,0.000000,0.000000,0.000000,0.000000,0.000000,0.000000,0,0,0,0
"37,73",0,109900,0,0,9,4,99999,99999,99999,99999,99999,99999,0.000000,0.000000,0.000000,0.000000,0.000000,0.000000,0.000000,0.000000,0.000000,0.000000,0.000000,0.000000,0.000000,0.000000,0,0,0,0
"37,74",0,109900,0,0,7,4,99999,99999,99999,99999,99999,99999,0.000000,0.000000,0.000000,0.000000,0.000000,0.000000,0.000000,0.000000,0.000000,0.000000,0.000000,0.000000,0.000000,0.000000,0,0,0,0
"38,1",42,110212,11,1,1038,2,9,143,280,0,4,6,0.911111,0.088889,0.000000,0.000000,0.000000,0.000000,0.000000,0.806818,0.166667,0.022727,0.003788,0.000000,0.000000,0.000000,27495,180,314,134
"38,2",38,110452,11,1,1042,2,17,537,649,0,4,8,0.744444,0.116667,0.138889,0.000000,0.000000,0.000000,0.000000,0.717703,0.234450,0.038278,0.009569,0.000000,0.000000,0.000000,23758,155,259,100
"38,3",43,110747,11,1,1038,2,10,134,284,0,4,8,0.938889,0.061111,0.000000,0.000000,0.000000,0.000000,0.000000,0.750000,0.207143,0.039286,0.003571,0.000000,0.000000,0.000000,27495,180,317,137
"38,4",41,111005,11,1,1034,2,13,491,540,0,4,6,0.829670,0.120879,0.049451,0.000000,0.000000,0.000000,0.000000,0.746835,0.223629,0.029536,0.000000,0.000000,0.000000,0.000000,26327,173,295,121
"38,5",38,111249,11,1,1031,2,7,130,229,0,4,5,0.933333,0.066667,0.000000,0.000000,0.000000,0.000000,0.000000,0.811024,0.165354,0.023622,0.000000,0.000000,0.000000,0.000000,27495,180,295,115
"38,6",38,111482,11,1,1032,2,9,210,498,0,4,8,0.888889,0.100000,0.011111,0.000000,0.000000,0.000000,0.000000,0.807377,0.168033,0.024590,0.000000,0.000000,0.000000,0.000000,27258,178,295,115
"38,7",43,111717,11,1,1033,2,13,325,509,0,4,6,0.844444,0.138889,0.016667,0.000000,0.000000,0.000000,0.000000,0.805447,0.171206,0.019455,0.003891,0.000000,0.000000,0.000000,27016,177,320,140
"38,8",33,111914,11,1,1040,2,8,66,175,0,4,7,0.961111,0.038889,0.000000,0.000000,0.000000,0.000000,0.000000,0.837500,0.137500,0.025000,0.000000,0.000000,0.000000,0.000000,27495,180,269,89
"38,9",41,112131,11,1,1034,2,10,94,188,0,4,4,0.955801,0.044199,0.000000,0.000000,0.000000,0.000000,0.000000,0.795053,0.194346,0.010601,0.000000,0.000000,0.000000,0.000000,27561,181,308,127
"38,10",41,112338,11,1,1038,2,10,416,561,0,4,4,0.839779,0.132597,0.027624,0.000000,0.000000,0.000000,0.000000,0.817460,0.170635,0.011905,0.000000,0.000000,0.000000,0.000000,26861,176,309,129
"38,11",41,112533,11,1,1039,2,10,174,322,0,4,5,0.905556,0.094444,0.000000,0.000000,0.000000,0.000000,0.000000,0.815385,0.161538,0.023077,0.000000,0.000000,0.000000,0.000000,27495,180,306,126
"38,12",37,112712,11,1,1035,2,10,113,195,0,4,4,0.933702,0.066298,0.000000,0.000000,0.000000,0.000000,0.000000,0.803150,0.192913,0.003937,0.000000,0.000000,0.000000,0.000000,27659,181,289,109
"38,13",40,112886,11,1,1036,2,8,195,302,0,4,8,0.888889,0.111111,0.000000,0.000000,0.000000,0.000000,0.000000,0.792829,0.187251,0.019920,0.000000,0.000000,0.000000,0.000000,27495,180,304,124
"38,14",42,113064,11,1,1034,2,10,166,263,0,4,6,0.900000,0.100000,0.000000,0.000000,0.000000,0.000000,0.000000,0.821012,0.155642,0.023346,0.000000,0.000000,0.000000,0.000000,27495,180,315,135
"38,15",44,113229,11,1,1025,2,13,534,788,0,4,5,0.755556,0.138889,0.105556,0.000000,0.000000,0.000000,0.000000,0.781659,0.200873,0.017467,0.000000,0.000000,0.000000,0.000000,24529,161,301,134
"38,16",42,113385,11,1,1047,2,13,505,959,0,4,8,0.816667,0.116667,0.050000,0.016667,0.000000,0.000000,0.000000,0.779221,0.207792,0.004329,0.008658,0.000000,0.000000,0.000000,25843,168,296,125
"38,17",39,113538,11,1,1049,2,11,154,239,0,4,6,0.905556,0.094444,0.000000,0.000000,0.000000,0.000000,0.000000,0.784000,0.184000,0.028000,0.004000,0.000000,0.000000,0.000000,27495,180,300,120
"38,18",39,113685,11,1,1029,2,10,386,501,0,4,8,0.836066,0.147541,0.016393,0.000000,0.000000,0.000000,0.000000,0.809129,0.141079,0.041494,0.004149,0.004149,0.000000,0.000000,27560,180,297,116
"38,19",40,113821,11,1,1032,2,9,523,541,0,4,6,0.844444,0.100000,0.044444,0.011111,0.000000,0.000000,0.000000,0.798319,0.172269,0.029412,0.000000,0.000000,0.000000,0.000000,26025,170,288,116
"38,20",40,113953,11,1,1039,2,23,525,723,0,5,8,0.677596,0.202186,0.120219,0.000000,0.000000,0.000000,0.000000,0.790576,0.146597,0.052356,0.005236,0.005236,0.000000,0.000000,24310,161,285,116
"38,21",47,114103,11,1,1039,2,11,144,294,0,5,6,0.918033,0.081967,0.000000,0.000000,0.000000,0.000000,0.000000,0.752809,0.191011,0.052434,0.003745,0.000000,0.000000,0.000000,27951,183,344,164
"38,22",37,114217,11,1,1034,2,10,509,526,0,4,7,0.825137,0.103825,0.071038,0.000000,0.000000,0.000000,0.000000,0.792952,0.180617,0.022026,0.004405,0.000000,0.000000,0.000000,25890,170,270,100
"38,23",33,114151,10,1,1042,2,9,99,238,0,4,4,0.950000,0.050000,0.000000,0.000000,0.000000,0.000000,0.000000,0.814346,0.177215,0.008439,0.000000,0.000000,0.000000,0.000000,27495,180,272,92
"38,24",42,114077,10,1,1039,2,17,510,739,0,4,6,0.767956,0.176796,0.055249,0.000000,0.000000,0.000000,0.000000,0.785388,0.173516,0.036530,0.004566,0.000000,0.000000,0.000000,25977,171,311,131
"38,25",44,113799,9,1,1028,2,10,238,496,0,4,5,0.838889,0.150000,0.011111,0.000000,0.000000,0.000000,0.000000,0.790123,0.197531,0.012346,0.000000,0.000000,0.000000,0.000000,27207,178,324,144
"38,26",42,113536,9,1,1030,2,10,183,401,0,4,5,0.900552,0.093923,0.005525,0.000000,0.000000,0.000000,0.000000,0.768657,0.201493,0.029851,0.000000,0.000000,0.000000,0.000000,27397,180,316,135
"38,27",41,113287,9,1,1033,2,11,170,326,0,4,8,0.901099,0.098901,0.000000,0.000000,0.000000,0.000000,0.000000,0.774704,0.181818,0.031621,0.011858,0.000000,0.000000,0.000000,27777,182,306,126
"38,28",49,113014,9,1,1033,2,11,161,384,0,4,5,0.900000,0.100000,0.000000,0.000000,0.000000,0.000000,0.000000,0.779026,0.205993,0.014981,0.000000,0.000000,0.000000,0.000000,27495,180,357,177
"38,29",40,112785,9,1,1040,2,10,251,499,0,4,7,0.905556,0.083333,0.011111,0.000000,0.000000,0.000000,0.000000,0.780303,0.174242,0.041667,0.003788,0.000000,0.000000,0.000000,27241,178,302,122
"38,30",41,112574,9,1,1038,2,13,525,548,0,4,9,0.844444,0.083333,0.061111,0.011111,0.000000,0.000000,0.000000,0.772000,0.192000,0.024000,0.008000,0.004000,0.000000,0.000000,25606,167,290,121
"38,31",36,112383,9,1,1039,2,12,535,687,0,4,8,0.822222,0.094444,0.083333,0.000000,0.000000,0.000000,0.000000,0.800885,0.168142,0.030973,0.000000,0.000000,0.000000,0.000000,25212,165,263,96
"38,32",37,112176,9,1,1038,2,10,82,271,0,4,6,0.955556,0.044444,0.000000,0.000000,0.000000,0.000000,0.000000,0.824627,0.160448,0.011194,0.003731,0.000000,0.000000,0.000000,27495,180,289,109
"38,33",37,111987,9,1,1032,2,9,505,544,0,4,5,0.861111,0.072222,0.061111,0.005556,0.000000,0.000000,0.000000,0.821277,0.157447,0.021277,0.000000,0.000000,0.000000,0.000000,25643,168,272,101
"38,34",37,111698,8,1,1039,2,20,528,559,0,4,5,0.731579,0.100000,0.168421,0.000000,0.000000,0.000000,0.000000,0.796296,0.171296,0.027778,0.004630,0.000000,0.000000,0.000000,23926,158,268,101
"38,35",35,111387,8,1,1049,2,12,132,330,0,4,8,0.938889,0.061111,0.000000,0.000000,0.000000,0.000000,0.000000,0.803279,0.163934,0.028689,0.004098,0.000000,0.000000,0.000000,27495,180,281,101
"38,36",38,110892,7,1,1043,2,13,438,550,0,4,7,0.822222,0.138889,0.038889,0.000000,0.000000,0.000000,0.000000,0.786026,0.179039,0.034934,0.000000,0.000000,0.000000,0.000000,26372,173,286,111
"38,37",41,110376,7,1,1040,2,9,106,218,0,4,5,0.944444,0.055556,0.000000,0.000000,0.000000,0.000000,0.000000,0.808989,0.172285,0.018727,0.000000,0.000000,0.000000,0.000000,27495,180,308,128
"38,38",40,109888,7,1,1043,2,12,167,227,0,4,6,0.911111,0.088889,0.000000,0.000000,0.000000,0.000000,0.000000,0.784314,0.176471,0.039216,0.000000,0.000000,0.000000,0.000000,27495,180,301,121
"38,39",0,109888,0,0,970,4,99999,99999,99999,99999,99999,99999,0.000000,0.000000,0.000000,0.000000,0.000000,0.000000,0.000000,0.000000,0.000000,0.000000,0.000000,0.000000,0.000000,0.000000,0,0,0,0
"38,40",0,109888,0,0,962,4,99999,99999,99999,99999,99999,99999,0.000000,0.000000,0.000000,0.000000,0.000000,0.000000,0.000000,0.000000,0.000000,0.000000,0.000000,0.000000,0.000000,0.000000,0,0,0,0
"38,41",0,109888,0,0,972,4,99999,99999,99999,99999,99999,99999,0.000000,0.000000,0.000000,0.000000,0.000000,0.000000,0.000000,0.000000,0.000000,0.000000,0.000000,0.000000,0.000000,0.000000,0,0,0,0
"38,42",0,109888,0,0,970,4,99999,99999,99999,99999,99999,99999,0.000000,0.000000,0.000000,0.000000,0.000000,0.000000,0.000000,0.000000,0.000000,0.000000,0.000000,0.000000,0.000000,0.000000,0,0,0,0
"38,43",0,109888,0,0,969,4,99999,99999,99999,99999,99999,99999,0.000000,0.000000,0.000000,0.000000,0.000000,0.000000,0.000000,0.000000,0.000000,0.000000,0.000000,0.000000,0.000000,0.000000,0,0,0,0
"38,44",0,109888,0,0,968,4,99999,99999,99999,99999,99999,99999,0.000000,0.000000,0.000000,0.000000,0.000000,0.000000,0.000000,0.000000,0.000000,0.000000,0.000000,0.000000,0.000000,0.000000,0,0,0,0
"38,45",0,109888,0,0,976,4,99999,99999,99999,99999,99999,99999,0.000000,0.000000,0.000000,0.000000,0.000000,0.000000,0.000000,0.000000,0.000000,0.000000,0.000000,0.000000,0.000000,0.000000,0,0,0,0
"38,46",0,109888,0,0,971,4,99999,99999,99999,99999,99999,99999,0.000000,0.000000,0.000000,0.000000,0.000000,0.000000,0.000000,0.000000,0.000000,0.000000,0.000000,0.000000,0.000000,0.000000,0,0,0,0
"38,47",0,109888,0,0,967,4,99999,99999,99999,99999,99999,99999,0.000000,0.000000,0.000000,0.000000,0.000000,0.000000,0.000000,0.000000,0.000000,0.000000,0.000000,0.000000,0.000000,0.000000,0,0,0,0
"38,48",0,109888,0,0,975,4,99999,99999,99999,99999,99999,99999,0.000000,0.000000,0.000000,0.000000,0.000000,0.000000,0.000000,0.000000,0.000000,0.000000,0.000000,0.000000,0.000000,0.000000,0,0,0,0
"38,49",0,109888,0,0,974,4,99999,99999,99999,99999,99999,99999,0.000000,0.000000,0.000000,0.000000,0.000000,0.000000,0.000000,0.000000,0.000000,0.000000,0.000000,0.000000,0.000000,0.000000,0,0,0,0
"38,50",0,109888,0,0,978,4,99999,99999,99999,99999,99999,99999,0.000000,0.000000,0.000000,0.000000,0.000000,0.000000,0.000000,0.000000,0.000000,0.000000,0.000000,0.000000,0.000000,0.000000,0,0,0,0
"38,51",0,109888,0,0,973,4,99999,99999,99999,99999,99999,99999,0.000000,0.000000,0.000000,0.000000,0.000000,0.000000,0.000000,0.000000,0.000000,0.000000,0.000000,0.000000,0.000000,0.000000,0,0,0,0
"38,52",0,109888,0,0,978,4,99999,99999,99999,99999,99999,99999,0.000000,0.000000,0.000000,0.000000,0.000000,0.000000,0.000000,0.000000,0.000000,0.000000,0.000000,0.000000,0.000000,0.000000,0,0,0,0
"38,53",0,109888,0,0,966,4,99999,99999,99999,99999,99999,99999,0.000000,0.000000,0.000000,0.000000,0.000000,0.000000,0.000000,0.000000,0.000000,0.000000,0.000000,0.000000,0.000000,0.000000,0,0,0,0
"38,54",0,109888,0,0,970,4,99999,99999,99999,99999,99999,99999,0.000000,0.000000,0.000000,0.000000,0.000000,0.000000,0.000000,0.000000,0.000000,0.000000,0.000000,0.000000,0.000000,0.000000,0,0,0,0
"38,55",0,109888,0,0,967,4,99999,99999,99999,99999,99999,99999,0.000000,0.000000,0.000000,0.000000,0.000000,0.000000,0.000000,0.000000,0.000000,0.000000,0.000000,0.000000,0.000000,0.000000,0,0,0,0
"38,56",0,109888,0,0,970,4,99999,99999,99999,99999,99999,99999,0.000000,0.000000,0.000000,0.000000,0.000000,0.000000,0.000000,0.000000,0.000000,0.000000,0.000000,0.000000,0.000000,0.000000,0,0,0,0
"38,57",0,109888,0,0,966,4,99999,99999,99999,99999,99999,99999,0.000000,0.000000,0.000000,0.000000,0.000000,0.000000,0.000000,0.000000,0.000000,0.000000,0.000000,0.000000,0.000000,0.000000,0,0,0,0
"38,58",0,109888,0,0,978,4,99999,99999,99999,99999,99999,99999,0.000000,0.000000,0.000000,0.000000,0.000000,0.000000,0.000000,0.000000,0.000000,0.000000,0.000000,0.000000,0.000000,0.000000,0,0,0,0
"38,59",0,109888,0,0,85,4,99999,99999,99999,99999,99999,99999,0.000000,0.000000,0.000000,0.000000,0.000000,0.000000,0.000000,0.000000,0.000000,0.000000,0.000000,0.000000,0.000000,0.000000,0,0,0,0
"38,60",0,109888,0,0,72,4,99999,99999,99999,99999,99999,99999,0.000000,0.000000,0.000000,0.000000,0.000000,0.000000,0.000000,0.000000,0.000000,0.000000,0.000000,0.000000,0.000000,0.000000,0,0,0,0
"38,61",0,109888,0,0,71,4,99999,99999,99999,99999,99999,99999,0.000000,0.000000,0.000000,0.000000,0.000000,0.000000,0.000000,0.000000,0.000000,0.000000,0.000000,0.000000,0.000000,0.000000,0,0,0,0
"38,62",0,109888,0,0,76,4,99999,99999,99999,99999,99999,99999,0.000000,0.000000,0.000000,0.000000,0.000000,0.000000,0.000000,0.000000,0.000000,0.000000,0.000000,0.000000,0.000000,0.000000,0,0,0,0
"38,63",0,109888,0,0,72,4,99999,99999,99999,99999,99999,99999,0.000000,0.000000,0.000000,0.000000,0.000000,0.000000,0.000000,0.000000,0.000000,0.000000,0.000000,0.000000,0.000000,0.000000,0,0,0,0
"38,64",0,109888,0,0,69,4,99999,99999,99999,99999,99999,99999,0.000000,0.000000,0.000000,0.000000,0.000000,0.000000,0.000000,0.000000,0.000000,0.000000,0.000000,0.000000,0.000000,0.000000,0,0,0,0
"38,65",0,109888,0,0,69,4,99999,99999,99999,99999,99999,99999,0.000000,0.000000,0.000000,0.000000,0.000000,0.000000,0.000000,0.000000,0.000000,0.000000,0.000000,0.000000,0.000000,0.000000,0,0,0,0
"38,66",0,109888,0,0,76,4,99999,99999,99999,99999,99999,99999,0.000000,0.000000,0.000000,0.000000,0.000000,0.000000,0.000000,0.000000,0.000000,0.000000,0.000000,0.000000,0.000000,0.000000,0,0,0,0
"38,67",0,109888,0,0,78,4,99999,99999,99999,99999,99999,99999,0.000000,0.000000,0.000000,0.000000,0.000000,0.000000,0.000000,0.000000,0.000000,0.000000,0.000000,0.000000,0.000000,0.000000,0,0,0,0
"38,68",0,109888,0,0,68,4,99999,99999,99999,99999,99999,99999,0.000000,0.000000,0.000000,0.000000,0.000000,0.000000,0.000000,0.000000,0.000000,0.000000,0.000000,0.000000,0.000000,0.000000,0,0,0,0
"38,69",0,109888,0,0,68,4,99999,99999,99999,99999,99999,99999,0.000000,0.000000,0.000000,0.000000,0.000000,0.000000,0.000000,0.000000,0.000000,0.000000,0.000000,0.000000,0.000000,0.000000,0,0,0,0
"38,70",0,109888,0,0,9,4,99999,99999,99999,99999,99999,99999,0.000000,0.000000,0.000000,0.000000,0.000000,0.000000,0.000000,0.000000,0.000000,0.000000,0.000000,0.000000,0.000000,0.000000,0,0,0,0
"38,71",0,109888,0,0,7,4,99999,99999,99999,99999,99999,99999,0.000000,0.000000,0.000000,0.000000,0.000000,0.000000,0.000000,0.000000,0.000000,0.000000,0.000000,0.000000,0.000000,0.000000,0,0,0,0
"38,72",0,109888,0,0,7,4,99999,99999,99999,99999,99999,99999,0.000000,0.000000,0.000000,0.000000,0.000000,0.000000,0.000000,0.000000,0.000000,0.000000,0.000000,0.000000,0.000000,0.000000,0,0,0,0
"38,73",0,109888,0,0,8,4,99999,99999,99999,99999,99999,99999,0.000000,0.000000,0.000000,0.000000,0.000000,0.000000,0.000000,0.000000,0.000000,0.000000,0.000000,0.000000,0.000000,0.000000,0,0,0,0
"38,74",0,109888,0,0,8,4,99999,99999,99999,99999,99999,99999,0.000000,0.000000,0.000000,0.000000,0.000000,0.000000,0.000000,0.000000,0.000000,0.000000,0.000000,0.000000,0.000000,0.000000,0,0,0,0
