position,per,tx phyrate,tx mcs,tx nss,chload,chload self,total_latency_50_percent,total_latency_95_percent,total_latency_99_percent,txtime_latency_50_percent,txtime_latency_95_percent,txtime_latency_99_percent,uldelay <100ms,uldelay 100-500ms,uldelay 500-900ms,uldelay 900-1300ms,uldelay 1300-1700ms,uldelay 1700-2100ms,uldelay >2100ms,txtime <1ms,txtime 1-5ms,txtime 5-9ms,txtime 9-13ms,txtime 13-17ms,txtime 17-21ms,txtime >21ms,diff tx bytes,diff tx packets,diff tx ppdu cnt,diff tx ppdu retry cnt
"-26,-26",0,0,0,0,4,4,99999,99999,99999,99999,99999,99999,0.000000,0.000000,0.000000,0.000000,0.000000,0.000000,0.000000,0.000000,0.000000,0.000000,0.000000,0.000000,0.000000,0.000000,0,0,0,0
"-26,-25",0,0,0,0,4,4,99999,99999,99999,99999,99999,99999,0.000000,0.000000,0.000000,0.000000,0.000000,0.000000,0.000000,0.000000,0.000000,0.000000,0.000000,0.000000,0.000000,0.000000,0,0,0,0
"-26,-24",0,0,0,0,4,4,99999,99999,99999,99999,99999,99999,0.000000,0.000000,0.000000,0.000000,0.000000,0.000000,0.000000,0.000000,0.000000,0.000000,0.000000,0.000000,0.000000,0.000000,0,0,0,0
"-26,-23",0,0,0,0,4,4,99999,99999,99999,99999,99999,99999,0.000000,0.000000,0.000000,0.000000,0.000000,0.000000,0.000000,0.000000,0.000000,0.000000,0.000000,0.000000,0.000000,0.000000,0,0,0,0
"-26,-22",0,0,0,0,4,4,99999,99999,99999,99999,99999,99999,0.000000,0.000000,0.000000,0.000000,0.000000,0.000000,0.000000,0.000000,0.000000,0.000000,0.000000,0.000000,0.000000,0.000000,0,0,0,0
"-26,-21",0,0,0,0,4,4,99999,99999,99999,99999,99999,99999,0.000000,0.000000,0.000000,0.000000,0.000000,0.000000,0.000000,0.000000,0.000000,0.000000,0.000000,0.000000,0.000000,0.000000,0,0,0,0
"-26,-20",0,0,0,0,4,4,99999,99999,99999,99999,99999,99999,0.000000,0.000000,0.000000,0.000000,0.000000,0.000000,0.000000,0.000000,0.000000,0.000000,0.000000,0.000000,0.000000,0.000000,0,0,0,0
"-26,-19",0,0,0,0,4,4,99999,99999,99999,99999,99999,99999,0.000000,0.000000,0.000000,0.000000,0.000000,0.000000,0.000000,0.000000,0.000000,0.000000,0.000000,0.000000,0.000000,0.000000,0,0,0,0
"-26,-18",0,0,0,0,4,4,99999,99999,99999,99999,99999,99999,0.000000,0.000000,0.000000,0.000000,0.000000,0.000000,0.000000,0.000000,0.000000,0.000000,0.000000,0.000000,0.000000,0.000000,0,0,0,0
"-26,-17",0,0,0,0,4,4,99999,99999,99999,99999,99999,99999,0.000000,0.000000,0.000000,0.000000,0.000000,0.000000,0.000000,0.000000,0.000000,0.000000,0.000000,0.000000,0.000000,0.000000,0,0,0,0
"-26,-16",0,0,0,0,4,4,99999,99999,99999,99999,99999,99999,0.000000,0.000000,0.000000,0.000000,0.000000,0.000000,0.000000,0.000000,0.000000,0.000000,0.000000,0.000000,0.000000,0.000000,0,0,0,0
"-26,-15",0,0,0,0,4,4,99999,99999,99999,99999,99999,99999,0.000000,0.000000,0.000000,0.000000,0.000000,0.000000,0.000000,0.000000,0.000000,0.000000,0.000000,0.000000,0.000000,0.000000,0,0,0,0
"-26,-14",0,0,0,0,4,4,99999,99999,99999,99999,99999,99999,0.000000,0.000000,0.000000,0.000000,0.000000,0.000000,0.000000,0.000000,0.000000,0.000000,0.000000,0.000000,0.000000,0.000000,0,0,0,0
"-26,-13",0,0,0,0,4,4,99999,99999,99999,99999,99999,99999,0.000000,0.000000,0.000000,0.000000,0.000000,0.000000,0.000000,0.000000,0.000000,0.000000,0.000000,0.000000,0.000000,0.000000,0,0,0,0
"-26,-12",0,0,0,0,4,4,99999,99999,99999,99999,99999,99999,0.000000,0.000000,0.000000,0.000000,0.000000,0.000000,0.000000,0.000000,0.000000,0.000000,0.000000,0.000000,0.000000,0.000000,0,0,0,0
"-26,-11",0,0,0,0,4,4,99999,99999,99999,99999,99999,99999,0.000000,0.000000,0.000000,0.000000,0.000000,0.000000,0.000000,0.000000,0.000000,0.000000,0.000000,0.000000,0.000000,0.000000,0,0,0,0
"-26,-10",0,0,0,0,4,4,99999,99999,99999,99999,99999,99999,0.000000,0.000000,0.000000,0.000000,0.000000,0.000000,0.000000,0.000000,0.000000,0.000000,0.000000,0.000000,0.000000,0.000000,0,0,0,0
"-26,-9",0,0,0,0,4,4,99999,99999,99999,99999,99999,99999,0.000000,0.000000,0.000000,0.000000,0.000000,0.000000,0.000000,0.000000,0.000000,0.000000,0.000000,0.000000,0.000000,0.000000,0,0,0,0
"-26,-8",0,0,0,0,4,4,99999,99999,99999,99999,99999,99999,0.000000,0.000000,0.000000,0.000000,0.000000,0.000000,0.000000,0.000000,0.000000,0.000000,0.000000,0.000000,0.000000,0.000000,0,0,0,0
"-26,-7",0,0,0,0,4,4,99999,99999,99999,99999,99999,99999,0.000000,0.000000,0.000000,0.000000,0.000000,0.000000,0.000000,0.000000,0.000000,0.000000,0.000000,0.000000,0.000000,0.000000,0,0,0,0
"-26,-6",0,0,0,0,4,4,99999,99999,99999,99999,99999,99999,0.000000,0.000000,0.000000,0.000000,0.000000,0.000000,0.000000,0.000000,0.000000,0.000000,0.000000,0.000000,0.000000,0.000000,0,0,0,0
"-26,-5",0,0,0,0,4,4,99999,99999,99999,99999,99999,99999,0.000000,0.000000,0.000000,0.000000,0.000000,0.000000,0.000000,0.000000,0.000000,0.000000,0.000000,0.000000,0.000000,0.000000,0,0,0,0
"-26,-4",0,0,0,0,4,4,99999,99999,99999,99999,99999,99999,0.000000,0.000000,0.000000,0.000000,0.000000,0.000000,0.000000,0.000000,0.000000,0.000000,0.000000,0.000000,0.000000,0.000000,0,0,0,0
"-26,-3",0,0,0,0,4,4,99999,99999,99999,99999,99999,99999,0.000000,0.000000,0.000000,0.000000,0.000000,0.000000,0.000000,0.000000,0.000000,0.000000,0.000000,0.000000,0.000000,0.000000,0,0,0,0
"-26,-2",0,0,0,0,4,4,99999,99999,99999,99999,99999,99999,0.000000,0.000000,0.000000,0.000000,0.000000,0.000000,0.000000,0.000000,0.000000,0.000000,0.000000,0.000000,0.000000,0.000000,0,0,0,0
"-26,-1",0,0,0,0,4,4,99999,99999,99999,99999,99999,99999,0.000000,0.000000,0.000000,0.000000,0.000000,0.000000,0.000000,0.000000,0.000000,0.000000,0.000000,0.000000,0.000000,0.000000,0,0,0,0
"-26,0",0,0,0,0,4,4,99999,99999,99999,99999,99999,99999,0.000000,0.000000,0.000000,0.000000,0.000000,0.000000,0.000000,0.000000,0.000000,0.000000,0.000000,0.000000,0.000000,0.000000,0,0,0,0
"-26,1",0,0,0,0,4,4,99999,99999,99999,99999,99999,99999,0.000000,0.000000,0.000000,0.000000,0.000000,0.000000,0.000000,0.000000,0.000000,0.000000,0.000000,0.000000,0.000000,0.000000,0,0,0,0
"-26,2",0,0,0,0,4,4,99999,99999,99999,99999,99999,99999,0.000000,0.000000,0.000000,0.000000,0.000000,0.000000,0.000000,0.000000,0.000000,0.000000,0.000000,0.000000,0.000000,0.000000,0,0,0,0
"-26,3",0,0,0,0,4,4,99999,99999,99999,99999,99999,99999,0.000000,0.000000,0.000000,0.000000,0.000000,0.000000,0.000000,0.000000,0.000000,0.000000,0.000000,0.000000,0.000000,0.000000,0,0,0,0
"-26,4",0,0,0,0,4,4,99999,99999,99999,99999,99999,99999,0.000000,0.000000,0.000000,0.000000,0.000000,0.000000,0.000000,0.000000,0.000000,0.000000,0.000000,0.000000,0.000000,0.000000,0,0,0,0
"-26,5",0,0,0,0,4,4,99999,99999,99999,99999,99999,99999,0.000000,0.000000,0.000000,0.000000,0.000000,0.000000,0.000000,0.000000,0.000000,0.000000,0.000000,0.000000,0.000000,0.000000,0,0,0,0
"-26,6",0,0,0,0,4,4,99999,99999,99999,99999,99999,99999,0.000000,0.000000,0.000000,0.000000,0.000000,0.000000,0.000000,0.000000,0.000000,0.000000,0.000000,0.000000,0.000000,0.000000,0,0,0,0
"-26,7",0,0,0,0,4,4,99999,99999,99999,99999,99999,99999,0.000000,0.000000,0.000000,0.000000,0.000000,0.000000,0.000000,0.000000,0.000000,0.000000,0.000000,0.000000,0.000000,0.000000,0,0,0,0
"-26,8",0,0,0,0,4,4,99999,99999,99999,99999,99999,99999,0.000000,0.000000,0.000000,0.000000,0.000000,0.000000,0.000000,0.000000,0.000000,0.000000,0.000000,0.000000,0.000000,0.000000,0,0,0,0
"-26,9",0,0,0,0,4,4,99999,99999,99999,99999,99999,99999,0.000000,0.000000,0.000000,0.000000,0.000000,0.000000,0.000000,0.000000,0.000000,0.000000,0.000000,0.000000,0.000000,0.000000,0,0,0,0
"-26,10",0,0,0,0,4,4,99999,99999,99999,99999,99999,99999,0.000000,0.000000,0.000000,0.000000,0.000000,0.000000,0.000000,0.000000,0.000000,0.000000,0.000000,0.000000,0.000000,0.000000,0,0,0,0
"-26,11",0,0,0,0,4,4,99999,99999,99999,99999,99999,99999,0.000000,0.000000,0.000000,0.000000,0.000000,0.000000,0.000000,0.000000,0.000000,0.000000,0.000000,0.000000,0.000000,0.000000,0,0,0,0
"-26,12",0,0,0,0,4,4,99999,99999,99999,99999,99999,99999,0.000000,0.000000,0.000000,0.000000,0.000000,0.000000,0.000000,0.000000,0.000000,0.000000,0.000000,0.000000,0.000000,0.000000,0,0,0,0
"-26,13",0,0,0,0,4,4,99999,99999,99999,99999,99999,99999,0.000000,0.000000,0.000000,0.000000,0.000000,0.000000,0.000000,0.000000,0.000000,0.000000,0.000000,0.000000,0.000000,0.000000,0,0,0,0
"-26,14",0,0,0,0,4,4,99999,99999,99999,99999,99999,99999,0.000000,0.000000,0.000000,0.000000,0.000000,0.000000,0.000000,0.000000,0.000000,0.000000,0.000000,0.000000,0.000000,0.000000,0,0,0,0
"-26,15",0,0,0,0,4,4,99999,99999,99999,99999,99999,99999,0.000000,0.000000,0.000000,0.000000,0.000000,0.000000,0.000000,0.000000,0.000000,0.000000,0.000000,0.000000,0.000000,0.000000,0,0,0,0
"-26,16",0,0,0,0,4,4,99999,99999,99999,99999,99999,99999,0.000000,0.000000,0.000000,0.000000,0.000000,0.000000,0.000000,0.000000,0.000000,0.000000,0.000000,0.000000,0.000000,0.000000,0,0,0,0
"-26,17",0,0,0,0,4,4,99999,99999,99999,99999,99999,99999,0.000000,0.000000,0.000000,0.000000,0.000000,0.000000,0.000000,0.000000,0.000000,0.000000,0.000000,0.000000,0.000000,0.000000,0,0,0,0
"-26,18",0,0,0,0,4,4,99999,99999,99999,99999,99999,99999,0.000000,0.000000,0.000000,0.000000,0.000000,0.000000,0.000000,0.000000,0.000000,0.000000,0.000000,0.000000,0.000000,0.000000,0,0,0,0
"-26,19",0,0,0,0,4,4,99999,99999,99999,99999,99999,99999,0.000000,0.000000,0.000000,0.000000,0.000000,0.000000,0.000000,0.000000,0.000000,0.000000,0.000000,0.000000,0.000000,0.000000,0,0,0,0
"-26,20",0,0,0,0,4,4,99999,99999,99999,99999,99999,99999,0.000000,0.000000,0.000000,0.000000,0.000000,0.000000,0.000000,0.000000,0.000000,0.000000,0.000000,0.000000,0.000000,0.000000,0,0,0,0
"-26,21",0,0,0,0,4,4,99999,99999,99999,99999,99999,99999,0.000000,0.000000,0.000000,0.000000,0.000000,0.000000,0.000000,0.000000,0.000000,0.000000,0.000000,0.000000,0.000000,0.000000,0,0,0,0
"-26,22",0,0,0,0,4,4,99999,99999,99999,99999,99999,99999,0.000000,0.000000,0.000000,0.000000,0.000000,0.000000,0.000000,0.000000,0.000000,0.000000,0.000000,0.000000,0.000000,0.000000,0,0,0,0
"-26,23",0,0,0,0,4,4,99999,99999,99999,99999,99999,99999,0.000000,0.000000,0.000000,0.000000,0.000000,0.000000,0.000000,0.000000,0.000000,0.000000,0.000000,0.000000,0.000000,0.000000,0,0,0,0
"-26,24",0,0,0,0,4,4,99999,99999,99999,99999,99999,99999,0.000000,0.000000,0.000000,0.000000,0.000000,0.000000,0.000000,0.000000,0.000000,0.000000,0.000000,0.000000,0.000000,0.000000,0,0,0,0
"-26,25",0,0,0,0,4,4,99999,99999,99999,99999,99999,99999,0.000000,0.000000,0.000000,0.000000,0.000000,0.000000,0.000000,0.000000,0.000000,0.000000,0.000000,0.000000,0.000000,0.000000,0,0,0,0
"-26,26",0,0,0,0,4,4,99999,99999,99999,99999,99999,99999,0.000000,0.000000,0.000000,0.000000,0.000000,0.000000,0.000000,0.000000,0.000000,0.000000,0.000000,0.000000,0.000000,0.000000,0,0,0,0
"-25,-26",0,0,0,0,4,4,99999,99999,99999,99999,99999,99999,0.000000,0.000000,0.000000,0.000000,0.000000,0.000000,0.000000,0.000000,0.000000,0.000000,0.000000,0.000000,0.000000,0.000000,0,0,0,0
"-25,-25",0,0,0,0,4,4,99999,99999,99999,99999,99999,99999,0.000000,0.000000,0.000000,0.000000,0.000000,0.000000,0.000000,0.000000,0.000000,0.000000,0.000000,0.000000,0.000000,0.000000,0,0,0,0
"-25,-24",0,0,0,0,4,4,99999,99999,99999,99999,99999,99999,0.000000,0.000000,0.000000,0.000000,0.000000,0.000000,0.000000,0.000000,0.000000,0.000000,0.000000,0.000000,0.000000,0.000000,0,0,0,0
"-25,-23",0,0,0,0,4,4,99999,99999,99999,99999,99999,99999,0.000000,0.000000,0.000000,0.000000,0.000000,0.000000,0.000000,0.000000,0.000000,0.000000,0.000000,0.000000,0.000000,0.000000,0,0,0,0
"-25,-22",0,0,0,0,4,4,99999,99999,99999,99999,99999,99999,0.000000,0.000000,0.000000,0.000000,0.000000,0.000000,0.000000,0.000000,0.000000,0.000000,0.000000,0.000000,0.000000,0.000000,0,0,0,0
"-25,-21",0,0,0,0,4,4,99999,99999,99999,99999,99999,99999,0.000000,0.000000,0.000000,0.000000,0.000000,0.000000,0.000000,0.000000,0.000000,0.000000,0.000000,0.000000,0.000000,0.000000,0,0,0,0
"-25,-20",0,0,0,0,4,4,99999,99999,99999,99999,99999,99999,0.000000,0.000000,0.000000,0.000000,0.000000,0.000000,0.000000,0.000000,0.000000,0.000000,0.000000,0.000000,0.000000,0.000000,0,0,0,0
"-25,-19",0,0,0,0,4,4,99999,99999,99999,99999,99999,99999,0.000000,0.000000,0.000000,0.000000,0.000000,0.000000,0.000000,0.000000,0.000000,0.000000,0.000000,0.000000,0.000000,0.000000,0,0,0,0
"-25,-18",0,0,0,0,4,4,99999,99999,99999,99999,99999,99999,0.000000,0.000000,0.000000,0.000000,0.000000,0.000000,0.000000,0.000000,0.000000,0.000000,0.000000,0.000000,0.000000,0.000000,0,0,0,0
"-25,-17",0,0,0,0,4,4,99999,99999,99999,99999,99999,99999,0.000000,0.000000,0.000000,0.000000,0.000000,0.000000,0.000000,0.000000,0.000000,0.000000,0.000000,0.000000,0.000000,0.000000,0,0,0,0
"-25,-16",0,0,0,0,4,4,99999,99999,99999,99999,99999,99999,0.000000,0.000000,0.000000,0.000000,0.000000,0.000000,0.000000,0.000000,0.000000,0.000000,0.000000,0.000000,0.000000,0.000000,0,0,0,0
"-25,-15",0,0,0,0,4,4,99999,99999,99999,99999,99999,99999,0.000000,0.000000,0.000000,0.000000,0.000000,0.000000,0.000000,0.000000,0.000000,0.000000,0.000000,0.000000,0.000000,0.000000,0,0,0,0
"-25,-14",0,0,0,0,4,4,99999,99999,99999,99999,99999,99999,0.000000,0.000000,0.000000,0.000000,0.000000,0.000000,0.000000,0.000000,0.000000,0.000000,0.000000,0.000000,0.000000,0.000000,0,0,0,0
"-25,-13",0,0,0,0,4,4,99999,99999,99999,99999,99999,99999,0.000000,0.000000,0.000000,0.000000,0.000000,0.000000,0.000000,0.000000,0.000000,0.000000,0.000000,0.000000,0.000000,0.000000,0,0,0,0
"-25,-12",0,0,0,0,4,4,99999,99999,99999,99999,99999,99999,0.000000,0.000000,0.000000,0.000000,0.000000,0.000000,0.000000,0.000000,0.000000,0.000000,0.000000,0.000000,0.000000,0.000000,0,0,0,0
"-25,-11",0,0,0,0,4,4,99999,99999,99999,99999,99999,99999,0.000000,0.000000,0.000000,0.000000,0.000000,0.000000,0.000000,0.000000,0.000000,0.000000,0.000000,0.000000,0.000000,0.000000,0,0,0,0
"-25,-10",0,0,0,0,4,4,99999,99999,99999,99999,99999,99999,0.000000,0.000000,0.000000,0.000000,0.000000,0.000000,0.000000,0.000000,0.000000,0.000000,0.000000,0.000000,0.000000,0.000000,0,0,0,0
"-25,-9",0,0,0,0,4,4,99999,99999,99999,99999,99999,99999,0.000000,0.000000,0.000000,0.000000,0.000000,0.000000,0.000000,0.000000,0.000000,0.000000,0.000000,0.000000,0.000000,0.000000,0,0,0,0
"-25,-8",0,0,0,0,4,4,99999,99999,99999,99999,99999,99999,0.000000,0.000000,0.000000,0.000000,0.000000,0.000000,0.000000,0.000000,0.000000,0.000000,0.000000,0.000000,0.000000,0.000000,0,0,0,0
"-25,-7",0,0,0,0,4,4,99999,99999,99999,99999,99999,99999,0.000000,0.000000,0.000000,0.000000,0.000000,0.000000,0.000000,0.000000,0.000000,0.000000,0.000000,0.000000,0.000000,0.000000,0,0,0,0
"-25,-6",0,0,0,0,4,4,99999,99999,99999,99999,99999,99999,0.000000,0.000000,0.000000,0.000000,0.000000,0.000000,0.000000,0.000000,0.000000,0.000000,0.000000,0.000000,0.000000,0.000000,0,0,0,0
"-25,-5",0,0,0,0,4,4,99999,99999,99999,99999,99999,99999,0.000000,0.000000,0.000000,0.000000,0.000000,0.000000,0.000000,0.000000,0.000000,0.000000,0.000000,0.000000,0.000000,0.000000,0,0,0,0
"-25,-4",0,0,0,0,4,4,99999,99999,99999,99999,99999,99999,0.000000,0.000000,0.000000,0.000000,0.000000,0.000000,0.000000,0.000000,0.000000,0.000000,0.000000,0.000000,0.000000,0.000000,0,0,0,0
"-25,-3",0,0,0,0,5,4,99999,99999,99999,99999,99999,99999,0.000000,0.000000,0.000000,0.000000,0.000000,0.000000,0.000000,0.000000,0.000000,0.000000,0.000000,0.000000,0.000000,0.000000,0,0,0,0
"-25,-2",0,0,0,0,4,4,99999,99999,99999,99999,99999,99999,0.000000,0.000000,0.000000,0.000000,0.000000,0.000000,0.000000,0.000000,0.000000,0.000000,0.000000,0.000000,0.000000,0.000000,0,0,0,0
"-25,-1",0,0,0,0,4,4,99999,99999,99999,99999,99999,99999,0.000000,0.000000,0.000000,0.000000,0.000000,0.000000,0.000000,0.000000,0.000000,0.000000,0.000000,0.000000,0.000000,0.000000,0,0,0,0
"-25,0",0,0,0,0,4,4,99999,99999,99999,99999,99999,99999,0.000000,0.000000,0.000000,0.000000,0.000000,0.000000,0.000000,0.000000,0.000000,0.000000,0.000000,0.000000,0.000000,0.000000,0,0,0,0
"-25,1",0,0,0,0,4,4,99999,99999,99999,99999,99999,99999,0.000000,0.000000,0.000000,0.000000,0.000000,0.000000,0.000000,0.000000,0.000000,0.000000,0.000000,0.000000,0.000000,0.000000,0,0,0,0
"-25,2",0,0,0,0,4,4,99999,99999,99999,99999,99999,99999,0.000000,0.000000,0.000000,0.000000,0.000000,0.000000,0.000000,0.000000,0.000000,0.000000,0.000000,0.000000,0.000000,0.000000,0,0,0,0
"-25,3",0,0,0,0,4,4,99999,99999,99999,99999,99999,99999,0.000000,0.000000,0.000000,0.000000,0.000000,0.000000,0.000000,0.000000,0.000000,0.000000,0.000000,0.000000,0.000000,0.000000,0,0,0,0
"-25,4",0,0,0,0,4,4,99999,99999,99999,99999,99999,99999,0.000000,0.000000,0.000000,0.000000,0.000000,0.000000,0.000000,0.000000,0.000000,0.000000,0.000000,0.000000,0.000000,0.000000,0,0,0,0
"-25,5",0,0,0,0,4,4,99999,99999,99999,99999,99999,99999,0.000000,0.000000,0.000000,0.000000,0.000000,0.000000,0.000000,0.000000,0.000000,0.000000,0.000000,0.000000,0.000000,0.000000,0,0,0,0
"-25,6",0,0,0,0,4,4,99999,99999,99999,99999,99999,99999,0.000000,0.000000,0.000000,0.000000,0.000000,0.000000,0.000000,0.000000,0.000000,0.000000,0.000000,0.000000,0.000000,0.000000,0,0,0,0
"-25,7",0,0,0,0,4,4,99999,99999,99999,99999,99999,99999,0.000000,0.000000,0.000000,0.000000,0.000000,0.000000,0.000000,0.000000,0.000000,0.000000,0.000000,0.000000,0.000000,0.000000,0,0,0,0
"-25,8",0,0,0,0,4,4,99999,99999,99999,99999,99999,99999,0.000000,0.000000,0.000000,0.000000,0.000000,0.000000,0.000000,0.000000,0.000000,0.000000,0.000000,0.000000,0.000000,0.000000,0,0,0,0
"-25,9",0,0,0,0,4,4,99999,99999,99999,99999,99999,99999,0.000000,0.000000,0.000000,0.000000,0.000000,0.000000,0.000000,0.000000,0.000000,0.000000,0.000000,0.000000,0.000000,0.000000,0,0,0,0
"-25,10",0,0,0,0,4,4,99999,99999,99999,99999,99999,99999,0.000000,0.000000,0.000000,0.000000,0.000000,0.000000,0.000000,0.000000,0.000000,0.000000,0.000000,0.000000,0.000000,0.000000,0,0,0,0
"-25,11",0,0,0,0,4,4,99999,99999,99999,99999,99999,99999,0.000000,0.000000,0.000000,0.000000,0.000000,0.000000,0.000000,0.000000,0.000000,0.000000,0.000000,0.000000,0.000000,0.000000,0,0,0,0
"-25,12",0,0,0,0,4,4,99999,99999,99999,99999,99999,99999,0.000000,0.000000,0.000000,0.000000,0.000000,0.000000,0.000000,0.000000,0.000000,0.000000,0.000000,0.000000,0.000000,0.000000,0,0,0,0
"-25,13",0,0,0,0,4,4,99999,99999,99999,99999,99999,99999,0.000000,0.000000,0.000000,0.000000,0.000000,0.000000,0.000000,0.000000,0.000000,0.000000,0.000000,0.000000,0.000000,0.000000,0,0,0,0
"-25,14",0,0,0,0,4,4,99999,99999,99999,99999,99999,99999,0.000000,0.000000,0.000000,0.000000,0.000000,0.000000,0.000000,0.000000,0.000000,0.000000,0.000000,0.000000,0.000000,0.000000,0,0,0,0
"-25,15",0,0,0,0,4,4,99999,99999,99999,99999,99999,99999,0.000000,0.000000,0.000000,0.000000,0.000000,0.000000,0.000000,0.000000,0.000000,0.000000,0.000000,0.000000,0.000000,0.000000,0,0,0,0
"-25,16",0,0,0,0,4,4,99999,99999,99999,99999,99999,99999,0.000000,0.000000,0.000000,0.000000,0.000000,0.000000,0.000000,0.000000,0.000000,0.000000,0.000000,0.000000,0.000000,0.000000,0,0,0,0
"-25,17",0,0,0,0,4,4,99999,99999,99999,99999,99999,99999,0.000000,0.000000,0.000000,0.000000,0.000000,0.000000,0.000000,0.000000,0.000000,0.000000,0.000000,0.000000,0.000000,0.000000,0,0,0,0
"-25,18",0,0,0,0,4,4,99999,99999,99999,99999,99999,99999,0.000000,0.000000,0.000000,0.000000,0.000000,0.000000,0.000000,0.000000,0.000000,0.000000,0.000000,0.000000,0.000000,0.000000,0,0,0,0
"-25,19",0,0,0,0,4,4,99999,99999,99999,99999,99999,99999,0.000000,0.000000,0.000000,0.000000,0.000000,0.000000,0.000000,0.000000,0.000000,0.000000,0.000000,0.000000,0.000000,0.000000,0,0,0,0
"-25,20",0,0,0,0,4,4,99999,99999,99999,99999,99999,99999,0.000000,0.000000,0.000000,0.000000,0.000000,0.000000,0.000000,0.000000,0.000000,0.000000,0.000000,0.000000,0.000000,0.000000,0,0,0,0
"-25,21",0,0,0,0,4,4,99999,99999,99999,99999,99999,99999,0.000000,0.000000,0.000000,0.000000,0.000000,0.000000,0.000000,0.000000,0.000000,0.000000,0.000000,0.000000,0.000000,0.000000,0,0,0,0
"-25,22",0,0,0,0,4,4,99999,99999,99999,99999,99999,99999,0.000000,0.000000,0.000000,0.000000,0.000000,0.000000,0.000000,0.000000,0.000000,0.000000,0.000000,0.000000,0.000000,0.000000,0,0,0,0
"-25,23",0,0,0,0,4,4,99999,99999,99999,99999,99999,99999,0.000000,0.000000,0.000000,0.000000,0.000000,0.000000,0.000000,0.000000,0.000000,0.000000,0.000000,0.000000,0.000000,0.000000,0,0,0,0
"-25,24",0,0,0,0,4,4,99999,99999,99999,99999,99999,99999,0.000000,0.000000,0.000000,0.000000,0.000000,0.000000,0.000000,0.000000,0.000000,0.000000,0.000000,0.000000,0.000000,0.000000,0,0,0,0
"-25,25",0,0,0,0,4,4,99999,99999,99999,99999,99999,99999,0.000000,0.000000,0.000000,0.000000,0.000000,0.000000,0.000000,0.000000,0.000000,0.000000,0.000000,0.000000,0.000000,0.000000,0,0,0,0
"-25,26",0,0,0,0,4,4,99999,99999,99999,99999,99999,99999,0.000000,0.000000,0.000000,0.000000,0.000000,0.000000,0.000000,0.000000,0.000000,0.000000,0.000000,0.000000,0.000000,0.000000,0,0,0,0
"-24,-26",0,0,0,0,4,4,99999,99999,99999,99999,99999,99999,0.000000,0.000000,0.000000,0.000000,0.000000,0.000000,0.000000,0.000000,0.000000,0.000000,0.000000,0.000000,0.000000,0.000000,0,0,0,0
"-24,-25",0,0,0,0,4,4,99999,99999,99999,99999,99999,99999,0.000000,0.000000,0.000000,0.000000,0.000000,0.000000,0.000000,0.000000,0.000000,0.000000,0.000000,0.000000,0.000000,0.000000,0,0,0,0
"-24,-24",0,0,0,0,4,4,99999,99999,99999,99999,99999,99999,0.000000,0.000000,0.000000,0.000000,0.000000,0.000000,0.000000,0.000000,0.000000,0.000000,0.000000,0.000000,0.000000,0.000000,0,0,0,0
"-24,-23",0,0,0,0,4,4,99999,99999,99999,99999,99999,99999,0.000000,0.000000,0.000000,0.000000,0.000000,0.000000,0.000000,0.000000,0.000000,0.000000,0.000000,0.000000,0.000000,0.000000,0,0,0,0
"-24,-22",0,0,0,0,4,4,99999,99999,99999,99999,99999,99999,0.000000,0.000000,0.000000,0.000000,0.000000,0.000000,0.000000,0.000000,0.000000,0.000000,0.000000,0.000000,0.000000,0.000000,0,0,0,0
"-24,-21",0,0,0,0,4,4,99999,99999,99999,99999,99999,99999,0.000000,0.000000,0.000000,0.000000,0.000000,0.000000,0.000000,0.000000,0.000000,0.000000,0.000000,0.000000,0.000000,0.000000,0,0,0,0
"-24,-20",0,0,0,0,4,4,99999,99999,99999,99999,99999,99999,0.000000,0.000000,0.000000,0.000000,0.000000,0.000000,0.000000,0.000000,0.000000,0.000000,0.000000,0.000000,0.000000,0.000000,0,0,0,0
"-24,-19",0,0,0,0,4,4,99999,99999,99999,99999,99999,99999,0.000000,0.000000,0.000000,0.000000,0.000000,0.000000,0.000000,0.000000,0.000000,0.000000,0.000000,0.000000,0.000000,0.000000,0,0,0,0
"-24,-18",0,0,0,0,4,4,99999,99999,99999,99999,99999,99999,0.000000,0.000000,0.000000,0.000000,0.000000,0.000000,0.000000,0.000000,0.000000,0.000000,0.000000,0.000000,0.000000,0.000000,0,0,0,0
"-24,-17",0,0,0,0,4,4,99999,99999,99999,99999,99999,99999,0.000000,0.000000,0.000000,0.000000,0.000000,0.000000,0.000000,0.000000,0.000000,0.000000,0.000000,0.000000,0.000000,0.000000,0,0,0,0
"-24,-16",0,0,0,0,4,4,99999,99999,99999,99999,99999,99999,0.000000,0.000000,0.000000,0.000000,0.000000,0.000000,0.000000,0.000000,0.000000,0.000000,0.000000,0.000000,0.000000,0.000000,0,0,0,0
"-24,-15",0,0,0,0,4,4,99999,99999,99999,99999,99999,99999,0.000000,0.000000,0.000000,0.000000,0.000000,0.000000,0.000000,0.000000,0.000000,0.000000,0.000000,0.000000,0.000000,0.000000,0,0,0,0
"-24,-14",0,0,0,0,4,4,99999,99999,99999,99999,99999,99999,0.000000,0.000000,0.000000,0.000000,0.000000,0.000000,0.000000,0.000000,0.000000,0.000000,0.000000,0.000000,0.000000,0.000000,0,0,0,0
"-24,-13",0,0,0,0,4,4,99999,99999,99999,99999,99999,99999,0.000000,0.000000,0.000000,0.000000,0.000000,0.000000,0.000000,0.000000,0.000000,0.000000,0.000000,0.000000,0.000000,0.000000,0,0,0,0
"-24,-12",0,0,0,0,4,4,99999,99999,99999,99999,99999,99999,0.000000,0.000000,0.000000,0.000000,0.000000,0.000000,0.000000,0.000000,0.000000,0.000000,0.000000,0.000000,0.000000,0.000000,0,0,0,0
"-24,-11",0,0,0,0,4,4,99999,99999,99999,99999,99999,99999,0.000000,0.000000,0.000000,0.000000,0.000000,0.000000,0.000000,0.000000,0.000000,0.000000,0.000000,0.000000,0.000000,0.000000,0,0,0,0
"-24,-10",0,0,0,0,4,4,99999,99999,99999,99999,99999,99999,0.000000,0.000000,0.000000,0.000000,0.000000,0.000000,0.000000,0.000000,0.000000,0.000000,0.000000,0.000000,0.000000,0.000000,0,0,0,0
"-24,-9",0,0,0,0,4,4,99999,99999,99999,99999,99999,99999,0.000000,0.000000,0.000000,0.000000,0.000000,0.000000,0.000000,0.000000,0.000000,0.000000,0.000000,0.000000,0.000000,0.000000,0,0,0,0
"-24,-8",0,0,0,0,5,4,99999,99999,99999,99999,99999,99999,0.000000,0.000000,0.000000,0.000000,0.000000,0.000000,0.000000,0.000000,0.000000,0.000000,0.000000,0.000000,0.000000,0.000000,0,0,0,0
"-24,-7",0,0,0,0,4,4,99999,99999,99999,99999,99999,99999,0.000000,0.000000,0.000000,0.000000,0.000000,0.000000,0.000000,0.000000,0.000000,0.000000,0.000000,0.000000,0.000000,0.000000,0,0,0,0
"-24,-6",0,0,0,0,4,4,99999,99999,99999,99999,99999,99999,0.000000,0.000000,0.000000,0.000000,0.000000,0.000000,0.000000,0.000000,0.000000,0.000000,0.000000,0.000000,0.000000,0.000000,0,0,0,0
"-24,-5",0,0,0,0,4,4,99999,99999,99999,99999,99999,99999,0.000000,0.000000,0.000000,0.000000,0.000000,0.000000,0.000000,0.000000,0.000000,0.000000,0.000000,0.000000,0.000000,0.000000,0,0,0,0
"-24,-4",0,0,0,0,4,4,99999,99999,99999,99999,99999,99999,0.000000,0.000000,0.000000,0.000000,0.000000,0.000000,0.000000,0.000000,0.000000,0.000000,0.000000,0.000000,0.000000,0.000000,0,0,0,0
"-24,-3",0,0,0,0,4,4,99999,99999,99999,99999,99999,99999,0.000000,0.000000,0.000000,0.000000,0.000000,0.000000,0.000000,0.000000,0.000000,0.000000,0.000000,0.000000,0.000000,0.000000,0,0,0,0
"-24,-2",0,0,0,0,4,4,99999,99999,99999,99999,99999,99999,0.000000,0.000000,0.000000,0.000000,0.000000,0.000000,0.000000,0.000000,0.000000,0.000000,0.000000,0.000000,0.000000,0.000000,0,0,0,0
"-24,-1",0,0,0,0,4,4,99999,99999,99999,99999,99999,99999,0.000000,0.000000,0.000000,0.000000,0.000000,0.000000,0.000000,0.000000,0.000000,0.000000,0.000000,0.000000,0.000000,0.000000,0,0,0,0
"-24,0",0,0,0,0,4,4,99999,99999,99999,99999,99999,99999,0.000000,0.000000,0.000000,0.000000,0.000000,0.000000,0.000000,0.000000,0.000000,0.000000,0.000000,0.000000,0.000000,0.000000,0,0,0,0
"-24,1",0,0,0,0,4,4,99999,99999,99999,99999,99999,99999,0.000000,0.000000,0.000000,0.000000,0.000000,0.000000,0.000000,0.000000,0.000000,0.000000,0.000000,0.000000,0.000000,0.000000,0,0,0,0
"-24,2",0,0,0,0,4,4,99999,99999,99999,99999,99999,99999,0.000000,0.000000,0.000000,0.000000,0.000000,0.000000,0.000000,0.000000,0.000000,0.000000,0.000000,0.000000,0.000000,0.000000,0,0,0,0
"-24,3",0,0,0,0,4,4,99999,99999,99999,99999,99999,99999,0.000000,0.000000,0.000000,0.000000,0.000000,0.000000,0.000000,0.000000,0.000000,0.000000,0.000000,0.000000,0.000000,0.000000,0,0,0,0
"-24,4",0,0,0,0,4,4,99999,99999,99999,99999,99999,99999,0.000000,0.000000,0.000000,0.000000,0.000000,0.000000,0.000000,0.000000,0.000000,0.000000,0.000000,0.000000,0.000000,0.000000,0,0,0,0
"-24,5",0,0,0,0,4,4,99999,99999,99999,99999,99999,99999,0.000000,0.000000,0.000000,0.000000,0.000000,0.000000,0.000000,0.000000,0.000000,0.000000,0.000000,0.000000,0.000000,0.000000,0,0,0,0
"-24,6",0,0,0,0,4,4,99999,99999,99999,99999,99999,99999,0.000000,0.000000,0.000000,0.000000,0.000000,0.000000,0.000000,0.000000,0.000000,0.000000,0.000000,0.000000,0.000000,0.000000,0,0,0,0
"-24,7",0,0,0,0,4,4,99999,99999,99999,99999,99999,99999,0.000000,0.000000,0.000000,0.000000,0.000000,0.000000,0.000000,0.000000,0.000000,0.000000,0.000000,0.000000,0.000000,0.000000,0,0,0,0
"-24,8",0,0,0,0,4,4,99999,99999,99999,99999,99999,99999,0.000000,0.000000,0.000000,0.000000,0.000000,0.000000,0.000000,0.000000,0.000000,0.000000,0.000000,0.000000,0.000000,0.000000,0,0,0,0
"-24,9",0,0,0,0,4,4,99999,99999,99999,99999,99999,99999,0.000000,0.000000,0.000000,0.000000,0.000000,0.000000,0.000000,0.000000,0.000000,0.000000,0.000000,0.000000,0.000000,0.000000,0,0,0,0
"-24,10",0,0,0,0,4,4,99999,99999,99999,99999,99999,99999,0.000000,0.000000,0.000000,0.000000,0.000000,0.000000,0.000000,0.000000,0.000000,0.000000,0.000000,0.000000,0.000000,0.000000,0,0,0,0
"-24,11",0,0,0,0,4,4,99999,99999,99999,99999,99999,99999,0.000000,0.000000,0.000000,0.000000,0.000000,0.000000,0.000000,0.000000,0.000000,0.000000,0.000000,0.000000,0.000000,0.000000,0,0,0,0
"-24,12",0,0,0,0,4,4,99999,99999,99999,99999,99999,99999,0.000000,0.000000,0.000000,0.000000,0.000000,0.000000,0.000000,0.000000,0.000000,0.000000,0.000000,0.000000,0.000000,0.000000,0,0,0,0
"-24,13",0,0,0,0,5,4,99999,99999,99999,99999,99999,99999,0.000000,0.000000,0.000000,0.000000,0.000000,0.000000,0.000000,0.000000,0.000000,0.000000,0.000000,0.000000,0.000000,0.000000,0,0,0,0
"-24,14",0,0,0,0,4,4,99999,99999,99999,99999,99999,99999,0.000000,0.000000,0.000000,0.000000,0.000000,0.000000,0.000000,0.000000,0.000000,0.000000,0.000000,0.000000,0.000000,0.000000,0,0,0,0
"-24,15",0,0,0,0,4,4,99999,99999,99999,99999,99999,99999,0.000000,0.000000,0.000000,0.000000,0.000000,0.000000,0.000000,0.000000,0.000000,0.000000,0.000000,0.000000,0.000000,0.000000,0,0,0,0
"-24,16",0,0,0,0,4,4,99999,99999,99999,99999,99999,99999,0.000000,0.000000,0.000000,0.000000,0.000000,0.000000,0.000000,0.000000,0.000000,0.000000,0.000000,0.000000,0.000000,0.000000,0,0,0,0
"-24,17",0,0,0,0,4,4,99999,99999,99999,99999,99999,99999,0.000000,0.000000,0.000000,0.000000,0.000000,0.000000,0.000000,0.000000,0.000000,0.000000,0.000000,0.000000,0.000000,0.000000,0,0,0,0
"-24,18",0,0,0,0,4,4,99999,99999,99999,99999,99999,99999,0.000000,0.000000,0.000000,0.000000,0.000000,0.000000,0.000000,0.000000,0.000000,0.000000,0.000000,0.000000,0.000000,0.000000,0,0,0,0
"-24,19",0,0,0,0,4,4,99999,99999,99999,99999,99999,99999,0.000000,0.000000,0.000000,0.000000,0.000000,0.000000,0.000000,0.000000,0.000000,0.000000,0.000000,0.000000,0.000000,0.000000,0,0,0,0
"-24,20",0,0,0,0,4,4,99999,99999,99999,99999,99999,99999,0.000000,0.000000,0.000000,0.000000,0.000000,0.000000,0.000000,0.000000,0.000000,0.000000,0.000000,0.000000,0.000000,0.000000,0,0,0,0
"-24,21",0,0,0,0,4,4,99999,99999,99999,99999,99999,99999,0.000000,0.000000,0.000000,0.000000,0.000000,0.000000,0.000000,0.000000,0.000000,0.000000,0.000000,0.000000,0.000000,0.000000,0,0,0,0
"-24,22",0,0,0,0,4,4,99999,99999,99999,99999,99999,99999,0.000000,0.000000,0.000000,0.000000,0.000000,0.000000,0.000000,0.000000,0.000000,0.000000,0.000000,0.000000,0.000000,0.000000,0,0,0,0
"-24,23",0,0,0,0,4,4,99999,99999,99999,99999,99999,99999,0.000000,0.000000,0.000000,0.000000,0.000000,0.000000,0.000000,0.000000,0.000000,0.000000,0.000000,0.000000,0.000000,0.000000,0,0,0,0
"-24,24",0,0,0,0,4,4,99999,99999,99999,99999,99999,99999,0.000000,0.000000,0.000000,0.000000,0.000000,0.000000,0.000000,0.000000,0.000000,0.000000,0.000000,0.000000,0.000000,0.000000,0,0,0,0
"-24,25",0,0,0,0,4,4,99999,99999,99999,99999,99999,99999,0.000000,0.000000,0.000000,0.000000,0.000000,0.000000,0.000000,0.000000,0.000000,0.000000,0.000000,0.000000,0.000000,0.000000,0,0,0,0
"-24,26",0,0,0,0,4,4,99999,99999,99999,99999,99999,99999,0.000000,0.000000,0.000000,0.000000,0.000000,0.000000,0.000000,0.000000,0.000000,0.000000,0.000000,0.000000,0.000000,0.000000,0,0,0,0
"-23,-26",0,0,0,0,4,4,99999,99999,99999,99999,99999,99999,0.000000,0.000000,0.000000,0.000000,0.000000,0.000000,0.000000,0.000000,0.000000,0.000000,0.000000,0.000000,0.000000,0.000000,0,0,0,0
"-23,-25",0,0,0,0,4,4,99999,99999,99999,99999,99999,99999,0.000000,0.000000,0.000000,0.000000,0.000000,0.000000,0.000000,0.000000,0.000000,0.000000,0.000000,0.000000,0.000000,0.000000,0,0,0,0
"-23,-24",0,0,0,0,4,4,99999,99999,99999,99999,99999,99999,0.000000,0.000000,0.000000,0.000000,0.000000,0.000000,0.000000,0.000000,0.000000,0.000000,0.000000,0.000000,0.000000,0.000000,0,0,0,0
"-23,-23",0,0,0,0,4,4,99999,99999,99999,99999,99999,99999,0.000000,0.000000,0.000000,0.000000,0.000000,0.000000,0.000000,0.000000,0.000000,0.000000,0.000000,0.000000,0.000000,0.000000,0,0,0,0
"-23,-22",0,0,0,0,4,4,99999,99999,99999,99999,99999,99999,0.000000,0.000000,0.000000,0.000000,0.000000,0.000000,0.000000,0.000000,0.000000,0.000000,0.000000,0.000000,0.000000,0.000000,0,0,0,0
"-23,-21",0,0,0,0,4,4,99999,99999,99999,99999,99999,99999,0.000000,0.000000,0.000000,0.000000,0.000000,0.000000,0.000000,0.000000,0.000000,0.000000,0.000000,0.000000,0.000000,0.000000,0,0,0,0
"-23,-20",0,0,0,0,4,4,99999,99999,99999,99999,99999,99999,0.000000,0.000000,0.000000,0.000000,0.000000,0.000000,0.000000,0.000000,0.000000,0.000000,0.000000,0.000000,0.000000,0.000000,0,0,0,0
"-23,-19",0,0,0,0,4,4,99999,99999,99999,99999,99999,99999,0.000000,0.000000,0.000000,0.000000,0.000000,0.000000,0.000000,0.000000,0.000000,0.000000,0.000000,0.000000,0.000000,0.000000,0,0,0,0
"-23,-18",0,0,0,0,4,4,99999,99999,99999,99999,99999,99999,0.000000,0.000000,0.000000,0.000000,0.000000,0.000000,0.000000,0.000000,0.000000,0.000000,0.000000,0.000000,0.000000,0.000000,0,0,0,0
"-23,-17",0,0,0,0,4,4,99999,99999,99999,99999,99999,99999,0.000000,0.000000,0.000000,0.000000,0.000000,0.000000,0.000000,0.000000,0.000000,0.000000,0.000000,0.000000,0.000000,0.000000,0,0,0,0
"-23,-16",0,0,0,0,4,4,99999,99999,99999,99999,99999,99999,0.000000,0.000000,0.000000,0.000000,0.000000,0.000000,0.000000,0.000000,0.000000,0.000000,0.000000,0.000000,0.000000,0.000000,0,0,0,0
"-23,-15",0,0,0,0,4,4,99999,99999,99999,99999,99999,99999,0.000000,0.000000,0.000000,0.000000,0.000000,0.000000,0.000000,0.000000,0.000000,0.000000,0.000000,0.000000,0.000000,0.000000,0,0,0,0
"-23,-14",0,0,0,0,4,4,99999,99999,99999,99999,99999,99999,0.000000,0.000000,0.000000,0.000000,0.000000,0.000000,0.000000,0.000000,0.000000,0.000000,0.000000,0.000000,0.000000,0.000000,0,0,0,0
"-23,-13",0,0,0,0,4,4,99999,99999,99999,99999,99999,99999,0.000000,0.000000,0.000000,0.000000,0.000000,0.000000,0.000000,0.000000,0.000000,0.000000,0.000000,0.000000,0.000000,0.000000,0,0,0,0
"-23,-12",0,0,0,0,4,4,99999,99999,99999,99999,99999,99999,0.000000,0.000000,0.000000,0.000000,0.000000,0.000000,0.000000,0.000000,0.000000,0.000000,0.000000,0.000000,0.000000,0.000000,0,0,0,0
"-23,-11",0,0,0,0,4,4,99999,99999,99999,99999,99999,99999,0.000000,0.000000,0.000000,0.000000,0.000000,0.000000,0.000000,0.000000,0.000000,0.000000,0.000000,0.000000,0.000000,0.000000,0,0,0,0
"-23,-10",0,0,0,0,4,4,99999,99999,99999,99999,99999,99999,0.000000,0.000000,0.000000,0.000000,0.000000,0.000000,0.000000,0.000000,0.000000,0.000000,0.000000,0.000000,0.000000,0.000000,0,0,0,0
"-23,-9",0,0,0,0,4,4,99999,99999,99999,99999,99999,99999,0.000000,0.000000,0.000000,0.000000,0.000000,0.000000,0.000000,0.000000,0.000000,0.000000,0.000000,0.000000,0.000000,0.000000,0,0,0,0
"-23,-8",0,0,0,0,4,4,99999,99999,99999,99999,99999,99999,0.000000,0.000000,0.000000,0.000000,0.000000,0.000000,0.000000,0.000000,0.000000,0.000000,0.000000,0.000000,0.000000,0.000000,0,0,0,0
"-23,-7",0,0,0,0,4,4,99999,99999,99999,99999,99999,99999,0.000000,0.000000,0.000000,0.000000,0.000000,0.000000,0.000000,0.000000,0.000000,0.000000,0.000000,0.000000,0.000000,0.000000,0,0,0,0
"-23,-6",0,0,0,0,4,4,99999,99999,99999,99999,99999,99999,0.000000,0.000000,0.000000,0.000000,0.000000,0.000000,0.000000,0.000000,0.000000,0.000000,0.000000,0.000000,0.000000,0.000000,0,0,0,0
"-23,-5",0,0,0,0,5,4,99999,99999,99999,99999,99999,99999,0.000000,0.000000,0.000000,0.000000,0.000000,0.000000,0.000000,0.000000,0.000000,0.000000,0.000000,0.000000,0.000000,0.000000,0,0,0,0
"-23,-4",0,0,0,0,5,4,99999,99999,99999,99999,99999,99999,0.000000,0.000000,0.000000,0.000000,0.000000,0.000000,0.000000,0.000000,0.000000,0.000000,0.000000,0.000000,0.000000,0.000000,0,0,0,0
"-23,-3",0,0,0,0,4,4,99999,99999,99999,99999,99999,99999,0.000000,0.000000,0.000000,0.000000,0.000000,0.000000,0.000000,0.000000,0.000000,0.000000,0.000000,0.000000,0.000000,0.000000,0,0,0,0
"-23,-2",0,0,0,0,4,4,99999,99999,99999,99999,99999,99999,0.000000,0.000000,0.000000,0.000000,0.000000,0.000000,0.000000,0.000000,0.000000,0.000000,0.000000,0.000000,0.000000,0.000000,0,0,0,0
"-23,-1",0,0,0,0,5,4,99999,99999,99999,99999,99999,99999,0.000000,0.000000,0.000000,0.000000,0.000000,0.000000,0.000000,0.000000,0.000000,0.000000,0.000000,0.000000,0.000000,0.000000,0,0,0,0
"-23,0",0,0,0,0,5,4,99999,99999,99999,99999,99999,99999,0.000000,0.000000,0.000000,0.000000,0.000000,0.000000,0.000000,0.000000,0.000000,0.000000,0.000000,0.000000,0.000000,0.000000,0,0,0,0
"-23,1",0,0,0,0,5,4,99999,99999,99999,99999,99999,99999,0.000000,0.000000,0.000000,0.000000,0.000000,0.000000,0.000000,0.000000,0.000000,0.000000,0.000000,0.000000,0.000000,0.000000,0,0,0,0
"-23,2",0,0,0,0,4,4,99999,99999,99999,99999,99999,99999,0.000000,0.000000,0.000000,0.000000,0.000000,0.000000,0.000000,0.000000,0.000000,0.000000,0.000000,0.000000,0.000000,0.000000,0,0,0,0
"-23,3",0,0,0,0,6,4,99999,99999,99999,99999,99999,99999,0.000000,0.000000,0.000000,0.000000,0.000000,0.000000,0.000000,0.000000,0.000000,0.000000,0.000000,0.000000,0.000000,0.000000,0,0,0,0
"-23,4",0,0,0,0,4,4,99999,99999,99999,99999,99999,99999,0.000000,0.000000,0.000000,0.000000,0.000000,0.000000,0.000000,0.000000,0.000000,0.000000,0.000000,0.000000,0.000000,0.000000,0,0,0,0
"-23,5",0,0,0,0,5,4,99999,99999,99999,99999,99999,99999,0.000000,0.000000,0.000000,0.000000,0.000000,0.000000,0.000000,0.000000,0.000000,0.000000,0.000000,0.000000,0.000000,0.000000,0,0,0,0
"-23,6",0,0,0,0,4,4,99999,99999,99999,99999,99999,99999,0.000000,0.000000,0.000000,0.000000,0.000000,0.000000,0.000000,0.000000,0.000000,0.000000,0.000000,0.000000,0.000000,0.000000,0,0,0,0
"-23,7",0,0,0,0,4,4,99999,99999,99999,99999,99999,99999,0.000000,0.000000,0.000000,0.000000,0.000000,0.000000,0.000000,0.000000,0.000000,0.000000,0.000000,0.000000,0.000000,0.000000,0,0,0,0
"-23,8",0,0,0,0,4,4,99999,99999,99999,99999,99999,99999,0.000000,0.000000,0.000000,0.000000,0.000000,0.000000,0.000000,0.000000,0.000000,0.000000,0.000000,0.000000,0.000000,0.000000,0,0,0,0
"-23,9",0,0,0,0,4,4,99999,99999,99999,99999,99999,99999,0.000000,0.000000,0.000000,0.000000,0.000000,0.000000,0.000000,0.000000,0.000000,0.000000,0.000000,0.000000,0.000000,0.000000,0,0,0,0
"-23,10",0,0,0,0,4,4,99999,99999,99999,99999,99999,99999,0.000000,0.000000,0.000000,0.000000,0.000000,0.000000,0.000000,0.000000,0.000000,0.000000,0.000000,0.000000,0.000000,0.000000,0,0,0,0
"-23,11",0,0,0,0,4,4,99999,99999,99999,99999,99999,99999,0.000000,0.000000,0.000000,0.000000,0.000000,0.000000,0.000000,0.000000,0.000000,0.000000,0.000000,0.000000,0.000000,0.000000,0,0,0,0
"-23,12",0,0,0,0,4,4,99999,99999,99999,99999,99999,99999,0.000000,0.000000,0.000000,0.000000,0.000000,0.000000,0.000000,0.000000,0.000000,0.000000,0.000000,0.000000,0.000000,0.000000,0,0,0,0
"-23,13",0,0,0,0,4,4,99999,99999,99999,99999,99999,99999,0.000000,0.000000,0.000000,0.000000,0.000000,0.000000,0.000000,0.000000,0.000000,0.000000,0.000000,0.000000,0.000000,0.000000,0,0,0,0
"-23,14",0,0,0,0,4,4,99999,99999,99999,99999,99999,99999,0.000000,0.000000,0.000000,0.000000,0.000000,0.000000,0.000000,0.000000,0.000000,0.000000,0.000000,0.000000,0.000000,0.000000,0,0,0,0
"-23,15",0,0,0,0,4,4,99999,99999,99999,99999,99999,99999,0.000000,0.000000,0.000000,0.000000,0.000000,0.000000,0.000000,0.000000,0.000000,0.000000,0.000000,0.000000,0.000000,0.000000,0,0,0,0
"-23,16",0,0,0,0,4,4,99999,99999,99999,99999,99999,99999,0.000000,0.000000,0.000000,0.000000,0.000000,0.000000,0.000000,0.000000,0.000000,0.000000,0.000000,0.000000,0.000000,0.000000,0,0,0,0
"-23,17",0,0,0,0,4,4,99999,99999,99999,99999,99999,99999,0.000000,0.000000,0.000000,0.000000,0.000000,0.000000,0.000000,0.000000,0.000000,0.000000,0.000000,0.000000,0.000000,0.000000,0,0,0,0
"-23,18",0,0,0,0,4,4,99999,99999,99999,99999,99999,99999,0.000000,0.000000,0.000000,0.000000,0.000000,0.000000,0.000000,0.000000,0.000000,0.000000,0.000000,0.000000,0.000000,0.000000,0,0,0,0
"-23,19",0,0,0,0,4,4,99999,99999,99999,99999,99999,99999,0.000000,0.000000,0.000000,0.000000,0.000000,0.000000,0.000000,0.000000,0.000000,0.000000,0.000000,0.000000,0.000000,0.000000,0,0,0,0
"-23,20",0,0,0,0,4,4,99999,99999,99999,99999,99999,99999,0.000000,0.000000,0.000000,0.000000,0.000000,0.000000,0.000000,0.000000,0.000000,0.000000,0.000000,0.000000,0.000000,0.000000,0,0,0,0
"-23,21",0,0,0,0,4,4,99999,99999,99999,99999,99999,99999,0.000000,0.000000,0.000000,0.000000,0.000000,0.000000,0.000000,0.000000,0.000000,0.000000,0.000000,0.000000,0.000000,0.000000,0,0,0,0
"-23,22",0,0,0,0,4,4,99999,99999,99999,99999,99999,99999,0.000000,0.000000,0.000000,0.000000,0.000000,0.000000,0.000000,0.000000,0.000000,0.000000,0.000000,0.000000,0.000000,0.000000,0,0,0,0
"-23,23",0,0,0,0,4,4,99999,99999,99999,99999,99999,99999,0.000000,0.000000,0.000000,0.000000,0.000000,0.000000,0.000000,0.000000,0.000000,0.000000,0.000000,0.000000,0.000000,0.000000,0,0,0,0
"-23,24",0,0,0,0,4,4,99999,99999,99999,99999,99999,99999,0.000000,0.000000,0.000000,0.000000,0.000000,0.000000,0.000000,0.000000,0.000000,0.000000,0.000000,0.000000,0.000000,0.000000,0,0,0,0
"-23,25",0,0,0,0,4,4,99999,99999,99999,99999,99999,99999,0.000000,0.000000,0.000000,0.000000,0.000000,0.000000,0.000000,0.000000,0.000000,0.000000,0.000000,0.000000,0.000000,0.000000,0,0,0,0
"-23,26",0,0,0,0,4,4,99999,99999,99999,99999,99999,99999,0.000000,0.000000,0.000000,0.000000,0.000000,0.000000,0.000000,0.000000,0.000000,0.000000,0.000000,0.000000,0.000000,0.000000,0,0,0,0
"-22,-26",0,0,0,0,4,4,99999,99999,99999,99999,99999,99999,0.000000,0.000000,0.000000,0.000000,0.000000,0.000000,0.000000,0.000000,0.000000,0.000000,0.000000,0.000000,0.000000,0.000000,0,0,0,0
"-22,-25",0,0,0,0,4,4,99999,99999,99999,99999,99999,99999,0.000000,0.000000,0.000000,0.000000,0.000000,0.000000,0.000000,0.000000,0.000000,0.000000,0.000000,0.000000,0.000000,0.000000,0,0,0,0
"-22,-24",0,0,0,0,4,4,99999,99999,99999,99999,99999,99999,0.000000,0.000000,0.000000,0.000000,0.000000,0.000000,0.000000,0.000000,0.000000,0.000000,0.000000,0.000000,0.000000,0.000000,0,0,0,0
"-22,-23",0,0,0,0,4,4,99999,99999,99999,99999,99999,99999,0.000000,0.000000,0.000000,0.000000,0.000000,0.000000,0.000000,0.000000,0.000000,0.000000,0.000000,0.000000,0.000000,0.000000,0,0,0,0
"-22,-22",0,0,0,0,4,4,99999,99999,99999,99999,99999,99999,0.000000,0.000000,0.000000,0.000000,0.000000,0.000000,0.000000,0.000000,0.000000,0.000000,0.000000,0.000000,0.000000,0.000000,0,0,0,0
"-22,-21",0,0,0,0,4,4,99999,99999,99999,99999,99999,99999,0.000000,0.000000,0.000000,0.000000,0.000000,0.000000,0.000000,0.000000,0.000000,0.000000,0.000000,0.000000,0.000000,0.000000,0,0,0,0
"-22,-20",0,0,0,0,4,4,99999,99999,99999,99999,99999,99999,0.000000,0.000000,0.000000,0.000000,0.000000,0.000000,0.000000,0.000000,0.000000,0.000000,0.000000,0.000000,0.000000,0.000000,0,0,0,0
"-22,-19",0,0,0,0,4,4,99999,99999,99999,99999,99999,99999,0.000000,0.000000,0.000000,0.000000,0.000000,0.000000,0.000000,0.000000,0.000000,0.000000,0.000000,0.000000,0.000000,0.000000,0,0,0,0
"-22,-18",0,0,0,0,4,4,99999,99999,99999,99999,99999,99999,0.000000,0.000000,0.000000,0.000000,0.000000,0.000000,0.000000,0.000000,0.000000,0.000000,0.000000,0.000000,0.000000,0.000000,0,0,0,0
"-22,-17",0,0,0,0,4,4,99999,99999,99999,99999,99999,99999,0.000000,0.000000,0.000000,0.000000,0.000000,0.000000,0.000000,0.000000,0.000000,0.000000,0.000000,0.000000,0.000000,0.000000,0,0,0,0
"-22,-16",0,0,0,0,4,4,99999,99999,99999,99999,99999,99999,0.000000,0.000000,0.000000,0.000000,0.000000,0.000000,0.000000,0.000000,0.000000,0.000000,0.000000,0.000000,0.000000,0.000000,0,0,0,0
"-22,-15",0,0,0,0,4,4,99999,99999,99999,99999,99999,99999,0.000000,0.000000,0.000000,0.000000,0.000000,0.000000,0.000000,0.000000,0.000000,0.000000,0.000000,0.000000,0.000000,0.000000,0,0,0,0
"-22,-14",0,0,0,0,4,4,99999,99999,99999,99999,99999,99999,0.000000,0.000000,0.000000,0.000000,0.000000,0.000000,0.000000,0.000000,0.000000,0.000000,0.000000,0.000000,0.000000,0.000000,0,0,0,0
"-22,-13",0,0,0,0,4,4,99999,99999,99999,99999,99999,99999,0.000000,0.000000,0.000000,0.000000,0.000000,0.000000,0.000000,0.000000,0.000000,0.000000,0.000000,0.000000,0.000000,0.000000,0,0,0,0
"-22,-12",0,0,0,0,4,4,99999,99999,99999,99999,99999,99999,0.000000,0.000000,0.000000,0.000000,0.000000,0.000000,0.000000,0.000000,0.000000,0.000000,0.000000,0.000000,0.000000,0.000000,0,0,0,0
"-22,-11",0,0,0,0,4,4,99999,99999,99999,99999,99999,99999,0.000000,0.000000,0.000000,0.000000,0.000000,0.000000,0.000000,0.000000,0.000000,0.000000,0.000000,0.000000,0.000000,0.000000,0,0,0,0
"-22,-10",0,0,0,0,5,4,99999,99999,99999,99999,99999,99999,0.000000,0.000000,0.000000,0.000000,0.000000,0.000000,0.000000,0.000000,0.000000,0.000000,0.000000,0.000000,0.000000,0.000000,0,0,0,0
"-22,-9",0,0,0,0,5,4,99999,99999,99999,99999,99999,99999,0.000000,0.000000,0.000000,0.000000,0.000000,0.000000,0.000000,0.000000,0.000000,0.000000,0.000000,0.000000,0.000000,0.000000,0,0,0,0
"-22,-8",0,0,0,0,5,4,99999,99999,99999,99999,99999,99999,0.000000,0.000000,0.000000,0.000000,0.000000,0.000000,0.000000,0.000000,0.000000,0.000000,0.000000,0.000000,0.000000,0.000000,0,0,0,0
"-22,-7",0,0,0,0,4,4,99999,99999,99999,99999,99999,99999,0.000000,0.000000,0.000000,0.000000,0.000000,0.000000,0.000000,0.000000,0.000000,0.000000,0.000000,0.000000,0.000000,0.000000,0,0,0,0
"-22,-6",0,0,0,0,4,4,99999,99999,99999,99999,99999,99999,0.000000,0.000000,0.000000,0.000000,0.000000,0.000000,0.000000,0.000000,0.000000,0.000000,0.000000,0.000000,0.000000,0.000000,0,0,0,0
"-22,-5",0,0,0,0,5,4,99999,99999,99999,99999,99999,99999,0.000000,0.000000,0.000000,0.000000,0.000000,0.000000,0.000000,0.000000,0.000000,0.000000,0.000000,0.000000,0.000000,0.000000,0,0,0,0
"-22,-4",0,0,0,0,4,4,99999,99999,99999,99999,99999,99999,0.000000,0.000000,0.000000,0.000000,0.000000,0.000000,0.000000,0.000000,0.000000,0.000000,0.000000,0.000000,0.000000,0.000000,0,0,0,0
"-22,-3",0,0,0,0,6,4,99999,99999,99999,99999,99999,99999,0.000000,0.000000,0.000000,0.000000,0.000000,0.000000,0.000000,0.000000,0.000000,0.000000,0.000000,0.000000,0.000000,0.000000,0,0,0,0
"-22,-2",0,0,0,0,4,4,99999,99999,99999,99999,99999,99999,0.000000,0.000000,0.000000,0.000000,0.000000,0.000000,0.000000,0.000000,0.000000,0.000000,0.000000,0.000000,0.000000,0.000000,0,0,0,0
"-22,-1",0,0,0,0,5,4,99999,99999,99999,99999,99999,99999,0.000000,0.000000,0.000000,0.000000,0.000000,0.000000,0.000000,0.000000,0.000000,0.000000,0.000000,0.000000,0.000000,0.000000,0,0,0,0
"-22,0",0,0,0,0,4,4,99999,99999,99999,99999,99999,99999,0.000000,0.000000,0.000000,0.000000,0.000000,0.000000,0.000000,0.000000,0.000000,0.000000,0.000000,0.000000,0.000000,0.000000,0,0,0,0
"-22,1",0,0,0,0,7,4,99999,99999,99999,99999,99999,99999,0.000000,0.000000,0.000000,0.000000,0.000000,0.000000,0.000000,0.000000,0.000000,0.000000,0.000000,0.000000,0.000000,0.000000,0,0,0,0
"-22,2",0,0,0,0,5,4,99999,99999,99999,99999,99999,99999,0.000000,0.000000,0.000000,0.000000,0.000000,0.000000,0.000000,0.000000,0.000000,0.000000,0.000000,0.000000,0.000000,0.000000,0,0,0,0
"-22,3",0,0,0,0,4,4,99999,99999,99999,99999,99999,99999,0.000000,0.000000,0.000000,0.000000,0.000000,0.000000,0.000000,0.000000,0.000000,0.000000,0.000000,0.000000,0.000000,0.000000,0,0,0,0
"-22,4",0,0,0,0,6,4,99999,99999,99999,99999,99999,99999,0.000000,0.000000,0.000000,0.000000,0.000000,0.000000,0.000000,0.000000,0.000000,0.000000,0.000000,0.000000,0.000000,0.000000,0,0,0,0
"-22,5",0,0,0,0,5,4,99999,99999,99999,99999,99999,99999,0.000000,0.000000,0.000000,0.000000,0.000000,0.000000,0.000000,0.000000,0.000000,0.000000,0.000000,0.000000,0.000000,0.000000,0,0,0,0
"-22,6",0,0,0,0,4,4,99999,99999,99999,99999,99999,99999,0.000000,0.000000,0.000000,0.000000,0.000000,0.000000,0.000000,0.000000,0.000000,0.000000,0.000000,0.000000,0.000000,0.000000,0,0,0,0
"-22,7",0,0,0,0,6,4,99999,99999,99999,99999,99999,99999,0.000000,0.000000,0.000000,0.000000,0.000000,0.000000,0.000000,0.000000,0.000000,0.000000,0.000000,0.000000,0.000000,0.000000,0,0,0,0
"-22,8",0,0,0,0,4,4,99999,99999,99999,99999,99999,99999,0.000000,0.000000,0.000000,0.000000,0.000000,0.000000,0.000000,0.000000,0.000000,0.000000,0.000000,0.000000,0.000000,0.000000,0,0,0,0
"-22,9",0,0,0,0,5,4,99999,99999,99999,99999,99999,99999,0.000000,0.000000,0.000000,0.000000,0.000000,0.000000,0.000000,0.000000,0.000000,0.000000,0.000000,0.000000,0.000000,0.000000,0,0,0,0
"-22,10",0,0,0,0,5,4,99999,99999,99999,99999,99999,99999,0.000000,0.000000,0.000000,0.000000,0.000000,0.000000,0.000000,0.000000,0.000000,0.000000,0.000000,0.000000,0.000000,0.000000,0,0,0,0
"-22,11",0,0,0,0,4,4,99999,99999,99999,99999,99999,99999,0.000000,0.000000,0.000000,0.000000,0.000000,0.000000,0.000000,0.000000,0.000000,0.000000,0.000000,0.000000,0.000000,0.000000,0,0,0,0
"-22,12",0,0,0,0,4,4,99999,99999,99999,99999,99999,99999,0.000000,0.000000,0.000000,0.000000,0.000000,0.000000,0.000000,0.000000,0.000000,0.000000,0.000000,0.000000,0.000000,0.000000,0,0,0,0
"-22,13",0,0,0,0,4,4,99999,99999,99999,99999,99999,99999,0.000000,0.000000,0.000000,0.000000,0.000000,0.000000,0.000000,0.000000,0.000000,0.000000,0.000000,0.000000,0.000000,0.000000,0,0,0,0
"-22,14",0,0,0,0,4,4,99999,99999,99999,99999,99999,99999,0.000000,0.000000,0.000000,0.000000,0.000000,0.000000,0.000000,0.000000,0.000000,0.000000,0.000000,0.000000,0.000000,0.000000,0,0,0,0
"-22,15",0,0,0,0,5,4,99999,99999,99999,99999,99999,99999,0.000000,0.000000,0.000000,0.000000,0.000000,0.000000,0.000000,0.000000,0.000000,0.000000,0.000000,0.000000,0.000000,0.000000,0,0,0,0
"-22,16",0,0,0,0,5,4,99999,99999,99999,99999,99999,99999,0.000000,0.000000,0.000000,0.000000,0.000000,0.000000,0.000000,0.000000,0.000000,0.000000,0.000000,0.000000,0.000000,0.000000,0,0,0,0
"-22,17",0,0,0,0,4,4,99999,99999,99999,99999,99999,99999,0.000000,0.000000,0.000000,0.000000,0.000000,0.000000,0.000000,0.000000,0.000000,0.000000,0.000000,0.000000,0.000000,0.000000,0,0,0,0
"-22,18",0,0,0,0,4,4,99999,99999,99999,99999,99999,99999,0.000000,0.000000,0.000000,0.000000,0.000000,0.000000,0.000000,0.000000,0.000000,0.000000,0.000000,0.000000,0.000000,0.000000,0,0,0,0
"-22,19",0,0,0,0,4,4,99999,99999,99999,99999,99999,99999,0.000000,0.000000,0.000000,0.000000,0.000000,0.000000,0.000000,0.000000,0.000000,0.000000,0.000000,0.000000,0.000000,0.000000,0,0,0,0
"-22,20",0,0,0,0,4,4,99999,99999,99999,99999,99999,99999,0.000000,0.000000,0.000000,0.000000,0.000000,0.000000,0.000000,0.000000,0.000000,0.000000,0.000000,0.000000,0.000000,0.000000,0,0,0,0
"-22,21",0,0,0,0,4,4,99999,99999,99999,99999,99999,99999,0.000000,0.000000,0.000000,0.000000,0.000000,0.000000,0.000000,0.000000,0.000000,0.000000,0.000000,0.000000,0.000000,0.000000,0,0,0,0
"-22,22",0,0,0,0,4,4,99999,99999,99999,99999,99999,99999,0.000000,0.000000,0.000000,0.000000,0.000000,0.000000,0.000000,0.000000,0.000000,0.000000,0.000000,0.000000,0.000000,0.000000,0,0,0,0
"-22,23",0,0,0,0,4,4,99999,99999,99999,99999,99999,99999,0.000000,0.000000,0.000000,0.000000,0.000000,0.000000,0.000000,0.000000,0.000000,0.000000,0.000000,0.000000,0.000000,0.000000,0,0,0,0
"-22,24",0,0,0,0,4,4,99999,99999,99999,99999,99999,99999,0.000000,0.000000,0.000000,0.000000,0.000000,0.000000,0.000000,0.000000,0.000000,0.000000,0.000000,0.000000,0.000000,0.000000,0,0,0,0
"-22,25",0,0,0,0,4,4,99999,99999,99999,99999,99999,99999,0.000000,0.000000,0.000000,0.000000,0.000000,0.000000,0.000000,0.000000,0.000000,0.000000,0.000000,0.000000,0.000000,0.000000,0,0,0,0
"-22,26",0,0,0,0,4,4,99999,99999,99999,99999,99999,99999,0.000000,0.000000,0.000000,0.000000,0.000000,0.000000,0.000000,0.000000,0.000000,0.000000,0.000000,0.000000,0.000000,0.000000,0,0,0,0
"-21,-26",0,0,0,0,4,4,99999,99999,99999,99999,99999,99999,0.000000,0.000000,0.000000,0.000000,0.000000,0.000000,0.000000,0.000000,0.000000,0.000000,0.000000,0.000000,0.000000,0.000000,0,0,0,0
"-21,-25",0,0,0,0,4,4,99999,99999,99999,99999,99999,99999,0.000000,0.000000,0.000000,0.000000,0.000000,0.000000,0.000000,0.000000,0.000000,0.000000,0.000000,0.000000,0.000000,0.000000,0,0,0,0
"-21,-24",0,0,0,0,4,4,99999,99999,99999,99999,99999,99999,0.000000,0.000000,0.000000,0.000000,0.000000,0.000000,0.000000,0.000000,0.000000,0.000000,0.000000,0.000000,0.000000,0.000000,0,0,0,0
"-21,-23",0,0,0,0,4,4,99999,99999,99999,99999,99999,99999,0.000000,0.000000,0.000000,0.000000,0.000000,0.000000,0.000000,0.000000,0.000000,0.000000,0.000000,0.000000,0.000000,0.000000,0,0,0,0
"-21,-22",0,0,0,0,4,4,99999,99999,99999,99999,99999,99999,0.000000,0.000000,0.000000,0.000000,0.000000,0.000000,0.000000,0.000000,0.000000,0.000000,0.000000,0.000000,0.000000,0.000000,0,0,0,0
"-21,-21",0,0,0,0,4,4,99999,99999,99999,99999,99999,99999,0.000000,0.000000,0.000000,0.000000,0.000000,0.000000,0.000000,0.000000,0.000000,0.000000,0.000000,0.000000,0.000000,0.000000,0,0,0,0
"-21,-20",0,0,0,0,4,4,99999,99999,99999,99999,99999,99999,0.000000,0.000000,0.000000,0.000000,0.000000,0.000000,0.000000,0.000000,0.000000,0.000000,0.000000,0.000000,0.000000,0.000000,0,0,0,0
"-21,-19",0,0,0,0,4,4,99999,99999,99999,99999,99999,99999,0.000000,0.000000,0.000000,0.000000,0.000000,0.000000,0.000000,0.000000,0.000000,0.000000,0.000000,0.000000,0.000000,0.000000,0,0,0,0
"-21,-18",0,0,0,0,4,4,99999,99999,99999,99999,99999,99999,0.000000,0.000000,0.000000,0.000000,0.000000,0.000000,0.000000,0.000000,0.000000,0.000000,0.000000,0.000000,0.000000,0.000000,0,0,0,0
"-21,-17",0,0,0,0,4,4,99999,99999,99999,99999,99999,99999,0.000000,0.000000,0.000000,0.000000,0.000000,0.000000,0.000000,0.000000,0.000000,0.000000,0.000000,0.000000,0.000000,0.000000,0,0,0,0
"-21,-16",0,0,0,0,4,4,99999,99999,99999,99999,99999,99999,0.000000,0.000000,0.000000,0.000000,0.000000,0.000000,0.000000,0.000000,0.000000,0.000000,0.000000,0.000000,0.000000,0.000000,0,0,0,0
"-21,-15",0,0,0,0,4,4,99999,99999,99999,99999,99999,99999,0.000000,0.000000,0.000000,0.000000,0.000000,0.000000,0.000000,0.000000,0.000000,0.000000,0.000000,0.000000,0.000000,0.000000,0,0,0,0
"-21,-14",0,0,0,0,4,4,99999,99999,99999,99999,99999,99999,0.000000,0.000000,0.000000,0.000000,0.000000,0.000000,0.000000,0.000000,0.000000,0.000000,0.000000,0.000000,0.000000,0.000000,0,0,0,0
"-21,-13",0,0,0,0,5,4,99999,99999,99999,99999,99999,99999,0.000000,0.000000,0.000000,0.000000,0.000000,0.000000,0.000000,0.000000,0.000000,0.000000,0.000000,0.000000,0.000000,0.000000,0,0,0,0
"-21,-12",0,0,0,0,5,4,99999,99999,99999,99999,99999,99999,0.000000,0.000000,0.000000,0.000000,0.000000,0.000000,0.000000,0.000000,0.000000,0.000000,0.000000,0.000000,0.000000,0.000000,0,0,0,0
"-21,-11",0,0,0,0,5,4,99999,99999,99999,99999,99999,99999,0.000000,0.000000,0.000000,0.000000,0.000000,0.000000,0.000000,0.000000,0.000000,0.000000,0.000000,0.000000,0.000000,0.000000,0,0,0,0
"-21,-10",0,0,0,0,4,4,99999,99999,99999,99999,99999,99999,0.000000,0.000000,0.000000,0.000000,0.000000,0.000000,0.000000,0.000000,0.000000,0.000000,0.000000,0.000000,0.000000,0.000000,0,0,0,0
"-21,-9",0,0,0,0,5,4,99999,99999,99999,99999,99999,99999,0.000000,0.000000,0.000000,0.000000,0.000000,0.000000,0.000000,0.000000,0.000000,0.000000,0.000000,0.000000,0.000000,0.000000,0,0,0,0
"-21,-8",0,0,0,0,5,4,99999,99999,99999,99999,99999,99999,0.000000,0.000000,0.000000,0.000000,0.000000,0.000000,0.000000,0.000000,0.000000,0.000000,0.000000,0.000000,0.000000,0.000000,0,0,0,0
"-21,-7",0,0,0,0,5,4,99999,99999,99999,99999,99999,99999,0.000000,0.000000,0.000000,0.000000,0.000000,0.000000,0.000000,0.000000,0.000000,0.000000,0.000000,0.000000,0.000000,0.000000,0,0,0,0
"-21,-6",0,0,0,0,5,4,99999,99999,99999,99999,99999,99999,0.000000,0.000000,0.000000,0.000000,0.000000,0.000000,0.000000,0.000000,0.000000,0.000000,0.000000,0.000000,0.000000,0.000000,0,0,0,0
"-21,-5",0,0,0,0,5,4,99999,99999,99999,99999,99999,99999,0.000000,0.000000,0.000000,0.000000,0.000000,0.000000,0.000000,0.000000,0.000000,0.000000,0.000000,0.000000,0.000000,0.000000,0,0,0,0
"-21,-4",0,0,0,0,6,4,99999,99999,99999,99999,99999,99999,0.000000,0.000000,0.000000,0.000000,0.000000,0.000000,0.000000,0.000000,0.000000,0.000000,0.000000,0.000000,0.000000,0.000000,0,0,0,0
"-21,-3",0,0,0,0,5,4,99999,99999,99999,99999,99999,99999,0.000000,0.000000,0.000000,0.000000,0.000000,0.000000,0.000000,0.000000,0.000000,0.000000,0.000000,0.000000,0.000000,0.000000,0,0,0,0
"-21,-2",0,0,0,0,5,4,99999,99999,99999,99999,99999,99999,0.000000,0.000000,0.000000,0.000000,0.000000,0.000000,0.000000,0.000000,0.000000,0.000000,0.000000,0.000000,0.000000,0.000000,0,0,0,0
"-21,-1",0,0,0,0,5,4,99999,99999,99999,99999,99999,99999,0.000000,0.000000,0.000000,0.000000,0.000000,0.000000,0.000000,0.000000,0.000000,0.000000,0.000000,0.000000,0.000000,0.000000,0,0,0,0
"-21,0",0,0,0,0,5,4,99999,99999,99999,99999,99999,99999,0.000000,0.000000,0.000000,0.000000,0.000000,0.000000,0.000000,0.000000,0.000000,0.000000,0.000000,0.000000,0.000000,0.000000,0,0,0,0
"-21,1",0,0,0,0,4,4,99999,99999,99999,99999,99999,99999,0.000000,0.000000,0.000000,0.000000,0.000000,0.000000,0.000000,0.000000,0.000000,0.000000,0.000000,0.000000,0.000000,0.000000,0,0,0,0
"-21,2",0,0,0,0,5,4,99999,99999,99999,99999,99999,99999,0.000000,0.000000,0.000000,0.000000,0.000000,0.000000,0.000000,0.000000,0.000000,0.000000,0.000000,0.000000,0.000000,0.000000,0,0,0,0
"-21,3",0,0,0,0,5,4,99999,99999,99999,99999,99999,99999,0.000000,0.000000,0.000000,0.000000,0.000000,0.000000,0.000000,0.000000,0.000000,0.000000,0.000000,0.000000,0.000000,0.000000,0,0,0,0
"-21,4",0,0,0,0,4,4,99999,99999,99999,99999,99999,99999,0.000000,0.000000,0.000000,0.000000,0.000000,0.000000,0.000000,0.000000,0.000000,0.000000,0.000000,0.000000,0.000000,0.000000,0,0,0,0
"-21,5",0,0,0,0,5,4,99999,99999,99999,99999,99999,99999,0.000000,0.000000,0.000000,0.000000,0.000000,0.000000,0.000000,0.000000,0.000000,0.000000,0.000000,0.000000,0.000000,0.000000,0,0,0,0
"-21,6",0,0,0,0,5,4,99999,99999,99999,99999,99999,99999,0.000000,0.000000,0.000000,0.000000,0.000000,0.000000,0.000000,0.000000,0.000000,0.000000,0.000000,0.000000,0.000000,0.000000,0,0,0,0
"-21,7",0,0,0,0,5,4,99999,99999,99999,99999,99999,99999,0.000000,0.000000,0.000000,0.000000,0.000000,0.000000,0.000000,0.000000,0.000000,0.000000,0.000000,0.000000,0.000000,0.000000,0,0,0,0
"-21,8",0,0,0,0,4,4,99999,99999,99999,99999,99999,99999,0.000000,0.000000,0.000000,0.000000,0.000000,0.000000,0.000000,0.000000,0.000000,0.000000,0.000000,0.000000,0.000000,0.000000,0,0,0,0
"-21,9",0,0,0,0,5,4,99999,99999,99999,99999,99999,99999,0.000000,0.000000,0.000000,0.000000,0.000000,0.000000,0.000000,0.000000,0.000000,0.000000,0.000000,0.000000,0.000000,0.000000,0,0,0,0
"-21,10",0,0,0,0,5,4,99999,99999,99999,99999,99999,99999,0.000000,0.000000,0.000000,0.000000,0.000000,0.000000,0.000000,0.000000,0.000000,0.000000,0.000000,0.000000,0.000000,0.000000,0,0,0,0
"-21,11",0,0,0,0,5,4,99999,99999,99999,99999,99999,99999,0.000000,0.000000,0.000000,0.000000,0.000000,0.000000,0.000000,0.000000,0.000000,0.000000,0.000000,0.000000,0.000000,0.000000,0,0,0,0
"-21,12",0,0,0,0,5,4,99999,99999,99999,99999,99999,99999,0.000000,0.000000,0.000000,0.000000,0.000000,0.000000,0.000000,0.000000,0.000000,0.000000,0.000000,0.000000,0.000000,0.000000,0,0,0,0
"-21,13",0,0,0,0,5,4,99999,99999,99999,99999,99999,99999,0.000000,0.000000,0.000000,0.000000,0.000000,0.000000,0.000000,0.000000,0.000000,0.000000,0.000000,0.000000,0.000000,0.000000,0,0,0,0
"-21,14",0,0,0,0,4,4,99999,99999,99999,99999,99999,99999,0.000000,0.000000,0.000000,0.000000,0.000000,0.000000,0.000000,0.000000,0.000000,0.000000,0.000000,0.000000,0.000000,0.000000,0,0,0,0
"-21,15",0,0,0,0,4,4,99999,99999,99999,99999,99999,99999,0.000000,0.000000,0.000000,0.000000,0.000000,0.000000,0.000000,0.000000,0.000000,0.000000,0.000000,0.000000,0.000000,0.000000,0,0,0,0
"-21,16",0,0,0,0,4,4,99999,99999,99999,99999,99999,99999,0.000000,0.000000,0.000000,0.000000,0.000000,0.000000,0.000000,0.000000,0.000000,0.000000,0.000000,0.000000,0.000000,0.000000,0,0,0,0
"-21,17",0,0,0,0,4,4,99999,99999,99999,99999,99999,99999,0.000000,0.000000,0.000000,0.000000,0.000000,0.000000,0.000000,0.000000,0.000000,0.000000,0.000000,0.000000,0.000000,0.000000,0,0,0,0
"-21,18",0,0,0,0,4,4,99999,99999,99999,99999,99999,99999,0.000000,0.000000,0.000000,0.000000,0.000000,0.000000,0.000000,0.000000,0.000000,0.000000,0.000000,0.000000,0.000000,0.000000,0,0,0,0
"-21,19",0,0,0,0,4,4,99999,99999,99999,99999,99999,99999,0.000000,0.000000,0.000000,0.000000,0.000000,0.000000,0.000000,0.000000,0.000000,0.000000,0.000000,0.000000,0.000000,0.000000,0,0,0,0
"-21,20",0,0,0,0,4,4,99999,99999,99999,99999,99999,99999,0.000000,0.000000,0.000000,0.000000,0.000000,0.000000,0.000000,0.000000,0.000000,0.000000,0.000000,0.000000,0.000000,0.000000,0,0,0,0
"-21,21",0,0,0,0,4,4,99999,99999,99999,99999,99999,99999,0.000000,0.000000,0.000000,0.000000,0.000000,0.000000,0.000000,0.000000,0.000000,0.000000,0.000000,0.000000,0.000000,0.000000,0,0,0,0
"-21,22",0,0,0,0,4,4,99999,99999,99999,99999,99999,99999,0.000000,0.000000,0.000000,0.000000,0.000000,0.000000,0.000000,0.000000,0.000000,0.000000,0.000000,0.000000,0.000000,0.000000,0,0,0,0
"-21,23",0,0,0,0,4,4,99999,99999,99999,99999,99999,99999,0.000000,0.000000,0.000000,0.000000,0.000000,0.000000,0.000000,0.000000,0.000000,0.000000,0.000000,0.000000,0.000000,0.000000,0,0,0,0
"-21,24",0,0,0,0,4,4,99999,99999,99999,99999,99999,99999,0.000000,0.000000,0.000000,0.000000,0.000000,0.000000,0.000000,0.000000,0.000000,0.000000,0.000000,0.000000,0.000000,0.000000,0,0,0,0
"-21,25",0,0,0,0,4,4,99999,99999,99999,99999,99999,99999,0.000000,0.000000,0.000000,0.000000,0.000000,0.000000,0.000000,0.000000,0.000000,0.000000,0.000000,0.000000,0.000000,0.000000,0,0,0,0
"-21,26",0,0,0,0,4,4,99999,99999,99999,99999,99999,99999,0.000000,0.000000,0.000000,0.000000,0.000000,0.000000,0.000000,0.000000,0.000000,0.000000,0.000000,0.000000,0.000000,0.000000,0,0,0,0
"-20,-26",0,0,0,0,4,4,99999,99999,99999,99999,99999,99999,0.000000,0.000000,0.000000,0.000000,0.000000,0.000000,0.000000,0.000000,0.000000,0.000000,0.000000,0.000000,0.000000,0.000000,0,0,0,0
"-20,-25",0,0,0,0,4,4,99999,99999,99999,99999,99999,99999,0.000000,0.000000,0.000000,0.000000,0.000000,0.000000,0.000000,0.000000,0.000000,0.000000,0.000000,0.000000,0.000000,0.000000,0,0,0,0
"-20,-24",0,0,0,0,4,4,99999,99999,99999,99999,99999,99999,0.000000,0.000000,0.000000,0.000000,0.000000,0.000000,0.000000,0.000000,0.000000,0.000000,0.000000,0.000000,0.000000,0.000000,0,0,0,0
"-20,-23",0,0,0,0,4,4,99999,99999,99999,99999,99999,99999,0.000000,0.000000,0.000000,0.000000,0.000000,0.000000,0.000000,0.000000,0.000000,0.000000,0.000000,0.000000,0.000000,0.000000,0,0,0,0
"-20,-22",0,0,0,0,4,4,99999,99999,99999,99999,99999,99999,0.000000,0.000000,0.000000,0.000000,0.000000,0.000000,0.000000,0.000000,0.000000,0.000000,0.000000,0.000000,0.000000,0.000000,0,0,0,0
"-20,-21",0,0,0,0,4,4,99999,99999,99999,99999,99999,99999,0.000000,0.000000,0.000000,0.000000,0.000000,0.000000,0.000000,0.000000,0.000000,0.000000,0.000000,0.000000,0.000000,0.000000,0,0,0,0
"-20,-20",0,0,0,0,4,4,99999,99999,99999,99999,99999,99999,0.000000,0.000000,0.000000,0.000000,0.000000,0.000000,0.000000,0.000000,0.000000,0.000000,0.000000,0.000000,0.000000,0.000000,0,0,0,0
"-20,-19",0,0,0,0,4,4,99999,99999,99999,99999,99999,99999,0.000000,0.000000,0.000000,0.000000,0.000000,0.000000,0.000000,0.000000,0.000000,0.000000,0.000000,0.000000,0.000000,0.000000,0,0,0,0
"-20,-18",0,0,0,0,4,4,99999,99999,99999,99999,99999,99999,0.000000,0.000000,0.000000,0.000000,0.000000,0.000000,0.000000,0.000000,0.000000,0.000000,0.000000,0.000000,0.000000,0.000000,0,0,0,0
"-20,-17",0,0,0,0,4,4,99999,99999,99999,99999,99999,99999,0.000000,0.000000,0.000000,0.000000,0.000000,0.000000,0.000000,0.000000,0.000000,0.000000,0.000000,0.000000,0.000000,0.000000,0,0,0,0
"-20,-16",0,0,0,0,6,4,99999,99999,99999,99999,99999,99999,0.000000,0.000000,0.000000,0.000000,0.000000,0.000000,0.000000,0.000000,0.000000,0.000000,0.000000,0.000000,0.000000,0.000000,0,0,0,0
"-20,-15",0,0,0,0,4,4,99999,99999,99999,99999,99999,99999,0.000000,0.000000,0.000000,0.000000,0.000000,0.000000,0.000000,0.000000,0.000000,0.000000,0.000000,0.000000,0.000000,0.000000,0,0,0,0
"-20,-14",0,0,0,0,4,4,99999,99999,99999,99999,99999,99999,0.000000,0.000000,0.000000,0.000000,0.000000,0.000000,0.000000,0.000000,0.000000,0.000000,0.000000,0.000000,0.000000,0.000000,0,0,0,0
"-20,-13",0,0,0,0,5,4,99999,99999,99999,99999,99999,99999,0.000000,0.000000,0.000000,0.000000,0.000000,0.000000,0.000000,0.000000,0.000000,0.000000,0.000000,0.000000,0.000000,0.000000,0,0,0,0
"-20,-12",0,0,0,0,5,4,99999,99999,99999,99999,99999,99999,0.000000,0.000000,0.000000,0.000000,0.000000,0.000000,0.000000,0.000000,0.000000,0.000000,0.000000,0.000000,0.000000,0.000000,0,0,0,0
"-20,-11",0,0,0,0,6,4,99999,99999,99999,99999,99999,99999,0.000000,0.000000,0.000000,0.000000,0.000000,0.000000,0.000000,0.000000,0.000000,0.000000,0.000000,0.000000,0.000000,0.000000,0,0,0,0
"-20,-10",0,0,0,0,5,4,99999,99999,99999,99999,99999,99999,0.000000,0.000000,0.000000,0.000000,0.000000,0.000000,0.000000,0.000000,0.000000,0.000000,0.000000,0.000000,0.000000,0.000000,0,0,0,0
"-20,-9",0,0,0,0,4,4,99999,99999,99999,99999,99999,99999,0.000000,0.000000,0.000000,0.000000,0.000000,0.000000,0.000000,0.000000,0.000000,0.000000,0.000000,0.000000,0.000000,0.000000,0,0,0,0
"-20,-8",0,0,0,0,6,4,99999,99999,99999,99999,99999,99999,0.000000,0.000000,0.000000,0.000000,0.000000,0.000000,0.000000,0.000000,0.000000,0.000000,0.000000,0.000000,0.000000,0.000000,0,0,0,0
"-20,-7",0,0,0,0,5,4,99999,99999,99999,99999,99999,99999,0.000000,0.000000,0.000000,0.000000,0.000000,0.000000,0.000000,0.000000,0.000000,0.000000,0.000000,0.000000,0.000000,0.000000,0,0,0,0
"-20,-6",0,0,0,0,5,4,99999,99999,99999,99999,99999,99999,0.000000,0.000000,0.000000,0.000000,0.000000,0.000000,0.000000,0.000000,0.000000,0.000000,0.000000,0.000000,0.000000,0.000000,0,0,0,0
"-20,-5",0,0,0,0,5,4,99999,99999,99999,99999,99999,99999,0.000000,0.000000,0.000000,0.000000,0.000000,0.000000,0.000000,0.000000,0.000000,0.000000,0.000000,0.000000,0.000000,0.000000,0,0,0,0
"-20,-4",0,0,0,0,7,4,99999,99999,99999,99999,99999,99999,0.000000,0.000000,0.000000,0.000000,0.000000,0.000000,0.000000,0.000000,0.000000,0.000000,0.000000,0.000000,0.000000,0.000000,0,0,0,0
"-20,-3",0,0,0,0,6,4,99999,99999,99999,99999,99999,99999,0.000000,0.000000,0.000000,0.000000,0.000000,0.000000,0.000000,0.000000,0.000000,0.000000,0.000000,0.000000,0.000000,0.000000,0,0,0,0
"-20,-2",0,0,0,0,5,4,99999,99999,99999,99999,99999,99999,0.000000,0.000000,0.000000,0.000000,0.000000,0.000000,0.000000,0.000000,0.000000,0.000000,0.000000,0.000000,0.000000,0.000000,0,0,0,0
"-20,-1",0,0,0,0,4,4,99999,99999,99999,99999,99999,99999,0.000000,0.000000,0.000000,0.000000,0.000000,0.000000,0.000000,0.000000,0.000000,0.000000,0.000000,0.000000,0.000000,0.000000,0,0,0,0
"-20,0",0,0,0,0,4,4,99999,99999,99999,99999,99999,99999,0.000000,0.000000,0.000000,0.000000,0.000000,0.000000,0.000000,0.000000,0.000000,0.000000,0.000000,0.000000,0.000000,0.000000,0,0,0,0
"-20,1",0,0,0,0,4,4,99999,99999,99999,99999,99999,99999,0.000000,0.000000,0.000000,0.000000,0.000000,0.000000,0.000000,0.000000,0.000000,0.000000,0.000000,0.000000,0.000000,0.000000,0,0,0,0
"-20,2",0,0,0,0,4,4,99999,99999,99999,99999,99999,99999,0.000000,0.000000,0.000000,0.000000,0.000000,0.000000,0.000000,0.000000,0.000000,0.000000,0.000000,0.000000,0.000000,0.000000,0,0,0,0
"-20,3",0,0,0,0,6,4,99999,99999,99999,99999,99999,99999,0.000000,0.000000,0.000000,0.000000,0.000000,0.000000,0.000000,0.000000,0.000000,0.000000,0.000000,0.000000,0.000000,0.000000,0,0,0,0
"-20,4",0,0,0,0,5,4,99999,99999,99999,99999,99999,99999,0.000000,0.000000,0.000000,0.000000,0.000000,0.000000,0.000000,0.000000,0.000000,0.000000,0.000000,0.000000,0.000000,0.000000,0,0,0,0
"-20,5",0,0,0,0,5,4,99999,99999,99999,99999,99999,99999,0.000000,0.000000,0.000000,0.000000,0.000000,0.000000,0.000000,0.000000,0.000000,0.000000,0.000000,0.000000,0.000000,0.000000,0,0,0,0
"-20,6",0,0,0,0,5,4,99999,99999,99999,99999,99999,99999,0.000000,0.000000,0.000000,0.000000,0.000000,0.000000,0.000000,0.000000,0.000000,0.000000,0.000000,0.000000,0.000000,0.000000,0,0,0,0
"-20,7",0,0,0,0,5,4,99999,99999,99999,99999,99999,99999,0.000000,0.000000,0.000000,0.000000,0.000000,0.000000,0.000000,0.000000,0.000000,0.000000,0.000000,0.000000,0.000000,0.000000,0,0,0,0
"-20,8",0,0,0,0,4,4,99999,99999,99999,99999,99999,99999,0.000000,0.000000,0.000000,0.000000,0.000000,0.000000,0.000000,0.000000,0.000000,0.000000,0.000000,0.000000,0.000000,0.000000,0,0,0,0
"-20,9",0,0,0,0,4,4,99999,99999,99999,99999,99999,99999,0.000000,0.000000,0.000000,0.000000,0.000000,0.000000,0.000000,0.000000,0.000000,0.000000,0.000000,0.000000,0.000000,0.000000,0,0,0,0
"-20,10",0,0,0,0,5,4,99999,99999,99999,99999,99999,99999,0.000000,0.000000,0.000000,0.000000,0.000000,0.000000,0.000000,0.000000,0.000000,0.000000,0.000000,0.000000,0.000000,0.000000,0,0,0,0
"-20,11",0,0,0,0,5,4,99999,99999,99999,99999,99999,99999,0.000000,0.000000,0.000000,0.000000,0.000000,0.000000,0.000000,0.000000,0.000000,0.000000,0.000000,0.000000,0.000000,0.000000,0,0,0,0
"-20,12",0,0,0,0,6,4,99999,99999,99999,99999,99999,99999,0.000000,0.000000,0.000000,0.000000,0.000000,0.000000,0.000000,0.000000,0.000000,0.000000,0.000000,0.000000,0.000000,0.000000,0,0,0,0
"-20,13",0,0,0,0,5,4,99999,99999,99999,99999,99999,99999,0.000000,0.000000,0.000000,0.000000,0.000000,0.000000,0.000000,0.000000,0.000000,0.000000,0.000000,0.000000,0.000000,0.000000,0,0,0,0
"-20,14",0,0,0,0,5,4,99999,99999,99999,99999,99999,99999,0.000000,0.000000,0.000000,0.000000,0.000000,0.000000,0.000000,0.000000,0.000000,0.000000,0.000000,0.000000,0.000000,0.000000,0,0,0,0
"-20,15",0,0,0,0,5,4,99999,99999,99999,99999,99999,99999,0.000000,0.000000,0.000000,0.000000,0.000000,0.000000,0.000000,0.000000,0.000000,0.000000,0.000000,0.000000,0.000000,0.000000,0,0,0,0
"-20,16",0,0,0,0,4,4,99999,99999,99999,99999,99999,99999,0.000000,0.000000,0.000000,0.000000,0.000000,0.000000,0.000000,0.000000,0.000000,0.000000,0.000000,0.000000,0.000000,0.000000,0,0,0,0
"-20,17",0,0,0,0,4,4,99999,99999,99999,99999,99999,99999,0.000000,0.000000,0.000000,0.000000,0.000000,0.000000,0.000000,0.000000,0.000000,0.000000,0.000000,0.000000,0.000000,0.000000,0,0,0,0
"-20,18",0,0,0,0,4,4,99999,99999,99999,99999,99999,99999,0.000000,0.000000,0.000000,0.000000,0.000000,0.000000,0.000000,0.000000,0.000000,0.000000,0.000000,0.000000,0.000000,0.000000,0,0,0,0
"-20,19",0,0,0,0,4,4,99999,99999,99999,99999,99999,99999,0.000000,0.000000,0.000000,0.000000,0.000000,0.000000,0.000000,0.000000,0.000000,0.000000,0.000000,0.000000,0.000000,0.000000,0,0,0,0
"-20,20",0,0,0,0,4,4,99999,99999,99999,99999,99999,99999,0.000000,0.000000,0.000000,0.000000,0.000000,0.000000,0.000000,0.000000,0.000000,0.000000,0.000000,0.000000,0.000000,0.000000,0,0,0,0
"-20,21",0,0,0,0,4,4,99999,99999,99999,99999,99999,99999,0.000000,0.000000,0.000000,0.000000,0.000000,0.000000,0.000000,0.000000,0.000000,0.000000,0.000000,0.000000,0.000000,0.000000,0,0,0,0
"-20,22",0,0,0,0,4,4,99999,99999,99999,99999,99999,99999,0.000000,0.000000,0.000000,0.000000,0.000000,0.000000,0.000000,0.000000,0.000000,0.000000,0.000000,0.000000,0.000000,0.000000,0,0,0,0
"-20,23",0,0,0,0,4,4,99999,99999,99999,99999,99999,99999,0.000000,0.000000,0.000000,0.000000,0.000000,0.000000,0.000000,0.000000,0.000000,0.000000,0.000000,0.000000,0.000000,0.000000,0,0,0,0
"-20,24",0,0,0,0,4,4,99999,99999,99999,99999,99999,99999,0.000000,0.000000,0.000000,0.000000,0.000000,0.000000,0.000000,0.000000,0.000000,0.000000,0.000000,0.000000,0.000000,0.000000,0,0,0,0
"-20,25",0,0,0,0,4,4,99999,99999,99999,99999,99999,99999,0.000000,0.000000,0.000000,0.000000,0.000000,0.000000,0.000000,0.000000,0.000000,0.000000,0.000000,0.000000,0.000000,0.000000,0,0,0,0
"-20,26",0,0,0,0,4,4,99999,99999,99999,99999,99999,99999,0.000000,0.000000,0.000000,0.000000,0.000000,0.000000,0.000000,0.000000,0.000000,0.000000,0.000000,0.000000,0.000000,0.000000,0,0,0,0
"-19,-26",0,0,0,0,4,4,99999,99999,99999,99999,99999,99999,0.000000,0.000000,0.000000,0.000000,0.000000,0.000000,0.000000,0.000000,0.000000,0.000000,0.000000,0.000000,0.000000,0.000000,0,0,0,0
"-19,-25",0,0,0,0,4,4,99999,99999,99999,99999,99999,99999,0.000000,0.000000,0.000000,0.000000,0.000000,0.000000,0.000000,0.000000,0.000000,0.000000,0.000000,0.000000,0.000000,0.000000,0,0,0,0
"-19,-24",0,0,0,0,4,4,99999,99999,99999,99999,99999,99999,0.000000,0.000000,0.000000,0.000000,0.000000,0.000000,0.000000,0.000000,0.000000,0.000000,0.000000,0.000000,0.000000,0.000000,0,0,0,0
"-19,-23",0,0,0,0,4,4,99999,99999,99999,99999,99999,99999,0.000000,0.000000,0.000000,0.000000,0.000000,0.000000,0.000000,0.000000,0.000000,0.000000,0.000000,0.000000,0.000000,0.000000,0,0,0,0
"-19,-22",0,0,0,0,4,4,99999,99999,99999,99999,99999,99999,0.000000,0.000000,0.000000,0.000000,0.000000,0.000000,0.000000,0.000000,0.000000,0.000000,0.000000,0.000000,0.000000,0.000000,0,0,0,0
"-19,-21",0,0,0,0,5,4,99999,99999,99999,99999,99999,99999,0.000000,0.000000,0.000000,0.000000,0.000000,0.000000,0.000000,0.000000,0.000000,0.000000,0.000000,0.000000,0.000000,0.000000,0,0,0,0
"-19,-20",0,0,0,0,4,4,99999,99999,99999,99999,99999,99999,0.000000,0.000000,0.000000,0.000000,0.000000,0.000000,0.000000,0.000000,0.000000,0.000000,0.000000,0.000000,0.000000,0.000000,0,0,0,0
"-19,-19",0,0,0,0,5,4,99999,99999,99999,99999,99999,99999,0.000000,0.000000,0.000000,0.000000,0.000000,0.000000,0.000000,0.000000,0.000000,0.000000,0.000000,0.000000,0.000000,0.000000,0,0,0,0
"-19,-18",0,0,0,0,6,4,99999,99999,99999,99999,99999,99999,0.000000,0.000000,0.000000,0.000000,0.000000,0.000000,0.000000,0.000000,0.000000,0.000000,0.000000,0.000000,0.000000,0.000000,0,0,0,0
"-19,-17",0,0,0,0,4,4,99999,99999,99999,99999,99999,99999,0.000000,0.000000,0.000000,0.000000,0.000000,0.000000,0.000000,0.000000,0.000000,0.000000,0.000000,0.000000,0.000000,0.000000,0,0,0,0
"-19,-16",0,0,0,0,5,4,99999,99999,99999,99999,99999,99999,0.000000,0.000000,0.000000,0.000000,0.000000,0.000000,0.000000,0.000000,0.000000,0.000000,0.000000,0.000000,0.000000,0.000000,0,0,0,0
"-19,-15",0,0,0,0,4,4,99999,99999,99999,99999,99999,99999,0.000000,0.000000,0.000000,0.000000,0.000000,0.000000,0.000000,0.000000,0.000000,0.000000,0.000000,0.000000,0.000000,0.000000,0,0,0,0
"-19,-14",0,0,0,0,5,4,99999,99999,99999,99999,99999,99999,0.000000,0.000000,0.000000,0.000000,0.000000,0.000000,0.000000,0.000000,0.000000,0.000000,0.000000,0.000000,0.000000,0.000000,0,0,0,0
"-19,-13",0,0,0,0,5,4,99999,99999,99999,99999,99999,99999,0.000000,0.000000,0.000000,0.000000,0.000000,0.000000,0.000000,0.000000,0.000000,0.000000,0.000000,0.000000,0.000000,0.000000,0,0,0,0
"-19,-12",0,0,0,0,5,4,99999,99999,99999,99999,99999,99999,0.000000,0.000000,0.000000,0.000000,0.000000,0.000000,0.000000,0.000000,0.000000,0.000000,0.000000,0.000000,0.000000,0.000000,0,0,0,0
"-19,-11",0,0,0,0,5,4,99999,99999,99999,99999,99999,99999,0.000000,0.000000,0.000000,0.000000,0.000000,0.000000,0.000000,0.000000,0.000000,0.000000,0.000000,0.000000,0.000000,0.000000,0,0,0,0
"-19,-10",0,0,0,0,5,4,99999,99999,99999,99999,99999,99999,0.000000,0.000000,0.000000,0.000000,0.000000,0.000000,0.000000,0.000000,0.000000,0.000000,0.000000,0.000000,0.000000,0.000000,0,0,0,0
"-19,-9",0,0,0,0,6,4,99999,99999,99999,99999,99999,99999,0.000000,0.000000,0.000000,0.000000,0.000000,0.000000,0.000000,0.000000,0.000000,0.000000,0.000000,0.000000,0.000000,0.000000,0,0,0,0
"-19,-8",0,0,0,0,13,4,99999,99999,99999,99999,99999,99999,0.000000,0.000000,0.000000,0.000000,0.000000,0.000000,0.000000,0.000000,0.000000,0.000000,0.000000,0.000000,0.000000,0.000000,0,0,0,0
"-19,-7",0,0,0,0,14,4,99999,99999,99999,99999,99999,99999,0.000000,0.000000,0.000000,0.000000,0.000000,0.000000,0.000000,0.000000,0.000000,0.000000,0.000000,0.000000,0.000000,0.000000,0,0,0,0
"-19,-6",0,0,0,0,13,4,99999,99999,99999,99999,99999,99999,0.000000,0.000000,0.000000,0.000000,0.000000,0.000000,0.000000,0.000000,0.000000,0.000000,0.000000,0.000000,0.000000,0.000000,0,0,0,0
"-19,-5",0,0,0,0,17,4,99999,99999,99999,99999,99999,99999,0.000000,0.000000,0.000000,0.000000,0.000000,0.000000,0.000000,0.000000,0.000000,0.000000,0.000000,0.000000,0.000000,0.000000,0,0,0,0
"-19,-4",0,0,0,0,20,4,99999,99999,99999,99999,99999,99999,0.000000,0.000000,0.000000,0.000000,0.000000,0.000000,0.000000,0.000000,0.000000,0.000000,0.000000,0.000000,0.000000,0.000000,0,0,0,0
"-19,-3",0,0,0,0,18,4,99999,99999,99999,99999,99999,99999,0.000000,0.000000,0.000000,0.000000,0.000000,0.000000,0.000000,0.000000,0.000000,0.000000,0.000000,0.000000,0.000000,0.000000,0,0,0,0
"-19,-2",0,0,0,0,12,4,99999,99999,99999,99999,99999,99999,0.000000,0.000000,0.000000,0.000000,0.000000,0.000000,0.000000,0.000000,0.000000,0.000000,0.000000,0.000000,0.000000,0.000000,0,0,0,0
"-19,-1",0,0,0,0,15,4,99999,99999,99999,99999,99999,99999,0.000000,0.000000,0.000000,0.000000,0.000000,0.000000,0.000000,0.000000,0.000000,0.000000,0.000000,0.000000,0.000000,0.000000,0,0,0,0
"-19,0",0,0,0,0,18,4,99999,99999,99999,99999,99999,99999,0.000000,0.000000,0.000000,0.000000,0.000000,0.000000,0.000000,0.000000,0.000000,0.000000,0.000000,0.000000,0.000000,0.000000,0,0,0,0
"-19,1",0,0,0,0,25,4,99999,99999,99999,99999,99999,99999,0.000000,0.000000,0.000000,0.000000,0.000000,0.000000,0.000000,0.000000,0.000000,0.000000,0.000000,0.000000,0.000000,0.000000,0,0,0,0
"-19,2",0,0,0,0,16,4,99999,99999,99999,99999,99999,99999,0.000000,0.000000,0.000000,0.000000,0.000000,0.000000,0.000000,0.000000,0.000000,0.000000,0.000000,0.000000,0.000000,0.000000,0,0,0,0
"-19,3",0,0,0,0,14,4,99999,99999,99999,99999,99999,99999,0.000000,0.000000,0.000000,0.000000,0.000000,0.000000,0.000000,0.000000,0.000000,0.000000,0.000000,0.000000,0.000000,0.000000,0,0,0,0
"-19,4",0,0,0,0,14,4,99999,99999,99999,99999,99999,99999,0.000000,0.000000,0.000000,0.000000,0.000000,0.000000,0.000000,0.000000,0.000000,0.000000,0.000000,0.000000,0.000000,0.000000,0,0,0,0
"-19,5",0,0,0,0,14,4,99999,99999,99999,99999,99999,99999,0.000000,0.000000,0.000000,0.000000,0.000000,0.000000,0.000000,0.000000,0.000000,0.000000,0.000000,0.000000,0.000000,0.000000,0,0,0,0
"-19,6",0,0,0,0,15,4,99999,99999,99999,99999,99999,99999,0.000000,0.000000,0.000000,0.000000,0.000000,0.000000,0.000000,0.000000,0.000000,0.000000,0.000000,0.000000,0.000000,0.000000,0,0,0,0
"-19,7",0,0,0,0,13,4,99999,99999,99999,99999,99999,99999,0.000000,0.000000,0.000000,0.000000,0.000000,0.000000,0.000000,0.000000,0.000000,0.000000,0.000000,0.000000,0.000000,0.000000,0,0,0,0
"-19,8",0,0,0,0,16,4,99999,99999,99999,99999,99999,99999,0.000000,0.000000,0.000000,0.000000,0.000000,0.000000,0.000000,0.000000,0.000000,0.000000,0.000000,0.000000,0.000000,0.000000,0,0,0,0
"-19,9",0,0,0,0,6,4,99999,99999,99999,99999,99999,99999,0.000000,0.000000,0.000000,0.000000,0.000000,0.000000,0.000000,0.000000,0.000000,0.000000,0.000000,0.000000,0.000000,0.000000,0,0,0,0
"-19,10",0,0,0,0,5,4,99999,99999,99999,99999,99999,99999,0.000000,0.000000,0.000000,0.000000,0.000000,0.000000,0.000000,0.000000,0.000000,0.000000,0.000000,0.000000,0.000000,0.000000,0,0,0,0
"-19,11",0,0,0,0,5,4,99999,99999,99999,99999,99999,99999,0.000000,0.000000,0.000000,0.000000,0.000000,0.000000,0.000000,0.000000,0.000000,0.000000,0.000000,0.000000,0.000000,0.000000,0,0,0,0
"-19,12",0,0,0,0,4,4,99999,99999,99999,99999,99999,99999,0.000000,0.000000,0.000000,0.000000,0.000000,0.000000,0.000000,0.000000,0.000000,0.000000,0.000000,0.000000,0.000000,0.000000,0,0,0,0
"-19,13",0,0,0,0,5,4,99999,99999,99999,99999,99999,99999,0.000000,0.000000,0.000000,0.000000,0.000000,0.000000,0.000000,0.000000,0.000000,0.000000,0.000000,0.000000,0.000000,0.000000,0,0,0,0
"-19,14",0,0,0,0,5,4,99999,99999,99999,99999,99999,99999,0.000000,0.000000,0.000000,0.000000,0.000000,0.000000,0.000000,0.000000,0.000000,0.000000,0.000000,0.000000,0.000000,0.000000,0,0,0,0
"-19,15",0,0,0,0,6,4,99999,99999,99999,99999,99999,99999,0.000000,0.000000,0.000000,0.000000,0.000000,0.000000,0.000000,0.000000,0.000000,0.000000,0.000000,0.000000,0.000000,0.000000,0,0,0,0
"-19,16",0,0,0,0,6,4,99999,99999,99999,99999,99999,99999,0.000000,0.000000,0.000000,0.000000,0.000000,0.000000,0.000000,0.000000,0.000000,0.000000,0.000000,0.000000,0.000000,0.000000,0,0,0,0
"-19,17",0,0,0,0,5,4,99999,99999,99999,99999,99999,99999,0.000000,0.000000,0.000000,0.000000,0.000000,0.000000,0.000000,0.000000,0.000000,0.000000,0.000000,0.000000,0.000000,0.000000,0,0,0,0
"-19,18",0,0,0,0,4,4,99999,99999,99999,99999,99999,99999,0.000000,0.000000,0.000000,0.000000,0.000000,0.000000,0.000000,0.000000,0.000000,0.000000,0.000000,0.000000,0.000000,0.000000,0,0,0,0
"-19,19",0,0,0,0,4,4,99999,99999,99999,99999,99999,99999,0.000000,0.000000,0.000000,0.000000,0.000000,0.000000,0.000000,0.000000,0.000000,0.000000,0.000000,0.000000,0.000000,0.000000,0,0,0,0
"-19,20",0,0,0,0,4,4,99999,99999,99999,99999,99999,99999,0.000000,0.000000,0.000000,0.000000,0.000000,0.000000,0.000000,0.000000,0.000000,0.000000,0.000000,0.000000,0.000000,0.000000,0,0,0,0
"-19,21",0,0,0,0,5,4,99999,99999,99999,99999,99999,99999,0.000000,0.000000,0.000000,0.000000,0.000000,0.000000,0.000000,0.000000,0.000000,0.000000,0.000000,0.000000,0.000000,0.000000,0,0,0,0
"-19,22",0,0,0,0,4,4,99999,99999,99999,99999,99999,99999,0.000000,0.000000,0.000000,0.000000,0.000000,0.000000,0.000000,0.000000,0.000000,0.000000,0.000000,0.000000,0.000000,0.000000,0,0,0,0
"-19,23",0,0,0,0,4,4,99999,99999,99999,99999,99999,99999,0.000000,0.000000,0.000000,0.000000,0.000000,0.000000,0.000000,0.000000,0.000000,0.000000,0.000000,0.000000,0.000000,0.000000,0,0,0,0
"-19,24",0,0,0,0,4,4,99999,99999,99999,99999,99999,99999,0.000000,0.000000,0.000000,0.000000,0.000000,0.000000,0.000000,0.000000,0.000000,0.000000,0.000000,0.000000,0.000000,0.000000,0,0,0,0
"-19,25",0,0,0,0,4,4,99999,99999,99999,99999,99999,99999,0.000000,0.000000,0.000000,0.000000,0.000000,0.000000,0.000000,0.000000,0.000000,0.000000,0.000000,0.000000,0.000000,0.000000,0,0,0,0
"-19,26",0,0,0,0,4,4,99999,99999,99999,99999,99999,99999,0.000000,0.000000,0.000000,0.000000,0.000000,0.000000,0.000000,0.000000,0.000000,0.000000,0.000000,0.000000,0.000000,0.000000,0,0,0,0
"-18,-26",0,0,0,0,4,4,99999,99999,99999,99999,99999,99999,0.000000,0.000000,0.000000,0.000000,0.000000,0.000000,0.000000,0.000000,0.000000,0.000000,0.000000,0.000000,0.000000,0.000000,0,0,0,0
"-18,-25",0,0,0,0,4,4,99999,99999,99999,99999,99999,99999,0.000000,0.000000,0.000000,0.000000,0.000000,0.000000,0.000000,0.000000,0.000000,0.000000,0.000000,0.000000,0.000000,0.000000,0,0,0,0
"-18,-24",0,0,0,0,4,4,99999,99999,99999,99999,99999,99999,0.000000,0.000000,0.000000,0.000000,0.000000,0.000000,0.000000,0.000000,0.000000,0.000000,0.000000,0.000000,0.000000,0.000000,0,0,0,0
"-18,-23",0,0,0,0,4,4,99999,99999,99999,99999,99999,99999,0.000000,0.000000,0.000000,0.000000,0.000000,0.000000,0.000000,0.000000,0.000000,0.000000,0.000000,0.000000,0.000000,0.000000,0,0,0,0
"-18,-22",0,0,0,0,4,4,99999,99999,99999,99999,99999,99999,0.000000,0.000000,0.000000,0.000000,0.000000,0.000000,0.000000,0.000000,0.000000,0.000000,0.000000,0.000000,0.000000,0.000000,0,0,0,0
"-18,-21",0,0,0,0,4,4,99999,99999,99999,99999,99999,99999,0.000000,0.000000,0.000000,0.000000,0.000000,0.000000,0.000000,0.000000,0.000000,0.000000,0.000000,0.000000,0.000000,0.000000,0,0,0,0
"-18,-20",0,0,0,0,4,4,99999,99999,99999,99999,99999,99999,0.000000,0.000000,0.000000,0.000000,0.000000,0.000000,0.000000,0.000000,0.000000,0.000000,0.000000,0.000000,0.000000,0.000000,0,0,0,0
"-18,-19",0,0,0,0,4,4,99999,99999,99999,99999,99999,99999,0.000000,0.000000,0.000000,0.000000,0.000000,0.000000,0.000000,0.000000,0.000000,0.000000,0.000000,0.000000,0.000000,0.000000,0,0,0,0
"-18,-18",0,0,0,0,6,4,99999,99999,99999,99999,99999,99999,0.000000,0.000000,0.000000,0.000000,0.000000,0.000000,0.000000,0.000000,0.000000,0.000000,0.000000,0.000000,0.000000,0.000000,0,0,0,0
"-18,-17",0,0,0,0,6,4,99999,99999,99999,99999,99999,99999,0.000000,0.000000,0.000000,0.000000,0.000000,0.000000,0.000000,0.000000,0.000000,0.000000,0.000000,0.000000,0.000000,0.000000,0,0,0,0
"-18,-16",0,0,0,0,5,4,99999,99999,99999,99999,99999,99999,0.000000,0.000000,0.000000,0.000000,0.000000,0.000000,0.000000,0.000000,0.000000,0.000000,0.000000,0.000000,0.000000,0.000000,0,0,0,0
"-18,-15",0,0,0,0,6,4,99999,99999,99999,99999,99999,99999,0.000000,0.000000,0.000000,0.000000,0.000000,0.000000,0.000000,0.000000,0.000000,0.000000,0.000000,0.000000,0.000000,0.000000,0,0,0,0
"-18,-14",0,0,0,0,6,4,99999,99999,99999,99999,99999,99999,0.000000,0.000000,0.000000,0.000000,0.000000,0.000000,0.000000,0.000000,0.000000,0.000000,0.000000,0.000000,0.000000,0.000000,0,0,0,0
"-18,-13",0,0,0,0,6,4,99999,99999,99999,99999,99999,99999,0.000000,0.000000,0.000000,0.000000,0.000000,0.000000,0.000000,0.000000,0.000000,0.000000,0.000000,0.000000,0.000000,0.000000,0,0,0,0
"-18,-12",0,0,0,0,12,4,99999,99999,99999,99999,99999,99999,0.000000,0.000000,0.000000,0.000000,0.000000,0.000000,0.000000,0.000000,0.000000,0.000000,0.000000,0.000000,0.000000,0.000000,0,0,0,0
"-18,-11",0,0,0,0,15,4,99999,99999,99999,99999,99999,99999,0.000000,0.000000,0.000000,0.000000,0.000000,0.000000,0.000000,0.000000,0.000000,0.000000,0.000000,0.000000,0.000000,0.000000,0,0,0,0
"-18,-10",0,0,0,0,15,4,99999,99999,99999,99999,99999,99999,0.000000,0.000000,0.000000,0.000000,0.000000,0.000000,0.000000,0.000000,0.000000,0.000000,0.000000,0.000000,0.000000,0.000000,0,0,0,0
"-18,-9",0,0,0,0,15,4,99999,99999,99999,99999,99999,99999,0.000000,0.000000,0.000000,0.000000,0.000000,0.000000,0.000000,0.000000,0.000000,0.000000,0.000000,0.000000,0.000000,0.000000,0,0,0,0
"-18,-8",0,0,0,0,24,4,99999,99999,99999,99999,99999,99999,0.000000,0.000000,0.000000,0.000000,0.000000,0.000000,0.000000,0.000000,0.000000,0.000000,0.000000,0.000000,0.000000,0.000000,0,0,0,0
"-18,-7",0,0,0,0,16,4,99999,99999,99999,99999,99999,99999,0.000000,0.000000,0.000000,0.000000,0.000000,0.000000,0.000000,0.000000,0.000000,0.000000,0.000000,0.000000,0.000000,0.000000,0,0,0,0
"-18,-6",0,0,0,0,15,4,99999,99999,99999,99999,99999,99999,0.000000,0.000000,0.000000,0.000000,0.000000,0.000000,0.000000,0.000000,0.000000,0.000000,0.000000,0.000000,0.000000,0.000000,0,0,0,0
"-18,-5",0,0,0,0,14,4,99999,99999,99999,99999,99999,99999,0.000000,0.000000,0.000000,0.000000,0.000000,0.000000,0.000000,0.000000,0.000000,0.000000,0.000000,0.000000,0.000000,0.000000,0,0,0,0
"-18,-4",0,0,0,0,19,4,99999,99999,99999,99999,99999,99999,0.000000,0.000000,0.000000,0.000000,0.000000,0.000000,0.000000,0.000000,0.000000,0.000000,0.000000,0.000000,0.000000,0.000000,0,0,0,0
"-18,-3",0,0,0,0,20,4,99999,99999,99999,99999,99999,99999,0.000000,0.000000,0.000000,0.000000,0.000000,0.000000,0.000000,0.000000,0.000000,0.000000,0.000000,0.000000,0.000000,0.000000,0,0,0,0
"-18,-2",0,0,0,0,17,4,99999,99999,99999,99999,99999,99999,0.000000,0.000000,0.000000,0.000000,0.000000,0.000000,0.000000,0.000000,0.000000,0.000000,0.000000,0.000000,0.000000,0.000000,0,0,0,0
"-18,-1",0,0,0,0,15,4,99999,99999,99999,99999,99999,99999,0.000000,0.000000,0.000000,0.000000,0.000000,0.000000,0.000000,0.000000,0.000000,0.000000,0.000000,0.000000,0.000000,0.000000,0,0,0,0
"-18,0",0,0,0,0,12,4,99999,99999,99999,99999,99999,99999,0.000000,0.000000,0.000000,0.000000,0.000000,0.000000,0.000000,0.000000,0.000000,0.000000,0.000000,0.000000,0.000000,0.000000,0,0,0,0
"-18,1",0,0,0,0,14,4,99999,99999,99999,99999,99999,99999,0.000000,0.000000,0.000000,0.000000,0.000000,0.000000,0.000000,0.000000,0.000000,0.000000,0.000000,0.000000,0.000000,0.000000,0,0,0,0
"-18,2",0,0,0,0,17,4,99999,99999,99999,99999,99999,99999,0.000000,0.000000,0.000000,0.000000,0.000000,0.000000,0.000000,0.000000,0.000000,0.000000,0.000000,0.000000,0.000000,0.000000,0,0,0,0
"-18,3",0,0,0,0,20,4,99999,99999,99999,99999,99999,99999,0.000000,0.000000,0.000000,0.000000,0.000000,0.000000,0.000000,0.000000,0.000000,0.000000,0.000000,0.000000,0.000000,0.000000,0,0,0,0
"-18,4",0,0,0,0,17,4,99999,99999,99999,99999,99999,99999,0.000000,0.000000,0.000000,0.000000,0.000000,0.000000,0.000000,0.000000,0.000000,0.000000,0.000000,0.000000,0.000000,0.000000,0,0,0,0
"-18,5",0,0,0,0,15,4,99999,99999,99999,99999,99999,99999,0.000000,0.000000,0.000000,0.000000,0.000000,0.000000,0.000000,0.000000,0.000000,0.000000,0.000000,0.000000,0.000000,0.000000,0,0,0,0
"-18,6",0,0,0,0,11,4,99999,99999,99999,99999,99999,99999,0.000000,0.000000,0.000000,0.000000,0.000000,0.000000,0.000000,0.000000,0.000000,0.000000,0.000000,0.000000,0.000000,0.000000,0,0,0,0
"-18,7",0,0,0,0,12,4,99999,99999,99999,99999,99999,99999,0.000000,0.000000,0.000000,0.000000,0.000000,0.000000,0.000000,0.000000,0.000000,0.000000,0.000000,0.000000,0.000000,0.000000,0,0,0,0
"-18,8",0,0,0,0,14,4,99999,99999,99999,99999,99999,99999,0.000000,0.000000,0.000000,0.000000,0.000000,0.000000,0.000000,0.000000,0.000000,0.000000,0.000000,0.000000,0.000000,0.000000,0,0,0,0
"-18,9",0,0,0,0,16,4,99999,99999,99999,99999,99999,99999,0.000000,0.000000,0.000000,0.000000,0.000000,0.000000,0.000000,0.000000,0.000000,0.000000,0.000000,0.000000,0.000000,0.000000,0,0,0,0
"-18,10",0,0,0,0,15,4,99999,99999,99999,99999,99999,99999,0.000000,0.000000,0.000000,0.000000,0.000000,0.000000,0.000000,0.000000,0.000000,0.000000,0.000000,0.000000,0.000000,0.000000,0,0,0,0
"-18,11",0,0,0,0,16,4,99999,99999,99999,99999,99999,99999,0.000000,0.000000,0.000000,0.000000,0.000000,0.000000,0.000000,0.000000,0.000000,0.000000,0.000000,0.000000,0.000000,0.000000,0,0,0,0
"-18,12",0,0,0,0,19,4,99999,99999,99999,99999,99999,99999,0.000000,0.000000,0.000000,0.000000,0.000000,0.000000,0.000000,0.000000,0.000000,0.000000,0.000000,0.000000,0.000000,0.000000,0,0,0,0
"-18,13",0,0,0,0,5,4,99999,99999,99999,99999,99999,99999,0.000000,0.000000,0.000000,0.000000,0.000000,0.000000,0.000000,0.000000,0.000000,0.000000,0.000000,0.000000,0.000000,0.000000,0,0,0,0
"-18,14",0,0,0,0,5,4,99999,99999,99999,99999,99999,99999,0.000000,0.000000,0.000000,0.000000,0.000000,0.000000,0.000000,0.000000,0.000000,0.000000,0.000000,0.000000,0.000000,0.000000,0,0,0,0
"-18,15",0,0,0,0,6,4,99999,99999,99999,99999,99999,99999,0.000000,0.000000,0.000000,0.000000,0.000000,0.000000,0.000000,0.000000,0.000000,0.000000,0.000000,0.000000,0.000000,0.000000,0,0,0,0
"-18,16",0,0,0,0,5,4,99999,99999,99999,99999,99999,99999,0.000000,0.000000,0.000000,0.000000,0.000000,0.000000,0.000000,0.000000,0.000000,0.000000,0.000000,0.000000,0.000000,0.000000,0,0,0,0
"-18,17",0,0,0,0,5,4,99999,99999,99999,99999,99999,99999,0.000000,0.000000,0.000000,0.000000,0.000000,0.000000,0.000000,0.000000,0.000000,0.000000,0.000000,0.000000,0.000000,0.000000,0,0,0,0
"-18,18",0,0,0,0,5,4,99999,99999,99999,99999,99999,99999,0.000000,0.000000,0.000000,0.000000,0.000000,0.000000,0.000000,0.000000,0.000000,0.000000,0.000000,0.000000,0.000000,0.000000,0,0,0,0
"-18,19",0,0,0,0,5,4,99999,99999,99999,99999,99999,99999,0.000000,0.000000,0.000000,0.000000,0.000000,0.000000,0.000000,0.000000,0.000000,0.000000,0.000000,0.000000,0.000000,0.000000,0,0,0,0
"-18,20",0,0,0,0,5,4,99999,99999,99999,99999,99999,99999,0.000000,0.000000,0.000000,0.000000,0.000000,0.000000,0.000000,0.000000,0.000000,0.000000,0.000000,0.000000,0.000000,0.000000,0,0,0,0
"-18,21",0,0,0,0,4,4,99999,99999,99999,99999,99999,99999,0.000000,0.000000,0.000000,0.000000,0.000000,0.000000,0.000000,0.000000,0.000000,0.000000,0.000000,0.000000,0.000000,0.000000,0,0,0,0
"-18,22",0,0,0,0,4,4,99999,99999,99999,99999,99999,99999,0.000000,0.000000,0.000000,0.000000,0.000000,0.000000,0.000000,0.000000,0.000000,0.000000,0.000000,0.000000,0.000000,0.000000,0,0,0,0
"-18,23",0,0,0,0,4,4,99999,99999,99999,99999,99999,99999,0.000000,0.000000,0.000000,0.000000,0.000000,0.000000,0.000000,0.000000,0.000000,0.000000,0.000000,0.000000,0.000000,0.000000,0,0,0,0
"-18,24",0,0,0,0,4,4,99999,99999,99999,99999,99999,99999,0.000000,0.000000,0.000000,0.000000,0.000000,0.000000,0.000000,0.000000,0.000000,0.000000,0.000000,0.000000,0.000000,0.000000,0,0,0,0
"-18,25",0,0,0,0,4,4,99999,99999,99999,99999,99999,99999,0.000000,0.000000,0.000000,0.000000,0.000000,0.000000,0.000000,0.000000,0.000000,0.000000,0.000000,0.000000,0.000000,0.000000,0,0,0,0
"-18,26",0,0,0,0,4,4,99999,99999,99999,99999,99999,99999,0.000000,0.000000,0.000000,0.000000,0.000000,0.000000,0.000000,0.000000,0.000000,0.000000,0.000000,0.000000,0.000000,0.000000,0,0,0,0
"-17,-26",0,0,0,0,4,4,99999,99999,99999,99999,99999,99999,0.000000,0.000000,0.000000,0.000000,0.000000,0.000000,0.000000,0.000000,0.000000,0.000000,0.000000,0.000000,0.000000,0.000000,0,0,0,0
"-17,-25",0,0,0,0,5,4,99999,99999,99999,99999,99999,99999,0.000000,0.000000,0.000000,0.000000,0.000000,0.000000,0.000000,0.000000,0.000000,0.000000,0.000000,0.000000,0.000000,0.000000,0,0,0,0
"-17,-24",0,0,0,0,4,4,99999,99999,99999,99999,99999,99999,0.000000,0.000000,0.000000,0.000000,0.000000,0.000000,0.000000,0.000000,0.000000,0.000000,0.000000,0.000000,0.000000,0.000000,0,0,0,0
"-17,-23",0,0,0,0,5,4,99999,99999,99999,99999,99999,99999,0.000000,0.000000,0.000000,0.000000,0.000000,0.000000,0.000000,0.000000,0.000000,0.000000,0.000000,0.000000,0.000000,0.000000,0,0,0,0
"-17,-22",0,0,0,0,5,4,99999,99999,99999,99999,99999,99999,0.000000,0.000000,0.000000,0.000000,0.000000,0.000000,0.000000,0.000000,0.000000,0.000000,0.000000,0.000000,0.000000,0.000000,0,0,0,0
"-17,-21",0,0,0,0,5,4,99999,99999,99999,99999,99999,99999,0.000000,0.000000,0.000000,0.000000,0.000000,0.000000,0.000000,0.000000,0.000000,0.000000,0.000000,0.000000,0.000000,0.000000,0,0,0,0
"-17,-20",0,0,0,0,5,4,99999,99999,99999,99999,99999,99999,0.000000,0.000000,0.000000,0.000000,0.000000,0.000000,0.000000,0.000000,0.000000,0.000000,0.000000,0.000000,0.000000,0.000000,0,0,0,0
"-17,-19",0,0,0,0,6,4,99999,99999,99999,99999,99999,99999,0.000000,0.000000,0.000000,0.000000,0.000000,0.000000,0.000000,0.000000,0.000000,0.000000,0.000000,0.000000,0.000000,0.000000,0,0,0,0
"-17,-18",0,0,0,0,5,4,99999,99999,99999,99999,99999,99999,0.000000,0.000000,0.000000,0.000000,0.000000,0.000000,0.000000,0.000000,0.000000,0.000000,0.000000,0.000000,0.000000,0.000000,0,0,0,0
"-17,-17",0,0,0,0,4,4,99999,99999,99999,99999,99999,99999,0.000000,0.000000,0.000000,0.000000,0.000000,0.000000,0.000000,0.000000,0.000000,0.000000,0.000000,0.000000,0.000000,0.000000,0,0,0,0
"-17,-16",0,0,0,0,5,4,99999,99999,99999,99999,99999,99999,0.000000,0.000000,0.000000,0.000000,0.000000,0.000000,0.000000,0.000000,0.000000,0.000000,0.000000,0.000000,0.000000,0.000000,0,0,0,0
"-17,-15",0,0,0,0,6,4,99999,99999,99999,99999,99999,99999,0.000000,0.000000,0.000000,0.000000,0.000000,0.000000,0.000000,0.000000,0.000000,0.000000,0.000000,0.000000,0.000000,0.000000,0,0,0,0
"-17,-14",0,0,0,0,17,4,99999,99999,99999,99999,99999,99999,0.000000,0.000000,0.000000,0.000000,0.000000,0.000000,0.000000,0.000000,0.000000,0.000000,0.000000,0.000000,0.000000,0.000000,0,0,0,0
"-17,-13",0,0,0,0,15,4,99999,99999,99999,99999,99999,99999,0.000000,0.000000,0.000000,0.000000,0.000000,0.000000,0.000000,0.000000,0.000000,0.000000,0.000000,0.000000,0.000000,0.000000,0,0,0,0
"-17,-12",0,0,0,0,18,4,99999,99999,99999,99999,99999,99999,0.000000,0.000000,0.000000,0.000000,0.000000,0.000000,0.000000,0.000000,0.000000,0.000000,0.000000,0.000000,0.000000,0.000000,0,0,0,0
"-17,-11",0,0,0,0,14,4,99999,99999,99999,99999,99999,99999,0.000000,0.000000,0.000000,0.000000,0.000000,0.000000,0.000000,0.000000,0.000000,0.000000,0.000000,0.000000,0.000000,0.000000,0,0,0,0
"-17,-10",0,0,0,0,15,4,99999,99999,99999,99999,99999,99999,0.000000,0.000000,0.000000,0.000000,0.000000,0.000000,0.000000,0.000000,0.000000,0.000000,0.000000,0.000000,0.000000,0.000000,0,0,0,0
"-17,-9",0,0,0,0,21,4,99999,99999,99999,99999,99999,99999,0.000000,0.000000,0.000000,0.000000,0.000000,0.000000,0.000000,0.000000,0.000000,0.000000,0.000000,0.000000,0.000000,0.000000,0,0,0,0
"-17,-8",0,0,0,0,19,4,99999,99999,99999,99999,99999,99999,0.000000,0.000000,0.000000,0.000000,0.000000,0.000000,0.000000,0.000000,0.000000,0.000000,0.000000,0.000000,0.000000,0.000000,0,0,0,0
"-17,-7",0,0,0,0,17,4,99999,99999,99999,99999,99999,99999,0.000000,0.000000,0.000000,0.000000,0.000000,0.000000,0.000000,0.000000,0.000000,0.000000,0.000000,0.000000,0.000000,0.000000,0,0,0,0
"-17,-6",0,0,0,0,19,4,99999,99999,99999,99999,99999,99999,0.000000,0.000000,0.000000,0.000000,0.000000,0.000000,0.000000,0.000000,0.000000,0.000000,0.000000,0.000000,0.000000,0.000000,0,0,0,0
"-17,-5",0,0,0,0,13,4,99999,99999,99999,99999,99999,99999,0.000000,0.000000,0.000000,0.000000,0.000000,0.000000,0.000000,0.000000,0.000000,0.000000,0.000000,0.000000,0.000000,0.000000,0,0,0,0
"-17,-4",0,0,0,0,12,4,99999,99999,99999,99999,99999,99999,0.000000,0.000000,0.000000,0.000000,0.000000,0.000000,0.000000,0.000000,0.000000,0.000000,0.000000,0.000000,0.000000,0.000000,0,0,0,0
"-17,-3",0,0,0,0,14,4,99999,99999,99999,99999,99999,99999,0.000000,0.000000,0.000000,0.000000,0.000000,0.000000,0.000000,0.000000,0.000000,0.000000,0.000000,0.000000,0.000000,0.000000,0,0,0,0
"-17,-2",0,0,0,0,13,4,99999,99999,99999,99999,99999,99999,0.000000,0.000000,0.000000,0.000000,0.000000,0.000000,0.000000,0.000000,0.000000,0.000000,0.000000,0.000000,0.000000,0.000000,0,0,0,0
"-17,-1",0,0,0,0,21,4,99999,99999,99999,99999,99999,99999,0.000000,0.000000,0.000000,0.000000,0.000000,0.000000,0.000000,0.000000,0.000000,0.000000,0.000000,0.000000,0.000000,0.000000,0,0,0,0
"-17,0",0,0,0,0,18,4,99999,99999,99999,99999,99999,99999,0.000000,0.000000,0.000000,0.000000,0.000000,0.000000,0.000000,0.000000,0.000000,0.000000,0.000000,0.000000,0.000000,0.000000,0,0,0,0
"-17,1",0,0,0,0,17,4,99999,99999,99999,99999,99999,99999,0.000000,0.000000,0.000000,0.000000,0.000000,0.000000,0.000000,0.000000,0.000000,0.000000,0.000000,0.000000,0.000000,0.000000,0,0,0,0
"-17,2",0,0,0,0,17,4,99999,99999,99999,99999,99999,99999,0.000000,0.000000,0.000000,0.000000,0.000000,0.000000,0.000000,0.000000,0.000000,0.000000,0.000000,0.000000,0.000000,0.000000,0,0,0,0
"-17,3",0,0,0,0,19,4,99999,99999,99999,99999,99999,99999,0.000000,0.000000,0.000000,0.000000,0.000000,0.000000,0.000000,0.000000,0.000000,0.000000,0.000000,0.000000,0.000000,0.000000,0,0,0,0
"-17,4",0,0,0,0,15,4,99999,99999,99999,99999,99999,99999,0.000000,0.000000,0.000000,0.000000,0.000000,0.000000,0.000000,0.000000,0.000000,0.000000,0.000000,0.000000,0.000000,0.000000,0,0,0,0
"-17,5",0,0,0,0,15,4,99999,99999,99999,99999,99999,99999,0.000000,0.000000,0.000000,0.000000,0.000000,0.000000,0.000000,0.000000,0.000000,0.000000,0.000000,0.000000,0.000000,0.000000,0,0,0,0
"-17,6",0,0,0,0,18,4,99999,99999,99999,99999,99999,99999,0.000000,0.000000,0.000000,0.000000,0.000000,0.000000,0.000000,0.000000,0.000000,0.000000,0.000000,0.000000,0.000000,0.000000,0,0,0,0
"-17,7",0,0,0,0,15,4,99999,99999,99999,99999,99999,99999,0.000000,0.000000,0.000000,0.000000,0.000000,0.000000,0.000000,0.000000,0.000000,0.000000,0.000000,0.000000,0.000000,0.000000,0,0,0,0
"-17,8",0,0,0,0,18,4,99999,99999,99999,99999,99999,99999,0.000000,0.000000,0.000000,0.000000,0.000000,0.000000,0.000000,0.000000,0.000000,0.000000,0.000000,0.000000,0.000000,0.000000,0,0,0,0
"-17,9",0,0,0,0,18,4,99999,99999,99999,99999,99999,99999,0.000000,0.000000,0.000000,0.000000,0.000000,0.000000,0.000000,0.000000,0.000000,0.000000,0.000000,0.000000,0.000000,0.000000,0,0,0,0
"-17,10",0,0,0,0,18,4,99999,99999,99999,99999,99999,99999,0.000000,0.000000,0.000000,0.000000,0.000000,0.000000,0.000000,0.000000,0.000000,0.000000,0.000000,0.000000,0.000000,0.000000,0,0,0,0
"-17,11",0,0,0,0,15,4,99999,99999,99999,99999,99999,99999,0.000000,0.000000,0.000000,0.000000,0.000000,0.000000,0.000000,0.000000,0.000000,0.000000,0.000000,0.000000,0.000000,0.000000,0,0,0,0
"-17,12",0,0,0,0,17,4,99999,99999,99999,99999,99999,99999,0.000000,0.000000,0.000000,0.000000,0.000000,0.000000,0.000000,0.000000,0.000000,0.000000,0.000000,0.000000,0.000000,0.000000,0,0,0,0
"-17,13",0,0,0,0,15,4,99999,99999,99999,99999,99999,99999,0.000000,0.000000,0.000000,0.000000,0.000000,0.000000,0.000000,0.000000,0.000000,0.000000,0.000000,0.000000,0.000000,0.000000,0,0,0,0
"-17,14",0,0,0,0,13,4,99999,99999,99999,99999,99999,99999,0.000000,0.000000,0.000000,0.000000,0.000000,0.000000,0.000000,0.000000,0.000000,0.000000,0.000000,0.000000,0.000000,0.000000,0,0,0,0
"-17,15",0,0,0,0,12,4,99999,99999,99999,99999,99999,99999,0.000000,0.000000,0.000000,0.000000,0.000000,0.000000,0.000000,0.000000,0.000000,0.000000,0.000000,0.000000,0.000000,0.000000,0,0,0,0
"-17,16",0,0,0,0,6,4,99999,99999,99999,99999,99999,99999,0.000000,0.000000,0.000000,0.000000,0.000000,0.000000,0.000000,0.000000,0.000000,0.000000,0.000000,0.000000,0.000000,0.000000,0,0,0,0
"-17,17",0,0,0,0,5,4,99999,99999,99999,99999,99999,99999,0.000000,0.000000,0.000000,0.000000,0.000000,0.000000,0.000000,0.000000,0.000000,0.000000,0.000000,0.000000,0.000000,0.000000,0,0,0,0
"-17,18",0,0,0,0,4,4,99999,99999,99999,99999,99999,99999,0.000000,0.000000,0.000000,0.000000,0.000000,0.000000,0.000000,0.000000,0.000000,0.000000,0.000000,0.000000,0.000000,0.000000,0,0,0,0
"-17,19",0,0,0,0,5,4,99999,99999,99999,99999,99999,99999,0.000000,0.000000,0.000000,0.000000,0.000000,0.000000,0.000000,0.000000,0.000000,0.000000,0.000000,0.000000,0.000000,0.000000,0,0,0,0
"-17,20",0,0,0,0,5,4,99999,99999,99999,99999,99999,99999,0.000000,0.000000,0.000000,0.000000,0.000000,0.000000,0.000000,0.000000,0.000000,0.000000,0.000000,0.000000,0.000000,0.000000,0,0,0,0
"-17,21",0,0,0,0,5,4,99999,99999,99999,99999,99999,99999,0.000000,0.000000,0.000000,0.000000,0.000000,0.000000,0.000000,0.000000,0.000000,0.000000,0.000000,0.000000,0.000000,0.000000,0,0,0,0
"-17,22",0,0,0,0,4,4,99999,99999,99999,99999,99999,99999,0.000000,0.000000,0.000000,0.000000,0.000000,0.000000,0.000000,0.000000,0.000000,0.000000,0.000000,0.000000,0.000000,0.000000,0,0,0,0
"-17,23",0,0,0,0,4,4,99999,99999,99999,99999,99999,99999,0.000000,0.000000,0.000000,0.000000,0.000000,0.000000,0.000000,0.000000,0.000000,0.000000,0.000000,0.000000,0.000000,0.000000,0,0,0,0
"-17,24",0,0,0,0,4,4,99999,99999,99999,99999,99999,99999,0.000000,0.000000,0.000000,0.000000,0.000000,0.000000,0.000000,0.000000,0.000000,0.000000,0.000000,0.000000,0.000000,0.000000,0,0,0,0
"-17,25",0,0,0,0,4,4,99999,99999,99999,99999,99999,99999,0.000000,0.000000,0.000000,0.000000,0.000000,0.000000,0.000000,0.000000,0.000000,0.000000,0.000000,0.000000,0.000000,0.000000,0,0,0,0
"-17,26",0,0,0,0,4,4,99999,99999,99999,99999,99999,99999,0.000000,0.000000,0.000000,0.000000,0.000000,0.000000,0.000000,0.000000,0.000000,0.000000,0.000000,0.000000,0.000000,0.000000,0,0,0,0
"-16,-26",0,0,0,0,4,4,99999,99999,99999,99999,99999,99999,0.000000,0.000000,0.000000,0.000000,0.000000,0.000000,0.000000,0.000000,0.000000,0.000000,0.000000,0.000000,0.000000,0.000000,0,0,0,0
"-16,-25",0,0,0,0,4,4,99999,99999,99999,99999,99999,99999,0.000000,0.000000,0.000000,0.000000,0.000000,0.000000,0.000000,0.000000,0.000000,0.000000,0.000000,0.000000,0.000000,0.000000,0,0,0,0
"-16,-24",0,0,0,0,5,4,99999,99999,99999,99999,99999,99999,0.000000,0.000000,0.000000,0.000000,0.000000,0.000000,0.000000,0.000000,0.000000,0.000000,0.000000,0.000000,0.000000,0.000000,0,0,0,0
"-16,-23",0,0,0,0,5,4,99999,99999,99999,99999,99999,99999,0.000000,0.000000,0.000000,0.000000,0.000000,0.000000,0.000000,0.000000,0.000000,0.000000,0.000000,0.000000,0.000000,0.000000,0,0,0,0
"-16,-22",0,0,0,0,5,4,99999,99999,99999,99999,99999,99999,0.000000,0.000000,0.000000,0.000000,0.000000,0.000000,0.000000,0.000000,0.000000,0.000000,0.000000,0.000000,0.000000,0.000000,0,0,0,0
"-16,-21",0,0,0,0,4,4,99999,99999,99999,99999,99999,99999,0.000000,0.000000,0.000000,0.000000,0.000000,0.000000,0.000000,0.000000,0.000000,0.000000,0.000000,0.000000,0.000000,0.000000,0,0,0,0
"-16,-20",0,0,0,0,5,4,99999,99999,99999,99999,99999,99999,0.000000,0.000000,0.000000,0.000000,0.000000,0.000000,0.000000,0.000000,0.000000,0.000000,0.000000,0.000000,0.000000,0.000000,0,0,0,0
"-16,-19",0,0,0,0,5,4,99999,99999,99999,99999,99999,99999,0.000000,0.000000,0.000000,0.000000,0.000000,0.000000,0.000000,0.000000,0.000000,0.000000,0.000000,0.000000,0.000000,0.000000,0,0,0,0
"-16,-18",0,0,0,0,4,4,99999,99999,99999,99999,99999,99999,0.000000,0.000000,0.000000,0.000000,0.000000,0.000000,0.000000,0.000000,0.000000,0.000000,0.000000,0.000000,0.000000,0.000000,0,0,0,0
"-16,-17",0,0,0,0,14,4,99999,99999,99999,99999,99999,99999,0.000000,0.000000,0.000000,0.000000,0.000000,0.000000,0.000000,0.000000,0.000000,0.000000,0.000000,0.000000,0.000000,0.000000,0,0,0,0
"-16,-13",0,0,0,0,17,4,99999,99999,99999,99999,99999,99999,0.000000,0.000000,0.000000,0.000000,0.000000,0.000000,0.000000,0.000000,0.000000,0.000000,0.000000,0.000000,0.000000,0.000000,0,0,0,0
"-16,-12",0,0,0,0,22,4,99999,99999,99999,99999,99999,99999,0.000000,0.000000,0.000000,0.000000,0.000000,0.000000,0.000000,0.000000,0.000000,0.000000,0.000000,0.000000,0.000000,0.000000,0,0,0,0
"-16,-11",0,0,0,0,14,4,99999,99999,99999,99999,99999,99999,0.000000,0.000000,0.000000,0.000000,0.000000,0.000000,0.000000,0.000000,0.000000,0.000000,0.000000,0.000000,0.000000,0.000000,0,0,0,0
"-16,-10",0,0,0,0,19,4,99999,99999,99999,99999,99999,99999,0.000000,0.000000,0.000000,0.000000,0.000000,0.000000,0.000000,0.000000,0.000000,0.000000,0.000000,0.000000,0.000000,0.000000,0,0,0,0
"-16,-9",0,0,0,0,20,4,99999,99999,99999,99999,99999,99999,0.000000,0.000000,0.000000,0.000000,0.000000,0.000000,0.000000,0.000000,0.000000,0.000000,0.000000,0.000000,0.000000,0.000000,0,0,0,0
"-16,-8",0,0,0,0,17,4,99999,99999,99999,99999,99999,99999,0.000000,0.000000,0.000000,0.000000,0.000000,0.000000,0.000000,0.000000,0.000000,0.000000,0.000000,0.000000,0.000000,0.000000,0,0,0,0
"-16,-7",0,0,0,0,17,4,99999,99999,99999,99999,99999,99999,0.000000,0.000000,0.000000,0.000000,0.000000,0.000000,0.000000,0.000000,0.000000,0.000000,0.000000,0.000000,0.000000,0.000000,0,0,0,0
"-16,-6",0,0,0,0,14,4,99999,99999,99999,99999,99999,99999,0.000000,0.000000,0.000000,0.000000,0.000000,0.000000,0.000000,0.000000,0.000000,0.000000,0.000000,0.000000,0.000000,0.000000,0,0,0,0
"-16,-5",0,0,0,0,14,4,99999,99999,99999,99999,99999,99999,0.000000,0.000000,0.000000,0.000000,0.000000,0.000000,0.000000,0.000000,0.000000,0.000000,0.000000,0.000000,0.000000,0.000000,0,0,0,0
"-16,-4",0,0,0,0,19,4,99999,99999,99999,99999,99999,99999,0.000000,0.000000,0.000000,0.000000,0.000000,0.000000,0.000000,0.000000,0.000000,0.000000,0.000000,0.000000,0.000000,0.000000,0,0,0,0
"-16,-3",0,0,0,0,15,4,99999,99999,99999,99999,99999,99999,0.000000,0.000000,0.000000,0.000000,0.000000,0.000000,0.000000,0.000000,0.000000,0.000000,0.000000,0.000000,0.000000,0.000000,0,0,0,0
"-16,-2",0,0,0,0,13,4,99999,99999,99999,99999,99999,99999,0.000000,0.000000,0.000000,0.000000,0.000000,0.000000,0.000000,0.000000,0.000000,0.000000,0.000000,0.000000,0.000000,0.000000,0,0,0,0
"-16,-1",0,0,0,0,15,4,99999,99999,99999,99999,99999,99999,0.000000,0.000000,0.000000,0.000000,0.000000,0.000000,0.000000,0.000000,0.000000,0.000000,0.000000,0.000000,0.000000,0.000000,0,0,0,0
"-16,0",0,0,0,0,19,4,99999,99999,99999,99999,99999,99999,0.000000,0.000000,0.000000,0.000000,0.000000,0.000000,0.000000,0.000000,0.000000,0.000000,0.000000,0.000000,0.000000,0.000000,0,0,0,0
"-16,1",0,0,0,0,16,4,99999,99999,99999,99999,99999,99999,0.000000,0.000000,0.000000,0.000000,0.000000,0.000000,0.000000,0.000000,0.000000,0.000000,0.000000,0.000000,0.000000,0.000000,0,0,0,0
"-16,2",0,0,0,0,14,4,99999,99999,99999,99999,99999,99999,0.000000,0.000000,0.000000,0.000000,0.000000,0.000000,0.000000,0.000000,0.000000,0.000000,0.000000,0.000000,0.000000,0.000000,0,0,0,0
"-16,3",0,0,0,0,19,4,99999,99999,99999,99999,99999,99999,0.000000,0.000000,0.000000,0.000000,0.000000,0.000000,0.000000,0.000000,0.000000,0.000000,0.000000,0.000000,0.000000,0.000000,0,0,0,0
"-16,4",0,0,0,0,19,4,99999,99999,99999,99999,99999,99999,0.000000,0.000000,0.000000,0.000000,0.000000,0.000000,0.000000,0.000000,0.000000,0.000000,0.000000,0.000000,0.000000,0.000000,0,0,0,0
"-16,5",0,0,0,0,21,4,99999,99999,99999,99999,99999,99999,0.000000,0.000000,0.000000,0.000000,0.000000,0.000000,0.000000,0.000000,0.000000,0.000000,0.000000,0.000000,0.000000,0.000000,0,0,0,0
"-16,6",0,0,0,0,23,4,99999,99999,99999,99999,99999,99999,0.000000,0.000000,0.000000,0.000000,0.000000,0.000000,0.000000,0.000000,0.000000,0.000000,0.000000,0.000000,0.000000,0.000000,0,0,0,0
"-16,7",0,0,0,0,18,4,99999,99999,99999,99999,99999,99999,0.000000,0.000000,0.000000,0.000000,0.000000,0.000000,0.000000,0.000000,0.000000,0.000000,0.000000,0.000000,0.000000,0.000000,0,0,0,0
"-16,8",0,0,0,0,18,4,99999,99999,99999,99999,99999,99999,0.000000,0.000000,0.000000,0.000000,0.000000,0.000000,0.000000,0.000000,0.000000,0.000000,0.000000,0.000000,0.000000,0.000000,0,0,0,0
"-16,9",0,0,0,0,15,4,99999,99999,99999,99999,99999,99999,0.000000,0.000000,0.000000,0.000000,0.000000,0.000000,0.000000,0.000000,0.000000,0.000000,0.000000,0.000000,0.000000,0.000000,0,0,0,0
"-16,10",0,0,0,0,17,4,99999,99999,99999,99999,99999,99999,0.000000,0.000000,0.000000,0.000000,0.000000,0.000000,0.000000,0.000000,0.000000,0.000000,0.000000,0.000000,0.000000,0.000000,0,0,0,0
"-16,11",0,0,0,0,18,4,99999,99999,99999,99999,99999,99999,0.000000,0.000000,0.000000,0.000000,0.000000,0.000000,0.000000,0.000000,0.000000,0.000000,0.000000,0.000000,0.000000,0.000000,0,0,0,0
"-16,12",0,0,0,0,15,4,99999,99999,99999,99999,99999,99999,0.000000,0.000000,0.000000,0.000000,0.000000,0.000000,0.000000,0.000000,0.000000,0.000000,0.000000,0.000000,0.000000,0.000000,0,0,0,0
"-16,13",0,0,0,0,16,4,99999,99999,99999,99999,99999,99999,0.000000,0.000000,0.000000,0.000000,0.000000,0.000000,0.000000,0.000000,0.000000,0.000000,0.000000,0.000000,0.000000,0.000000,0,0,0,0
"-16,17",0,0,0,0,16,4,99999,99999,99999,99999,99999,99999,0.000000,0.000000,0.000000,0.000000,0.000000,0.000000,0.000000,0.000000,0.000000,0.000000,0.000000,0.000000,0.000000,0.000000,0,0,0,0
"-16,18",0,0,0,0,6,4,99999,99999,99999,99999,99999,99999,0.000000,0.000000,0.000000,0.000000,0.000000,0.000000,0.000000,0.000000,0.000000,0.000000,0.000000,0.000000,0.000000,0.000000,0,0,0,0
"-16,19",0,0,0,0,4,4,99999,99999,99999,99999,99999,99999,0.000000,0.000000,0.000000,0.000000,0.000000,0.000000,0.000000,0.000000,0.000000,0.000000,0.000000,0.000000,0.000000,0.000000,0,0,0,0
"-16,20",0,0,0,0,5,4,99999,99999,99999,99999,99999,99999,0.000000,0.000000,0.000000,0.000000,0.000000,0.000000,0.000000,0.000000,0.000000,0.000000,0.000000,0.000000,0.000000,0.000000,0,0,0,0
"-16,21",0,0,0,0,4,4,99999,99999,99999,99999,99999,99999,0.000000,0.000000,0.000000,0.000000,0.000000,0.000000,0.000000,0.000000,0.000000,0.000000,0.000000,0.000000,0.000000,0.000000,0,0,0,0
"-16,22",0,0,0,0,5,4,99999,99999,99999,99999,99999,99999,0.000000,0.000000,0.000000,0.000000,0.000000,0.000000,0.000000,0.000000,0.000000,0.000000,0.000000,0.000000,0.000000,0.000000,0,0,0,0
"-16,23",0,0,0,0,5,4,99999,99999,99999,99999,99999,99999,0.000000,0.000000,0.000000,0.000000,0.000000,0.000000,0.000000,0.000000,0.000000,0.000000,0.000000,0.000000,0.000000,0.000000,0,0,0,0
"-16,24",0,0,0,0,5,4,99999,99999,99999,99999,99999,99999,0.000000,0.000000,0.000000,0.000000,0.000000,0.000000,0.000000,0.000000,0.000000,0.000000,0.000000,0.000000,0.000000,0.000000,0,0,0,0
"-16,25",0,0,0,0,4,4,99999,99999,99999,99999,99999,99999,0.000000,0.000000,0.000000,0.000000,0.000000,0.000000,0.000000,0.000000,0.000000,0.000000,0.000000,0.000000,0.000000,0.000000,0,0,0,0
"-16,26",0,0,0,0,4,4,99999,99999,99999,99999,99999,99999,0.000000,0.000000,0.000000,0.000000,0.000000,0.000000,0.000000,0.000000,0.000000,0.000000,0.000000,0.000000,0.000000,0.000000,0,0,0,0
"-15,-26",0,0,0,0,5,4,99999,99999,99999,99999,99999,99999,0.000000,0.000000,0.000000,0.000000,0.000000,0.000000,0.000000,0.000000,0.000000,0.000000,0.000000,0.000000,0.000000,0.000000,0,0,0,0
"-15,-25",0,0,0,0,6,4,99999,99999,99999,99999,99999,99999,0.000000,0.000000,0.000000,0.000000,0.000000,0.000000,0.000000,0.000000,0.000000,0.000000,0.000000,0.000000,0.000000,0.000000,0,0,0,0
"-15,-24",0,0,0,0,5,4,99999,99999,99999,99999,99999,99999,0.000000,0.000000,0.000000,0.000000,0.000000,0.000000,0.000000,0.000000,0.000000,0.000000,0.000000,0.000000,0.000000,0.000000,0,0,0,0
"-15,-23",0,0,0,0,5,4,99999,99999,99999,99999,99999,99999,0.000000,0.000000,0.000000,0.000000,0.000000,0.000000,0.000000,0.000000,0.000000,0.000000,0.000000,0.000000,0.000000,0.000000,0,0,0,0
"-15,-22",0,0,0,0,5,4,99999,99999,99999,99999,99999,99999,0.000000,0.000000,0.000000,0.000000,0.000000,0.000000,0.000000,0.000000,0.000000,0.000000,0.000000,0.000000,0.000000,0.000000,0,0,0,0
"-15,-21",0,0,0,0,6,4,99999,99999,99999,99999,99999,99999,0.000000,0.000000,0.000000,0.000000,0.000000,0.000000,0.000000,0.000000,0.000000,0.000000,0.000000,0.000000,0.000000,0.000000,0,0,0,0
"-15,-20",0,0,0,0,5,4,99999,99999,99999,99999,99999,99999,0.000000,0.000000,0.000000,0.000000,0.000000,0.000000,0.000000,0.000000,0.000000,0.000000,0.000000,0.000000,0.000000,0.000000,0,0,0,0
"-15,-19",0,0,0,0,14,4,99999,99999,99999,99999,99999,99999,0.000000,0.000000,0.000000,0.000000,0.000000,0.000000,0.000000,0.000000,0.000000,0.000000,0.000000,0.000000,0.000000,0.000000,0,0,0,0
"-15,-18",0,0,0,0,17,4,99999,99999,99999,99999,99999,99999,0.000000,0.000000,0.000000,0.000000,0.000000,0.000000,0.000000,0.000000,0.000000,0.000000,0.000000,0.000000,0.000000,0.000000,0,0,0,0
"-15,-17",0,0,0,0,18,4,99999,99999,99999,99999,99999,99999,0.000000,0.000000,0.000000,0.000000,0.000000,0.000000,0.000000,0.000000,0.000000,0.000000,0.000000,0.000000,0.000000,0.000000,0,0,0,0
"-15,-13",0,0,0,0,13,4,99999,99999,99999,99999,99999,99999,0.000000,0.000000,0.000000,0.000000,0.000000,0.000000,0.000000,0.000000,0.000000,0.000000,0.000000,0.000000,0.000000,0.000000,0,0,0,0
"-15,-12",0,0,0,0,14,4,99999,99999,99999,99999,99999,99999,0.000000,0.000000,0.000000,0.000000,0.000000,0.000000,0.000000,0.000000,0.000000,0.000000,0.000000,0.000000,0.000000,0.000000,0,0,0,0
"-15,-11",0,0,0,0,13,4,99999,99999,99999,99999,99999,99999,0.000000,0.000000,0.000000,0.000000,0.000000,0.000000,0.000000,0.000000,0.000000,0.000000,0.000000,0.000000,0.000000,0.000000,0,0,0,0
"-15,-10",0,0,0,0,18,4,99999,99999,99999,99999,99999,99999,0.000000,0.000000,0.000000,0.000000,0.000000,0.000000,0.000000,0.000000,0.000000,0.000000,0.000000,0.000000,0.000000,0.000000,0,0,0,0
"-15,-9",0,0,0,0,16,4,99999,99999,99999,99999,99999,99999,0.000000,0.000000,0.000000,0.000000,0.000000,0.000000,0.000000,0.000000,0.000000,0.000000,0.000000,0.000000,0.000000,0.000000,0,0,0,0
"-15,-8",0,0,0,0,15,4,99999,99999,99999,99999,99999,99999,0.000000,0.000000,0.000000,0.000000,0.000000,0.000000,0.000000,0.000000,0.000000,0.000000,0.000000,0.000000,0.000000,0.000000,0,0,0,0
"-15,-7",0,0,0,0,19,4,99999,99999,99999,99999,99999,99999,0.000000,0.000000,0.000000,0.000000,0.000000,0.000000,0.000000,0.000000,0.000000,0.000000,0.000000,0.000000,0.000000,0.000000,0,0,0,0
"-15,-6",0,0,0,0,75,4,99999,99999,99999,99999,99999,99999,0.000000,0.000000,0.000000,0.000000,0.000000,0.000000,0.000000,0.000000,0.000000,0.000000,0.000000,0.000000,0.000000,0.000000,0,0,0,0
"-15,-5",0,0,0,0,134,4,99999,99999,99999,99999,99999,99999,0.000000,0.000000,0.000000,0.000000,0.000000,0.000000,0.000000,0.000000,0.000000,0.000000,0.000000,0.000000,0.000000,0.000000,0,0,0,0
"-15,-4",0,0,0,0,152,4,99999,99999,99999,99999,99999,99999,0.000000,0.000000,0.000000,0.000000,0.000000,0.000000,0.000000,0.000000,0.000000,0.000000,0.000000,0.000000,0.000000,0.000000,0,0,0,0
"-15,-3",0,0,0,0,153,4,99999,99999,99999,99999,99999,99999,0.000000,0.000000,0.000000,0.000000,0.000000,0.000000,0.000000,0.000000,0.000000,0.000000,0.000000,0.000000,0.000000,0.000000,0,0,0,0
"-15,-2",0,0,0,0,147,4,99999,99999,99999,99999,99999,99999,0.000000,0.000000,0.000000,0.000000,0.000000,0.000000,0.000000,0.000000,0.000000,0.000000,0.000000,0.000000,0.000000,0.000000,0,0,0,0
"-15,-1",0,0,0,0,160,4,99999,99999,99999,99999,99999,99999,0.000000,0.000000,0.000000,0.000000,0.000000,0.000000,0.000000,0.000000,0.000000,0.000000,0.000000,0.000000,0.000000,0.000000,0,0,0,0
"-15,0",0,0,0,0,135,4,99999,99999,99999,99999,99999,99999,0.000000,0.000000,0.000000,0.000000,0.000000,0.000000,0.000000,0.000000,0.000000,0.000000,0.000000,0.000000,0.000000,0.000000,0,0,0,0
"-15,1",0,0,0,0,147,4,99999,99999,99999,99999,99999,99999,0.000000,0.000000,0.000000,0.000000,0.000000,0.000000,0.000000,0.000000,0.000000,0.000000,0.000000,0.000000,0.000000,0.000000,0,0,0,0
"-15,2",0,0,0,0,154,4,99999,99999,99999,99999,99999,99999,0.000000,0.000000,0.000000,0.000000,0.000000,0.000000,0.000000,0.000000,0.000000,0.000000,0.000000,0.000000,0.000000,0.000000,0,0,0,0
"-15,3",0,0,0,0,149,4,99999,99999,99999,99999,99999,99999,0.000000,0.000000,0.000000,0.000000,0.000000,0.000000,0.000000,0.000000,0.000000,0.000000,0.000000,0.000000,0.000000,0.000000,0,0,0,0
"-15,4",0,0,0,0,149,4,99999,99999,99999,99999,99999,99999,0.000000,0.000000,0.000000,0.000000,0.000000,0.000000,0.000000,0.000000,0.000000,0.000000,0.000000,0.000000,0.000000,0.000000,0,0,0,0
"-15,5",0,0,0,0,148,4,99999,99999,99999,99999,99999,99999,0.000000,0.000000,0.000000,0.000000,0.000000,0.000000,0.000000,0.000000,0.000000,0.000000,0.000000,0.000000,0.000000,0.000000,0,0,0,0
"-15,6",0,0,0,0,105,4,99999,99999,99999,99999,99999,99999,0.000000,0.000000,0.000000,0.000000,0.000000,0.000000,0.000000,0.000000,0.000000,0.000000,0.000000,0.000000,0.000000,0.000000,0,0,0,0
"-15,7",0,0,0,0,16,4,99999,99999,99999,99999,99999,99999,0.000000,0.000000,0.000000,0.000000,0.000000,0.000000,0.000000,0.000000,0.000000,0.000000,0.000000,0.000000,0.000000,0.000000,0,0,0,0
"-15,8",0,0,0,0,14,4,99999,99999,99999,99999,99999,99999,0.000000,0.000000,0.000000,0.000000,0.000000,0.000000,0.000000,0.000000,0.000000,0.000000,0.000000,0.000000,0.000000,0.000000,0,0,0,0
"-15,9",0,0,0,0,18,4,99999,99999,99999,99999,99999,99999,0.000000,0.000000,0.000000,0.000000,0.000000,0.000000,0.000000,0.000000,0.000000,0.000000,0.000000,0.000000,0.000000,0.000000,0,0,0,0
"-15,10",0,0,0,0,15,4,99999,99999,99999,99999,99999,99999,0.000000,0.000000,0.000000,0.000000,0.000000,0.000000,0.000000,0.000000,0.000000,0.000000,0.000000,0.000000,0.000000,0.000000,0,0,0,0
"-15,11",0,0,0,0,21,4,99999,99999,99999,99999,99999,99999,0.000000,0.000000,0.000000,0.000000,0.000000,0.000000,0.000000,0.000000,0.000000,0.000000,0.000000,0.000000,0.000000,0.000000,0,0,0,0
"-15,12",0,0,0,0,14,4,99999,99999,99999,99999,99999,99999,0.000000,0.000000,0.000000,0.000000,0.000000,0.000000,0.000000,0.000000,0.000000,0.000000,0.000000,0.000000,0.000000,0.000000,0,0,0,0
"-15,13",0,0,0,0,15,4,99999,99999,99999,99999,99999,99999,0.000000,0.000000,0.000000,0.000000,0.000000,0.000000,0.000000,0.000000,0.000000,0.000000,0.000000,0.000000,0.000000,0.000000,0,0,0,0
"-15,17",0,0,0,0,14,4,99999,99999,99999,99999,99999,99999,0.000000,0.000000,0.000000,0.000000,0.000000,0.000000,0.000000,0.000000,0.000000,0.000000,0.000000,0.000000,0.000000,0.000000,0,0,0,0
"-15,18",0,0,0,0,20,4,99999,99999,99999,99999,99999,99999,0.000000,0.000000,0.000000,0.000000,0.000000,0.000000,0.000000,0.000000,0.000000,0.000000,0.000000,0.000000,0.000000,0.000000,0,0,0,0
"-15,19",0,0,0,0,19,4,99999,99999,99999,99999,99999,99999,0.000000,0.000000,0.000000,0.000000,0.000000,0.000000,0.000000,0.000000,0.000000,0.000000,0.000000,0.000000,0.000000,0.000000,0,0,0,0
"-15,20",0,0,0,0,5,4,99999,99999,99999,99999,99999,99999,0.000000,0.000000,0.000000,0.000000,0.000000,0.000000,0.000000,0.000000,0.000000,0.000000,0.000000,0.000000,0.000000,0.000000,0,0,0,0
"-15,21",0,0,0,0,5,4,99999,99999,99999,99999,99999,99999,0.000000,0.000000,0.000000,0.000000,0.000000,0.000000,0.000000,0.000000,0.000000,0.000000,0.000000,0.000000,0.000000,0.000000,0,0,0,0
"-15,22",0,0,0,0,5,4,99999,99999,99999,99999,99999,99999,0.000000,0.000000,0.000000,0.000000,0.000000,0.000000,0.000000,0.000000,0.000000,0.000000,0.000000,0.000000,0.000000,0.000000,0,0,0,0
"-15,23",0,0,0,0,5,4,99999,99999,99999,99999,99999,99999,0.000000,0.000000,0.000000,0.000000,0.000000,0.000000,0.000000,0.000000,0.000000,0.000000,0.000000,0.000000,0.000000,0.000000,0,0,0,0
"-15,24",0,0,0,0,5,4,99999,99999,99999,99999,99999,99999,0.000000,0.000000,0.000000,0.000000,0.000000,0.000000,0.000000,0.000000,0.000000,0.000000,0.000000,0.000000,0.000000,0.000000,0,0,0,0
"-15,25",0,0,0,0,5,4,99999,99999,99999,99999,99999,99999,0.000000,0.000000,0.000000,0.000000,0.000000,0.000000,0.000000,0.000000,0.000000,0.000000,0.000000,0.000000,0.000000,0.000000,0,0,0,0
"-15,26",0,0,0,0,4,4,99999,99999,99999,99999,99999,99999,0.000000,0.000000,0.000000,0.000000,0.000000,0.000000,0.000000,0.000000,0.000000,0.000000,0.000000,0.000000,0.000000,0.000000,0,0,0,0
"-14,-26",0,0,0,0,5,4,99999,99999,99999,99999,99999,99999,0.000000,0.000000,0.000000,0.000000,0.000000,0.000000,0.000000,0.000000,0.000000,0.000000,0.000000,0.000000,0.000000,0.000000,0,0,0,0
"-14,-25",0,0,0,0,5,4,99999,99999,99999,99999,99999,99999,0.000000,0.000000,0.000000,0.000000,0.000000,0.000000,0.000000,0.000000,0.000000,0.000000,0.000000,0.000000,0.000000,0.000000,0,0,0,0
"-14,-24",0,0,0,0,5,4,99999,99999,99999,99999,99999,99999,0.000000,0.000000,0.000000,0.000000,0.000000,0.000000,0.000000,0.000000,0.000000,0.000000,0.000000,0.000000,0.000000,0.000000,0,0,0,0
"-14,-23",0,0,0,0,5,4,99999,99999,99999,99999,99999,99999,0.000000,0.000000,0.000000,0.000000,0.000000,0.000000,0.000000,0.000000,0.000000,0.000000,0.000000,0.000000,0.000000,0.000000,0,0,0,0
"-14,-22",0,0,0,0,6,4,99999,99999,99999,99999,99999,99999,0.000000,0.000000,0.000000,0.000000,0.000000,0.000000,0.000000,0.000000,0.000000,0.000000,0.000000,0.000000,0.000000,0.000000,0,0,0,0
"-14,-21",0,0,0,0,6,4,99999,99999,99999,99999,99999,99999,0.000000,0.000000,0.000000,0.000000,0.000000,0.000000,0.000000,0.000000,0.000000,0.000000,0.000000,0.000000,0.000000,0.000000,0,0,0,0
"-14,-20",0,0,0,0,19,4,99999,99999,99999,99999,99999,99999,0.000000,0.000000,0.000000,0.000000,0.000000,0.000000,0.000000,0.000000,0.000000,0.000000,0.000000,0.000000,0.000000,0.000000,0,0,0,0
"-14,-19",0,0,0,0,11,4,99999,99999,99999,99999,99999,99999,0.000000,0.000000,0.000000,0.000000,0.000000,0.000000,0.000000,0.000000,0.000000,0.000000,0.000000,0.000000,0.000000,0.000000,0,0,0,0
"-14,-18",0,0,0,0,13,4,99999,99999,99999,99999,99999,99999,0.000000,0.000000,0.000000,0.000000,0.000000,0.000000,0.000000,0.000000,0.000000,0.000000,0.000000,0.000000,0.000000,0.000000,0,0,0,0
"-14,-17",0,0,0,0,15,4,99999,99999,99999,99999,99999,99999,0.000000,0.000000,0.000000,0.000000,0.000000,0.000000,0.000000,0.000000,0.000000,0.000000,0.000000,0.000000,0.000000,0.000000,0,0,0,0
"-14,-13",0,0,0,0,18,4,99999,99999,99999,99999,99999,99999,0.000000,0.000000,0.000000,0.000000,0.000000,0.000000,0.000000,0.000000,0.000000,0.000000,0.000000,0.000000,0.000000,0.000000,0,0,0,0
"-14,-12",0,0,0,0,16,4,99999,99999,99999,99999,99999,99999,0.000000,0.000000,0.000000,0.000000,0.000000,0.000000,0.000000,0.000000,0.000000,0.000000,0.000000,0.000000,0.000000,0.000000,0,0,0,0
"-14,-11",0,0,0,0,15,4,99999,99999,99999,99999,99999,99999,0.000000,0.000000,0.000000,0.000000,0.000000,0.000000,0.000000,0.000000,0.000000,0.000000,0.000000,0.000000,0.000000,0.000000,0,0,0,0
"-14,-10",0,0,0,0,127,4,99999,99999,99999,99999,99999,99999,0.000000,0.000000,0.000000,0.000000,0.000000,0.000000,0.000000,0.000000,0.000000,0.000000,0.000000,0.000000,0.000000,0.000000,0,0,0,0
"-14,-9",0,0,0,0,161,4,99999,99999,99999,99999,99999,99999,0.000000,0.000000,0.000000,0.000000,0.000000,0.000000,0.000000,0.000000,0.000000,0.000000,0.000000,0.000000,0.000000,0.000000,0,0,0,0
"-14,-8",0,0,0,0,170,4,99999,99999,99999,99999,99999,99999,0.000000,0.000000,0.000000,0.000000,0.000000,0.000000,0.000000,0.000000,0.000000,0.000000,0.000000,0.000000,0.000000,0.000000,0,0,0,0
"-14,-7",0,0,0,0,155,4,99999,99999,99999,99999,99999,99999,0.000000,0.000000,0.000000,0.000000,0.000000,0.000000,0.000000,0.000000,0.000000,0.000000,0.000000,0.000000,0.000000,0.000000,0,0,0,0
"-14,-6",0,0,0,0,155,4,99999,99999,99999,99999,99999,99999,0.000000,0.000000,0.000000,0.000000,0.000000,0.000000,0.000000,0.000000,0.000000,0.000000,0.000000,0.000000,0.000000,0.000000,0,0,0,0
"-14,-5",0,0,0,0,152,4,99999,99999,99999,99999,99999,99999,0.000000,0.000000,0.000000,0.000000,0.000000,0.000000,0.000000,0.000000,0.000000,0.000000,0.000000,0.000000,0.000000,0.000000,0,0,0,0
"-14,-4",0,0,0,0,173,4,99999,99999,99999,99999,99999,99999,0.000000,0.000000,0.000000,0.000000,0.000000,0.000000,0.000000,0.000000,0.000000,0.000000,0.000000,0.000000,0.000000,0.000000,0,0,0,0
"-14,-3",0,0,0,0,163,4,99999,99999,99999,99999,99999,99999,0.000000,0.000000,0.000000,0.000000,0.000000,0.000000,0.000000,0.000000,0.000000,0.000000,0.000000,0.000000,0.000000,0.000000,0,0,0,0
"-14,-2",0,0,0,0,157,4,99999,99999,99999,99999,99999,99999,0.000000,0.000000,0.000000,0.000000,0.000000,0.000000,0.000000,0.000000,0.000000,0.000000,0.000000,0.000000,0.000000,0.000000,0,0,0,0
"-14,-1",0,0,0,0,143,4,99999,99999,99999,99999,99999,99999,0.000000,0.000000,0.000000,0.000000,0.000000,0.000000,0.000000,0.000000,0.000000,0.000000,0.000000,0.000000,0.000000,0.000000,0,0,0,0
"-14,0",0,0,0,0,161,4,99999,99999,99999,99999,99999,99999,0.000000,0.000000,0.000000,0.000000,0.000000,0.000000,0.000000,0.000000,0.000000,0.000000,0.000000,0.000000,0.000000,0.000000,0,0,0,0
"-14,1",0,0,0,0,146,4,99999,99999,99999,99999,99999,99999,0.000000,0.000000,0.000000,0.000000,0.000000,0.000000,0.000000,0.000000,0.000000,0.000000,0.000000,0.000000,0.000000,0.000000,0,0,0,0
"-14,2",0,0,0,0,152,4,99999,99999,99999,99999,99999,99999,0.000000,0.000000,0.000000,0.000000,0.000000,0.000000,0.000000,0.000000,0.000000,0.000000,0.000000,0.000000,0.000000,0.000000,0,0,0,0
"-14,3",0,0,0,0,152,4,99999,99999,99999,99999,99999,99999,0.000000,0.000000,0.000000,0.000000,0.000000,0.000000,0.000000,0.000000,0.000000,0.000000,0.000000,0.000000,0.000000,0.000000,0,0,0,0
"-14,4",0,0,0,0,145,4,99999,99999,99999,99999,99999,99999,0.000000,0.000000,0.000000,0.000000,0.000000,0.000000,0.000000,0.000000,0.000000,0.000000,0.000000,0.000000,0.000000,0.000000,0,0,0,0
"-14,5",0,0,0,0,169,4,99999,99999,99999,99999,99999,99999,0.000000,0.000000,0.000000,0.000000,0.000000,0.000000,0.000000,0.000000,0.000000,0.000000,0.000000,0.000000,0.000000,0.000000,0,0,0,0
"-14,6",0,0,0,0,140,4,99999,99999,99999,99999,99999,99999,0.000000,0.000000,0.000000,0.000000,0.000000,0.000000,0.000000,0.000000,0.000000,0.000000,0.000000,0.000000,0.000000,0.000000,0,0,0,0
"-14,7",0,0,0,0,167,4,99999,99999,99999,99999,99999,99999,0.000000,0.000000,0.000000,0.000000,0.000000,0.000000,0.000000,0.000000,0.000000,0.000000,0.000000,0.000000,0.000000,0.000000,0,0,0,0
"-14,8",0,0,0,0,147,4,99999,99999,99999,99999,99999,99999,0.000000,0.000000,0.000000,0.000000,0.000000,0.000000,0.000000,0.000000,0.000000,0.000000,0.000000,0.000000,0.000000,0.000000,0,0,0,0
"-14,9",0,0,0,0,150,4,99999,99999,99999,99999,99999,99999,0.000000,0.000000,0.000000,0.000000,0.000000,0.000000,0.000000,0.000000,0.000000,0.000000,0.000000,0.000000,0.000000,0.000000,0,0,0,0
"-14,10",0,0,0,0,140,4,99999,99999,99999,99999,99999,99999,0.000000,0.000000,0.000000,0.000000,0.000000,0.000000,0.000000,0.000000,0.000000,0.000000,0.000000,0.000000,0.000000,0.000000,0,0,0,0
"-14,11",0,0,0,0,15,4,99999,99999,99999,99999,99999,99999,0.000000,0.000000,0.000000,0.000000,0.000000,0.000000,0.000000,0.000000,0.000000,0.000000,0.000000,0.000000,0.000000,0.000000,0,0,0,0
"-14,12",0,0,0,0,16,4,99999,99999,99999,99999,99999,99999,0.000000,0.000000,0.000000,0.000000,0.000000,0.000000,0.000000,0.000000,0.000000,0.000000,0.000000,0.000000,0.000000,0.000000,0,0,0,0
"-14,13",0,0,0,0,17,4,99999,99999,99999,99999,99999,99999,0.000000,0.000000,0.000000,0.000000,0.000000,0.000000,0.000000,0.000000,0.000000,0.000000,0.000000,0.000000,0.000000,0.000000,0,0,0,0
"-14,17",0,0,0,0,17,4,99999,99999,99999,99999,99999,99999,0.000000,0.000000,0.000000,0.000000,0.000000,0.000000,0.000000,0.000000,0.000000,0.000000,0.000000,0.000000,0.000000,0.000000,0,0,0,0
"-14,18",0,0,0,0,12,4,99999,99999,99999,99999,99999,99999,0.000000,0.000000,0.000000,0.000000,0.000000,0.000000,0.000000,0.000000,0.000000,0.000000,0.000000,0.000000,0.000000,0.000000,0,0,0,0
"-14,19",0,0,0,0,14,4,99999,99999,99999,99999,99999,99999,0.000000,0.000000,0.000000,0.000000,0.000000,0.000000,0.000000,0.000000,0.000000,0.000000,0.000000,0.000000,0.000000,0.000000,0,0,0,0
"-14,20",0,0,0,0,17,4,99999,99999,99999,99999,99999,99999,0.000000,0.000000,0.000000,0.000000,0.000000,0.000000,0.000000,0.000000,0.000000,0.000000,0.000000,0.000000,0.000000,0.000000,0,0,0,0
"-14,21",0,0,0,0,10,4,99999,99999,99999,99999,99999,99999,0.000000,0.000000,0.000000,0.000000,0.000000,0.000000,0.000000,0.000000,0.000000,0.000000,0.000000,0.000000,0.000000,0.000000,0,0,0,0
"-14,22",0,0,0,0,5,4,99999,99999,99999,99999,99999,99999,0.000000,0.000000,0.000000,0.000000,0.000000,0.000000,0.000000,0.000000,0.000000,0.000000,0.000000,0.000000,0.000000,0.000000,0,0,0,0
"-14,23",0,0,0,0,4,4,99999,99999,99999,99999,99999,99999,0.000000,0.000000,0.000000,0.000000,0.000000,0.000000,0.000000,0.000000,0.000000,0.000000,0.000000,0.000000,0.000000,0.000000,0,0,0,0
"-14,24",0,0,0,0,4,4,99999,99999,99999,99999,99999,99999,0.000000,0.000000,0.000000,0.000000,0.000000,0.000000,0.000000,0.000000,0.000000,0.000000,0.000000,0.000000,0.000000,0.000000,0,0,0,0
"-14,25",0,0,0,0,4,4,99999,99999,99999,99999,99999,99999,0.000000,0.000000,0.000000,0.000000,0.000000,0.000000,0.000000,0.000000,0.000000,0.000000,0.000000,0.000000,0.000000,0.000000,0,0,0,0
"-14,26",0,0,0,0,5,4,99999,99999,99999,99999,99999,99999,0.000000,0.000000,0.000000,0.000000,0.000000,0.000000,0.000000,0.000000,0.000000,0.000000,0.000000,0.000000,0.000000,0.000000,0,0,0,0
"-13,-26",0,0,0,0,4,4,99999,99999,99999,99999,99999,99999,0.000000,0.000000,0.000000,0.000000,0.000000,0.000000,0.000000,0.000000,0.000000,0.000000,0.000000,0.000000,0.000000,0.000000,0,0,0,0
"-13,-25",0,0,0,0,4,4,99999,99999,99999,99999,99999,99999,0.000000,0.000000,0.000000,0.000000,0.000000,0.000000,0.000000,0.000000,0.000000,0.000000,0.000000,0.000000,0.000000,0.000000,0,0,0,0
"-13,-24",0,0,0,0,6,4,99999,99999,99999,99999,99999,99999,0.000000,0.000000,0.000000,0.000000,0.000000,0.000000,0.000000,0.000000,0.000000,0.000000,0.000000,0.000000,0.000000,0.000000,0,0,0,0
"-13,-23",0,0,0,0,5,4,99999,99999,99999,99999,99999,99999,0.000000,0.000000,0.000000,0.000000,0.000000,0.000000,0.000000,0.000000,0.000000,0.000000,0.000000,0.000000,0.000000,0.000000,0,0,0,0
"-13,-22",0,0,0,0,14,4,99999,99999,99999,99999,99999,99999,0.000000,0.000000,0.000000,0.000000,0.000000,0.000000,0.000000,0.000000,0.000000,0.000000,0.000000,0.000000,0.000000,0.000000,0,0,0,0
"-13,-21",0,0,0,0,17,4,99999,99999,99999,99999,99999,99999,0.000000,0.000000,0.000000,0.000000,0.000000,0.000000,0.000000,0.000000,0.000000,0.000000,0.000000,0.000000,0.000000,0.000000,0,0,0,0
"-13,-20",0,0,0,0,16,4,99999,99999,99999,99999,99999,99999,0.000000,0.000000,0.000000,0.000000,0.000000,0.000000,0.000000,0.000000,0.000000,0.000000,0.000000,0.000000,0.000000,0.000000,0,0,0,0
"-13,-19",0,0,0,0,18,4,99999,99999,99999,99999,99999,99999,0.000000,0.000000,0.000000,0.000000,0.000000,0.000000,0.000000,0.000000,0.000000,0.000000,0.000000,0.000000,0.000000,0.000000,0,0,0,0
"-13,-18",0,0,0,0,15,4,99999,99999,99999,99999,99999,99999,0.000000,0.000000,0.000000,0.000000,0.000000,0.000000,0.000000,0.000000,0.000000,0.000000,0.000000,0.000000,0.000000,0.000000,0,0,0,0
"-13,-17",0,0,0,0,16,4,99999,99999,99999,99999,99999,99999,0.000000,0.000000,0.000000,0.000000,0.000000,0.000000,0.000000,0.000000,0.000000,0.000000,0.000000,0.000000,0.000000,0.000000,0,0,0,0
"-13,-16",0,0,0,0,20,4,99999,99999,99999,99999,99999,99999,0.000000,0.000000,0.000000,0.000000,0.000000,0.000000,0.000000,0.000000,0.000000,0.000000,0.000000,0.000000,0.000000,0.000000,0,0,0,0
"-13,-15",0,0,0,0,19,4,99999,99999,99999,99999,99999,99999,0.000000,0.000000,0.000000,0.000000,0.000000,0.000000,0.000000,0.000000,0.000000,0.000000,0.000000,0.000000,0.000000,0.000000,0,0,0,0
"-13,-14",0,0,0,0,17,4,99999,99999,99999,99999,99999,99999,0.000000,0.000000,0.000000,0.000000,0.000000,0.000000,0.000000,0.000000,0.000000,0.000000,0.000000,0.000000,0.000000,0.000000,0,0,0,0
"-13,-13",0,0,0,0,85,4,99999,99999,99999,99999,99999,99999,0.000000,0.000000,0.000000,0.000000,0.000000,0.000000,0.000000,0.000000,0.000000,0.000000,0.000000,0.000000,0.000000,0.000000,0,0,0,0
"-13,-12",0,0,0,0,154,4,99999,99999,99999,99999,99999,99999,0.000000,0.000000,0.000000,0.000000,0.000000,0.000000,0.000000,0.000000,0.000000,0.000000,0.000000,0.000000,0.000000,0.000000,0,0,0,0
"-13,-11",0,0,0,0,155,4,99999,99999,99999,99999,99999,99999,0.000000,0.000000,0.000000,0.000000,0.000000,0.000000,0.000000,0.000000,0.000000,0.000000,0.000000,0.000000,0.000000,0.000000,0,0,0,0
"-13,-10",0,0,0,0,154,4,99999,99999,99999,99999,99999,99999,0.000000,0.000000,0.000000,0.000000,0.000000,0.000000,0.000000,0.000000,0.000000,0.000000,0.000000,0.000000,0.000000,0.000000,0,0,0,0
"-13,-9",0,0,0,0,157,4,99999,99999,99999,99999,99999,99999,0.000000,0.000000,0.000000,0.000000,0.000000,0.000000,0.000000,0.000000,0.000000,0.000000,0.000000,0.000000,0.000000,0.000000,0,0,0,0
"-13,-8",0,0,0,0,166,4,99999,99999,99999,99999,99999,99999,0.000000,0.000000,0.000000,0.000000,0.000000,0.000000,0.000000,0.000000,0.000000,0.000000,0.000000,0.000000,0.000000,0.000000,0,0,0,0
"-13,-7",0,0,0,0,139,4,99999,99999,99999,99999,99999,99999,0.000000,0.000000,0.000000,0.000000,0.000000,0.000000,0.000000,0.000000,0.000000,0.000000,0.000000,0.000000,0.000000,0.000000,0,0,0,0
"-13,-6",0,0,0,0,151,4,99999,99999,99999,99999,99999,99999,0.000000,0.000000,0.000000,0.000000,0.000000,0.000000,0.000000,0.000000,0.000000,0.000000,0.000000,0.000000,0.000000,0.000000,0,0,0,0
"-13,-5",0,0,0,0,155,4,99999,99999,99999,99999,99999,99999,0.000000,0.000000,0.000000,0.000000,0.000000,0.000000,0.000000,0.000000,0.000000,0.000000,0.000000,0.000000,0.000000,0.000000,0,0,0,0
"-13,-4",0,0,0,0,148,4,99999,99999,99999,99999,99999,99999,0.000000,0.000000,0.000000,0.000000,0.000000,0.000000,0.000000,0.000000,0.000000,0.000000,0.000000,0.000000,0.000000,0.000000,0,0,0,0
"-13,-3",0,0,0,0,156,4,99999,99999,99999,99999,99999,99999,0.000000,0.000000,0.000000,0.000000,0.000000,0.000000,0.000000,0.000000,0.000000,0.000000,0.000000,0.000000,0.000000,0.000000,0,0,0,0
"-13,-2",0,0,0,0,154,4,99999,99999,99999,99999,99999,99999,0.000000,0.000000,0.000000,0.000000,0.000000,0.000000,0.000000,0.000000,0.000000,0.000000,0.000000,0.000000,0.000000,0.000000,0,0,0,0
"-13,-1",0,0,0,0,135,4,99999,99999,99999,99999,99999,99999,0.000000,0.000000,0.000000,0.000000,0.000000,0.000000,0.000000,0.000000,0.000000,0.000000,0.000000,0.000000,0.000000,0.000000,0,0,0,0
"-13,0",0,0,0,0,151,4,99999,99999,99999,99999,99999,99999,0.000000,0.000000,0.000000,0.000000,0.000000,0.000000,0.000000,0.000000,0.000000,0.000000,0.000000,0.000000,0.000000,0.000000,0,0,0,0
"-13,1",0,0,0,0,146,4,99999,99999,99999,99999,99999,99999,0.000000,0.000000,0.000000,0.000000,0.000000,0.000000,0.000000,0.000000,0.000000,0.000000,0.000000,0.000000,0.000000,0.000000,0,0,0,0
"-13,2",0,0,0,0,153,4,99999,99999,99999,99999,99999,99999,0.000000,0.000000,0.000000,0.000000,0.000000,0.000000,0.000000,0.000000,0.000000,0.000000,0.000000,0.000000,0.000000,0.000000,0,0,0,0
"-13,3",0,0,0,0,141,4,99999,99999,99999,99999,99999,99999,0.000000,0.000000,0.000000,0.000000,0.000000,0.000000,0.000000,0.000000,0.000000,0.000000,0.000000,0.000000,0.000000,0.000000,0,0,0,0
"-13,4",0,0,0,0,152,4,99999,99999,99999,99999,99999,99999,0.000000,0.000000,0.000000,0.000000,0.000000,0.000000,0.000000,0.000000,0.000000,0.000000,0.000000,0.000000,0.000000,0.000000,0,0,0,0
"-13,5",0,0,0,0,155,4,99999,99999,99999,99999,99999,99999,0.000000,0.000000,0.000000,0.000000,0.000000,0.000000,0.000000,0.000000,0.000000,0.000000,0.000000,0.000000,0.000000,0.000000,0,0,0,0
"-13,6",0,0,0,0,150,4,99999,99999,99999,99999,99999,99999,0.000000,0.000000,0.000000,0.000000,0.000000,0.000000,0.000000,0.000000,0.000000,0.000000,0.000000,0.000000,0.000000,0.000000,0,0,0,0
"-13,7",0,0,0,0,149,4,99999,99999,99999,99999,99999,99999,0.000000,0.000000,0.000000,0.000000,0.000000,0.000000,0.000000,0.000000,0.000000,0.000000,0.000000,0.000000,0.000000,0.000000,0,0,0,0
"-13,8",0,0,0,0,156,4,99999,99999,99999,99999,99999,99999,0.000000,0.000000,0.000000,0.000000,0.000000,0.000000,0.000000,0.000000,0.000000,0.000000,0.000000,0.000000,0.000000,0.000000,0,0,0,0
"-13,9",0,0,0,0,141,4,99999,99999,99999,99999,99999,99999,0.000000,0.000000,0.000000,0.000000,0.000000,0.000000,0.000000,0.000000,0.000000,0.000000,0.000000,0.000000,0.000000,0.000000,0,0,0,0
"-13,10",0,0,0,0,135,4,99999,99999,99999,99999,99999,99999,0.000000,0.000000,0.000000,0.000000,0.000000,0.000000,0.000000,0.000000,0.000000,0.000000,0.000000,0.000000,0.000000,0.000000,0,0,0,0
"-13,11",0,0,0,0,149,4,99999,99999,99999,99999,99999,99999,0.000000,0.000000,0.000000,0.000000,0.000000,0.000000,0.000000,0.000000,0.000000,0.000000,0.000000,0.000000,0.000000,0.000000,0,0,0,0
"-13,12",0,0,0,0,155,4,99999,99999,99999,99999,99999,99999,0.000000,0.000000,0.000000,0.000000,0.000000,0.000000,0.000000,0.000000,0.000000,0.000000,0.000000,0.000000,0.000000,0.000000,0,0,0,0
"-13,13",0,0,0,0,147,4,99999,99999,99999,99999,99999,99999,0.000000,0.000000,0.000000,0.000000,0.000000,0.000000,0.000000,0.000000,0.000000,0.000000,0.000000,0.000000,0.000000,0.000000,0,0,0,0
"-13,14",0,0,0,0,15,4,99999,99999,99999,99999,99999,99999,0.000000,0.000000,0.000000,0.000000,0.000000,0.000000,0.000000,0.000000,0.000000,0.000000,0.000000,0.000000,0.000000,0.000000,0,0,0,0
"-13,15",0,0,0,0,19,4,99999,99999,99999,99999,99999,99999,0.000000,0.000000,0.000000,0.000000,0.000000,0.000000,0.000000,0.000000,0.000000,0.000000,0.000000,0.000000,0.000000,0.000000,0,0,0,0
"-13,16",0,0,0,0,16,4,99999,99999,99999,99999,99999,99999,0.000000,0.000000,0.000000,0.000000,0.000000,0.000000,0.000000,0.000000,0.000000,0.000000,0.000000,0.000000,0.000000,0.000000,0,0,0,0
"-13,17",0,0,0,0,21,4,99999,99999,99999,99999,99999,99999,0.000000,0.000000,0.000000,0.000000,0.000000,0.000000,0.000000,0.000000,0.000000,0.000000,0.000000,0.000000,0.000000,0.000000,0,0,0,0
"-13,18",0,0,0,0,17,4,99999,99999,99999,99999,99999,99999,0.000000,0.000000,0.000000,0.000000,0.000000,0.000000,0.000000,0.000000,0.000000,0.000000,0.000000,0.000000,0.000000,0.000000,0,0,0,0
"-13,19",0,0,0,0,19,4,99999,99999,99999,99999,99999,99999,0.000000,0.000000,0.000000,0.000000,0.000000,0.000000,0.000000,0.000000,0.000000,0.000000,0.000000,0.000000,0.000000,0.000000,0,0,0,0
"-13,20",0,0,0,0,17,4,99999,99999,99999,99999,99999,99999,0.000000,0.000000,0.000000,0.000000,0.000000,0.000000,0.000000,0.000000,0.000000,0.000000,0.000000,0.000000,0.000000,0.000000,0,0,0,0
"-13,21",0,0,0,0,18,4,99999,99999,99999,99999,99999,99999,0.000000,0.000000,0.000000,0.000000,0.000000,0.000000,0.000000,0.000000,0.000000,0.000000,0.000000,0.000000,0.000000,0.000000,0,0,0,0
"-13,22",0,0,0,0,16,4,99999,99999,99999,99999,99999,99999,0.000000,0.000000,0.000000,0.000000,0.000000,0.000000,0.000000,0.000000,0.000000,0.000000,0.000000,0.000000,0.000000,0.000000,0,0,0,0
"-13,23",0,0,0,0,5,4,99999,99999,99999,99999,99999,99999,0.000000,0.000000,0.000000,0.000000,0.000000,0.000000,0.000000,0.000000,0.000000,0.000000,0.000000,0.000000,0.000000,0.000000,0,0,0,0
"-13,24",0,0,0,0,5,4,99999,99999,99999,99999,99999,99999,0.000000,0.000000,0.000000,0.000000,0.000000,0.000000,0.000000,0.000000,0.000000,0.000000,0.000000,0.000000,0.000000,0.000000,0,0,0,0
"-13,25",0,0,0,0,5,4,99999,99999,99999,99999,99999,99999,0.000000,0.000000,0.000000,0.000000,0.000000,0.000000,0.000000,0.000000,0.000000,0.000000,0.000000,0.000000,0.000000,0.000000,0,0,0,0
"-13,26",0,0,0,0,5,4,99999,99999,99999,99999,99999,99999,0.000000,0.000000,0.000000,0.000000,0.000000,0.000000,0.000000,0.000000,0.000000,0.000000,0.000000,0.000000,0.000000,0.000000,0,0,0,0
"-12,-26",0,0,0,0,4,4,99999,99999,99999,99999,99999,99999,0.000000,0.000000,0.000000,0.000000,0.000000,0.000000,0.000000,0.000000,0.000000,0.000000,0.000000,0.000000,0.000000,0.000000,0,0,0,0
"-12,-25",0,0,0,0,5,4,99999,99999,99999,99999,99999,99999,0.000000,0.000000,0.000000,0.000000,0.000000,0.000000,0.000000,0.000000,0.000000,0.000000,0.000000,0.000000,0.000000,0.000000,0,0,0,0
"-12,-24",0,0,0,0,4,4,99999,99999,99999,99999,99999,99999,0.000000,0.000000,0.000000,0.000000,0.000000,0.000000,0.000000,0.000000,0.000000,0.000000,0.000000,0.000000,0.000000,0.000000,0,0,0,0
"-12,-23",0,0,0,0,17,4,99999,99999,99999,99999,99999,99999,0.000000,0.000000,0.000000,0.000000,0.000000,0.000000,0.000000,0.000000,0.000000,0.000000,0.000000,0.000000,0.000000,0.000000,0,0,0,0
"-12,-22",0,0,0,0,15,4,99999,99999,99999,99999,99999,99999,0.000000,0.000000,0.000000,0.000000,0.000000,0.000000,0.000000,0.000000,0.000000,0.000000,0.000000,0.000000,0.000000,0.000000,0,0,0,0
"-12,-21",0,0,0,0,16,4,99999,99999,99999,99999,99999,99999,0.000000,0.000000,0.000000,0.000000,0.000000,0.000000,0.000000,0.000000,0.000000,0.000000,0.000000,0.000000,0.000000,0.000000,0,0,0,0
"-12,-20",0,0,0,0,13,4,99999,99999,99999,99999,99999,99999,0.000000,0.000000,0.000000,0.000000,0.000000,0.000000,0.000000,0.000000,0.000000,0.000000,0.000000,0.000000,0.000000,0.000000,0,0,0,0
"-12,-19",0,0,0,0,15,4,99999,99999,99999,99999,99999,99999,0.000000,0.000000,0.000000,0.000000,0.000000,0.000000,0.000000,0.000000,0.000000,0.000000,0.000000,0.000000,0.000000,0.000000,0,0,0,0
"-12,-18",0,0,0,0,19,4,99999,99999,99999,99999,99999,99999,0.000000,0.000000,0.000000,0.000000,0.000000,0.000000,0.000000,0.000000,0.000000,0.000000,0.000000,0.000000,0.000000,0.000000,0,0,0,0
"-12,-17",0,0,0,0,15,4,99999,99999,99999,99999,99999,99999,0.000000,0.000000,0.000000,0.000000,0.000000,0.000000,0.000000,0.000000,0.000000,0.000000,0.000000,0.000000,0.000000,0.000000,0,0,0,0
"-12,-16",0,0,0,0,21,4,99999,99999,99999,99999,99999,99999,0.000000,0.000000,0.000000,0.000000,0.000000,0.000000,0.000000,0.000000,0.000000,0.000000,0.000000,0.000000,0.000000,0.000000,0,0,0,0
"-12,-15",0,0,0,0,148,4,99999,99999,99999,99999,99999,99999,0.000000,0.000000,0.000000,0.000000,0.000000,0.000000,0.000000,0.000000,0.000000,0.000000,0.000000,0.000000,0.000000,0.000000,0,0,0,0
"-12,-14",0,0,0,0,147,4,99999,99999,99999,99999,99999,99999,0.000000,0.000000,0.000000,0.000000,0.000000,0.000000,0.000000,0.000000,0.000000,0.000000,0.000000,0.000000,0.000000,0.000000,0,0,0,0
"-12,-13",0,0,0,0,145,4,99999,99999,99999,99999,99999,99999,0.000000,0.000000,0.000000,0.000000,0.000000,0.000000,0.000000,0.000000,0.000000,0.000000,0.000000,0.000000,0.000000,0.000000,0,0,0,0
"-12,-12",0,0,0,0,152,4,99999,99999,99999,99999,99999,99999,0.000000,0.000000,0.000000,0.000000,0.000000,0.000000,0.000000,0.000000,0.000000,0.000000,0.000000,0.000000,0.000000,0.000000,0,0,0,0
"-12,-11",0,0,0,0,151,4,99999,99999,99999,99999,99999,99999,0.000000,0.000000,0.000000,0.000000,0.000000,0.000000,0.000000,0.000000,0.000000,0.000000,0.000000,0.000000,0.000000,0.000000,0,0,0,0
"-12,-10",0,0,0,0,151,4,99999,99999,99999,99999,99999,99999,0.000000,0.000000,0.000000,0.000000,0.000000,0.000000,0.000000,0.000000,0.000000,0.000000,0.000000,0.000000,0.000000,0.000000,0,0,0,0
"-12,-9",0,0,0,0,143,4,99999,99999,99999,99999,99999,99999,0.000000,0.000000,0.000000,0.000000,0.000000,0.000000,0.000000,0.000000,0.000000,0.000000,0.000000,0.000000,0.000000,0.000000,0,0,0,0
"-12,-8",0,0,0,0,143,4,99999,99999,99999,99999,99999,99999,0.000000,0.000000,0.000000,0.000000,0.000000,0.000000,0.000000,0.000000,0.000000,0.000000,0.000000,0.000000,0.000000,0.000000,0,0,0,0
"-12,-7",0,0,0,0,149,4,99999,99999,99999,99999,99999,99999,0.000000,0.000000,0.000000,0.000000,0.000000,0.000000,0.000000,0.000000,0.000000,0.000000,0.000000,0.000000,0.000000,0.000000,0,0,0,0
"-12,-6",0,0,0,0,136,4,99999,99999,99999,99999,99999,99999,0.000000,0.000000,0.000000,0.000000,0.000000,0.000000,0.000000,0.000000,0.000000,0.000000,0.000000,0.000000,0.000000,0.000000,0,0,0,0
"-12,-5",0,0,0,0,155,4,99999,99999,99999,99999,99999,99999,0.000000,0.000000,0.000000,0.000000,0.000000,0.000000,0.000000,0.000000,0.000000,0.000000,0.000000,0.000000,0.000000,0.000000,0,0,0,0
"-12,-4",0,0,0,0,145,4,99999,99999,99999,99999,99999,99999,0.000000,0.000000,0.000000,0.000000,0.000000,0.000000,0.000000,0.000000,0.000000,0.000000,0.000000,0.000000,0.000000,0.000000,0,0,0,0
"-12,-3",0,0,0,0,159,4,99999,99999,99999,99999,99999,99999,0.000000,0.000000,0.000000,0.000000,0.000000,0.000000,0.000000,0.000000,0.000000,0.000000,0.000000,0.000000,0.000000,0.000000,0,0,0,0
"-12,-2",0,0,0,0,155,4,99999,99999,99999,99999,99999,99999,0.000000,0.000000,0.000000,0.000000,0.000000,0.000000,0.000000,0.000000,0.000000,0.000000,0.000000,0.000000,0.000000,0.000000,0,0,0,0
"-12,-1",0,0,0,0,143,4,99999,99999,99999,99999,99999,99999,0.000000,0.000000,0.000000,0.000000,0.000000,0.000000,0.000000,0.000000,0.000000,0.000000,0.000000,0.000000,0.000000,0.000000,0,0,0,0
"-12,0",0,0,0,0,164,4,99999,99999,99999,99999,99999,99999,0.000000,0.000000,0.000000,0.000000,0.000000,0.000000,0.000000,0.000000,0.000000,0.000000,0.000000,0.000000,0.000000,0.000000,0,0,0,0
"-12,1",0,0,0,0,134,4,99999,99999,99999,99999,99999,99999,0.000000,0.000000,0.000000,0.000000,0.000000,0.000000,0.000000,0.000000,0.000000,0.000000,0.000000,0.000000,0.000000,0.000000,0,0,0,0
"-12,2",0,0,0,0,169,4,99999,99999,99999,99999,99999,99999,0.000000,0.000000,0.000000,0.000000,0.000000,0.000000,0.000000,0.000000,0.000000,0.000000,0.000000,0.000000,0.000000,0.000000,0,0,0,0
"-12,3",0,0,0,0,168,4,99999,99999,99999,99999,99999,99999,0.000000,0.000000,0.000000,0.000000,0.000000,0.000000,0.000000,0.000000,0.000000,0.000000,0.000000,0.000000,0.000000,0.000000,0,0,0,0
"-12,4",0,0,0,0,152,4,99999,99999,99999,99999,99999,99999,0.000000,0.000000,0.000000,0.000000,0.000000,0.000000,0.000000,0.000000,0.000000,0.000000,0.000000,0.000000,0.000000,0.000000,0,0,0,0
"-12,5",0,0,0,0,154,4,99999,99999,99999,99999,99999,99999,0.000000,0.000000,0.000000,0.000000,0.000000,0.000000,0.000000,0.000000,0.000000,0.000000,0.000000,0.000000,0.000000,0.000000,0,0,0,0
"-12,6",0,0,0,0,146,4,99999,99999,99999,99999,99999,99999,0.000000,0.000000,0.000000,0.000000,0.000000,0.000000,0.000000,0.000000,0.000000,0.000000,0.000000,0.000000,0.000000,0.000000,0,0,0,0
"-12,7",0,0,0,0,146,4,99999,99999,99999,99999,99999,99999,0.000000,0.000000,0.000000,0.000000,0.000000,0.000000,0.000000,0.000000,0.000000,0.000000,0.000000,0.000000,0.000000,0.000000,0,0,0,0
"-12,8",0,0,0,0,145,4,99999,99999,99999,99999,99999,99999,0.000000,0.000000,0.000000,0.000000,0.000000,0.000000,0.000000,0.000000,0.000000,0.000000,0.000000,0.000000,0.000000,0.000000,0,0,0,0
"-12,9",0,0,0,0,155,4,99999,99999,99999,99999,99999,99999,0.000000,0.000000,0.000000,0.000000,0.000000,0.000000,0.000000,0.000000,0.000000,0.000000,0.000000,0.000000,0.000000,0.000000,0,0,0,0
"-12,10",0,0,0,0,155,4,99999,99999,99999,99999,99999,99999,0.000000,0.000000,0.000000,0.000000,0.000000,0.000000,0.000000,0.000000,0.000000,0.000000,0.000000,0.000000,0.000000,0.000000,0,0,0,0
"-12,11",0,0,0,0,152,4,99999,99999,99999,99999,99999,99999,0.000000,0.000000,0.000000,0.000000,0.000000,0.000000,0.000000,0.000000,0.000000,0.000000,0.000000,0.000000,0.000000,0.000000,0,0,0,0
"-12,12",0,0,0,0,141,4,99999,99999,99999,99999,99999,99999,0.000000,0.000000,0.000000,0.000000,0.000000,0.000000,0.000000,0.000000,0.000000,0.000000,0.000000,0.000000,0.000000,0.000000,0,0,0,0
"-12,13",0,0,0,0,144,4,99999,99999,99999,99999,99999,99999,0.000000,0.000000,0.000000,0.000000,0.000000,0.000000,0.000000,0.000000,0.000000,0.000000,0.000000,0.000000,0.000000,0.000000,0,0,0,0
"-12,14",0,0,0,0,144,4,99999,99999,99999,99999,99999,99999,0.000000,0.000000,0.000000,0.000000,0.000000,0.000000,0.000000,0.000000,0.000000,0.000000,0.000000,0.000000,0.000000,0.000000,0,0,0,0
"-12,15",0,0,0,0,154,4,99999,99999,99999,99999,99999,99999,0.000000,0.000000,0.000000,0.000000,0.000000,0.000000,0.000000,0.000000,0.000000,0.000000,0.000000,0.000000,0.000000,0.000000,0,0,0,0
"-12,16",0,0,0,0,19,4,99999,99999,99999,99999,99999,99999,0.000000,0.000000,0.000000,0.000000,0.000000,0.000000,0.000000,0.000000,0.000000,0.000000,0.000000,0.000000,0.000000,0.000000,0,0,0,0
"-12,17",0,0,0,0,15,4,99999,99999,99999,99999,99999,99999,0.000000,0.000000,0.000000,0.000000,0.000000,0.000000,0.000000,0.000000,0.000000,0.000000,0.000000,0.000000,0.000000,0.000000,0,0,0,0
"-12,18",0,0,0,0,18,4,99999,99999,99999,99999,99999,99999,0.000000,0.000000,0.000000,0.000000,0.000000,0.000000,0.000000,0.000000,0.000000,0.000000,0.000000,0.000000,0.000000,0.000000,0,0,0,0
"-12,19",0,0,0,0,17,4,99999,99999,99999,99999,99999,99999,0.000000,0.000000,0.000000,0.000000,0.000000,0.000000,0.000000,0.000000,0.000000,0.000000,0.000000,0.000000,0.000000,0.000000,0,0,0,0
"-12,20",0,0,0,0,19,4,99999,99999,99999,99999,99999,99999,0.000000,0.000000,0.000000,0.000000,0.000000,0.000000,0.000000,0.000000,0.000000,0.000000,0.000000,0.000000,0.000000,0.000000,0,0,0,0
"-12,21",0,0,0,0,17,4,99999,99999,99999,99999,99999,99999,0.000000,0.000000,0.000000,0.000000,0.000000,0.000000,0.000000,0.000000,0.000000,0.000000,0.000000,0.000000,0.000000,0.000000,0,0,0,0
"-12,22",0,0,0,0,11,4,99999,99999,99999,99999,99999,99999,0.000000,0.000000,0.000000,0.000000,0.000000,0.000000,0.000000,0.000000,0.000000,0.000000,0.000000,0.000000,0.000000,0.000000,0,0,0,0
"-12,23",0,0,0,0,17,4,99999,99999,99999,99999,99999,99999,0.000000,0.000000,0.000000,0.000000,0.000000,0.000000,0.000000,0.000000,0.000000,0.000000,0.000000,0.000000,0.000000,0.000000,0,0,0,0
"-12,24",0,0,0,0,6,4,99999,99999,99999,99999,99999,99999,0.000000,0.000000,0.000000,0.000000,0.000000,0.000000,0.000000,0.000000,0.000000,0.000000,0.000000,0.000000,0.000000,0.000000,0,0,0,0
"-12,25",0,0,0,0,5,4,99999,99999,99999,99999,99999,99999,0.000000,0.000000,0.000000,0.000000,0.000000,0.000000,0.000000,0.000000,0.000000,0.000000,0.000000,0.000000,0.000000,0.000000,0,0,0,0
"-12,26",0,0,0,0,5,4,99999,99999,99999,99999,99999,99999,0.000000,0.000000,0.000000,0.000000,0.000000,0.000000,0.000000,0.000000,0.000000,0.000000,0.000000,0.000000,0.000000,0.000000,0,0,0,0
"-11,-26",0,0,0,0,6,4,99999,99999,99999,99999,99999,99999,0.000000,0.000000,0.000000,0.000000,0.000000,0.000000,0.000000,0.000000,0.000000,0.000000,0.000000,0.000000,0.000000,0.000000,0,0,0,0
"-11,-25",0,0,0,0,14,4,99999,99999,99999,99999,99999,99999,0.000000,0.000000,0.000000,0.000000,0.000000,0.000000,0.000000,0.000000,0.000000,0.000000,0.000000,0.000000,0.000000,0.000000,0,0,0,0
"-11,-24",0,0,0,0,16,4,99999,99999,99999,99999,99999,99999,0.000000,0.000000,0.000000,0.000000,0.000000,0.000000,0.000000,0.000000,0.000000,0.000000,0.000000,0.000000,0.000000,0.000000,0,0,0,0
"-11,-23",0,0,0,0,16,4,99999,99999,99999,99999,99999,99999,0.000000,0.000000,0.000000,0.000000,0.000000,0.000000,0.000000,0.000000,0.000000,0.000000,0.000000,0.000000,0.000000,0.000000,0,0,0,0
"-11,-22",0,0,0,0,18,4,99999,99999,99999,99999,99999,99999,0.000000,0.000000,0.000000,0.000000,0.000000,0.000000,0.000000,0.000000,0.000000,0.000000,0.000000,0.000000,0.000000,0.000000,0,0,0,0
"-11,-21",0,0,0,0,16,4,99999,99999,99999,99999,99999,99999,0.000000,0.000000,0.000000,0.000000,0.000000,0.000000,0.000000,0.000000,0.000000,0.000000,0.000000,0.000000,0.000000,0.000000,0,0,0,0
"-11,-20",0,0,0,0,17,4,99999,99999,99999,99999,99999,99999,0.000000,0.000000,0.000000,0.000000,0.000000,0.000000,0.000000,0.000000,0.000000,0.000000,0.000000,0.000000,0.000000,0.000000,0,0,0,0
"-11,-19",0,0,0,0,14,4,99999,99999,99999,99999,99999,99999,0.000000,0.000000,0.000000,0.000000,0.000000,0.000000,0.000000,0.000000,0.000000,0.000000,0.000000,0.000000,0.000000,0.000000,0,0,0,0
"-11,-18",0,0,0,0,19,4,99999,99999,99999,99999,99999,99999,0.000000,0.000000,0.000000,0.000000,0.000000,0.000000,0.000000,0.000000,0.000000,0.000000,0.000000,0.000000,0.000000,0.000000,0,0,0,0
"-11,-17",0,0,0,0,162,4,99999,99999,99999,99999,99999,99999,0.000000,0.000000,0.000000,0.000000,0.000000,0.000000,0.000000,0.000000,0.000000,0.000000,0.000000,0.000000,0.000000,0.000000,0,0,0,0
"-11,-16",0,0,0,0,147,4,99999,99999,99999,99999,99999,99999,0.000000,0.000000,0.000000,0.000000,0.000000,0.000000,0.000000,0.000000,0.000000,0.000000,0.000000,0.000000,0.000000,0.000000,0,0,0,0
"-11,-15",0,0,0,0,150,4,99999,99999,99999,99999,99999,99999,0.000000,0.000000,0.000000,0.000000,0.000000,0.000000,0.000000,0.000000,0.000000,0.000000,0.000000,0.000000,0.000000,0.000000,0,0,0,0
"-11,-14",0,0,0,0,155,4,99999,99999,99999,99999,99999,99999,0.000000,0.000000,0.000000,0.000000,0.000000,0.000000,0.000000,0.000000,0.000000,0.000000,0.000000,0.000000,0.000000,0.000000,0,0,0,0
"-11,-13",0,0,0,0,153,4,99999,99999,99999,99999,99999,99999,0.000000,0.000000,0.000000,0.000000,0.000000,0.000000,0.000000,0.000000,0.000000,0.000000,0.000000,0.000000,0.000000,0.000000,0,0,0,0
"-11,-12",0,0,0,0,144,4,99999,99999,99999,99999,99999,99999,0.000000,0.000000,0.000000,0.000000,0.000000,0.000000,0.000000,0.000000,0.000000,0.000000,0.000000,0.000000,0.000000,0.000000,0,0,0,0
"-11,-11",0,0,0,0,158,4,99999,99999,99999,99999,99999,99999,0.000000,0.000000,0.000000,0.000000,0.000000,0.000000,0.000000,0.000000,0.000000,0.000000,0.000000,0.000000,0.000000,0.000000,0,0,0,0
"-11,-10",0,0,0,0,159,4,99999,99999,99999,99999,99999,99999,0.000000,0.000000,0.000000,0.000000,0.000000,0.000000,0.000000,0.000000,0.000000,0.000000,0.000000,0.000000,0.000000,0.000000,0,0,0,0
"-11,-9",0,0,0,0,164,4,99999,99999,99999,99999,99999,99999,0.000000,0.000000,0.000000,0.000000,0.000000,0.000000,0.000000,0.000000,0.000000,0.000000,0.000000,0.000000,0.000000,0.000000,0,0,0,0
"-11,-8",0,0,0,0,148,4,99999,99999,99999,99999,99999,99999,0.000000,0.000000,0.000000,0.000000,0.000000,0.000000,0.000000,0.000000,0.000000,0.000000,0.000000,0.000000,0.000000,0.000000,0,0,0,0
"-11,-7",0,0,0,0,147,4,99999,99999,99999,99999,99999,99999,0.000000,0.000000,0.000000,0.000000,0.000000,0.000000,0.000000,0.000000,0.000000,0.000000,0.000000,0.000000,0.000000,0.000000,0,0,0,0
"-11,-6",0,0,0,0,146,4,99999,99999,99999,99999,99999,99999,0.000000,0.000000,0.000000,0.000000,0.000000,0.000000,0.000000,0.000000,0.000000,0.000000,0.000000,0.000000,0.000000,0.000000,0,0,0,0
"-11,-5",0,0,0,0,155,4,99999,99999,99999,99999,99999,99999,0.000000,0.000000,0.000000,0.000000,0.000000,0.000000,0.000000,0.000000,0.000000,0.000000,0.000000,0.000000,0.000000,0.000000,0,0,0,0
"-11,-4",0,0,0,0,147,4,99999,99999,99999,99999,99999,99999,0.000000,0.000000,0.000000,0.000000,0.000000,0.000000,0.000000,0.000000,0.000000,0.000000,0.000000,0.000000,0.000000,0.000000,0,0,0,0
"-11,-3",0,0,0,0,158,4,99999,99999,99999,99999,99999,99999,0.000000,0.000000,0.000000,0.000000,0.000000,0.000000,0.000000,0.000000,0.000000,0.000000,0.000000,0.000000,0.000000,0.000000,0,0,0,0
"-11,-2",0,0,0,0,153,4,99999,99999,99999,99999,99999,99999,0.000000,0.000000,0.000000,0.000000,0.000000,0.000000,0.000000,0.000000,0.000000,0.000000,0.000000,0.000000,0.000000,0.000000,0,0,0,0
"-11,-1",0,0,0,0,140,4,99999,99999,99999,99999,99999,99999,0.000000,0.000000,0.000000,0.000000,0.000000,0.000000,0.000000,0.000000,0.000000,0.000000,0.000000,0.000000,0.000000,0.000000,0,0,0,0
"-11,0",0,0,0,0,144,4,99999,99999,99999,99999,99999,99999,0.000000,0.000000,0.000000,0.000000,0.000000,0.000000,0.000000,0.000000,0.000000,0.000000,0.000000,0.000000,0.000000,0.000000,0,0,0,0
"-11,1",0,0,0,0,156,4,99999,99999,99999,99999,99999,99999,0.000000,0.000000,0.000000,0.000000,0.000000,0.000000,0.000000,0.000000,0.000000,0.000000,0.000000,0.000000,0.000000,0.000000,0,0,0,0
"-11,2",0,0,0,0,146,4,99999,99999,99999,99999,99999,99999,0.000000,0.000000,0.000000,0.000000,0.000000,0.000000,0.000000,0.000000,0.000000,0.000000,0.000000,0.000000,0.000000,0.000000,0,0,0,0
"-11,3",0,0,0,0,151,4,99999,99999,99999,99999,99999,99999,0.000000,0.000000,0.000000,0.000000,0.000000,0.000000,0.000000,0.000000,0.000000,0.000000,0.000000,0.000000,0.000000,0.000000,0,0,0,0
"-11,4",0,0,0,0,157,4,99999,99999,99999,99999,99999,99999,0.000000,0.000000,0.000000,0.000000,0.000000,0.000000,0.000000,0.000000,0.000000,0.000000,0.000000,0.000000,0.000000,0.000000,0,0,0,0
"-11,5",0,0,0,0,150,4,99999,99999,99999,99999,99999,99999,0.000000,0.000000,0.000000,0.000000,0.000000,0.000000,0.000000,0.000000,0.000000,0.000000,0.000000,0.000000,0.000000,0.000000,0,0,0,0
"-11,6",0,0,0,0,149,4,99999,99999,99999,99999,99999,99999,0.000000,0.000000,0.000000,0.000000,0.000000,0.000000,0.000000,0.000000,0.000000,0.000000,0.000000,0.000000,0.000000,0.000000,0,0,0,0
"-11,7",0,0,0,0,144,4,99999,99999,99999,99999,99999,99999,0.000000,0.000000,0.000000,0.000000,0.000000,0.000000,0.000000,0.000000,0.000000,0.000000,0.000000,0.000000,0.000000,0.000000,0,0,0,0
"-11,8",0,0,0,0,156,4,99999,99999,99999,99999,99999,99999,0.000000,0.000000,0.000000,0.000000,0.000000,0.000000,0.000000,0.000000,0.000000,0.000000,0.000000,0.000000,0.000000,0.000000,0,0,0,0
"-11,9",0,0,0,0,149,4,99999,99999,99999,99999,99999,99999,0.000000,0.000000,0.000000,0.000000,0.000000,0.000000,0.000000,0.000000,0.000000,0.000000,0.000000,0.000000,0.000000,0.000000,0,0,0,0
"-11,10",0,0,0,0,140,4,99999,99999,99999,99999,99999,99999,0.000000,0.000000,0.000000,0.000000,0.000000,0.000000,0.000000,0.000000,0.000000,0.000000,0.000000,0.000000,0.000000,0.000000,0,0,0,0
"-11,11",0,0,0,0,142,4,99999,99999,99999,99999,99999,99999,0.000000,0.000000,0.000000,0.000000,0.000000,0.000000,0.000000,0.000000,0.000000,0.000000,0.000000,0.000000,0.000000,0.000000,0,0,0,0
"-11,12",0,0,0,0,156,4,99999,99999,99999,99999,99999,99999,0.000000,0.000000,0.000000,0.000000,0.000000,0.000000,0.000000,0.000000,0.000000,0.000000,0.000000,0.000000,0.000000,0.000000,0,0,0,0
"-11,13",0,0,0,0,151,4,99999,99999,99999,99999,99999,99999,0.000000,0.000000,0.000000,0.000000,0.000000,0.000000,0.000000,0.000000,0.000000,0.000000,0.000000,0.000000,0.000000,0.000000,0,0,0,0
"-11,14",0,0,0,0,152,4,99999,99999,99999,99999,99999,99999,0.000000,0.000000,0.000000,0.000000,0.000000,0.000000,0.000000,0.000000,0.000000,0.000000,0.000000,0.000000,0.000000,0.000000,0,0,0,0
"-11,15",0,0,0,0,160,4,99999,99999,99999,99999,99999,99999,0.000000,0.000000,0.000000,0.000000,0.000000,0.000000,0.000000,0.000000,0.000000,0.000000,0.000000,0.000000,0.000000,0.000000,0,0,0,0
"-11,16",0,0,0,0,158,4,99999,99999,99999,99999,99999,99999,0.000000,0.000000,0.000000,0.000000,0.000000,0.000000,0.000000,0.000000,0.000000,0.000000,0.000000,0.000000,0.000000,0.000000,0,0,0,0
"-11,17",0,0,0,0,151,4,99999,99999,99999,99999,99999,99999,0.000000,0.000000,0.000000,0.000000,0.000000,0.000000,0.000000,0.000000,0.000000,0.000000,0.000000,0.000000,0.000000,0.000000,0,0,0,0
"-11,18",0,0,0,0,18,4,99999,99999,99999,99999,99999,99999,0.000000,0.000000,0.000000,0.000000,0.000000,0.000000,0.000000,0.000000,0.000000,0.000000,0.000000,0.000000,0.000000,0.000000,0,0,0,0
"-11,19",0,0,0,0,15,4,99999,99999,99999,99999,99999,99999,0.000000,0.000000,0.000000,0.000000,0.000000,0.000000,0.000000,0.000000,0.000000,0.000000,0.000000,0.000000,0.000000,0.000000,0,0,0,0
"-11,20",0,0,0,0,13,4,99999,99999,99999,99999,99999,99999,0.000000,0.000000,0.000000,0.000000,0.000000,0.000000,0.000000,0.000000,0.000000,0.000000,0.000000,0.000000,0.000000,0.000000,0,0,0,0
"-11,21",0,0,0,0,20,4,99999,99999,99999,99999,99999,99999,0.000000,0.000000,0.000000,0.000000,0.000000,0.000000,0.000000,0.000000,0.000000,0.000000,0.000000,0.000000,0.000000,0.000000,0,0,0,0
"-11,22",0,0,0,0,12,4,99999,99999,99999,99999,99999,99999,0.000000,0.000000,0.000000,0.000000,0.000000,0.000000,0.000000,0.000000,0.000000,0.000000,0.000000,0.000000,0.000000,0.000000,0,0,0,0
"-11,23",0,0,0,0,14,4,99999,99999,99999,99999,99999,99999,0.000000,0.000000,0.000000,0.000000,0.000000,0.000000,0.000000,0.000000,0.000000,0.000000,0.000000,0.000000,0.000000,0.000000,0,0,0,0
"-11,24",0,0,0,0,19,4,99999,99999,99999,99999,99999,99999,0.000000,0.000000,0.000000,0.000000,0.000000,0.000000,0.000000,0.000000,0.000000,0.000000,0.000000,0.000000,0.000000,0.000000,0,0,0,0
"-11,25",0,0,0,0,20,4,99999,99999,99999,99999,99999,99999,0.000000,0.000000,0.000000,0.000000,0.000000,0.000000,0.000000,0.000000,0.000000,0.000000,0.000000,0.000000,0.000000,0.000000,0,0,0,0
"-11,26",0,0,0,0,5,4,99999,99999,99999,99999,99999,99999,0.000000,0.000000,0.000000,0.000000,0.000000,0.000000,0.000000,0.000000,0.000000,0.000000,0.000000,0.000000,0.000000,0.000000,0,0,0,0
"-10,-26",0,0,0,0,17,4,99999,99999,99999,99999,99999,99999,0.000000,0.000000,0.000000,0.000000,0.000000,0.000000,0.000000,0.000000,0.000000,0.000000,0.000000,0.000000,0.000000,0.000000,0,0,0,0
"-10,-25",0,0,0,0,16,4,99999,99999,99999,99999,99999,99999,0.000000,0.000000,0.000000,0.000000,0.000000,0.000000,0.000000,0.000000,0.000000,0.000000,0.000000,0.000000,0.000000,0.000000,0,0,0,0
"-10,-24",0,0,0,0,14,4,99999,99999,99999,99999,99999,99999,0.000000,0.000000,0.000000,0.000000,0.000000,0.000000,0.000000,0.000000,0.000000,0.000000,0.000000,0.000000,0.000000,0.000000,0,0,0,0
"-10,-23",0,0,0,0,20,4,99999,99999,99999,99999,99999,99999,0.000000,0.000000,0.000000,0.000000,0.000000,0.000000,0.000000,0.000000,0.000000,0.000000,0.000000,0.000000,0.000000,0.000000,0,0,0,0
"-10,-22",0,0,0,0,18,4,99999,99999,99999,99999,99999,99999,0.000000,0.000000,0.000000,0.000000,0.000000,0.000000,0.000000,0.000000,0.000000,0.000000,0.000000,0.000000,0.000000,0.000000,0,0,0,0
"-10,-21",0,0,0,0,15,4,99999,99999,99999,99999,99999,99999,0.000000,0.000000,0.000000,0.000000,0.000000,0.000000,0.000000,0.000000,0.000000,0.000000,0.000000,0.000000,0.000000,0.000000,0,0,0,0
"-10,-20",0,0,0,0,18,4,99999,99999,99999,99999,99999,99999,0.000000,0.000000,0.000000,0.000000,0.000000,0.000000,0.000000,0.000000,0.000000,0.000000,0.000000,0.000000,0.000000,0.000000,0,0,0,0
"-10,-19",0,0,0,0,53,4,99999,99999,99999,99999,99999,99999,0.000000,0.000000,0.000000,0.000000,0.000000,0.000000,0.000000,0.000000,0.000000,0.000000,0.000000,0.000000,0.000000,0.000000,0,0,0,0
"-10,-18",0,0,0,0,144,4,99999,99999,99999,99999,99999,99999,0.000000,0.000000,0.000000,0.000000,0.000000,0.000000,0.000000,0.000000,0.000000,0.000000,0.000000,0.000000,0.000000,0.000000,0,0,0,0
"-10,-17",0,0,0,0,147,4,99999,99999,99999,99999,99999,99999,0.000000,0.000000,0.000000,0.000000,0.000000,0.000000,0.000000,0.000000,0.000000,0.000000,0.000000,0.000000,0.000000,0.000000,0,0,0,0
"-10,-16",0,0,0,0,149,4,99999,99999,99999,99999,99999,99999,0.000000,0.000000,0.000000,0.000000,0.000000,0.000000,0.000000,0.000000,0.000000,0.000000,0.000000,0.000000,0.000000,0.000000,0,0,0,0
"-10,-15",0,0,0,0,150,4,99999,99999,99999,99999,99999,99999,0.000000,0.000000,0.000000,0.000000,0.000000,0.000000,0.000000,0.000000,0.000000,0.000000,0.000000,0.000000,0.000000,0.000000,0,0,0,0
"-10,-14",0,0,0,0,144,4,99999,99999,99999,99999,99999,99999,0.000000,0.000000,0.000000,0.000000,0.000000,0.000000,0.000000,0.000000,0.000000,0.000000,0.000000,0.000000,0.000000,0.000000,0,0,0,0
"-10,-13",0,0,0,0,141,4,99999,99999,99999,99999,99999,99999,0.000000,0.000000,0.000000,0.000000,0.000000,0.000000,0.000000,0.000000,0.000000,0.000000,0.000000,0.000000,0.000000,0.000000,0,0,0,0
"-10,-12",0,0,0,0,145,4,99999,99999,99999,99999,99999,99999,0.000000,0.000000,0.000000,0.000000,0.000000,0.000000,0.000000,0.000000,0.000000,0.000000,0.000000,0.000000,0.000000,0.000000,0,0,0,0
"-10,-11",0,0,0,0,150,4,99999,99999,99999,99999,99999,99999,0.000000,0.000000,0.000000,0.000000,0.000000,0.000000,0.000000,0.000000,0.000000,0.000000,0.000000,0.000000,0.000000,0.000000,0,0,0,0
"-10,-10",0,0,0,0,152,4,99999,99999,99999,99999,99999,99999,0.000000,0.000000,0.000000,0.000000,0.000000,0.000000,0.000000,0.000000,0.000000,0.000000,0.000000,0.000000,0.000000,0.000000,0,0,0,0
"-10,-9",0,0,0,0,158,4,99999,99999,99999,99999,99999,99999,0.000000,0.000000,0.000000,0.000000,0.000000,0.000000,0.000000,0.000000,0.000000,0.000000,0.000000,0.000000,0.000000,0.000000,0,0,0,0
"-10,-8",0,0,0,0,151,4,99999,99999,99999,99999,99999,99999,0.000000,0.000000,0.000000,0.000000,0.000000,0.000000,0.000000,0.000000,0.000000,0.000000,0.000000,0.000000,0.000000,0.000000,0,0,0,0
"-10,-7",0,0,0,0,147,4,99999,99999,99999,99999,99999,99999,0.000000,0.000000,0.000000,0.000000,0.000000,0.000000,0.000000,0.000000,0.000000,0.000000,0.000000,0.000000,0.000000,0.000000,0,0,0,0
"-10,-6",0,0,0,0,147,4,99999,99999,99999,99999,99999,99999,0.000000,0.000000,0.000000,0.000000,0.000000,0.000000,0.000000,0.000000,0.000000,0.000000,0.000000,0.000000,0.000000,0.000000,0,0,0,0
"-10,-5",0,0,0,0,135,4,99999,99999,99999,99999,99999,99999,0.000000,0.000000,0.000000,0.000000,0.000000,0.000000,0.000000,0.000000,0.000000,0.000000,0.000000,0.000000,0.000000,0.000000,0,0,0,0
"-10,-4",0,0,0,0,149,4,99999,99999,99999,99999,99999,99999,0.000000,0.000000,0.000000,0.000000,0.000000,0.000000,0.000000,0.000000,0.000000,0.000000,0.000000,0.000000,0.000000,0.000000,0,0,0,0
"-10,-3",0,0,0,0,144,4,99999,99999,99999,99999,99999,99999,0.000000,0.000000,0.000000,0.000000,0.000000,0.000000,0.000000,0.000000,0.000000,0.000000,0.000000,0.000000,0.000000,0.000000,0,0,0,0
"-10,-2",0,0,0,0,150,4,99999,99999,99999,99999,99999,99999,0.000000,0.000000,0.000000,0.000000,0.000000,0.000000,0.000000,0.000000,0.000000,0.000000,0.000000,0.000000,0.000000,0.000000,0,0,0,0
"-10,-1",0,0,0,0,148,4,99999,99999,99999,99999,99999,99999,0.000000,0.000000,0.000000,0.000000,0.000000,0.000000,0.000000,0.000000,0.000000,0.000000,0.000000,0.000000,0.000000,0.000000,0,0,0,0
"-10,0",0,0,0,0,160,4,99999,99999,99999,99999,99999,99999,0.000000,0.000000,0.000000,0.000000,0.000000,0.000000,0.000000,0.000000,0.000000,0.000000,0.000000,0.000000,0.000000,0.000000,0,0,0,0
"-10,1",0,0,0,0,142,4,99999,99999,99999,99999,99999,99999,0.000000,0.000000,0.000000,0.000000,0.000000,0.000000,0.000000,0.000000,0.000000,0.000000,0.000000,0.000000,0.000000,0.000000,0,0,0,0
"-10,2",0,0,0,0,156,4,99999,99999,99999,99999,99999,99999,0.000000,0.000000,0.000000,0.000000,0.000000,0.000000,0.000000,0.000000,0.000000,0.000000,0.000000,0.000000,0.000000,0.000000,0,0,0,0
"-10,3",0,0,0,0,142,4,99999,99999,99999,99999,99999,99999,0.000000,0.000000,0.000000,0.000000,0.000000,0.000000,0.000000,0.000000,0.000000,0.000000,0.000000,0.000000,0.000000,0.000000,0,0,0,0
"-10,4",0,0,0,0,159,4,99999,99999,99999,99999,99999,99999,0.000000,0.000000,0.000000,0.000000,0.000000,0.000000,0.000000,0.000000,0.000000,0.000000,0.000000,0.000000,0.000000,0.000000,0,0,0,0
"-10,5",0,0,0,0,150,4,99999,99999,99999,99999,99999,99999,0.000000,0.000000,0.000000,0.000000,0.000000,0.000000,0.000000,0.000000,0.000000,0.000000,0.000000,0.000000,0.000000,0.000000,0,0,0,0
"-10,6",0,0,0,0,156,4,99999,99999,99999,99999,99999,99999,0.000000,0.000000,0.000000,0.000000,0.000000,0.000000,0.000000,0.000000,0.000000,0.000000,0.000000,0.000000,0.000000,0.000000,0,0,0,0
"-10,7",0,0,0,0,142,4,99999,99999,99999,99999,99999,99999,0.000000,0.000000,0.000000,0.000000,0.000000,0.000000,0.000000,0.000000,0.000000,0.000000,0.000000,0.000000,0.000000,0.000000,0,0,0,0
"-10,8",0,0,0,0,154,4,99999,99999,99999,99999,99999,99999,0.000000,0.000000,0.000000,0.000000,0.000000,0.000000,0.000000,0.000000,0.000000,0.000000,0.000000,0.000000,0.000000,0.000000,0,0,0,0
"-10,9",0,0,0,0,145,4,99999,99999,99999,99999,99999,99999,0.000000,0.000000,0.000000,0.000000,0.000000,0.000000,0.000000,0.000000,0.000000,0.000000,0.000000,0.000000,0.000000,0.000000,0,0,0,0
"-10,10",0,0,0,0,145,4,99999,99999,99999,99999,99999,99999,0.000000,0.000000,0.000000,0.000000,0.000000,0.000000,0.000000,0.000000,0.000000,0.000000,0.000000,0.000000,0.000000,0.000000,0,0,0,0
"-10,11",0,0,0,0,146,4,99999,99999,99999,99999,99999,99999,0.000000,0.000000,0.000000,0.000000,0.000000,0.000000,0.000000,0.000000,0.000000,0.000000,0.000000,0.000000,0.000000,0.000000,0,0,0,0
"-10,12",0,0,0,0,159,4,99999,99999,99999,99999,99999,99999,0.000000,0.000000,0.000000,0.000000,0.000000,0.000000,0.000000,0.000000,0.000000,0.000000,0.000000,0.000000,0.000000,0.000000,0,0,0,0
"-10,13",0,0,0,0,148,4,99999,99999,99999,99999,99999,99999,0.000000,0.000000,0.000000,0.000000,0.000000,0.000000,0.000000,0.000000,0.000000,0.000000,0.000000,0.000000,0.000000,0.000000,0,0,0,0
"-10,14",0,0,0,0,157,4,99999,99999,99999,99999,99999,99999,0.000000,0.000000,0.000000,0.000000,0.000000,0.000000,0.000000,0.000000,0.000000,0.000000,0.000000,0.000000,0.000000,0.000000,0,0,0,0
"-10,15",0,0,0,0,151,4,99999,99999,99999,99999,99999,99999,0.000000,0.000000,0.000000,0.000000,0.000000,0.000000,0.000000,0.000000,0.000000,0.000000,0.000000,0.000000,0.000000,0.000000,0,0,0,0
"-10,16",0,0,0,0,153,4,99999,99999,99999,99999,99999,99999,0.000000,0.000000,0.000000,0.000000,0.000000,0.000000,0.000000,0.000000,0.000000,0.000000,0.000000,0.000000,0.000000,0.000000,0,0,0,0
"-10,17",0,0,0,0,167,4,99999,99999,99999,99999,99999,99999,0.000000,0.000000,0.000000,0.000000,0.000000,0.000000,0.000000,0.000000,0.000000,0.000000,0.000000,0.000000,0.000000,0.000000,0,0,0,0
"-10,18",0,0,0,0,155,4,99999,99999,99999,99999,99999,99999,0.000000,0.000000,0.000000,0.000000,0.000000,0.000000,0.000000,0.000000,0.000000,0.000000,0.000000,0.000000,0.000000,0.000000,0,0,0,0
"-10,19",0,0,0,0,153,4,99999,99999,99999,99999,99999,99999,0.000000,0.000000,0.000000,0.000000,0.000000,0.000000,0.000000,0.000000,0.000000,0.000000,0.000000,0.000000,0.000000,0.000000,0,0,0,0
"-10,20",0,0,0,0,15,4,99999,99999,99999,99999,99999,99999,0.000000,0.000000,0.000000,0.000000,0.000000,0.000000,0.000000,0.000000,0.000000,0.000000,0.000000,0.000000,0.000000,0.000000,0,0,0,0
"-10,21",0,0,0,0,18,4,99999,99999,99999,99999,99999,99999,0.000000,0.000000,0.000000,0.000000,0.000000,0.000000,0.000000,0.000000,0.000000,0.000000,0.000000,0.000000,0.000000,0.000000,0,0,0,0
"-10,22",0,0,0,0,13,4,99999,99999,99999,99999,99999,99999,0.000000,0.000000,0.000000,0.000000,0.000000,0.000000,0.000000,0.000000,0.000000,0.000000,0.000000,0.000000,0.000000,0.000000,0,0,0,0
"-10,23",0,0,0,0,19,4,99999,99999,99999,99999,99999,99999,0.000000,0.000000,0.000000,0.000000,0.000000,0.000000,0.000000,0.000000,0.000000,0.000000,0.000000,0.000000,0.000000,0.000000,0,0,0,0
"-10,24",0,0,0,0,16,4,99999,99999,99999,99999,99999,99999,0.000000,0.000000,0.000000,0.000000,0.000000,0.000000,0.000000,0.000000,0.000000,0.000000,0.000000,0.000000,0.000000,0.000000,0,0,0,0
"-10,25",0,0,0,0,18,4,99999,99999,99999,99999,99999,99999,0.000000,0.000000,0.000000,0.000000,0.000000,0.000000,0.000000,0.000000,0.000000,0.000000,0.000000,0.000000,0.000000,0.000000,0,0,0,0
"-10,26",0,0,0,0,14,4,99999,99999,99999,99999,99999,99999,0.000000,0.000000,0.000000,0.000000,0.000000,0.000000,0.000000,0.000000,0.000000,0.000000,0.000000,0.000000,0.000000,0.000000,0,0,0,0
"-9,-26",0,0,0,0,20,4,99999,99999,99999,99999,99999,99999,0.000000,0.000000,0.000000,0.000000,0.000000,0.000000,0.000000,0.000000,0.000000,0.000000,0.000000,0.000000,0.000000,0.000000,0,0,0,0
"-9,-25",0,0,0,0,15,4,99999,99999,99999,99999,99999,99999,0.000000,0.000000,0.000000,0.000000,0.000000,0.000000,0.000000,0.000000,0.000000,0.000000,0.000000,0.000000,0.000000,0.000000,0,0,0,0
"-9,-24",0,0,0,0,16,4,99999,99999,99999,99999,99999,99999,0.000000,0.000000,0.000000,0.000000,0.000000,0.000000,0.000000,0.000000,0.000000,0.000000,0.000000,0.000000,0.000000,0.000000,0,0,0,0
"-9,-23",0,0,0,0,16,4,99999,99999,99999,99999,99999,99999,0.000000,0.000000,0.000000,0.000000,0.000000,0.000000,0.000000,0.000000,0.000000,0.000000,0.000000,0.000000,0.000000,0.000000,0,0,0,0
"-9,-22",0,0,0,0,18,4,99999,99999,99999,99999,99999,99999,0.000000,0.000000,0.000000,0.000000,0.000000,0.000000,0.000000,0.000000,0.000000,0.000000,0.000000,0.000000,0.000000,0.000000,0,0,0,0
"-9,-21",0,0,0,0,15,4,99999,99999,99999,99999,99999,99999,0.000000,0.000000,0.000000,0.000000,0.000000,0.000000,0.000000,0.000000,0.000000,0.000000,0.000000,0.000000,0.000000,0.000000,0,0,0,0
"-9,-20",0,0,0,0,155,4,99999,99999,99999,99999,99999,99999,0.000000,0.000000,0.000000,0.000000,0.000000,0.000000,0.000000,0.000000,0.000000,0.000000,0.000000,0.000000,0.000000,0.000000,0,0,0,0
"-9,-19",0,0,0,0,156,4,99999,99999,99999,99999,99999,99999,0.000000,0.000000,0.000000,0.000000,0.000000,0.000000,0.000000,0.000000,0.000000,0.000000,0.000000,0.000000,0.000000,0.000000,0,0,0,0
"-9,-18",0,0,0,0,131,4,99999,99999,99999,99999,99999,99999,0.000000,0.000000,0.000000,0.000000,0.000000,0.000000,0.000000,0.000000,0.000000,0.000000,0.000000,0.000000,0.000000,0.000000,0,0,0,0
"-9,-17",0,0,0,0,147,4,99999,99999,99999,99999,99999,99999,0.000000,0.000000,0.000000,0.000000,0.000000,0.000000,0.000000,0.000000,0.000000,0.000000,0.000000,0.000000,0.000000,0.000000,0,0,0,0
"-9,-16",0,0,0,0,150,4,99999,99999,99999,99999,99999,99999,0.000000,0.000000,0.000000,0.000000,0.000000,0.000000,0.000000,0.000000,0.000000,0.000000,0.000000,0.000000,0.000000,0.000000,0,0,0,0
"-9,-15",0,0,0,0,150,4,99999,99999,99999,99999,99999,99999,0.000000,0.000000,0.000000,0.000000,0.000000,0.000000,0.000000,0.000000,0.000000,0.000000,0.000000,0.000000,0.000000,0.000000,0,0,0,0
"-9,-14",0,0,0,0,146,4,99999,99999,99999,99999,99999,99999,0.000000,0.000000,0.000000,0.000000,0.000000,0.000000,0.000000,0.000000,0.000000,0.000000,0.000000,0.000000,0.000000,0.000000,0,0,0,0
"-9,-13",0,0,0,0,148,4,99999,99999,99999,99999,99999,99999,0.000000,0.000000,0.000000,0.000000,0.000000,0.000000,0.000000,0.000000,0.000000,0.000000,0.000000,0.000000,0.000000,0.000000,0,0,0,0
"-9,-12",0,0,0,0,160,4,99999,99999,99999,99999,99999,99999,0.000000,0.000000,0.000000,0.000000,0.000000,0.000000,0.000000,0.000000,0.000000,0.000000,0.000000,0.000000,0.000000,0.000000,0,0,0,0
"-9,-11",0,0,0,0,158,4,99999,99999,99999,99999,99999,99999,0.000000,0.000000,0.000000,0.000000,0.000000,0.000000,0.000000,0.000000,0.000000,0.000000,0.000000,0.000000,0.000000,0.000000,0,0,0,0
"-9,-10",0,0,0,0,154,4,99999,99999,99999,99999,99999,99999,0.000000,0.000000,0.000000,0.000000,0.000000,0.000000,0.000000,0.000000,0.000000,0.000000,0.000000,0.000000,0.000000,0.000000,0,0,0,0
"-9,-9",0,0,0,0,153,4,99999,99999,99999,99999,99999,99999,0.000000,0.000000,0.000000,0.000000,0.000000,0.000000,0.000000,0.000000,0.000000,0.000000,0.000000,0.000000,0.000000,0.000000,0,0,0,0
"-9,-8",0,0,0,0,155,4,99999,99999,99999,99999,99999,99999,0.000000,0.000000,0.000000,0.000000,0.000000,0.000000,0.000000,0.000000,0.000000,0.000000,0.000000,0.000000,0.000000,0.000000,0,0,0,0
"-9,-7",0,0,0,0,148,4,99999,99999,99999,99999,99999,99999,0.000000,0.000000,0.000000,0.000000,0.000000,0.000000,0.000000,0.000000,0.000000,0.000000,0.000000,0.000000,0.000000,0.000000,0,0,0,0
"-9,-6",0,0,0,0,153,4,99999,99999,99999,99999,99999,99999,0.000000,0.000000,0.000000,0.000000,0.000000,0.000000,0.000000,0.000000,0.000000,0.000000,0.000000,0.000000,0.000000,0.000000,0,0,0,0
"-9,-5",0,0,0,0,157,4,99999,99999,99999,99999,99999,99999,0.000000,0.000000,0.000000,0.000000,0.000000,0.000000,0.000000,0.000000,0.000000,0.000000,0.000000,0.000000,0.000000,0.000000,0,0,0,0
"-9,-4",0,0,0,0,143,4,99999,99999,99999,99999,99999,99999,0.000000,0.000000,0.000000,0.000000,0.000000,0.000000,0.000000,0.000000,0.000000,0.000000,0.000000,0.000000,0.000000,0.000000,0,0,0,0
"-9,-3",0,0,0,0,409,4,99999,99999,99999,99999,99999,99999,0.000000,0.000000,0.000000,0.000000,0.000000,0.000000,0.000000,0.000000,0.000000,0.000000,0.000000,0.000000,0.000000,0.000000,0,0,0,0
"-9,-2",0,0,0,0,732,4,99999,99999,99999,99999,99999,99999,0.000000,0.000000,0.000000,0.000000,0.000000,0.000000,0.000000,0.000000,0.000000,0.000000,0.000000,0.000000,0.000000,0.000000,0,0,0,0
"-9,-1",0,0,0,0,821,4,99999,99999,99999,99999,99999,99999,0.000000,0.000000,0.000000,0.000000,0.000000,0.000000,0.000000,0.000000,0.000000,0.000000,0.000000,0.000000,0.000000,0.000000,0,0,0,0
"-9,0",0,0,0,0,937,4,99999,99999,99999,99999,99999,99999,0.000000,0.000000,0.000000,0.000000,0.000000,0.000000,0.000000,0.000000,0.000000,0.000000,0.000000,0.000000,0.000000,0.000000,0,0,0,0
"-9,1",0,0,0,0,885,4,99999,99999,99999,99999,99999,99999,0.000000,0.000000,0.000000,0.000000,0.000000,0.000000,0.000000,0.000000,0.000000,0.000000,0.000000,0.000000,0.000000,0.000000,0,0,0,0
"-9,2",0,0,0,0,708,4,99999,99999,99999,99999,99999,99999,0.000000,0.000000,0.000000,0.000000,0.000000,0.000000,0.000000,0.000000,0.000000,0.000000,0.000000,0.000000,0.000000,0.000000,0,0,0,0
"-9,3",0,0,0,0,470,4,99999,99999,99999,99999,99999,99999,0.000000,0.000000,0.000000,0.000000,0.000000,0.000000,0.000000,0.000000,0.000000,0.000000,0.000000,0.000000,0.000000,0.000000,0,0,0,0
"-9,4",0,0,0,0,151,4,99999,99999,99999,99999,99999,99999,0.000000,0.000000,0.000000,0.000000,0.000000,0.000000,0.000000,0.000000,0.000000,0.000000,0.000000,0.000000,0.000000,0.000000,0,0,0,0
"-9,5",0,0,0,0,151,4,99999,99999,99999,99999,99999,99999,0.000000,0.000000,0.000000,0.000000,0.000000,0.000000,0.000000,0.000000,0.000000,0.000000,0.000000,0.000000,0.000000,0.000000,0,0,0,0
"-9,6",0,0,0,0,153,4,99999,99999,99999,99999,99999,99999,0.000000,0.000000,0.000000,0.000000,0.000000,0.000000,0.000000,0.000000,0.000000,0.000000,0.000000,0.000000,0.000000,0.000000,0,0,0,0
"-9,7",0,0,0,0,149,4,99999,99999,99999,99999,99999,99999,0.000000,0.000000,0.000000,0.000000,0.000000,0.000000,0.000000,0.000000,0.000000,0.000000,0.000000,0.000000,0.000000,0.000000,0,0,0,0
"-9,8",0,0,0,0,154,4,99999,99999,99999,99999,99999,99999,0.000000,0.000000,0.000000,0.000000,0.000000,0.000000,0.000000,0.000000,0.000000,0.000000,0.000000,0.000000,0.000000,0.000000,0,0,0,0
"-9,9",0,0,0,0,153,4,99999,99999,99999,99999,99999,99999,0.000000,0.000000,0.000000,0.000000,0.000000,0.000000,0.000000,0.000000,0.000000,0.000000,0.000000,0.000000,0.000000,0.000000,0,0,0,0
"-9,10",0,0,0,0,135,4,99999,99999,99999,99999,99999,99999,0.000000,0.000000,0.000000,0.000000,0.000000,0.000000,0.000000,0.000000,0.000000,0.000000,0.000000,0.000000,0.000000,0.000000,0,0,0,0
"-9,11",0,0,0,0,152,4,99999,99999,99999,99999,99999,99999,0.000000,0.000000,0.000000,0.000000,0.000000,0.000000,0.000000,0.000000,0.000000,0.000000,0.000000,0.000000,0.000000,0.000000,0,0,0,0
"-9,12",0,0,0,0,146,4,99999,99999,99999,99999,99999,99999,0.000000,0.000000,0.000000,0.000000,0.000000,0.000000,0.000000,0.000000,0.000000,0.000000,0.000000,0.000000,0.000000,0.000000,0,0,0,0
"-9,13",0,0,0,0,148,4,99999,99999,99999,99999,99999,99999,0.000000,0.000000,0.000000,0.000000,0.000000,0.000000,0.000000,0.000000,0.000000,0.000000,0.000000,0.000000,0.000000,0.000000,0,0,0,0
"-9,14",0,0,0,0,144,4,99999,99999,99999,99999,99999,99999,0.000000,0.000000,0.000000,0.000000,0.000000,0.000000,0.000000,0.000000,0.000000,0.000000,0.000000,0.000000,0.000000,0.000000,0,0,0,0
"-9,15",0,0,0,0,153,4,99999,99999,99999,99999,99999,99999,0.000000,0.000000,0.000000,0.000000,0.000000,0.000000,0.000000,0.000000,0.000000,0.000000,0.000000,0.000000,0.000000,0.000000,0,0,0,0
"-9,16",0,0,0,0,153,4,99999,99999,99999,99999,99999,99999,0.000000,0.000000,0.000000,0.000000,0.000000,0.000000,0.000000,0.000000,0.000000,0.000000,0.000000,0.000000,0.000000,0.000000,0,0,0,0
"-9,17",0,0,0,0,162,4,99999,99999,99999,99999,99999,99999,0.000000,0.000000,0.000000,0.000000,0.000000,0.000000,0.000000,0.000000,0.000000,0.000000,0.000000,0.000000,0.000000,0.000000,0,0,0,0
"-9,18",0,0,0,0,140,4,99999,99999,99999,99999,99999,99999,0.000000,0.000000,0.000000,0.000000,0.000000,0.000000,0.000000,0.000000,0.000000,0.000000,0.000000,0.000000,0.000000,0.000000,0,0,0,0
"-9,19",0,0,0,0,142,4,99999,99999,99999,99999,99999,99999,0.000000,0.000000,0.000000,0.000000,0.000000,0.000000,0.000000,0.000000,0.000000,0.000000,0.000000,0.000000,0.000000,0.000000,0,0,0,0
"-9,20",0,0,0,0,152,4,99999,99999,99999,99999,99999,99999,0.000000,0.000000,0.000000,0.000000,0.000000,0.000000,0.000000,0.000000,0.000000,0.000000,0.000000,0.000000,0.000000,0.000000,0,0,0,0
"-9,21",0,0,0,0,14,4,99999,99999,99999,99999,99999,99999,0.000000,0.000000,0.000000,0.000000,0.000000,0.000000,0.000000,0.000000,0.000000,0.000000,0.000000,0.000000,0.000000,0.000000,0,0,0,0
"-9,22",0,0,0,0,18,4,99999,99999,99999,99999,99999,99999,0.000000,0.000000,0.000000,0.000000,0.000000,0.000000,0.000000,0.000000,0.000000,0.000000,0.000000,0.000000,0.000000,0.000000,0,0,0,0
"-9,23",0,0,0,0,21,4,99999,99999,99999,99999,99999,99999,0.000000,0.000000,0.000000,0.000000,0.000000,0.000000,0.000000,0.000000,0.000000,0.000000,0.000000,0.000000,0.000000,0.000000,0,0,0,0
"-9,24",0,0,0,0,18,4,99999,99999,99999,99999,99999,99999,0.000000,0.000000,0.000000,0.000000,0.000000,0.000000,0.000000,0.000000,0.000000,0.000000,0.000000,0.000000,0.000000,0.000000,0,0,0,0
"-9,25",0,0,0,0,17,4,99999,99999,99999,99999,99999,99999,0.000000,0.000000,0.000000,0.000000,0.000000,0.000000,0.000000,0.000000,0.000000,0.000000,0.000000,0.000000,0.000000,0.000000,0,0,0,0
"-9,26",0,0,0,0,13,4,99999,99999,99999,99999,99999,99999,0.000000,0.000000,0.000000,0.000000,0.000000,0.000000,0.000000,0.000000,0.000000,0.000000,0.000000,0.000000,0.000000,0.000000,0,0,0,0
"-8,-26",0,0,0,0,18,4,99999,99999,99999,99999,99999,99999,0.000000,0.000000,0.000000,0.000000,0.000000,0.000000,0.000000,0.000000,0.000000,0.000000,0.000000,0.000000,0.000000,0.000000,0,0,0,0
"-8,-25",0,0,0,0,14,4,99999,99999,99999,99999,99999,99999,0.000000,0.000000,0.000000,0.000000,0.000000,0.000000,0.000000,0.000000,0.000000,0.000000,0.000000,0.000000,0.000000,0.000000,0,0,0,0
"-8,-24",0,0,0,0,19,4,99999,99999,99999,99999,99999,99999,0.000000,0.000000,0.000000,0.000000,0.000000,0.000000,0.000000,0.000000,0.000000,0.000000,0.000000,0.000000,0.000000,0.000000,0,0,0,0
"-8,-23",0,0,0,0,15,4,99999,99999,99999,99999,99999,99999,0.000000,0.000000,0.000000,0.000000,0.000000,0.000000,0.000000,0.000000,0.000000,0.000000,0.000000,0.000000,0.000000,0.000000,0,0,0,0
"-8,-22",0,0,0,0,18,4,99999,99999,99999,99999,99999,99999,0.000000,0.000000,0.000000,0.000000,0.000000,0.000000,0.000000,0.000000,0.000000,0.000000,0.000000,0.000000,0.000000,0.000000,0,0,0,0
"-8,-21",0,0,0,0,167,4,99999,99999,99999,99999,99999,99999,0.000000,0.000000,0.000000,0.000000,0.000000,0.000000,0.000000,0.000000,0.000000,0.000000,0.000000,0.000000,0.000000,0.000000,0,0,0,0
"-8,-20",0,0,0,0,140,4,99999,99999,99999,99999,99999,99999,0.000000,0.000000,0.000000,0.000000,0.000000,0.000000,0.000000,0.000000,0.000000,0.000000,0.000000,0.000000,0.000000,0.000000,0,0,0,0
"-8,-19",0,0,0,0,160,4,99999,99999,99999,99999,99999,99999,0.000000,0.000000,0.000000,0.000000,0.000000,0.000000,0.000000,0.000000,0.000000,0.000000,0.000000,0.000000,0.000000,0.000000,0,0,0,0
"-8,-18",0,0,0,0,159,4,99999,99999,99999,99999,99999,99999,0.000000,0.000000,0.000000,0.000000,0.000000,0.000000,0.000000,0.000000,0.000000,0.000000,0.000000,0.000000,0.000000,0.000000,0,0,0,0
"-8,-17",0,0,0,0,160,4,99999,99999,99999,99999,99999,99999,0.000000,0.000000,0.000000,0.000000,0.000000,0.000000,0.000000,0.000000,0.000000,0.000000,0.000000,0.000000,0.000000,0.000000,0,0,0,0
"-8,-16",0,0,0,0,165,4,99999,99999,99999,99999,99999,99999,0.000000,0.000000,0.000000,0.000000,0.000000,0.000000,0.000000,0.000000,0.000000,0.000000,0.000000,0.000000,0.000000,0.000000,0,0,0,0
"-8,-15",0,0,0,0,151,4,99999,99999,99999,99999,99999,99999,0.000000,0.000000,0.000000,0.000000,0.000000,0.000000,0.000000,0.000000,0.000000,0.000000,0.000000,0.000000,0.000000,0.000000,0,0,0,0
"-8,-14",0,0,0,0,154,4,99999,99999,99999,99999,99999,99999,0.000000,0.000000,0.000000,0.000000,0.000000,0.000000,0.000000,0.000000,0.000000,0.000000,0.000000,0.000000,0.000000,0.000000,0,0,0,0
"-8,-13",0,0,0,0,148,4,99999,99999,99999,99999,99999,99999,0.000000,0.000000,0.000000,0.000000,0.000000,0.000000,0.000000,0.000000,0.000000,0.000000,0.000000,0.000000,0.000000,0.000000,0,0,0,0
"-8,-12",0,0,0,0,134,4,99999,99999,99999,99999,99999,99999,0.000000,0.000000,0.000000,0.000000,0.000000,0.000000,0.000000,0.000000,0.000000,0.000000,0.000000,0.000000,0.000000,0.000000,0,0,0,0
"-8,-11",0,0,0,0,150,4,99999,99999,99999,99999,99999,99999,0.000000,0.000000,0.000000,0.000000,0.000000,0.000000,0.000000,0.000000,0.000000,0.000000,0.000000,0.000000,0.000000,0.000000,0,0,0,0
"-8,-10",0,0,0,0,157,4,99999,99999,99999,99999,99999,99999,0.000000,0.000000,0.000000,0.000000,0.000000,0.000000,0.000000,0.000000,0.000000,0.000000,0.000000,0.000000,0.000000,0.000000,0,0,0,0
"-8,-9",0,0,0,0,151,4,99999,99999,99999,99999,99999,99999,0.000000,0.000000,0.000000,0.000000,0.000000,0.000000,0.000000,0.000000,0.000000,0.000000,0.000000,0.000000,0.000000,0.000000,0,0,0,0
"-8,-8",0,0,0,0,472,4,99999,99999,99999,99999,99999,99999,0.000000,0.000000,0.000000,0.000000,0.000000,0.000000,0.000000,0.000000,0.000000,0.000000,0.000000,0.000000,0.000000,0.000000,0,0,0,0
"-8,-7",0,0,0,0,1058,4,99999,99999,99999,99999,99999,99999,0.000000,0.000000,0.000000,0.000000,0.000000,0.000000,0.000000,0.000000,0.000000,0.000000,0.000000,0.000000,0.000000,0.000000,0,0,0,0
"-8,-6",0,0,0,0,1058,4,99999,99999,99999,99999,99999,99999,0.000000,0.000000,0.000000,0.000000,0.000000,0.000000,0.000000,0.000000,0.000000,0.000000,0.000000,0.000000,0.000000,0.000000,0,0,0,0
"-8,-5",0,0,0,0,779,4,99999,99999,99999,99999,99999,99999,0.000000,0.000000,0.000000,0.000000,0.000000,0.000000,0.000000,0.000000,0.000000,0.000000,0.000000,0.000000,0.000000,0.000000,0,0,0,0
"-8,-4",0,0,0,0,597,4,99999,99999,99999,99999,99999,99999,0.000000,0.000000,0.000000,0.000000,0.000000,0.000000,0.000000,0.000000,0.000000,0.000000,0.000000,0.000000,0.000000,0.000000,0,0,0,0
"-8,-3",0,0,0,0,533,4,99999,99999,99999,99999,99999,99999,0.000000,0.000000,0.000000,0.000000,0.000000,0.000000,0.000000,0.000000,0.000000,0.000000,0.000000,0.000000,0.000000,0.000000,0,0,0,0
"-8,-2",0,0,0,0,490,4,99999,99999,99999,99999,99999,99999,0.000000,0.000000,0.000000,0.000000,0.000000,0.000000,0.000000,0.000000,0.000000,0.000000,0.000000,0.000000,0.000000,0.000000,0,0,0,0
"-8,-1",0,0,0,0,495,4,99999,99999,99999,99999,99999,99999,0.000000,0.000000,0.000000,0.000000,0.000000,0.000000,0.000000,0.000000,0.000000,0.000000,0.000000,0.000000,0.000000,0.000000,0,0,0,0
"-8,0",0,0,0,0,494,4,99999,99999,99999,99999,99999,99999,0.000000,0.000000,0.000000,0.000000,0.000000,0.000000,0.000000,0.000000,0.000000,0.000000,0.000000,0.000000,0.000000,0.000000,0,0,0,0
"-8,1",0,0,0,0,476,4,99999,99999,99999,99999,99999,99999,0.000000,0.000000,0.000000,0.000000,0.000000,0.000000,0.000000,0.000000,0.000000,0.000000,0.000000,0.000000,0.000000,0.000000,0,0,0,0
"-8,2",0,0,0,0,494,4,99999,99999,99999,99999,99999,99999,0.000000,0.000000,0.000000,0.000000,0.000000,0.000000,0.000000,0.000000,0.000000,0.000000,0.000000,0.000000,0.000000,0.000000,0,0,0,0
"-8,3",0,0,0,0,494,4,99999,99999,99999,99999,99999,99999,0.000000,0.000000,0.000000,0.000000,0.000000,0.000000,0.000000,0.000000,0.000000,0.000000,0.000000,0.000000,0.000000,0.000000,0,0,0,0
"-8,4",0,0,0,0,493,4,99999,99999,99999,99999,99999,99999,0.000000,0.000000,0.000000,0.000000,0.000000,0.000000,0.000000,0.000000,0.000000,0.000000,0.000000,0.000000,0.000000,0.000000,0,0,0,0
"-8,5",0,0,0,0,493,4,99999,99999,99999,99999,99999,99999,0.000000,0.000000,0.000000,0.000000,0.000000,0.000000,0.000000,0.000000,0.000000,0.000000,0.000000,0.000000,0.000000,0.000000,0,0,0,0
"-8,6",0,0,0,0,494,4,99999,99999,99999,99999,99999,99999,0.000000,0.000000,0.000000,0.000000,0.000000,0.000000,0.000000,0.000000,0.000000,0.000000,0.000000,0.000000,0.000000,0.000000,0,0,0,0
"-8,7",0,0,0,0,459,4,99999,99999,99999,99999,99999,99999,0.000000,0.000000,0.000000,0.000000,0.000000,0.000000,0.000000,0.000000,0.000000,0.000000,0.000000,0.000000,0.000000,0.000000,0,0,0,0
"-8,8",0,0,0,0,412,4,99999,99999,99999,99999,99999,99999,0.000000,0.000000,0.000000,0.000000,0.000000,0.000000,0.000000,0.000000,0.000000,0.000000,0.000000,0.000000,0.000000,0.000000,0,0,0,0
"-8,9",0,0,0,0,61,4,99999,99999,99999,99999,99999,99999,0.000000,0.000000,0.000000,0.000000,0.000000,0.000000,0.000000,0.000000,0.000000,0.000000,0.000000,0.000000,0.000000,0.000000,0,0,0,0
"-8,10",0,0,0,0,119,4,99999,99999,99999,99999,99999,99999,0.000000,0.000000,0.000000,0.000000,0.000000,0.000000,0.000000,0.000000,0.000000,0.000000,0.000000,0.000000,0.000000,0.000000,0,0,0,0
"-8,11",0,0,0,0,155,4,99999,99999,99999,99999,99999,99999,0.000000,0.000000,0.000000,0.000000,0.000000,0.000000,0.000000,0.000000,0.000000,0.000000,0.000000,0.000000,0.000000,0.000000,0,0,0,0
"-8,12",0,0,0,0,158,4,99999,99999,99999,99999,99999,99999,0.000000,0.000000,0.000000,0.000000,0.000000,0.000000,0.000000,0.000000,0.000000,0.000000,0.000000,0.000000,0.000000,0.000000,0,0,0,0
"-8,13",0,0,0,0,143,4,99999,99999,99999,99999,99999,99999,0.000000,0.000000,0.000000,0.000000,0.000000,0.000000,0.000000,0.000000,0.000000,0.000000,0.000000,0.000000,0.000000,0.000000,0,0,0,0
"-8,14",0,0,0,0,161,4,99999,99999,99999,99999,99999,99999,0.000000,0.000000,0.000000,0.000000,0.000000,0.000000,0.000000,0.000000,0.000000,0.000000,0.000000,0.000000,0.000000,0.000000,0,0,0,0
"-8,15",0,0,0,0,147,4,99999,99999,99999,99999,99999,99999,0.000000,0.000000,0.000000,0.000000,0.000000,0.000000,0.000000,0.000000,0.000000,0.000000,0.000000,0.000000,0.000000,0.000000,0,0,0,0
"-8,16",0,0,0,0,146,4,99999,99999,99999,99999,99999,99999,0.000000,0.000000,0.000000,0.000000,0.000000,0.000000,0.000000,0.000000,0.000000,0.000000,0.000000,0.000000,0.000000,0.000000,0,0,0,0
"-8,17",0,0,0,0,141,4,99999,99999,99999,99999,99999,99999,0.000000,0.000000,0.000000,0.000000,0.000000,0.000000,0.000000,0.000000,0.000000,0.000000,0.000000,0.000000,0.000000,0.000000,0,0,0,0
"-8,18",0,0,0,0,145,4,99999,99999,99999,99999,99999,99999,0.000000,0.000000,0.000000,0.000000,0.000000,0.000000,0.000000,0.000000,0.000000,0.000000,0.000000,0.000000,0.000000,0.000000,0,0,0,0
"-8,19",0,0,0,0,146,4,99999,99999,99999,99999,99999,99999,0.000000,0.000000,0.000000,0.000000,0.000000,0.000000,0.000000,0.000000,0.000000,0.000000,0.000000,0.000000,0.000000,0.000000,0,0,0,0
"-8,20",0,0,0,0,152,4,99999,99999,99999,99999,99999,99999,0.000000,0.000000,0.000000,0.000000,0.000000,0.000000,0.000000,0.000000,0.000000,0.000000,0.000000,0.000000,0.000000,0.000000,0,0,0,0
"-8,21",0,0,0,0,153,4,99999,99999,99999,99999,99999,99999,0.000000,0.000000,0.000000,0.000000,0.000000,0.000000,0.000000,0.000000,0.000000,0.000000,0.000000,0.000000,0.000000,0.000000,0,0,0,0
"-8,22",0,0,0,0,69,4,99999,99999,99999,99999,99999,99999,0.000000,0.000000,0.000000,0.000000,0.000000,0.000000,0.000000,0.000000,0.000000,0.000000,0.000000,0.000000,0.000000,0.000000,0,0,0,0
"-8,23",0,0,0,0,19,4,99999,99999,99999,99999,99999,99999,0.000000,0.000000,0.000000,0.000000,0.000000,0.000000,0.000000,0.000000,0.000000,0.000000,0.000000,0.000000,0.000000,0.000000,0,0,0,0
"-8,24",0,0,0,0,17,4,99999,99999,99999,99999,99999,99999,0.000000,0.000000,0.000000,0.000000,0.000000,0.000000,0.000000,0.000000,0.000000,0.000000,0.000000,0.000000,0.000000,0.000000,0,0,0,0
"-8,25",0,0,0,0,17,4,99999,99999,99999,99999,99999,99999,0.000000,0.000000,0.000000,0.000000,0.000000,0.000000,0.000000,0.000000,0.000000,0.000000,0.000000,0.000000,0.000000,0.000000,0,0,0,0
"-8,26",0,0,0,0,16,4,99999,99999,99999,99999,99999,99999,0.000000,0.000000,0.000000,0.000000,0.000000,0.000000,0.000000,0.000000,0.000000,0.000000,0.000000,0.000000,0.000000,0.000000,0,0,0,0
"-7,-26",0,0,0,0,16,4,99999,99999,99999,99999,99999,99999,0.000000,0.000000,0.000000,0.000000,0.000000,0.000000,0.000000,0.000000,0.000000,0.000000,0.000000,0.000000,0.000000,0.000000,0,0,0,0
"-7,-25",0,0,0,0,14,4,99999,99999,99999,99999,99999,99999,0.000000,0.000000,0.000000,0.000000,0.000000,0.000000,0.000000,0.000000,0.000000,0.000000,0.000000,0.000000,0.000000,0.000000,0,0,0,0
"-7,-24",0,0,0,0,18,4,99999,99999,99999,99999,99999,99999,0.000000,0.000000,0.000000,0.000000,0.000000,0.000000,0.000000,0.000000,0.000000,0.000000,0.000000,0.000000,0.000000,0.000000,0,0,0,0
"-7,-23",0,0,0,0,89,4,99999,99999,99999,99999,99999,99999,0.000000,0.000000,0.000000,0.000000,0.000000,0.000000,0.000000,0.000000,0.000000,0.000000,0.000000,0.000000,0.000000,0.000000,0,0,0,0
"-7,-22",0,0,0,0,154,4,99999,99999,99999,99999,99999,99999,0.000000,0.000000,0.000000,0.000000,0.000000,0.000000,0.000000,0.000000,0.000000,0.000000,0.000000,0.000000,0.000000,0.000000,0,0,0,0
"-7,-21",0,0,0,0,151,4,99999,99999,99999,99999,99999,99999,0.000000,0.000000,0.000000,0.000000,0.000000,0.000000,0.000000,0.000000,0.000000,0.000000,0.000000,0.000000,0.000000,0.000000,0,0,0,0
"-7,-20",0,0,0,0,154,4,99999,99999,99999,99999,99999,99999,0.000000,0.000000,0.000000,0.000000,0.000000,0.000000,0.000000,0.000000,0.000000,0.000000,0.000000,0.000000,0.000000,0.000000,0,0,0,0
"-7,-19",0,0,0,0,146,4,99999,99999,99999,99999,99999,99999,0.000000,0.000000,0.000000,0.000000,0.000000,0.000000,0.000000,0.000000,0.000000,0.000000,0.000000,0.000000,0.000000,0.000000,0,0,0,0
"-7,-18",0,0,0,0,139,4,99999,99999,99999,99999,99999,99999,0.000000,0.000000,0.000000,0.000000,0.000000,0.000000,0.000000,0.000000,0.000000,0.000000,0.000000,0.000000,0.000000,0.000000,0,0,0,0
"-7,-17",0,0,0,0,154,4,99999,99999,99999,99999,99999,99999,0.000000,0.000000,0.000000,0.000000,0.000000,0.000000,0.000000,0.000000,0.000000,0.000000,0.000000,0.000000,0.000000,0.000000,0,0,0,0
"-7,-16",0,0,0,0,138,4,99999,99999,99999,99999,99999,99999,0.000000,0.000000,0.000000,0.000000,0.000000,0.000000,0.000000,0.000000,0.000000,0.000000,0.000000,0.000000,0.000000,0.000000,0,0,0,0
"-7,-15",0,0,0,0,155,4,99999,99999,99999,99999,99999,99999,0.000000,0.000000,0.000000,0.000000,0.000000,0.000000,0.000000,0.000000,0.000000,0.000000,0.000000,0.000000,0.000000,0.000000,0,0,0,0
"-7,-14",0,0,0,0,155,4,99999,99999,99999,99999,99999,99999,0.000000,0.000000,0.000000,0.000000,0.000000,0.000000,0.000000,0.000000,0.000000,0.000000,0.000000,0.000000,0.000000,0.000000,0,0,0,0
"-7,-13",0,0,0,0,148,4,99999,99999,99999,99999,99999,99999,0.000000,0.000000,0.000000,0.000000,0.000000,0.000000,0.000000,0.000000,0.000000,0.000000,0.000000,0.000000,0.000000,0.000000,0,0,0,0
"-7,-12",0,0,0,0,160,4,99999,99999,99999,99999,99999,99999,0.000000,0.000000,0.000000,0.000000,0.000000,0.000000,0.000000,0.000000,0.000000,0.000000,0.000000,0.000000,0.000000,0.000000,0,0,0,0
"-7,-11",0,0,0,0,329,4,99999,99999,99999,99999,99999,99999,0.000000,0.000000,0.000000,0.000000,0.000000,0.000000,0.000000,0.000000,0.000000,0.000000,0.000000,0.000000,0.000000,0.000000,0,0,0,0
"-7,-10",0,0,0,0,1050,4,99999,99999,99999,99999,99999,99999,0.000000,0.000000,0.000000,0.000000,0.000000,0.000000,0.000000,0.000000,0.000000,0.000000,0.000000,0.000000,0.000000,0.000000,0,0,0,0
"-7,-9",0,0,0,0,599,4,99999,99999,99999,99999,99999,99999,0.000000,0.000000,0.000000,0.000000,0.000000,0.000000,0.000000,0.000000,0.000000,0.000000,0.000000,0.000000,0.000000,0.000000,0,0,0,0
"-7,-8",0,0,0,0,494,4,99999,99999,99999,99999,99999,99999,0.000000,0.000000,0.000000,0.000000,0.000000,0.000000,0.000000,0.000000,0.000000,0.000000,0.000000,0.000000,0.000000,0.000000,0,0,0,0
"-7,-7",0,0,0,0,425,4,99999,99999,99999,99999,99999,99999,0.000000,0.000000,0.000000,0.000000,0.000000,0.000000,0.000000,0.000000,0.000000,0.000000,0.000000,0.000000,0.000000,0.000000,0,0,0,0
"-7,-6",0,0,0,0,390,4,99999,99999,99999,99999,99999,99999,0.000000,0.000000,0.000000,0.000000,0.000000,0.000000,0.000000,0.000000,0.000000,0.000000,0.000000,0.000000,0.000000,0.000000,0,0,0,0
"-7,-5",0,0,0,0,389,4,99999,99999,99999,99999,99999,99999,0.000000,0.000000,0.000000,0.000000,0.000000,0.000000,0.000000,0.000000,0.000000,0.000000,0.000000,0.000000,0.000000,0.000000,0,0,0,0
"-7,-4",0,0,0,0,390,4,99999,99999,99999,99999,99999,99999,0.000000,0.000000,0.000000,0.000000,0.000000,0.000000,0.000000,0.000000,0.000000,0.000000,0.000000,0.000000,0.000000,0.000000,0,0,0,0
"-7,-3",0,0,0,0,437,4,99999,99999,99999,99999,99999,99999,0.000000,0.000000,0.000000,0.000000,0.000000,0.000000,0.000000,0.000000,0.000000,0.000000,0.000000,0.000000,0.000000,0.000000,0,0,0,0
"-7,-2",0,0,0,0,476,4,99999,99999,99999,99999,99999,99999,0.000000,0.000000,0.000000,0.000000,0.000000,0.000000,0.000000,0.000000,0.000000,0.000000,0.000000,0.000000,0.000000,0.000000,0,0,0,0
"-7,-1",0,0,0,0,597,4,99999,99999,99999,99999,99999,99999,0.000000,0.000000,0.000000,0.000000,0.000000,0.000000,0.000000,0.000000,0.000000,0.000000,0.000000,0.000000,0.000000,0.000000,0,0,0,0
"-7,0",0,0,0,0,597,4,99999,99999,99999,99999,99999,99999,0.000000,0.000000,0.000000,0.000000,0.000000,0.000000,0.000000,0.000000,0.000000,0.000000,0.000000,0.000000,0.000000,0.000000,0,0,0,0
"-7,1",0,0,0,0,600,4,99999,99999,99999,99999,99999,99999,0.000000,0.000000,0.000000,0.000000,0.000000,0.000000,0.000000,0.000000,0.000000,0.000000,0.000000,0.000000,0.000000,0.000000,0,0,0,0
"-7,2",0,0,0,0,600,4,99999,99999,99999,99999,99999,99999,0.000000,0.000000,0.000000,0.000000,0.000000,0.000000,0.000000,0.000000,0.000000,0.000000,0.000000,0.000000,0.000000,0.000000,0,0,0,0
"-7,3",0,0,0,0,597,4,99999,99999,99999,99999,99999,99999,0.000000,0.000000,0.000000,0.000000,0.000000,0.000000,0.000000,0.000000,0.000000,0.000000,0.000000,0.000000,0.000000,0.000000,0,0,0,0
"-7,4",0,0,0,0,600,4,99999,99999,99999,99999,99999,99999,0.000000,0.000000,0.000000,0.000000,0.000000,0.000000,0.000000,0.000000,0.000000,0.000000,0.000000,0.000000,0.000000,0.000000,0,0,0,0
"-7,5",0,0,0,0,598,4,99999,99999,99999,99999,99999,99999,0.000000,0.000000,0.000000,0.000000,0.000000,0.000000,0.000000,0.000000,0.000000,0.000000,0.000000,0.000000,0.000000,0.000000,0,0,0,0
"-7,6",0,0,0,0,475,4,99999,99999,99999,99999,99999,99999,0.000000,0.000000,0.000000,0.000000,0.000000,0.000000,0.000000,0.000000,0.000000,0.000000,0.000000,0.000000,0.000000,0.000000,0,0,0,0
"-7,7",0,0,0,0,484,4,99999,99999,99999,99999,99999,99999,0.000000,0.000000,0.000000,0.000000,0.000000,0.000000,0.000000,0.000000,0.000000,0.000000,0.000000,0.000000,0.000000,0.000000,0,0,0,0
"-7,8",0,0,0,0,493,4,99999,99999,99999,99999,99999,99999,0.000000,0.000000,0.000000,0.000000,0.000000,0.000000,0.000000,0.000000,0.000000,0.000000,0.000000,0.000000,0.000000,0.000000,0,0,0,0
"-7,9",0,0,0,0,492,4,99999,99999,99999,99999,99999,99999,0.000000,0.000000,0.000000,0.000000,0.000000,0.000000,0.000000,0.000000,0.000000,0.000000,0.000000,0.000000,0.000000,0.000000,0,0,0,0
"-7,10",0,0,0,0,493,4,99999,99999,99999,99999,99999,99999,0.000000,0.000000,0.000000,0.000000,0.000000,0.000000,0.000000,0.000000,0.000000,0.000000,0.000000,0.000000,0.000000,0.000000,0,0,0,0
"-7,11",0,0,0,0,190,4,99999,99999,99999,99999,99999,99999,0.000000,0.000000,0.000000,0.000000,0.000000,0.000000,0.000000,0.000000,0.000000,0.000000,0.000000,0.000000,0.000000,0.000000,0,0,0,0
"-7,12",0,0,0,0,48,4,99999,99999,99999,99999,99999,99999,0.000000,0.000000,0.000000,0.000000,0.000000,0.000000,0.000000,0.000000,0.000000,0.000000,0.000000,0.000000,0.000000,0.000000,0,0,0,0
"-7,13",0,0,0,0,99,4,99999,99999,99999,99999,99999,99999,0.000000,0.000000,0.000000,0.000000,0.000000,0.000000,0.000000,0.000000,0.000000,0.000000,0.000000,0.000000,0.000000,0.000000,0,0,0,0
"-7,14",0,0,0,0,131,4,99999,99999,99999,99999,99999,99999,0.000000,0.000000,0.000000,0.000000,0.000000,0.000000,0.000000,0.000000,0.000000,0.000000,0.000000,0.000000,0.000000,0.000000,0,0,0,0
"-7,15",0,0,0,0,151,4,99999,99999,99999,99999,99999,99999,0.000000,0.000000,0.000000,0.000000,0.000000,0.000000,0.000000,0.000000,0.000000,0.000000,0.000000,0.000000,0.000000,0.000000,0,0,0,0
"-7,16",0,0,0,0,146,4,99999,99999,99999,99999,99999,99999,0.000000,0.000000,0.000000,0.000000,0.000000,0.000000,0.000000,0.000000,0.000000,0.000000,0.000000,0.000000,0.000000,0.000000,0,0,0,0
"-7,17",0,0,0,0,152,4,99999,99999,99999,99999,99999,99999,0.000000,0.000000,0.000000,0.000000,0.000000,0.000000,0.000000,0.000000,0.000000,0.000000,0.000000,0.000000,0.000000,0.000000,0,0,0,0
"-7,18",0,0,0,0,171,4,99999,99999,99999,99999,99999,99999,0.000000,0.000000,0.000000,0.000000,0.000000,0.000000,0.000000,0.000000,0.000000,0.000000,0.000000,0.000000,0.000000,0.000000,0,0,0,0
"-7,19",0,0,0,0,150,4,99999,99999,99999,99999,99999,99999,0.000000,0.000000,0.000000,0.000000,0.000000,0.000000,0.000000,0.000000,0.000000,0.000000,0.000000,0.000000,0.000000,0.000000,0,0,0,0
"-7,20",0,0,0,0,148,4,99999,99999,99999,99999,99999,99999,0.000000,0.000000,0.000000,0.000000,0.000000,0.000000,0.000000,0.000000,0.000000,0.000000,0.000000,0.000000,0.000000,0.000000,0,0,0,0
"-7,21",0,0,0,0,154,4,99999,99999,99999,99999,99999,99999,0.000000,0.000000,0.000000,0.000000,0.000000,0.000000,0.000000,0.000000,0.000000,0.000000,0.000000,0.000000,0.000000,0.000000,0,0,0,0
"-7,22",0,0,0,0,137,4,99999,99999,99999,99999,99999,99999,0.000000,0.000000,0.000000,0.000000,0.000000,0.000000,0.000000,0.000000,0.000000,0.000000,0.000000,0.000000,0.000000,0.000000,0,0,0,0
"-7,23",0,0,0,0,133,4,99999,99999,99999,99999,99999,99999,0.000000,0.000000,0.000000,0.000000,0.000000,0.000000,0.000000,0.000000,0.000000,0.000000,0.000000,0.000000,0.000000,0.000000,0,0,0,0
"-7,24",0,0,0,0,19,4,99999,99999,99999,99999,99999,99999,0.000000,0.000000,0.000000,0.000000,0.000000,0.000000,0.000000,0.000000,0.000000,0.000000,0.000000,0.000000,0.000000,0.000000,0,0,0,0
"-7,25",0,0,0,0,13,4,99999,99999,99999,99999,99999,99999,0.000000,0.000000,0.000000,0.000000,0.000000,0.000000,0.000000,0.000000,0.000000,0.000000,0.000000,0.000000,0.000000,0.000000,0,0,0,0
"-7,26",0,0,0,0,17,4,99999,99999,99999,99999,99999,99999,0.000000,0.000000,0.000000,0.000000,0.000000,0.000000,0.000000,0.000000,0.000000,0.000000,0.000000,0.000000,0.000000,0.000000,0,0,0,0
"-6,-26",0,0,0,0,12,4,99999,99999,99999,99999,99999,99999,0.000000,0.000000,0.000000,0.000000,0.000000,0.000000,0.000000,0.000000,0.000000,0.000000,0.000000,0.000000,0.000000,0.000000,0,0,0,0
"-6,-25",0,0,0,0,18,4,99999,99999,99999,99999,99999,99999,0.000000,0.000000,0.000000,0.000000,0.000000,0.000000,0.000000,0.000000,0.000000,0.000000,0.000000,0.000000,0.000000,0.000000,0,0,0,0
"-6,-24",0,0,0,0,137,4,99999,99999,99999,99999,99999,99999,0.000000,0.000000,0.000000,0.000000,0.000000,0.000000,0.000000,0.000000,0.000000,0.000000,0.000000,0.000000,0.000000,0.000000,0,0,0,0
"-6,-23",0,0,0,0,154,4,99999,99999,99999,99999,99999,99999,0.000000,0.000000,0.000000,0.000000,0.000000,0.000000,0.000000,0.000000,0.000000,0.000000,0.000000,0.000000,0.000000,0.000000,0,0,0,0
"-6,-22",0,0,0,0,147,4,99999,99999,99999,99999,99999,99999,0.000000,0.000000,0.000000,0.000000,0.000000,0.000000,0.000000,0.000000,0.000000,0.000000,0.000000,0.000000,0.000000,0.000000,0,0,0,0
"-6,-21",0,0,0,0,157,4,99999,99999,99999,99999,99999,99999,0.000000,0.000000,0.000000,0.000000,0.000000,0.000000,0.000000,0.000000,0.000000,0.000000,0.000000,0.000000,0.000000,0.000000,0,0,0,0
"-6,-20",0,0,0,0,150,4,99999,99999,99999,99999,99999,99999,0.000000,0.000000,0.000000,0.000000,0.000000,0.000000,0.000000,0.000000,0.000000,0.000000,0.000000,0.000000,0.000000,0.000000,0,0,0,0
"-6,-19",0,0,0,0,152,4,99999,99999,99999,99999,99999,99999,0.000000,0.000000,0.000000,0.000000,0.000000,0.000000,0.000000,0.000000,0.000000,0.000000,0.000000,0.000000,0.000000,0.000000,0,0,0,0
"-6,-18",0,0,0,0,149,4,99999,99999,99999,99999,99999,99999,0.000000,0.000000,0.000000,0.000000,0.000000,0.000000,0.000000,0.000000,0.000000,0.000000,0.000000,0.000000,0.000000,0.000000,0,0,0,0
"-6,-17",0,0,0,0,149,4,99999,99999,99999,99999,99999,99999,0.000000,0.000000,0.000000,0.000000,0.000000,0.000000,0.000000,0.000000,0.000000,0.000000,0.000000,0.000000,0.000000,0.000000,0,0,0,0
"-6,-16",0,0,0,0,147,4,99999,99999,99999,99999,99999,99999,0.000000,0.000000,0.000000,0.000000,0.000000,0.000000,0.000000,0.000000,0.000000,0.000000,0.000000,0.000000,0.000000,0.000000,0,0,0,0
"-6,-15",0,0,0,0,163,4,99999,99999,99999,99999,99999,99999,0.000000,0.000000,0.000000,0.000000,0.000000,0.000000,0.000000,0.000000,0.000000,0.000000,0.000000,0.000000,0.000000,0.000000,0,0,0,0
"-6,-14",0,0,0,0,146,4,99999,99999,99999,99999,99999,99999,0.000000,0.000000,0.000000,0.000000,0.000000,0.000000,0.000000,0.000000,0.000000,0.000000,0.000000,0.000000,0.000000,0.000000,0,0,0,0
"-6,-13",0,0,0,0,556,4,99999,99999,99999,99999,99999,99999,0.000000,0.000000,0.000000,0.000000,0.000000,0.000000,0.000000,0.000000,0.000000,0.000000,0.000000,0.000000,0.000000,0.000000,0,0,0,0
"-6,-12",0,0,0,0,1039,4,99999,99999,99999,99999,99999,99999,0.000000,0.000000,0.000000,0.000000,0.000000,0.000000,0.000000,0.000000,0.000000,0.000000,0.000000,0.000000,0.000000,0.000000,0,0,0,0
"-6,-11",0,0,0,0,1010,4,99999,99999,99999,99999,99999,99999,0.000000,0.000000,0.000000,0.000000,0.000000,0.000000,0.000000,0.000000,0.000000,0.000000,0.000000,0.000000,0.000000,0.000000,0,0,0,0
"-6,-10",0,0,0,0,1021,4,99999,99999,99999,99999,99999,99999,0.000000,0.000000,0.000000,0.000000,0.000000,0.000000,0.000000,0.000000,0.000000,0.000000,0.000000,0.000000,0.000000,0.000000,0,0,0,0
"-6,-9",0,0,0,0,1011,4,99999,99999,99999,99999,99999,99999,0.000000,0.000000,0.000000,0.000000,0.000000,0.000000,0.000000,0.000000,0.000000,0.000000,0.000000,0.000000,0.000000,0.000000,0,0,0,0
"-6,-8",0,0,0,0,1017,4,99999,99999,99999,99999,99999,99999,0.000000,0.000000,0.000000,0.000000,0.000000,0.000000,0.000000,0.000000,0.000000,0.000000,0.000000,0.000000,0.000000,0.000000,0,0,0,0
"-6,-7",0,0,0,0,915,4,99999,99999,99999,99999,99999,99999,0.000000,0.000000,0.000000,0.000000,0.000000,0.000000,0.000000,0.000000,0.000000,0.000000,0.000000,0.000000,0.000000,0.000000,0,0,0,0
"-6,-6",0,0,0,0,501,4,99999,99999,99999,99999,99999,99999,0.000000,0.000000,0.000000,0.000000,0.000000,0.000000,0.000000,0.000000,0.000000,0.000000,0.000000,0.000000,0.000000,0.000000,0,0,0,0
"-6,-5",0,0,0,0,447,4,99999,99999,99999,99999,99999,99999,0.000000,0.000000,0.000000,0.000000,0.000000,0.000000,0.000000,0.000000,0.000000,0.000000,0.000000,0.000000,0.000000,0.000000,0,0,0,0
"-6,-4",0,0,0,0,494,4,99999,99999,99999,99999,99999,99999,0.000000,0.000000,0.000000,0.000000,0.000000,0.000000,0.000000,0.000000,0.000000,0.000000,0.000000,0.000000,0.000000,0.000000,0,0,0,0
"-6,-3",0,0,0,0,492,4,99999,99999,99999,99999,99999,99999,0.000000,0.000000,0.000000,0.000000,0.000000,0.000000,0.000000,0.000000,0.000000,0.000000,0.000000,0.000000,0.000000,0.000000,0,0,0,0
"-6,-2",0,0,0,0,493,4,99999,99999,99999,99999,99999,99999,0.000000,0.000000,0.000000,0.000000,0.000000,0.000000,0.000000,0.000000,0.000000,0.000000,0.000000,0.000000,0.000000,0.000000,0,0,0,0
"-6,-1",0,0,0,0,492,4,99999,99999,99999,99999,99999,99999,0.000000,0.000000,0.000000,0.000000,0.000000,0.000000,0.000000,0.000000,0.000000,0.000000,0.000000,0.000000,0.000000,0.000000,0,0,0,0
"-6,0",0,0,0,0,492,4,99999,99999,99999,99999,99999,99999,0.000000,0.000000,0.000000,0.000000,0.000000,0.000000,0.000000,0.000000,0.000000,0.000000,0.000000,0.000000,0.000000,0.000000,0,0,0,0
"-6,1",0,0,0,0,493,4,99999,99999,99999,99999,99999,99999,0.000000,0.000000,0.000000,0.000000,0.000000,0.000000,0.000000,0.000000,0.000000,0.000000,0.000000,0.000000,0.000000,0.000000,0,0,0,0
"-6,2",0,0,0,0,494,4,99999,99999,99999,99999,99999,99999,0.000000,0.000000,0.000000,0.000000,0.000000,0.000000,0.000000,0.000000,0.000000,0.000000,0.000000,0.000000,0.000000,0.000000,0,0,0,0
"-6,3",0,0,0,0,598,4,99999,99999,99999,99999,99999,99999,0.000000,0.000000,0.000000,0.000000,0.000000,0.000000,0.000000,0.000000,0.000000,0.000000,0.000000,0.000000,0.000000,0.000000,0,0,0,0
"-6,4",0,0,0,0,494,4,99999,99999,99999,99999,99999,99999,0.000000,0.000000,0.000000,0.000000,0.000000,0.000000,0.000000,0.000000,0.000000,0.000000,0.000000,0.000000,0.000000,0.000000,0,0,0,0
"-6,5",0,0,0,0,492,4,99999,99999,99999,99999,99999,99999,0.000000,0.000000,0.000000,0.000000,0.000000,0.000000,0.000000,0.000000,0.000000,0.000000,0.000000,0.000000,0.000000,0.000000,0,0,0,0
"-6,6",0,0,0,0,494,4,99999,99999,99999,99999,99999,99999,0.000000,0.000000,0.000000,0.000000,0.000000,0.000000,0.000000,0.000000,0.000000,0.000000,0.000000,0.000000,0.000000,0.000000,0,0,0,0
"-6,7",0,0,0,0,492,4,99999,99999,99999,99999,99999,99999,0.000000,0.000000,0.000000,0.000000,0.000000,0.000000,0.000000,0.000000,0.000000,0.000000,0.000000,0.000000,0.000000,0.000000,0,0,0,0
"-6,8",0,0,0,0,495,4,99999,99999,99999,99999,99999,99999,0.000000,0.000000,0.000000,0.000000,0.000000,0.000000,0.000000,0.000000,0.000000,0.000000,0.000000,0.000000,0.000000,0.000000,0,0,0,0
"-6,9",0,0,0,0,493,4,99999,99999,99999,99999,99999,99999,0.000000,0.000000,0.000000,0.000000,0.000000,0.000000,0.000000,0.000000,0.000000,0.000000,0.000000,0.000000,0.000000,0.000000,0,0,0,0
"-6,10",0,0,0,0,493,4,99999,99999,99999,99999,99999,99999,0.000000,0.000000,0.000000,0.000000,0.000000,0.000000,0.000000,0.000000,0.000000,0.000000,0.000000,0.000000,0.000000,0.000000,0,0,0,0
"-6,11",0,0,0,0,485,4,99999,99999,99999,99999,99999,99999,0.000000,0.000000,0.000000,0.000000,0.000000,0.000000,0.000000,0.000000,0.000000,0.000000,0.000000,0.000000,0.000000,0.000000,0,0,0,0
"-6,12",0,0,0,0,493,4,99999,99999,99999,99999,99999,99999,0.000000,0.000000,0.000000,0.000000,0.000000,0.000000,0.000000,0.000000,0.000000,0.000000,0.000000,0.000000,0.000000,0.000000,0,0,0,0
"-6,13",0,0,0,0,497,4,99999,99999,99999,99999,99999,99999,0.000000,0.000000,0.000000,0.000000,0.000000,0.000000,0.000000,0.000000,0.000000,0.000000,0.000000,0.000000,0.000000,0.000000,0,0,0,0
"-6,14",0,0,0,0,35,4,99999,99999,99999,99999,99999,99999,0.000000,0.000000,0.000000,0.000000,0.000000,0.000000,0.000000,0.000000,0.000000,0.000000,0.000000,0.000000,0.000000,0.000000,0,0,0,0
"-6,15",0,0,0,0,41,4,99999,99999,99999,99999,99999,99999,0.000000,0.000000,0.000000,0.000000,0.000000,0.000000,0.000000,0.000000,0.000000,0.000000,0.000000,0.000000,0.000000,0.000000,0,0,0,0
"-6,16",0,0,0,0,63,4,99999,99999,99999,99999,99999,99999,0.000000,0.000000,0.000000,0.000000,0.000000,0.000000,0.000000,0.000000,0.000000,0.000000,0.000000,0.000000,0.000000,0.000000,0,0,0,0
"-6,17",0,0,0,0,133,4,99999,99999,99999,99999,99999,99999,0.000000,0.000000,0.000000,0.000000,0.000000,0.000000,0.000000,0.000000,0.000000,0.000000,0.000000,0.000000,0.000000,0.000000,0,0,0,0
"-6,18",0,0,0,0,134,4,99999,99999,99999,99999,99999,99999,0.000000,0.000000,0.000000,0.000000,0.000000,0.000000,0.000000,0.000000,0.000000,0.000000,0.000000,0.000000,0.000000,0.000000,0,0,0,0
"-6,19",0,0,0,0,150,4,99999,99999,99999,99999,99999,99999,0.000000,0.000000,0.000000,0.000000,0.000000,0.000000,0.000000,0.000000,0.000000,0.000000,0.000000,0.000000,0.000000,0.000000,0,0,0,0
"-6,20",0,0,0,0,144,4,99999,99999,99999,99999,99999,99999,0.000000,0.000000,0.000000,0.000000,0.000000,0.000000,0.000000,0.000000,0.000000,0.000000,0.000000,0.000000,0.000000,0.000000,0,0,0,0
"-6,21",0,0,0,0,144,4,99999,99999,99999,99999,99999,99999,0.000000,0.000000,0.000000,0.000000,0.000000,0.000000,0.000000,0.000000,0.000000,0.000000,0.000000,0.000000,0.000000,0.000000,0,0,0,0
"-6,22",0,0,0,0,159,4,99999,99999,99999,99999,99999,99999,0.000000,0.000000,0.000000,0.000000,0.000000,0.000000,0.000000,0.000000,0.000000,0.000000,0.000000,0.000000,0.000000,0.000000,0,0,0,0
"-6,23",0,0,0,0,158,4,99999,99999,99999,99999,99999,99999,0.000000,0.000000,0.000000,0.000000,0.000000,0.000000,0.000000,0.000000,0.000000,0.000000,0.000000,0.000000,0.000000,0.000000,0,0,0,0
"-6,24",0,0,0,0,145,4,99999,99999,99999,99999,99999,99999,0.000000,0.000000,0.000000,0.000000,0.000000,0.000000,0.000000,0.000000,0.000000,0.000000,0.000000,0.000000,0.000000,0.000000,0,0,0,0
"-6,25",0,0,0,0,19,4,99999,99999,99999,99999,99999,99999,0.000000,0.000000,0.000000,0.000000,0.000000,0.000000,0.000000,0.000000,0.000000,0.000000,0.000000,0.000000,0.000000,0.000000,0,0,0,0
"-6,26",0,0,0,0,17,4,99999,99999,99999,99999,99999,99999,0.000000,0.000000,0.000000,0.000000,0.000000,0.000000,0.000000,0.000000,0.000000,0.000000,0.000000,0.000000,0.000000,0.000000,0,0,0,0
"-5,-26",0,0,0,0,14,4,99999,99999,99999,99999,99999,99999,0.000000,0.000000,0.000000,0.000000,0.000000,0.000000,0.000000,0.000000,0.000000,0.000000,0.000000,0.000000,0.000000,0.000000,0,0,0,0
"-5,-25",0,0,0,0,137,4,99999,99999,99999,99999,99999,99999,0.000000,0.000000,0.000000,0.000000,0.000000,0.000000,0.000000,0.000000,0.000000,0.000000,0.000000,0.000000,0.000000,0.000000,0,0,0,0
"-5,-24",0,0,0,0,141,4,99999,99999,99999,99999,99999,99999,0.000000,0.000000,0.000000,0.000000,0.000000,0.000000,0.000000,0.000000,0.000000,0.000000,0.000000,0.000000,0.000000,0.000000,0,0,0,0
"-5,-23",0,0,0,0,160,4,99999,99999,99999,99999,99999,99999,0.000000,0.000000,0.000000,0.000000,0.000000,0.000000,0.000000,0.000000,0.000000,0.000000,0.000000,0.000000,0.000000,0.000000,0,0,0,0
"-5,-22",0,0,0,0,140,4,99999,99999,99999,99999,99999,99999,0.000000,0.000000,0.000000,0.000000,0.000000,0.000000,0.000000,0.000000,0.000000,0.000000,0.000000,0.000000,0.000000,0.000000,0,0,0,0
"-5,-21",0,0,0,0,158,4,99999,99999,99999,99999,99999,99999,0.000000,0.000000,0.000000,0.000000,0.000000,0.000000,0.000000,0.000000,0.000000,0.000000,0.000000,0.000000,0.000000,0.000000,0,0,0,0
"-5,-20",0,0,0,0,144,4,99999,99999,99999,99999,99999,99999,0.000000,0.000000,0.000000,0.000000,0.000000,0.000000,0.000000,0.000000,0.000000,0.000000,0.000000,0.000000,0.000000,0.000000,0,0,0,0
"-5,-19",0,0,0,0,141,4,99999,99999,99999,99999,99999,99999,0.000000,0.000000,0.000000,0.000000,0.000000,0.000000,0.000000,0.000000,0.000000,0.000000,0.000000,0.000000,0.000000,0.000000,0,0,0,0
"-5,-18",0,0,0,0,150,4,99999,99999,99999,99999,99999,99999,0.000000,0.000000,0.000000,0.000000,0.000000,0.000000,0.000000,0.000000,0.000000,0.000000,0.000000,0.000000,0.000000,0.000000,0,0,0,0
"-5,-17",0,0,0,0,156,4,99999,99999,99999,99999,99999,99999,0.000000,0.000000,0.000000,0.000000,0.000000,0.000000,0.000000,0.000000,0.000000,0.000000,0.000000,0.000000,0.000000,0.000000,0,0,0,0
"-5,-16",0,0,0,0,156,4,99999,99999,99999,99999,99999,99999,0.000000,0.000000,0.000000,0.000000,0.000000,0.000000,0.000000,0.000000,0.000000,0.000000,0.000000,0.000000,0.000000,0.000000,0,0,0,0
"-5,-15",0,0,0,0,397,4,99999,99999,99999,99999,99999,99999,0.000000,0.000000,0.000000,0.000000,0.000000,0.000000,0.000000,0.000000,0.000000,0.000000,0.000000,0.000000,0.000000,0.000000,0,0,0,0
"-5,-14",0,0,0,0,1060,4,99999,99999,99999,99999,99999,99999,0.000000,0.000000,0.000000,0.000000,0.000000,0.000000,0.000000,0.000000,0.000000,0.000000,0.000000,0.000000,0.000000,0.000000,0,0,0,0
"-5,-13",0,0,0,0,1055,4,99999,99999,99999,99999,99999,99999,0.000000,0.000000,0.000000,0.000000,0.000000,0.000000,0.000000,0.000000,0.000000,0.000000,0.000000,0.000000,0.000000,0.000000,0,0,0,0
"-5,-12",0,0,0,0,1057,4,99999,99999,99999,99999,99999,99999,0.000000,0.000000,0.000000,0.000000,0.000000,0.000000,0.000000,0.000000,0.000000,0.000000,0.000000,0.000000,0.000000,0.000000,0,0,0,0
"-5,-11",0,0,0,0,850,4,99999,99999,99999,99999,99999,99999,0.000000,0.000000,0.000000,0.000000,0.000000,0.000000,0.000000,0.000000,0.000000,0.000000,0.000000,0.000000,0.000000,0.000000,0,0,0,0
"-5,-10",0,0,0,0,703,4,99999,99999,99999,99999,99999,99999,0.000000,0.000000,0.000000,0.000000,0.000000,0.000000,0.000000,0.000000,0.000000,0.000000,0.000000,0.000000,0.000000,0.000000,0,0,0,0
"-5,-9",0,0,0,0,516,4,99999,99999,99999,99999,99999,99999,0.000000,0.000000,0.000000,0.000000,0.000000,0.000000,0.000000,0.000000,0.000000,0.000000,0.000000,0.000000,0.000000,0.000000,0,0,0,0
"-5,-8",0,0,0,0,476,4,99999,99999,99999,99999,99999,99999,0.000000,0.000000,0.000000,0.000000,0.000000,0.000000,0.000000,0.000000,0.000000,0.000000,0.000000,0.000000,0.000000,0.000000,0,0,0,0
"-5,-7",0,0,0,0,493,4,99999,99999,99999,99999,99999,99999,0.000000,0.000000,0.000000,0.000000,0.000000,0.000000,0.000000,0.000000,0.000000,0.000000,0.000000,0.000000,0.000000,0.000000,0,0,0,0
"-5,-6",0,0,0,0,493,4,99999,99999,99999,99999,99999,99999,0.000000,0.000000,0.000000,0.000000,0.000000,0.000000,0.000000,0.000000,0.000000,0.000000,0.000000,0.000000,0.000000,0.000000,0,0,0,0
"-5,-5",0,0,0,0,494,4,99999,99999,99999,99999,99999,99999,0.000000,0.000000,0.000000,0.000000,0.000000,0.000000,0.000000,0.000000,0.000000,0.000000,0.000000,0.000000,0.000000,0.000000,0,0,0,0
"-5,-4",0,0,0,0,493,4,99999,99999,99999,99999,99999,99999,0.000000,0.000000,0.000000,0.000000,0.000000,0.000000,0.000000,0.000000,0.000000,0.000000,0.000000,0.000000,0.000000,0.000000,0,0,0,0
"-5,-3",0,0,0,0,493,4,99999,99999,99999,99999,99999,99999,0.000000,0.000000,0.000000,0.000000,0.000000,0.000000,0.000000,0.000000,0.000000,0.000000,0.000000,0.000000,0.000000,0.000000,0,0,0,0
"-5,-2",0,0,0,0,492,4,99999,99999,99999,99999,99999,99999,0.000000,0.000000,0.000000,0.000000,0.000000,0.000000,0.000000,0.000000,0.000000,0.000000,0.000000,0.000000,0.000000,0.000000,0,0,0,0
"-5,-1",0,0,0,0,492,4,99999,99999,99999,99999,99999,99999,0.000000,0.000000,0.000000,0.000000,0.000000,0.000000,0.000000,0.000000,0.000000,0.000000,0.000000,0.000000,0.000000,0.000000,0,0,0,0
"-5,0",0,0,0,0,492,4,99999,99999,99999,99999,99999,99999,0.000000,0.000000,0.000000,0.000000,0.000000,0.000000,0.000000,0.000000,0.000000,0.000000,0.000000,0.000000,0.000000,0.000000,0,0,0,0
"-5,1",0,0,0,0,471,4,99999,99999,99999,99999,99999,99999,0.000000,0.000000,0.000000,0.000000,0.000000,0.000000,0.000000,0.000000,0.000000,0.000000,0.000000,0.000000,0.000000,0.000000,0,0,0,0
"-5,2",0,0,0,0,494,4,99999,99999,99999,99999,99999,99999,0.000000,0.000000,0.000000,0.000000,0.000000,0.000000,0.000000,0.000000,0.000000,0.000000,0.000000,0.000000,0.000000,0.000000,0,0,0,0
"-5,3",0,0,0,0,493,4,99999,99999,99999,99999,99999,99999,0.000000,0.000000,0.000000,0.000000,0.000000,0.000000,0.000000,0.000000,0.000000,0.000000,0.000000,0.000000,0.000000,0.000000,0,0,0,0
"-5,4",0,0,0,0,492,4,99999,99999,99999,99999,99999,99999,0.000000,0.000000,0.000000,0.000000,0.000000,0.000000,0.000000,0.000000,0.000000,0.000000,0.000000,0.000000,0.000000,0.000000,0,0,0,0
"-5,5",0,0,0,0,494,4,99999,99999,99999,99999,99999,99999,0.000000,0.000000,0.000000,0.000000,0.000000,0.000000,0.000000,0.000000,0.000000,0.000000,0.000000,0.000000,0.000000,0.000000,0,0,0,0
"-5,6",0,0,0,0,493,4,99999,99999,99999,99999,99999,99999,0.000000,0.000000,0.000000,0.000000,0.000000,0.000000,0.000000,0.000000,0.000000,0.000000,0.000000,0.000000,0.000000,0.000000,0,0,0,0
"-5,7",0,0,0,0,493,4,99999,99999,99999,99999,99999,99999,0.000000,0.000000,0.000000,0.000000,0.000000,0.000000,0.000000,0.000000,0.000000,0.000000,0.000000,0.000000,0.000000,0.000000,0,0,0,0
"-5,8",0,0,0,0,493,4,99999,99999,99999,99999,99999,99999,0.000000,0.000000,0.000000,0.000000,0.000000,0.000000,0.000000,0.000000,0.000000,0.000000,0.000000,0.000000,0.000000,0.000000,0,0,0,0
"-5,9",0,0,0,0,494,4,99999,99999,99999,99999,99999,99999,0.000000,0.000000,0.000000,0.000000,0.000000,0.000000,0.000000,0.000000,0.000000,0.000000,0.000000,0.000000,0.000000,0.000000,0,0,0,0
"-5,10",0,0,0,0,493,4,99999,99999,99999,99999,99999,99999,0.000000,0.000000,0.000000,0.000000,0.000000,0.000000,0.000000,0.000000,0.000000,0.000000,0.000000,0.000000,0.000000,0.000000,0,0,0,0
"-5,11",0,0,0,0,493,4,99999,99999,99999,99999,99999,99999,0.000000,0.000000,0.000000,0.000000,0.000000,0.000000,0.000000,0.000000,0.000000,0.000000,0.000000,0.000000,0.000000,0.000000,0,0,0,0
"-5,12",0,0,0,0,494,4,99999,99999,99999,99999,99999,99999,0.000000,0.000000,0.000000,0.000000,0.000000,0.000000,0.000000,0.000000,0.000000,0.000000,0.000000,0.000000,0.000000,0.000000,0,0,0,0
"-5,13",0,0,0,0,493,4,99999,99999,99999,99999,99999,99999,0.000000,0.000000,0.000000,0.000000,0.000000,0.000000,0.000000,0.000000,0.000000,0.000000,0.000000,0.000000,0.000000,0.000000,0,0,0,0
"-5,14",0,0,0,0,493,4,99999,99999,99999,99999,99999,99999,0.000000,0.000000,0.000000,0.000000,0.000000,0.000000,0.000000,0.000000,0.000000,0.000000,0.000000,0.000000,0.000000,0.000000,0,0,0,0
"-5,15",0,0,0,0,35,4,99999,99999,99999,99999,99999,99999,0.000000,0.000000,0.000000,0.000000,0.000000,0.000000,0.000000,0.000000,0.000000,0.000000,0.000000,0.000000,0.000000,0.000000,0,0,0,0
"-5,16",0,0,0,0,35,4,99999,99999,99999,99999,99999,99999,0.000000,0.000000,0.000000,0.000000,0.000000,0.000000,0.000000,0.000000,0.000000,0.000000,0.000000,0.000000,0.000000,0.000000,0,0,0,0
"-5,17",0,0,0,0,39,4,99999,99999,99999,99999,99999,99999,0.000000,0.000000,0.000000,0.000000,0.000000,0.000000,0.000000,0.000000,0.000000,0.000000,0.000000,0.000000,0.000000,0.000000,0,0,0,0
"-5,18",0,0,0,0,58,4,99999,99999,99999,99999,99999,99999,0.000000,0.000000,0.000000,0.000000,0.000000,0.000000,0.000000,0.000000,0.000000,0.000000,0.000000,0.000000,0.000000,0.000000,0,0,0,0
"-5,19",0,0,0,0,127,4,99999,99999,99999,99999,99999,99999,0.000000,0.000000,0.000000,0.000000,0.000000,0.000000,0.000000,0.000000,0.000000,0.000000,0.000000,0.000000,0.000000,0.000000,0,0,0,0
"-5,20",0,0,0,0,126,4,99999,99999,99999,99999,99999,99999,0.000000,0.000000,0.000000,0.000000,0.000000,0.000000,0.000000,0.000000,0.000000,0.000000,0.000000,0.000000,0.000000,0.000000,0,0,0,0
"-5,21",0,0,0,0,150,4,99999,99999,99999,99999,99999,99999,0.000000,0.000000,0.000000,0.000000,0.000000,0.000000,0.000000,0.000000,0.000000,0.000000,0.000000,0.000000,0.000000,0.000000,0,0,0,0
"-5,22",0,0,0,0,136,4,99999,99999,99999,99999,99999,99999,0.000000,0.000000,0.000000,0.000000,0.000000,0.000000,0.000000,0.000000,0.000000,0.000000,0.000000,0.000000,0.000000,0.000000,0,0,0,0
"-5,23",0,0,0,0,147,4,99999,99999,99999,99999,99999,99999,0.000000,0.000000,0.000000,0.000000,0.000000,0.000000,0.000000,0.000000,0.000000,0.000000,0.000000,0.000000,0.000000,0.000000,0,0,0,0
"-5,24",0,0,0,0,133,4,99999,99999,99999,99999,99999,99999,0.000000,0.000000,0.000000,0.000000,0.000000,0.000000,0.000000,0.000000,0.000000,0.000000,0.000000,0.000000,0.000000,0.000000,0,0,0,0
"-5,25",0,0,0,0,141,4,99999,99999,99999,99999,99999,99999,0.000000,0.000000,0.000000,0.000000,0.000000,0.000000,0.000000,0.000000,0.000000,0.000000,0.000000,0.000000,0.000000,0.000000,0,0,0,0
"-5,26",0,0,0,0,14,4,99999,99999,99999,99999,99999,99999,0.000000,0.000000,0.000000,0.000000,0.000000,0.000000,0.000000,0.000000,0.000000,0.000000,0.000000,0.000000,0.000000,0.000000,0,0,0,0
"-4,-26",0,0,0,0,125,4,99999,99999,99999,99999,99999,99999,0.000000,0.000000,0.000000,0.000000,0.000000,0.000000,0.000000,0.000000,0.000000,0.000000,0.000000,0.000000,0.000000,0.000000,0,0,0,0
"-4,-25",0,0,0,0,160,4,99999,99999,99999,99999,99999,99999,0.000000,0.000000,0.000000,0.000000,0.000000,0.000000,0.000000,0.000000,0.000000,0.000000,0.000000,0.000000,0.000000,0.000000,0,0,0,0
"-4,-24",0,0,0,0,153,4,99999,99999,99999,99999,99999,99999,0.000000,0.000000,0.000000,0.000000,0.000000,0.000000,0.000000,0.000000,0.000000,0.000000,0.000000,0.000000,0.000000,0.000000,0,0,0,0
"-4,-23",0,0,0,0,160,4,99999,99999,99999,99999,99999,99999,0.000000,0.000000,0.000000,0.000000,0.000000,0.000000,0.000000,0.000000,0.000000,0.000000,0.000000,0.000000,0.000000,0.000000,0,0,0,0
"-4,-22",0,0,0,0,145,4,99999,99999,99999,99999,99999,99999,0.000000,0.000000,0.000000,0.000000,0.000000,0.000000,0.000000,0.000000,0.000000,0.000000,0.000000,0.000000,0.000000,0.000000,0,0,0,0
"-4,-21",0,0,0,0,157,4,99999,99999,99999,99999,99999,99999,0.000000,0.000000,0.000000,0.000000,0.000000,0.000000,0.000000,0.000000,0.000000,0.000000,0.000000,0.000000,0.000000,0.000000,0,0,0,0
"-4,-20",0,0,0,0,154,4,99999,99999,99999,99999,99999,99999,0.000000,0.000000,0.000000,0.000000,0.000000,0.000000,0.000000,0.000000,0.000000,0.000000,0.000000,0.000000,0.000000,0.000000,0,0,0,0
"-4,-19",0,0,0,0,153,4,99999,99999,99999,99999,99999,99999,0.000000,0.000000,0.000000,0.000000,0.000000,0.000000,0.000000,0.000000,0.000000,0.000000,0.000000,0.000000,0.000000,0.000000,0,0,0,0
"-4,-18",0,0,0,0,159,4,99999,99999,99999,99999,99999,99999,0.000000,0.000000,0.000000,0.000000,0.000000,0.000000,0.000000,0.000000,0.000000,0.000000,0.000000,0.000000,0.000000,0.000000,0,0,0,0
"-4,-17",0,0,0,0,145,4,99999,99999,99999,99999,99999,99999,0.000000,0.000000,0.000000,0.000000,0.000000,0.000000,0.000000,0.000000,0.000000,0.000000,0.000000,0.000000,0.000000,0.000000,0,0,0,0
"-4,-16",0,0,0,0,1061,4,99999,99999,99999,99999,99999,99999,0.000000,0.000000,0.000000,0.000000,0.000000,0.000000,0.000000,0.000000,0.000000,0.000000,0.000000,0.000000,0.000000,0.000000,0,0,0,0
"-4,-15",0,0,0,0,1058,4,99999,99999,99999,99999,99999,99999,0.000000,0.000000,0.000000,0.000000,0.000000,0.000000,0.000000,0.000000,0.000000,0.000000,0.000000,0.000000,0.000000,0.000000,0,0,0,0
"-4,-14",0,0,0,0,1057,4,99999,99999,99999,99999,99999,99999,0.000000,0.000000,0.000000,0.000000,0.000000,0.000000,0.000000,0.000000,0.000000,0.000000,0.000000,0.000000,0.000000,0.000000,0,0,0,0
"-4,-13",0,0,0,0,1058,4,99999,99999,99999,99999,99999,99999,0.000000,0.000000,0.000000,0.000000,0.000000,0.000000,0.000000,0.000000,0.000000,0.000000,0.000000,0.000000,0.000000,0.000000,0,0,0,0
"-4,-12",0,0,0,0,1056,4,99999,99999,99999,99999,99999,99999,0.000000,0.000000,0.000000,0.000000,0.000000,0.000000,0.000000,0.000000,0.000000,0.000000,0.000000,0.000000,0.000000,0.000000,0,0,0,0
"-4,-11",0,0,0,0,1053,4,99999,99999,99999,99999,99999,99999,0.000000,0.000000,0.000000,0.000000,0.000000,0.000000,0.000000,0.000000,0.000000,0.000000,0.000000,0.000000,0.000000,0.000000,0,0,0,0
"-4,-10",0,0,0,0,1048,4,99999,99999,99999,99999,99999,99999,0.000000,0.000000,0.000000,0.000000,0.000000,0.000000,0.000000,0.000000,0.000000,0.000000,0.000000,0.000000,0.000000,0.000000,0,0,0,0
"-4,-9",0,0,0,0,411,4,99999,99999,99999,99999,99999,99999,0.000000,0.000000,0.000000,0.000000,0.000000,0.000000,0.000000,0.000000,0.000000,0.000000,0.000000,0.000000,0.000000,0.000000,0,0,0,0
"-4,-8",0,0,0,0,481,4,99999,99999,99999,99999,99999,99999,0.000000,0.000000,0.000000,0.000000,0.000000,0.000000,0.000000,0.000000,0.000000,0.000000,0.000000,0.000000,0.000000,0.000000,0,0,0,0
"-4,-7",0,0,0,0,493,4,99999,99999,99999,99999,99999,99999,0.000000,0.000000,0.000000,0.000000,0.000000,0.000000,0.000000,0.000000,0.000000,0.000000,0.000000,0.000000,0.000000,0.000000,0,0,0,0
"-4,-6",0,0,0,0,493,4,99999,99999,99999,99999,99999,99999,0.000000,0.000000,0.000000,0.000000,0.000000,0.000000,0.000000,0.000000,0.000000,0.000000,0.000000,0.000000,0.000000,0.000000,0,0,0,0
"-4,-5",0,0,0,0,492,4,99999,99999,99999,99999,99999,99999,0.000000,0.000000,0.000000,0.000000,0.000000,0.000000,0.000000,0.000000,0.000000,0.000000,0.000000,0.000000,0.000000,0.000000,0,0,0,0
"-4,-4",0,0,0,0,493,4,99999,99999,99999,99999,99999,99999,0.000000,0.000000,0.000000,0.000000,0.000000,0.000000,0.000000,0.000000,0.000000,0.000000,0.000000,0.000000,0.000000,0.000000,0,0,0,0
"-4,-3",0,0,0,0,493,4,99999,99999,99999,99999,99999,99999,0.000000,0.000000,0.000000,0.000000,0.000000,0.000000,0.000000,0.000000,0.000000,0.000000,0.000000,0.000000,0.000000,0.000000,0,0,0,0
"-4,-2",0,0,0,0,493,4,99999,99999,99999,99999,99999,99999,0.000000,0.000000,0.000000,0.000000,0.000000,0.000000,0.000000,0.000000,0.000000,0.000000,0.000000,0.000000,0.000000,0.000000,0,0,0,0
"-4,-1",0,0,0,0,493,4,99999,99999,99999,99999,99999,99999,0.000000,0.000000,0.000000,0.000000,0.000000,0.000000,0.000000,0.000000,0.000000,0.000000,0.000000,0.000000,0.000000,0.000000,0,0,0,0
"-4,0",0,0,0,0,439,4,99999,99999,99999,99999,99999,99999,0.000000,0.000000,0.000000,0.000000,0.000000,0.000000,0.000000,0.000000,0.000000,0.000000,0.000000,0.000000,0.000000,0.000000,0,0,0,0
"-4,1",0,0,0,0,389,4,99999,99999,99999,99999,99999,99999,0.000000,0.000000,0.000000,0.000000,0.000000,0.000000,0.000000,0.000000,0.000000,0.000000,0.000000,0.000000,0.000000,0.000000,0,0,0,0
"-4,2",0,0,0,0,390,4,99999,99999,99999,99999,99999,99999,0.000000,0.000000,0.000000,0.000000,0.000000,0.000000,0.000000,0.000000,0.000000,0.000000,0.000000,0.000000,0.000000,0.000000,0,0,0,0
"-4,3",0,0,0,0,390,4,99999,99999,99999,99999,99999,99999,0.000000,0.000000,0.000000,0.000000,0.000000,0.000000,0.000000,0.000000,0.000000,0.000000,0.000000,0.000000,0.000000,0.000000,0,0,0,0
"-4,4",0,0,0,0,389,4,99999,99999,99999,99999,99999,99999,0.000000,0.000000,0.000000,0.000000,0.000000,0.000000,0.000000,0.000000,0.000000,0.000000,0.000000,0.000000,0.000000,0.000000,0,0,0,0
"-4,5",0,0,0,0,493,4,99999,99999,99999,99999,99999,99999,0.000000,0.000000,0.000000,0.000000,0.000000,0.000000,0.000000,0.000000,0.000000,0.000000,0.000000,0.000000,0.000000,0.000000,0,0,0,0
"-4,6",0,0,0,0,493,4,99999,99999,99999,99999,99999,99999,0.000000,0.000000,0.000000,0.000000,0.000000,0.000000,0.000000,0.000000,0.000000,0.000000,0.000000,0.000000,0.000000,0.000000,0,0,0,0
"-4,7",0,0,0,0,493,4,99999,99999,99999,99999,99999,99999,0.000000,0.000000,0.000000,0.000000,0.000000,0.000000,0.000000,0.000000,0.000000,0.000000,0.000000,0.000000,0.000000,0.000000,0,0,0,0
"-4,8",0,0,0,0,494,4,99999,99999,99999,99999,99999,99999,0.000000,0.000000,0.000000,0.000000,0.000000,0.000000,0.000000,0.000000,0.000000,0.000000,0.000000,0.000000,0.000000,0.000000,0,0,0,0
"-4,9",0,0,0,0,492,4,99999,99999,99999,99999,99999,99999,0.000000,0.000000,0.000000,0.000000,0.000000,0.000000,0.000000,0.000000,0.000000,0.000000,0.000000,0.000000,0.000000,0.000000,0,0,0,0
"-4,10",0,0,0,0,493,4,99999,99999,99999,99999,99999,99999,0.000000,0.000000,0.000000,0.000000,0.000000,0.000000,0.000000,0.000000,0.000000,0.000000,0.000000,0.000000,0.000000,0.000000,0,0,0,0
"-4,11",0,0,0,0,493,4,99999,99999,99999,99999,99999,99999,0.000000,0.000000,0.000000,0.000000,0.000000,0.000000,0.000000,0.000000,0.000000,0.000000,0.000000,0.000000,0.000000,0.000000,0,0,0,0
"-4,12",0,0,0,0,493,4,99999,99999,99999,99999,99999,99999,0.000000,0.000000,0.000000,0.000000,0.000000,0.000000,0.000000,0.000000,0.000000,0.000000,0.000000,0.000000,0.000000,0.000000,0,0,0,0
"-4,13",0,0,0,0,457,4,99999,99999,99999,99999,99999,99999,0.000000,0.000000,0.000000,0.000000,0.000000,0.000000,0.000000,0.000000,0.000000,0.000000,0.000000,0.000000,0.000000,0.000000,0,0,0,0
"-4,14",0,0,0,0,493,4,99999,99999,99999,99999,99999,99999,0.000000,0.000000,0.000000,0.000000,0.000000,0.000000,0.000000,0.000000,0.000000,0.000000,0.000000,0.000000,0.000000,0.000000,0,0,0,0
"-4,15",0,0,0,0,494,4,99999,99999,99999,99999,99999,99999,0.000000,0.000000,0.000000,0.000000,0.000000,0.000000,0.000000,0.000000,0.000000,0.000000,0.000000,0.000000,0.000000,0.000000,0,0,0,0
"-4,16",0,0,0,0,494,4,99999,99999,99999,99999,99999,99999,0.000000,0.000000,0.000000,0.000000,0.000000,0.000000,0.000000,0.000000,0.000000,0.000000,0.000000,0.000000,0.000000,0.000000,0,0,0,0
"-4,17",0,0,0,0,35,4,99999,99999,99999,99999,99999,99999,0.000000,0.000000,0.000000,0.000000,0.000000,0.000000,0.000000,0.000000,0.000000,0.000000,0.000000,0.000000,0.000000,0.000000,0,0,0,0
"-4,18",0,0,0,0,35,4,99999,99999,99999,99999,99999,99999,0.000000,0.000000,0.000000,0.000000,0.000000,0.000000,0.000000,0.000000,0.000000,0.000000,0.000000,0.000000,0.000000,0.000000,0,0,0,0
"-4,19",0,0,0,0,35,4,99999,99999,99999,99999,99999,99999,0.000000,0.000000,0.000000,0.000000,0.000000,0.000000,0.000000,0.000000,0.000000,0.000000,0.000000,0.000000,0.000000,0.000000,0,0,0,0
"-4,20",0,0,0,0,66,4,99999,99999,99999,99999,99999,99999,0.000000,0.000000,0.000000,0.000000,0.000000,0.000000,0.000000,0.000000,0.000000,0.000000,0.000000,0.000000,0.000000,0.000000,0,0,0,0
"-4,21",0,0,0,0,147,4,99999,99999,99999,99999,99999,99999,0.000000,0.000000,0.000000,0.000000,0.000000,0.000000,0.000000,0.000000,0.000000,0.000000,0.000000,0.000000,0.000000,0.000000,0,0,0,0
"-4,22",0,0,0,0,133,4,99999,99999,99999,99999,99999,99999,0.000000,0.000000,0.000000,0.000000,0.000000,0.000000,0.000000,0.000000,0.000000,0.000000,0.000000,0.000000,0.000000,0.000000,0,0,0,0
"-4,23",0,0,0,0,137,4,99999,99999,99999,99999,99999,99999,0.000000,0.000000,0.000000,0.000000,0.000000,0.000000,0.000000,0.000000,0.000000,0.000000,0.000000,0.000000,0.000000,0.000000,0,0,0,0
"-4,24",0,0,0,0,155,4,99999,99999,99999,99999,99999,99999,0.000000,0.000000,0.000000,0.000000,0.000000,0.000000,0.000000,0.000000,0.000000,0.000000,0.000000,0.000000,0.000000,0.000000,0,0,0,0
"-4,25",0,0,0,0,148,4,99999,99999,99999,99999,99999,99999,0.000000,0.000000,0.000000,0.000000,0.000000,0.000000,0.000000,0.000000,0.000000,0.000000,0.000000,0.000000,0.000000,0.000000,0,0,0,0
"-4,26",0,0,0,0,151,4,99999,99999,99999,99999,99999,99999,0.000000,0.000000,0.000000,0.000000,0.000000,0.000000,0.000000,0.000000,0.000000,0.000000,0.000000,0.000000,0.000000,0.000000,0,0,0,0
"-3,-26",0,0,0,0,169,4,99999,99999,99999,99999,99999,99999,0.000000,0.000000,0.000000,0.000000,0.000000,0.000000,0.000000,0.000000,0.000000,0.000000,0.000000,0.000000,0.000000,0.000000,0,0,0,0
"-3,-25",0,0,0,0,138,4,99999,99999,99999,99999,99999,99999,0.000000,0.000000,0.000000,0.000000,0.000000,0.000000,0.000000,0.000000,0.000000,0.000000,0.000000,0.000000,0.000000,0.000000,0,0,0,0
"-3,-24",0,0,0,0,159,4,99999,99999,99999,99999,99999,99999,0.000000,0.000000,0.000000,0.000000,0.000000,0.000000,0.000000,0.000000,0.000000,0.000000,0.000000,0.000000,0.000000,0.000000,0,0,0,0
"-3,-23",0,0,0,0,153,4,99999,99999,99999,99999,99999,99999,0.000000,0.000000,0.000000,0.000000,0.000000,0.000000,0.000000,0.000000,0.000000,0.000000,0.000000,0.000000,0.000000,0.000000,0,0,0,0
"-3,-22",0,0,0,0,156,4,99999,99999,99999,99999,99999,99999,0.000000,0.000000,0.000000,0.000000,0.000000,0.000000,0.000000,0.000000,0.000000,0.000000,0.000000,0.000000,0.000000,0.000000,0,0,0,0
"-3,-21",0,0,0,0,143,4,99999,99999,99999,99999,99999,99999,0.000000,0.000000,0.000000,0.000000,0.000000,0.000000,0.000000,0.000000,0.000000,0.000000,0.000000,0.000000,0.000000,0.000000,0,0,0,0
"-3,-20",0,0,0,0,137,4,99999,99999,99999,99999,99999,99999,0.000000,0.000000,0.000000,0.000000,0.000000,0.000000,0.000000,0.000000,0.000000,0.000000,0.000000,0.000000,0.000000,0.000000,0,0,0,0
"-3,-19",0,0,0,0,152,4,99999,99999,99999,99999,99999,99999,0.000000,0.000000,0.000000,0.000000,0.000000,0.000000,0.000000,0.000000,0.000000,0.000000,0.000000,0.000000,0.000000,0.000000,0,0,0,0
"-3,-18",0,0,0,0,213,4,99999,99999,99999,99999,99999,99999,0.000000,0.000000,0.000000,0.000000,0.000000,0.000000,0.000000,0.000000,0.000000,0.000000,0.000000,0.000000,0.000000,0.000000,0,0,0,0
"-3,-17",0,0,0,0,1062,4,99999,99999,99999,99999,99999,99999,0.000000,0.000000,0.000000,0.000000,0.000000,0.000000,0.000000,0.000000,0.000000,0.000000,0.000000,0.000000,0.000000,0.000000,0,0,0,0
"-3,-16",0,0,0,0,1026,4,99999,99999,99999,99999,99999,99999,0.000000,0.000000,0.000000,0.000000,0.000000,0.000000,0.000000,0.000000,0.000000,0.000000,0.000000,0.000000,0.000000,0.000000,0,0,0,0
"-3,-15",0,0,0,0,643,4,99999,99999,99999,99999,99999,99999,0.000000,0.000000,0.000000,0.000000,0.000000,0.000000,0.000000,0.000000,0.000000,0.000000,0.000000,0.000000,0.000000,0.000000,0,0,0,0
"-3,-14",0,0,0,0,523,4,99999,99999,99999,99999,99999,99999,0.000000,0.000000,0.000000,0.000000,0.000000,0.000000,0.000000,0.000000,0.000000,0.000000,0.000000,0.000000,0.000000,0.000000,0,0,0,0
"-3,-13",0,0,0,0,494,4,99999,99999,99999,99999,99999,99999,0.000000,0.000000,0.000000,0.000000,0.000000,0.000000,0.000000,0.000000,0.000000,0.000000,0.000000,0.000000,0.000000,0.000000,0,0,0,0
"-3,-12",0,0,0,0,492,4,99999,99999,99999,99999,99999,99999,0.000000,0.000000,0.000000,0.000000,0.000000,0.000000,0.000000,0.000000,0.000000,0.000000,0.000000,0.000000,0.000000,0.000000,0,0,0,0
"-3,-11",0,0,0,0,493,4,99999,99999,99999,99999,99999,99999,0.000000,0.000000,0.000000,0.000000,0.000000,0.000000,0.000000,0.000000,0.000000,0.000000,0.000000,0.000000,0.000000,0.000000,0,0,0,0
"-3,-10",0,0,0,0,493,4,99999,99999,99999,99999,99999,99999,0.000000,0.000000,0.000000,0.000000,0.000000,0.000000,0.000000,0.000000,0.000000,0.000000,0.000000,0.000000,0.000000,0.000000,0,0,0,0
"-3,-9",0,0,0,0,493,4,99999,99999,99999,99999,99999,99999,0.000000,0.000000,0.000000,0.000000,0.000000,0.000000,0.000000,0.000000,0.000000,0.000000,0.000000,0.000000,0.000000,0.000000,0,0,0,0
"-3,-8",0,0,0,0,494,4,99999,99999,99999,99999,99999,99999,0.000000,0.000000,0.000000,0.000000,0.000000,0.000000,0.000000,0.000000,0.000000,0.000000,0.000000,0.000000,0.000000,0.000000,0,0,0,0
"-3,-7",0,0,0,0,494,4,99999,99999,99999,99999,99999,99999,0.000000,0.000000,0.000000,0.000000,0.000000,0.000000,0.000000,0.000000,0.000000,0.000000,0.000000,0.000000,0.000000,0.000000,0,0,0,0
"-3,-6",0,0,0,0,494,4,99999,99999,99999,99999,99999,99999,0.000000,0.000000,0.000000,0.000000,0.000000,0.000000,0.000000,0.000000,0.000000,0.000000,0.000000,0.000000,0.000000,0.000000,0,0,0,0
"-3,-5",0,0,0,0,453,4,99999,99999,99999,99999,99999,99999,0.000000,0.000000,0.000000,0.000000,0.000000,0.000000,0.000000,0.000000,0.000000,0.000000,0.000000,0.000000,0.000000,0.000000,0,0,0,0
"-3,-4",0,0,0,0,390,4,99999,99999,99999,99999,99999,99999,0.000000,0.000000,0.000000,0.000000,0.000000,0.000000,0.000000,0.000000,0.000000,0.000000,0.000000,0.000000,0.000000,0.000000,0,0,0,0
"-3,-3",0,0,0,0,389,4,99999,99999,99999,99999,99999,99999,0.000000,0.000000,0.000000,0.000000,0.000000,0.000000,0.000000,0.000000,0.000000,0.000000,0.000000,0.000000,0.000000,0.000000,0,0,0,0
"-3,-2",0,0,0,0,388,4,99999,99999,99999,99999,99999,99999,0.000000,0.000000,0.000000,0.000000,0.000000,0.000000,0.000000,0.000000,0.000000,0.000000,0.000000,0.000000,0.000000,0.000000,0,0,0,0
"-3,-1",0,0,0,0,494,4,99999,99999,99999,99999,99999,99999,0.000000,0.000000,0.000000,0.000000,0.000000,0.000000,0.000000,0.000000,0.000000,0.000000,0.000000,0.000000,0.000000,0.000000,0,0,0,0
"-3,0",0,0,0,0,492,4,99999,99999,99999,99999,99999,99999,0.000000,0.000000,0.000000,0.000000,0.000000,0.000000,0.000000,0.000000,0.000000,0.000000,0.000000,0.000000,0.000000,0.000000,0,0,0,0
"-3,1",0,0,0,0,493,4,99999,99999,99999,99999,99999,99999,0.000000,0.000000,0.000000,0.000000,0.000000,0.000000,0.000000,0.000000,0.000000,0.000000,0.000000,0.000000,0.000000,0.000000,0,0,0,0
"-3,2",0,0,0,0,494,4,99999,99999,99999,99999,99999,99999,0.000000,0.000000,0.000000,0.000000,0.000000,0.000000,0.000000,0.000000,0.000000,0.000000,0.000000,0.000000,0.000000,0.000000,0,0,0,0
"-3,3",0,0,0,0,494,4,99999,99999,99999,99999,99999,99999,0.000000,0.000000,0.000000,0.000000,0.000000,0.000000,0.000000,0.000000,0.000000,0.000000,0.000000,0.000000,0.000000,0.000000,0,0,0,0
"-3,4",0,0,0,0,494,4,99999,99999,99999,99999,99999,99999,0.000000,0.000000,0.000000,0.000000,0.000000,0.000000,0.000000,0.000000,0.000000,0.000000,0.000000,0.000000,0.000000,0.000000,0,0,0,0
"-3,5",0,0,0,0,494,4,99999,99999,99999,99999,99999,99999,0.000000,0.000000,0.000000,0.000000,0.000000,0.000000,0.000000,0.000000,0.000000,0.000000,0.000000,0.000000,0.000000,0.000000,0,0,0,0
"-3,6",0,0,0,0,494,4,99999,99999,99999,99999,99999,99999,0.000000,0.000000,0.000000,0.000000,0.000000,0.000000,0.000000,0.000000,0.000000,0.000000,0.000000,0.000000,0.000000,0.000000,0,0,0,0
"-3,7",0,0,0,0,650,4,99999,99999,99999,99999,99999,99999,0.000000,0.000000,0.000000,0.000000,0.000000,0.000000,0.000000,0.000000,0.000000,0.000000,0.000000,0.000000,0.000000,0.000000,0,0,0,0
"-3,8",0,0,0,0,601,4,99999,99999,99999,99999,99999,99999,0.000000,0.000000,0.000000,0.000000,0.000000,0.000000,0.000000,0.000000,0.000000,0.000000,0.000000,0.000000,0.000000,0.000000,0,0,0,0
"-3,9",0,0,0,0,595,4,99999,99999,99999,99999,99999,99999,0.000000,0.000000,0.000000,0.000000,0.000000,0.000000,0.000000,0.000000,0.000000,0.000000,0.000000,0.000000,0.000000,0.000000,0,0,0,0
"-3,10",0,0,0,0,596,4,99999,99999,99999,99999,99999,99999,0.000000,0.000000,0.000000,0.000000,0.000000,0.000000,0.000000,0.000000,0.000000,0.000000,0.000000,0.000000,0.000000,0.000000,0,0,0,0
"-3,11",0,0,0,0,597,4,99999,99999,99999,99999,99999,99999,0.000000,0.000000,0.000000,0.000000,0.000000,0.000000,0.000000,0.000000,0.000000,0.000000,0.000000,0.000000,0.000000,0.000000,0,0,0,0
"-3,12",0,0,0,0,601,4,99999,99999,99999,99999,99999,99999,0.000000,0.000000,0.000000,0.000000,0.000000,0.000000,0.000000,0.000000,0.000000,0.000000,0.000000,0.000000,0.000000,0.000000,0,0,0,0
"-3,13",0,0,0,0,598,4,99999,99999,99999,99999,99999,99999,0.000000,0.000000,0.000000,0.000000,0.000000,0.000000,0.000000,0.000000,0.000000,0.000000,0.000000,0.000000,0.000000,0.000000,0,0,0,0
"-3,14",0,0,0,0,598,4,99999,99999,99999,99999,99999,99999,0.000000,0.000000,0.000000,0.000000,0.000000,0.000000,0.000000,0.000000,0.000000,0.000000,0.000000,0.000000,0.000000,0.000000,0,0,0,0
"-3,15",0,0,0,0,591,4,99999,99999,99999,99999,99999,99999,0.000000,0.000000,0.000000,0.000000,0.000000,0.000000,0.000000,0.000000,0.000000,0.000000,0.000000,0.000000,0.000000,0.000000,0,0,0,0
"-3,16",0,0,0,0,597,4,99999,99999,99999,99999,99999,99999,0.000000,0.000000,0.000000,0.000000,0.000000,0.000000,0.000000,0.000000,0.000000,0.000000,0.000000,0.000000,0.000000,0.000000,0,0,0,0
"-3,17",0,0,0,0,598,4,99999,99999,99999,99999,99999,99999,0.000000,0.000000,0.000000,0.000000,0.000000,0.000000,0.000000,0.000000,0.000000,0.000000,0.000000,0.000000,0.000000,0.000000,0,0,0,0
"-3,18",0,0,0,0,323,4,99999,99999,99999,99999,99999,99999,0.000000,0.000000,0.000000,0.000000,0.000000,0.000000,0.000000,0.000000,0.000000,0.000000,0.000000,0.000000,0.000000,0.000000,0,0,0,0
"-3,19",0,0,0,0,46,4,99999,99999,99999,99999,99999,99999,0.000000,0.000000,0.000000,0.000000,0.000000,0.000000,0.000000,0.000000,0.000000,0.000000,0.000000,0.000000,0.000000,0.000000,0,0,0,0
"-3,20",0,0,0,0,46,4,99999,99999,99999,99999,99999,99999,0.000000,0.000000,0.000000,0.000000,0.000000,0.000000,0.000000,0.000000,0.000000,0.000000,0.000000,0.000000,0.000000,0.000000,0,0,0,0
"-3,21",0,0,0,0,55,4,99999,99999,99999,99999,99999,99999,0.000000,0.000000,0.000000,0.000000,0.000000,0.000000,0.000000,0.000000,0.000000,0.000000,0.000000,0.000000,0.000000,0.000000,0,0,0,0
"-3,22",0,0,0,0,110,4,99999,99999,99999,99999,99999,99999,0.000000,0.000000,0.000000,0.000000,0.000000,0.000000,0.000000,0.000000,0.000000,0.000000,0.000000,0.000000,0.000000,0.000000,0,0,0,0
"-3,23",0,0,0,0,136,4,99999,99999,99999,99999,99999,99999,0.000000,0.000000,0.000000,0.000000,0.000000,0.000000,0.000000,0.000000,0.000000,0.000000,0.000000,0.000000,0.000000,0.000000,0,0,0,0
"-3,24",0,0,0,0,146,4,99999,99999,99999,99999,99999,99999,0.000000,0.000000,0.000000,0.000000,0.000000,0.000000,0.000000,0.000000,0.000000,0.000000,0.000000,0.000000,0.000000,0.000000,0,0,0,0
"-3,25",0,0,0,0,158,4,99999,99999,99999,99999,99999,99999,0.000000,0.000000,0.000000,0.000000,0.000000,0.000000,0.000000,0.000000,0.000000,0.000000,0.000000,0.000000,0.000000,0.000000,0,0,0,0
"-3,26",0,0,0,0,135,4,99999,99999,99999,99999,99999,99999,0.000000,0.000000,0.000000,0.000000,0.000000,0.000000,0.000000,0.000000,0.000000,0.000000,0.000000,0.000000,0.000000,0.000000,0,0,0,0
"-2,-26",0,0,0,0,161,4,99999,99999,99999,99999,99999,99999,0.000000,0.000000,0.000000,0.000000,0.000000,0.000000,0.000000,0.000000,0.000000,0.000000,0.000000,0.000000,0.000000,0.000000,0,0,0,0
"-2,-25",0,0,0,0,148,4,99999,99999,99999,99999,99999,99999,0.000000,0.000000,0.000000,0.000000,0.000000,0.000000,0.000000,0.000000,0.000000,0.000000,0.000000,0.000000,0.000000,0.000000,0,0,0,0
"-2,-24",0,0,0,0,162,4,99999,99999,99999,99999,99999,99999,0.000000,0.000000,0.000000,0.000000,0.000000,0.000000,0.000000,0.000000,0.000000,0.000000,0.000000,0.000000,0.000000,0.000000,0,0,0,0
"-2,-23",0,0,0,0,157,4,99999,99999,99999,99999,99999,99999,0.000000,0.000000,0.000000,0.000000,0.000000,0.000000,0.000000,0.000000,0.000000,0.000000,0.000000,0.000000,0.000000,0.000000,0,0,0,0
"-2,-22",0,0,0,0,162,4,99999,99999,99999,99999,99999,99999,0.000000,0.000000,0.000000,0.000000,0.000000,0.000000,0.000000,0.000000,0.000000,0.000000,0.000000,0.000000,0.000000,0.000000,0,0,0,0
"-2,-21",0,0,0,0,144,4,99999,99999,99999,99999,99999,99999,0.000000,0.000000,0.000000,0.000000,0.000000,0.000000,0.000000,0.000000,0.000000,0.000000,0.000000,0.000000,0.000000,0.000000,0,0,0,0
"-2,-20",0,0,0,0,160,4,99999,99999,99999,99999,99999,99999,0.000000,0.000000,0.000000,0.000000,0.000000,0.000000,0.000000,0.000000,0.000000,0.000000,0.000000,0.000000,0.000000,0.000000,0,0,0,0
"-2,-19",0,0,0,0,558,4,99999,99999,99999,99999,99999,99999,0.000000,0.000000,0.000000,0.000000,0.000000,0.000000,0.000000,0.000000,0.000000,0.000000,0.000000,0.000000,0.000000,0.000000,0,0,0,0
"-2,-18",0,0,0,0,1059,4,99999,99999,99999,99999,99999,99999,0.000000,0.000000,0.000000,0.000000,0.000000,0.000000,0.000000,0.000000,0.000000,0.000000,0.000000,0.000000,0.000000,0.000000,0,0,0,0
"-2,-17",0,0,0,0,1059,4,99999,99999,99999,99999,99999,99999,0.000000,0.000000,0.000000,0.000000,0.000000,0.000000,0.000000,0.000000,0.000000,0.000000,0.000000,0.000000,0.000000,0.000000,0,0,0,0
"-2,-16",0,0,0,0,1055,4,99999,99999,99999,99999,99999,99999,0.000000,0.000000,0.000000,0.000000,0.000000,0.000000,0.000000,0.000000,0.000000,0.000000,0.000000,0.000000,0.000000,0.000000,0,0,0,0
"-2,-15",0,0,0,0,1059,4,99999,99999,99999,99999,99999,99999,0.000000,0.000000,0.000000,0.000000,0.000000,0.000000,0.000000,0.000000,0.000000,0.000000,0.000000,0.000000,0.000000,0.000000,0,0,0,0
"-2,-14",0,0,0,0,872,4,99999,99999,99999,99999,99999,99999,0.000000,0.000000,0.000000,0.000000,0.000000,0.000000,0.000000,0.000000,0.000000,0.000000,0.000000,0.000000,0.000000,0.000000,0,0,0,0
"-2,-13",0,0,0,0,729,4,99999,99999,99999,99999,99999,99999,0.000000,0.000000,0.000000,0.000000,0.000000,0.000000,0.000000,0.000000,0.000000,0.000000,0.000000,0.000000,0.000000,0.000000,0,0,0,0
"-2,-12",0,0,0,0,670,4,99999,99999,99999,99999,99999,99999,0.000000,0.000000,0.000000,0.000000,0.000000,0.000000,0.000000,0.000000,0.000000,0.000000,0.000000,0.000000,0.000000,0.000000,0,0,0,0
"-2,-11",0,0,0,0,601,4,99999,99999,99999,99999,99999,99999,0.000000,0.000000,0.000000,0.000000,0.000000,0.000000,0.000000,0.000000,0.000000,0.000000,0.000000,0.000000,0.000000,0.000000,0,0,0,0
"-2,-10",0,0,0,0,600,4,99999,99999,99999,99999,99999,99999,0.000000,0.000000,0.000000,0.000000,0.000000,0.000000,0.000000,0.000000,0.000000,0.000000,0.000000,0.000000,0.000000,0.000000,0,0,0,0
"-2,-9",0,0,0,0,599,4,99999,99999,99999,99999,99999,99999,0.000000,0.000000,0.000000,0.000000,0.000000,0.000000,0.000000,0.000000,0.000000,0.000000,0.000000,0.000000,0.000000,0.000000,0,0,0,0
"-2,-8",0,0,0,0,601,4,99999,99999,99999,99999,99999,99999,0.000000,0.000000,0.000000,0.000000,0.000000,0.000000,0.000000,0.000000,0.000000,0.000000,0.000000,0.000000,0.000000,0.000000,0,0,0,0
"-2,-7",0,0,0,0,596,4,99999,99999,99999,99999,99999,99999,0.000000,0.000000,0.000000,0.000000,0.000000,0.000000,0.000000,0.000000,0.000000,0.000000,0.000000,0.000000,0.000000,0.000000,0,0,0,0
"-2,-6",0,0,0,0,599,4,99999,99999,99999,99999,99999,99999,0.000000,0.000000,0.000000,0.000000,0.000000,0.000000,0.000000,0.000000,0.000000,0.000000,0.000000,0.000000,0.000000,0.000000,0,0,0,0
"-2,-5",0,0,0,0,600,4,99999,99999,99999,99999,99999,99999,0.000000,0.000000,0.000000,0.000000,0.000000,0.000000,0.000000,0.000000,0.000000,0.000000,0.000000,0.000000,0.000000,0.000000,0,0,0,0
"-2,-4",0,0,0,0,591,4,99999,99999,99999,99999,99999,99999,0.000000,0.000000,0.000000,0.000000,0.000000,0.000000,0.000000,0.000000,0.000000,0.000000,0.000000,0.000000,0.000000,0.000000,0,0,0,0
"-2,-3",0,0,0,0,600,4,99999,99999,99999,99999,99999,99999,0.000000,0.000000,0.000000,0.000000,0.000000,0.000000,0.000000,0.000000,0.000000,0.000000,0.000000,0.000000,0.000000,0.000000,0,0,0,0
"-2,-2",0,0,0,0,600,4,99999,99999,99999,99999,99999,99999,0.000000,0.000000,0.000000,0.000000,0.000000,0.000000,0.000000,0.000000,0.000000,0.000000,0.000000,0.000000,0.000000,0.000000,0,0,0,0
"-2,-1",0,0,0,0,598,4,99999,99999,99999,99999,99999,99999,0.000000,0.000000,0.000000,0.000000,0.000000,0.000000,0.000000,0.000000,0.000000,0.000000,0.000000,0.000000,0.000000,0.000000,0,0,0,0
"-2,0",0,0,0,0,596,4,99999,99999,99999,99999,99999,99999,0.000000,0.000000,0.000000,0.000000,0.000000,0.000000,0.000000,0.000000,0.000000,0.000000,0.000000,0.000000,0.000000,0.000000,0,0,0,0
"-2,1",0,0,0,0,597,4,99999,99999,99999,99999,99999,99999,0.000000,0.000000,0.000000,0.000000,0.000000,0.000000,0.000000,0.000000,0.000000,0.000000,0.000000,0.000000,0.000000,0.000000,0,0,0,0
"-2,2",0,0,0,0,598,4,99999,99999,99999,99999,99999,99999,0.000000,0.000000,0.000000,0.000000,0.000000,0.000000,0.000000,0.000000,0.000000,0.000000,0.000000,0.000000,0.000000,0.000000,0,0,0,0
"-2,3",0,0,0,0,604,4,99999,99999,99999,99999,99999,99999,0.000000,0.000000,0.000000,0.000000,0.000000,0.000000,0.000000,0.000000,0.000000,0.000000,0.000000,0.000000,0.000000,0.000000,0,0,0,0
"-2,4",0,0,0,0,600,4,99999,99999,99999,99999,99999,99999,0.000000,0.000000,0.000000,0.000000,0.000000,0.000000,0.000000,0.000000,0.000000,0.000000,0.000000,0.000000,0.000000,0.000000,0,0,0,0
"-2,5",0,0,0,0,590,4,99999,99999,99999,99999,99999,99999,0.000000,0.000000,0.000000,0.000000,0.000000,0.000000,0.000000,0.000000,0.000000,0.000000,0.000000,0.000000,0.000000,0.000000,0,0,0,0
"-2,6",0,0,0,0,601,4,99999,99999,99999,99999,99999,99999,0.000000,0.000000,0.000000,0.000000,0.000000,0.000000,0.000000,0.000000,0.000000,0.000000,0.000000,0.000000,0.000000,0.000000,0,0,0,0
"-2,7",0,0,0,0,596,4,99999,99999,99999,99999,99999,99999,0.000000,0.000000,0.000000,0.000000,0.000000,0.000000,0.000000,0.000000,0.000000,0.000000,0.000000,0.000000,0.000000,0.000000,0,0,0,0
"-2,8",0,0,0,0,598,4,99999,99999,99999,99999,99999,99999,0.000000,0.000000,0.000000,0.000000,0.000000,0.000000,0.000000,0.000000,0.000000,0.000000,0.000000,0.000000,0.000000,0.000000,0,0,0,0
"-2,9",0,0,0,0,597,4,99999,99999,99999,99999,99999,99999,0.000000,0.000000,0.000000,0.000000,0.000000,0.000000,0.000000,0.000000,0.000000,0.000000,0.000000,0.000000,0.000000,0.000000,0,0,0,0
"-2,10",0,0,0,0,599,4,99999,99999,99999,99999,99999,99999,0.000000,0.000000,0.000000,0.000000,0.000000,0.000000,0.000000,0.000000,0.000000,0.000000,0.000000,0.000000,0.000000,0.000000,0,0,0,0
"-2,11",0,0,0,0,599,4,99999,99999,99999,99999,99999,99999,0.000000,0.000000,0.000000,0.000000,0.000000,0.000000,0.000000,0.000000,0.000000,0.000000,0.000000,0.000000,0.000000,0.000000,0,0,0,0
"-2,12",0,0,0,0,598,4,99999,99999,99999,99999,99999,99999,0.000000,0.000000,0.000000,0.000000,0.000000,0.000000,0.000000,0.000000,0.000000,0.000000,0.000000,0.000000,0.000000,0.000000,0,0,0,0
"-2,13",0,0,0,0,592,4,99999,99999,99999,99999,99999,99999,0.000000,0.000000,0.000000,0.000000,0.000000,0.000000,0.000000,0.000000,0.000000,0.000000,0.000000,0.000000,0.000000,0.000000,0,0,0,0
"-2,14",0,0,0,0,599,4,99999,99999,99999,99999,99999,99999,0.000000,0.000000,0.000000,0.000000,0.000000,0.000000,0.000000,0.000000,0.000000,0.000000,0.000000,0.000000,0.000000,0.000000,0,0,0,0
"-2,15",0,0,0,0,598,4,99999,99999,99999,99999,99999,99999,0.000000,0.000000,0.000000,0.000000,0.000000,0.000000,0.000000,0.000000,0.000000,0.000000,0.000000,0.000000,0.000000,0.000000,0,0,0,0
"-2,16",0,0,0,0,596,4,99999,99999,99999,99999,99999,99999,0.000000,0.000000,0.000000,0.000000,0.000000,0.000000,0.000000,0.000000,0.000000,0.000000,0.000000,0.000000,0.000000,0.000000,0,0,0,0
"-2,17",0,0,0,0,597,4,99999,99999,99999,99999,99999,99999,0.000000,0.000000,0.000000,0.000000,0.000000,0.000000,0.000000,0.000000,0.000000,0.000000,0.000000,0.000000,0.000000,0.000000,0,0,0,0
"-2,18",0,0,0,0,601,4,99999,99999,99999,99999,99999,99999,0.000000,0.000000,0.000000,0.000000,0.000000,0.000000,0.000000,0.000000,0.000000,0.000000,0.000000,0.000000,0.000000,0.000000,0,0,0,0
"-2,19",0,0,0,0,600,4,99999,99999,99999,99999,99999,99999,0.000000,0.000000,0.000000,0.000000,0.000000,0.000000,0.000000,0.000000,0.000000,0.000000,0.000000,0.000000,0.000000,0.000000,0,0,0,0
"-2,20",0,0,0,0,45,4,99999,99999,99999,99999,99999,99999,0.000000,0.000000,0.000000,0.000000,0.000000,0.000000,0.000000,0.000000,0.000000,0.000000,0.000000,0.000000,0.000000,0.000000,0,0,0,0
"-2,21",0,0,0,0,45,4,99999,99999,99999,99999,99999,99999,0.000000,0.000000,0.000000,0.000000,0.000000,0.000000,0.000000,0.000000,0.000000,0.000000,0.000000,0.000000,0.000000,0.000000,0,0,0,0
"-2,22",0,0,0,0,56,4,99999,99999,99999,99999,99999,99999,0.000000,0.000000,0.000000,0.000000,0.000000,0.000000,0.000000,0.000000,0.000000,0.000000,0.000000,0.000000,0.000000,0.000000,0,0,0,0
"-2,23",0,0,0,0,138,4,99999,99999,99999,99999,99999,99999,0.000000,0.000000,0.000000,0.000000,0.000000,0.000000,0.000000,0.000000,0.000000,0.000000,0.000000,0.000000,0.000000,0.000000,0,0,0,0
"-2,24",0,0,0,0,161,4,99999,99999,99999,99999,99999,99999,0.000000,0.000000,0.000000,0.000000,0.000000,0.000000,0.000000,0.000000,0.000000,0.000000,0.000000,0.000000,0.000000,0.000000,0,0,0,0
"-2,25",0,0,0,0,152,4,99999,99999,99999,99999,99999,99999,0.000000,0.000000,0.000000,0.000000,0.000000,0.000000,0.000000,0.000000,0.000000,0.000000,0.000000,0.000000,0.000000,0.000000,0,0,0,0
"-2,26",0,0,0,0,146,4,99999,99999,99999,99999,99999,99999,0.000000,0.000000,0.000000,0.000000,0.000000,0.000000,0.000000,0.000000,0.000000,0.000000,0.000000,0.000000,0.000000,0.000000,0,0,0,0
"-1,-26",0,0,0,0,149,4,99999,99999,99999,99999,99999,99999,0.000000,0.000000,0.000000,0.000000,0.000000,0.000000,0.000000,0.000000,0.000000,0.000000,0.000000,0.000000,0.000000,0.000000,0,0,0,0
"-1,-25",0,0,0,0,151,4,99999,99999,99999,99999,99999,99999,0.000000,0.000000,0.000000,0.000000,0.000000,0.000000,0.000000,0.000000,0.000000,0.000000,0.000000,0.000000,0.000000,0.000000,0,0,0,0
"-1,-24",0,0,0,0,152,4,99999,99999,99999,99999,99999,99999,0.000000,0.000000,0.000000,0.000000,0.000000,0.000000,0.000000,0.000000,0.000000,0.000000,0.000000,0.000000,0.000000,0.000000,0,0,0,0
"-1,-23",0,0,0,0,144,4,99999,99999,99999,99999,99999,99999,0.000000,0.000000,0.000000,0.000000,0.000000,0.000000,0.000000,0.000000,0.000000,0.000000,0.000000,0.000000,0.000000,0.000000,0,0,0,0
"-1,-22",0,0,0,0,153,4,99999,99999,99999,99999,99999,99999,0.000000,0.000000,0.000000,0.000000,0.000000,0.000000,0.000000,0.000000,0.000000,0.000000,0.000000,0.000000,0.000000,0.000000,0,0,0,0
"-1,-21",0,0,0,0,151,4,99999,99999,99999,99999,99999,99999,0.000000,0.000000,0.000000,0.000000,0.000000,0.000000,0.000000,0.000000,0.000000,0.000000,0.000000,0.000000,0.000000,0.000000,0,0,0,0
"-1,-20",0,0,0,0,823,4,99999,99999,99999,99999,99999,99999,0.000000,0.000000,0.000000,0.000000,0.000000,0.000000,0.000000,0.000000,0.000000,0.000000,0.000000,0.000000,0.000000,0.000000,0,0,0,0
"-1,-19",0,0,0,0,1058,4,99999,99999,99999,99999,99999,99999,0.000000,0.000000,0.000000,0.000000,0.000000,0.000000,0.000000,0.000000,0.000000,0.000000,0.000000,0.000000,0.000000,0.000000,0,0,0,0
"-1,-18",0,0,0,0,1059,4,99999,99999,99999,99999,99999,99999,0.000000,0.000000,0.000000,0.000000,0.000000,0.000000,0.000000,0.000000,0.000000,0.000000,0.000000,0.000000,0.000000,0.000000,0,0,0,0
"-1,-17",0,0,0,0,1058,4,99999,99999,99999,99999,99999,99999,0.000000,0.000000,0.000000,0.000000,0.000000,0.000000,0.000000,0.000000,0.000000,0.000000,0.000000,0.000000,0.000000,0.000000,0,0,0,0
"-1,-16",0,0,0,0,1058,4,99999,99999,99999,99999,99999,99999,0.000000,0.000000,0.000000,0.000000,0.000000,0.000000,0.000000,0.000000,0.000000,0.000000,0.000000,0.000000,0.000000,0.000000,0,0,0,0
"-1,-15",0,0,0,0,1055,4,99999,99999,99999,99999,99999,99999,0.000000,0.000000,0.000000,0.000000,0.000000,0.000000,0.000000,0.000000,0.000000,0.000000,0.000000,0.000000,0.000000,0.000000,0,0,0,0
"-1,-14",0,0,0,0,748,4,99999,99999,99999,99999,99999,99999,0.000000,0.000000,0.000000,0.000000,0.000000,0.000000,0.000000,0.000000,0.000000,0.000000,0.000000,0.000000,0.000000,0.000000,0,0,0,0
"-1,-13",0,0,0,0,469,4,99999,99999,99999,99999,99999,99999,0.000000,0.000000,0.000000,0.000000,0.000000,0.000000,0.000000,0.000000,0.000000,0.000000,0.000000,0.000000,0.000000,0.000000,0,0,0,0
"-1,-12",0,0,0,0,471,4,99999,99999,99999,99999,99999,99999,0.000000,0.000000,0.000000,0.000000,0.000000,0.000000,0.000000,0.000000,0.000000,0.000000,0.000000,0.000000,0.000000,0.000000,0,0,0,0
"-1,-11",0,0,0,0,492,4,99999,99999,99999,99999,99999,99999,0.000000,0.000000,0.000000,0.000000,0.000000,0.000000,0.000000,0.000000,0.000000,0.000000,0.000000,0.000000,0.000000,0.000000,0,0,0,0
"-1,-10",0,0,0,0,492,4,99999,99999,99999,99999,99999,99999,0.000000,0.000000,0.000000,0.000000,0.000000,0.000000,0.000000,0.000000,0.000000,0.000000,0.000000,0.000000,0.000000,0.000000,0,0,0,0
"-1,-9",0,0,0,0,494,4,99999,99999,99999,99999,99999,99999,0.000000,0.000000,0.000000,0.000000,0.000000,0.000000,0.000000,0.000000,0.000000,0.000000,0.000000,0.000000,0.000000,0.000000,0,0,0,0
"-1,-8",0,0,0,0,494,4,99999,99999,99999,99999,99999,99999,0.000000,0.000000,0.000000,0.000000,0.000000,0.000000,0.000000,0.000000,0.000000,0.000000,0.000000,0.000000,0.000000,0.000000,0,0,0,0
"-1,-7",0,0,0,0,493,4,99999,99999,99999,99999,99999,99999,0.000000,0.000000,0.000000,0.000000,0.000000,0.000000,0.000000,0.000000,0.000000,0.000000,0.000000,0.000000,0.000000,0.000000,0,0,0,0
"-1,-6",0,0,0,0,494,4,99999,99999,99999,99999,99999,99999,0.000000,0.000000,0.000000,0.000000,0.000000,0.000000,0.000000,0.000000,0.000000,0.000000,0.000000,0.000000,0.000000,0.000000,0,0,0,0
"-1,-5",0,0,0,0,456,4,99999,99999,99999,99999,99999,99999,0.000000,0.000000,0.000000,0.000000,0.000000,0.000000,0.000000,0.000000,0.000000,0.000000,0.000000,0.000000,0.000000,0.000000,0,0,0,0
"-1,-4",0,0,0,0,493,4,99999,99999,99999,99999,99999,99999,0.000000,0.000000,0.000000,0.000000,0.000000,0.000000,0.000000,0.000000,0.000000,0.000000,0.000000,0.000000,0.000000,0.000000,0,0,0,0
"-1,-3",0,0,0,0,493,4,99999,99999,99999,99999,99999,99999,0.000000,0.000000,0.000000,0.000000,0.000000,0.000000,0.000000,0.000000,0.000000,0.000000,0.000000,0.000000,0.000000,0.000000,0,0,0,0
"-1,-2",0,0,0,0,494,4,99999,99999,99999,99999,99999,99999,0.000000,0.000000,0.000000,0.000000,0.000000,0.000000,0.000000,0.000000,0.000000,0.000000,0.000000,0.000000,0.000000,0.000000,0,0,0,0
"-1,-1",0,0,0,0,493,4,99999,99999,99999,99999,99999,99999,0.000000,0.000000,0.000000,0.000000,0.000000,0.000000,0.000000,0.000000,0.000000,0.000000,0.000000,0.000000,0.000000,0.000000,0,0,0,0
"-1,0",0,0,0,0,493,4,99999,99999,99999,99999,99999,99999,0.000000,0.000000,0.000000,0.000000,0.000000,0.000000,0.000000,0.000000,0.000000,0.000000,0.000000,0.000000,0.000000,0.000000,0,0,0,0
"-1,1",0,0,0,0,493,4,99999,99999,99999,99999,99999,99999,0.000000,0.000000,0.000000,0.000000,0.000000,0.000000,0.000000,0.000000,0.000000,0.000000,0.000000,0.000000,0.000000,0.000000,0,0,0,0
"-1,2",0,0,0,0,493,4,99999,99999,99999,99999,99999,99999,0.000000,0.000000,0.000000,0.000000,0.000000,0.000000,0.000000,0.000000,0.000000,0.000000,0.000000,0.000000,0.000000,0.000000,0,0,0,0
"-1,3",0,0,0,0,494,4,99999,99999,99999,99999,99999,99999,0.000000,0.000000,0.000000,0.000000,0.000000,0.000000,0.000000,0.000000,0.000000,0.000000,0.000000,0.000000,0.000000,0.000000,0,0,0,0
"-1,4",0,0,0,0,388,4,99999,99999,99999,99999,99999,99999,0.000000,0.000000,0.000000,0.000000,0.000000,0.000000,0.000000,0.000000,0.000000,0.000000,0.000000,0.000000,0.000000,0.000000,0,0,0,0
"-1,5",0,0,0,0,388,4,99999,99999,99999,99999,99999,99999,0.000000,0.000000,0.000000,0.000000,0.000000,0.000000,0.000000,0.000000,0.000000,0.000000,0.000000,0.000000,0.000000,0.000000,0,0,0,0
"-1,6",0,0,0,0,389,4,99999,99999,99999,99999,99999,99999,0.000000,0.000000,0.000000,0.000000,0.000000,0.000000,0.000000,0.000000,0.000000,0.000000,0.000000,0.000000,0.000000,0.000000,0,0,0,0
"-1,7",0,0,0,0,389,4,99999,99999,99999,99999,99999,99999,0.000000,0.000000,0.000000,0.000000,0.000000,0.000000,0.000000,0.000000,0.000000,0.000000,0.000000,0.000000,0.000000,0.000000,0,0,0,0
"-1,8",0,0,0,0,485,4,99999,99999,99999,99999,99999,99999,0.000000,0.000000,0.000000,0.000000,0.000000,0.000000,0.000000,0.000000,0.000000,0.000000,0.000000,0.000000,0.000000,0.000000,0,0,0,0
"-1,9",0,0,0,0,493,4,99999,99999,99999,99999,99999,99999,0.000000,0.000000,0.000000,0.000000,0.000000,0.000000,0.000000,0.000000,0.000000,0.000000,0.000000,0.000000,0.000000,0.000000,0,0,0,0
"-1,10",0,0,0,0,493,4,99999,99999,99999,99999,99999,99999,0.000000,0.000000,0.000000,0.000000,0.000000,0.000000,0.000000,0.000000,0.000000,0.000000,0.000000,0.000000,0.000000,0.000000,0,0,0,0
"-1,11",0,0,0,0,493,4,99999,99999,99999,99999,99999,99999,0.000000,0.000000,0.000000,0.000000,0.000000,0.000000,0.000000,0.000000,0.000000,0.000000,0.000000,0.000000,0.000000,0.000000,0,0,0,0
"-1,12",0,0,0,0,493,4,99999,99999,99999,99999,99999,99999,0.000000,0.000000,0.000000,0.000000,0.000000,0.000000,0.000000,0.000000,0.000000,0.000000,0.000000,0.000000,0.000000,0.000000,0,0,0,0
"-1,13",0,0,0,0,494,4,99999,99999,99999,99999,99999,99999,0.000000,0.000000,0.000000,0.000000,0.000000,0.000000,0.000000,0.000000,0.000000,0.000000,0.000000,0.000000,0.000000,0.000000,0,0,0,0
"-1,14",0,0,0,0,474,4,99999,99999,99999,99999,99999,99999,0.000000,0.000000,0.000000,0.000000,0.000000,0.000000,0.000000,0.000000,0.000000,0.000000,0.000000,0.000000,0.000000,0.000000,0,0,0,0
"-1,15",0,0,0,0,492,4,99999,99999,99999,99999,99999,99999,0.000000,0.000000,0.000000,0.000000,0.000000,0.000000,0.000000,0.000000,0.000000,0.000000,0.000000,0.000000,0.000000,0.000000,0,0,0,0
"-1,16",0,0,0,0,471,4,99999,99999,99999,99999,99999,99999,0.000000,0.000000,0.000000,0.000000,0.000000,0.000000,0.000000,0.000000,0.000000,0.000000,0.000000,0.000000,0.000000,0.000000,0,0,0,0
"-1,17",0,0,0,0,493,4,99999,99999,99999,99999,99999,99999,0.000000,0.000000,0.000000,0.000000,0.000000,0.000000,0.000000,0.000000,0.000000,0.000000,0.000000,0.000000,0.000000,0.000000,0,0,0,0
"-1,18",0,0,0,0,495,4,99999,99999,99999,99999,99999,99999,0.000000,0.000000,0.000000,0.000000,0.000000,0.000000,0.000000,0.000000,0.000000,0.000000,0.000000,0.000000,0.000000,0.000000,0,0,0,0
"-1,19",0,0,0,0,492,4,99999,99999,99999,99999,99999,99999,0.000000,0.000000,0.000000,0.000000,0.000000,0.000000,0.000000,0.000000,0.000000,0.000000,0.000000,0.000000,0.000000,0.000000,0,0,0,0
"-1,20",0,0,0,0,494,4,99999,99999,99999,99999,99999,99999,0.000000,0.000000,0.000000,0.000000,0.000000,0.000000,0.000000,0.000000,0.000000,0.000000,0.000000,0.000000,0.000000,0.000000,0,0,0,0
"-1,21",0,0,0,0,35,4,99999,99999,99999,99999,99999,99999,0.000000,0.000000,0.000000,0.000000,0.000000,0.000000,0.000000,0.000000,0.000000,0.000000,0.000000,0.000000,0.000000,0.000000,0,0,0,0
"-1,22",0,0,0,0,35,4,99999,99999,99999,99999,99999,99999,0.000000,0.000000,0.000000,0.000000,0.000000,0.000000,0.000000,0.000000,0.000000,0.000000,0.000000,0.000000,0.000000,0.000000,0,0,0,0
"-1,23",0,0,0,0,96,4,99999,99999,99999,99999,99999,99999,0.000000,0.000000,0.000000,0.000000,0.000000,0.000000,0.000000,0.000000,0.000000,0.000000,0.000000,0.000000,0.000000,0.000000,0,0,0,0
"-1,24",0,0,0,0,123,4,99999,99999,99999,99999,99999,99999,0.000000,0.000000,0.000000,0.000000,0.000000,0.000000,0.000000,0.000000,0.000000,0.000000,0.000000,0.000000,0.000000,0.000000,0,0,0,0
"-1,25",0,0,0,0,135,4,99999,99999,99999,99999,99999,99999,0.000000,0.000000,0.000000,0.000000,0.000000,0.000000,0.000000,0.000000,0.000000,0.000000,0.000000,0.000000,0.000000,0.000000,0,0,0,0
"-1,26",0,0,0,0,149,4,99999,99999,99999,99999,99999,99999,0.000000,0.000000,0.000000,0.000000,0.000000,0.000000,0.000000,0.000000,0.000000,0.000000,0.000000,0.000000,0.000000,0.000000,0,0,0,0
"0,-26",0,0,0,0,160,4,99999,99999,99999,99999,99999,99999,0.000000,0.000000,0.000000,0.000000,0.000000,0.000000,0.000000,0.000000,0.000000,0.000000,0.000000,0.000000,0.000000,0.000000,0,0,0,0
"0,-25",0,0,0,0,157,4,99999,99999,99999,99999,99999,99999,0.000000,0.000000,0.000000,0.000000,0.000000,0.000000,0.000000,0.000000,0.000000,0.000000,0.000000,0.000000,0.000000,0.000000,0,0,0,0
"0,-24",0,0,0,0,151,4,99999,99999,99999,99999,99999,99999,0.000000,0.000000,0.000000,0.000000,0.000000,0.000000,0.000000,0.000000,0.000000,0.000000,0.000000,0.000000,0.000000,0.000000,0,0,0,0
"0,-23",0,0,0,0,151,4,99999,99999,99999,99999,99999,99999,0.000000,0.000000,0.000000,0.000000,0.000000,0.000000,0.000000,0.000000,0.000000,0.000000,0.000000,0.000000,0.000000,0.000000,0,0,0,0
"0,-22",0,0,0,0,145,4,99999,99999,99999,99999,99999,99999,0.000000,0.000000,0.000000,0.000000,0.000000,0.000000,0.000000,0.000000,0.000000,0.000000,0.000000,0.000000,0.000000,0.000000,0,0,0,0
"0,-21",0,0,0,0,844,4,99999,99999,99999,99999,99999,99999,0.000000,0.000000,0.000000,0.000000,0.000000,0.000000,0.000000,0.000000,0.000000,0.000000,0.000000,0.000000,0.000000,0.000000,0,0,0,0
"0,-20",0,0,0,0,1060,4,99999,99999,99999,99999,99999,99999,0.000000,0.000000,0.000000,0.000000,0.000000,0.000000,0.000000,0.000000,0.000000,0.000000,0.000000,0.000000,0.000000,0.000000,0,0,0,0
"0,-19",0,0,0,0,1059,4,99999,99999,99999,99999,99999,99999,0.000000,0.000000,0.000000,0.000000,0.000000,0.000000,0.000000,0.000000,0.000000,0.000000,0.000000,0.000000,0.000000,0.000000,0,0,0,0
"0,-18",0,0,0,0,1035,4,99999,99999,99999,99999,99999,99999,0.000000,0.000000,0.000000,0.000000,0.000000,0.000000,0.000000,0.000000,0.000000,0.000000,0.000000,0.000000,0.000000,0.000000,0,0,0,0
"0,-17",0,0,0,0,1013,4,99999,99999,99999,99999,99999,99999,0.000000,0.000000,0.000000,0.000000,0.000000,0.000000,0.000000,0.000000,0.000000,0.000000,0.000000,0.000000,0.000000,0.000000,0,0,0,0
"0,-16",0,0,0,0,1006,4,99999,99999,99999,99999,99999,99999,0.000000,0.000000,0.000000,0.000000,0.000000,0.000000,0.000000,0.000000,0.000000,0.000000,0.000000,0.000000,0.000000,0.000000,0,0,0,0
"0,-15",0,0,0,0,1016,4,99999,99999,99999,99999,99999,99999,0.000000,0.000000,0.000000,0.000000,0.000000,0.000000,0.000000,0.000000,0.000000,0.000000,0.000000,0.000000,0.000000,0.000000,0,0,0,0
"0,-14",0,0,0,0,1024,4,99999,99999,99999,99999,99999,99999,0.000000,0.000000,0.000000,0.000000,0.000000,0.000000,0.000000,0.000000,0.000000,0.000000,0.000000,0.000000,0.000000,0.000000,0,0,0,0
"0,-13",0,0,0,0,1023,4,99999,99999,99999,99999,99999,99999,0.000000,0.000000,0.000000,0.000000,0.000000,0.000000,0.000000,0.000000,0.000000,0.000000,0.000000,0.000000,0.000000,0.000000,0,0,0,0
"0,-12",0,0,0,0,1011,4,99999,99999,99999,99999,99999,99999,0.000000,0.000000,0.000000,0.000000,0.000000,0.000000,0.000000,0.000000,0.000000,0.000000,0.000000,0.000000,0.000000,0.000000,0,0,0,0
"0,-11",0,0,0,0,1018,4,99999,99999,99999,99999,99999,99999,0.000000,0.000000,0.000000,0.000000,0.000000,0.000000,0.000000,0.000000,0.000000,0.000000,0.000000,0.000000,0.000000,0.000000,0,0,0,0
"0,-10",0,0,0,0,1017,4,99999,99999,99999,99999,99999,99999,0.000000,0.000000,0.000000,0.000000,0.000000,0.000000,0.000000,0.000000,0.000000,0.000000,0.000000,0.000000,0.000000,0.000000,0,0,0,0
"0,-9",0,0,0,0,935,4,99999,99999,99999,99999,99999,99999,0.000000,0.000000,0.000000,0.000000,0.000000,0.000000,0.000000,0.000000,0.000000,0.000000,0.000000,0.000000,0.000000,0.000000,0,0,0,0
"0,-8",0,0,0,0,921,4,99999,99999,99999,99999,99999,99999,0.000000,0.000000,0.000000,0.000000,0.000000,0.000000,0.000000,0.000000,0.000000,0.000000,0.000000,0.000000,0.000000,0.000000,0,0,0,0
"0,-7",0,0,0,0,926,4,99999,99999,99999,99999,99999,99999,0.000000,0.000000,0.000000,0.000000,0.000000,0.000000,0.000000,0.000000,0.000000,0.000000,0.000000,0.000000,0.000000,0.000000,0,0,0,0
"0,-6",0,0,0,0,924,4,99999,99999,99999,99999,99999,99999,0.000000,0.000000,0.000000,0.000000,0.000000,0.000000,0.000000,0.000000,0.000000,0.000000,0.000000,0.000000,0.000000,0.000000,0,0,0,0
"0,-5",0,0,0,0,922,4,99999,99999,99999,99999,99999,99999,0.000000,0.000000,0.000000,0.000000,0.000000,0.000000,0.000000,0.000000,0.000000,0.000000,0.000000,0.000000,0.000000,0.000000,0,0,0,0
"0,-4",0,0,0,0,926,4,99999,99999,99999,99999,99999,99999,0.000000,0.000000,0.000000,0.000000,0.000000,0.000000,0.000000,0.000000,0.000000,0.000000,0.000000,0.000000,0.000000,0.000000,0,0,0,0
"0,-3",0,0,0,0,936,4,99999,99999,99999,99999,99999,99999,0.000000,0.000000,0.000000,0.000000,0.000000,0.000000,0.000000,0.000000,0.000000,0.000000,0.000000,0.000000,0.000000,0.000000,0,0,0,0
"0,-2",0,0,0,0,928,4,99999,99999,99999,99999,99999,99999,0.000000,0.000000,0.000000,0.000000,0.000000,0.000000,0.000000,0.000000,0.000000,0.000000,0.000000,0.000000,0.000000,0.000000,0,0,0,0
"0,-1",0,0,0,0,819,4,99999,99999,99999,99999,99999,99999,0.000000,0.000000,0.000000,0.000000,0.000000,0.000000,0.000000,0.000000,0.000000,0.000000,0.000000,0.000000,0.000000,0.000000,0,0,0,0
"0,0",0,0,0,0,710,4,99999,99999,99999,99999,99999,99999,0.000000,0.000000,0.000000,0.000000,0.000000,0.000000,0.000000,0.000000,0.000000,0.000000,0.000000,0.000000,0.000000,0.000000,0,0,0,0
"0,1",0,0,0,0,705,4,99999,99999,99999,99999,99999,99999,0.000000,0.000000,0.000000,0.000000,0.000000,0.000000,0.000000,0.000000,0.000000,0.000000,0.000000,0.000000,0.000000,0.000000,0,0,0,0
"0,2",0,0,0,0,709,4,99999,99999,99999,99999,99999,99999,0.000000,0.000000,0.000000,0.000000,0.000000,0.000000,0.000000,0.000000,0.000000,0.000000,0.000000,0.000000,0.000000,0.000000,0,0,0,0
"0,3",0,0,0,0,715,4,99999,99999,99999,99999,99999,99999,0.000000,0.000000,0.000000,0.000000,0.000000,0.000000,0.000000,0.000000,0.000000,0.000000,0.000000,0.000000,0.000000,0.000000,0,0,0,0
"0,4",0,0,0,0,708,4,99999,99999,99999,99999,99999,99999,0.000000,0.000000,0.000000,0.000000,0.000000,0.000000,0.000000,0.000000,0.000000,0.000000,0.000000,0.000000,0.000000,0.000000,0,0,0,0
"0,5",0,0,0,0,713,4,99999,99999,99999,99999,99999,99999,0.000000,0.000000,0.000000,0.000000,0.000000,0.000000,0.000000,0.000000,0.000000,0.000000,0.000000,0.000000,0.000000,0.000000,0,0,0,0
"0,6",0,0,0,0,708,4,99999,99999,99999,99999,99999,99999,0.000000,0.000000,0.000000,0.000000,0.000000,0.000000,0.000000,0.000000,0.000000,0.000000,0.000000,0.000000,0.000000,0.000000,0,0,0,0
"0,7",0,0,0,0,710,4,99999,99999,99999,99999,99999,99999,0.000000,0.000000,0.000000,0.000000,0.000000,0.000000,0.000000,0.000000,0.000000,0.000000,0.000000,0.000000,0.000000,0.000000,0,0,0,0
"0,8",0,0,0,0,708,4,99999,99999,99999,99999,99999,99999,0.000000,0.000000,0.000000,0.000000,0.000000,0.000000,0.000000,0.000000,0.000000,0.000000,0.000000,0.000000,0.000000,0.000000,0,0,0,0
"0,9",0,0,0,0,709,4,99999,99999,99999,99999,99999,99999,0.000000,0.000000,0.000000,0.000000,0.000000,0.000000,0.000000,0.000000,0.000000,0.000000,0.000000,0.000000,0.000000,0.000000,0,0,0,0
"0,10",0,0,0,0,709,4,99999,99999,99999,99999,99999,99999,0.000000,0.000000,0.000000,0.000000,0.000000,0.000000,0.000000,0.000000,0.000000,0.000000,0.000000,0.000000,0.000000,0.000000,0,0,0,0
"0,11",0,0,0,0,714,4,99999,99999,99999,99999,99999,99999,0.000000,0.000000,0.000000,0.000000,0.000000,0.000000,0.000000,0.000000,0.000000,0.000000,0.000000,0.000000,0.000000,0.000000,0,0,0,0
"0,12",0,0,0,0,705,4,99999,99999,99999,99999,99999,99999,0.000000,0.000000,0.000000,0.000000,0.000000,0.000000,0.000000,0.000000,0.000000,0.000000,0.000000,0.000000,0.000000,0.000000,0,0,0,0
"0,13",0,0,0,0,709,4,99999,99999,99999,99999,99999,99999,0.000000,0.000000,0.000000,0.000000,0.000000,0.000000,0.000000,0.000000,0.000000,0.000000,0.000000,0.000000,0.000000,0.000000,0,0,0,0
"0,14",0,0,0,0,705,4,99999,99999,99999,99999,99999,99999,0.000000,0.000000,0.000000,0.000000,0.000000,0.000000,0.000000,0.000000,0.000000,0.000000,0.000000,0.000000,0.000000,0.000000,0,0,0,0
"0,15",0,0,0,0,710,4,99999,99999,99999,99999,99999,99999,0.000000,0.000000,0.000000,0.000000,0.000000,0.000000,0.000000,0.000000,0.000000,0.000000,0.000000,0.000000,0.000000,0.000000,0,0,0,0
"0,16",0,0,0,0,687,4,99999,99999,99999,99999,99999,99999,0.000000,0.000000,0.000000,0.000000,0.000000,0.000000,0.000000,0.000000,0.000000,0.000000,0.000000,0.000000,0.000000,0.000000,0,0,0,0
"0,17",0,0,0,0,703,4,99999,99999,99999,99999,99999,99999,0.000000,0.000000,0.000000,0.000000,0.000000,0.000000,0.000000,0.000000,0.000000,0.000000,0.000000,0.000000,0.000000,0.000000,0,0,0,0
"0,18",0,0,0,0,706,4,99999,99999,99999,99999,99999,99999,0.000000,0.000000,0.000000,0.000000,0.000000,0.000000,0.000000,0.000000,0.000000,0.000000,0.000000,0.000000,0.000000,0.000000,0,0,0,0
"0,19",0,0,0,0,710,4,99999,99999,99999,99999,99999,99999,0.000000,0.000000,0.000000,0.000000,0.000000,0.000000,0.000000,0.000000,0.000000,0.000000,0.000000,0.000000,0.000000,0.000000,0,0,0,0
"0,20",0,0,0,0,706,4,99999,99999,99999,99999,99999,99999,0.000000,0.000000,0.000000,0.000000,0.000000,0.000000,0.000000,0.000000,0.000000,0.000000,0.000000,0.000000,0.000000,0.000000,0,0,0,0
"0,21",0,0,0,0,706,4,99999,99999,99999,99999,99999,99999,0.000000,0.000000,0.000000,0.000000,0.000000,0.000000,0.000000,0.000000,0.000000,0.000000,0.000000,0.000000,0.000000,0.000000,0,0,0,0
"0,22",0,0,0,0,51,4,99999,99999,99999,99999,99999,99999,0.000000,0.000000,0.000000,0.000000,0.000000,0.000000,0.000000,0.000000,0.000000,0.000000,0.000000,0.000000,0.000000,0.000000,0,0,0,0
"0,23",0,0,0,0,51,4,99999,99999,99999,99999,99999,99999,0.000000,0.000000,0.000000,0.000000,0.000000,0.000000,0.000000,0.000000,0.000000,0.000000,0.000000,0.000000,0.000000,0.000000,0,0,0,0
"0,24",0,0,0,0,51,4,99999,99999,99999,99999,99999,99999,0.000000,0.000000,0.000000,0.000000,0.000000,0.000000,0.000000,0.000000,0.000000,0.000000,0.000000,0.000000,0.000000,0.000000,0,0,0,0
"0,25",0,0,0,0,51,4,99999,99999,99999,99999,99999,99999,0.000000,0.000000,0.000000,0.000000,0.000000,0.000000,0.000000,0.000000,0.000000,0.000000,0.000000,0.000000,0.000000,0.000000,0,0,0,0
"0,26",0,0,0,0,67,4,99999,99999,99999,99999,99999,99999,0.000000,0.000000,0.000000,0.000000,0.000000,0.000000,0.000000,0.000000,0.000000,0.000000,0.000000,0.000000,0.000000,0.000000,0,0,0,0
"1,-26",0,0,0,0,113,4,99999,99999,99999,99999,99999,99999,0.000000,0.000000,0.000000,0.000000,0.000000,0.000000,0.000000,0.000000,0.000000,0.000000,0.000000,0.000000,0.000000,0.000000,0,0,0,0
"1,-25",0,0,0,0,131,4,99999,99999,99999,99999,99999,99999,0.000000,0.000000,0.000000,0.000000,0.000000,0.000000,0.000000,0.000000,0.000000,0.000000,0.000000,0.000000,0.000000,0.000000,0,0,0,0
"1,-24",0,0,0,0,148,4,99999,99999,99999,99999,99999,99999,0.000000,0.000000,0.000000,0.000000,0.000000,0.000000,0.000000,0.000000,0.000000,0.000000,0.000000,0.000000,0.000000,0.000000,0,0,0,0
"1,-23",0,0,0,0,149,4,99999,99999,99999,99999,99999,99999,0.000000,0.000000,0.000000,0.000000,0.000000,0.000000,0.000000,0.000000,0.000000,0.000000,0.000000,0.000000,0.000000,0.000000,0,0,0,0
"1,-22",0,0,0,0,640,4,99999,99999,99999,99999,99999,99999,0.000000,0.000000,0.000000,0.000000,0.000000,0.000000,0.000000,0.000000,0.000000,0.000000,0.000000,0.000000,0.000000,0.000000,0,0,0,0
"1,-21",0,0,0,0,1061,4,99999,99999,99999,99999,99999,99999,0.000000,0.000000,0.000000,0.000000,0.000000,0.000000,0.000000,0.000000,0.000000,0.000000,0.000000,0.000000,0.000000,0.000000,0,0,0,0
"1,-20",0,0,0,0,1055,4,99999,99999,99999,99999,99999,99999,0.000000,0.000000,0.000000,0.000000,0.000000,0.000000,0.000000,0.000000,0.000000,0.000000,0.000000,0.000000,0.000000,0.000000,0,0,0,0
"1,-19",0,0,0,0,916,4,99999,99999,99999,99999,99999,99999,0.000000,0.000000,0.000000,0.000000,0.000000,0.000000,0.000000,0.000000,0.000000,0.000000,0.000000,0.000000,0.000000,0.000000,0,0,0,0
"1,-18",0,0,0,0,493,4,99999,99999,99999,99999,99999,99999,0.000000,0.000000,0.000000,0.000000,0.000000,0.000000,0.000000,0.000000,0.000000,0.000000,0.000000,0.000000,0.000000,0.000000,0,0,0,0
"1,-17",0,0,0,0,425,4,99999,99999,99999,99999,99999,99999,0.000000,0.000000,0.000000,0.000000,0.000000,0.000000,0.000000,0.000000,0.000000,0.000000,0.000000,0.000000,0.000000,0.000000,0,0,0,0
"1,-16",0,0,0,0,388,4,99999,99999,99999,99999,99999,99999,0.000000,0.000000,0.000000,0.000000,0.000000,0.000000,0.000000,0.000000,0.000000,0.000000,0.000000,0.000000,0.000000,0.000000,0,0,0,0
"1,-15",0,0,0,0,389,4,99999,99999,99999,99999,99999,99999,0.000000,0.000000,0.000000,0.000000,0.000000,0.000000,0.000000,0.000000,0.000000,0.000000,0.000000,0.000000,0.000000,0.000000,0,0,0,0
"1,-14",0,0,0,0,389,4,99999,99999,99999,99999,99999,99999,0.000000,0.000000,0.000000,0.000000,0.000000,0.000000,0.000000,0.000000,0.000000,0.000000,0.000000,0.000000,0.000000,0.000000,0,0,0,0
"1,-13",0,0,0,0,389,4,99999,99999,99999,99999,99999,99999,0.000000,0.000000,0.000000,0.000000,0.000000,0.000000,0.000000,0.000000,0.000000,0.000000,0.000000,0.000000,0.000000,0.000000,0,0,0,0
"1,-12",0,0,0,0,919,4,99999,99999,99999,99999,99999,99999,0.000000,0.000000,0.000000,0.000000,0.000000,0.000000,0.000000,0.000000,0.000000,0.000000,0.000000,0.000000,0.000000,0.000000,0,0,0,0
"1,-11",0,0,0,0,938,4,99999,99999,99999,99999,99999,99999,0.000000,0.000000,0.000000,0.000000,0.000000,0.000000,0.000000,0.000000,0.000000,0.000000,0.000000,0.000000,0.000000,0.000000,0,0,0,0
"1,-10",0,0,0,0,919,4,99999,99999,99999,99999,99999,99999,0.000000,0.000000,0.000000,0.000000,0.000000,0.000000,0.000000,0.000000,0.000000,0.000000,0.000000,0.000000,0.000000,0.000000,0,0,0,0
"1,-9",0,0,0,0,926,4,99999,99999,99999,99999,99999,99999,0.000000,0.000000,0.000000,0.000000,0.000000,0.000000,0.000000,0.000000,0.000000,0.000000,0.000000,0.000000,0.000000,0.000000,0,0,0,0
"1,-8",0,0,0,0,924,4,99999,99999,99999,99999,99999,99999,0.000000,0.000000,0.000000,0.000000,0.000000,0.000000,0.000000,0.000000,0.000000,0.000000,0.000000,0.000000,0.000000,0.000000,0,0,0,0
"1,-7",0,0,0,0,714,4,99999,99999,99999,99999,99999,99999,0.000000,0.000000,0.000000,0.000000,0.000000,0.000000,0.000000,0.000000,0.000000,0.000000,0.000000,0.000000,0.000000,0.000000,0,0,0,0
"1,-6",0,0,0,0,707,4,99999,99999,99999,99999,99999,99999,0.000000,0.000000,0.000000,0.000000,0.000000,0.000000,0.000000,0.000000,0.000000,0.000000,0.000000,0.000000,0.000000,0.000000,0,0,0,0
"1,-5",0,0,0,0,708,4,99999,99999,99999,99999,99999,99999,0.000000,0.000000,0.000000,0.000000,0.000000,0.000000,0.000000,0.000000,0.000000,0.000000,0.000000,0.000000,0.000000,0.000000,0,0,0,0
"1,-4",0,0,0,0,700,4,99999,99999,99999,99999,99999,99999,0.000000,0.000000,0.000000,0.000000,0.000000,0.000000,0.000000,0.000000,0.000000,0.000000,0.000000,0.000000,0.000000,0.000000,0,0,0,0
"1,-3",0,0,0,0,710,4,99999,99999,99999,99999,99999,99999,0.000000,0.000000,0.000000,0.000000,0.000000,0.000000,0.000000,0.000000,0.000000,0.000000,0.000000,0.000000,0.000000,0.000000,0,0,0,0
"1,-2",0,0,0,0,710,4,99999,99999,99999,99999,99999,99999,0.000000,0.000000,0.000000,0.000000,0.000000,0.000000,0.000000,0.000000,0.000000,0.000000,0.000000,0.000000,0.000000,0.000000,0,0,0,0
"1,-1",0,0,0,0,715,4,99999,99999,99999,99999,99999,99999,0.000000,0.000000,0.000000,0.000000,0.000000,0.000000,0.000000,0.000000,0.000000,0.000000,0.000000,0.000000,0.000000,0.000000,0,0,0,0
"1,0",0,0,0,0,713,4,99999,99999,99999,99999,99999,99999,0.000000,0.000000,0.000000,0.000000,0.000000,0.000000,0.000000,0.000000,0.000000,0.000000,0.000000,0.000000,0.000000,0.000000,0,0,0,0
"1,1",0,0,0,0,706,4,99999,99999,99999,99999,99999,99999,0.000000,0.000000,0.000000,0.000000,0.000000,0.000000,0.000000,0.000000,0.000000,0.000000,0.000000,0.000000,0.000000,0.000000,0,0,0,0
"1,2",0,0,0,0,708,4,99999,99999,99999,99999,99999,99999,0.000000,0.000000,0.000000,0.000000,0.000000,0.000000,0.000000,0.000000,0.000000,0.000000,0.000000,0.000000,0.000000,0.000000,0,0,0,0
"1,3",0,0,0,0,714,4,99999,99999,99999,99999,99999,99999,0.000000,0.000000,0.000000,0.000000,0.000000,0.000000,0.000000,0.000000,0.000000,0.000000,0.000000,0.000000,0.000000,0.000000,0,0,0,0
"1,4",0,0,0,0,702,4,99999,99999,99999,99999,99999,99999,0.000000,0.000000,0.000000,0.000000,0.000000,0.000000,0.000000,0.000000,0.000000,0.000000,0.000000,0.000000,0.000000,0.000000,0,0,0,0
"1,5",0,0,0,0,710,4,99999,99999,99999,99999,99999,99999,0.000000,0.000000,0.000000,0.000000,0.000000,0.000000,0.000000,0.000000,0.000000,0.000000,0.000000,0.000000,0.000000,0.000000,0,0,0,0
"1,6",0,0,0,0,705,4,99999,99999,99999,99999,99999,99999,0.000000,0.000000,0.000000,0.000000,0.000000,0.000000,0.000000,0.000000,0.000000,0.000000,0.000000,0.000000,0.000000,0.000000,0,0,0,0
"1,7",0,0,0,0,710,4,99999,99999,99999,99999,99999,99999,0.000000,0.000000,0.000000,0.000000,0.000000,0.000000,0.000000,0.000000,0.000000,0.000000,0.000000,0.000000,0.000000,0.000000,0,0,0,0
"1,8",0,0,0,0,712,4,99999,99999,99999,99999,99999,99999,0.000000,0.000000,0.000000,0.000000,0.000000,0.000000,0.000000,0.000000,0.000000,0.000000,0.000000,0.000000,0.000000,0.000000,0,0,0,0
"1,9",0,0,0,0,710,4,99999,99999,99999,99999,99999,99999,0.000000,0.000000,0.000000,0.000000,0.000000,0.000000,0.000000,0.000000,0.000000,0.000000,0.000000,0.000000,0.000000,0.000000,0,0,0,0
"1,10",0,0,0,0,705,4,99999,99999,99999,99999,99999,99999,0.000000,0.000000,0.000000,0.000000,0.000000,0.000000,0.000000,0.000000,0.000000,0.000000,0.000000,0.000000,0.000000,0.000000,0,0,0,0
"1,11",0,0,0,0,708,4,99999,99999,99999,99999,99999,99999,0.000000,0.000000,0.000000,0.000000,0.000000,0.000000,0.000000,0.000000,0.000000,0.000000,0.000000,0.000000,0.000000,0.000000,0,0,0,0
"1,12",0,0,0,0,707,4,99999,99999,99999,99999,99999,99999,0.000000,0.000000,0.000000,0.000000,0.000000,0.000000,0.000000,0.000000,0.000000,0.000000,0.000000,0.000000,0.000000,0.000000,0,0,0,0
"1,13",0,0,0,0,699,4,99999,99999,99999,99999,99999,99999,0.000000,0.000000,0.000000,0.000000,0.000000,0.000000,0.000000,0.000000,0.000000,0.000000,0.000000,0.000000,0.000000,0.000000,0,0,0,0
"1,14",0,0,0,0,707,4,99999,99999,99999,99999,99999,99999,0.000000,0.000000,0.000000,0.000000,0.000000,0.000000,0.000000,0.000000,0.000000,0.000000,0.000000,0.000000,0.000000,0.000000,0,0,0,0
"1,15",0,0,0,0,707,4,99999,99999,99999,99999,99999,99999,0.000000,0.000000,0.000000,0.000000,0.000000,0.000000,0.000000,0.000000,0.000000,0.000000,0.000000,0.000000,0.000000,0.000000,0,0,0,0
"1,16",0,0,0,0,700,4,99999,99999,99999,99999,99999,99999,0.000000,0.000000,0.000000,0.000000,0.000000,0.000000,0.000000,0.000000,0.000000,0.000000,0.000000,0.000000,0.000000,0.000000,0,0,0,0
"1,17",0,0,0,0,707,4,99999,99999,99999,99999,99999,99999,0.000000,0.000000,0.000000,0.000000,0.000000,0.000000,0.000000,0.000000,0.000000,0.000000,0.000000,0.000000,0.000000,0.000000,0,0,0,0
"1,18",0,0,0,0,711,4,99999,99999,99999,99999,99999,99999,0.000000,0.000000,0.000000,0.000000,0.000000,0.000000,0.000000,0.000000,0.000000,0.000000,0.000000,0.000000,0.000000,0.000000,0,0,0,0
"1,19",0,0,0,0,707,4,99999,99999,99999,99999,99999,99999,0.000000,0.000000,0.000000,0.000000,0.000000,0.000000,0.000000,0.000000,0.000000,0.000000,0.000000,0.000000,0.000000,0.000000,0,0,0,0
"1,20",0,0,0,0,712,4,99999,99999,99999,99999,99999,99999,0.000000,0.000000,0.000000,0.000000,0.000000,0.000000,0.000000,0.000000,0.000000,0.000000,0.000000,0.000000,0.000000,0.000000,0,0,0,0
"1,21",0,0,0,0,704,4,99999,99999,99999,99999,99999,99999,0.000000,0.000000,0.000000,0.000000,0.000000,0.000000,0.000000,0.000000,0.000000,0.000000,0.000000,0.000000,0.000000,0.000000,0,0,0,0
"1,22",0,0,0,0,709,4,99999,99999,99999,99999,99999,99999,0.000000,0.000000,0.000000,0.000000,0.000000,0.000000,0.000000,0.000000,0.000000,0.000000,0.000000,0.000000,0.000000,0.000000,0,0,0,0
"1,23",0,0,0,0,51,4,99999,99999,99999,99999,99999,99999,0.000000,0.000000,0.000000,0.000000,0.000000,0.000000,0.000000,0.000000,0.000000,0.000000,0.000000,0.000000,0.000000,0.000000,0,0,0,0
"1,24",0,0,0,0,51,4,99999,99999,99999,99999,99999,99999,0.000000,0.000000,0.000000,0.000000,0.000000,0.000000,0.000000,0.000000,0.000000,0.000000,0.000000,0.000000,0.000000,0.000000,0,0,0,0
"1,25",0,0,0,0,51,4,99999,99999,99999,99999,99999,99999,0.000000,0.000000,0.000000,0.000000,0.000000,0.000000,0.000000,0.000000,0.000000,0.000000,0.000000,0.000000,0.000000,0.000000,0,0,0,0
"1,26",0,0,0,0,83,4,99999,99999,99999,99999,99999,99999,0.000000,0.000000,0.000000,0.000000,0.000000,0.000000,0.000000,0.000000,0.000000,0.000000,0.000000,0.000000,0.000000,0.000000,0,0,0,0
"2,-26",0,0,0,0,110,4,99999,99999,99999,99999,99999,99999,0.000000,0.000000,0.000000,0.000000,0.000000,0.000000,0.000000,0.000000,0.000000,0.000000,0.000000,0.000000,0.000000,0.000000,0,0,0,0
"2,-25",0,0,0,0,129,4,99999,99999,99999,99999,99999,99999,0.000000,0.000000,0.000000,0.000000,0.000000,0.000000,0.000000,0.000000,0.000000,0.000000,0.000000,0.000000,0.000000,0.000000,0,0,0,0
"2,-24",0,0,0,0,138,4,99999,99999,99999,99999,99999,99999,0.000000,0.000000,0.000000,0.000000,0.000000,0.000000,0.000000,0.000000,0.000000,0.000000,0.000000,0.000000,0.000000,0.000000,0,0,0,0
"2,-23",0,0,0,0,248,4,99999,99999,99999,99999,99999,99999,0.000000,0.000000,0.000000,0.000000,0.000000,0.000000,0.000000,0.000000,0.000000,0.000000,0.000000,0.000000,0.000000,0.000000,0,0,0,0
"2,-22",0,0,0,0,1058,4,99999,99999,99999,99999,99999,99999,0.000000,0.000000,0.000000,0.000000,0.000000,0.000000,0.000000,0.000000,0.000000,0.000000,0.000000,0.000000,0.000000,0.000000,0,0,0,0
"2,-21",0,0,0,0,1058,4,99999,99999,99999,99999,99999,99999,0.000000,0.000000,0.000000,0.000000,0.000000,0.000000,0.000000,0.000000,0.000000,0.000000,0.000000,0.000000,0.000000,0.000000,0,0,0,0
"2,-20",0,0,0,0,1058,4,99999,99999,99999,99999,99999,99999,0.000000,0.000000,0.000000,0.000000,0.000000,0.000000,0.000000,0.000000,0.000000,0.000000,0.000000,0.000000,0.000000,0.000000,0,0,0,0
"2,-19",0,0,0,0,1059,4,99999,99999,99999,99999,99999,99999,0.000000,0.000000,0.000000,0.000000,0.000000,0.000000,0.000000,0.000000,0.000000,0.000000,0.000000,0.000000,0.000000,0.000000,0,0,0,0
"2,-18",0,0,0,0,1039,4,99999,99999,99999,99999,99999,99999,0.000000,0.000000,0.000000,0.000000,0.000000,0.000000,0.000000,0.000000,0.000000,0.000000,0.000000,0.000000,0.000000,0.000000,0,0,0,0
"2,-17",0,0,0,0,942,4,99999,99999,99999,99999,99999,99999,0.000000,0.000000,0.000000,0.000000,0.000000,0.000000,0.000000,0.000000,0.000000,0.000000,0.000000,0.000000,0.000000,0.000000,0,0,0,0
"2,-16",0,0,0,0,929,4,99999,99999,99999,99999,99999,99999,0.000000,0.000000,0.000000,0.000000,0.000000,0.000000,0.000000,0.000000,0.000000,0.000000,0.000000,0.000000,0.000000,0.000000,0,0,0,0
"2,-15",0,0,0,0,812,4,99999,99999,99999,99999,99999,99999,0.000000,0.000000,0.000000,0.000000,0.000000,0.000000,0.000000,0.000000,0.000000,0.000000,0.000000,0.000000,0.000000,0.000000,0,0,0,0
"2,-14",0,0,0,0,588,4,99999,99999,99999,99999,99999,99999,0.000000,0.000000,0.000000,0.000000,0.000000,0.000000,0.000000,0.000000,0.000000,0.000000,0.000000,0.000000,0.000000,0.000000,0,0,0,0
"2,-13",0,0,0,0,599,4,99999,99999,99999,99999,99999,99999,0.000000,0.000000,0.000000,0.000000,0.000000,0.000000,0.000000,0.000000,0.000000,0.000000,0.000000,0.000000,0.000000,0.000000,0,0,0,0
"2,-12",0,0,0,0,599,4,99999,99999,99999,99999,99999,99999,0.000000,0.000000,0.000000,0.000000,0.000000,0.000000,0.000000,0.000000,0.000000,0.000000,0.000000,0.000000,0.000000,0.000000,0,0,0,0
"2,-11",0,0,0,0,599,4,99999,99999,99999,99999,99999,99999,0.000000,0.000000,0.000000,0.000000,0.000000,0.000000,0.000000,0.000000,0.000000,0.000000,0.000000,0.000000,0.000000,0.000000,0,0,0,0
"2,-10",0,0,0,0,601,4,99999,99999,99999,99999,99999,99999,0.000000,0.000000,0.000000,0.000000,0.000000,0.000000,0.000000,0.000000,0.000000,0.000000,0.000000,0.000000,0.000000,0.000000,0,0,0,0
"2,-9",0,0,0,0,598,4,99999,99999,99999,99999,99999,99999,0.000000,0.000000,0.000000,0.000000,0.000000,0.000000,0.000000,0.000000,0.000000,0.000000,0.000000,0.000000,0.000000,0.000000,0,0,0,0
"2,-8",0,0,0,0,599,4,99999,99999,99999,99999,99999,99999,0.000000,0.000000,0.000000,0.000000,0.000000,0.000000,0.000000,0.000000,0.000000,0.000000,0.000000,0.000000,0.000000,0.000000,0,0,0,0
"2,-7",0,0,0,0,598,4,99999,99999,99999,99999,99999,99999,0.000000,0.000000,0.000000,0.000000,0.000000,0.000000,0.000000,0.000000,0.000000,0.000000,0.000000,0.000000,0.000000,0.000000,0,0,0,0
"2,-6",0,0,0,0,589,4,99999,99999,99999,99999,99999,99999,0.000000,0.000000,0.000000,0.000000,0.000000,0.000000,0.000000,0.000000,0.000000,0.000000,0.000000,0.000000,0.000000,0.000000,0,0,0,0
"2,-5",0,0,0,0,600,4,99999,99999,99999,99999,99999,99999,0.000000,0.000000,0.000000,0.000000,0.000000,0.000000,0.000000,0.000000,0.000000,0.000000,0.000000,0.000000,0.000000,0.000000,0,0,0,0
"2,-4",0,0,0,0,600,4,99999,99999,99999,99999,99999,99999,0.000000,0.000000,0.000000,0.000000,0.000000,0.000000,0.000000,0.000000,0.000000,0.000000,0.000000,0.000000,0.000000,0.000000,0,0,0,0
"2,-3",0,0,0,0,599,4,99999,99999,99999,99999,99999,99999,0.000000,0.000000,0.000000,0.000000,0.000000,0.000000,0.000000,0.000000,0.000000,0.000000,0.000000,0.000000,0.000000,0.000000,0,0,0,0
"2,-2",0,0,0,0,597,4,99999,99999,99999,99999,99999,99999,0.000000,0.000000,0.000000,0.000000,0.000000,0.000000,0.000000,0.000000,0.000000,0.000000,0.000000,0.000000,0.000000,0.000000,0,0,0,0
"2,-1",0,0,0,0,599,4,99999,99999,99999,99999,99999,99999,0.000000,0.000000,0.000000,0.000000,0.000000,0.000000,0.000000,0.000000,0.000000,0.000000,0.000000,0.000000,0.000000,0.000000,0,0,0,0
"2,0",0,0,0,0,600,4,99999,99999,99999,99999,99999,99999,0.000000,0.000000,0.000000,0.000000,0.000000,0.000000,0.000000,0.000000,0.000000,0.000000,0.000000,0.000000,0.000000,0.000000,0,0,0,0
"2,1",0,0,0,0,601,4,99999,99999,99999,99999,99999,99999,0.000000,0.000000,0.000000,0.000000,0.000000,0.000000,0.000000,0.000000,0.000000,0.000000,0.000000,0.000000,0.000000,0.000000,0,0,0,0
"2,2",0,0,0,0,597,4,99999,99999,99999,99999,99999,99999,0.000000,0.000000,0.000000,0.000000,0.000000,0.000000,0.000000,0.000000,0.000000,0.000000,0.000000,0.000000,0.000000,0.000000,0,0,0,0
"2,3",0,0,0,0,589,4,99999,99999,99999,99999,99999,99999,0.000000,0.000000,0.000000,0.000000,0.000000,0.000000,0.000000,0.000000,0.000000,0.000000,0.000000,0.000000,0.000000,0.000000,0,0,0,0
"2,4",0,0,0,0,601,4,99999,99999,99999,99999,99999,99999,0.000000,0.000000,0.000000,0.000000,0.000000,0.000000,0.000000,0.000000,0.000000,0.000000,0.000000,0.000000,0.000000,0.000000,0,0,0,0
"2,5",0,0,0,0,598,4,99999,99999,99999,99999,99999,99999,0.000000,0.000000,0.000000,0.000000,0.000000,0.000000,0.000000,0.000000,0.000000,0.000000,0.000000,0.000000,0.000000,0.000000,0,0,0,0
"2,6",0,0,0,0,601,4,99999,99999,99999,99999,99999,99999,0.000000,0.000000,0.000000,0.000000,0.000000,0.000000,0.000000,0.000000,0.000000,0.000000,0.000000,0.000000,0.000000,0.000000,0,0,0,0
"2,7",0,0,0,0,598,4,99999,99999,99999,99999,99999,99999,0.000000,0.000000,0.000000,0.000000,0.000000,0.000000,0.000000,0.000000,0.000000,0.000000,0.000000,0.000000,0.000000,0.000000,0,0,0,0
"2,8",0,0,0,0,597,4,99999,99999,99999,99999,99999,99999,0.000000,0.000000,0.000000,0.000000,0.000000,0.000000,0.000000,0.000000,0.000000,0.000000,0.000000,0.000000,0.000000,0.000000,0,0,0,0
"2,9",0,0,0,0,600,4,99999,99999,99999,99999,99999,99999,0.000000,0.000000,0.000000,0.000000,0.000000,0.000000,0.000000,0.000000,0.000000,0.000000,0.000000,0.000000,0.000000,0.000000,0,0,0,0
"2,10",0,0,0,0,598,4,99999,99999,99999,99999,99999,99999,0.000000,0.000000,0.000000,0.000000,0.000000,0.000000,0.000000,0.000000,0.000000,0.000000,0.000000,0.000000,0.000000,0.000000,0,0,0,0
"2,11",0,0,0,0,591,4,99999,99999,99999,99999,99999,99999,0.000000,0.000000,0.000000,0.000000,0.000000,0.000000,0.000000,0.000000,0.000000,0.000000,0.000000,0.000000,0.000000,0.000000,0,0,0,0
"2,12",0,0,0,0,597,4,99999,99999,99999,99999,99999,99999,0.000000,0.000000,0.000000,0.000000,0.000000,0.000000,0.000000,0.000000,0.000000,0.000000,0.000000,0.000000,0.000000,0.000000,0,0,0,0
"2,13",0,0,0,0,599,4,99999,99999,99999,99999,99999,99999,0.000000,0.000000,0.000000,0.000000,0.000000,0.000000,0.000000,0.000000,0.000000,0.000000,0.000000,0.000000,0.000000,0.000000,0,0,0,0
"2,14",0,0,0,0,599,4,99999,99999,99999,99999,99999,99999,0.000000,0.000000,0.000000,0.000000,0.000000,0.000000,0.000000,0.000000,0.000000,0.000000,0.000000,0.000000,0.000000,0.000000,0,0,0,0
"2,15",0,0,0,0,601,4,99999,99999,99999,99999,99999,99999,0.000000,0.000000,0.000000,0.000000,0.000000,0.000000,0.000000,0.000000,0.000000,0.000000,0.000000,0.000000,0.000000,0.000000,0,0,0,0
"2,16",0,0,0,0,599,4,99999,99999,99999,99999,99999,99999,0.000000,0.000000,0.000000,0.000000,0.000000,0.000000,0.000000,0.000000,0.000000,0.000000,0.000000,0.000000,0.000000,0.000000,0,0,0,0
"2,17",0,0,0,0,599,4,99999,99999,99999,99999,99999,99999,0.000000,0.000000,0.000000,0.000000,0.000000,0.000000,0.000000,0.000000,0.000000,0.000000,0.000000,0.000000,0.000000,0.000000,0,0,0,0
"2,18",0,0,0,0,600,4,99999,99999,99999,99999,99999,99999,0.000000,0.000000,0.000000,0.000000,0.000000,0.000000,0.000000,0.000000,0.000000,0.000000,0.000000,0.000000,0.000000,0.000000,0,0,0,0
"2,19",0,0,0,0,601,4,99999,99999,99999,99999,99999,99999,0.000000,0.000000,0.000000,0.000000,0.000000,0.000000,0.000000,0.000000,0.000000,0.000000,0.000000,0.000000,0.000000,0.000000,0,0,0,0
"2,20",0,0,0,0,686,4,99999,99999,99999,99999,99999,99999,0.000000,0.000000,0.000000,0.000000,0.000000,0.000000,0.000000,0.000000,0.000000,0.000000,0.000000,0.000000,0.000000,0.000000,0,0,0,0
"2,21",0,0,0,0,709,4,99999,99999,99999,99999,99999,99999,0.000000,0.000000,0.000000,0.000000,0.000000,0.000000,0.000000,0.000000,0.000000,0.000000,0.000000,0.000000,0.000000,0.000000,0,0,0,0
"2,22",0,0,0,0,705,4,99999,99999,99999,99999,99999,99999,0.000000,0.000000,0.000000,0.000000,0.000000,0.000000,0.000000,0.000000,0.000000,0.000000,0.000000,0.000000,0.000000,0.000000,0,0,0,0
"2,23",0,0,0,0,814,4,99999,99999,99999,99999,99999,99999,0.000000,0.000000,0.000000,0.000000,0.000000,0.000000,0.000000,0.000000,0.000000,0.000000,0.000000,0.000000,0.000000,0.000000,0,0,0,0
"2,24",0,0,0,0,53,4,99999,99999,99999,99999,99999,99999,0.000000,0.000000,0.000000,0.000000,0.000000,0.000000,0.000000,0.000000,0.000000,0.000000,0.000000,0.000000,0.000000,0.000000,0,0,0,0
"2,25",0,0,0,0,57,4,99999,99999,99999,99999,99999,99999,0.000000,0.000000,0.000000,0.000000,0.000000,0.000000,0.000000,0.000000,0.000000,0.000000,0.000000,0.000000,0.000000,0.000000,0,0,0,0
"2,26",0,0,0,0,115,4,99999,99999,99999,99999,99999,99999,0.000000,0.000000,0.000000,0.000000,0.000000,0.000000,0.000000,0.000000,0.000000,0.000000,0.000000,0.000000,0.000000,0.000000,0,0,0,0
"3,-26",0,0,0,0,126,4,99999,99999,99999,99999,99999,99999,0.000000,0.000000,0.000000,0.000000,0.000000,0.000000,0.000000,0.000000,0.000000,0.000000,0.000000,0.000000,0.000000,0.000000,0,0,0,0
"3,-25",0,0,0,0,132,4,99999,99999,99999,99999,99999,99999,0.000000,0.000000,0.000000,0.000000,0.000000,0.000000,0.000000,0.000000,0.000000,0.000000,0.000000,0.000000,0.000000,0.000000,0,0,0,0
"3,-24",0,0,0,0,125,4,99999,99999,99999,99999,99999,99999,0.000000,0.000000,0.000000,0.000000,0.000000,0.000000,0.000000,0.000000,0.000000,0.000000,0.000000,0.000000,0.000000,0.000000,0,0,0,0
"3,-23",0,0,0,0,1059,4,99999,99999,99999,99999,99999,99999,0.000000,0.000000,0.000000,0.000000,0.000000,0.000000,0.000000,0.000000,0.000000,0.000000,0.000000,0.000000,0.000000,0.000000,0,0,0,0
"3,-22",0,0,0,0,1059,4,99999,99999,99999,99999,99999,99999,0.000000,0.000000,0.000000,0.000000,0.000000,0.000000,0.000000,0.000000,0.000000,0.000000,0.000000,0.000000,0.000000,0.000000,0,0,0,0
"3,-21",0,0,0,0,1057,4,99999,99999,99999,99999,99999,99999,0.000000,0.000000,0.000000,0.000000,0.000000,0.000000,0.000000,0.000000,0.000000,0.000000,0.000000,0.000000,0.000000,0.000000,0,0,0,0
"3,-20",0,0,0,0,1061,4,99999,99999,99999,99999,99999,99999,0.000000,0.000000,0.000000,0.000000,0.000000,0.000000,0.000000,0.000000,0.000000,0.000000,0.000000,0.000000,0.000000,0.000000,0,0,0,0
"3,-19",0,0,0,0,1056,4,99999,99999,99999,99999,99999,99999,0.000000,0.000000,0.000000,0.000000,0.000000,0.000000,0.000000,0.000000,0.000000,0.000000,0.000000,0.000000,0.000000,0.000000,0,0,0,0
"3,-18",0,0,0,0,930,4,99999,99999,99999,99999,99999,99999,0.000000,0.000000,0.000000,0.000000,0.000000,0.000000,0.000000,0.000000,0.000000,0.000000,0.000000,0.000000,0.000000,0.000000,0,0,0,0
"3,-17",0,0,0,0,938,4,99999,99999,99999,99999,99999,99999,0.000000,0.000000,0.000000,0.000000,0.000000,0.000000,0.000000,0.000000,0.000000,0.000000,0.000000,0.000000,0.000000,0.000000,0,0,0,0
"3,-16",0,0,0,0,510,4,99999,99999,99999,99999,99999,99999,0.000000,0.000000,0.000000,0.000000,0.000000,0.000000,0.000000,0.000000,0.000000,0.000000,0.000000,0.000000,0.000000,0.000000,0,0,0,0
"3,-15",0,0,0,0,388,4,99999,99999,99999,99999,99999,99999,0.000000,0.000000,0.000000,0.000000,0.000000,0.000000,0.000000,0.000000,0.000000,0.000000,0.000000,0.000000,0.000000,0.000000,0,0,0,0
"3,-14",0,0,0,0,493,4,99999,99999,99999,99999,99999,99999,0.000000,0.000000,0.000000,0.000000,0.000000,0.000000,0.000000,0.000000,0.000000,0.000000,0.000000,0.000000,0.000000,0.000000,0,0,0,0
"3,-13",0,0,0,0,493,4,99999,99999,99999,99999,99999,99999,0.000000,0.000000,0.000000,0.000000,0.000000,0.000000,0.000000,0.000000,0.000000,0.000000,0.000000,0.000000,0.000000,0.000000,0,0,0,0
"3,-12",0,0,0,0,493,4,99999,99999,99999,99999,99999,99999,0.000000,0.000000,0.000000,0.000000,0.000000,0.000000,0.000000,0.000000,0.000000,0.000000,0.000000,0.000000,0.000000,0.000000,0,0,0,0
"3,-11",0,0,0,0,493,4,99999,99999,99999,99999,99999,99999,0.000000,0.000000,0.000000,0.000000,0.000000,0.000000,0.000000,0.000000,0.000000,0.000000,0.000000,0.000000,0.000000,0.000000,0,0,0,0
"3,-10",0,0,0,0,493,4,99999,99999,99999,99999,99999,99999,0.000000,0.000000,0.000000,0.000000,0.000000,0.000000,0.000000,0.000000,0.000000,0.000000,0.000000,0.000000,0.000000,0.000000,0,0,0,0
"3,-9",0,0,0,0,493,4,99999,99999,99999,99999,99999,99999,0.000000,0.000000,0.000000,0.000000,0.000000,0.000000,0.000000,0.000000,0.000000,0.000000,0.000000,0.000000,0.000000,0.000000,0,0,0,0
"3,-8",0,0,0,0,494,4,99999,99999,99999,99999,99999,99999,0.000000,0.000000,0.000000,0.000000,0.000000,0.000000,0.000000,0.000000,0.000000,0.000000,0.000000,0.000000,0.000000,0.000000,0,0,0,0
"3,-7",0,0,0,0,482,4,99999,99999,99999,99999,99999,99999,0.000000,0.000000,0.000000,0.000000,0.000000,0.000000,0.000000,0.000000,0.000000,0.000000,0.000000,0.000000,0.000000,0.000000,0,0,0,0
"3,-6",0,0,0,0,435,4,99999,99999,99999,99999,99999,99999,0.000000,0.000000,0.000000,0.000000,0.000000,0.000000,0.000000,0.000000,0.000000,0.000000,0.000000,0.000000,0.000000,0.000000,0,0,0,0
"3,-5",0,0,0,0,389,4,99999,99999,99999,99999,99999,99999,0.000000,0.000000,0.000000,0.000000,0.000000,0.000000,0.000000,0.000000,0.000000,0.000000,0.000000,0.000000,0.000000,0.000000,0,0,0,0
"3,-4",0,0,0,0,646,4,99999,99999,99999,99999,99999,99999,0.000000,0.000000,0.000000,0.000000,0.000000,0.000000,0.000000,0.000000,0.000000,0.000000,0.000000,0.000000,0.000000,0.000000,0,0,0,0
"3,-3",0,0,0,0,817,4,99999,99999,99999,99999,99999,99999,0.000000,0.000000,0.000000,0.000000,0.000000,0.000000,0.000000,0.000000,0.000000,0.000000,0.000000,0.000000,0.000000,0.000000,0,0,0,0
"3,-2",38,73125,7,1,896,2,2,18,50,0,1,3,1.000000,0.000000,0.000000,0.000000,0.000000,0.000000,0.000000,0.918919,0.077220,0.003861,0.000000,0.000000,0.000000,0.000000,24834,165,267,102
"3,-1",47,73125,7,1,1081,1,194,555,682,0,8,13,0.388889,0.283333,0.327778,0.000000,0.000000,0.000000,0.000000,0.594828,0.301724,0.068966,0.000000,0.034483,0.000000,0.000000,18410,121,275,131
"3,0",33,73125,7,1,1080,2,51,553,706,0,4,9,0.622951,0.174863,0.196721,0.005464,0.000000,0.000000,0.000000,0.643312,0.305732,0.031847,0.019108,0.000000,0.000000,0.000000,22258,146,235,78
"3,1",35,73125,7,1,1079,1,63,540,640,0,6,13,0.555556,0.205556,0.238889,0.000000,0.000000,0.000000,0.000000,0.671429,0.271429,0.035714,0.007143,0.014286,0.000000,0.000000,20679,137,219,77
"3,2",35,73125,7,1,1080,1,505,1190,1451,0,4,8,0.300000,0.133333,0.472222,0.061111,0.033333,0.000000,0.000000,0.602410,0.349398,0.036145,0.000000,0.012048,0.000000,0.000000,12027,78,165,58
"3,3",0,73125,0,0,1011,4,99999,99999,99999,99999,99999,99999,0.000000,0.000000,0.000000,0.000000,0.000000,0.000000,0.000000,0.000000,0.000000,0.000000,0.000000,0.000000,0.000000,0.000000,0,0,0,0
"3,4",0,73125,0,0,1012,4,99999,99999,99999,99999,99999,99999,0.000000,0.000000,0.000000,0.000000,0.000000,0.000000,0.000000,0.000000,0.000000,0.000000,0.000000,0.000000,0.000000,0.000000,0,0,0,0
"3,5",0,73125,0,0,1013,4,99999,99999,99999,99999,99999,99999,0.000000,0.000000,0.000000,0.000000,0.000000,0.000000,0.000000,0.000000,0.000000,0.000000,0.000000,0.000000,0.000000,0.000000,0,0,0,0
"3,6",0,73125,0,0,1015,4,99999,99999,99999,99999,99999,99999,0.000000,0.000000,0.000000,0.000000,0.000000,0.000000,0.000000,0.000000,0.000000,0.000000,0.000000,0.000000,0.000000,0.000000,0,0,0,0
"3,7",0,73125,0,0,1011,4,99999,99999,99999,99999,99999,99999,0.000000,0.000000,0.000000,0.000000,0.000000,0.000000,0.000000,0.000000,0.000000,0.000000,0.000000,0.000000,0.000000,0.000000,0,0,0,0
"3,8",0,73125,0,0,1011,4,99999,99999,99999,99999,99999,99999,0.000000,0.000000,0.000000,0.000000,0.000000,0.000000,0.000000,0.000000,0.000000,0.000000,0.000000,0.000000,0.000000,0.000000,0,0,0,0
"3,9",0,73125,0,0,1010,4,99999,99999,99999,99999,99999,99999,0.000000,0.000000,0.000000,0.000000,0.000000,0.000000,0.000000,0.000000,0.000000,0.000000,0.000000,0.000000,0.000000,0.000000,0,0,0,0
"3,10",0,73125,0,0,1013,4,99999,99999,99999,99999,99999,99999,0.000000,0.000000,0.000000,0.000000,0.000000,0.000000,0.000000,0.000000,0.000000,0.000000,0.000000,0.000000,0.000000,0.000000,0,0,0,0
"3,11",0,73125,0,0,1013,4,99999,99999,99999,99999,99999,99999,0.000000,0.000000,0.000000,0.000000,0.000000,0.000000,0.000000,0.000000,0.000000,0.000000,0.000000,0.000000,0.000000,0.000000,0,0,0,0
"3,12",0,73125,0,0,1012,4,99999,99999,99999,99999,99999,99999,0.000000,0.000000,0.000000,0.000000,0.000000,0.000000,0.000000,0.000000,0.000000,0.000000,0.000000,0.000000,0.000000,0.000000,0,0,0,0
"3,13",0,73125,0,0,1011,4,99999,99999,99999,99999,99999,99999,0.000000,0.000000,0.000000,0.000000,0.000000,0.000000,0.000000,0.000000,0.000000,0.000000,0.000000,0.000000,0.000000,0.000000,0,0,0,0
"3,14",0,73125,0,0,1011,4,99999,99999,99999,99999,99999,99999,0.000000,0.000000,0.000000,0.000000,0.000000,0.000000,0.000000,0.000000,0.000000,0.000000,0.000000,0.000000,0.000000,0.000000,0,0,0,0
"3,15",0,73125,0,0,1015,4,99999,99999,99999,99999,99999,99999,0.000000,0.000000,0.000000,0.000000,0.000000,0.000000,0.000000,0.000000,0.000000,0.000000,0.000000,0.000000,0.000000,0.000000,0,0,0,0
"3,16",0,73125,0,0,1012,4,99999,99999,99999,99999,99999,99999,0.000000,0.000000,0.000000,0.000000,0.000000,0.000000,0.000000,0.000000,0.000000,0.000000,0.000000,0.000000,0.000000,0.000000,0,0,0,0
"3,17",0,73125,0,0,1015,4,99999,99999,99999,99999,99999,99999,0.000000,0.000000,0.000000,0.000000,0.000000,0.000000,0.000000,0.000000,0.000000,0.000000,0.000000,0.000000,0.000000,0.000000,0,0,0,0
"3,18",0,73125,0,0,1012,4,99999,99999,99999,99999,99999,99999,0.000000,0.000000,0.000000,0.000000,0.000000,0.000000,0.000000,0.000000,0.000000,0.000000,0.000000,0.000000,0.000000,0.000000,0,0,0,0
"3,19",0,73125,0,0,1014,4,99999,99999,99999,99999,99999,99999,0.000000,0.000000,0.000000,0.000000,0.000000,0.000000,0.000000,0.000000,0.000000,0.000000,0.000000,0.000000,0.000000,0.000000,0,0,0,0
"3,20",0,73125,0,0,1012,4,99999,99999,99999,99999,99999,99999,0.000000,0.000000,0.000000,0.000000,0.000000,0.000000,0.000000,0.000000,0.000000,0.000000,0.000000,0.000000,0.000000,0.000000,0,0,0,0
"3,21",0,73125,0,0,1009,4,99999,99999,99999,99999,99999,99999,0.000000,0.000000,0.000000,0.000000,0.000000,0.000000,0.000000,0.000000,0.000000,0.000000,0.000000,0.000000,0.000000,0.000000,0,0,0,0
"3,22",0,73125,0,0,1012,4,99999,99999,99999,99999,99999,99999,0.000000,0.000000,0.000000,0.000000,0.000000,0.000000,0.000000,0.000000,0.000000,0.000000,0.000000,0.000000,0.000000,0.000000,0,0,0,0
"3,23",0,73125,0,0,1009,4,99999,99999,99999,99999,99999,99999,0.000000,0.000000,0.000000,0.000000,0.000000,0.000000,0.000000,0.000000,0.000000,0.000000,0.000000,0.000000,0.000000,0.000000,0,0,0,0
"3,24",0,73125,0,0,159,4,99999,99999,99999,99999,99999,99999,0.000000,0.000000,0.000000,0.000000,0.000000,0.000000,0.000000,0.000000,0.000000,0.000000,0.000000,0.000000,0.000000,0.000000,0,0,0,0
"3,25",0,73125,0,0,148,4,99999,99999,99999,99999,99999,99999,0.000000,0.000000,0.000000,0.000000,0.000000,0.000000,0.000000,0.000000,0.000000,0.000000,0.000000,0.000000,0.000000,0.000000,0,0,0,0
"3,26",0,73125,0,0,151,4,99999,99999,99999,99999,99999,99999,0.000000,0.000000,0.000000,0.000000,0.000000,0.000000,0.000000,0.000000,0.000000,0.000000,0.000000,0.000000,0.000000,0.000000,0,0,0,0
"4,-26",0,73125,0,0,141,4,99999,99999,99999,99999,99999,99999,0.000000,0.000000,0.000000,0.000000,0.000000,0.000000,0.000000,0.000000,0.000000,0.000000,0.000000,0.000000,0.000000,0.000000,0,0,0,0
"4,-25",0,73125,0,0,151,4,99999,99999,99999,99999,99999,99999,0.000000,0.000000,0.000000,0.000000,0.000000,0.000000,0.000000,0.000000,0.000000,0.000000,0.000000,0.000000,0.000000,0.000000,0,0,0,0
"4,-24",0,73125,0,0,1011,4,99999,99999,99999,99999,99999,99999,0.000000,0.000000,0.000000,0.000000,0.000000,0.000000,0.000000,0.000000,0.000000,0.000000,0.000000,0.000000,0.000000,0.000000,0,0,0,0
"4,-23",0,73125,0,0,1012,4,99999,99999,99999,99999,99999,99999,0.000000,0.000000,0.000000,0.000000,0.000000,0.000000,0.000000,0.000000,0.000000,0.000000,0.000000,0.000000,0.000000,0.000000,0,0,0,0
"4,-22",0,73125,0,0,1012,4,99999,99999,99999,99999,99999,99999,0.000000,0.000000,0.000000,0.000000,0.000000,0.000000,0.000000,0.000000,0.000000,0.000000,0.000000,0.000000,0.000000,0.000000,0,0,0,0
"4,-21",0,73125,0,0,1014,4,99999,99999,99999,99999,99999,99999,0.000000,0.000000,0.000000,0.000000,0.000000,0.000000,0.000000,0.000000,0.000000,0.000000,0.000000,0.000000,0.000000,0.000000,0,0,0,0
"4,-20",0,73125,0,0,1013,4,99999,99999,99999,99999,99999,99999,0.000000,0.000000,0.000000,0.000000,0.000000,0.000000,0.000000,0.000000,0.000000,0.000000,0.000000,0.000000,0.000000,0.000000,0,0,0,0
"4,-19",0,73125,0,0,1011,4,99999,99999,99999,99999,99999,99999,0.000000,0.000000,0.000000,0.000000,0.000000,0.000000,0.000000,0.000000,0.000000,0.000000,0.000000,0.000000,0.000000,0.000000,0,0,0,0
"4,-18",0,73125,0,0,1014,4,99999,99999,99999,99999,99999,99999,0.000000,0.000000,0.000000,0.000000,0.000000,0.000000,0.000000,0.000000,0.000000,0.000000,0.000000,0.000000,0.000000,0.000000,0,0,0,0
"4,-17",0,73125,0,0,1015,4,99999,99999,99999,99999,99999,99999,0.000000,0.000000,0.000000,0.000000,0.000000,0.000000,0.000000,0.000000,0.000000,0.000000,0.000000,0.000000,0.000000,0.000000,0,0,0,0
"4,-16",0,73125,0,0,1014,4,99999,99999,99999,99999,99999,99999,0.000000,0.000000,0.000000,0.000000,0.000000,0.000000,0.000000,0.000000,0.000000,0.000000,0.000000,0.000000,0.000000,0.000000,0,0,0,0
"4,-15",0,73125,0,0,1013,4,99999,99999,99999,99999,99999,99999,0.000000,0.000000,0.000000,0.000000,0.000000,0.000000,0.000000,0.000000,0.000000,0.000000,0.000000,0.000000,0.000000,0.000000,0,0,0,0
"4,-14",0,73125,0,0,1014,4,99999,99999,99999,99999,99999,99999,0.000000,0.000000,0.000000,0.000000,0.000000,0.000000,0.000000,0.000000,0.000000,0.000000,0.000000,0.000000,0.000000,0.000000,0,0,0,0
"4,-13",0,73125,0,0,1012,4,99999,99999,99999,99999,99999,99999,0.000000,0.000000,0.000000,0.000000,0.000000,0.000000,0.000000,0.000000,0.000000,0.000000,0.000000,0.000000,0.000000,0.000000,0,0,0,0
"4,-12",0,73125,0,0,1012,4,99999,99999,99999,99999,99999,99999,0.000000,0.000000,0.000000,0.000000,0.000000,0.000000,0.000000,0.000000,0.000000,0.000000,0.000000,0.000000,0.000000,0.000000,0,0,0,0
"4,-11",0,73125,0,0,1011,4,99999,99999,99999,99999,99999,99999,0.000000,0.000000,0.000000,0.000000,0.000000,0.000000,0.000000,0.000000,0.000000,0.000000,0.000000,0.000000,0.000000,0.000000,0,0,0,0
"4,-10",0,73125,0,0,1013,4,99999,99999,99999,99999,99999,99999,0.000000,0.000000,0.000000,0.000000,0.000000,0.000000,0.000000,0.000000,0.000000,0.000000,0.000000,0.000000,0.000000,0.000000,0,0,0,0
"4,-9",0,73125,0,0,1013,4,99999,99999,99999,99999,99999,99999,0.000000,0.000000,0.000000,0.000000,0.000000,0.000000,0.000000,0.000000,0.000000,0.000000,0.000000,0.000000,0.000000,0.000000,0,0,0,0
"4,-8",0,73125,0,0,1014,4,99999,99999,99999,99999,99999,99999,0.000000,0.000000,0.000000,0.000000,0.000000,0.000000,0.000000,0.000000,0.000000,0.000000,0.000000,0.000000,0.000000,0.000000,0,0,0,0
"4,-7",0,73125,0,0,1009,4,99999,99999,99999,99999,99999,99999,0.000000,0.000000,0.000000,0.000000,0.000000,0.000000,0.000000,0.000000,0.000000,0.000000,0.000000,0.000000,0.000000,0.000000,0,0,0,0
"4,-6",45,73125,7,1,1081,2,61,518,616,0,8,13,0.566667,0.294444,0.127778,0.011111,0.000000,0.000000,0.000000,0.611465,0.292994,0.070064,0.000000,0.025478,0.000000,0.000000,23687,155,314,143
"4,-5",42,73125,7,1,1081,2,74,553,807,0,5,8,0.550000,0.200000,0.238889,0.005556,0.005556,0.000000,0.000000,0.584416,0.357143,0.058442,0.000000,0.000000,0.000000,0.000000,20850,135,247,104
"4,-4",41,73125,7,1,1081,2,38,531,620,0,4,8,0.638889,0.250000,0.105556,0.005556,0.000000,0.000000,0.000000,0.683544,0.278481,0.031646,0.000000,0.006329,0.000000,0.000000,24618,160,299,125
"4,-3",45,73125,7,1,1080,1,372,839,1290,0,4,8,0.322222,0.255556,0.377778,0.033333,0.011111,0.000000,0.000000,0.608696,0.336957,0.043478,0.010870,0.000000,0.000000,0.000000,15782,104,238,108
"4,-2",36,73125,7,1,1080,2,61,547,787,0,8,8,0.572222,0.266667,0.161111,0.000000,0.000000,0.000000,0.000000,0.629139,0.298013,0.072848,0.000000,0.000000,0.000000,0.000000,23195,151,255,94
"4,-1",34,73125,7,1,1079,2,26,453,554,0,8,8,0.716667,0.244444,0.038889,0.000000,0.000000,0.000000,0.000000,0.687151,0.240223,0.061453,0.011173,0.000000,0.000000,0.000000,26242,173,271,94
"4,0",42,73125,7,1,1080,2,34,527,679,0,8,9,0.668449,0.262032,0.069519,0.000000,0.000000,0.000000,0.000000,0.619048,0.306878,0.058201,0.010582,0.005291,0.000000,0.000000,26482,174,316,135
"4,1",38,73125,7,1,1080,1,196,549,624,0,8,8,0.438889,0.166667,0.394444,0.000000,0.000000,0.000000,0.000000,0.591304,0.347826,0.060870,0.000000,0.000000,0.000000,0.000000,16956,109,221,84
"4,2",47,73125,7,1,1080,2,38,542,1025,0,8,13,0.662069,0.179310,0.137931,0.020690,0.000000,0.000000,0.000000,0.619048,0.292517,0.054422,0.006803,0.020408,0.006803,0.000000,18677,122,266,126
"4,3",50,73125,7,1,1080,2,30,438,508,0,8,9,0.755556,0.205556,0.038889,0.000000,0.000000,0.000000,0.000000,0.625000,0.280000,0.080000,0.005000,0.010000,0.000000,0.000000,26486,173,364,184
"4,4",40,73125,7,1,1080,2,77,540,762,0,8,13,0.540541,0.270270,0.189189,0.000000,0.000000,0.000000,0.000000,0.666667,0.256944,0.055556,0.000000,0.020833,0.000000,0.000000,22936,150,259,104
"4,5",41,73125,7,1,1081,2,65,526,564,0,4,8,0.580645,0.247312,0.172043,0.000000,0.000000,0.000000,0.000000,0.643312,0.312102,0.031847,0.006369,0.006369,0.000000,0.000000,23889,154,308,129
"4,6",32,73125,7,1,1080,1,234,653,904,0,4,8,0.447514,0.154696,0.381215,0.016575,0.000000,0.000000,0.000000,0.666667,0.280702,0.052632,0.000000,0.000000,0.000000,0.000000,16819,109,189,61
"4,7",0,73125,0,0,1013,4,99999,99999,99999,99999,99999,99999,0.000000,0.000000,0.000000,0.000000,0.000000,0.000000,0.000000,0.000000,0.000000,0.000000,0.000000,0.000000,0.000000,0.000000,0,0,0,0
"4,8",0,73125,0,0,1012,4,99999,99999,99999,99999,99999,99999,0.000000,0.000000,0.000000,0.000000,0.000000,0.000000,0.000000,0.000000,0.000000,0.000000,0.000000,0.000000,0.000000,0.000000,0,0,0,0
"4,9",0,73125,0,0,1013,4,99999,99999,99999,99999,99999,99999,0.000000,0.000000,0.000000,0.000000,0.000000,0.000000,0.000000,0.000000,0.000000,0.000000,0.000000,0.000000,0.000000,0.000000,0,0,0,0
"4,10",0,73125,0,0,1012,4,99999,99999,99999,99999,99999,99999,0.000000,0.000000,0.000000,0.000000,0.000000,0.000000,0.000000,0.000000,0.000000,0.000000,0.000000,0.000000,0.000000,0.000000,0,0,0,0
"4,11",0,73125,0,0,1012,4,99999,99999,99999,99999,99999,99999,0.000000,0.000000,0.000000,0.000000,0.000000,0.000000,0.000000,0.000000,0.000000,0.000000,0.000000,0.000000,0.000000,0.000000,0,0,0,0
"4,12",0,73125,0,0,1015,4,99999,99999,99999,99999,99999,99999,0.000000,0.000000,0.000000,0.000000,0.000000,0.000000,0.000000,0.000000,0.000000,0.000000,0.000000,0.000000,0.000000,0.000000,0,0,0,0
"4,13",0,73125,0,0,1015,4,99999,99999,99999,99999,99999,99999,0.000000,0.000000,0.000000,0.000000,0.000000,0.000000,0.000000,0.000000,0.000000,0.000000,0.000000,0.000000,0.000000,0.000000,0,0,0,0
"4,14",0,73125,0,0,1012,4,99999,99999,99999,99999,99999,99999,0.000000,0.000000,0.000000,0.000000,0.000000,0.000000,0.000000,0.000000,0.000000,0.000000,0.000000,0.000000,0.000000,0.000000,0,0,0,0
"4,15",0,73125,0,0,1013,4,99999,99999,99999,99999,99999,99999,0.000000,0.000000,0.000000,0.000000,0.000000,0.000000,0.000000,0.000000,0.000000,0.000000,0.000000,0.000000,0.000000,0.000000,0,0,0,0
"4,16",0,73125,0,0,1012,4,99999,99999,99999,99999,99999,99999,0.000000,0.000000,0.000000,0.000000,0.000000,0.000000,0.000000,0.000000,0.000000,0.000000,0.000000,0.000000,0.000000,0.000000,0,0,0,0
"4,17",0,73125,0,0,1011,4,99999,99999,99999,99999,99999,99999,0.000000,0.000000,0.000000,0.000000,0.000000,0.000000,0.000000,0.000000,0.000000,0.000000,0.000000,0.000000,0.000000,0.000000,0,0,0,0
"4,18",0,73125,0,0,1012,4,99999,99999,99999,99999,99999,99999,0.000000,0.000000,0.000000,0.000000,0.000000,0.000000,0.000000,0.000000,0.000000,0.000000,0.000000,0.000000,0.000000,0.000000,0,0,0,0
"4,19",0,73125,0,0,1015,4,99999,99999,99999,99999,99999,99999,0.000000,0.000000,0.000000,0.000000,0.000000,0.000000,0.000000,0.000000,0.000000,0.000000,0.000000,0.000000,0.000000,0.000000,0,0,0,0
"4,20",0,73125,0,0,1014,4,99999,99999,99999,99999,99999,99999,0.000000,0.000000,0.000000,0.000000,0.000000,0.000000,0.000000,0.000000,0.000000,0.000000,0.000000,0.000000,0.000000,0.000000,0,0,0,0
"4,21",0,73125,0,0,1012,4,99999,99999,99999,99999,99999,99999,0.000000,0.000000,0.000000,0.000000,0.000000,0.000000,0.000000,0.000000,0.000000,0.000000,0.000000,0.000000,0.000000,0.000000,0,0,0,0
"4,22",0,73125,0,0,1011,4,99999,99999,99999,99999,99999,99999,0.000000,0.000000,0.000000,0.000000,0.000000,0.000000,0.000000,0.000000,0.000000,0.000000,0.000000,0.000000,0.000000,0.000000,0,0,0,0
"4,23",0,73125,0,0,1014,4,99999,99999,99999,99999,99999,99999,0.000000,0.000000,0.000000,0.000000,0.000000,0.000000,0.000000,0.000000,0.000000,0.000000,0.000000,0.000000,0.000000,0.000000,0,0,0,0
"4,24",0,73125,0,0,1014,4,99999,99999,99999,99999,99999,99999,0.000000,0.000000,0.000000,0.000000,0.000000,0.000000,0.000000,0.000000,0.000000,0.000000,0.000000,0.000000,0.000000,0.000000,0,0,0,0
"4,25",0,73125,0,0,134,4,99999,99999,99999,99999,99999,99999,0.000000,0.000000,0.000000,0.000000,0.000000,0.000000,0.000000,0.000000,0.000000,0.000000,0.000000,0.000000,0.000000,0.000000,0,0,0,0
"4,26",0,73125,0,0,135,4,99999,99999,99999,99999,99999,99999,0.000000,0.000000,0.000000,0.000000,0.000000,0.000000,0.000000,0.000000,0.000000,0.000000,0.000000,0.000000,0.000000,0.000000,0,0,0,0
"5,-26",0,73125,0,0,153,4,99999,99999,99999,99999,99999,99999,0.000000,0.000000,0.000000,0.000000,0.000000,0.000000,0.000000,0.000000,0.000000,0.000000,0.000000,0.000000,0.000000,0.000000,0,0,0,0
"5,-25",0,73125,0,0,447,4,99999,99999,99999,99999,99999,99999,0.000000,0.000000,0.000000,0.000000,0.000000,0.000000,0.000000,0.000000,0.000000,0.000000,0.000000,0.000000,0.000000,0.000000,0,0,0,0
"5,-24",0,73125,0,0,1012,4,99999,99999,99999,99999,99999,99999,0.000000,0.000000,0.000000,0.000000,0.000000,0.000000,0.000000,0.000000,0.000000,0.000000,0.000000,0.000000,0.000000,0.000000,0,0,0,0
"5,-23",0,73125,0,0,1013,4,99999,99999,99999,99999,99999,99999,0.000000,0.000000,0.000000,0.000000,0.000000,0.000000,0.000000,0.000000,0.000000,0.000000,0.000000,0.000000,0.000000,0.000000,0,0,0,0
"5,-22",0,73125,0,0,1013,4,99999,99999,99999,99999,99999,99999,0.000000,0.000000,0.000000,0.000000,0.000000,0.000000,0.000000,0.000000,0.000000,0.000000,0.000000,0.000000,0.000000,0.000000,0,0,0,0
"5,-21",0,73125,0,0,1012,4,99999,99999,99999,99999,99999,99999,0.000000,0.000000,0.000000,0.000000,0.000000,0.000000,0.000000,0.000000,0.000000,0.000000,0.000000,0.000000,0.000000,0.000000,0,0,0,0
"5,-20",0,73125,0,0,1014,4,99999,99999,99999,99999,99999,99999,0.000000,0.000000,0.000000,0.000000,0.000000,0.000000,0.000000,0.000000,0.000000,0.000000,0.000000,0.000000,0.000000,0.000000,0,0,0,0
"5,-19",0,73125,0,0,1010,4,99999,99999,99999,99999,99999,99999,0.000000,0.000000,0.000000,0.000000,0.000000,0.000000,0.000000,0.000000,0.000000,0.000000,0.000000,0.000000,0.000000,0.000000,0,0,0,0
"5,-18",0,73125,0,0,1011,4,99999,99999,99999,99999,99999,99999,0.000000,0.000000,0.000000,0.000000,0.000000,0.000000,0.000000,0.000000,0.000000,0.000000,0.000000,0.000000,0.000000,0.000000,0,0,0,0
"5,-17",0,73125,0,0,1013,4,99999,99999,99999,99999,99999,99999,0.000000,0.000000,0.000000,0.000000,0.000000,0.000000,0.000000,0.000000,0.000000,0.000000,0.000000,0.000000,0.000000,0.000000,0,0,0,0
"5,-16",0,73125,0,0,1013,4,99999,99999,99999,99999,99999,99999,0.000000,0.000000,0.000000,0.000000,0.000000,0.000000,0.000000,0.000000,0.000000,0.000000,0.000000,0.000000,0.000000,0.000000,0,0,0,0
"5,-15",0,73125,0,0,1013,4,99999,99999,99999,99999,99999,99999,0.000000,0.000000,0.000000,0.000000,0.000000,0.000000,0.000000,0.000000,0.000000,0.000000,0.000000,0.000000,0.000000,0.000000,0,0,0,0
"5,-14",0,73125,0,0,1014,4,99999,99999,99999,99999,99999,99999,0.000000,0.000000,0.000000,0.000000,0.000000,0.000000,0.000000,0.000000,0.000000,0.000000,0.000000,0.000000,0.000000,0.000000,0,0,0,0
"5,-13",0,73125,0,0,1012,4,99999,99999,99999,99999,99999,99999,0.000000,0.000000,0.000000,0.000000,0.000000,0.000000,0.000000,0.000000,0.000000,0.000000,0.000000,0.000000,0.000000,0.000000,0,0,0,0
"5,-12",0,73125,0,0,1014,4,99999,99999,99999,99999,99999,99999,0.000000,0.000000,0.000000,0.000000,0.000000,0.000000,0.000000,0.000000,0.000000,0.000000,0.000000,0.000000,0.000000,0.000000,0,0,0,0
"5,-11",0,73125,0,0,1015,4,99999,99999,99999,99999,99999,99999,0.000000,0.000000,0.000000,0.000000,0.000000,0.000000,0.000000,0.000000,0.000000,0.000000,0.000000,0.000000,0.000000,0.000000,0,0,0,0
"5,-10",0,73125,0,0,1012,4,99999,99999,99999,99999,99999,99999,0.000000,0.000000,0.000000,0.000000,0.000000,0.000000,0.000000,0.000000,0.000000,0.000000,0.000000,0.000000,0.000000,0.000000,0,0,0,0
"5,-9",0,73125,0,0,1014,4,99999,99999,99999,99999,99999,99999,0.000000,0.000000,0.000000,0.000000,0.000000,0.000000,0.000000,0.000000,0.000000,0.000000,0.000000,0.000000,0.000000,0.000000,0,0,0,0
"5,-8",44,73125,7,1,1081,2,29,522,872,0,4,8,0.722222,0.216667,0.050000,0.011111,0.000000,0.000000,0.000000,0.646739,0.304348,0.048913,0.000000,0.000000,0.000000,0.000000,25843,169,312,140
"5,-7",39,73125,7,1,1081,1,501,776,1067,0,8,8,0.331522,0.168478,0.467391,0.021739,0.010870,0.000000,0.000000,0.530612,0.397959,0.061224,0.000000,0.010204,0.000000,0.000000,13837,92,184,72
"5,-6",49,73125,7,1,1080,2,48,617,785,0,4,8,0.607735,0.276243,0.116022,0.000000,0.000000,0.000000,0.000000,0.588235,0.364706,0.041176,0.000000,0.005882,0.000000,0.000000,24523,160,331,163
"5,-5",41,73125,7,1,1081,2,40,458,526,0,4,9,0.672222,0.283333,0.044444,0.000000,0.000000,0.000000,0.000000,0.645714,0.308571,0.028571,0.011429,0.005714,0.000000,0.000000,26509,173,308,128
"5,-4",32,73125,7,1,1081,1,323,628,777,0,4,8,0.369565,0.217391,0.402174,0.010870,0.000000,0.000000,0.000000,0.659574,0.319149,0.021277,0.000000,0.000000,0.000000,0.000000,16615,108,187,61
"5,-3",43,73769,8,1,1080,2,71,536,618,0,8,8,0.582418,0.252747,0.164835,0.000000,0.000000,0.000000,0.000000,0.581250,0.356250,0.056250,0.000000,0.006250,0.000000,0.000000,23024,152,286,124
"5,-2",51,74405,8,1,1080,1,103,538,597,0,8,9,0.500000,0.261111,0.238889,0.000000,0.000000,0.000000,0.000000,0.550725,0.333333,0.094203,0.014493,0.007246,0.000000,0.000000,20829,137,306,157
"5,-1",34,74933,8,1,1081,2,19,217,397,0,8,8,0.866667,0.133333,0.000000,0.000000,0.000000,0.000000,0.000000,0.671498,0.256039,0.067633,0.004831,0.000000,0.000000,0.000000,27495,180,274,94
"5,0",37,75353,8,1,1080,1,32,908,1049,0,5,8,0.690909,0.151515,0.103030,0.054545,0.000000,0.000000,0.000000,0.662338,0.279221,0.051948,0.006494,0.000000,0.000000,0.000000,21180,139,232,87
"5,1",35,75653,8,1,1082,1,501,1024,1343,0,8,8,0.388889,0.105556,0.450000,0.038889,0.016667,0.000000,0.000000,0.568807,0.339450,0.082569,0.009174,0.000000,0.000000,0.000000,13758,89,165,58
"5,2",37,76048,8,1,1081,2,31,535,548,0,4,9,0.668421,0.157895,0.173684,0.000000,0.000000,0.000000,0.000000,0.692771,0.259036,0.030120,0.012048,0.006024,0.000000,0.000000,24130,157,275,102
"5,3",44,76492,8,1,1080,2,36,533,594,0,8,13,0.664835,0.230769,0.093407,0.010989,0.000000,0.000000,0.000000,0.672515,0.257310,0.040936,0.011696,0.017544,0.000000,0.000000,24771,163,303,135
"5,4",40,76397,7,1,1081,1,120,544,702,0,8,8,0.481283,0.197861,0.320856,0.000000,0.000000,0.000000,0.000000,0.653543,0.259843,0.078740,0.007874,0.000000,0.000000,0.000000,19169,127,231,94
"5,5",38,76311,7,1,1081,1,304,984,1339,0,8,9,0.321244,0.300518,0.300518,0.062176,0.015544,0.000000,0.000000,0.525253,0.373737,0.080808,0.010101,0.010101,0.000000,0.000000,18001,120,222,86
"5,6",37,76236,7,1,1080,1,168,546,881,0,4,13,0.453125,0.182292,0.354167,0.005208,0.005208,0.000000,0.000000,0.642857,0.309524,0.023810,0.007937,0.015873,0.000000,0.000000,18530,122,208,79
"5,7",34,76142,7,1,1081,2,36,559,842,0,4,8,0.642857,0.247253,0.104396,0.005495,0.000000,0.000000,0.000000,0.677019,0.273292,0.037267,0.006211,0.006211,0.000000,0.000000,24463,162,257,88
"5,8",39,76061,7,1,1080,1,75,536,1299,0,4,9,0.529412,0.251337,0.192513,0.016043,0.010695,0.000000,0.000000,0.659574,0.319149,0.007092,0.014184,0.000000,0.000000,0.000000,22366,146,238,93
"5,9",0,76061,0,0,1015,4,99999,99999,99999,99999,99999,99999,0.000000,0.000000,0.000000,0.000000,0.000000,0.000000,0.000000,0.000000,0.000000,0.000000,0.000000,0.000000,0.000000,0.000000,0,0,0,0
"5,10",0,76061,0,0,1009,4,99999,99999,99999,99999,99999,99999,0.000000,0.000000,0.000000,0.000000,0.000000,0.000000,0.000000,0.000000,0.000000,0.000000,0.000000,0.000000,0.000000,0.000000,0,0,0,0
"5,11",0,76061,0,0,1014,4,99999,99999,99999,99999,99999,99999,0.000000,0.000000,0.000000,0.000000,0.000000,0.000000,0.000000,0.000000,0.000000,0.000000,0.000000,0.000000,0.000000,0.000000,0,0,0,0
"5,12",0,76061,0,0,1012,4,99999,99999,99999,99999,99999,99999,0.000000,0.000000,0.000000,0.000000,0.000000,0.000000,0.000000,0.000000,0.000000,0.000000,0.000000,0.000000,0.000000,0.000000,0,0,0,0
"5,13",0,76061,0,0,1014,4,99999,99999,99999,99999,99999,99999,0.000000,0.000000,0.000000,0.000000,0.000000,0.000000,0.000000,0.000000,0.000000,0.000000,0.000000,0.000000,0.000000,0.000000,0,0,0,0
"5,14",0,76061,0,0,1015,4,99999,99999,99999,99999,99999,99999,0.000000,0.000000,0.000000,0.000000,0.000000,0.000000,0.000000,0.000000,0.000000,0.000000,0.000000,0.000000,0.000000,0.000000,0,0,0,0
"5,15",0,76061,0,0,1015,4,99999,99999,99999,99999,99999,99999,0.000000,0.000000,0.000000,0.000000,0.000000,0.000000,0.000000,0.000000,0.000000,0.000000,0.000000,0.000000,0.000000,0.000000,0,0,0,0
"5,16",0,76061,0,0,1011,4,99999,99999,99999,99999,99999,99999,0.000000,0.000000,0.000000,0.000000,0.000000,0.000000,0.000000,0.000000,0.000000,0.000000,0.000000,0.000000,0.000000,0.000000,0,0,0,0
"5,17",0,76061,0,0,1014,4,99999,99999,99999,99999,99999,99999,0.000000,0.000000,0.000000,0.000000,0.000000,0.000000,0.000000,0.000000,0.000000,0.000000,0.000000,0.000000,0.000000,0.000000,0,0,0,0
"5,18",0,76061,0,0,1011,4,99999,99999,99999,99999,99999,99999,0.000000,0.000000,0.000000,0.000000,0.000000,0.000000,0.000000,0.000000,0.000000,0.000000,0.000000,0.000000,0.000000,0.000000,0,0,0,0
"5,19",0,76061,0,0,1014,4,99999,99999,99999,99999,99999,99999,0.000000,0.000000,0.000000,0.000000,0.000000,0.000000,0.000000,0.000000,0.000000,0.000000,0.000000,0.000000,0.000000,0.000000,0,0,0,0
"5,20",0,76061,0,0,1011,4,99999,99999,99999,99999,99999,99999,0.000000,0.000000,0.000000,0.000000,0.000000,0.000000,0.000000,0.000000,0.000000,0.000000,0.000000,0.000000,0.000000,0.000000,0,0,0,0
"5,21",0,76061,0,0,1015,4,99999,99999,99999,99999,99999,99999,0.000000,0.000000,0.000000,0.000000,0.000000,0.000000,0.000000,0.000000,0.000000,0.000000,0.000000,0.000000,0.000000,0.000000,0,0,0,0
"5,22",0,76061,0,0,1014,4,99999,99999,99999,99999,99999,99999,0.000000,0.000000,0.000000,0.000000,0.000000,0.000000,0.000000,0.000000,0.000000,0.000000,0.000000,0.000000,0.000000,0.000000,0,0,0,0
"5,23",0,76061,0,0,1014,4,99999,99999,99999,99999,99999,99999,0.000000,0.000000,0.000000,0.000000,0.000000,0.000000,0.000000,0.000000,0.000000,0.000000,0.000000,0.000000,0.000000,0.000000,0,0,0,0
"5,24",0,76061,0,0,1012,4,99999,99999,99999,99999,99999,99999,0.000000,0.000000,0.000000,0.000000,0.000000,0.000000,0.000000,0.000000,0.000000,0.000000,0.000000,0.000000,0.000000,0.000000,0,0,0,0
"5,25",0,76061,0,0,1015,4,99999,99999,99999,99999,99999,99999,0.000000,0.000000,0.000000,0.000000,0.000000,0.000000,0.000000,0.000000,0.000000,0.000000,0.000000,0.000000,0.000000,0.000000,0,0,0,0
"5,26",0,76061,0,0,158,4,99999,99999,99999,99999,99999,99999,0.000000,0.000000,0.000000,0.000000,0.000000,0.000000,0.000000,0.000000,0.000000,0.000000,0.000000,0.000000,0.000000,0.000000,0,0,0,0
"6,-26",0,76061,0,0,163,4,99999,99999,99999,99999,99999,99999,0.000000,0.000000,0.000000,0.000000,0.000000,0.000000,0.000000,0.000000,0.000000,0.000000,0.000000,0.000000,0.000000,0.000000,0,0,0,0
"6,-25",0,76061,0,0,1015,4,99999,99999,99999,99999,99999,99999,0.000000,0.000000,0.000000,0.000000,0.000000,0.000000,0.000000,0.000000,0.000000,0.000000,0.000000,0.000000,0.000000,0.000000,0,0,0,0
"6,-24",0,76061,0,0,1013,4,99999,99999,99999,99999,99999,99999,0.000000,0.000000,0.000000,0.000000,0.000000,0.000000,0.000000,0.000000,0.000000,0.000000,0.000000,0.000000,0.000000,0.000000,0,0,0,0
"6,-23",0,76061,0,0,1014,4,99999,99999,99999,99999,99999,99999,0.000000,0.000000,0.000000,0.000000,0.000000,0.000000,0.000000,0.000000,0.000000,0.000000,0.000000,0.000000,0.000000,0.000000,0,0,0,0
"6,-22",0,76061,0,0,1010,4,99999,99999,99999,99999,99999,99999,0.000000,0.000000,0.000000,0.000000,0.000000,0.000000,0.000000,0.000000,0.000000,0.000000,0.000000,0.000000,0.000000,0.000000,0,0,0,0
"6,-21",0,76061,0,0,1013,4,99999,99999,99999,99999,99999,99999,0.000000,0.000000,0.000000,0.000000,0.000000,0.000000,0.000000,0.000000,0.000000,0.000000,0.000000,0.000000,0.000000,0.000000,0,0,0,0
"6,-20",0,76061,0,0,1014,4,99999,99999,99999,99999,99999,99999,0.000000,0.000000,0.000000,0.000000,0.000000,0.000000,0.000000,0.000000,0.000000,0.000000,0.000000,0.000000,0.000000,0.000000,0,0,0,0
"6,-19",0,76061,0,0,1013,4,99999,99999,99999,99999,99999,99999,0.000000,0.000000,0.000000,0.000000,0.000000,0.000000,0.000000,0.000000,0.000000,0.000000,0.000000,0.000000,0.000000,0.000000,0,0,0,0
"6,-18",0,76061,0,0,1013,4,99999,99999,99999,99999,99999,99999,0.000000,0.000000,0.000000,0.000000,0.000000,0.000000,0.000000,0.000000,0.000000,0.000000,0.000000,0.000000,0.000000,0.000000,0,0,0,0
"6,-17",0,76061,0,0,1014,4,99999,99999,99999,99999,99999,99999,0.000000,0.000000,0.000000,0.000000,0.000000,0.000000,0.000000,0.000000,0.000000,0.000000,0.000000,0.000000,0.000000,0.000000,0,0,0,0
"6,-16",0,76061,0,0,1011,4,99999,99999,99999,99999,99999,99999,0.000000,0.000000,0.000000,0.000000,0.000000,0.000000,0.000000,0.000000,0.000000,0.000000,0.000000,0.000000,0.000000,0.000000,0,0,0,0
"6,-15",0,76061,0,0,1015,4,99999,99999,99999,99999,99999,99999,0.000000,0.000000,0.000000,0.000000,0.000000,0.000000,0.000000,0.000000,0.000000,0.000000,0.000000,0.000000,0.000000,0.000000,0,0,0,0
"6,-14",0,76061,0,0,1015,4,99999,99999,99999,99999,99999,99999,0.000000,0.000000,0.000000,0.000000,0.000000,0.000000,0.000000,0.000000,0.000000,0.000000,0.000000,0.000000,0.000000,0.000000,0,0,0,0
"6,-13",0,76061,0,0,1012,4,99999,99999,99999,99999,99999,99999,0.000000,0.000000,0.000000,0.000000,0.000000,0.000000,0.000000,0.000000,0.000000,0.000000,0.000000,0.000000,0.000000,0.000000,0,0,0,0
"6,-12",0,76061,0,0,1011,4,99999,99999,99999,99999,99999,99999,0.000000,0.000000,0.000000,0.000000,0.000000,0.000000,0.000000,0.000000,0.000000,0.000000,0.000000,0.000000,0.000000,0.000000,0,0,0,0
"6,-11",0,76061,0,0,1013,4,99999,99999,99999,99999,99999,99999,0.000000,0.000000,0.000000,0.000000,0.000000,0.000000,0.000000,0.000000,0.000000,0.000000,0.000000,0.000000,0.000000,0.000000,0,0,0,0
"6,-10",0,76061,0,0,1015,4,99999,99999,99999,99999,99999,99999,0.000000,0.000000,0.000000,0.000000,0.000000,0.000000,0.000000,0.000000,0.000000,0.000000,0.000000,0.000000,0.000000,0.000000,0,0,0,0
"6,-9",36,75985,7,1,1081,1,50,532,551,0,8,8,0.611111,0.200000,0.177778,0.000000,0.011111,0.000000,0.000000,0.638710,0.296774,0.058065,0.000000,0.006452,0.000000,0.000000,22075,146,239,88
"6,-8",35,75901,7,1,1081,2,35,452,546,0,8,8,0.727778,0.227778,0.044444,0.000000,0.000000,0.000000,0.000000,0.638889,0.277778,0.072222,0.000000,0.011111,0.000000,0.000000,26238,172,278,100
"6,-7",52,75800,7,1,1082,2,52,505,689,0,8,8,0.638889,0.300000,0.061111,0.000000,0.000000,0.000000,0.000000,0.572254,0.352601,0.063584,0.011561,0.000000,0.000000,0.000000,25974,169,376,199
"6,-6",38,76127,8,1,1081,1,45,519,712,0,8,8,0.607735,0.298343,0.082873,0.011050,0.000000,0.000000,0.000000,0.600000,0.325000,0.062500,0.000000,0.012500,0.000000,0.000000,25069,164,278,108
"6,-5",34,76340,8,1,1081,1,134,550,697,0,8,8,0.468421,0.168421,0.363158,0.000000,0.000000,0.000000,0.000000,0.619835,0.322314,0.049587,0.000000,0.008264,0.000000,0.000000,18567,121,206,71
"6,-4",40,76654,8,1,1081,2,45,493,573,0,8,8,0.670330,0.285714,0.043956,0.000000,0.000000,0.000000,0.000000,0.579235,0.355191,0.065574,0.000000,0.000000,0.000000,0.000000,26333,174,298,121
"6,-3",38,76938,8,1,1082,2,55,546,1113,0,8,9,0.636842,0.257895,0.078947,0.026316,0.000000,0.000000,0.000000,0.562500,0.340909,0.073864,0.011364,0.005682,0.000000,0.005682,26070,170,286,111
"6,-2",48,77301,8,1,1081,1,272,1028,1178,0,8,9,0.400000,0.188889,0.322222,0.088889,0.000000,0.000000,0.000000,0.587719,0.315789,0.078947,0.017544,0.000000,0.000000,0.000000,16417,107,257,124
"6,-1",35,77750,9,1,1082,1,38,636,858,0,8,13,0.664835,0.241758,0.087912,0.005495,0.000000,0.000000,0.000000,0.641176,0.288235,0.035294,0.017647,0.017647,0.000000,0.000000,25006,165,265,93
"6,0",34,78189,9,1,1080,1,36,678,1172,0,8,9,0.629834,0.182320,0.143646,0.044199,0.000000,0.000000,0.000000,0.670886,0.227848,0.075949,0.025316,0.000000,0.000000,0.000000,22503,147,260,91
"6,1",40,78600,9,1,1081,1,82,788,1534,0,4,8,0.538462,0.159341,0.263736,0.005495,0.032967,0.000000,0.000000,0.619718,0.345070,0.028169,0.007042,0.000000,0.000000,0.000000,19450,127,245,99
"6,2",43,78923,9,1,1080,1,109,556,1015,0,4,9,0.488889,0.266667,0.211111,0.033333,0.000000,0.000000,0.000000,0.578571,0.378571,0.028571,0.007143,0.007143,0.000000,0.000000,20655,136,256,111
"6,3",29,79077,8,1,1081,1,52,541,1093,0,8,8,0.588889,0.200000,0.183333,0.027778,0.000000,0.000000,0.000000,0.695035,0.241135,0.063830,0.000000,0.000000,0.000000,0.000000,21663,142,210,61
"6,4",36,79266,8,1,1082,2,36,525,585,0,8,8,0.666667,0.227778,0.105556,0.000000,0.000000,0.000000,0.000000,0.622857,0.314286,0.062857,0.000000,0.000000,0.000000,0.000000,24897,161,282,103
"6,5",34,79413,8,1,1082,1,52,537,556,0,8,8,0.610526,0.194737,0.184211,0.010526,0.000000,0.000000,0.000000,0.660131,0.274510,0.065359,0.000000,0.000000,0.000000,0.000000,23257,153,236,81
"6,6",33,79565,8,1,1081,1,36,530,595,0,8,8,0.692308,0.164835,0.137363,0.000000,0.005495,0.000000,0.000000,0.652941,0.294118,0.047059,0.000000,0.005882,0.000000,0.000000,23772,156,239,80
"6,7",33,79439,7,1,1082,2,22,282,504,0,8,8,0.827778,0.155556,0.016667,0.000000,0.000000,0.000000,0.000000,0.693467,0.241206,0.055276,0.005025,0.005025,0.000000,0.000000,27079,177,268,89
"6,8",43,79316,7,1,1082,2,29,372,702,0,4,8,0.745223,0.229299,0.025478,0.000000,0.000000,0.000000,0.000000,0.629630,0.327160,0.030864,0.006173,0.000000,0.006173,0.000000,23064,153,274,120
"6,9",36,79191,7,1,1081,2,26,305,405,0,8,9,0.800000,0.200000,0.000000,0.000000,0.000000,0.000000,0.000000,0.643192,0.276995,0.065728,0.014085,0.000000,0.000000,0.000000,27495,180,282,102
"6,10",0,79191,0,0,1011,4,99999,99999,99999,99999,99999,99999,0.000000,0.000000,0.000000,0.000000,0.000000,0.000000,0.000000,0.000000,0.000000,0.000000,0.000000,0.000000,0.000000,0.000000,0,0,0,0
"6,11",0,79191,0,0,1010,4,99999,99999,99999,99999,99999,99999,0.000000,0.000000,0.000000,0.000000,0.000000,0.000000,0.000000,0.000000,0.000000,0.000000,0.000000,0.000000,0.000000,0.000000,0,0,0,0
"6,12",0,79191,0,0,1009,4,99999,99999,99999,99999,99999,99999,0.000000,0.000000,0.000000,0.000000,0.000000,0.000000,0.000000,0.000000,0.000000,0.000000,0.000000,0.000000,0.000000,0.000000,0,0,0,0
"6,13",0,79191,0,0,1015,4,99999,99999,99999,99999,99999,99999,0.000000,0.000000,0.000000,0.000000,0.000000,0.000000,0.000000,0.000000,0.000000,0.000000,0.000000,0.000000,0.000000,0.000000,0,0,0,0
"6,14",0,79191,0,0,1014,4,99999,99999,99999,99999,99999,99999,0.000000,0.000000,0.000000,0.000000,0.000000,0.000000,0.000000,0.000000,0.000000,0.000000,0.000000,0.000000,0.000000,0.000000,0,0,0,0
"6,15",0,79191,0,0,1016,4,99999,99999,99999,99999,99999,99999,0.000000,0.000000,0.000000,0.000000,0.000000,0.000000,0.000000,0.000000,0.000000,0.000000,0.000000,0.000000,0.000000,0.000000,0,0,0,0
"6,16",0,79191,0,0,1013,4,99999,99999,99999,99999,99999,99999,0.000000,0.000000,0.000000,0.000000,0.000000,0.000000,0.000000,0.000000,0.000000,0.000000,0.000000,0.000000,0.000000,0.000000,0,0,0,0
"6,17",0,79191,0,0,1012,4,99999,99999,99999,99999,99999,99999,0.000000,0.000000,0.000000,0.000000,0.000000,0.000000,0.000000,0.000000,0.000000,0.000000,0.000000,0.000000,0.000000,0.000000,0,0,0,0
"6,18",0,79191,0,0,1013,4,99999,99999,99999,99999,99999,99999,0.000000,0.000000,0.000000,0.000000,0.000000,0.000000,0.000000,0.000000,0.000000,0.000000,0.000000,0.000000,0.000000,0.000000,0,0,0,0
"6,19",0,79191,0,0,1014,4,99999,99999,99999,99999,99999,99999,0.000000,0.000000,0.000000,0.000000,0.000000,0.000000,0.000000,0.000000,0.000000,0.000000,0.000000,0.000000,0.000000,0.000000,0,0,0,0
"6,20",0,79191,0,0,1013,4,99999,99999,99999,99999,99999,99999,0.000000,0.000000,0.000000,0.000000,0.000000,0.000000,0.000000,0.000000,0.000000,0.000000,0.000000,0.000000,0.000000,0.000000,0,0,0,0
"6,21",0,79191,0,0,1013,4,99999,99999,99999,99999,99999,99999,0.000000,0.000000,0.000000,0.000000,0.000000,0.000000,0.000000,0.000000,0.000000,0.000000,0.000000,0.000000,0.000000,0.000000,0,0,0,0
"6,22",0,79191,0,0,1011,4,99999,99999,99999,99999,99999,99999,0.000000,0.000000,0.000000,0.000000,0.000000,0.000000,0.000000,0.000000,0.000000,0.000000,0.000000,0.000000,0.000000,0.000000,0,0,0,0
"6,23",0,79191,0,0,1015,4,99999,99999,99999,99999,99999,99999,0.000000,0.000000,0.000000,0.000000,0.000000,0.000000,0.000000,0.000000,0.000000,0.000000,0.000000,0.000000,0.000000,0.000000,0,0,0,0
"6,24",0,79191,0,0,1011,4,99999,99999,99999,99999,99999,99999,0.000000,0.000000,0.000000,0.000000,0.000000,0.000000,0.000000,0.000000,0.000000,0.000000,0.000000,0.000000,0.000000,0.000000,0,0,0,0
"6,25",0,79191,0,0,1014,4,99999,99999,99999,99999,99999,99999,0.000000,0.000000,0.000000,0.000000,0.000000,0.000000,0.000000,0.000000,0.000000,0.000000,0.000000,0.000000,0.000000,0.000000,0,0,0,0
"6,26",0,79191,0,0,157,4,99999,99999,99999,99999,99999,99999,0.000000,0.000000,0.000000,0.000000,0.000000,0.000000,0.000000,0.000000,0.000000,0.000000,0.000000,0.000000,0.000000,0.000000,0,0,0,0
"7,-26",0,79191,0,0,654,4,99999,99999,99999,99999,99999,99999,0.000000,0.000000,0.000000,0.000000,0.000000,0.000000,0.000000,0.000000,0.000000,0.000000,0.000000,0.000000,0.000000,0.000000,0,0,0,0
"7,-25",0,79191,0,0,1012,4,99999,99999,99999,99999,99999,99999,0.000000,0.000000,0.000000,0.000000,0.000000,0.000000,0.000000,0.000000,0.000000,0.000000,0.000000,0.000000,0.000000,0.000000,0,0,0,0
"7,-24",0,79191,0,0,1014,4,99999,99999,99999,99999,99999,99999,0.000000,0.000000,0.000000,0.000000,0.000000,0.000000,0.000000,0.000000,0.000000,0.000000,0.000000,0.000000,0.000000,0.000000,0,0,0,0
"7,-23",0,79191,0,0,1014,4,99999,99999,99999,99999,99999,99999,0.000000,0.000000,0.000000,0.000000,0.000000,0.000000,0.000000,0.000000,0.000000,0.000000,0.000000,0.000000,0.000000,0.000000,0,0,0,0
"7,-22",0,79191,0,0,1015,4,99999,99999,99999,99999,99999,99999,0.000000,0.000000,0.000000,0.000000,0.000000,0.000000,0.000000,0.000000,0.000000,0.000000,0.000000,0.000000,0.000000,0.000000,0,0,0,0
"7,-21",0,79191,0,0,1014,4,99999,99999,99999,99999,99999,99999,0.000000,0.000000,0.000000,0.000000,0.000000,0.000000,0.000000,0.000000,0.000000,0.000000,0.000000,0.000000,0.000000,0.000000,0,0,0,0
"7,-20",0,79191,0,0,1012,4,99999,99999,99999,99999,99999,99999,0.000000,0.000000,0.000000,0.000000,0.000000,0.000000,0.000000,0.000000,0.000000,0.000000,0.000000,0.000000,0.000000,0.000000,0,0,0,0
"7,-19",0,79191,0,0,1014,4,99999,99999,99999,99999,99999,99999,0.000000,0.000000,0.000000,0.000000,0.000000,0.000000,0.000000,0.000000,0.000000,0.000000,0.000000,0.000000,0.000000,0.000000,0,0,0,0
"7,-18",0,79191,0,0,1012,4,99999,99999,99999,99999,99999,99999,0.000000,0.000000,0.000000,0.000000,0.000000,0.000000,0.000000,0.000000,0.000000,0.000000,0.000000,0.000000,0.000000,0.000000,0,0,0,0
"7,-17",0,79191,0,0,1013,4,99999,99999,99999,99999,99999,99999,0.000000,0.000000,0.000000,0.000000,0.000000,0.000000,0.000000,0.000000,0.000000,0.000000,0.000000,0.000000,0.000000,0.000000,0,0,0,0
"7,-16",0,79191,0,0,1011,4,99999,99999,99999,99999,99999,99999,0.000000,0.000000,0.000000,0.000000,0.000000,0.000000,0.000000,0.000000,0.000000,0.000000,0.000000,0.000000,0.000000,0.000000,0,0,0,0
"7,-15",0,79191,0,0,1013,4,99999,99999,99999,99999,99999,99999,0.000000,0.000000,0.000000,0.000000,0.000000,0.000000,0.000000,0.000000,0.000000,0.000000,0.000000,0.000000,0.000000,0.000000,0,0,0,0
"7,-14",0,79191,0,0,1013,4,99999,99999,99999,99999,99999,99999,0.000000,0.000000,0.000000,0.000000,0.000000,0.000000,0.000000,0.000000,0.000000,0.000000,0.000000,0.000000,0.000000,0.000000,0,0,0,0
"7,-13",0,79191,0,0,1012,4,99999,99999,99999,99999,99999,99999,0.000000,0.000000,0.000000,0.000000,0.000000,0.000000,0.000000,0.000000,0.000000,0.000000,0.000000,0.000000,0.000000,0.000000,0,0,0,0
"7,-12",0,79191,0,0,1009,4,99999,99999,99999,99999,99999,99999,0.000000,0.000000,0.000000,0.000000,0.000000,0.000000,0.000000,0.000000,0.000000,0.000000,0.000000,0.000000,0.000000,0.000000,0,0,0,0
"7,-11",45,79069,7,1,1080,2,80,551,804,0,8,9,0.533333,0.294444,0.166667,0.005556,0.000000,0.000000,0.000000,0.609272,0.304636,0.072848,0.013245,0.000000,0.000000,0.000000,22781,149,289,132
"7,-10",40,78957,7,1,1081,2,86,536,681,0,5,9,0.533333,0.277778,0.188889,0.000000,0.000000,0.000000,0.000000,0.642857,0.300000,0.042857,0.014286,0.000000,0.000000,0.000000,22702,146,264,106
"7,-9",38,78868,7,1,1081,1,121,836,1079,0,8,9,0.486188,0.220994,0.259669,0.033149,0.000000,0.000000,0.000000,0.595238,0.333333,0.055556,0.015873,0.000000,0.000000,0.000000,19304,128,216,84
"7,-8",47,79073,8,1,1081,2,45,363,496,0,8,8,0.700000,0.289474,0.010526,0.000000,0.000000,0.000000,0.000000,0.535354,0.393939,0.060606,0.000000,0.010101,0.000000,0.000000,28747,188,365,175
"7,-7",49,79248,8,1,1082,2,76,535,559,0,8,9,0.549738,0.267016,0.183246,0.000000,0.000000,0.000000,0.000000,0.570552,0.343558,0.067485,0.012270,0.006135,0.000000,0.000000,23732,156,329,162
"7,-6",33,79388,8,1,1080,1,52,515,690,0,8,9,0.604396,0.318681,0.076923,0.000000,0.000000,0.000000,0.000000,0.624204,0.292994,0.057325,0.012739,0.012739,0.000000,0.000000,25616,168,257,87
"7,-5",41,79709,9,1,1082,2,35,500,535,0,8,9,0.721053,0.226316,0.052632,0.000000,0.000000,0.000000,0.000000,0.600985,0.310345,0.059113,0.024631,0.004926,0.000000,0.000000,27659,181,312,131
"7,-4",34,79917,9,1,1080,1,212,546,825,0,4,8,0.424084,0.214660,0.350785,0.010471,0.000000,0.000000,0.000000,0.642202,0.311927,0.036697,0.009174,0.000000,0.000000,0.000000,18773,122,193,66
"7,-3",43,80122,9,1,1081,1,384,596,692,0,8,8,0.366197,0.183099,0.450704,0.000000,0.000000,0.000000,0.000000,0.593023,0.313953,0.081395,0.011628,0.000000,0.000000,0.000000,11966,78,172,74
"7,-2",38,80406,9,1,1081,1,52,922,1270,0,8,9,0.615385,0.225275,0.098901,0.049451,0.010989,0.000000,0.000000,0.615854,0.304878,0.060976,0.018293,0.000000,0.000000,0.000000,23317,153,268,102
"7,-1",41,80667,9,1,1081,1,33,612,849,0,8,9,0.700000,0.100000,0.194444,0.005556,0.000000,0.000000,0.000000,0.640449,0.258427,0.084270,0.016854,0.000000,0.000000,0.000000,21953,144,258,107
"7,0",43,80963,9,1,1080,2,35,635,952,0,5,9,0.709677,0.204301,0.064516,0.021505,0.000000,0.000000,0.000000,0.645161,0.295699,0.026882,0.026882,0.005376,0.000000,0.000000,25996,170,306,133
"7,1",38,81193,9,1,1081,1,70,541,862,0,5,13,0.550000,0.250000,0.188889,0.005556,0.005556,0.000000,0.000000,0.625850,0.312925,0.020408,0.020408,0.020408,0.000000,0.000000,22242,144,245,94
"7,2",39,81414,9,1,1082,1,185,588,1263,0,5,9,0.444444,0.233333,0.300000,0.011111,0.011111,0.000000,0.000000,0.616667,0.325000,0.041667,0.016667,0.000000,0.000000,0.000000,19003,123,233,92
"7,3",39,81638,9,1,1082,1,54,541,809,0,8,13,0.610526,0.210526,0.173684,0.005263,0.000000,0.000000,0.000000,0.639752,0.273292,0.062112,0.006211,0.018634,0.000000,0.000000,23873,156,268,105
"7,4",40,81838,9,1,1081,1,90,549,627,0,8,9,0.527778,0.166667,0.294444,0.000000,0.000000,0.011111,0.000000,0.610294,0.316176,0.058824,0.007353,0.007353,0.000000,0.000000,19289,125,217,87
"7,5",36,82073,9,1,1082,1,36,527,680,0,8,9,0.672222,0.216667,0.105556,0.005556,0.000000,0.000000,0.000000,0.640719,0.293413,0.041916,0.011976,0.011976,0.000000,0.000000,24454,160,258,94
"7,6",38,82153,8,1,1081,1,66,541,995,0,8,8,0.574586,0.276243,0.127072,0.022099,0.000000,0.000000,0.000000,0.566667,0.366667,0.060000,0.000000,0.006667,0.000000,0.000000,23576,154,260,101
"7,7",34,82207,8,1,1082,1,467,595,861,0,8,13,0.338889,0.177778,0.477778,0.005556,0.000000,0.000000,0.000000,0.566667,0.277778,0.133333,0.000000,0.022222,0.000000,0.000000,14219,93,176,60
"7,8",39,82290,8,1,1081,2,32,482,518,0,8,8,0.750000,0.200000,0.050000,0.000000,0.000000,0.000000,0.000000,0.606218,0.336788,0.051813,0.000000,0.005181,0.000000,0.000000,25980,171,289,114
"7,9",34,82217,7,1,1080,1,513,674,846,4,8,8,0.220430,0.161290,0.607527,0.010753,0.000000,0.000000,0.000000,0.492063,0.428571,0.063492,0.015873,0.000000,0.000000,0.000000,11100,71,152,53
"7,10",36,82096,7,1,1081,2,49,543,862,0,8,13,0.580645,0.252688,0.155914,0.010753,0.000000,0.000000,0.000000,0.670968,0.245161,0.058065,0.006452,0.012903,0.006452,0.000000,23733,155,268,99
"7,11",37,81966,7,1,1081,2,24,193,286,0,8,9,0.855556,0.144444,0.000000,0.000000,0.000000,0.000000,0.000000,0.632558,0.283721,0.069767,0.004651,0.009302,0.000000,0.000000,27495,180,290,110
"7,12",0,81966,0,0,1014,4,99999,99999,99999,99999,99999,99999,0.000000,0.000000,0.000000,0.000000,0.000000,0.000000,0.000000,0.000000,0.000000,0.000000,0.000000,0.000000,0.000000,0.000000,0,0,0,0
"7,13",0,81966,0,0,1016,4,99999,99999,99999,99999,99999,99999,0.000000,0.000000,0.000000,0.000000,0.000000,0.000000,0.000000,0.000000,0.000000,0.000000,0.000000,0.000000,0.000000,0.000000,0,0,0,0
"7,14",0,81966,0,0,1015,4,99999,99999,99999,99999,99999,99999,0.000000,0.000000,0.000000,0.000000,0.000000,0.000000,0.000000,0.000000,0.000000,0.000000,0.000000,0.000000,0.000000,0.000000,0,0,0,0
"7,15",0,81966,0,0,1012,4,99999,99999,99999,99999,99999,99999,0.000000,0.000000,0.000000,0.000000,0.000000,0.000000,0.000000,0.000000,0.000000,0.000000,0.000000,0.000000,0.000000,0.000000,0,0,0,0
"7,16",0,81966,0,0,1012,4,99999,99999,99999,99999,99999,99999,0.000000,0.000000,0.000000,0.000000,0.000000,0.000000,0.000000,0.000000,0.000000,0.000000,0.000000,0.000000,0.000000,0.000000,0,0,0,0
"7,17",0,81966,0,0,1011,4,99999,99999,99999,99999,99999,99999,0.000000,0.000000,0.000000,0.000000,0.000000,0.000000,0.000000,0.000000,0.000000,0.000000,0.000000,0.000000,0.000000,0.000000,0,0,0,0
"7,18",0,81966,0,0,1010,4,99999,99999,99999,99999,99999,99999,0.000000,0.000000,0.000000,0.000000,0.000000,0.000000,0.000000,0.000000,0.000000,0.000000,0.000000,0.000000,0.000000,0.000000,0,0,0,0
"7,19",0,81966,0,0,1015,4,99999,99999,99999,99999,99999,99999,0.000000,0.000000,0.000000,0.000000,0.000000,0.000000,0.000000,0.000000,0.000000,0.000000,0.000000,0.000000,0.000000,0.000000,0,0,0,0
"7,20",0,81966,0,0,1013,4,99999,99999,99999,99999,99999,99999,0.000000,0.000000,0.000000,0.000000,0.000000,0.000000,0.000000,0.000000,0.000000,0.000000,0.000000,0.000000,0.000000,0.000000,0,0,0,0
"7,21",0,81966,0,0,1012,4,99999,99999,99999,99999,99999,99999,0.000000,0.000000,0.000000,0.000000,0.000000,0.000000,0.000000,0.000000,0.000000,0.000000,0.000000,0.000000,0.000000,0.000000,0,0,0,0
"7,22",0,81966,0,0,1013,4,99999,99999,99999,99999,99999,99999,0.000000,0.000000,0.000000,0.000000,0.000000,0.000000,0.000000,0.000000,0.000000,0.000000,0.000000,0.000000,0.000000,0.000000,0,0,0,0
"7,23",0,81966,0,0,1015,4,99999,99999,99999,99999,99999,99999,0.000000,0.000000,0.000000,0.000000,0.000000,0.000000,0.000000,0.000000,0.000000,0.000000,0.000000,0.000000,0.000000,0.000000,0,0,0,0
"7,24",0,81966,0,0,1014,4,99999,99999,99999,99999,99999,99999,0.000000,0.000000,0.000000,0.000000,0.000000,0.000000,0.000000,0.000000,0.000000,0.000000,0.000000,0.000000,0.000000,0.000000,0,0,0,0
"7,25",0,81966,0,0,1012,4,99999,99999,99999,99999,99999,99999,0.000000,0.000000,0.000000,0.000000,0.000000,0.000000,0.000000,0.000000,0.000000,0.000000,0.000000,0.000000,0.000000,0.000000,0,0,0,0
"7,26",0,81966,0,0,1014,4,99999,99999,99999,99999,99999,99999,0.000000,0.000000,0.000000,0.000000,0.000000,0.000000,0.000000,0.000000,0.000000,0.000000,0.000000,0.000000,0.000000,0.000000,0,0,0,0
"8,-26",0,81966,0,0,1015,4,99999,99999,99999,99999,99999,99999,0.000000,0.000000,0.000000,0.000000,0.000000,0.000000,0.000000,0.000000,0.000000,0.000000,0.000000,0.000000,0.000000,0.000000,0,0,0,0
"8,-25",0,81966,0,0,1015,4,99999,99999,99999,99999,99999,99999,0.000000,0.000000,0.000000,0.000000,0.000000,0.000000,0.000000,0.000000,0.000000,0.000000,0.000000,0.000000,0.000000,0.000000,0,0,0,0
"8,-24",0,81966,0,0,1011,4,99999,99999,99999,99999,99999,99999,0.000000,0.000000,0.000000,0.000000,0.000000,0.000000,0.000000,0.000000,0.000000,0.000000,0.000000,0.000000,0.000000,0.000000,0,0,0,0
"8,-23",0,81966,0,0,1012,4,99999,99999,99999,99999,99999,99999,0.000000,0.000000,0.000000,0.000000,0.000000,0.000000,0.000000,0.000000,0.000000,0.000000,0.000000,0.000000,0.000000,0.000000,0,0,0,0
"8,-22",0,81966,0,0,1015,4,99999,99999,99999,99999,99999,99999,0.000000,0.000000,0.000000,0.000000,0.000000,0.000000,0.000000,0.000000,0.000000,0.000000,0.000000,0.000000,0.000000,0.000000,0,0,0,0
"8,-21",0,81966,0,0,1011,4,99999,99999,99999,99999,99999,99999,0.000000,0.000000,0.000000,0.000000,0.000000,0.000000,0.000000,0.000000,0.000000,0.000000,0.000000,0.000000,0.000000,0.000000,0,0,0,0
"8,-20",0,81966,0,0,1012,4,99999,99999,99999,99999,99999,99999,0.000000,0.000000,0.000000,0.000000,0.000000,0.000000,0.000000,0.000000,0.000000,0.000000,0.000000,0.000000,0.000000,0.000000,0,0,0,0
"8,-19",0,81966,0,0,1012,4,99999,99999,99999,99999,99999,99999,0.000000,0.000000,0.000000,0.000000,0.000000,0.000000,0.000000,0.000000,0.000000,0.000000,0.000000,0.000000,0.000000,0.000000,0,0,0,0
"8,-18",0,81966,0,0,1013,4,99999,99999,99999,99999,99999,99999,0.000000,0.000000,0.000000,0.000000,0.000000,0.000000,0.000000,0.000000,0.000000,0.000000,0.000000,0.000000,0.000000,0.000000,0,0,0,0
"8,-17",0,81966,0,0,1012,4,99999,99999,99999,99999,99999,99999,0.000000,0.000000,0.000000,0.000000,0.000000,0.000000,0.000000,0.000000,0.000000,0.000000,0.000000,0.000000,0.000000,0.000000,0,0,0,0
"8,-16",0,81966,0,0,1013,4,99999,99999,99999,99999,99999,99999,0.000000,0.000000,0.000000,0.000000,0.000000,0.000000,0.000000,0.000000,0.000000,0.000000,0.000000,0.000000,0.000000,0.000000,0,0,0,0
"8,-15",0,81966,0,0,1013,4,99999,99999,99999,99999,99999,99999,0.000000,0.000000,0.000000,0.000000,0.000000,0.000000,0.000000,0.000000,0.000000,0.000000,0.000000,0.000000,0.000000,0.000000,0,0,0,0
"8,-14",0,81966,0,0,1014,4,99999,99999,99999,99999,99999,99999,0.000000,0.000000,0.000000,0.000000,0.000000,0.000000,0.000000,0.000000,0.000000,0.000000,0.000000,0.000000,0.000000,0.000000,0,0,0,0
"8,-13",0,81966,0,0,1012,4,99999,99999,99999,99999,99999,99999,0.000000,0.000000,0.000000,0.000000,0.000000,0.000000,0.000000,0.000000,0.000000,0.000000,0.000000,0.000000,0.000000,0.000000,0,0,0,0
"8,-12",37,81866,7,1,1081,1,82,532,570,0,4,8,0.527778,0.211111,0.261111,0.000000,0.000000,0.000000,0.000000,0.637681,0.318841,0.036232,0.007246,0.000000,0.000000,0.000000,20339,133,223,83
"8,-11",31,81784,7,1,1080,1,101,541,782,0,4,8,0.500000,0.166667,0.327778,0.000000,0.005556,0.000000,0.000000,0.661157,0.297521,0.033058,0.000000,0.008264,0.000000,0.000000,18284,120,180,56
"8,-10",38,81673,7,1,1079,2,56,736,980,0,8,13,0.588889,0.222222,0.166667,0.022222,0.000000,0.000000,0.000000,0.653061,0.278912,0.047619,0.006803,0.013605,0.000000,0.000000,22199,146,264,101
"8,-9",39,81742,8,1,1081,1,65,537,553,0,8,8,0.566667,0.227778,0.194444,0.011111,0.000000,0.000000,0.000000,0.635135,0.290541,0.067568,0.006757,0.000000,0.000000,0.000000,21751,143,240,94
"8,-8",37,81808,8,1,1082,1,137,564,747,0,8,8,0.472222,0.211111,0.316667,0.000000,0.000000,0.000000,0.000000,0.661290,0.282258,0.048387,0.000000,0.008065,0.000000,0.000000,18916,123,231,87
"8,-7",36,81951,9,1,1081,1,73,554,939,0,5,8,0.531792,0.132948,0.312139,0.023121,0.000000,0.000000,0.000000,0.641221,0.305344,0.045802,0.000000,0.000000,0.007634,0.000000,17475,115,190,69
"8,-6",40,82132,9,1,1080,1,53,541,725,0,8,9,0.626374,0.197802,0.175824,0.000000,0.000000,0.000000,0.000000,0.612500,0.312500,0.037500,0.025000,0.012500,0.000000,0.000000,22696,150,279,114
"8,-5",44,82340,9,1,1081,2,37,516,545,0,8,13,0.716667,0.216667,0.066667,0.000000,0.000000,0.000000,0.000000,0.606383,0.308511,0.047872,0.010638,0.021277,0.005319,0.000000,25646,168,311,138
"8,-4",40,82534,9,1,1080,1,63,547,1055,0,8,13,0.558011,0.292818,0.127072,0.022099,0.000000,0.000000,0.000000,0.602649,0.324503,0.039735,0.019868,0.013245,0.000000,0.000000,23490,154,276,113
"8,-3",40,82720,9,1,1080,2,29,515,541,0,8,9,0.694444,0.216667,0.088889,0.000000,0.000000,0.000000,0.000000,0.659091,0.244318,0.079545,0.011364,0.005682,0.000000,0.000000,24873,164,282,115
"8,-2",36,82874,9,1,1082,1,97,762,1035,0,8,13,0.505556,0.194444,0.272222,0.027778,0.000000,0.000000,0.000000,0.611940,0.238806,0.111940,0.022388,0.014925,0.000000,0.000000,19160,126,228,83
"8,-1",38,83018,9,1,1081,1,86,720,850,0,8,10,0.534392,0.164021,0.291005,0.010582,0.000000,0.000000,0.000000,0.604167,0.263889,0.111111,0.013889,0.006944,0.000000,0.000000,20062,132,237,92
"8,0",38,83178,9,1,1081,1,38,515,555,0,5,8,0.662983,0.209945,0.116022,0.011050,0.000000,0.000000,0.000000,0.648148,0.290123,0.049383,0.006173,0.006173,0.000000,0.000000,24059,158,261,101
"8,1",39,83329,9,1,1082,1,52,531,550,0,8,8,0.583333,0.233333,0.183333,0.000000,0.000000,0.000000,0.000000,0.627451,0.254902,0.104575,0.013072,0.000000,0.000000,0.000000,22597,147,246,96
"8,2",42,83506,9,1,1081,2,33,505,702,0,8,8,0.722222,0.211111,0.066667,0.000000,0.000000,0.000000,0.000000,0.605128,0.297436,0.087179,0.005128,0.005128,0.000000,0.000000,25793,168,305,131
"8,3",37,83651,9,1,1081,1,58,785,1036,0,5,10,0.583333,0.166667,0.218750,0.031250,0.000000,0.000000,0.000000,0.630573,0.299363,0.050955,0.006369,0.012739,0.000000,0.000000,21820,144,261,98
"8,4",44,83834,9,1,1079,2,75,539,604,0,5,9,0.574586,0.265193,0.160221,0.000000,0.000000,0.000000,0.000000,0.554878,0.378049,0.048780,0.018293,0.000000,0.000000,0.000000,23253,152,319,141
"8,5",32,83981,9,1,1081,2,22,386,530,0,4,8,0.850000,0.111111,0.038889,0.000000,0.000000,0.000000,0.000000,0.671642,0.288557,0.029851,0.009950,0.000000,0.000000,0.000000,26410,173,258,83
"8,6",37,84110,9,1,1081,1,85,548,924,0,8,13,0.511111,0.205556,0.266667,0.005556,0.011111,0.000000,0.000000,0.647059,0.264706,0.066176,0.000000,0.022059,0.000000,0.000000,19758,129,232,86
"8,7",37,84240,9,1,1081,1,216,954,1313,0,8,9,0.418478,0.260870,0.260870,0.043478,0.016304,0.000000,0.000000,0.657407,0.250000,0.064815,0.018519,0.009259,0.000000,0.000000,19017,125,245,92
"8,8",36,84277,8,1,1080,1,48,536,814,0,8,8,0.596685,0.232044,0.171271,0.000000,0.000000,0.000000,0.000000,0.646667,0.286667,0.060000,0.000000,0.006667,0.000000,0.000000,22916,150,263,95
"8,9",43,84316,8,1,1081,1,95,539,623,0,8,9,0.515789,0.305263,0.178947,0.000000,0.000000,0.000000,0.000000,0.587838,0.351351,0.047297,0.006757,0.006757,0.000000,0.000000,23766,156,281,122
"8,10",37,84202,7,1,1081,2,43,541,645,0,8,9,0.612022,0.251366,0.125683,0.005464,0.005464,0.000000,0.000000,0.662500,0.268750,0.050000,0.012500,0.006250,0.000000,0.000000,24308,158,261,97
"8,11",53,84084,7,1,1081,1,205,544,566,0,8,13,0.395604,0.285714,0.307692,0.010989,0.000000,0.000000,0.000000,0.529915,0.384615,0.059829,0.008547,0.017094,0.000000,0.000000,19120,124,280,150
"8,12",46,83962,7,1,1081,2,43,1071,1389,0,8,8,0.633333,0.188889,0.111111,0.044444,0.022222,0.000000,0.000000,0.588889,0.322222,0.077778,0.005556,0.005556,0.000000,0.000000,22626,148,295,136
"8,13",0,83962,0,0,1014,4,99999,99999,99999,99999,99999,99999,0.000000,0.000000,0.000000,0.000000,0.000000,0.000000,0.000000,0.000000,0.000000,0.000000,0.000000,0.000000,0.000000,0.000000,0,0,0,0
"8,14",0,83962,0,0,1012,4,99999,99999,99999,99999,99999,99999,0.000000,0.000000,0.000000,0.000000,0.000000,0.000000,0.000000,0.000000,0.000000,0.000000,0.000000,0.000000,0.000000,0.000000,0,0,0,0
"8,15",0,83962,0,0,1012,4,99999,99999,99999,99999,99999,99999,0.000000,0.000000,0.000000,0.000000,0.000000,0.000000,0.000000,0.000000,0.000000,0.000000,0.000000,0.000000,0.000000,0.000000,0,0,0,0
"8,16",0,83962,0,0,1013,4,99999,99999,99999,99999,99999,99999,0.000000,0.000000,0.000000,0.000000,0.000000,0.000000,0.000000,0.000000,0.000000,0.000000,0.000000,0.000000,0.000000,0.000000,0,0,0,0
"8,17",0,83962,0,0,1014,4,99999,99999,99999,99999,99999,99999,0.000000,0.000000,0.000000,0.000000,0.000000,0.000000,0.000000,0.000000,0.000000,0.000000,0.000000,0.000000,0.000000,0.000000,0,0,0,0
"8,18",0,83962,0,0,1015,4,99999,99999,99999,99999,99999,99999,0.000000,0.000000,0.000000,0.000000,0.000000,0.000000,0.000000,0.000000,0.000000,0.000000,0.000000,0.000000,0.000000,0.000000,0,0,0,0
"8,19",0,83962,0,0,1014,4,99999,99999,99999,99999,99999,99999,0.000000,0.000000,0.000000,0.000000,0.000000,0.000000,0.000000,0.000000,0.000000,0.000000,0.000000,0.000000,0.000000,0.000000,0,0,0,0
"8,20",0,83962,0,0,1008,4,99999,99999,99999,99999,99999,99999,0.000000,0.000000,0.000000,0.000000,0.000000,0.000000,0.000000,0.000000,0.000000,0.000000,0.000000,0.000000,0.000000,0.000000,0,0,0,0
"8,21",0,83962,0,0,1011,4,99999,99999,99999,99999,99999,99999,0.000000,0.000000,0.000000,0.000000,0.000000,0.000000,0.000000,0.000000,0.000000,0.000000,0.000000,0.000000,0.000000,0.000000,0,0,0,0
"8,22",0,83962,0,0,1016,4,99999,99999,99999,99999,99999,99999,0.000000,0.000000,0.000000,0.000000,0.000000,0.000000,0.000000,0.000000,0.000000,0.000000,0.000000,0.000000,0.000000,0.000000,0,0,0,0
"8,23",0,83962,0,0,1009,4,99999,99999,99999,99999,99999,99999,0.000000,0.000000,0.000000,0.000000,0.000000,0.000000,0.000000,0.000000,0.000000,0.000000,0.000000,0.000000,0.000000,0.000000,0,0,0,0
"8,24",0,83962,0,0,1016,4,99999,99999,99999,99999,99999,99999,0.000000,0.000000,0.000000,0.000000,0.000000,0.000000,0.000000,0.000000,0.000000,0.000000,0.000000,0.000000,0.000000,0.000000,0,0,0,0
"8,25",0,83962,0,0,1015,4,99999,99999,99999,99999,99999,99999,0.000000,0.000000,0.000000,0.000000,0.000000,0.000000,0.000000,0.000000,0.000000,0.000000,0.000000,0.000000,0.000000,0.000000,0,0,0,0
"8,26",0,83962,0,0,1011,4,99999,99999,99999,99999,99999,99999,0.000000,0.000000,0.000000,0.000000,0.000000,0.000000,0.000000,0.000000,0.000000,0.000000,0.000000,0.000000,0.000000,0.000000,0,0,0,0
"9,-26",0,83962,0,0,1014,4,99999,99999,99999,99999,99999,99999,0.000000,0.000000,0.000000,0.000000,0.000000,0.000000,0.000000,0.000000,0.000000,0.000000,0.000000,0.000000,0.000000,0.000000,0,0,0,0
"9,-25",0,83962,0,0,1009,4,99999,99999,99999,99999,99999,99999,0.000000,0.000000,0.000000,0.000000,0.000000,0.000000,0.000000,0.000000,0.000000,0.000000,0.000000,0.000000,0.000000,0.000000,0,0,0,0
"9,-24",0,83962,0,0,1012,4,99999,99999,99999,99999,99999,99999,0.000000,0.000000,0.000000,0.000000,0.000000,0.000000,0.000000,0.000000,0.000000,0.000000,0.000000,0.000000,0.000000,0.000000,0,0,0,0
"9,-23",0,83962,0,0,1012,4,99999,99999,99999,99999,99999,99999,0.000000,0.000000,0.000000,0.000000,0.000000,0.000000,0.000000,0.000000,0.000000,0.000000,0.000000,0.000000,0.000000,0.000000,0,0,0,0
"9,-22",0,83962,0,0,1014,4,99999,99999,99999,99999,99999,99999,0.000000,0.000000,0.000000,0.000000,0.000000,0.000000,0.000000,0.000000,0.000000,0.000000,0.000000,0.000000,0.000000,0.000000,0,0,0,0
"9,-21",0,83962,0,0,1010,4,99999,99999,99999,99999,99999,99999,0.000000,0.000000,0.000000,0.000000,0.000000,0.000000,0.000000,0.000000,0.000000,0.000000,0.000000,0.000000,0.000000,0.000000,0,0,0,0
"9,-20",0,83962,0,0,1013,4,99999,99999,99999,99999,99999,99999,0.000000,0.000000,0.000000,0.000000,0.000000,0.000000,0.000000,0.000000,0.000000,0.000000,0.000000,0.000000,0.000000,0.000000,0,0,0,0
"9,-19",0,83962,0,0,1015,4,99999,99999,99999,99999,99999,99999,0.000000,0.000000,0.000000,0.000000,0.000000,0.000000,0.000000,0.000000,0.000000,0.000000,0.000000,0.000000,0.000000,0.000000,0,0,0,0
"9,-18",0,83962,0,0,1011,4,99999,99999,99999,99999,99999,99999,0.000000,0.000000,0.000000,0.000000,0.000000,0.000000,0.000000,0.000000,0.000000,0.000000,0.000000,0.000000,0.000000,0.000000,0,0,0,0
"9,-17",0,83962,0,0,1014,4,99999,99999,99999,99999,99999,99999,0.000000,0.000000,0.000000,0.000000,0.000000,0.000000,0.000000,0.000000,0.000000,0.000000,0.000000,0.000000,0.000000,0.000000,0,0,0,0
"9,-16",0,83962,0,0,1012,4,99999,99999,99999,99999,99999,99999,0.000000,0.000000,0.000000,0.000000,0.000000,0.000000,0.000000,0.000000,0.000000,0.000000,0.000000,0.000000,0.000000,0.000000,0,0,0,0
"9,-15",0,83962,0,0,1016,4,99999,99999,99999,99999,99999,99999,0.000000,0.000000,0.000000,0.000000,0.000000,0.000000,0.000000,0.000000,0.000000,0.000000,0.000000,0.000000,0.000000,0.000000,0,0,0,0
"9,-14",0,83962,0,0,1013,4,99999,99999,99999,99999,99999,99999,0.000000,0.000000,0.000000,0.000000,0.000000,0.000000,0.000000,0.000000,0.000000,0.000000,0.000000,0.000000,0.000000,0.000000,0,0,0,0
"9,-13",41,83852,7,1,1081,1,117,540,625,0,8,13,0.464865,0.302703,0.232432,0.000000,0.000000,0.000000,0.000000,0.578125,0.351562,0.046875,0.007812,0.015625,0.000000,0.000000,21598,142,268,110
"9,-12",42,83739,7,1,1082,2,58,531,549,0,8,8,0.608696,0.277174,0.114130,0.000000,0.000000,0.000000,0.000000,0.548023,0.389831,0.062147,0.000000,0.000000,0.000000,0.000000,24910,163,289,123
"9,-11",35,83629,7,1,1081,2,21,393,533,0,8,8,0.811111,0.161111,0.027778,0.000000,0.000000,0.000000,0.000000,0.683938,0.243523,0.062176,0.000000,0.005181,0.005181,0.000000,26695,175,277,98
"9,-10",34,83659,8,1,1080,1,71,553,651,0,4,9,0.533333,0.127778,0.338889,0.000000,0.000000,0.000000,0.000000,0.629371,0.321678,0.034965,0.006993,0.006993,0.000000,0.000000,18504,119,201,69
"9,-9",46,83692,8,1,1081,1,322,553,911,0,8,8,0.383333,0.172222,0.427778,0.016667,0.000000,0.000000,0.000000,0.642857,0.285714,0.061224,0.010204,0.000000,0.000000,0.000000,15421,100,224,104
"9,-8",44,83848,9,1,1081,2,22,210,260,0,8,9,0.828729,0.171271,0.000000,0.000000,0.000000,0.000000,0.000000,0.638498,0.291080,0.056338,0.004695,0.009390,0.000000,0.000000,27659,181,323,143
"9,-7",33,83979,9,1,1081,1,25,429,741,0,8,9,0.783333,0.172222,0.044444,0.000000,0.000000,0.000000,0.000000,0.636364,0.283422,0.064171,0.016043,0.000000,0.000000,0.000000,26320,172,263,88
"9,-6",37,84087,9,1,1081,1,38,719,912,0,8,9,0.642458,0.111732,0.229050,0.016760,0.000000,0.000000,0.000000,0.668790,0.254777,0.057325,0.012739,0.006369,0.000000,0.000000,20764,135,222,83
"9,-5",36,84210,9,1,1081,2,25,515,530,0,8,13,0.754098,0.169399,0.076503,0.000000,0.000000,0.000000,0.000000,0.663158,0.257895,0.047368,0.015789,0.015789,0.000000,0.000000,25644,169,266,98
"9,-4",23,84299,9,1,1082,1,86,712,962,0,8,9,0.513812,0.165746,0.298343,0.011050,0.000000,0.011050,0.000000,0.685484,0.241935,0.056452,0.008065,0.008065,0.000000,0.000000,18641,123,184,44
"9,-3",39,84401,9,1,1081,1,125,546,559,0,8,9,0.478947,0.221053,0.289474,0.010526,0.000000,0.000000,0.000000,0.661290,0.258065,0.056452,0.016129,0.008065,0.000000,0.000000,20214,133,230,91
"9,-2",35,84523,9,1,1081,2,25,446,527,0,8,9,0.795580,0.165746,0.038674,0.000000,0.000000,0.000000,0.000000,0.640000,0.275000,0.070000,0.010000,0.005000,0.000000,0.000000,26748,174,274,96
"9,-1",35,84639,9,1,1080,1,27,524,553,0,5,9,0.722222,0.161111,0.116667,0.000000,0.000000,0.000000,0.000000,0.702857,0.240000,0.040000,0.017143,0.000000,0.000000,0.000000,24195,159,264,93
"9,0",38,84744,9,1,1081,1,75,541,562,0,8,9,0.518919,0.194595,0.286486,0.000000,0.000000,0.000000,0.000000,0.617647,0.294118,0.066176,0.022059,0.000000,0.000000,0.000000,19958,132,244,93
"9,1",35,84862,9,1,1081,2,26,313,428,0,8,9,0.827778,0.166667,0.005556,0.000000,0.000000,0.000000,0.000000,0.666667,0.253731,0.064677,0.009950,0.004975,0.000000,0.000000,27327,179,281,101
"9,2",38,84986,9,1,1081,2,22,334,510,0,4,13,0.788889,0.183333,0.027778,0.000000,0.000000,0.000000,0.000000,0.673367,0.276382,0.035176,0.000000,0.015075,0.000000,0.000000,26776,175,293,113
"9,3",34,85094,9,1,1081,1,62,558,839,0,8,10,0.576923,0.274725,0.142857,0.005495,0.000000,0.000000,0.000000,0.646259,0.278912,0.047619,0.020408,0.006803,0.000000,0.000000,23726,155,257,89
"9,4",49,85211,9,1,1080,1,85,631,883,0,8,9,0.543956,0.219780,0.225275,0.010989,0.000000,0.000000,0.000000,0.570513,0.339744,0.070513,0.012821,0.006410,0.000000,0.000000,21246,139,296,147
"9,5",41,85332,9,1,1080,2,41,398,510,0,5,8,0.694444,0.277778,0.027778,0.000000,0.000000,0.000000,0.000000,0.619565,0.304348,0.070652,0.005435,0.000000,0.000000,0.000000,26539,175,302,124
"9,6",42,85446,9,1,1080,2,38,525,692,0,8,10,0.643979,0.230366,0.125654,0.000000,0.000000,0.000000,0.000000,0.640449,0.258427,0.078652,0.011236,0.011236,0.000000,0.000000,25802,167,310,132
"9,7",35,85545,9,1,1081,1,42,522,586,0,8,8,0.605556,0.255556,0.138889,0.000000,0.000000,0.000000,0.000000,0.651316,0.276316,0.065789,0.000000,0.006579,0.000000,0.000000,23503,155,267,95
"9,8",40,85646,9,1,1081,1,60,530,567,0,8,13,0.583333,0.277778,0.138889,0.000000,0.000000,0.000000,0.000000,0.568627,0.320261,0.078431,0.013072,0.019608,0.000000,0.000000,23855,155,267,108
"9,9",39,85657,8,1,1081,1,501,569,830,4,8,13,0.229167,0.260417,0.505208,0.005208,0.000000,0.000000,0.000000,0.492308,0.384615,0.092308,0.000000,0.030769,0.000000,0.000000,14626,94,166,65
"9,10",42,85675,8,1,1081,2,56,553,801,0,8,8,0.585635,0.243094,0.160221,0.011050,0.000000,0.000000,0.000000,0.573964,0.360947,0.065089,0.000000,0.000000,0.000000,0.000000,22977,150,289,123
"9,11",42,85575,7,1,1082,1,154,571,1022,0,8,8,0.446927,0.184358,0.351955,0.016760,0.000000,0.000000,0.000000,0.560976,0.341463,0.089431,0.000000,0.000000,0.008130,0.000000,17475,113,236,100
"9,12",33,85483,7,1,1081,2,33,530,541,0,8,8,0.701087,0.173913,0.125000,0.000000,0.000000,0.000000,0.000000,0.649425,0.218391,0.120690,0.005747,0.005747,0.000000,0.000000,24538,161,245,81
"9,13",38,85377,7,1,1081,2,30,356,509,0,8,8,0.783333,0.194444,0.022222,0.000000,0.000000,0.000000,0.000000,0.630000,0.290000,0.070000,0.005000,0.005000,0.000000,0.000000,26868,176,292,112
"9,14",0,85377,0,0,1013,4,99999,99999,99999,99999,99999,99999,0.000000,0.000000,0.000000,0.000000,0.000000,0.000000,0.000000,0.000000,0.000000,0.000000,0.000000,0.000000,0.000000,0.000000,0,0,0,0
"9,15",0,85377,0,0,1012,4,99999,99999,99999,99999,99999,99999,0.000000,0.000000,0.000000,0.000000,0.000000,0.000000,0.000000,0.000000,0.000000,0.000000,0.000000,0.000000,0.000000,0.000000,0,0,0,0
"9,16",0,85377,0,0,1012,4,99999,99999,99999,99999,99999,99999,0.000000,0.000000,0.000000,0.000000,0.000000,0.000000,0.000000,0.000000,0.000000,0.000000,0.000000,0.000000,0.000000,0.000000,0,0,0,0
"9,17",0,85377,0,0,1017,4,99999,99999,99999,99999,99999,99999,0.000000,0.000000,0.000000,0.000000,0.000000,0.000000,0.000000,0.000000,0.000000,0.000000,0.000000,0.000000,0.000000,0.000000,0,0,0,0
"9,18",0,85377,0,0,1012,4,99999,99999,99999,99999,99999,99999,0.000000,0.000000,0.000000,0.000000,0.000000,0.000000,0.000000,0.000000,0.000000,0.000000,0.000000,0.000000,0.000000,0.000000,0,0,0,0
"9,19",0,85377,0,0,1012,4,99999,99999,99999,99999,99999,99999,0.000000,0.000000,0.000000,0.000000,0.000000,0.000000,0.000000,0.000000,0.000000,0.000000,0.000000,0.000000,0.000000,0.000000,0,0,0,0
"9,20",0,85377,0,0,1014,4,99999,99999,99999,99999,99999,99999,0.000000,0.000000,0.000000,0.000000,0.000000,0.000000,0.000000,0.000000,0.000000,0.000000,0.000000,0.000000,0.000000,0.000000,0,0,0,0
"9,21",0,85377,0,0,1013,4,99999,99999,99999,99999,99999,99999,0.000000,0.000000,0.000000,0.000000,0.000000,0.000000,0.000000,0.000000,0.000000,0.000000,0.000000,0.000000,0.000000,0.000000,0,0,0,0
"9,22",0,85377,0,0,1011,4,99999,99999,99999,99999,99999,99999,0.000000,0.000000,0.000000,0.000000,0.000000,0.000000,0.000000,0.000000,0.000000,0.000000,0.000000,0.000000,0.000000,0.000000,0,0,0,0
"9,23",0,85377,0,0,1016,4,99999,99999,99999,99999,99999,99999,0.000000,0.000000,0.000000,0.000000,0.000000,0.000000,0.000000,0.000000,0.000000,0.000000,0.000000,0.000000,0.000000,0.000000,0,0,0,0
"9,24",0,85377,0,0,1013,4,99999,99999,99999,99999,99999,99999,0.000000,0.000000,0.000000,0.000000,0.000000,0.000000,0.000000,0.000000,0.000000,0.000000,0.000000,0.000000,0.000000,0.000000,0,0,0,0
"9,25",0,85377,0,0,1013,4,99999,99999,99999,99999,99999,99999,0.000000,0.000000,0.000000,0.000000,0.000000,0.000000,0.000000,0.000000,0.000000,0.000000,0.000000,0.000000,0.000000,0.000000,0,0,0,0
"9,26",0,85377,0,0,1011,4,99999,99999,99999,99999,99999,99999,0.000000,0.000000,0.000000,0.000000,0.000000,0.000000,0.000000,0.000000,0.000000,0.000000,0.000000,0.000000,0.000000,0.000000,0,0,0,0
"10,-26",0,85377,0,0,1012,4,99999,99999,99999,99999,99999,99999,0.000000,0.000000,0.000000,0.000000,0.000000,0.000000,0.000000,0.000000,0.000000,0.000000,0.000000,0.000000,0.000000,0.000000,0,0,0,0
"10,-25",0,85377,0,0,1015,4,99999,99999,99999,99999,99999,99999,0.000000,0.000000,0.000000,0.000000,0.000000,0.000000,0.000000,0.000000,0.000000,0.000000,0.000000,0.000000,0.000000,0.000000,0,0,0,0
"10,-24",0,85377,0,0,1014,4,99999,99999,99999,99999,99999,99999,0.000000,0.000000,0.000000,0.000000,0.000000,0.000000,0.000000,0.000000,0.000000,0.000000,0.000000,0.000000,0.000000,0.000000,0,0,0,0
"10,-23",0,85377,0,0,1014,4,99999,99999,99999,99999,99999,99999,0.000000,0.000000,0.000000,0.000000,0.000000,0.000000,0.000000,0.000000,0.000000,0.000000,0.000000,0.000000,0.000000,0.000000,0,0,0,0
"10,-22",0,85377,0,0,1012,4,99999,99999,99999,99999,99999,99999,0.000000,0.000000,0.000000,0.000000,0.000000,0.000000,0.000000,0.000000,0.000000,0.000000,0.000000,0.000000,0.000000,0.000000,0,0,0,0
"10,-21",0,85377,0,0,1014,4,99999,99999,99999,99999,99999,99999,0.000000,0.000000,0.000000,0.000000,0.000000,0.000000,0.000000,0.000000,0.000000,0.000000,0.000000,0.000000,0.000000,0.000000,0,0,0,0
"10,-20",0,85377,0,0,1013,4,99999,99999,99999,99999,99999,99999,0.000000,0.000000,0.000000,0.000000,0.000000,0.000000,0.000000,0.000000,0.000000,0.000000,0.000000,0.000000,0.000000,0.000000,0,0,0,0
"10,-19",0,85377,0,0,1016,4,99999,99999,99999,99999,99999,99999,0.000000,0.000000,0.000000,0.000000,0.000000,0.000000,0.000000,0.000000,0.000000,0.000000,0.000000,0.000000,0.000000,0.000000,0,0,0,0
"10,-18",0,85377,0,0,1012,4,99999,99999,99999,99999,99999,99999,0.000000,0.000000,0.000000,0.000000,0.000000,0.000000,0.000000,0.000000,0.000000,0.000000,0.000000,0.000000,0.000000,0.000000,0,0,0,0
"10,-17",0,85377,0,0,1012,4,99999,99999,99999,99999,99999,99999,0.000000,0.000000,0.000000,0.000000,0.000000,0.000000,0.000000,0.000000,0.000000,0.000000,0.000000,0.000000,0.000000,0.000000,0,0,0,0
"10,-16",0,85377,0,0,1014,4,99999,99999,99999,99999,99999,99999,0.000000,0.000000,0.000000,0.000000,0.000000,0.000000,0.000000,0.000000,0.000000,0.000000,0.000000,0.000000,0.000000,0.000000,0,0,0,0
"10,-15",0,85377,0,0,1014,4,99999,99999,99999,99999,99999,99999,0.000000,0.000000,0.000000,0.000000,0.000000,0.000000,0.000000,0.000000,0.000000,0.000000,0.000000,0.000000,0.000000,0.000000,0,0,0,0
"10,-14",0,85377,0,0,1014,4,99999,99999,99999,99999,99999,99999,0.000000,0.000000,0.000000,0.000000,0.000000,0.000000,0.000000,0.000000,0.000000,0.000000,0.000000,0.000000,0.000000,0.000000,0,0,0,0
"10,-13",35,85306,7,1,1082,1,321,942,1243,0,5,8,0.422222,0.133333,0.383333,0.055556,0.005556,0.000000,0.000000,0.672897,0.271028,0.046729,0.000000,0.009346,0.000000,0.000000,15203,100,184,66
"10,-12",49,85212,7,1,1080,1,321,680,1455,0,8,8,0.350000,0.244444,0.355556,0.005556,0.044444,0.000000,0.000000,0.603960,0.287129,0.099010,0.000000,0.009901,0.000000,0.000000,16654,107,257,127
"10,-11",35,85232,8,1,1081,2,44,505,550,0,4,8,0.619565,0.298913,0.081522,0.000000,0.000000,0.000000,0.000000,0.656051,0.292994,0.044586,0.000000,0.006369,0.000000,0.000000,25818,169,274,97
"10,-10",47,85286,8,1,1081,1,205,626,1043,0,5,13,0.392265,0.276243,0.303867,0.022099,0.005525,0.000000,0.000000,0.533898,0.389831,0.042373,0.016949,0.008475,0.008475,0.000000,18307,121,270,128
"10,-9",34,85378,9,1,1081,1,47,538,754,0,8,9,0.644809,0.245902,0.109290,0.000000,0.000000,0.000000,0.000000,0.612121,0.309091,0.060606,0.012121,0.006061,0.000000,0.000000,24753,163,257,88
"10,-8",38,85466,9,1,1079,1,47,541,583,0,8,9,0.616216,0.189189,0.194595,0.000000,0.000000,0.000000,0.000000,0.652174,0.260870,0.062112,0.024845,0.000000,0.000000,0.000000,23049,149,252,98
"10,-7",44,85565,9,1,1081,1,48,519,550,0,8,8,0.638889,0.216667,0.144444,0.000000,0.000000,0.000000,0.000000,0.614458,0.319277,0.060241,0.006024,0.000000,0.000000,0.000000,23497,154,291,130
"10,-6",37,85660,9,1,1080,2,24,192,273,0,5,9,0.850000,0.150000,0.000000,0.000000,0.000000,0.000000,0.000000,0.654028,0.289100,0.042654,0.009479,0.004739,0.000000,0.000000,27495,180,288,108
"10,-5",39,85746,9,1,1082,1,79,616,1007,0,5,9,0.512821,0.169231,0.292308,0.025641,0.000000,0.000000,0.000000,0.650350,0.293706,0.034965,0.020979,0.000000,0.000000,0.000000,19855,133,268,106
"10,-4",49,85839,9,1,1081,1,387,713,1050,0,8,13,0.315789,0.247368,0.415789,0.021053,0.000000,0.000000,0.000000,0.537037,0.342593,0.074074,0.027778,0.009259,0.009259,0.000000,16388,107,281,138
"10,-3",33,85904,9,1,1081,1,203,773,1510,0,8,10,0.419890,0.176796,0.353591,0.016575,0.033149,0.000000,0.000000,0.614035,0.280702,0.070175,0.026316,0.008772,0.000000,0.000000,16303,108,195,65
"10,-2",39,85977,9,1,1082,1,129,574,716,0,8,13,0.463158,0.242105,0.284211,0.010526,0.000000,0.000000,0.000000,0.646154,0.269231,0.046154,0.023077,0.015385,0.000000,0.000000,20341,134,256,100
"10,-1",35,86052,9,1,1081,1,67,541,890,0,8,9,0.566667,0.233333,0.188889,0.011111,0.000000,0.000000,0.000000,0.612245,0.285714,0.081633,0.020408,0.000000,0.000000,0.000000,21824,144,239,85
"10,0",46,86146,9,1,1080,2,50,557,800,0,5,13,0.605556,0.200000,0.183333,0.011111,0.000000,0.000000,0.000000,0.618750,0.325000,0.025000,0.012500,0.018750,0.000000,0.000000,22151,145,310,144
"10,1",33,86211,9,1,1082,1,56,541,825,0,8,10,0.591160,0.149171,0.259669,0.000000,0.000000,0.000000,0.000000,0.620690,0.303448,0.055172,0.013793,0.006897,0.000000,0.000000,20426,134,207,69
"10,2",46,86305,9,1,1080,2,35,527,774,0,8,8,0.683333,0.200000,0.116667,0.000000,0.000000,0.000000,0.000000,0.614525,0.296089,0.078212,0.011173,0.000000,0.000000,0.000000,24120,159,316,147
"10,3",38,86388,9,1,1079,2,26,435,528,0,5,10,0.766667,0.188889,0.044444,0.000000,0.000000,0.000000,0.000000,0.664975,0.253807,0.065990,0.005076,0.010152,0.000000,0.000000,26196,172,285,111
"10,4",46,86486,9,1,1079,2,23,311,467,0,8,11,0.781421,0.207650,0.010929,0.000000,0.000000,0.000000,0.000000,0.636792,0.278302,0.051887,0.023585,0.009434,0.000000,0.000000,27631,181,339,158
"10,5",38,86566,9,1,1079,2,29,507,546,0,8,9,0.733333,0.205556,0.061111,0.000000,0.000000,0.000000,0.000000,0.645503,0.285714,0.052910,0.010582,0.005291,0.000000,0.000000,25898,169,278,107
"10,6",43,86640,9,1,1081,1,46,541,975,0,8,8,0.638889,0.161111,0.177778,0.022222,0.000000,0.000000,0.000000,0.600000,0.333333,0.066667,0.000000,0.000000,0.000000,0.000000,21884,144,266,116
"10,7",35,86712,9,1,1081,1,45,563,1161,0,4,8,0.616667,0.177778,0.188889,0.016667,0.000000,0.000000,0.000000,0.664516,0.290323,0.032258,0.006452,0.006452,0.000000,0.000000,21605,143,258,91
"10,8",47,86799,9,1,1080,2,81,600,809,0,8,9,0.527778,0.255556,0.216667,0.000000,0.000000,0.000000,0.000000,0.550000,0.362500,0.068750,0.012500,0.006250,0.000000,0.000000,21434,141,303,143
"10,9",45,86887,9,1,1080,2,35,326,456,0,8,9,0.722222,0.272222,0.005556,0.000000,0.000000,0.000000,0.000000,0.588542,0.317708,0.078125,0.010417,0.005208,0.000000,0.000000,27303,179,332,152
"10,10",43,86948,9,1,1081,2,31,540,675,0,8,8,0.761111,0.144444,0.094444,0.000000,0.000000,0.000000,0.000000,0.614634,0.312195,0.068293,0.000000,0.004878,0.000000,0.000000,25085,163,293,126
"10,11",50,86956,8,1,1081,2,49,529,890,0,8,8,0.624309,0.259669,0.104972,0.011050,0.000000,0.000000,0.000000,0.590643,0.356725,0.040936,0.005848,0.005848,0.000000,0.000000,24412,160,347,174
"10,12",39,86861,7,1,1080,2,30,525,573,0,4,8,0.735751,0.176166,0.088083,0.000000,0.000000,0.000000,0.000000,0.628713,0.326733,0.034653,0.004950,0.004950,0.000000,0.000000,26730,176,297,116
"10,13",38,86762,7,1,1080,2,33,313,502,0,8,8,0.733333,0.250000,0.016667,0.000000,0.000000,0.000000,0.000000,0.603015,0.321608,0.075377,0.000000,0.000000,0.000000,0.000000,27016,177,294,114
"10,14",0,86762,0,0,1013,4,99999,99999,99999,99999,99999,99999,0.000000,0.000000,0.000000,0.000000,0.000000,0.000000,0.000000,0.000000,0.000000,0.000000,0.000000,0.000000,0.000000,0.000000,0,0,0,0
"10,15",0,86762,0,0,1009,4,99999,99999,99999,99999,99999,99999,0.000000,0.000000,0.000000,0.000000,0.000000,0.000000,0.000000,0.000000,0.000000,0.000000,0.000000,0.000000,0.000000,0.000000,0,0,0,0
"10,16",0,86762,0,0,1015,4,99999,99999,99999,99999,99999,99999,0.000000,0.000000,0.000000,0.000000,0.000000,0.000000,0.000000,0.000000,0.000000,0.000000,0.000000,0.000000,0.000000,0.000000,0,0,0,0
"10,17",0,86762,0,0,1012,4,99999,99999,99999,99999,99999,99999,0.000000,0.000000,0.000000,0.000000,0.000000,0.000000,0.000000,0.000000,0.000000,0.000000,0.000000,0.000000,0.000000,0.000000,0,0,0,0
"10,18",0,86762,0,0,1015,4,99999,99999,99999,99999,99999,99999,0.000000,0.000000,0.000000,0.000000,0.000000,0.000000,0.000000,0.000000,0.000000,0.000000,0.000000,0.000000,0.000000,0.000000,0,0,0,0
"10,19",0,86762,0,0,1012,4,99999,99999,99999,99999,99999,99999,0.000000,0.000000,0.000000,0.000000,0.000000,0.000000,0.000000,0.000000,0.000000,0.000000,0.000000,0.000000,0.000000,0.000000,0,0,0,0
"10,20",0,86762,0,0,1011,4,99999,99999,99999,99999,99999,99999,0.000000,0.000000,0.000000,0.000000,0.000000,0.000000,0.000000,0.000000,0.000000,0.000000,0.000000,0.000000,0.000000,0.000000,0,0,0,0
"10,21",0,86762,0,0,1013,4,99999,99999,99999,99999,99999,99999,0.000000,0.000000,0.000000,0.000000,0.000000,0.000000,0.000000,0.000000,0.000000,0.000000,0.000000,0.000000,0.000000,0.000000,0,0,0,0
"10,22",0,86762,0,0,1011,4,99999,99999,99999,99999,99999,99999,0.000000,0.000000,0.000000,0.000000,0.000000,0.000000,0.000000,0.000000,0.000000,0.000000,0.000000,0.000000,0.000000,0.000000,0,0,0,0
"10,23",0,86762,0,0,1013,4,99999,99999,99999,99999,99999,99999,0.000000,0.000000,0.000000,0.000000,0.000000,0.000000,0.000000,0.000000,0.000000,0.000000,0.000000,0.000000,0.000000,0.000000,0,0,0,0
"10,24",0,86762,0,0,1010,4,99999,99999,99999,99999,99999,99999,0.000000,0.000000,0.000000,0.000000,0.000000,0.000000,0.000000,0.000000,0.000000,0.000000,0.000000,0.000000,0.000000,0.000000,0,0,0,0
"10,25",0,86762,0,0,1015,4,99999,99999,99999,99999,99999,99999,0.000000,0.000000,0.000000,0.000000,0.000000,0.000000,0.000000,0.000000,0.000000,0.000000,0.000000,0.000000,0.000000,0.000000,0,0,0,0
"10,26",0,86762,0,0,1014,4,99999,99999,99999,99999,99999,99999,0.000000,0.000000,0.000000,0.000000,0.000000,0.000000,0.000000,0.000000,0.000000,0.000000,0.000000,0.000000,0.000000,0.000000,0,0,0,0
"11,-26",0,0,0,0,600,4,99999,99999,99999,99999,99999,99999,0.000000,0.000000,0.000000,0.000000,0.000000,0.000000,0.000000,0.000000,0.000000,0.000000,0.000000,0.000000,0.000000,0.000000,0,0,0,0
"11,-25",0,0,0,0,599,4,99999,99999,99999,99999,99999,99999,0.000000,0.000000,0.000000,0.000000,0.000000,0.000000,0.000000,0.000000,0.000000,0.000000,0.000000,0.000000,0.000000,0.000000,0,0,0,0
"11,-24",0,0,0,0,596,4,99999,99999,99999,99999,99999,99999,0.000000,0.000000,0.000000,0.000000,0.000000,0.000000,0.000000,0.000000,0.000000,0.000000,0.000000,0.000000,0.000000,0.000000,0,0,0,0
"11,-23",0,0,0,0,601,4,99999,99999,99999,99999,99999,99999,0.000000,0.000000,0.000000,0.000000,0.000000,0.000000,0.000000,0.000000,0.000000,0.000000,0.000000,0.000000,0.000000,0.000000,0,0,0,0
"11,-22",0,0,0,0,600,4,99999,99999,99999,99999,99999,99999,0.000000,0.000000,0.000000,0.000000,0.000000,0.000000,0.000000,0.000000,0.000000,0.000000,0.000000,0.000000,0.000000,0.000000,0,0,0,0
"11,-21",0,0,0,0,599,4,99999,99999,99999,99999,99999,99999,0.000000,0.000000,0.000000,0.000000,0.000000,0.000000,0.000000,0.000000,0.000000,0.000000,0.000000,0.000000,0.000000,0.000000,0,0,0,0
"11,-20",0,0,0,0,597,4,99999,99999,99999,99999,99999,99999,0.000000,0.000000,0.000000,0.000000,0.000000,0.000000,0.000000,0.000000,0.000000,0.000000,0.000000,0.000000,0.000000,0.000000,0,0,0,0
"11,-19",0,0,0,0,599,4,99999,99999,99999,99999,99999,99999,0.000000,0.000000,0.000000,0.000000,0.000000,0.000000,0.000000,0.000000,0.000000,0.000000,0.000000,0.000000,0.000000,0.000000,0,0,0,0
"11,-18",0,0,0,0,589,4,99999,99999,99999,99999,99999,99999,0.000000,0.000000,0.000000,0.000000,0.000000,0.000000,0.000000,0.000000,0.000000,0.000000,0.000000,0.000000,0.000000,0.000000,0,0,0,0
"11,-17",0,0,0,0,600,4,99999,99999,99999,99999,99999,99999,0.000000,0.000000,0.000000,0.000000,0.000000,0.000000,0.000000,0.000000,0.000000,0.000000,0.000000,0.000000,0.000000,0.000000,0,0,0,0
"11,-16",0,0,0,0,599,4,99999,99999,99999,99999,99999,99999,0.000000,0.000000,0.000000,0.000000,0.000000,0.000000,0.000000,0.000000,0.000000,0.000000,0.000000,0.000000,0.000000,0.000000,0,0,0,0
"11,-15",0,0,0,0,600,4,99999,99999,99999,99999,99999,99999,0.000000,0.000000,0.000000,0.000000,0.000000,0.000000,0.000000,0.000000,0.000000,0.000000,0.000000,0.000000,0.000000,0.000000,0,0,0,0
"11,-14",32,73125,7,1,729,2,1,5,7,0,0,0,1.000000,0.000000,0.000000,0.000000,0.000000,0.000000,0.000000,1.000000,0.000000,0.000000,0.000000,0.000000,0.000000,0.000000,24834,165,244,79
"11,-13",28,73125,7,1,729,2,1,6,10,0,0,0,1.000000,0.000000,0.000000,0.000000,0.000000,0.000000,0.000000,1.000000,0.000000,0.000000,0.000000,0.000000,0.000000,0.000000,27495,180,253,73
"11,-12",32,77862,8,1,848,2,1,530,556,0,0,4,0.800000,0.050000,0.150000,0.000000,0.000000,0.000000,0.000000,0.976636,0.023364,0.000000,0.000000,0.000000,0.000000,0.000000,23361,153,231,74
"11,-11",54,81403,8,1,1081,2,46,508,545,0,8,9,0.651934,0.281768,0.066298,0.000000,0.000000,0.000000,0.000000,0.553191,0.356383,0.069149,0.010638,0.005319,0.005319,0.000000,26001,169,395,215
"11,-10",42,84476,9,1,1081,1,131,530,875,0,8,9,0.467391,0.326087,0.195652,0.010870,0.000000,0.000000,0.000000,0.581395,0.356589,0.031008,0.023256,0.007752,0.000000,0.000000,22175,146,259,110
"11,-9",32,86548,9,1,1081,1,35,528,570,0,5,9,0.633333,0.211111,0.155556,0.000000,0.000000,0.000000,0.000000,0.685897,0.256410,0.038462,0.006410,0.012821,0.000000,0.000000,23263,152,240,79
"11,-8",37,87813,9,1,1081,1,146,586,840,0,8,10,0.462366,0.182796,0.354839,0.000000,0.000000,0.000000,0.000000,0.645669,0.244094,0.086614,0.015748,0.007874,0.000000,0.000000,18545,121,204,76
"11,-7",41,89081,9,1,1080,2,48,548,684,0,8,9,0.622222,0.183333,0.183333,0.011111,0.000000,0.000000,0.000000,0.590643,0.309942,0.076023,0.011696,0.011696,0.000000,0.000000,22194,145,272,113
"11,-6",44,90167,9,1,1081,2,27,373,548,0,8,8,0.756906,0.220994,0.022099,0.000000,0.000000,0.000000,0.000000,0.628866,0.288660,0.072165,0.010309,0.000000,0.000000,0.000000,26975,177,324,145
"11,-5",35,90920,9,1,1081,1,30,526,684,0,4,8,0.711111,0.172222,0.116667,0.000000,0.000000,0.000000,0.000000,0.685714,0.268571,0.040000,0.005714,0.000000,0.000000,0.000000,24279,159,269,96
"11,-4",45,91440,9,1,1081,1,277,569,840,0,9,13,0.374332,0.203209,0.417112,0.005348,0.000000,0.000000,0.000000,0.519231,0.375000,0.038462,0.038462,0.028846,0.000000,0.000000,16405,108,217,98
"11,-3",30,91806,9,1,1081,1,398,559,738,0,8,8,0.302198,0.252747,0.445055,0.000000,0.000000,0.000000,0.000000,0.562500,0.312500,0.112500,0.000000,0.012500,0.000000,0.000000,15295,101,178,55
"11,-2",37,92283,9,1,1081,2,40,506,548,0,8,13,0.631579,0.310526,0.057895,0.000000,0.000000,0.000000,0.000000,0.641176,0.252941,0.082353,0.000000,0.023529,0.000000,0.000000,27284,179,296,112
"11,-1",41,92635,9,1,1079,1,80,786,1104,0,8,10,0.527778,0.194444,0.244444,0.033333,0.000000,0.000000,0.000000,0.631206,0.297872,0.049645,0.014184,0.007092,0.000000,0.000000,19673,130,240,99
"11,0",38,93720,10,1,1079,1,45,537,553,0,8,9,0.646409,0.176796,0.176796,0.000000,0.000000,0.000000,0.000000,0.617647,0.276471,0.082353,0.017647,0.005882,0.000000,0.000000,22691,149,247,94
"11,1",46,94002,9,1,1081,1,63,546,1409,0,5,8,0.577778,0.227778,0.177778,0.000000,0.016667,0.000000,0.000000,0.594771,0.320261,0.084967,0.000000,0.000000,0.000000,0.000000,22041,145,294,137
"11,2",48,94223,9,1,1078,1,177,640,1025,0,5,13,0.452128,0.196809,0.335106,0.015957,0.000000,0.000000,0.000000,0.613636,0.318182,0.053030,0.000000,0.015152,0.000000,0.000000,18624,122,291,142
"11,3",41,94432,9,1,1079,2,34,614,914,0,8,10,0.671958,0.227513,0.084656,0.015873,0.000000,0.000000,0.000000,0.661202,0.229508,0.081967,0.027322,0.000000,0.000000,0.000000,25868,170,315,131
"11,4",36,94599,9,1,1082,2,42,512,631,0,5,8,0.657459,0.254144,0.088398,0.000000,0.000000,0.000000,0.000000,0.624277,0.317919,0.046243,0.011561,0.000000,0.000000,0.000000,25040,165,274,101
"11,5",36,94740,9,1,1080,1,60,529,616,0,8,9,0.583333,0.250000,0.166667,0.000000,0.000000,0.000000,0.000000,0.630872,0.295302,0.053691,0.020134,0.000000,0.000000,0.000000,22728,150,248,90
"11,6",33,94855,9,1,1080,1,83,543,650,0,8,10,0.531579,0.257895,0.210526,0.000000,0.000000,0.000000,0.000000,0.676056,0.253521,0.056338,0.014085,0.000000,0.000000,0.000000,22666,150,244,82
"11,7",29,94947,9,1,1082,1,101,541,695,0,5,9,0.494444,0.222222,0.283333,0.000000,0.000000,0.000000,0.000000,0.661017,0.262712,0.050847,0.016949,0.000000,0.008475,0.000000,19601,129,199,58
"11,8",42,95080,9,1,1081,2,28,196,265,0,5,8,0.816667,0.183333,0.000000,0.000000,0.000000,0.000000,0.000000,0.635514,0.294393,0.065421,0.000000,0.004673,0.000000,0.000000,27495,180,315,135
"11,9",31,95156,9,1,1082,1,117,544,976,0,8,9,0.491892,0.151351,0.335135,0.021622,0.000000,0.000000,0.000000,0.661417,0.275591,0.039370,0.015748,0.007874,0.000000,0.000000,18334,119,187,59
"11,10",45,95261,9,1,1081,1,63,533,643,0,4,8,0.572222,0.261111,0.166667,0.000000,0.000000,0.000000,0.000000,0.581250,0.368750,0.050000,0.000000,0.000000,0.000000,0.000000,22839,150,291,132
"11,11",38,95026,8,1,1081,1,71,804,990,0,8,9,0.545977,0.120690,0.298851,0.022989,0.011494,0.000000,0.000000,0.619718,0.316901,0.042254,0.021127,0.000000,0.000000,0.000000,17547,116,199,76
"11,12",37,94719,8,1,1080,2,27,383,529,0,8,13,0.755556,0.216667,0.027778,0.000000,0.000000,0.000000,0.000000,0.621212,0.292929,0.060606,0.010101,0.015152,0.000000,0.000000,26821,175,284,106
"11,13",47,93690,7,1,1081,2,30,382,478,0,8,8,0.736264,0.252747,0.010989,0.000000,0.000000,0.000000,0.000000,0.633508,0.298429,0.057592,0.000000,0.010471,0.000000,0.000000,27412,180,343,162
"11,14",39,92920,7,1,1081,2,31,503,937,0,8,8,0.751295,0.186528,0.046632,0.015544,0.000000,0.000000,0.000000,0.645631,0.300971,0.043689,0.009709,0.000000,0.000000,0.000000,27659,181,300,119
"11,15",0,92920,0,0,1014,4,99999,99999,99999,99999,99999,99999,0.000000,0.000000,0.000000,0.000000,0.000000,0.000000,0.000000,0.000000,0.000000,0.000000,0.000000,0.000000,0.000000,0.000000,0,0,0,0
"11,16",0,92920,0,0,1013,4,99999,99999,99999,99999,99999,99999,0.000000,0.000000,0.000000,0.000000,0.000000,0.000000,0.000000,0.000000,0.000000,0.000000,0.000000,0.000000,0.000000,0.000000,0,0,0,0
"11,17",0,92920,0,0,1012,4,99999,99999,99999,99999,99999,99999,0.000000,0.000000,0.000000,0.000000,0.000000,0.000000,0.000000,0.000000,0.000000,0.000000,0.000000,0.000000,0.000000,0.000000,0,0,0,0
"11,18",0,92920,0,0,1012,4,99999,99999,99999,99999,99999,99999,0.000000,0.000000,0.000000,0.000000,0.000000,0.000000,0.000000,0.000000,0.000000,0.000000,0.000000,0.000000,0.000000,0.000000,0,0,0,0
"11,19",0,92920,0,0,1012,4,99999,99999,99999,99999,99999,99999,0.000000,0.000000,0.000000,0.000000,0.000000,0.000000,0.000000,0.000000,0.000000,0.000000,0.000000,0.000000,0.000000,0.000000,0,0,0,0
"11,20",0,92920,0,0,1014,4,99999,99999,99999,99999,99999,99999,0.000000,0.000000,0.000000,0.000000,0.000000,0.000000,0.000000,0.000000,0.000000,0.000000,0.000000,0.000000,0.000000,0.000000,0,0,0,0
"11,21",0,92920,0,0,1015,4,99999,99999,99999,99999,99999,99999,0.000000,0.000000,0.000000,0.000000,0.000000,0.000000,0.000000,0.000000,0.000000,0.000000,0.000000,0.000000,0.000000,0.000000,0,0,0,0
"11,22",0,92920,0,0,1012,4,99999,99999,99999,99999,99999,99999,0.000000,0.000000,0.000000,0.000000,0.000000,0.000000,0.000000,0.000000,0.000000,0.000000,0.000000,0.000000,0.000000,0.000000,0,0,0,0
"11,23",0,92920,0,0,1013,4,99999,99999,99999,99999,99999,99999,0.000000,0.000000,0.000000,0.000000,0.000000,0.000000,0.000000,0.000000,0.000000,0.000000,0.000000,0.000000,0.000000,0.000000,0,0,0,0
"11,24",0,92920,0,0,1010,4,99999,99999,99999,99999,99999,99999,0.000000,0.000000,0.000000,0.000000,0.000000,0.000000,0.000000,0.000000,0.000000,0.000000,0.000000,0.000000,0.000000,0.000000,0,0,0,0
"11,25",0,92920,0,0,1016,4,99999,99999,99999,99999,99999,99999,0.000000,0.000000,0.000000,0.000000,0.000000,0.000000,0.000000,0.000000,0.000000,0.000000,0.000000,0.000000,0.000000,0.000000,0,0,0,0
"11,26",0,92920,0,0,1013,4,99999,99999,99999,99999,99999,99999,0.000000,0.000000,0.000000,0.000000,0.000000,0.000000,0.000000,0.000000,0.000000,0.000000,0.000000,0.000000,0.000000,0.000000,0,0,0,0
"12,-26",0,92920,0,0,1017,4,99999,99999,99999,99999,99999,99999,0.000000,0.000000,0.000000,0.000000,0.000000,0.000000,0.000000,0.000000,0.000000,0.000000,0.000000,0.000000,0.000000,0.000000,0,0,0,0
"12,-25",0,92920,0,0,1012,4,99999,99999,99999,99999,99999,99999,0.000000,0.000000,0.000000,0.000000,0.000000,0.000000,0.000000,0.000000,0.000000,0.000000,0.000000,0.000000,0.000000,0.000000,0,0,0,0
"12,-24",0,92920,0,0,1012,4,99999,99999,99999,99999,99999,99999,0.000000,0.000000,0.000000,0.000000,0.000000,0.000000,0.000000,0.000000,0.000000,0.000000,0.000000,0.000000,0.000000,0.000000,0,0,0,0
"12,-23",0,92920,0,0,1015,4,99999,99999,99999,99999,99999,99999,0.000000,0.000000,0.000000,0.000000,0.000000,0.000000,0.000000,0.000000,0.000000,0.000000,0.000000,0.000000,0.000000,0.000000,0,0,0,0
"12,-22",0,92920,0,0,1012,4,99999,99999,99999,99999,99999,99999,0.000000,0.000000,0.000000,0.000000,0.000000,0.000000,0.000000,0.000000,0.000000,0.000000,0.000000,0.000000,0.000000,0.000000,0,0,0,0
"12,-21",0,92920,0,0,1012,4,99999,99999,99999,99999,99999,99999,0.000000,0.000000,0.000000,0.000000,0.000000,0.000000,0.000000,0.000000,0.000000,0.000000,0.000000,0.000000,0.000000,0.000000,0,0,0,0
"12,-20",0,92920,0,0,1016,4,99999,99999,99999,99999,99999,99999,0.000000,0.000000,0.000000,0.000000,0.000000,0.000000,0.000000,0.000000,0.000000,0.000000,0.000000,0.000000,0.000000,0.000000,0,0,0,0
"12,-19",0,92920,0,0,1013,4,99999,99999,99999,99999,99999,99999,0.000000,0.000000,0.000000,0.000000,0.000000,0.000000,0.000000,0.000000,0.000000,0.000000,0.000000,0.000000,0.000000,0.000000,0,0,0,0
"12,-18",0,92920,0,0,1013,4,99999,99999,99999,99999,99999,99999,0.000000,0.000000,0.000000,0.000000,0.000000,0.000000,0.000000,0.000000,0.000000,0.000000,0.000000,0.000000,0.000000,0.000000,0,0,0,0
"12,-17",0,92920,0,0,1011,4,99999,99999,99999,99999,99999,99999,0.000000,0.000000,0.000000,0.000000,0.000000,0.000000,0.000000,0.000000,0.000000,0.000000,0.000000,0.000000,0.000000,0.000000,0,0,0,0
"12,-16",0,92920,0,0,1011,4,99999,99999,99999,99999,99999,99999,0.000000,0.000000,0.000000,0.000000,0.000000,0.000000,0.000000,0.000000,0.000000,0.000000,0.000000,0.000000,0.000000,0.000000,0,0,0,0
"12,-15",44,92194,7,1,1080,2,63,550,1418,0,8,9,0.573770,0.196721,0.180328,0.021858,0.027322,0.000000,0.000000,0.635762,0.284768,0.066225,0.006623,0.006623,0.000000,0.000000,21504,142,283,126
"12,-14",35,91623,7,1,1081,2,41,535,1269,0,8,8,0.634921,0.211640,0.137566,0.005291,0.010582,0.000000,0.000000,0.660494,0.283951,0.043210,0.006173,0.006173,0.000000,0.000000,24353,160,252,89
"12,-13",40,91512,8,1,1079,1,234,592,763,0,8,9,0.402174,0.244565,0.353261,0.000000,0.000000,0.000000,0.000000,0.614679,0.311927,0.055046,0.009174,0.009174,0.000000,0.000000,18575,119,235,96
"12,-12",42,91383,8,1,1081,2,32,513,852,0,8,9,0.744444,0.188889,0.055556,0.011111,0.000000,0.000000,0.000000,0.614213,0.319797,0.050761,0.005076,0.010152,0.000000,0.000000,25754,168,301,129
"12,-11",43,91600,9,1,1080,2,25,544,708,0,8,10,0.744792,0.130208,0.125000,0.000000,0.000000,0.000000,0.000000,0.609756,0.302439,0.063415,0.019512,0.004878,0.000000,0.000000,25761,168,326,142
"12,-10",43,91782,9,1,1081,2,49,535,1346,0,8,9,0.630769,0.261538,0.082051,0.010256,0.015385,0.000000,0.000000,0.647399,0.283237,0.046243,0.011561,0.011561,0.000000,0.000000,26490,174,308,134
"12,-9",37,91946,9,1,1080,2,35,542,866,0,8,9,0.682540,0.222222,0.089947,0.005291,0.000000,0.000000,0.000000,0.629032,0.290323,0.064516,0.016129,0.000000,0.000000,0.000000,26055,171,278,105
"12,-8",38,92102,9,1,1081,1,40,523,619,0,5,8,0.660920,0.275862,0.063218,0.000000,0.000000,0.000000,0.000000,0.591954,0.316092,0.086207,0.005747,0.000000,0.000000,0.000000,24677,163,278,108
"12,-7",47,92258,9,1,1080,2,65,551,692,0,8,9,0.565934,0.192308,0.241758,0.000000,0.000000,0.000000,0.000000,0.594937,0.329114,0.037975,0.025316,0.012658,0.000000,0.000000,20894,138,297,141
"12,-6",45,92409,9,1,1079,2,59,551,791,0,4,8,0.585635,0.287293,0.127072,0.000000,0.000000,0.000000,0.000000,0.614907,0.341615,0.043478,0.000000,0.000000,0.000000,0.000000,23920,158,310,142
"12,-5",41,92544,9,1,1080,2,47,503,580,0,8,9,0.672222,0.272222,0.055556,0.000000,0.000000,0.000000,0.000000,0.615385,0.272189,0.088757,0.011834,0.011834,0.000000,0.000000,26199,170,306,128
"12,-4",38,92864,10,1,1081,1,222,950,1130,0,5,10,0.422222,0.205556,0.311111,0.061111,0.000000,0.000000,0.000000,0.658120,0.264957,0.059829,0.008547,0.008547,0.000000,0.000000,17339,113,199,76
"12,-3",41,93205,10,1,1080,1,117,706,1072,0,5,8,0.491713,0.204420,0.270718,0.033149,0.000000,0.000000,0.000000,0.626984,0.285714,0.079365,0.000000,0.007937,0.000000,0.000000,19332,126,253,104
"12,-2",41,93556,10,1,1081,1,92,544,708,0,4,13,0.516667,0.205556,0.272222,0.005556,0.000000,0.000000,0.000000,0.671756,0.290076,0.022901,0.000000,0.015267,0.000000,0.000000,19497,130,238,98
"12,-1",30,93881,10,1,1080,1,39,542,958,0,4,8,0.638889,0.200000,0.138889,0.022222,0.000000,0.000000,0.000000,0.719178,0.253425,0.020548,0.006849,0.000000,0.000000,0.000000,22937,151,228,69
"12,0",37,94206,10,1,1080,1,106,550,941,0,4,8,0.486486,0.291892,0.205405,0.016216,0.000000,0.000000,0.000000,0.597015,0.350746,0.044776,0.007463,0.000000,0.000000,0.000000,21989,144,245,92
"12,1",44,94603,10,1,1081,2,35,509,618,0,8,13,0.714286,0.219780,0.065934,0.000000,0.000000,0.000000,0.000000,0.589744,0.312821,0.071795,0.010256,0.015385,0.000000,0.000000,25770,170,319,142
"12,2",47,94876,10,1,1081,1,63,953,1272,0,4,8,0.551515,0.187879,0.200000,0.048485,0.012121,0.000000,0.000000,0.674603,0.285714,0.039683,0.000000,0.000000,0.000000,0.000000,18199,122,245,117
"12,3",33,95103,10,1,1078,1,354,625,777,0,5,9,0.411111,0.144444,0.433333,0.011111,0.000000,0.000000,0.000000,0.648649,0.279279,0.054054,0.018018,0.000000,0.000000,0.000000,15132,100,174,58
"12,4",39,95432,10,1,1080,2,22,225,312,0,8,13,0.834254,0.165746,0.000000,0.000000,0.000000,0.000000,0.000000,0.644231,0.264423,0.043269,0.028846,0.019231,0.000000,0.000000,27659,181,300,120
"12,5",30,95464,9,1,1081,1,277,610,925,0,8,8,0.372222,0.266667,0.344444,0.016667,0.000000,0.000000,0.000000,0.635417,0.302083,0.062500,0.000000,0.000000,0.000000,0.000000,17510,115,188,57
"12,6",35,95506,9,1,1081,2,27,492,570,0,5,8,0.748634,0.207650,0.043716,0.000000,0.000000,0.000000,0.000000,0.663043,0.277174,0.048913,0.005435,0.005435,0.000000,0.000000,26851,175,278,98
"12,7",43,95548,9,1,1080,1,28,531,598,0,5,9,0.652632,0.210526,0.136842,0.000000,0.000000,0.000000,0.000000,0.718750,0.212500,0.050000,0.018750,0.000000,0.000000,0.000000,25245,164,295,127
"12,8",38,95572,9,1,1081,1,505,720,1395,0,8,9,0.311828,0.123656,0.532258,0.010753,0.021505,0.000000,0.000000,0.651163,0.267442,0.046512,0.023256,0.011628,0.000000,0.000000,12283,81,169,65
"12,9",44,95612,9,1,1081,2,51,525,632,0,4,8,0.615789,0.284211,0.100000,0.000000,0.000000,0.000000,0.000000,0.595506,0.365169,0.039326,0.000000,0.000000,0.000000,0.000000,26210,171,326,145
"12,10",36,95649,9,1,1081,2,20,129,290,0,8,9,0.912088,0.087912,0.000000,0.000000,0.000000,0.000000,0.000000,0.650442,0.287611,0.048673,0.004425,0.004425,0.004425,0.000000,27725,182,287,106
"12,11",49,95685,9,1,1081,1,150,549,1289,0,8,9,0.458763,0.242268,0.278351,0.010309,0.010309,0.000000,0.000000,0.595588,0.330882,0.058824,0.007353,0.007353,0.000000,0.000000,20812,136,305,152
"12,12",42,95539,8,1,1080,2,77,536,579,0,8,8,0.536842,0.263158,0.200000,0.000000,0.000000,0.000000,0.000000,0.629870,0.298701,0.058442,0.000000,0.012987,0.000000,0.000000,23091,152,285,120
"12,13",31,95411,8,1,1080,2,36,550,790,0,4,8,0.672222,0.188889,0.138889,0.000000,0.000000,0.000000,0.000000,0.664706,0.305882,0.023529,0.005882,0.000000,0.000000,0.000000,23783,156,252,80
"12,14",47,95048,7,1,1081,1,138,685,845,0,8,8,0.461111,0.227778,0.305556,0.005556,0.000000,0.000000,0.000000,0.593750,0.312500,0.093750,0.000000,0.000000,0.000000,0.000000,19027,124,248,118
"12,15",35,94702,7,1,1081,2,38,577,750,0,8,9,0.626374,0.197802,0.170330,0.005495,0.000000,0.000000,0.000000,0.676829,0.250000,0.054878,0.012195,0.006098,0.000000,0.000000,22647,150,254,90
"12,16",0,94702,0,0,1012,4,99999,99999,99999,99999,99999,99999,0.000000,0.000000,0.000000,0.000000,0.000000,0.000000,0.000000,0.000000,0.000000,0.000000,0.000000,0.000000,0.000000,0.000000,0,0,0,0
"12,17",0,94702,0,0,1012,4,99999,99999,99999,99999,99999,99999,0.000000,0.000000,0.000000,0.000000,0.000000,0.000000,0.000000,0.000000,0.000000,0.000000,0.000000,0.000000,0.000000,0.000000,0,0,0,0
"12,18",0,94702,0,0,1013,4,99999,99999,99999,99999,99999,99999,0.000000,0.000000,0.000000,0.000000,0.000000,0.000000,0.000000,0.000000,0.000000,0.000000,0.000000,0.000000,0.000000,0.000000,0,0,0,0
"12,19",0,94702,0,0,1011,4,99999,99999,99999,99999,99999,99999,0.000000,0.000000,0.000000,0.000000,0.000000,0.000000,0.000000,0.000000,0.000000,0.000000,0.000000,0.000000,0.000000,0.000000,0,0,0,0
"12,20",0,94702,0,0,1011,4,99999,99999,99999,99999,99999,99999,0.000000,0.000000,0.000000,0.000000,0.000000,0.000000,0.000000,0.000000,0.000000,0.000000,0.000000,0.000000,0.000000,0.000000,0,0,0,0
"12,21",0,94702,0,0,1012,4,99999,99999,99999,99999,99999,99999,0.000000,0.000000,0.000000,0.000000,0.000000,0.000000,0.000000,0.000000,0.000000,0.000000,0.000000,0.000000,0.000000,0.000000,0,0,0,0
"12,22",0,94702,0,0,1012,4,99999,99999,99999,99999,99999,99999,0.000000,0.000000,0.000000,0.000000,0.000000,0.000000,0.000000,0.000000,0.000000,0.000000,0.000000,0.000000,0.000000,0.000000,0,0,0,0
"12,23",0,94702,0,0,1011,4,99999,99999,99999,99999,99999,99999,0.000000,0.000000,0.000000,0.000000,0.000000,0.000000,0.000000,0.000000,0.000000,0.000000,0.000000,0.000000,0.000000,0.000000,0,0,0,0
"12,24",0,94702,0,0,1013,4,99999,99999,99999,99999,99999,99999,0.000000,0.000000,0.000000,0.000000,0.000000,0.000000,0.000000,0.000000,0.000000,0.000000,0.000000,0.000000,0.000000,0.000000,0,0,0,0
"12,25",0,94702,0,0,1012,4,99999,99999,99999,99999,99999,99999,0.000000,0.000000,0.000000,0.000000,0.000000,0.000000,0.000000,0.000000,0.000000,0.000000,0.000000,0.000000,0.000000,0.000000,0,0,0,0
"12,26",0,94702,0,0,1012,4,99999,99999,99999,99999,99999,99999,0.000000,0.000000,0.000000,0.000000,0.000000,0.000000,0.000000,0.000000,0.000000,0.000000,0.000000,0.000000,0.000000,0.000000,0,0,0,0
"13,-26",0,94702,0,0,1014,4,99999,99999,99999,99999,99999,99999,0.000000,0.000000,0.000000,0.000000,0.000000,0.000000,0.000000,0.000000,0.000000,0.000000,0.000000,0.000000,0.000000,0.000000,0,0,0,0
"13,-25",0,94702,0,0,1013,4,99999,99999,99999,99999,99999,99999,0.000000,0.000000,0.000000,0.000000,0.000000,0.000000,0.000000,0.000000,0.000000,0.000000,0.000000,0.000000,0.000000,0.000000,0,0,0,0
"13,-24",0,94702,0,0,1012,4,99999,99999,99999,99999,99999,99999,0.000000,0.000000,0.000000,0.000000,0.000000,0.000000,0.000000,0.000000,0.000000,0.000000,0.000000,0.000000,0.000000,0.000000,0,0,0,0
"13,-23",0,94702,0,0,1012,4,99999,99999,99999,99999,99999,99999,0.000000,0.000000,0.000000,0.000000,0.000000,0.000000,0.000000,0.000000,0.000000,0.000000,0.000000,0.000000,0.000000,0.000000,0,0,0,0
"13,-22",0,94702,0,0,1013,4,99999,99999,99999,99999,99999,99999,0.000000,0.000000,0.000000,0.000000,0.000000,0.000000,0.000000,0.000000,0.000000,0.000000,0.000000,0.000000,0.000000,0.000000,0,0,0,0
"13,-21",0,94702,0,0,1011,4,99999,99999,99999,99999,99999,99999,0.000000,0.000000,0.000000,0.000000,0.000000,0.000000,0.000000,0.000000,0.000000,0.000000,0.000000,0.000000,0.000000,0.000000,0,0,0,0
"13,-20",0,94702,0,0,1015,4,99999,99999,99999,99999,99999,99999,0.000000,0.000000,0.000000,0.000000,0.000000,0.000000,0.000000,0.000000,0.000000,0.000000,0.000000,0.000000,0.000000,0.000000,0,0,0,0
"13,-19",0,94702,0,0,1012,4,99999,99999,99999,99999,99999,99999,0.000000,0.000000,0.000000,0.000000,0.000000,0.000000,0.000000,0.000000,0.000000,0.000000,0.000000,0.000000,0.000000,0.000000,0,0,0,0
"13,-18",0,94702,0,0,1014,4,99999,99999,99999,99999,99999,99999,0.000000,0.000000,0.000000,0.000000,0.000000,0.000000,0.000000,0.000000,0.000000,0.000000,0.000000,0.000000,0.000000,0.000000,0,0,0,0
"13,-17",0,94702,0,0,1015,4,99999,99999,99999,99999,99999,99999,0.000000,0.000000,0.000000,0.000000,0.000000,0.000000,0.000000,0.000000,0.000000,0.000000,0.000000,0.000000,0.000000,0.000000,0,0,0,0
"13,-16",0,94702,0,0,1015,4,99999,99999,99999,99999,99999,99999,0.000000,0.000000,0.000000,0.000000,0.000000,0.000000,0.000000,0.000000,0.000000,0.000000,0.000000,0.000000,0.000000,0.000000,0,0,0,0
"13,-15",42,94420,7,1,1080,1,437,582,1122,0,8,13,0.226519,0.298343,0.453039,0.022099,0.000000,0.000000,0.000000,0.530303,0.333333,0.106061,0.000000,0.030303,0.000000,0.000000,14979,95,204,87
"13,-14",31,94189,7,1,1081,1,282,551,954,0,8,8,0.383333,0.194444,0.405556,0.005556,0.011111,0.000000,0.000000,0.603960,0.316832,0.069307,0.000000,0.009901,0.000000,0.000000,15588,104,165,52
"13,-13",44,94065,8,1,1080,2,45,512,588,0,4,8,0.653846,0.247253,0.098901,0.000000,0.000000,0.000000,0.000000,0.605556,0.344444,0.050000,0.000000,0.000000,0.000000,0.000000,24940,164,316,140
"13,-12",32,94106,9,1,1081,1,57,546,950,0,8,8,0.572222,0.155556,0.244444,0.027778,0.000000,0.000000,0.000000,0.650350,0.286713,0.055944,0.006993,0.000000,0.000000,0.000000,20287,131,202,65
"13,-11",41,94164,9,1,1080,1,45,512,523,0,4,8,0.618785,0.320442,0.060773,0.000000,0.000000,0.000000,0.000000,0.649682,0.324841,0.025478,0.000000,0.000000,0.000000,0.000000,26083,170,293,123
"13,-10",48,94218,9,1,1081,1,113,542,556,0,5,8,0.478022,0.269231,0.252747,0.000000,0.000000,0.000000,0.000000,0.580420,0.363636,0.048951,0.006993,0.000000,0.000000,0.000000,20935,136,283,138
"13,-9",46,94260,9,1,1081,1,388,687,1236,0,8,13,0.323077,0.230769,0.410256,0.030769,0.005128,0.000000,0.000000,0.535354,0.383838,0.050505,0.010101,0.020202,0.000000,0.000000,16387,108,234,109
"13,-8",28,94302,9,1,1082,1,63,588,654,0,8,9,0.555556,0.150000,0.294444,0.000000,0.000000,0.000000,0.000000,0.654412,0.250000,0.066176,0.022059,0.007353,0.000000,0.000000,19379,127,209,60
"13,-7",40,94347,9,1,1080,1,54,542,678,0,8,13,0.571429,0.251429,0.177143,0.000000,0.000000,0.000000,0.000000,0.694030,0.223881,0.059701,0.007463,0.007463,0.007463,0.000000,21977,144,245,99
"13,-6",40,94395,9,1,1080,1,53,530,537,0,8,9,0.601093,0.278689,0.114754,0.005464,0.000000,0.000000,0.000000,0.677852,0.228188,0.067114,0.026846,0.000000,0.000000,0.000000,24676,161,272,109
"13,-5",42,94595,10,1,1081,1,259,544,677,0,8,9,0.394444,0.233333,0.361111,0.005556,0.005556,0.000000,0.000000,0.577982,0.311927,0.091743,0.018349,0.000000,0.000000,0.000000,17173,113,245,104
"13,-4",44,94831,10,1,1081,1,69,652,1395,0,8,10,0.563830,0.228723,0.191489,0.000000,0.015957,0.000000,0.000000,0.629139,0.211921,0.132450,0.026490,0.000000,0.000000,0.000000,22696,149,295,132
"13,-3",43,95184,11,1,1081,1,121,548,625,0,8,12,0.473684,0.247368,0.273684,0.000000,0.005263,0.000000,0.000000,0.594406,0.307692,0.069930,0.020979,0.006993,0.000000,0.000000,21206,137,257,112
"13,-2",46,95554,11,1,1081,1,173,544,627,0,8,10,0.426316,0.252632,0.310526,0.010526,0.000000,0.000000,0.000000,0.627119,0.279661,0.067797,0.025424,0.000000,0.000000,0.000000,19626,129,280,129
"13,-1",38,95878,11,1,1082,1,59,541,808,0,8,13,0.583333,0.188889,0.216667,0.011111,0.000000,0.000000,0.000000,0.648276,0.248276,0.075862,0.013793,0.013793,0.000000,0.000000,20979,139,239,91
"13,0",38,96271,11,1,1081,1,38,524,544,0,8,10,0.700000,0.194737,0.094737,0.010526,0.000000,0.000000,0.000000,0.643979,0.246073,0.089005,0.015707,0.005236,0.000000,0.000000,25884,170,264,101
"13,1",29,96457,11,1,1081,1,503,559,863,0,8,8,0.230366,0.246073,0.513089,0.005236,0.005236,0.000000,0.000000,0.611940,0.253731,0.119403,0.000000,0.014925,0.000000,0.000000,13777,91,148,44
"13,2",34,96752,11,1,1081,1,76,679,797,0,8,12,0.538462,0.197802,0.263736,0.000000,0.000000,0.000000,0.000000,0.598639,0.312925,0.068027,0.013605,0.006803,0.000000,0.000000,20568,134,232,80
"13,3",43,97074,11,1,1081,1,93,601,893,0,8,8,0.513369,0.267380,0.208556,0.010695,0.000000,0.000000,0.000000,0.613333,0.313333,0.073333,0.000000,0.000000,0.000000,0.000000,22171,146,268,116
"13,4",30,97174,10,1,1080,1,513,869,1047,4,8,8,0.114130,0.244565,0.597826,0.043478,0.000000,0.000000,0.000000,0.479167,0.375000,0.145833,0.000000,0.000000,0.000000,0.000000,10402,66,150,46
"13,5",30,97292,10,1,1081,1,80,541,711,0,5,10,0.515789,0.226316,0.247368,0.010526,0.000000,0.000000,0.000000,0.644444,0.288889,0.051852,0.007407,0.007407,0.000000,0.000000,21407,141,219,66
"13,6",36,97295,9,1,1080,1,38,541,647,0,5,8,0.626374,0.280220,0.093407,0.000000,0.000000,0.000000,0.000000,0.658228,0.259494,0.082278,0.000000,0.000000,0.000000,0.000000,25082,165,277,100
"13,7",39,97298,9,1,1081,1,37,518,809,0,8,9,0.627778,0.255556,0.111111,0.005556,0.000000,0.000000,0.000000,0.658683,0.263473,0.053892,0.017964,0.005988,0.000000,0.000000,24146,159,274,108
"13,8",30,97300,9,1,1082,1,250,555,686,0,8,8,0.405556,0.227778,0.355556,0.000000,0.011111,0.000000,0.000000,0.680412,0.237113,0.072165,0.000000,0.000000,0.010309,0.000000,17681,114,179,55
"13,9",41,97302,9,1,1080,2,35,371,442,0,8,13,0.750000,0.250000,0.000000,0.000000,0.000000,0.000000,0.000000,0.590000,0.325000,0.060000,0.010000,0.015000,0.000000,0.000000,27495,180,309,129
"13,10",41,97305,9,1,1081,2,23,465,533,0,8,13,0.800000,0.151351,0.048649,0.000000,0.000000,0.000000,0.000000,0.637681,0.275362,0.048309,0.024155,0.014493,0.000000,0.000000,26868,176,311,130
"13,11",44,97308,9,1,1081,2,45,537,635,0,8,13,0.638889,0.155556,0.194444,0.000000,0.011111,0.000000,0.000000,0.613497,0.312883,0.042945,0.006135,0.024540,0.000000,0.000000,21833,143,298,134
"13,12",35,97310,9,1,1081,2,30,425,746,0,8,13,0.777778,0.177778,0.044444,0.000000,0.000000,0.000000,0.000000,0.633166,0.286432,0.050251,0.010050,0.020101,0.000000,0.000000,26329,172,271,96
"13,13",37,97193,8,1,1081,2,34,445,645,0,8,13,0.734807,0.215470,0.049724,0.000000,0.000000,0.000000,0.000000,0.653631,0.256983,0.055866,0.016760,0.016760,0.000000,0.000000,26350,172,288,108
"13,14",38,96899,7,1,1080,2,37,542,604,0,8,13,0.661111,0.194444,0.144444,0.000000,0.000000,0.000000,0.000000,0.649123,0.274854,0.035088,0.017544,0.023392,0.000000,0.000000,23299,154,287,111
"13,15",41,96603,7,1,1080,2,43,344,526,0,8,13,0.711111,0.261111,0.027778,0.000000,0.000000,0.000000,0.000000,0.557895,0.336842,0.073684,0.015789,0.015789,0.000000,0.000000,26737,175,301,124
"13,16",0,96603,0,0,1013,4,99999,99999,99999,99999,99999,99999,0.000000,0.000000,0.000000,0.000000,0.000000,0.000000,0.000000,0.000000,0.000000,0.000000,0.000000,0.000000,0.000000,0.000000,0,0,0,0
"13,17",0,96603,0,0,1015,4,99999,99999,99999,99999,99999,99999,0.000000,0.000000,0.000000,0.000000,0.000000,0.000000,0.000000,0.000000,0.000000,0.000000,0.000000,0.000000,0.000000,0.000000,0,0,0,0
"13,18",0,96603,0,0,1013,4,99999,99999,99999,99999,99999,99999,0.000000,0.000000,0.000000,0.000000,0.000000,0.000000,0.000000,0.000000,0.000000,0.000000,0.000000,0.000000,0.000000,0.000000,0,0,0,0
"13,19",0,96603,0,0,1014,4,99999,99999,99999,99999,99999,99999,0.000000,0.000000,0.000000,0.000000,0.000000,0.000000,0.000000,0.000000,0.000000,0.000000,0.000000,0.000000,0.000000,0.000000,0,0,0,0
"13,20",0,96603,0,0,1012,4,99999,99999,99999,99999,99999,99999,0.000000,0.000000,0.000000,0.000000,0.000000,0.000000,0.000000,0.000000,0.000000,0.000000,0.000000,0.000000,0.000000,0.000000,0,0,0,0
"13,21",0,96603,0,0,1016,4,99999,99999,99999,99999,99999,99999,0.000000,0.000000,0.000000,0.000000,0.000000,0.000000,0.000000,0.000000,0.000000,0.000000,0.000000,0.000000,0.000000,0.000000,0,0,0,0
"13,22",0,96603,0,0,1011,4,99999,99999,99999,99999,99999,99999,0.000000,0.000000,0.000000,0.000000,0.000000,0.000000,0.000000,0.000000,0.000000,0.000000,0.000000,0.000000,0.000000,0.000000,0,0,0,0
"13,23",0,96603,0,0,1010,4,99999,99999,99999,99999,99999,99999,0.000000,0.000000,0.000000,0.000000,0.000000,0.000000,0.000000,0.000000,0.000000,0.000000,0.000000,0.000000,0.000000,0.000000,0,0,0,0
"13,24",0,96603,0,0,1013,4,99999,99999,99999,99999,99999,99999,0.000000,0.000000,0.000000,0.000000,0.000000,0.000000,0.000000,0.000000,0.000000,0.000000,0.000000,0.000000,0.000000,0.000000,0,0,0,0
"13,25",0,96603,0,0,1013,4,99999,99999,99999,99999,99999,99999,0.000000,0.000000,0.000000,0.000000,0.000000,0.000000,0.000000,0.000000,0.000000,0.000000,0.000000,0.000000,0.000000,0.000000,0,0,0,0
"13,26",0,96603,0,0,1012,4,99999,99999,99999,99999,99999,99999,0.000000,0.000000,0.000000,0.000000,0.000000,0.000000,0.000000,0.000000,0.000000,0.000000,0.000000,0.000000,0.000000,0.000000,0,0,0,0
"14,-26",0,96603,0,0,1009,4,99999,99999,99999,99999,99999,99999,0.000000,0.000000,0.000000,0.000000,0.000000,0.000000,0.000000,0.000000,0.000000,0.000000,0.000000,0.000000,0.000000,0.000000,0,0,0,0
"14,-25",0,96603,0,0,1013,4,99999,99999,99999,99999,99999,99999,0.000000,0.000000,0.000000,0.000000,0.000000,0.000000,0.000000,0.000000,0.000000,0.000000,0.000000,0.000000,0.000000,0.000000,0,0,0,0
"14,-24",0,96603,0,0,1013,4,99999,99999,99999,99999,99999,99999,0.000000,0.000000,0.000000,0.000000,0.000000,0.000000,0.000000,0.000000,0.000000,0.000000,0.000000,0.000000,0.000000,0.000000,0,0,0,0
"14,-23",0,96603,0,0,1014,4,99999,99999,99999,99999,99999,99999,0.000000,0.000000,0.000000,0.000000,0.000000,0.000000,0.000000,0.000000,0.000000,0.000000,0.000000,0.000000,0.000000,0.000000,0,0,0,0
"14,-22",0,96603,0,0,1012,4,99999,99999,99999,99999,99999,99999,0.000000,0.000000,0.000000,0.000000,0.000000,0.000000,0.000000,0.000000,0.000000,0.000000,0.000000,0.000000,0.000000,0.000000,0,0,0,0
"14,-21",0,96603,0,0,1009,4,99999,99999,99999,99999,99999,99999,0.000000,0.000000,0.000000,0.000000,0.000000,0.000000,0.000000,0.000000,0.000000,0.000000,0.000000,0.000000,0.000000,0.000000,0,0,0,0
"14,-20",0,96603,0,0,1010,4,99999,99999,99999,99999,99999,99999,0.000000,0.000000,0.000000,0.000000,0.000000,0.000000,0.000000,0.000000,0.000000,0.000000,0.000000,0.000000,0.000000,0.000000,0,0,0,0
"14,-19",0,96603,0,0,1013,4,99999,99999,99999,99999,99999,99999,0.000000,0.000000,0.000000,0.000000,0.000000,0.000000,0.000000,0.000000,0.000000,0.000000,0.000000,0.000000,0.000000,0.000000,0,0,0,0
"14,-18",0,96603,0,0,1013,4,99999,99999,99999,99999,99999,99999,0.000000,0.000000,0.000000,0.000000,0.000000,0.000000,0.000000,0.000000,0.000000,0.000000,0.000000,0.000000,0.000000,0.000000,0,0,0,0
"14,-17",0,96603,0,0,1014,4,99999,99999,99999,99999,99999,99999,0.000000,0.000000,0.000000,0.000000,0.000000,0.000000,0.000000,0.000000,0.000000,0.000000,0.000000,0.000000,0.000000,0.000000,0,0,0,0
"14,-13",50,96506,8,1,1081,1,137,548,851,0,8,8,0.467391,0.201087,0.320652,0.010870,0.000000,0.000000,0.000000,0.603175,0.325397,0.071429,0.000000,0.000000,0.000000,0.000000,18726,123,257,129
"14,-12",48,96517,9,1,1080,1,98,649,895,0,8,9,0.505376,0.274194,0.209677,0.010753,0.000000,0.000000,0.000000,0.516779,0.375839,0.093960,0.006711,0.006711,0.000000,0.000000,21942,145,297,143
"14,-11",39,96528,9,1,1081,2,32,375,502,0,4,9,0.721053,0.257895,0.021053,0.000000,0.000000,0.000000,0.000000,0.642105,0.310526,0.021053,0.021053,0.005263,0.000000,0.000000,28537,186,310,121
"14,-10",38,96539,9,1,1080,2,37,606,831,0,8,8,0.686813,0.164835,0.142857,0.005495,0.000000,0.000000,0.000000,0.661111,0.261111,0.066667,0.005556,0.000000,0.005556,0.000000,23536,155,260,101
"14,-9",48,96547,9,1,1080,1,509,936,1254,0,8,9,0.295337,0.119171,0.528497,0.046632,0.010363,0.000000,0.000000,0.569892,0.322581,0.086022,0.010753,0.010753,0.000000,0.000000,12422,80,218,105
"14,-8",37,96557,9,1,1080,1,31,519,675,0,4,8,0.700000,0.183333,0.105556,0.005556,0.005556,0.000000,0.000000,0.660920,0.287356,0.051724,0.000000,0.000000,0.000000,0.000000,24150,159,264,99
"14,-7",37,96565,9,1,1080,1,252,1092,1286,0,5,9,0.393782,0.186528,0.331606,0.077720,0.010363,0.000000,0.000000,0.619469,0.309735,0.053097,0.008850,0.008850,0.000000,0.000000,17208,112,216,80
"14,-6",46,96705,10,1,1079,1,64,559,787,0,8,9,0.552083,0.182292,0.255208,0.010417,0.000000,0.000000,0.000000,0.657718,0.234899,0.093960,0.013423,0.000000,0.000000,0.000000,21687,141,296,138
"14,-5",50,96994,11,1,1081,1,58,525,728,0,8,8,0.567742,0.335484,0.096774,0.000000,0.000000,0.000000,0.000000,0.544828,0.337931,0.110345,0.006897,0.000000,0.000000,0.000000,21353,140,304,153
"14,-4",43,97294,11,1,1081,2,36,522,570,0,8,10,0.661111,0.244444,0.094444,0.000000,0.000000,0.000000,0.000000,0.647059,0.264706,0.058824,0.017647,0.011765,0.000000,0.000000,24938,163,321,141
"14,-3",37,97558,11,1,1082,1,33,488,613,0,8,8,0.722222,0.227778,0.050000,0.000000,0.000000,0.000000,0.000000,0.662857,0.251429,0.074286,0.005714,0.005714,0.000000,0.000000,26055,171,287,107
"14,-2",40,97822,11,1,1080,2,25,350,527,0,4,8,0.761111,0.216667,0.022222,0.000000,0.000000,0.000000,0.000000,0.634518,0.314721,0.050761,0.000000,0.000000,0.000000,0.000000,26948,176,297,119
"14,-1",37,98043,11,1,1081,1,42,574,782,0,5,9,0.598958,0.166667,0.234375,0.000000,0.000000,0.000000,0.000000,0.660606,0.284848,0.036364,0.018182,0.000000,0.000000,0.000000,22399,147,262,99
"14,0",40,98273,11,1,1081,1,56,531,548,0,8,10,0.583333,0.266667,0.144444,0.005556,0.000000,0.000000,0.000000,0.657718,0.241611,0.087248,0.006711,0.006711,0.000000,0.000000,23686,153,271,109
"14,1",39,98517,11,1,1081,2,24,427,727,0,4,10,0.755556,0.205556,0.038889,0.000000,0.000000,0.000000,0.000000,0.652632,0.305263,0.026316,0.005263,0.010526,0.000000,0.000000,26412,173,290,114
"14,2",39,98747,11,1,1081,1,45,524,538,0,5,8,0.633333,0.272222,0.083333,0.011111,0.000000,0.000000,0.000000,0.628743,0.311377,0.053892,0.000000,0.005988,0.000000,0.000000,24786,163,273,108
"14,3",33,98928,11,1,1080,1,54,546,903,0,8,8,0.566845,0.197861,0.219251,0.005348,0.010695,0.000000,0.000000,0.705479,0.205479,0.082192,0.000000,0.006849,0.000000,0.000000,22220,143,220,73
"14,4",39,99135,11,1,1081,1,45,650,850,0,8,13,0.624309,0.176796,0.187845,0.011050,0.000000,0.000000,0.000000,0.625767,0.257669,0.092025,0.006135,0.018405,0.000000,0.000000,22028,145,255,102
"14,5",35,99348,11,1,1079,1,22,1029,1393,0,5,8,0.723757,0.154696,0.066298,0.033149,0.022099,0.000000,0.000000,0.715909,0.221591,0.051136,0.005682,0.005682,0.000000,0.000000,24211,159,262,92
"14,6",38,99428,10,1,1078,1,84,542,556,0,8,10,0.522222,0.177778,0.300000,0.000000,0.000000,0.000000,0.000000,0.669231,0.253846,0.046154,0.023077,0.007692,0.000000,0.000000,19047,126,212,82
"14,7",36,99414,9,1,1079,1,52,530,923,0,8,9,0.607527,0.193548,0.182796,0.005376,0.010753,0.000000,0.000000,0.673469,0.238095,0.074830,0.013605,0.000000,0.000000,0.000000,22611,149,250,92
"14,8",29,99398,9,1,1080,1,30,521,650,0,5,8,0.719780,0.197802,0.082418,0.000000,0.000000,0.000000,0.000000,0.683908,0.247126,0.063218,0.000000,0.005747,0.000000,0.000000,25414,167,251,75
"14,9",37,99380,9,1,1080,2,25,503,540,0,5,8,0.761111,0.177778,0.061111,0.000000,0.000000,0.000000,0.000000,0.653846,0.269231,0.071429,0.000000,0.005495,0.000000,0.000000,25954,169,287,108
"14,10",34,99363,9,1,1081,1,24,538,676,0,5,8,0.700000,0.211111,0.088889,0.000000,0.000000,0.000000,0.000000,0.660714,0.273810,0.053571,0.005952,0.005952,0.000000,0.000000,25052,164,273,95
"14,11",32,99347,9,1,1081,1,39,518,540,0,4,8,0.701657,0.237569,0.049724,0.011050,0.000000,0.000000,0.000000,0.680473,0.278107,0.029586,0.005917,0.005917,0.000000,0.000000,25845,170,252,81
"14,12",39,99331,9,1,1081,1,37,513,818,0,8,9,0.662722,0.266272,0.071006,0.000000,0.000000,0.000000,0.000000,0.587879,0.321212,0.072727,0.012121,0.006061,0.000000,0.000000,23829,157,264,103
"14,13",0,99331,0,0,1081,0,99999,99999,99999,99999,99999,99999,0.000000,0.000000,0.000000,0.000000,0.000000,0.000000,0.000000,0.000000,0.000000,0.000000,0.000000,0.000000,0.000000,0.000000,0,0,0,0
"14,17",0,99331,0,0,1013,4,99999,99999,99999,99999,99999,99999,0.000000,0.000000,0.000000,0.000000,0.000000,0.000000,0.000000,0.000000,0.000000,0.000000,0.000000,0.000000,0.000000,0.000000,0,0,0,0
"14,18",0,99331,0,0,1014,4,99999,99999,99999,99999,99999,99999,0.000000,0.000000,0.000000,0.000000,0.000000,0.000000,0.000000,0.000000,0.000000,0.000000,0.000000,0.000000,0.000000,0.000000,0,0,0,0
"14,19",0,99331,0,0,1016,4,99999,99999,99999,99999,99999,99999,0.000000,0.000000,0.000000,0.000000,0.000000,0.000000,0.000000,0.000000,0.000000,0.000000,0.000000,0.000000,0.000000,0.000000,0,0,0,0
"14,20",0,99331,0,0,1011,4,99999,99999,99999,99999,99999,99999,0.000000,0.000000,0.000000,0.000000,0.000000,0.000000,0.000000,0.000000,0.000000,0.000000,0.000000,0.000000,0.000000,0.000000,0,0,0,0
"14,21",0,99331,0,0,1015,4,99999,99999,99999,99999,99999,99999,0.000000,0.000000,0.000000,0.000000,0.000000,0.000000,0.000000,0.000000,0.000000,0.000000,0.000000,0.000000,0.000000,0.000000,0,0,0,0
"14,22",0,99331,0,0,1011,4,99999,99999,99999,99999,99999,99999,0.000000,0.000000,0.000000,0.000000,0.000000,0.000000,0.000000,0.000000,0.000000,0.000000,0.000000,0.000000,0.000000,0.000000,0,0,0,0
"14,23",0,99331,0,0,1014,4,99999,99999,99999,99999,99999,99999,0.000000,0.000000,0.000000,0.000000,0.000000,0.000000,0.000000,0.000000,0.000000,0.000000,0.000000,0.000000,0.000000,0.000000,0,0,0,0
"14,24",0,99331,0,0,1012,4,99999,99999,99999,99999,99999,99999,0.000000,0.000000,0.000000,0.000000,0.000000,0.000000,0.000000,0.000000,0.000000,0.000000,0.000000,0.000000,0.000000,0.000000,0,0,0,0
"14,25",0,99331,0,0,1016,4,99999,99999,99999,99999,99999,99999,0.000000,0.000000,0.000000,0.000000,0.000000,0.000000,0.000000,0.000000,0.000000,0.000000,0.000000,0.000000,0.000000,0.000000,0,0,0,0
"14,26",0,99331,0,0,1013,4,99999,99999,99999,99999,99999,99999,0.000000,0.000000,0.000000,0.000000,0.000000,0.000000,0.000000,0.000000,0.000000,0.000000,0.000000,0.000000,0.000000,0.000000,0,0,0,0
"15,-26",0,99331,0,0,1012,4,99999,99999,99999,99999,99999,99999,0.000000,0.000000,0.000000,0.000000,0.000000,0.000000,0.000000,0.000000,0.000000,0.000000,0.000000,0.000000,0.000000,0.000000,0,0,0,0
"15,-25",0,99331,0,0,1011,4,99999,99999,99999,99999,99999,99999,0.000000,0.000000,0.000000,0.000000,0.000000,0.000000,0.000000,0.000000,0.000000,0.000000,0.000000,0.000000,0.000000,0.000000,0,0,0,0
"15,-24",0,99331,0,0,1010,4,99999,99999,99999,99999,99999,99999,0.000000,0.000000,0.000000,0.000000,0.000000,0.000000,0.000000,0.000000,0.000000,0.000000,0.000000,0.000000,0.000000,0.000000,0,0,0,0
"15,-23",0,99331,0,0,1014,4,99999,99999,99999,99999,99999,99999,0.000000,0.000000,0.000000,0.000000,0.000000,0.000000,0.000000,0.000000,0.000000,0.000000,0.000000,0.000000,0.000000,0.000000,0,0,0,0
"15,-22",0,99331,0,0,1018,4,99999,99999,99999,99999,99999,99999,0.000000,0.000000,0.000000,0.000000,0.000000,0.000000,0.000000,0.000000,0.000000,0.000000,0.000000,0.000000,0.000000,0.000000,0,0,0,0
"15,-21",0,99331,0,0,1013,4,99999,99999,99999,99999,99999,99999,0.000000,0.000000,0.000000,0.000000,0.000000,0.000000,0.000000,0.000000,0.000000,0.000000,0.000000,0.000000,0.000000,0.000000,0,0,0,0
"15,-20",0,99331,0,0,1017,4,99999,99999,99999,99999,99999,99999,0.000000,0.000000,0.000000,0.000000,0.000000,0.000000,0.000000,0.000000,0.000000,0.000000,0.000000,0.000000,0.000000,0.000000,0,0,0,0
"15,-19",0,99331,0,0,1013,4,99999,99999,99999,99999,99999,99999,0.000000,0.000000,0.000000,0.000000,0.000000,0.000000,0.000000,0.000000,0.000000,0.000000,0.000000,0.000000,0.000000,0.000000,0,0,0,0
"15,-18",0,99331,0,0,1011,4,99999,99999,99999,99999,99999,99999,0.000000,0.000000,0.000000,0.000000,0.000000,0.000000,0.000000,0.000000,0.000000,0.000000,0.000000,0.000000,0.000000,0.000000,0,0,0,0
"15,-17",0,99331,0,0,1014,4,99999,99999,99999,99999,99999,99999,0.000000,0.000000,0.000000,0.000000,0.000000,0.000000,0.000000,0.000000,0.000000,0.000000,0.000000,0.000000,0.000000,0.000000,0,0,0,0
"15,-13",36,99317,9,1,1081,2,25,509,651,0,8,9,0.821229,0.100559,0.072626,0.005587,0.000000,0.000000,0.000000,0.643564,0.242574,0.089109,0.019802,0.004950,0.000000,0.000000,24858,165,275,100
"15,-12",43,99301,9,1,1082,1,168,547,1145,0,8,12,0.423280,0.259259,0.301587,0.015873,0.000000,0.000000,0.000000,0.560976,0.341463,0.081301,0.008130,0.008130,0.000000,0.000000,19683,129,280,121
"15,-11",46,99286,9,1,1081,1,113,541,645,0,8,9,0.480663,0.215470,0.303867,0.000000,0.000000,0.000000,0.000000,0.595588,0.308824,0.058824,0.036765,0.000000,0.000000,0.000000,19381,126,252,118
"15,-10",35,99272,9,1,1080,1,52,1242,1605,0,8,9,0.581522,0.260870,0.059783,0.054348,0.038043,0.005435,0.000000,0.658065,0.258065,0.058065,0.012903,0.012903,0.000000,0.000000,23698,155,251,89
"15,-9",30,99262,9,1,1080,1,123,542,643,0,4,8,0.488889,0.183333,0.327778,0.000000,0.000000,0.000000,0.000000,0.689655,0.258621,0.043103,0.008621,0.000000,0.000000,0.000000,18840,121,179,54
"15,-8",36,99248,9,1,1080,1,34,673,1001,0,8,9,0.644444,0.183333,0.133333,0.038889,0.000000,0.000000,0.000000,0.680473,0.224852,0.065089,0.017751,0.011834,0.000000,0.000000,22707,149,254,92
"15,-7",41,99337,10,1,1079,1,48,540,840,0,5,8,0.605556,0.233333,0.150000,0.011111,0.000000,0.000000,0.000000,0.628205,0.294872,0.064103,0.012821,0.000000,0.000000,0.000000,23013,151,273,113
"15,-6",38,99521,11,1,1079,1,29,519,1318,0,8,8,0.700000,0.194444,0.072222,0.016667,0.016667,0.000000,0.000000,0.657143,0.257143,0.074286,0.011429,0.000000,0.000000,0.000000,24446,161,270,103
"15,-5",36,99712,11,1,1080,2,21,410,575,0,8,13,0.845714,0.108571,0.045714,0.000000,0.000000,0.000000,0.000000,0.631579,0.272727,0.071770,0.009569,0.009569,0.004785,0.000000,25414,167,273,100
"15,-4",43,99870,11,1,1081,1,142,549,711,0,8,10,0.455556,0.216667,0.327778,0.000000,0.000000,0.000000,0.000000,0.582677,0.314961,0.070866,0.023622,0.007874,0.000000,0.000000,18571,121,232,102
"15,-3",37,100062,11,1,1080,2,22,272,432,0,5,10,0.777778,0.216667,0.005556,0.000000,0.000000,0.000000,0.000000,0.676923,0.246154,0.056410,0.010256,0.010256,0.000000,0.000000,27343,179,289,109
"15,-2",31,100199,11,1,1081,1,145,551,638,0,8,10,0.461957,0.184783,0.353261,0.000000,0.000000,0.000000,0.000000,0.655462,0.268908,0.050420,0.016807,0.008403,0.000000,0.000000,18568,120,198,63
"15,-1",39,100379,11,1,1079,1,36,535,648,0,7,8,0.677778,0.233333,0.088889,0.000000,0.000000,0.000000,0.000000,0.649718,0.271186,0.067797,0.011299,0.000000,0.000000,0.000000,25038,164,284,112
"15,0",42,100558,11,1,1080,1,28,537,647,0,4,8,0.683333,0.150000,0.161111,0.005556,0.000000,0.000000,0.000000,0.694611,0.263473,0.029940,0.005988,0.005988,0.000000,0.000000,22760,150,282,119
"15,1",43,100714,11,1,1081,1,123,550,809,0,5,8,0.488889,0.233333,0.277778,0.000000,0.000000,0.000000,0.000000,0.592593,0.348148,0.059259,0.000000,0.000000,0.000000,0.000000,19852,130,246,106
"15,2",29,100823,11,1,1081,1,149,738,1056,0,8,8,0.461111,0.161111,0.344444,0.033333,0.000000,0.000000,0.000000,0.685185,0.212963,0.092593,0.009259,0.000000,0.000000,0.000000,16982,112,169,50
"15,3",49,100973,11,1,1081,1,249,543,977,0,5,10,0.343750,0.296875,0.338542,0.020833,0.000000,0.000000,0.000000,0.596330,0.339450,0.045872,0.018349,0.000000,0.000000,0.000000,18481,123,260,129
"15,4",40,101141,11,1,1081,1,35,527,580,0,8,9,0.640884,0.237569,0.110497,0.011050,0.000000,0.000000,0.000000,0.660494,0.265432,0.055556,0.006173,0.012346,0.000000,0.000000,24127,159,283,115
"15,5",36,101297,11,1,1081,1,32,542,819,0,8,13,0.694444,0.177778,0.127778,0.000000,0.000000,0.000000,0.000000,0.647399,0.277457,0.028902,0.028902,0.017341,0.000000,0.000000,24032,157,268,99
"15,6",38,101456,11,1,1081,1,72,575,702,0,8,10,0.550000,0.327778,0.122222,0.000000,0.000000,0.000000,0.000000,0.652482,0.262411,0.070922,0.014184,0.000000,0.000000,0.000000,23937,158,275,105
"15,7",43,101516,10,1,1079,1,170,571,1333,0,5,9,0.438889,0.294444,0.244444,0.005556,0.016667,0.000000,0.000000,0.591667,0.333333,0.058333,0.016667,0.000000,0.000000,0.000000,20307,132,261,113
"15,8",36,101488,9,1,1080,1,47,562,736,0,5,9,0.609375,0.182292,0.203125,0.005208,0.000000,0.000000,0.000000,0.641509,0.301887,0.037736,0.012579,0.006289,0.000000,0.000000,23416,152,269,98
"15,9",36,101457,9,1,1081,2,29,528,697,0,5,9,0.737705,0.153005,0.109290,0.000000,0.000000,0.000000,0.000000,0.689266,0.220339,0.073446,0.005650,0.011299,0.000000,0.000000,24706,163,276,102
"15,10",35,101432,9,1,1081,1,74,548,830,0,8,10,0.530387,0.259669,0.198895,0.005525,0.005525,0.000000,0.000000,0.666667,0.253623,0.050725,0.028986,0.000000,0.000000,0.000000,21942,143,232,82
"15,11",43,101399,9,1,1080,2,26,509,787,0,8,9,0.790055,0.149171,0.060773,0.000000,0.000000,0.000000,0.000000,0.640777,0.291262,0.043689,0.014563,0.009709,0.000000,0.000000,25822,170,313,137
"15,12",34,101371,9,1,1081,1,39,499,652,0,8,8,0.685083,0.265193,0.049724,0.000000,0.000000,0.000000,0.000000,0.645714,0.268571,0.080000,0.000000,0.005714,0.000000,0.000000,26206,172,272,93
"15,13",48,101337,9,1,1081,2,61,505,532,0,8,8,0.593407,0.351648,0.054945,0.000000,0.000000,0.000000,0.000000,0.604790,0.299401,0.083832,0.005988,0.005988,0.000000,0.000000,26279,172,348,168
"15,17",0,101337,0,0,1013,4,99999,99999,99999,99999,99999,99999,0.000000,0.000000,0.000000,0.000000,0.000000,0.000000,0.000000,0.000000,0.000000,0.000000,0.000000,0.000000,0.000000,0.000000,0,0,0,0
"15,18",0,101337,0,0,1012,4,99999,99999,99999,99999,99999,99999,0.000000,0.000000,0.000000,0.000000,0.000000,0.000000,0.000000,0.000000,0.000000,0.000000,0.000000,0.000000,0.000000,0.000000,0,0,0,0
"15,19",0,101337,0,0,1012,4,99999,99999,99999,99999,99999,99999,0.000000,0.000000,0.000000,0.000000,0.000000,0.000000,0.000000,0.000000,0.000000,0.000000,0.000000,0.000000,0.000000,0.000000,0,0,0,0
"15,20",0,101337,0,0,1012,4,99999,99999,99999,99999,99999,99999,0.000000,0.000000,0.000000,0.000000,0.000000,0.000000,0.000000,0.000000,0.000000,0.000000,0.000000,0.000000,0.000000,0.000000,0,0,0,0
"15,21",0,101337,0,0,1013,4,99999,99999,99999,99999,99999,99999,0.000000,0.000000,0.000000,0.000000,0.000000,0.000000,0.000000,0.000000,0.000000,0.000000,0.000000,0.000000,0.000000,0.000000,0,0,0,0
"15,22",0,101337,0,0,1009,4,99999,99999,99999,99999,99999,99999,0.000000,0.000000,0.000000,0.000000,0.000000,0.000000,0.000000,0.000000,0.000000,0.000000,0.000000,0.000000,0.000000,0.000000,0,0,0,0
"15,23",0,101337,0,0,1015,4,99999,99999,99999,99999,99999,99999,0.000000,0.000000,0.000000,0.000000,0.000000,0.000000,0.000000,0.000000,0.000000,0.000000,0.000000,0.000000,0.000000,0.000000,0,0,0,0
"15,24",0,101337,0,0,1013,4,99999,99999,99999,99999,99999,99999,0.000000,0.000000,0.000000,0.000000,0.000000,0.000000,0.000000,0.000000,0.000000,0.000000,0.000000,0.000000,0.000000,0.000000,0,0,0,0
"15,25",0,101337,0,0,1014,4,99999,99999,99999,99999,99999,99999,0.000000,0.000000,0.000000,0.000000,0.000000,0.000000,0.000000,0.000000,0.000000,0.000000,0.000000,0.000000,0.000000,0.000000,0,0,0,0
"15,26",0,101337,0,0,1016,4,99999,99999,99999,99999,99999,99999,0.000000,0.000000,0.000000,0.000000,0.000000,0.000000,0.000000,0.000000,0.000000,0.000000,0.000000,0.000000,0.000000,0.000000,0,0,0,0
"16,-26",0,101337,0,0,1013,4,99999,99999,99999,99999,99999,99999,0.000000,0.000000,0.000000,0.000000,0.000000,0.000000,0.000000,0.000000,0.000000,0.000000,0.000000,0.000000,0.000000,0.000000,0,0,0,0
"16,-25",0,101337,0,0,1016,4,99999,99999,99999,99999,99999,99999,0.000000,0.000000,0.000000,0.000000,0.000000,0.000000,0.000000,0.000000,0.000000,0.000000,0.000000,0.000000,0.000000,0.000000,0,0,0,0
"16,-24",0,101337,0,0,1015,4,99999,99999,99999,99999,99999,99999,0.000000,0.000000,0.000000,0.000000,0.000000,0.000000,0.000000,0.000000,0.000000,0.000000,0.000000,0.000000,0.000000,0.000000,0,0,0,0
"16,-23",0,101337,0,0,1011,4,99999,99999,99999,99999,99999,99999,0.000000,0.000000,0.000000,0.000000,0.000000,0.000000,0.000000,0.000000,0.000000,0.000000,0.000000,0.000000,0.000000,0.000000,0,0,0,0
"16,-22",0,101337,0,0,1012,4,99999,99999,99999,99999,99999,99999,0.000000,0.000000,0.000000,0.000000,0.000000,0.000000,0.000000,0.000000,0.000000,0.000000,0.000000,0.000000,0.000000,0.000000,0,0,0,0
"16,-21",0,101337,0,0,1010,4,99999,99999,99999,99999,99999,99999,0.000000,0.000000,0.000000,0.000000,0.000000,0.000000,0.000000,0.000000,0.000000,0.000000,0.000000,0.000000,0.000000,0.000000,0,0,0,0
"16,-20",0,101337,0,0,1015,4,99999,99999,99999,99999,99999,99999,0.000000,0.000000,0.000000,0.000000,0.000000,0.000000,0.000000,0.000000,0.000000,0.000000,0.000000,0.000000,0.000000,0.000000,0,0,0,0
"16,-19",0,101337,0,0,1012,4,99999,99999,99999,99999,99999,99999,0.000000,0.000000,0.000000,0.000000,0.000000,0.000000,0.000000,0.000000,0.000000,0.000000,0.000000,0.000000,0.000000,0.000000,0,0,0,0
"16,-18",0,101337,0,0,1013,4,99999,99999,99999,99999,99999,99999,0.000000,0.000000,0.000000,0.000000,0.000000,0.000000,0.000000,0.000000,0.000000,0.000000,0.000000,0.000000,0.000000,0.000000,0,0,0,0
"16,-17",0,101337,0,0,1013,4,99999,99999,99999,99999,99999,99999,0.000000,0.000000,0.000000,0.000000,0.000000,0.000000,0.000000,0.000000,0.000000,0.000000,0.000000,0.000000,0.000000,0.000000,0,0,0,0
"16,-13",38,101307,9,1,1080,1,31,557,766,0,8,13,0.700000,0.166667,0.133333,0.000000,0.000000,0.000000,0.000000,0.636364,0.306818,0.034091,0.005682,0.017045,0.000000,0.000000,23910,156,282,108
"16,-12",44,101283,9,1,1079,1,94,996,1349,0,8,13,0.510526,0.163158,0.273684,0.031579,0.021053,0.000000,0.000000,0.635762,0.271523,0.079470,0.000000,0.013245,0.000000,0.000000,19456,128,264,117
"16,-11",45,101257,9,1,1080,1,116,551,772,0,5,10,0.488889,0.233333,0.266667,0.011111,0.000000,0.000000,0.000000,0.598540,0.335766,0.051095,0.007299,0.007299,0.000000,0.000000,19739,130,269,122
"16,-10",39,101232,9,1,1081,1,40,540,548,0,6,9,0.672222,0.122222,0.200000,0.005556,0.000000,0.000000,0.000000,0.635838,0.289017,0.052023,0.011561,0.011561,0.000000,0.000000,22095,143,241,96
"16,-9",36,101207,9,1,1080,1,40,531,694,0,8,9,0.614525,0.262570,0.111732,0.011173,0.000000,0.000000,0.000000,0.621118,0.291925,0.062112,0.024845,0.000000,0.000000,0.000000,23934,157,258,94
"16,-8",41,101258,10,1,1079,1,164,1054,1309,0,8,14,0.433526,0.213873,0.283237,0.052023,0.017341,0.000000,0.000000,0.583333,0.325000,0.066667,0.008333,0.008333,0.008333,0.000000,17199,112,235,98
"16,-7",41,101306,10,1,1079,1,249,546,595,0,8,13,0.384211,0.236842,0.373684,0.005263,0.000000,0.000000,0.000000,0.619048,0.276190,0.076190,0.009524,0.009524,0.009524,0.000000,18281,118,222,93
"16,-6",37,101454,11,1,1081,2,24,250,513,0,5,11,0.816667,0.161111,0.022222,0.000000,0.000000,0.000000,0.000000,0.632353,0.303922,0.034314,0.019608,0.004902,0.004902,0.000000,26914,176,290,110
"16,-5",48,101633,11,1,1080,2,30,440,528,0,5,10,0.708791,0.252747,0.038462,0.000000,0.000000,0.000000,0.000000,0.631016,0.304813,0.048128,0.005348,0.010695,0.000000,0.000000,26765,175,353,172
"16,-4",40,101773,11,1,1082,1,23,522,556,0,8,8,0.775956,0.142077,0.071038,0.010929,0.000000,0.000000,0.000000,0.646154,0.271795,0.076923,0.005128,0.000000,0.000000,0.000000,25590,168,281,113
"16,-3",44,101929,11,1,1081,2,34,515,838,0,4,8,0.679558,0.237569,0.077348,0.005525,0.000000,0.000000,0.000000,0.612022,0.349727,0.032787,0.000000,0.005464,0.000000,0.000000,25262,166,316,141
"16,-2",37,102064,11,1,1081,2,27,500,589,0,8,17,0.764045,0.179775,0.056180,0.000000,0.000000,0.000000,0.000000,0.597938,0.314433,0.051546,0.010309,0.010309,0.015464,0.000000,25866,169,278,103
"16,-1",46,102194,11,1,1081,1,244,614,817,0,8,13,0.416667,0.194444,0.377778,0.011111,0.000000,0.000000,0.000000,0.571429,0.302521,0.109244,0.000000,0.016807,0.000000,0.000000,17129,110,252,116
"16,0",42,102338,11,1,1080,2,22,515,791,0,8,9,0.811111,0.127778,0.061111,0.000000,0.000000,0.000000,0.000000,0.646512,0.288372,0.051163,0.013953,0.000000,0.000000,0.000000,25684,169,300,129
"16,1",29,102427,11,1,1082,1,297,553,670,0,8,13,0.400000,0.172222,0.427778,0.000000,0.000000,0.000000,0.000000,0.631068,0.300971,0.038835,0.009709,0.019417,0.000000,0.000000,15834,103,170,51
"16,2",41,102556,11,1,1082,1,75,609,712,0,8,9,0.538889,0.222222,0.238889,0.000000,0.000000,0.000000,0.000000,0.535032,0.382166,0.063694,0.019108,0.000000,0.000000,0.000000,20869,137,273,112
"16,3",44,102703,11,1,1080,2,39,370,509,0,8,10,0.677778,0.305556,0.016667,0.000000,0.000000,0.000000,0.000000,0.545918,0.331633,0.096939,0.015306,0.010204,0.000000,0.000000,27035,177,327,147
"16,4",42,102831,11,1,1080,1,38,533,544,0,8,10,0.633880,0.262295,0.098361,0.000000,0.005464,0.000000,0.000000,0.606061,0.266667,0.103030,0.012121,0.012121,0.000000,0.000000,24959,164,284,120
"16,5",43,102938,11,1,1081,1,72,542,628,0,5,10,0.535135,0.172973,0.281081,0.010811,0.000000,0.000000,0.000000,0.633094,0.294964,0.057554,0.007194,0.007194,0.000000,0.000000,20114,131,231,101
"16,6",39,103054,11,1,1080,1,79,589,891,0,9,13,0.521739,0.282609,0.184783,0.010870,0.000000,0.000000,0.000000,0.600000,0.307143,0.035714,0.042857,0.014286,0.000000,0.000000,22563,148,267,106
"16,7",39,103096,10,1,1080,1,34,526,652,0,8,8,0.705556,0.166667,0.116667,0.011111,0.000000,0.000000,0.000000,0.655367,0.242938,0.090395,0.011299,0.000000,0.000000,0.000000,24013,157,266,105
"16,8",37,103133,10,1,1080,1,84,548,1200,0,5,10,0.516667,0.233333,0.233333,0.016667,0.000000,0.000000,0.000000,0.637037,0.274074,0.059259,0.022222,0.007407,0.000000,0.000000,20790,135,235,87
"16,9",32,103099,9,1,1081,2,22,255,511,0,5,8,0.811111,0.172222,0.016667,0.000000,0.000000,0.000000,0.000000,0.680412,0.252577,0.067010,0.000000,0.000000,0.000000,0.000000,27035,177,264,85
"16,10",40,103060,9,1,1081,1,66,553,732,0,8,10,0.566667,0.300000,0.133333,0.000000,0.000000,0.000000,0.000000,0.587097,0.309677,0.064516,0.032258,0.006452,0.000000,0.000000,23844,156,289,118
"16,11",36,103023,9,1,1081,2,31,525,598,0,8,10,0.700000,0.222222,0.077778,0.000000,0.000000,0.000000,0.000000,0.628415,0.267760,0.076503,0.016393,0.010929,0.000000,0.000000,25182,166,278,101
"16,12",37,102988,9,1,1080,2,30,421,584,0,8,13,0.767956,0.193370,0.038674,0.000000,0.000000,0.000000,0.000000,0.596859,0.277487,0.089005,0.020942,0.010471,0.005236,0.000000,26508,174,290,110
"16,13",43,102955,9,1,1081,1,54,529,556,0,8,9,0.622222,0.216667,0.150000,0.000000,0.011111,0.000000,0.000000,0.588235,0.300000,0.088235,0.023529,0.000000,0.000000,0.000000,22873,151,274,118
"16,17",0,102955,0,0,1012,4,99999,99999,99999,99999,99999,99999,0.000000,0.000000,0.000000,0.000000,0.000000,0.000000,0.000000,0.000000,0.000000,0.000000,0.000000,0.000000,0.000000,0.000000,0,0,0,0
"16,18",0,102955,0,0,1013,4,99999,99999,99999,99999,99999,99999,0.000000,0.000000,0.000000,0.000000,0.000000,0.000000,0.000000,0.000000,0.000000,0.000000,0.000000,0.000000,0.000000,0.000000,0,0,0,0
"16,19",0,102955,0,0,1011,4,99999,99999,99999,99999,99999,99999,0.000000,0.000000,0.000000,0.000000,0.000000,0.000000,0.000000,0.000000,0.000000,0.000000,0.000000,0.000000,0.000000,0.000000,0,0,0,0
"16,20",0,102955,0,0,1014,4,99999,99999,99999,99999,99999,99999,0.000000,0.000000,0.000000,0.000000,0.000000,0.000000,0.000000,0.000000,0.000000,0.000000,0.000000,0.000000,0.000000,0.000000,0,0,0,0
"16,21",0,102955,0,0,1014,4,99999,99999,99999,99999,99999,99999,0.000000,0.000000,0.000000,0.000000,0.000000,0.000000,0.000000,0.000000,0.000000,0.000000,0.000000,0.000000,0.000000,0.000000,0,0,0,0
"16,22",0,102955,0,0,1012,4,99999,99999,99999,99999,99999,99999,0.000000,0.000000,0.000000,0.000000,0.000000,0.000000,0.000000,0.000000,0.000000,0.000000,0.000000,0.000000,0.000000,0.000000,0,0,0,0
"16,23",0,102955,0,0,1012,4,99999,99999,99999,99999,99999,99999,0.000000,0.000000,0.000000,0.000000,0.000000,0.000000,0.000000,0.000000,0.000000,0.000000,0.000000,0.000000,0.000000,0.000000,0,0,0,0
"16,24",0,102955,0,0,1014,4,99999,99999,99999,99999,99999,99999,0.000000,0.000000,0.000000,0.000000,0.000000,0.000000,0.000000,0.000000,0.000000,0.000000,0.000000,0.000000,0.000000,0.000000,0,0,0,0
"16,25",0,102955,0,0,1014,4,99999,99999,99999,99999,99999,99999,0.000000,0.000000,0.000000,0.000000,0.000000,0.000000,0.000000,0.000000,0.000000,0.000000,0.000000,0.000000,0.000000,0.000000,0,0,0,0
"16,26",0,102955,0,0,1013,4,99999,99999,99999,99999,99999,99999,0.000000,0.000000,0.000000,0.000000,0.000000,0.000000,0.000000,0.000000,0.000000,0.000000,0.000000,0.000000,0.000000,0.000000,0,0,0,0
"17,-26",0,102955,0,0,1011,4,99999,99999,99999,99999,99999,99999,0.000000,0.000000,0.000000,0.000000,0.000000,0.000000,0.000000,0.000000,0.000000,0.000000,0.000000,0.000000,0.000000,0.000000,0,0,0,0
"17,-25",0,102955,0,0,1012,4,99999,99999,99999,99999,99999,99999,0.000000,0.000000,0.000000,0.000000,0.000000,0.000000,0.000000,0.000000,0.000000,0.000000,0.000000,0.000000,0.000000,0.000000,0,0,0,0
"17,-24",0,102955,0,0,1013,4,99999,99999,99999,99999,99999,99999,0.000000,0.000000,0.000000,0.000000,0.000000,0.000000,0.000000,0.000000,0.000000,0.000000,0.000000,0.000000,0.000000,0.000000,0,0,0,0
"17,-23",0,102955,0,0,1012,4,99999,99999,99999,99999,99999,99999,0.000000,0.000000,0.000000,0.000000,0.000000,0.000000,0.000000,0.000000,0.000000,0.000000,0.000000,0.000000,0.000000,0.000000,0,0,0,0
"17,-22",0,102955,0,0,1012,4,99999,99999,99999,99999,99999,99999,0.000000,0.000000,0.000000,0.000000,0.000000,0.000000,0.000000,0.000000,0.000000,0.000000,0.000000,0.000000,0.000000,0.000000,0,0,0,0
"17,-21",0,102955,0,0,1010,4,99999,99999,99999,99999,99999,99999,0.000000,0.000000,0.000000,0.000000,0.000000,0.000000,0.000000,0.000000,0.000000,0.000000,0.000000,0.000000,0.000000,0.000000,0,0,0,0
"17,-20",0,102955,0,0,1014,4,99999,99999,99999,99999,99999,99999,0.000000,0.000000,0.000000,0.000000,0.000000,0.000000,0.000000,0.000000,0.000000,0.000000,0.000000,0.000000,0.000000,0.000000,0,0,0,0
"17,-19",0,102955,0,0,1014,4,99999,99999,99999,99999,99999,99999,0.000000,0.000000,0.000000,0.000000,0.000000,0.000000,0.000000,0.000000,0.000000,0.000000,0.000000,0.000000,0.000000,0.000000,0,0,0,0
"17,-18",0,102955,0,0,1015,4,99999,99999,99999,99999,99999,99999,0.000000,0.000000,0.000000,0.000000,0.000000,0.000000,0.000000,0.000000,0.000000,0.000000,0.000000,0.000000,0.000000,0.000000,0,0,0,0
"17,-17",0,102955,0,0,1013,4,99999,99999,99999,99999,99999,99999,0.000000,0.000000,0.000000,0.000000,0.000000,0.000000,0.000000,0.000000,0.000000,0.000000,0.000000,0.000000,0.000000,0.000000,0,0,0,0
"17,-16",31,102795,7,1,1082,1,41,527,834,0,8,9,0.644444,0.227778,0.116667,0.011111,0.000000,0.000000,0.000000,0.658065,0.264516,0.058065,0.012903,0.006452,0.000000,0.000000,23888,157,235,74
"17,-15",34,102718,8,1,1079,1,73,538,1061,0,8,9,0.552083,0.250000,0.177083,0.010417,0.010417,0.000000,0.000000,0.579618,0.343949,0.050955,0.012739,0.006369,0.006369,0.000000,23455,154,247,85
"17,-14",35,102631,8,1,1082,2,26,524,813,0,8,13,0.783333,0.144444,0.066667,0.005556,0.000000,0.000000,0.000000,0.665000,0.260000,0.045000,0.010000,0.020000,0.000000,0.000000,25529,167,264,93
"17,-13",41,102596,9,1,1081,2,30,503,636,0,8,13,0.755556,0.172222,0.072222,0.000000,0.000000,0.000000,0.000000,0.631313,0.277778,0.060606,0.005051,0.025253,0.000000,0.000000,25364,167,308,129
"17,-12",35,102569,9,1,1081,1,68,556,952,0,4,8,0.535912,0.232044,0.209945,0.011050,0.011050,0.000000,0.000000,0.687500,0.265625,0.039062,0.007812,0.000000,0.000000,0.000000,20993,139,242,86
"17,-11",31,102544,9,1,1081,1,92,551,660,0,8,8,0.516129,0.220430,0.263441,0.000000,0.000000,0.000000,0.000000,0.671875,0.257812,0.070312,0.000000,0.000000,0.000000,0.000000,21231,137,208,65
"17,-10",32,102522,9,1,1082,1,69,636,1231,0,4,9,0.524064,0.155080,0.294118,0.016043,0.010695,0.000000,0.000000,0.676471,0.272059,0.036765,0.014706,0.000000,0.000000,0.000000,19256,127,206,66
"17,-9",42,102494,9,1,1081,1,83,534,551,0,8,13,0.536842,0.257895,0.205263,0.000000,0.000000,0.000000,0.000000,0.636364,0.266234,0.071429,0.006494,0.019481,0.000000,0.000000,22900,151,270,116
"17,-8",36,102527,10,1,1081,1,71,629,748,0,8,13,0.551351,0.189189,0.259459,0.000000,0.000000,0.000000,0.000000,0.620690,0.255172,0.089655,0.013793,0.020690,0.000000,0.000000,20942,137,228,83
"17,-7",39,102628,11,1,1081,1,76,537,556,0,8,13,0.535912,0.237569,0.215470,0.000000,0.011050,0.000000,0.000000,0.602837,0.312057,0.056738,0.007092,0.021277,0.000000,0.000000,21331,140,238,95
"17,-6",37,102735,11,1,1082,1,64,972,1367,0,8,9,0.563158,0.236842,0.131579,0.047368,0.021053,0.000000,0.000000,0.651613,0.238710,0.090323,0.006452,0.012903,0.000000,0.000000,23093,152,263,98
"17,-5",39,102844,11,1,1082,1,76,541,788,0,8,13,0.543478,0.271739,0.184783,0.000000,0.000000,0.000000,0.000000,0.575342,0.342466,0.047945,0.000000,0.034247,0.000000,0.000000,22996,150,273,108
"17,-4",42,102966,11,1,1081,2,34,432,501,0,8,8,0.702703,0.281081,0.016216,0.000000,0.000000,0.000000,0.000000,0.603175,0.301587,0.095238,0.000000,0.000000,0.000000,0.000000,27869,182,317,134
"17,-3",39,103074,11,1,1082,1,57,541,670,0,8,9,0.600000,0.261111,0.127778,0.011111,0.000000,0.000000,0.000000,0.569697,0.339394,0.066667,0.024242,0.000000,0.000000,0.000000,23684,155,268,107
"17,-2",44,103191,11,1,1081,2,41,508,559,0,8,9,0.675532,0.271277,0.053191,0.000000,0.000000,0.000000,0.000000,0.645503,0.269841,0.068783,0.005291,0.010582,0.000000,0.000000,27160,178,319,141
"17,-1",38,103271,11,1,1081,1,126,587,816,0,4,8,0.475138,0.176796,0.342541,0.005525,0.000000,0.000000,0.000000,0.603175,0.365079,0.023810,0.000000,0.007937,0.000000,0.000000,18188,118,209,81
"17,0",35,103351,11,1,1082,1,82,767,1173,0,4,9,0.522222,0.155556,0.277778,0.044444,0.000000,0.000000,0.000000,0.659420,0.289855,0.028986,0.014493,0.007246,0.000000,0.000000,18757,122,202,71
"17,1",42,103454,11,1,1082,1,87,537,646,0,8,9,0.527778,0.305556,0.161111,0.005556,0.000000,0.000000,0.000000,0.535211,0.401408,0.049296,0.007042,0.000000,0.007042,0.000000,22874,150,274,116
"17,2",41,103559,11,1,1082,1,85,549,740,0,8,12,0.543956,0.247253,0.208791,0.000000,0.000000,0.000000,0.000000,0.634483,0.296552,0.055172,0.006897,0.006897,0.000000,0.000000,21956,144,291,122
"17,3",41,103672,11,1,1081,2,28,327,408,0,5,10,0.758242,0.236264,0.005495,0.000000,0.000000,0.000000,0.000000,0.636816,0.303483,0.034826,0.014925,0.009950,0.000000,0.000000,27670,181,308,128
"17,4",36,103757,11,1,1082,1,133,548,815,0,8,13,0.477778,0.233333,0.288889,0.000000,0.000000,0.000000,0.000000,0.649573,0.264957,0.042735,0.025641,0.017094,0.000000,0.000000,19332,128,222,82
"17,5",40,103846,11,1,1082,1,91,595,686,0,8,13,0.511111,0.194444,0.283333,0.011111,0.000000,0.000000,0.000000,0.597122,0.294964,0.079137,0.007194,0.021583,0.000000,0.000000,19374,127,249,100
"17,6",32,103916,11,1,1082,1,111,546,602,0,5,8,0.494505,0.159341,0.346154,0.000000,0.000000,0.000000,0.000000,0.637097,0.306452,0.048387,0.008065,0.000000,0.000000,0.000000,18248,119,183,60
"17,7",35,104012,11,1,1082,2,25,406,738,0,6,9,0.784530,0.171271,0.044199,0.000000,0.000000,0.000000,0.000000,0.634021,0.293814,0.056701,0.010309,0.005155,0.000000,0.000000,26427,173,272,97
"17,8",32,104035,10,1,1081,1,186,585,1177,0,8,14,0.441989,0.209945,0.325967,0.022099,0.000000,0.000000,0.000000,0.593220,0.279661,0.084746,0.025424,0.016949,0.000000,0.000000,17997,118,205,67
"17,9",35,104006,9,1,1082,1,33,502,997,0,8,8,0.748538,0.198830,0.035088,0.017544,0.000000,0.000000,0.000000,0.641618,0.271676,0.075145,0.005780,0.005780,0.000000,0.000000,24704,162,256,92
"17,10",43,103967,9,1,1081,2,65,523,577,0,8,13,0.574586,0.292818,0.132597,0.000000,0.000000,0.000000,0.000000,0.589744,0.333333,0.044872,0.012821,0.019231,0.000000,0.000000,23897,157,317,139
"17,11",42,103929,9,1,1081,2,31,514,529,0,8,9,0.716667,0.216667,0.061111,0.005556,0.000000,0.000000,0.000000,0.597990,0.316583,0.065327,0.015075,0.005025,0.000000,0.000000,25693,168,298,128
"17,12",41,103898,9,1,1083,1,55,549,718,0,5,8,0.595506,0.174157,0.219101,0.000000,0.011236,0.000000,0.000000,0.604790,0.335329,0.047904,0.005988,0.005988,0.000000,0.000000,21134,137,251,104
"17,13",38,103865,9,1,1081,2,24,442,937,0,8,13,0.744444,0.211111,0.027778,0.016667,0.000000,0.000000,0.000000,0.628415,0.267760,0.065574,0.021858,0.016393,0.000000,0.000000,26236,172,284,110
"17,14",38,103783,8,1,1081,2,32,510,681,0,4,13,0.712707,0.232044,0.055249,0.000000,0.000000,0.000000,0.000000,0.623529,0.329412,0.017647,0.011765,0.017647,0.000000,0.000000,26050,171,284,109
"17,15",34,103709,8,1,1081,1,25,512,551,0,5,9,0.733333,0.155556,0.111111,0.000000,0.000000,0.000000,0.000000,0.681564,0.262570,0.033520,0.022346,0.000000,0.000000,0.000000,24422,160,249,85
"17,16",43,103540,7,1,1082,2,92,587,821,0,8,9,0.522222,0.227778,0.238889,0.011111,0.000000,0.000000,0.000000,0.601399,0.321678,0.062937,0.006993,0.006993,0.000000,0.000000,20552,135,287,125
"17,17",0,103540,0,0,1012,4,99999,99999,99999,99999,99999,99999,0.000000,0.000000,0.000000,0.000000,0.000000,0.000000,0.000000,0.000000,0.000000,0.000000,0.000000,0.000000,0.000000,0.000000,0,0,0,0
"17,18",0,103540,0,0,1016,4,99999,99999,99999,99999,99999,99999,0.000000,0.000000,0.000000,0.000000,0.000000,0.000000,0.000000,0.000000,0.000000,0.000000,0.000000,0.000000,0.000000,0.000000,0,0,0,0
"17,19",0,103540,0,0,1014,4,99999,99999,99999,99999,99999,99999,0.000000,0.000000,0.000000,0.000000,0.000000,0.000000,0.000000,0.000000,0.000000,0.000000,0.000000,0.000000,0.000000,0.000000,0,0,0,0
"17,20",0,103540,0,0,1015,4,99999,99999,99999,99999,99999,99999,0.000000,0.000000,0.000000,0.000000,0.000000,0.000000,0.000000,0.000000,0.000000,0.000000,0.000000,0.000000,0.000000,0.000000,0,0,0,0
"17,21",0,103540,0,0,1013,4,99999,99999,99999,99999,99999,99999,0.000000,0.000000,0.000000,0.000000,0.000000,0.000000,0.000000,0.000000,0.000000,0.000000,0.000000,0.000000,0.000000,0.000000,0,0,0,0
"17,22",0,103540,0,0,1014,4,99999,99999,99999,99999,99999,99999,0.000000,0.000000,0.000000,0.000000,0.000000,0.000000,0.000000,0.000000,0.000000,0.000000,0.000000,0.000000,0.000000,0.000000,0,0,0,0
"17,23",0,103540,0,0,1014,4,99999,99999,99999,99999,99999,99999,0.000000,0.000000,0.000000,0.000000,0.000000,0.000000,0.000000,0.000000,0.000000,0.000000,0.000000,0.000000,0.000000,0.000000,0,0,0,0
"17,24",0,103540,0,0,1015,4,99999,99999,99999,99999,99999,99999,0.000000,0.000000,0.000000,0.000000,0.000000,0.000000,0.000000,0.000000,0.000000,0.000000,0.000000,0.000000,0.000000,0.000000,0,0,0,0
"17,25",0,103540,0,0,1013,4,99999,99999,99999,99999,99999,99999,0.000000,0.000000,0.000000,0.000000,0.000000,0.000000,0.000000,0.000000,0.000000,0.000000,0.000000,0.000000,0.000000,0.000000,0,0,0,0
"17,26",0,103540,0,0,1013,4,99999,99999,99999,99999,99999,99999,0.000000,0.000000,0.000000,0.000000,0.000000,0.000000,0.000000,0.000000,0.000000,0.000000,0.000000,0.000000,0.000000,0.000000,0,0,0,0
"18,-26",0,103540,0,0,1011,4,99999,99999,99999,99999,99999,99999,0.000000,0.000000,0.000000,0.000000,0.000000,0.000000,0.000000,0.000000,0.000000,0.000000,0.000000,0.000000,0.000000,0.000000,0,0,0,0
"18,-25",0,103540,0,0,1015,4,99999,99999,99999,99999,99999,99999,0.000000,0.000000,0.000000,0.000000,0.000000,0.000000,0.000000,0.000000,0.000000,0.000000,0.000000,0.000000,0.000000,0.000000,0,0,0,0
"18,-24",0,103540,0,0,1017,4,99999,99999,99999,99999,99999,99999,0.000000,0.000000,0.000000,0.000000,0.000000,0.000000,0.000000,0.000000,0.000000,0.000000,0.000000,0.000000,0.000000,0.000000,0,0,0,0
"18,-23",0,103540,0,0,1012,4,99999,99999,99999,99999,99999,99999,0.000000,0.000000,0.000000,0.000000,0.000000,0.000000,0.000000,0.000000,0.000000,0.000000,0.000000,0.000000,0.000000,0.000000,0,0,0,0
"18,-22",0,103540,0,0,1011,4,99999,99999,99999,99999,99999,99999,0.000000,0.000000,0.000000,0.000000,0.000000,0.000000,0.000000,0.000000,0.000000,0.000000,0.000000,0.000000,0.000000,0.000000,0,0,0,0
"18,-21",0,103540,0,0,1010,4,99999,99999,99999,99999,99999,99999,0.000000,0.000000,0.000000,0.000000,0.000000,0.000000,0.000000,0.000000,0.000000,0.000000,0.000000,0.000000,0.000000,0.000000,0,0,0,0
"18,-20",0,103540,0,0,1012,4,99999,99999,99999,99999,99999,99999,0.000000,0.000000,0.000000,0.000000,0.000000,0.000000,0.000000,0.000000,0.000000,0.000000,0.000000,0.000000,0.000000,0.000000,0,0,0,0
"18,-19",0,103540,0,0,1012,4,99999,99999,99999,99999,99999,99999,0.000000,0.000000,0.000000,0.000000,0.000000,0.000000,0.000000,0.000000,0.000000,0.000000,0.000000,0.000000,0.000000,0.000000,0,0,0,0
"18,-18",0,103540,0,0,1014,4,99999,99999,99999,99999,99999,99999,0.000000,0.000000,0.000000,0.000000,0.000000,0.000000,0.000000,0.000000,0.000000,0.000000,0.000000,0.000000,0.000000,0.000000,0,0,0,0
"18,-17",43,103365,7,1,1082,2,45,506,556,0,8,13,0.629032,0.306452,0.064516,0.000000,0.000000,0.000000,0.000000,0.597765,0.312849,0.067039,0.005587,0.016760,0.000000,0.000000,26608,174,307,134
"18,-16",44,103194,7,1,1080,2,44,529,535,0,8,8,0.653846,0.203297,0.142857,0.000000,0.000000,0.000000,0.000000,0.636905,0.273810,0.089286,0.000000,0.000000,0.000000,0.000000,23852,156,306,135
"18,-15",39,103111,8,1,1081,2,35,401,520,0,8,9,0.722222,0.250000,0.027778,0.000000,0.000000,0.000000,0.000000,0.617801,0.308901,0.057592,0.010471,0.005236,0.000000,0.000000,26735,175,298,119
"18,-14",37,103071,9,1,1082,1,43,530,542,0,8,9,0.661111,0.194444,0.144444,0.000000,0.000000,0.000000,0.000000,0.670588,0.229412,0.076471,0.011765,0.011765,0.000000,0.000000,23645,154,250,94
"18,-13",36,103046,9,1,1081,1,40,536,587,0,5,8,0.642105,0.210526,0.147368,0.000000,0.000000,0.000000,0.000000,0.652439,0.292683,0.042683,0.012195,0.000000,0.000000,0.000000,24613,162,265,96
"18,-12",39,103017,9,1,1082,2,32,340,530,0,8,9,0.716667,0.261111,0.022222,0.000000,0.000000,0.000000,0.000000,0.601093,0.267760,0.109290,0.016393,0.005464,0.000000,0.000000,26973,176,293,115
"18,-11",35,102992,9,1,1082,1,48,528,559,0,4,8,0.684492,0.160428,0.155080,0.000000,0.000000,0.000000,0.000000,0.633721,0.313953,0.040698,0.005814,0.005814,0.000000,0.000000,23988,158,250,90
"18,-10",33,102971,9,1,1081,1,232,748,1119,0,4,8,0.433862,0.137566,0.402116,0.026455,0.000000,0.000000,0.000000,0.658120,0.316239,0.017094,0.008547,0.000000,0.000000,0.000000,16363,108,216,72
"18,-9",34,102947,9,1,1081,1,100,549,912,0,5,10,0.502703,0.291892,0.189189,0.010811,0.005405,0.000000,0.000000,0.606061,0.333333,0.045455,0.007576,0.007576,0.000000,0.000000,22337,147,235,80
"18,-8",39,102979,10,1,1080,1,55,555,631,0,8,10,0.566667,0.211111,0.222222,0.000000,0.000000,0.000000,0.000000,0.642384,0.271523,0.066225,0.013245,0.006623,0.000000,0.000000,21401,140,269,107
"18,-7",42,103059,11,1,1082,1,185,555,904,0,8,10,0.423913,0.190217,0.369565,0.016304,0.000000,0.000000,0.000000,0.586207,0.301724,0.086207,0.025862,0.000000,0.000000,0.000000,17158,113,240,102
"18,-6",42,103134,11,1,1081,1,312,582,1002,0,8,8,0.361111,0.244444,0.361111,0.033333,0.000000,0.000000,0.000000,0.630435,0.250000,0.108696,0.000000,0.010870,0.000000,0.000000,16879,109,220,94
"18,-5",38,103226,11,1,1082,1,38,507,636,0,8,10,0.694444,0.244444,0.061111,0.000000,0.000000,0.000000,0.000000,0.617486,0.311475,0.054645,0.010929,0.005464,0.000000,0.000000,25654,169,280,107
"18,-4",38,103321,11,1,1082,1,43,495,556,0,8,8,0.624339,0.333333,0.042328,0.000000,0.000000,0.000000,0.000000,0.635838,0.260116,0.092486,0.005780,0.005780,0.000000,0.000000,27615,181,299,114
"18,-3",40,103417,11,1,1081,1,31,410,519,0,4,8,0.718232,0.248619,0.033149,0.000000,0.000000,0.000000,0.000000,0.591398,0.360215,0.048387,0.000000,0.000000,0.000000,0.000000,26686,175,300,123
"18,-2",45,103519,11,1,1081,2,30,528,595,0,8,8,0.666667,0.250000,0.083333,0.000000,0.000000,0.000000,0.000000,0.623656,0.311828,0.053763,0.005376,0.005376,0.000000,0.000000,25189,165,327,148
"18,-1",37,103611,11,1,1081,2,26,515,547,0,4,13,0.751381,0.165746,0.082873,0.000000,0.000000,0.000000,0.000000,0.632124,0.321244,0.031088,0.000000,0.015544,0.000000,0.000000,25322,166,290,110
"18,0",34,103672,11,1,1082,1,40,665,812,0,4,8,0.582353,0.152941,0.258824,0.005882,0.000000,0.000000,0.000000,0.717391,0.246377,0.028986,0.000000,0.007246,0.000000,0.000000,18871,125,198,68
"18,1",42,103770,11,1,1081,2,27,457,536,0,8,9,0.783333,0.166667,0.050000,0.000000,0.000000,0.000000,0.000000,0.651282,0.266667,0.066667,0.015385,0.000000,0.000000,0.000000,26051,171,310,132
"18,2",37,103832,11,1,1081,1,206,546,572,0,4,13,0.432292,0.182292,0.385417,0.000000,0.000000,0.000000,0.000000,0.646018,0.309735,0.017699,0.008850,0.017699,0.000000,0.000000,18231,118,210,78
"18,3",50,103930,11,1,1081,1,131,531,645,0,8,8,0.449438,0.370787,0.174157,0.005618,0.000000,0.000000,0.000000,0.566176,0.338235,0.088235,0.000000,0.000000,0.007353,0.000000,22238,146,324,163
"18,4",38,104007,11,1,1081,1,100,588,669,0,8,13,0.500000,0.289474,0.210526,0.000000,0.000000,0.000000,0.000000,0.605442,0.333333,0.040816,0.006803,0.013605,0.000000,0.000000,23116,150,286,110
"18,5",35,104081,11,1,1082,1,38,541,905,0,5,10,0.657459,0.176796,0.149171,0.016575,0.000000,0.000000,0.000000,0.672619,0.267857,0.041667,0.005952,0.011905,0.000000,0.000000,23137,151,246,87
"18,6",37,104163,11,1,1081,1,36,509,652,0,8,13,0.683333,0.238889,0.072222,0.005556,0.000000,0.000000,0.000000,0.596685,0.298343,0.066298,0.016575,0.022099,0.000000,0.000000,25328,166,274,103
"18,7",41,104251,11,1,1081,2,36,363,524,0,8,10,0.721311,0.256831,0.021858,0.000000,0.000000,0.000000,0.000000,0.586387,0.314136,0.078534,0.015707,0.005236,0.000000,0.000000,27318,179,306,127
"18,8",41,104275,10,1,1082,1,37,528,559,0,8,10,0.666667,0.161290,0.172043,0.000000,0.000000,0.000000,0.000000,0.628743,0.293413,0.047904,0.023952,0.005988,0.000000,0.000000,23313,154,265,110
"18,9",34,104254,9,1,1080,1,157,541,860,0,5,9,0.461111,0.216667,0.311111,0.011111,0.000000,0.000000,0.000000,0.655738,0.278689,0.049180,0.008197,0.008197,0.000000,0.000000,18445,122,194,66
"18,10",36,104231,9,1,1082,1,173,551,928,0,5,8,0.427027,0.232432,0.324324,0.016216,0.000000,0.000000,0.000000,0.625000,0.303571,0.062500,0.008929,0.000000,0.000000,0.000000,18578,122,205,75
"18,11",32,104203,9,1,1081,1,26,524,768,0,6,9,0.727778,0.188889,0.083333,0.000000,0.000000,0.000000,0.000000,0.677966,0.248588,0.056497,0.011299,0.005650,0.000000,0.000000,25322,165,253,83
"18,12",40,104174,9,1,1082,1,62,542,839,0,8,10,0.585635,0.215470,0.187845,0.011050,0.000000,0.000000,0.000000,0.644295,0.221477,0.093960,0.033557,0.006711,0.000000,0.000000,22228,145,263,106
"18,13",43,104145,9,1,1082,1,51,530,540,0,4,8,0.622222,0.216667,0.161111,0.000000,0.000000,0.000000,0.000000,0.604938,0.345679,0.043210,0.006173,0.000000,0.000000,0.000000,22978,151,269,117
"18,14",38,104108,9,1,1081,1,223,660,834,0,8,9,0.406593,0.214286,0.373626,0.005495,0.000000,0.000000,0.000000,0.581818,0.327273,0.063636,0.027273,0.000000,0.000000,0.000000,17173,113,203,78
"18,15",45,104022,8,1,1082,2,52,550,666,0,8,13,0.613260,0.287293,0.099448,0.000000,0.000000,0.000000,0.000000,0.623457,0.320988,0.024691,0.006173,0.024691,0.000000,0.000000,24814,163,327,149
"18,16",39,103879,7,1,1080,2,33,501,528,0,8,9,0.738889,0.205556,0.055556,0.000000,0.000000,0.000000,0.000000,0.600000,0.291892,0.091892,0.005405,0.010811,0.000000,0.000000,25913,170,282,110
"18,17",40,103733,7,1,1081,2,32,241,304,0,8,9,0.773481,0.226519,0.000000,0.000000,0.000000,0.000000,0.000000,0.601010,0.323232,0.055556,0.010101,0.010101,0.000000,0.000000,27561,181,305,124
"18,18",0,103733,0,0,1015,4,99999,99999,99999,99999,99999,99999,0.000000,0.000000,0.000000,0.000000,0.000000,0.000000,0.000000,0.000000,0.000000,0.000000,0.000000,0.000000,0.000000,0.000000,0,0,0,0
"18,19",0,103733,0,0,1014,4,99999,99999,99999,99999,99999,99999,0.000000,0.000000,0.000000,0.000000,0.000000,0.000000,0.000000,0.000000,0.000000,0.000000,0.000000,0.000000,0.000000,0.000000,0,0,0,0
"18,20",0,103733,0,0,1013,4,99999,99999,99999,99999,99999,99999,0.000000,0.000000,0.000000,0.000000,0.000000,0.000000,0.000000,0.000000,0.000000,0.000000,0.000000,0.000000,0.000000,0.000000,0,0,0,0
"18,21",0,103733,0,0,1015,4,99999,99999,99999,99999,99999,99999,0.000000,0.000000,0.000000,0.000000,0.000000,0.000000,0.000000,0.000000,0.000000,0.000000,0.000000,0.000000,0.000000,0.000000,0,0,0,0
"18,22",0,103733,0,0,1010,4,99999,99999,99999,99999,99999,99999,0.000000,0.000000,0.000000,0.000000,0.000000,0.000000,0.000000,0.000000,0.000000,0.000000,0.000000,0.000000,0.000000,0.000000,0,0,0,0
"18,23",0,103733,0,0,1015,4,99999,99999,99999,99999,99999,99999,0.000000,0.000000,0.000000,0.000000,0.000000,0.000000,0.000000,0.000000,0.000000,0.000000,0.000000,0.000000,0.000000,0.000000,0,0,0,0
"18,24",0,103733,0,0,1014,4,99999,99999,99999,99999,99999,99999,0.000000,0.000000,0.000000,0.000000,0.000000,0.000000,0.000000,0.000000,0.000000,0.000000,0.000000,0.000000,0.000000,0.000000,0,0,0,0
"18,25",0,103733,0,0,1011,4,99999,99999,99999,99999,99999,99999,0.000000,0.000000,0.000000,0.000000,0.000000,0.000000,0.000000,0.000000,0.000000,0.000000,0.000000,0.000000,0.000000,0.000000,0,0,0,0
"18,26",0,103733,0,0,1016,4,99999,99999,99999,99999,99999,99999,0.000000,0.000000,0.000000,0.000000,0.000000,0.000000,0.000000,0.000000,0.000000,0.000000,0.000000,0.000000,0.000000,0.000000,0,0,0,0
"19,-26",0,103733,0,0,1013,4,99999,99999,99999,99999,99999,99999,0.000000,0.000000,0.000000,0.000000,0.000000,0.000000,0.000000,0.000000,0.000000,0.000000,0.000000,0.000000,0.000000,0.000000,0,0,0,0
"19,-25",0,103733,0,0,1015,4,99999,99999,99999,99999,99999,99999,0.000000,0.000000,0.000000,0.000000,0.000000,0.000000,0.000000,0.000000,0.000000,0.000000,0.000000,0.000000,0.000000,0.000000,0,0,0,0
"19,-24",0,103733,0,0,1013,4,99999,99999,99999,99999,99999,99999,0.000000,0.000000,0.000000,0.000000,0.000000,0.000000,0.000000,0.000000,0.000000,0.000000,0.000000,0.000000,0.000000,0.000000,0,0,0,0
"19,-23",0,103733,0,0,1009,4,99999,99999,99999,99999,99999,99999,0.000000,0.000000,0.000000,0.000000,0.000000,0.000000,0.000000,0.000000,0.000000,0.000000,0.000000,0.000000,0.000000,0.000000,0,0,0,0
"19,-22",0,103733,0,0,1013,4,99999,99999,99999,99999,99999,99999,0.000000,0.000000,0.000000,0.000000,0.000000,0.000000,0.000000,0.000000,0.000000,0.000000,0.000000,0.000000,0.000000,0.000000,0,0,0,0
"19,-21",0,103733,0,0,1013,4,99999,99999,99999,99999,99999,99999,0.000000,0.000000,0.000000,0.000000,0.000000,0.000000,0.000000,0.000000,0.000000,0.000000,0.000000,0.000000,0.000000,0.000000,0,0,0,0
"19,-20",0,103733,0,0,1011,4,99999,99999,99999,99999,99999,99999,0.000000,0.000000,0.000000,0.000000,0.000000,0.000000,0.000000,0.000000,0.000000,0.000000,0.000000,0.000000,0.000000,0.000000,0,0,0,0
"19,-19",0,103733,0,0,1014,4,99999,99999,99999,99999,99999,99999,0.000000,0.000000,0.000000,0.000000,0.000000,0.000000,0.000000,0.000000,0.000000,0.000000,0.000000,0.000000,0.000000,0.000000,0,0,0,0
"19,-18",0,103733,0,0,1013,4,99999,99999,99999,99999,99999,99999,0.000000,0.000000,0.000000,0.000000,0.000000,0.000000,0.000000,0.000000,0.000000,0.000000,0.000000,0.000000,0.000000,0.000000,0,0,0,0
"19,-17",37,103595,7,1,1081,2,42,513,810,0,8,9,0.703297,0.236264,0.054945,0.005495,0.000000,0.000000,0.000000,0.612022,0.327869,0.043716,0.005464,0.010929,0.000000,0.000000,26177,171,277,103
"19,-16",42,103452,7,1,1081,2,62,573,692,0,8,13,0.592179,0.240223,0.167598,0.000000,0.000000,0.000000,0.000000,0.598726,0.331210,0.050955,0.000000,0.006369,0.012739,0.000000,22872,149,294,124
"19,-15",41,103402,8,1,1082,1,301,697,938,0,8,8,0.400000,0.166667,0.416667,0.016667,0.000000,0.000000,0.000000,0.601942,0.291262,0.106796,0.000000,0.000000,0.000000,0.000000,15909,102,197,81
"19,-14",39,103378,9,1,1082,2,54,544,629,0,4,8,0.605263,0.273684,0.121053,0.000000,0.000000,0.000000,0.000000,0.604790,0.359281,0.029940,0.000000,0.005988,0.000000,0.000000,25323,167,296,118
"19,-13",39,103351,9,1,1081,2,37,506,545,0,8,8,0.671958,0.264550,0.063492,0.000000,0.000000,0.000000,0.000000,0.651163,0.279070,0.063953,0.005814,0.000000,0.000000,0.000000,27043,177,293,117
"19,-12",47,103319,9,1,1082,2,31,441,507,0,8,9,0.734807,0.226519,0.038674,0.000000,0.000000,0.000000,0.000000,0.585106,0.313830,0.074468,0.021277,0.005319,0.000000,0.000000,26701,174,343,163
"19,-11",44,103299,9,1,1081,1,225,595,783,0,4,9,0.400000,0.227778,0.361111,0.011111,0.000000,0.000000,0.000000,0.558559,0.414414,0.000000,0.027027,0.000000,0.000000,0.000000,17460,113,225,101
"19,-10",32,103276,9,1,1082,1,30,538,589,0,8,9,0.705556,0.172222,0.111111,0.011111,0.000000,0.000000,0.000000,0.684524,0.232143,0.053571,0.023810,0.005952,0.000000,0.000000,24275,158,240,78
"19,-9",43,103249,9,1,1081,2,33,305,368,0,8,9,0.708791,0.291209,0.000000,0.000000,0.000000,0.000000,0.000000,0.590674,0.331606,0.062176,0.010363,0.005181,0.000000,0.000000,27725,182,320,139
"19,-8",26,103260,10,1,1081,1,506,555,1414,0,4,8,0.284974,0.139896,0.559585,0.000000,0.015544,0.000000,0.000000,0.688312,0.272727,0.038961,0.000000,0.000000,0.000000,0.000000,12678,82,119,32
"19,-7",38,103338,11,1,1082,1,46,522,730,0,8,13,0.661111,0.250000,0.088889,0.000000,0.000000,0.000000,0.000000,0.607955,0.289773,0.073864,0.011364,0.017045,0.000000,0.000000,24982,164,285,111
"19,-6",45,103420,11,1,1081,1,65,583,930,0,8,13,0.552486,0.248619,0.182320,0.016575,0.000000,0.000000,0.000000,0.620915,0.267974,0.091503,0.000000,0.019608,0.000000,0.000000,21923,145,278,126
"19,-5",43,103492,11,1,1081,1,71,542,873,0,8,10,0.569061,0.209945,0.209945,0.011050,0.000000,0.000000,0.000000,0.607843,0.287582,0.065359,0.026144,0.013072,0.000000,0.000000,21442,141,262,113
"19,-4",38,103568,11,1,1081,1,45,561,734,0,8,13,0.633333,0.227778,0.138889,0.000000,0.000000,0.000000,0.000000,0.618497,0.283237,0.075145,0.005780,0.017341,0.000000,0.000000,23666,155,280,108
"19,-3",40,103645,11,1,1081,2,35,504,534,0,4,8,0.710526,0.226316,0.063158,0.000000,0.000000,0.000000,0.000000,0.650794,0.306878,0.031746,0.005291,0.005291,0.000000,0.000000,27218,178,310,127
"19,-2",37,103720,11,1,1081,1,34,527,682,0,4,8,0.705556,0.216667,0.077778,0.000000,0.000000,0.000000,0.000000,0.661202,0.295082,0.032787,0.005464,0.005464,0.000000,0.000000,25384,166,272,102
"19,-1",44,103788,11,1,1081,1,119,548,739,0,4,8,0.475138,0.215470,0.309392,0.000000,0.000000,0.000000,0.000000,0.604651,0.348837,0.038760,0.007752,0.000000,0.000000,0.000000,19309,125,245,108
"19,0",33,103849,11,1,1082,1,70,550,981,0,4,8,0.539683,0.243386,0.195767,0.021164,0.000000,0.000000,0.000000,0.631206,0.326241,0.035461,0.000000,0.007092,0.000000,0.000000,22586,148,230,76
"19,1",54,103939,11,1,1080,1,130,639,847,0,8,8,0.445055,0.269231,0.280220,0.005495,0.000000,0.000000,0.000000,0.614815,0.318519,0.059259,0.000000,0.007407,0.000000,0.000000,20177,130,344,186
"19,2",35,104006,11,1,1081,1,40,648,872,0,8,8,0.633333,0.155556,0.200000,0.011111,0.000000,0.000000,0.000000,0.664634,0.268293,0.054878,0.000000,0.012195,0.000000,0.000000,21805,142,253,91
"19,3",31,104072,11,1,1081,1,23,503,910,0,4,9,0.750000,0.183333,0.050000,0.016667,0.000000,0.000000,0.000000,0.700000,0.255556,0.027778,0.011111,0.005556,0.000000,0.000000,25518,168,252,80
"19,4",42,104131,11,1,1081,1,130,541,835,0,5,8,0.483696,0.179348,0.326087,0.010870,0.000000,0.000000,0.000000,0.590551,0.338583,0.062992,0.000000,0.007874,0.000000,0.000000,19020,123,225,95
"19,5",35,104192,11,1,1081,1,115,540,772,0,8,10,0.484375,0.208333,0.296875,0.010417,0.000000,0.000000,0.000000,0.638462,0.292308,0.053846,0.007692,0.007692,0.000000,0.000000,20314,133,247,88
"19,6",47,104271,11,1,1082,1,111,549,1032,0,8,10,0.486188,0.248619,0.243094,0.022099,0.000000,0.000000,0.000000,0.571429,0.306122,0.108844,0.006803,0.006803,0.000000,0.000000,20368,133,307,147
"19,7",29,104330,11,1,1081,1,37,558,722,0,8,8,0.644444,0.133333,0.211111,0.000000,0.011111,0.000000,0.000000,0.701299,0.194805,0.097403,0.000000,0.006494,0.000000,0.000000,21217,140,219,64
"19,8",50,104347,10,1,1081,1,294,604,795,0,8,10,0.395833,0.187500,0.409722,0.006944,0.000000,0.000000,0.000000,0.609195,0.275862,0.068966,0.034483,0.011494,0.000000,0.000000,12688,84,199,101
"19,9",46,104316,9,1,1082,2,62,532,600,0,9,13,0.591160,0.309392,0.099448,0.000000,0.000000,0.000000,0.000000,0.549383,0.314815,0.080247,0.024691,0.024691,0.000000,0.006173,24732,163,326,150
"19,10",35,104297,9,1,1082,1,317,671,831,0,10,13,0.350000,0.233333,0.416667,0.000000,0.000000,0.000000,0.000000,0.615385,0.219780,0.098901,0.043956,0.021978,0.000000,0.000000,15852,105,193,69
"19,11",39,104271,9,1,1080,1,53,553,779,0,5,10,0.616667,0.183333,0.188889,0.005556,0.005556,0.000000,0.000000,0.636364,0.285714,0.058442,0.012987,0.006494,0.000000,0.000000,21961,144,256,101
"19,12",35,104245,9,1,1081,1,26,524,538,0,8,10,0.718232,0.204420,0.077348,0.000000,0.000000,0.000000,0.000000,0.650000,0.283333,0.033333,0.022222,0.011111,0.000000,0.000000,25449,167,261,93
"19,13",36,104219,9,1,1082,2,25,437,565,0,5,8,0.755556,0.205556,0.038889,0.000000,0.000000,0.000000,0.000000,0.651042,0.286458,0.052083,0.010417,0.000000,0.000000,0.000000,26305,173,285,105
"19,14",38,104197,9,1,1081,1,129,638,849,0,5,13,0.472222,0.222222,0.294444,0.011111,0.000000,0.000000,0.000000,0.566929,0.370079,0.039370,0.007874,0.007874,0.007874,0.000000,19200,125,225,87
"19,15",39,104151,8,1,1082,1,257,556,973,0,8,13,0.394737,0.221053,0.363158,0.021053,0.000000,0.000000,0.000000,0.596491,0.324561,0.052632,0.008772,0.017544,0.000000,0.000000,18061,117,203,80
"19,16",39,104016,7,1,1081,2,22,198,278,0,5,9,0.864865,0.135135,0.000000,0.000000,0.000000,0.000000,0.000000,0.655172,0.288793,0.043103,0.012931,0.000000,0.000000,0.000000,28283,185,299,119
"19,17",58,103935,7,1,1081,1,513,734,1026,0,8,9,0.130435,0.130435,0.711957,0.027174,0.000000,0.000000,0.000000,0.562500,0.375000,0.041667,0.020833,0.000000,0.000000,0.000000,6953,48,189,110
"19,18",0,103935,0,0,1011,4,99999,99999,99999,99999,99999,99999,0.000000,0.000000,0.000000,0.000000,0.000000,0.000000,0.000000,0.000000,0.000000,0.000000,0.000000,0.000000,0.000000,0.000000,0,0,0,0
"19,19",0,103935,0,0,1011,4,99999,99999,99999,99999,99999,99999,0.000000,0.000000,0.000000,0.000000,0.000000,0.000000,0.000000,0.000000,0.000000,0.000000,0.000000,0.000000,0.000000,0.000000,0,0,0,0
"19,20",0,103935,0,0,1012,4,99999,99999,99999,99999,99999,99999,0.000000,0.000000,0.000000,0.000000,0.000000,0.000000,0.000000,0.000000,0.000000,0.000000,0.000000,0.000000,0.000000,0.000000,0,0,0,0
"19,21",0,103935,0,0,1015,4,99999,99999,99999,99999,99999,99999,0.000000,0.000000,0.000000,0.000000,0.000000,0.000000,0.000000,0.000000,0.000000,0.000000,0.000000,0.000000,0.000000,0.000000,0,0,0,0
"19,22",0,103935,0,0,1014,4,99999,99999,99999,99999,99999,99999,0.000000,0.000000,0.000000,0.000000,0.000000,0.000000,0.000000,0.000000,0.000000,0.000000,0.000000,0.000000,0.000000,0.000000,0,0,0,0
"19,23",0,103935,0,0,1012,4,99999,99999,99999,99999,99999,99999,0.000000,0.000000,0.000000,0.000000,0.000000,0.000000,0.000000,0.000000,0.000000,0.000000,0.000000,0.000000,0.000000,0.000000,0,0,0,0
"19,24",0,103935,0,0,1014,4,99999,99999,99999,99999,99999,99999,0.000000,0.000000,0.000000,0.000000,0.000000,0.000000,0.000000,0.000000,0.000000,0.000000,0.000000,0.000000,0.000000,0.000000,0,0,0,0
"19,25",0,103935,0,0,1013,4,99999,99999,99999,99999,99999,99999,0.000000,0.000000,0.000000,0.000000,0.000000,0.000000,0.000000,0.000000,0.000000,0.000000,0.000000,0.000000,0.000000,0.000000,0,0,0,0
"19,26",0,103935,0,0,1014,4,99999,99999,99999,99999,99999,99999,0.000000,0.000000,0.000000,0.000000,0.000000,0.000000,0.000000,0.000000,0.000000,0.000000,0.000000,0.000000,0.000000,0.000000,0,0,0,0
"20,-26",0,103935,0,0,1013,4,99999,99999,99999,99999,99999,99999,0.000000,0.000000,0.000000,0.000000,0.000000,0.000000,0.000000,0.000000,0.000000,0.000000,0.000000,0.000000,0.000000,0.000000,0,0,0,0
"20,-25",0,103935,0,0,1015,4,99999,99999,99999,99999,99999,99999,0.000000,0.000000,0.000000,0.000000,0.000000,0.000000,0.000000,0.000000,0.000000,0.000000,0.000000,0.000000,0.000000,0.000000,0,0,0,0
"20,-24",0,103935,0,0,1012,4,99999,99999,99999,99999,99999,99999,0.000000,0.000000,0.000000,0.000000,0.000000,0.000000,0.000000,0.000000,0.000000,0.000000,0.000000,0.000000,0.000000,0.000000,0,0,0,0
"20,-23",0,103935,0,0,1011,4,99999,99999,99999,99999,99999,99999,0.000000,0.000000,0.000000,0.000000,0.000000,0.000000,0.000000,0.000000,0.000000,0.000000,0.000000,0.000000,0.000000,0.000000,0,0,0,0
"20,-22",0,103935,0,0,1010,4,99999,99999,99999,99999,99999,99999,0.000000,0.000000,0.000000,0.000000,0.000000,0.000000,0.000000,0.000000,0.000000,0.000000,0.000000,0.000000,0.000000,0.000000,0,0,0,0
"20,-21",0,103935,0,0,1013,4,99999,99999,99999,99999,99999,99999,0.000000,0.000000,0.000000,0.000000,0.000000,0.000000,0.000000,0.000000,0.000000,0.000000,0.000000,0.000000,0.000000,0.000000,0,0,0,0
"20,-20",0,103935,0,0,1012,4,99999,99999,99999,99999,99999,99999,0.000000,0.000000,0.000000,0.000000,0.000000,0.000000,0.000000,0.000000,0.000000,0.000000,0.000000,0.000000,0.000000,0.000000,0,0,0,0
"20,-19",0,103935,0,0,1012,4,99999,99999,99999,99999,99999,99999,0.000000,0.000000,0.000000,0.000000,0.000000,0.000000,0.000000,0.000000,0.000000,0.000000,0.000000,0.000000,0.000000,0.000000,0,0,0,0
"20,-18",0,103935,0,0,1014,4,99999,99999,99999,99999,99999,99999,0.000000,0.000000,0.000000,0.000000,0.000000,0.000000,0.000000,0.000000,0.000000,0.000000,0.000000,0.000000,0.000000,0.000000,0,0,0,0
"20,-17",39,103819,7,1,1082,1,71,538,546,0,4,13,0.544444,0.272222,0.177778,0.000000,0.005556,0.000000,0.000000,0.620438,0.335766,0.014599,0.007299,0.021898,0.000000,0.000000,22665,147,262,103
"20,-16",30,103715,7,1,1082,2,62,614,720,0,8,8,0.547368,0.284211,0.168421,0.000000,0.000000,0.000000,0.000000,0.634483,0.310345,0.048276,0.000000,0.006897,0.000000,0.000000,23992,158,253,77
"20,-15",41,103661,8,1,1081,1,103,548,694,0,8,9,0.497268,0.256831,0.234973,0.010929,0.000000,0.000000,0.000000,0.608696,0.289855,0.072464,0.028986,0.000000,0.000000,0.000000,21137,138,260,108
"20,-14",45,103633,9,1,1081,2,30,533,644,0,8,13,0.679348,0.233696,0.086957,0.000000,0.000000,0.000000,0.000000,0.646739,0.271739,0.038043,0.016304,0.027174,0.000000,0.000000,25512,168,331,149
"20,-13",30,103614,9,1,1081,1,60,549,760,0,6,13,0.544444,0.288889,0.155556,0.011111,0.000000,0.000000,0.000000,0.654135,0.270677,0.060150,0.000000,0.015038,0.000000,0.000000,23004,150,226,68
"20,-12",51,103590,9,1,1081,1,123,546,861,0,8,10,0.472826,0.288043,0.228261,0.010870,0.000000,0.000000,0.000000,0.528986,0.340580,0.101449,0.021739,0.007246,0.000000,0.000000,21311,140,297,152
"20,-11",46,103564,9,1,1081,2,45,516,833,0,8,9,0.638889,0.255556,0.100000,0.005556,0.000000,0.000000,0.000000,0.618497,0.300578,0.063584,0.005780,0.011561,0.000000,0.000000,24501,161,312,145
"20,-10",41,103541,9,1,1081,2,51,540,555,0,8,10,0.627027,0.216216,0.156757,0.000000,0.000000,0.000000,0.000000,0.587209,0.325581,0.058140,0.017442,0.011628,0.000000,0.000000,24023,156,289,121
"20,-9",40,103560,10,1,1082,1,145,563,682,0,8,12,0.445596,0.243523,0.305699,0.005181,0.000000,0.000000,0.000000,0.622047,0.283465,0.078740,0.007874,0.007874,0.000000,0.000000,20265,133,243,98
"20,-8",36,103578,10,1,1081,1,145,550,1165,0,8,8,0.455556,0.227778,0.300000,0.016667,0.000000,0.000000,0.000000,0.565891,0.333333,0.100775,0.000000,0.000000,0.000000,0.000000,18528,123,222,82
"20,-7",49,103664,11,1,1081,2,40,558,719,0,8,8,0.605556,0.188889,0.205556,0.000000,0.000000,0.000000,0.000000,0.634146,0.262195,0.091463,0.012195,0.000000,0.000000,0.000000,21796,143,340,170
"20,-6",46,103740,11,1,1081,1,153,576,800,0,8,13,0.428571,0.351648,0.208791,0.010989,0.000000,0.000000,0.000000,0.503817,0.404580,0.061069,0.015267,0.015267,0.000000,0.000000,21466,142,315,147
"20,-5",38,103796,11,1,1081,1,91,550,601,0,4,8,0.511111,0.194444,0.294444,0.000000,0.000000,0.000000,0.000000,0.700000,0.250000,0.041667,0.000000,0.008333,0.000000,0.000000,19491,127,225,86
"20,-4",36,103856,11,1,1082,1,45,537,711,0,8,10,0.662983,0.149171,0.176796,0.005525,0.005525,0.000000,0.000000,0.625000,0.291667,0.053571,0.023810,0.005952,0.000000,0.000000,22206,147,247,90
"20,-3",31,103910,11,1,1080,1,41,539,566,0,8,8,0.627778,0.177778,0.194444,0.000000,0.000000,0.000000,0.000000,0.662420,0.261146,0.063694,0.000000,0.012739,0.000000,0.000000,22272,145,218,69
"20,-2",41,103970,11,1,1081,1,52,540,549,0,8,9,0.587912,0.225275,0.186813,0.000000,0.000000,0.000000,0.000000,0.662500,0.262500,0.056250,0.012500,0.006250,0.000000,0.000000,22993,148,260,109
"20,-1",39,104040,11,1,1081,2,27,519,719,0,8,8,0.757895,0.163158,0.078947,0.000000,0.000000,0.000000,0.000000,0.668342,0.266332,0.055276,0.010050,0.000000,0.000000,0.000000,26680,175,297,118
"20,0",37,104106,11,1,1082,2,26,442,551,0,8,10,0.783333,0.172222,0.044444,0.000000,0.000000,0.000000,0.000000,0.673469,0.173469,0.137755,0.005102,0.005102,0.005102,0.000000,26234,172,278,104
"20,1",39,104175,11,1,1080,2,23,247,318,0,8,8,0.800000,0.200000,0.000000,0.000000,0.000000,0.000000,0.000000,0.641791,0.278607,0.069652,0.004975,0.004975,0.000000,0.000000,27495,180,296,116
"20,2",34,104236,11,1,1082,1,30,514,550,0,8,9,0.692708,0.229167,0.078125,0.000000,0.000000,0.000000,0.000000,0.701087,0.244565,0.038043,0.005435,0.010870,0.000000,0.000000,27067,177,283,99
"20,3",42,104296,11,1,1081,1,40,553,765,0,4,8,0.594444,0.205556,0.200000,0.000000,0.000000,0.000000,0.000000,0.655844,0.298701,0.045455,0.000000,0.000000,0.000000,0.000000,22151,144,269,113
"20,4",40,104348,11,1,1081,1,129,542,747,0,8,9,0.466667,0.244444,0.283333,0.005556,0.000000,0.000000,0.000000,0.582677,0.330709,0.070866,0.007874,0.007874,0.000000,0.000000,19612,128,228,93
"20,5",34,104408,11,1,1082,1,34,523,685,0,5,13,0.722222,0.211111,0.066667,0.000000,0.000000,0.000000,0.000000,0.653631,0.284916,0.033520,0.011173,0.016760,0.000000,0.000000,25619,168,273,95
"20,6",41,104463,11,1,1081,1,69,542,556,0,4,8,0.544444,0.194444,0.255556,0.005556,0.000000,0.000000,0.000000,0.605263,0.342105,0.046053,0.006579,0.000000,0.000000,0.000000,20090,133,243,102
"20,7",40,104528,11,1,1082,2,25,309,434,0,8,8,0.761111,0.233333,0.005556,0.000000,0.000000,0.000000,0.000000,0.621053,0.284211,0.089474,0.005263,0.000000,0.000000,0.000000,27311,179,303,123
"20,8",31,104542,10,1,1080,1,130,556,1686,0,4,8,0.471204,0.167539,0.345550,0.000000,0.005236,0.010471,0.000000,0.741071,0.223214,0.026786,0.008929,0.000000,0.000000,0.000000,18454,122,190,60
"20,9",34,104556,10,1,1081,1,166,541,551,0,5,8,0.442105,0.215789,0.342105,0.000000,0.000000,0.000000,0.000000,0.681416,0.256637,0.053097,0.000000,0.008850,0.000000,0.000000,19425,125,232,79
"20,10",35,104535,9,1,1081,1,96,521,555,0,8,13,0.516667,0.316667,0.155556,0.011111,0.000000,0.000000,0.000000,0.592857,0.300000,0.064286,0.021429,0.021429,0.000000,0.000000,22882,150,239,86
"20,11",39,104512,9,1,1080,2,37,668,986,0,8,9,0.659459,0.167568,0.151351,0.021622,0.000000,0.000000,0.000000,0.629412,0.264706,0.082353,0.023529,0.000000,0.000000,0.000000,23477,153,262,103
"20,12",42,104487,9,1,1081,1,57,595,775,0,8,8,0.583333,0.227778,0.188889,0.000000,0.000000,0.000000,0.000000,0.603774,0.320755,0.062893,0.006289,0.006289,0.000000,0.000000,22316,146,265,113
"20,13",43,104463,9,1,1081,1,44,541,844,0,8,9,0.655556,0.211111,0.133333,0.000000,0.000000,0.000000,0.000000,0.602339,0.315789,0.064327,0.017544,0.000000,0.000000,0.000000,23934,156,287,124
"20,14",39,104443,9,1,1081,1,131,555,860,0,7,8,0.477778,0.172222,0.338889,0.011111,0.000000,0.000000,0.000000,0.617188,0.296875,0.078125,0.007812,0.000000,0.000000,0.000000,18064,117,224,88
"20,15",35,104384,8,1,1081,2,26,442,591,0,8,8,0.777778,0.183333,0.038889,0.000000,0.000000,0.000000,0.000000,0.640000,0.295000,0.060000,0.000000,0.005000,0.000000,0.000000,26459,173,277,97
"20,16",35,104281,7,1,1080,2,24,397,555,0,8,9,0.828729,0.132597,0.038674,0.000000,0.000000,0.000000,0.000000,0.653465,0.282178,0.049505,0.009901,0.000000,0.004950,0.000000,26745,174,272,97
"20,17",40,104166,7,1,1080,2,41,501,552,0,8,8,0.668508,0.276243,0.055249,0.000000,0.000000,0.000000,0.000000,0.617486,0.311475,0.060109,0.005464,0.005464,0.000000,0.000000,26198,171,303,123
"20,18",0,104166,0,0,1010,4,99999,99999,99999,99999,99999,99999,0.000000,0.000000,0.000000,0.000000,0.000000,0.000000,0.000000,0.000000,0.000000,0.000000,0.000000,0.000000,0.000000,0.000000,0,0,0,0
"20,19",0,104166,0,0,1015,4,99999,99999,99999,99999,99999,99999,0.000000,0.000000,0.000000,0.000000,0.000000,0.000000,0.000000,0.000000,0.000000,0.000000,0.000000,0.000000,0.000000,0.000000,0,0,0,0
"20,20",0,104166,0,0,1010,4,99999,99999,99999,99999,99999,99999,0.000000,0.000000,0.000000,0.000000,0.000000,0.000000,0.000000,0.000000,0.000000,0.000000,0.000000,0.000000,0.000000,0.000000,0,0,0,0
"20,21",0,104166,0,0,1012,4,99999,99999,99999,99999,99999,99999,0.000000,0.000000,0.000000,0.000000,0.000000,0.000000,0.000000,0.000000,0.000000,0.000000,0.000000,0.000000,0.000000,0.000000,0,0,0,0
"20,22",0,104166,0,0,1014,4,99999,99999,99999,99999,99999,99999,0.000000,0.000000,0.000000,0.000000,0.000000,0.000000,0.000000,0.000000,0.000000,0.000000,0.000000,0.000000,0.000000,0.000000,0,0,0,0
"20,23",0,104166,0,0,1011,4,99999,99999,99999,99999,99999,99999,0.000000,0.000000,0.000000,0.000000,0.000000,0.000000,0.000000,0.000000,0.000000,0.000000,0.000000,0.000000,0.000000,0.000000,0,0,0,0
"20,24",0,104166,0,0,1012,4,99999,99999,99999,99999,99999,99999,0.000000,0.000000,0.000000,0.000000,0.000000,0.000000,0.000000,0.000000,0.000000,0.000000,0.000000,0.000000,0.000000,0.000000,0,0,0,0
"20,25",0,104166,0,0,1013,4,99999,99999,99999,99999,99999,99999,0.000000,0.000000,0.000000,0.000000,0.000000,0.000000,0.000000,0.000000,0.000000,0.000000,0.000000,0.000000,0.000000,0.000000,0,0,0,0
"20,26",0,104166,0,0,1014,4,99999,99999,99999,99999,99999,99999,0.000000,0.000000,0.000000,0.000000,0.000000,0.000000,0.000000,0.000000,0.000000,0.000000,0.000000,0.000000,0.000000,0.000000,0,0,0,0
"21,-26",0,104166,0,0,1013,4,99999,99999,99999,99999,99999,99999,0.000000,0.000000,0.000000,0.000000,0.000000,0.000000,0.000000,0.000000,0.000000,0.000000,0.000000,0.000000,0.000000,0.000000,0,0,0,0
"21,-25",0,104166,0,0,1010,4,99999,99999,99999,99999,99999,99999,0.000000,0.000000,0.000000,0.000000,0.000000,0.000000,0.000000,0.000000,0.000000,0.000000,0.000000,0.000000,0.000000,0.000000,0,0,0,0
"21,-24",0,104166,0,0,1011,4,99999,99999,99999,99999,99999,99999,0.000000,0.000000,0.000000,0.000000,0.000000,0.000000,0.000000,0.000000,0.000000,0.000000,0.000000,0.000000,0.000000,0.000000,0,0,0,0
"21,-23",0,104166,0,0,1014,4,99999,99999,99999,99999,99999,99999,0.000000,0.000000,0.000000,0.000000,0.000000,0.000000,0.000000,0.000000,0.000000,0.000000,0.000000,0.000000,0.000000,0.000000,0,0,0,0
"21,-22",0,104166,0,0,1016,4,99999,99999,99999,99999,99999,99999,0.000000,0.000000,0.000000,0.000000,0.000000,0.000000,0.000000,0.000000,0.000000,0.000000,0.000000,0.000000,0.000000,0.000000,0,0,0,0
"21,-21",0,104166,0,0,1018,4,99999,99999,99999,99999,99999,99999,0.000000,0.000000,0.000000,0.000000,0.000000,0.000000,0.000000,0.000000,0.000000,0.000000,0.000000,0.000000,0.000000,0.000000,0,0,0,0
"21,-20",0,104166,0,0,1016,4,99999,99999,99999,99999,99999,99999,0.000000,0.000000,0.000000,0.000000,0.000000,0.000000,0.000000,0.000000,0.000000,0.000000,0.000000,0.000000,0.000000,0.000000,0,0,0,0
"21,-19",0,104166,0,0,1014,4,99999,99999,99999,99999,99999,99999,0.000000,0.000000,0.000000,0.000000,0.000000,0.000000,0.000000,0.000000,0.000000,0.000000,0.000000,0.000000,0.000000,0.000000,0,0,0,0
"21,-18",0,104166,0,0,1013,4,99999,99999,99999,99999,99999,99999,0.000000,0.000000,0.000000,0.000000,0.000000,0.000000,0.000000,0.000000,0.000000,0.000000,0.000000,0.000000,0.000000,0.000000,0,0,0,0
"21,-17",38,104071,7,1,1081,1,59,546,786,0,4,8,0.533333,0.177778,0.288889,0.000000,0.000000,0.000000,0.000000,0.696296,0.259259,0.044444,0.000000,0.000000,0.000000,0.000000,19741,128,239,92
"21,-16",40,103968,7,1,1080,2,33,528,729,0,4,9,0.688889,0.155556,0.155556,0.000000,0.000000,0.000000,0.000000,0.635838,0.317919,0.028902,0.005780,0.011561,0.000000,0.000000,23116,152,276,112
"21,-15",42,103912,8,1,1082,2,56,544,617,0,8,13,0.577778,0.255556,0.166667,0.000000,0.000000,0.000000,0.000000,0.598765,0.333333,0.043210,0.000000,0.024691,0.000000,0.000000,23123,150,284,122
"21,-14",49,103889,9,1,1081,1,204,565,739,0,8,13,0.394444,0.255556,0.350000,0.000000,0.000000,0.000000,0.000000,0.543103,0.353448,0.068966,0.017241,0.017241,0.000000,0.000000,17985,117,289,143
"21,-13",39,103868,9,1,1082,1,88,549,780,0,4,8,0.533333,0.255556,0.211111,0.000000,0.000000,0.000000,0.000000,0.613636,0.333333,0.045455,0.007576,0.000000,0.000000,0.000000,21704,142,254,100
"21,-12",39,103851,9,1,1079,1,356,553,662,0,5,8,0.360215,0.215054,0.413978,0.010753,0.000000,0.000000,0.000000,0.686869,0.252525,0.050505,0.000000,0.010101,0.000000,0.000000,16448,107,215,84
"21,-11",44,103829,9,1,1081,1,72,535,890,0,8,10,0.522222,0.305556,0.161111,0.011111,0.000000,0.000000,0.000000,0.583893,0.308725,0.080537,0.020134,0.006711,0.000000,0.000000,22676,149,290,128
"21,-10",44,103808,9,1,1081,1,60,538,552,0,8,13,0.600000,0.222222,0.177778,0.000000,0.000000,0.000000,0.000000,0.592593,0.283951,0.086420,0.018519,0.012346,0.006173,0.000000,22637,148,280,124
"21,-9",50,103791,9,1,1080,1,331,550,698,0,8,9,0.366492,0.235602,0.397906,0.000000,0.000000,0.000000,0.000000,0.541284,0.348624,0.091743,0.018349,0.000000,0.000000,0.000000,17360,115,251,126
"21,-8",37,103809,10,1,1080,1,74,785,1127,0,8,10,0.524324,0.243243,0.194595,0.037838,0.000000,0.000000,0.000000,0.626761,0.260563,0.091549,0.014085,0.007042,0.000000,0.000000,21883,142,253,96
"21,-7",34,103867,11,1,1081,2,22,291,471,0,8,13,0.822222,0.172222,0.005556,0.000000,0.000000,0.000000,0.000000,0.660194,0.257282,0.058252,0.009709,0.014563,0.000000,0.000000,27344,179,276,96
"21,-6",37,103928,11,1,1080,1,51,528,624,0,8,10,0.617486,0.295082,0.087432,0.000000,0.000000,0.000000,0.000000,0.639752,0.267081,0.074534,0.012422,0.006211,0.000000,0.000000,25721,167,288,108
"21,-5",47,103980,11,1,1082,1,214,546,874,0,4,10,0.395833,0.244792,0.348958,0.010417,0.000000,0.000000,0.000000,0.620690,0.327586,0.034483,0.008621,0.008621,0.000000,0.000000,18912,123,261,125
"21,-4",40,104040,11,1,1080,1,35,528,599,0,8,10,0.672222,0.222222,0.105556,0.000000,0.000000,0.000000,0.000000,0.619883,0.286550,0.076023,0.005848,0.011696,0.000000,0.000000,24703,161,282,114
"21,-3",35,104087,11,1,1082,1,54,540,776,0,4,8,0.607330,0.151832,0.235602,0.000000,0.005236,0.000000,0.000000,0.638710,0.322581,0.038710,0.000000,0.000000,0.000000,0.000000,22054,145,237,85
"21,-2",35,104134,11,1,1080,1,117,641,717,0,8,13,0.488889,0.188889,0.322222,0.000000,0.000000,0.000000,0.000000,0.639098,0.285714,0.060150,0.000000,0.015038,0.000000,0.000000,18858,122,216,77
"21,-1",43,104194,11,1,1080,1,35,527,728,0,4,8,0.666667,0.255556,0.077778,0.000000,0.000000,0.000000,0.000000,0.674419,0.279070,0.040698,0.005814,0.000000,0.000000,0.000000,25478,166,299,130
"21,0",36,104250,11,1,1081,2,22,217,303,0,4,8,0.844444,0.155556,0.000000,0.000000,0.000000,0.000000,0.000000,0.694175,0.291262,0.004854,0.000000,0.004854,0.004854,0.000000,27495,180,284,104
"21,1",40,104307,11,1,1080,1,48,515,689,0,5,8,0.635359,0.281768,0.082873,0.000000,0.000000,0.000000,0.000000,0.591954,0.350575,0.057471,0.000000,0.000000,0.000000,0.000000,25400,166,286,117
"21,2",41,104358,11,1,1081,1,49,540,553,0,8,13,0.605556,0.138889,0.255556,0.000000,0.000000,0.000000,0.000000,0.650307,0.276074,0.042945,0.006135,0.024540,0.000000,0.000000,20556,134,251,104
"21,3",39,104409,11,1,1081,1,66,601,1483,0,4,9,0.563536,0.209945,0.209945,0.000000,0.016575,0.000000,0.000000,0.620915,0.326797,0.032680,0.013072,0.006536,0.000000,0.000000,21586,140,256,102
"21,4",50,104467,11,1,1080,1,222,553,729,0,8,8,0.416667,0.222222,0.361111,0.000000,0.000000,0.000000,0.000000,0.591667,0.325000,0.075000,0.000000,0.008333,0.000000,0.000000,17524,115,291,147
"21,5",38,104516,11,1,1082,1,181,658,882,0,8,9,0.416667,0.288889,0.288889,0.005556,0.000000,0.000000,0.000000,0.591667,0.291667,0.091667,0.016667,0.008333,0.000000,0.000000,19506,127,246,95
"21,6",37,104568,11,1,1081,1,38,515,587,0,8,13,0.640884,0.226519,0.121547,0.000000,0.011050,0.000000,0.000000,0.610778,0.257485,0.095808,0.005988,0.029940,0.000000,0.000000,23861,157,259,97
"21,7",39,104617,11,1,1080,1,59,573,982,0,5,8,0.550000,0.194444,0.233333,0.022222,0.000000,0.000000,0.000000,0.671233,0.267123,0.054795,0.006849,0.000000,0.000000,0.000000,20342,134,249,98
"21,8",41,104635,10,1,1081,2,35,429,585,0,8,9,0.754011,0.208556,0.037433,0.000000,0.000000,0.000000,0.000000,0.624365,0.269036,0.086294,0.010152,0.010152,0.000000,0.000000,27389,180,309,127
"21,9",39,104611,9,1,1081,2,20,275,495,0,8,8,0.797814,0.191257,0.010929,0.000000,0.000000,0.000000,0.000000,0.665094,0.235849,0.089623,0.004717,0.004717,0.000000,0.000000,27630,181,301,120
"21,10",47,104587,9,1,1081,2,58,560,760,0,8,10,0.563536,0.193370,0.243094,0.000000,0.000000,0.000000,0.000000,0.583851,0.298137,0.086957,0.018634,0.012422,0.000000,0.000000,20689,137,291,139
"21,11",36,104563,9,1,1081,2,22,159,253,0,5,13,0.868852,0.131148,0.000000,0.000000,0.000000,0.000000,0.000000,0.671171,0.270270,0.045045,0.000000,0.013514,0.000000,0.000000,27951,183,287,106
"21,12",37,104544,9,1,1081,1,46,540,651,0,4,9,0.626316,0.215789,0.157895,0.000000,0.000000,0.000000,0.000000,0.621951,0.335366,0.024390,0.012195,0.006098,0.000000,0.000000,24283,160,271,101
"21,13",40,104520,9,1,1081,2,23,438,548,0,5,10,0.784530,0.176796,0.038674,0.000000,0.000000,0.000000,0.000000,0.671717,0.267677,0.040404,0.010101,0.010101,0.000000,0.000000,26524,174,300,121
"21,14",38,104498,9,1,1079,2,28,502,537,0,4,9,0.777778,0.161111,0.061111,0.000000,0.000000,0.000000,0.000000,0.698413,0.259259,0.026455,0.015873,0.000000,0.000000,0.000000,25829,169,280,109
"21,15",41,104442,8,1,1080,2,77,629,721,0,8,8,0.565934,0.241758,0.192308,0.000000,0.000000,0.000000,0.000000,0.592105,0.309211,0.092105,0.000000,0.006579,0.000000,0.000000,22385,147,305,126
"21,16",39,104341,7,1,1081,2,23,348,514,0,8,8,0.800000,0.177778,0.022222,0.000000,0.000000,0.000000,0.000000,0.633333,0.285714,0.080952,0.000000,0.000000,0.000000,0.000000,26895,176,292,114
"21,17",38,104244,7,1,1081,2,50,760,1030,0,8,9,0.606557,0.245902,0.120219,0.027322,0.000000,0.000000,0.000000,0.679487,0.230769,0.051282,0.025641,0.006410,0.006410,0.000000,23915,157,276,107
"21,18",0,104244,0,0,1015,4,99999,99999,99999,99999,99999,99999,0.000000,0.000000,0.000000,0.000000,0.000000,0.000000,0.000000,0.000000,0.000000,0.000000,0.000000,0.000000,0.000000,0.000000,0,0,0,0
"21,19",0,104244,0,0,1015,4,99999,99999,99999,99999,99999,99999,0.000000,0.000000,0.000000,0.000000,0.000000,0.000000,0.000000,0.000000,0.000000,0.000000,0.000000,0.000000,0.000000,0.000000,0,0,0,0
"21,20",0,104244,0,0,1015,4,99999,99999,99999,99999,99999,99999,0.000000,0.000000,0.000000,0.000000,0.000000,0.000000,0.000000,0.000000,0.000000,0.000000,0.000000,0.000000,0.000000,0.000000,0,0,0,0
"21,21",0,104244,0,0,1012,4,99999,99999,99999,99999,99999,99999,0.000000,0.000000,0.000000,0.000000,0.000000,0.000000,0.000000,0.000000,0.000000,0.000000,0.000000,0.000000,0.000000,0.000000,0,0,0,0
"21,22",0,104244,0,0,1012,4,99999,99999,99999,99999,99999,99999,0.000000,0.000000,0.000000,0.000000,0.000000,0.000000,0.000000,0.000000,0.000000,0.000000,0.000000,0.000000,0.000000,0.000000,0,0,0,0
"21,23",0,104244,0,0,1011,4,99999,99999,99999,99999,99999,99999,0.000000,0.000000,0.000000,0.000000,0.000000,0.000000,0.000000,0.000000,0.000000,0.000000,0.000000,0.000000,0.000000,0.000000,0,0,0,0
"21,24",0,104244,0,0,1012,4,99999,99999,99999,99999,99999,99999,0.000000,0.000000,0.000000,0.000000,0.000000,0.000000,0.000000,0.000000,0.000000,0.000000,0.000000,0.000000,0.000000,0.000000,0,0,0,0
"21,25",0,104244,0,0,1012,4,99999,99999,99999,99999,99999,99999,0.000000,0.000000,0.000000,0.000000,0.000000,0.000000,0.000000,0.000000,0.000000,0.000000,0.000000,0.000000,0.000000,0.000000,0,0,0,0
"21,26",0,104244,0,0,1013,4,99999,99999,99999,99999,99999,99999,0.000000,0.000000,0.000000,0.000000,0.000000,0.000000,0.000000,0.000000,0.000000,0.000000,0.000000,0.000000,0.000000,0.000000,0,0,0,0
"22,-26",0,104244,0,0,1013,4,99999,99999,99999,99999,99999,99999,0.000000,0.000000,0.000000,0.000000,0.000000,0.000000,0.000000,0.000000,0.000000,0.000000,0.000000,0.000000,0.000000,0.000000,0,0,0,0
"22,-25",0,104244,0,0,1014,4,99999,99999,99999,99999,99999,99999,0.000000,0.000000,0.000000,0.000000,0.000000,0.000000,0.000000,0.000000,0.000000,0.000000,0.000000,0.000000,0.000000,0.000000,0,0,0,0
"22,-24",0,104244,0,0,1012,4,99999,99999,99999,99999,99999,99999,0.000000,0.000000,0.000000,0.000000,0.000000,0.000000,0.000000,0.000000,0.000000,0.000000,0.000000,0.000000,0.000000,0.000000,0,0,0,0
"22,-23",0,104244,0,0,1012,4,99999,99999,99999,99999,99999,99999,0.000000,0.000000,0.000000,0.000000,0.000000,0.000000,0.000000,0.000000,0.000000,0.000000,0.000000,0.000000,0.000000,0.000000,0,0,0,0
"22,-22",0,104244,0,0,1015,4,99999,99999,99999,99999,99999,99999,0.000000,0.000000,0.000000,0.000000,0.000000,0.000000,0.000000,0.000000,0.000000,0.000000,0.000000,0.000000,0.000000,0.000000,0,0,0,0
"22,-21",0,104244,0,0,1013,4,99999,99999,99999,99999,99999,99999,0.000000,0.000000,0.000000,0.000000,0.000000,0.000000,0.000000,0.000000,0.000000,0.000000,0.000000,0.000000,0.000000,0.000000,0,0,0,0
"22,-20",0,104244,0,0,1012,4,99999,99999,99999,99999,99999,99999,0.000000,0.000000,0.000000,0.000000,0.000000,0.000000,0.000000,0.000000,0.000000,0.000000,0.000000,0.000000,0.000000,0.000000,0,0,0,0
"22,-19",0,104244,0,0,1017,4,99999,99999,99999,99999,99999,99999,0.000000,0.000000,0.000000,0.000000,0.000000,0.000000,0.000000,0.000000,0.000000,0.000000,0.000000,0.000000,0.000000,0.000000,0,0,0,0
"22,-18",0,104244,0,0,1010,4,99999,99999,99999,99999,99999,99999,0.000000,0.000000,0.000000,0.000000,0.000000,0.000000,0.000000,0.000000,0.000000,0.000000,0.000000,0.000000,0.000000,0.000000,0,0,0,0
"22,-17",40,104155,7,1,1080,2,36,538,556,0,8,8,0.672222,0.138889,0.188889,0.000000,0.000000,0.000000,0.000000,0.668712,0.276074,0.049080,0.000000,0.006135,0.000000,0.000000,22233,146,255,104
"22,-16",33,104092,7,1,1081,1,247,550,616,0,8,8,0.405556,0.188889,0.405556,0.000000,0.000000,0.000000,0.000000,0.653846,0.278846,0.057692,0.009615,0.000000,0.000000,0.000000,16220,107,175,58
"22,-15",36,104058,8,1,1081,1,442,1101,1322,0,8,8,0.368421,0.152632,0.405263,0.057895,0.015789,0.000000,0.000000,0.576577,0.288288,0.126126,0.009009,0.000000,0.000000,0.000000,15371,99,198,72
"22,-14",35,104033,9,1,1080,1,59,1126,1426,0,5,13,0.588235,0.194118,0.152941,0.035294,0.029412,0.000000,0.000000,0.638298,0.304965,0.035461,0.000000,0.021277,0.000000,0.000000,20254,133,223,79
"22,-13",37,104020,9,1,1081,1,449,555,868,0,6,13,0.348958,0.171875,0.473958,0.005208,0.000000,0.000000,0.000000,0.645833,0.260417,0.062500,0.010417,0.020833,0.000000,0.000000,15397,100,169,64
"22,-12",40,104001,9,1,1082,1,80,555,854,0,5,8,0.531250,0.250000,0.208333,0.010417,0.000000,0.000000,0.000000,0.607843,0.300654,0.078431,0.006536,0.006536,0.000000,0.000000,23148,150,284,114
"22,-11",38,103982,9,1,1080,2,49,526,778,0,8,10,0.672222,0.244444,0.083333,0.000000,0.000000,0.000000,0.000000,0.586207,0.316092,0.063218,0.022989,0.011494,0.000000,0.000000,25044,165,273,104
"22,-10",36,103966,9,1,1081,1,116,546,963,0,8,9,0.472527,0.241758,0.258242,0.027473,0.000000,0.000000,0.000000,0.658333,0.250000,0.075000,0.008333,0.008333,0.000000,0.000000,20065,130,214,78
"22,-9",38,103945,9,1,1080,2,38,415,543,0,8,13,0.683616,0.276836,0.039548,0.000000,0.000000,0.000000,0.000000,0.635838,0.289017,0.046243,0.005780,0.023121,0.000000,0.000000,25933,170,287,110
"22,-8",43,103961,10,1,1080,1,145,593,949,0,5,8,0.455556,0.272222,0.255556,0.005556,0.011111,0.000000,0.000000,0.629921,0.299213,0.062992,0.007874,0.000000,0.000000,0.000000,20161,131,257,111
"22,-7",39,104018,11,1,1082,2,30,505,603,0,8,9,0.805556,0.138889,0.055556,0.000000,0.000000,0.000000,0.000000,0.629808,0.274038,0.081731,0.009615,0.004808,0.000000,0.000000,26053,170,292,114
"22,-6",35,104046,11,1,1081,1,512,1069,1340,0,8,10,0.255556,0.127778,0.538889,0.061111,0.016667,0.000000,0.000000,0.577465,0.309859,0.084507,0.028169,0.000000,0.000000,0.000000,10654,69,140,50
"22,-5",34,104096,11,1,1081,1,28,509,539,0,5,13,0.744444,0.177778,0.072222,0.005556,0.000000,0.000000,0.000000,0.641304,0.288043,0.048913,0.005435,0.016304,0.000000,0.000000,25219,166,261,91
"22,-4",39,104143,11,1,1081,1,71,530,555,0,4,8,0.561111,0.222222,0.216667,0.000000,0.000000,0.000000,0.000000,0.618421,0.328947,0.039474,0.013158,0.000000,0.000000,0.000000,21643,141,241,95
"22,-3",47,104201,11,1,1081,2,57,519,749,0,8,13,0.611111,0.250000,0.133333,0.005556,0.000000,0.000000,0.000000,0.607955,0.306818,0.056818,0.011364,0.017045,0.000000,0.000000,23500,155,310,146
"22,-2",39,104258,11,1,1080,2,30,255,367,0,8,8,0.794444,0.205556,0.000000,0.000000,0.000000,0.000000,0.000000,0.658654,0.288462,0.043269,0.009615,0.000000,0.000000,0.000000,27495,180,299,119
"22,-1",37,104312,11,1,1080,2,20,288,363,0,4,13,0.822222,0.177778,0.000000,0.000000,0.000000,0.000000,0.000000,0.719388,0.234694,0.030612,0.000000,0.015306,0.000000,0.000000,27495,180,287,107
"22,0",37,104362,11,1,1081,1,51,529,599,0,8,9,0.607735,0.298343,0.093923,0.000000,0.000000,0.000000,0.000000,0.638554,0.307229,0.024096,0.024096,0.006024,0.000000,0.000000,25046,164,276,103
"22,1",38,104415,11,1,1079,2,25,356,514,0,4,8,0.740331,0.237569,0.022099,0.000000,0.000000,0.000000,0.000000,0.666667,0.291667,0.031250,0.010417,0.000000,0.000000,0.000000,27143,177,288,110
"22,2",38,104469,11,1,1079,2,23,299,594,0,4,8,0.850000,0.116667,0.033333,0.000000,0.000000,0.000000,0.000000,0.676329,0.285024,0.033816,0.000000,0.004831,0.000000,0.000000,26562,174,290,112
"22,3",47,104529,11,1,1081,2,22,470,529,0,8,8,0.756906,0.204420,0.038674,0.000000,0.000000,0.000000,0.000000,0.668317,0.272277,0.054455,0.004950,0.000000,0.000000,0.000000,26822,174,336,159
"22,4",38,104572,11,1,1080,1,111,549,933,0,8,13,0.488889,0.261111,0.227778,0.011111,0.011111,0.000000,0.000000,0.612903,0.298387,0.064516,0.008065,0.016129,0.000000,0.000000,21209,135,235,90
"22,5",43,104626,11,1,1081,2,51,535,867,0,8,13,0.638298,0.228723,0.122340,0.010638,0.000000,0.000000,0.000000,0.604520,0.271186,0.096045,0.011299,0.011299,0.005650,0.000000,24824,163,310,136
"22,6",43,104679,11,1,1080,1,46,548,650,0,8,9,0.616667,0.244444,0.138889,0.000000,0.000000,0.000000,0.000000,0.629412,0.282353,0.070588,0.017647,0.000000,0.000000,0.000000,23732,156,300,132
"22,7",41,104726,11,1,1080,1,47,542,1134,0,8,10,0.588889,0.205556,0.177778,0.027778,0.000000,0.000000,0.000000,0.608696,0.316770,0.055901,0.006211,0.006211,0.006211,0.000000,21877,143,262,109
"22,8",48,104739,10,1,1082,1,237,855,1461,0,8,9,0.392265,0.204420,0.353591,0.016575,0.033149,0.000000,0.000000,0.525862,0.353448,0.103448,0.008621,0.008621,0.000000,0.000000,16252,108,256,125
"22,9",32,104722,9,1,1080,1,27,536,553,0,4,8,0.750000,0.100000,0.150000,0.000000,0.000000,0.000000,0.000000,0.679348,0.277174,0.032609,0.000000,0.005435,0.005435,0.000000,23204,153,230,75
"22,10",33,104702,9,1,1080,1,24,501,728,0,8,10,0.766667,0.177778,0.055556,0.000000,0.000000,0.000000,0.000000,0.672222,0.255556,0.050000,0.011111,0.005556,0.005556,0.000000,25844,170,265,89
"22,11",36,104682,9,1,1081,1,48,525,761,0,8,13,0.644444,0.272222,0.083333,0.000000,0.000000,0.000000,0.000000,0.583815,0.306358,0.092486,0.000000,0.017341,0.000000,0.000000,25117,165,270,98
"22,12",25,104672,9,1,1080,1,435,555,912,0,4,8,0.321053,0.205263,0.452632,0.021053,0.000000,0.000000,0.000000,0.694118,0.258824,0.047059,0.000000,0.000000,0.000000,0.000000,15321,100,143,36
"22,13",32,104653,9,1,1080,1,39,535,664,0,8,9,0.654450,0.240838,0.104712,0.000000,0.000000,0.000000,0.000000,0.657303,0.264045,0.056180,0.016854,0.000000,0.005618,0.000000,26044,171,262,84
"22,14",42,104616,9,1,1081,2,48,488,518,0,8,8,0.621622,0.335135,0.043243,0.000000,0.000000,0.000000,0.000000,0.581921,0.333333,0.073446,0.005650,0.000000,0.005650,0.000000,27152,177,313,133
"22,15",41,104568,8,1,1081,2,30,525,547,0,8,9,0.701657,0.204420,0.082873,0.011050,0.000000,0.000000,0.000000,0.632432,0.297297,0.048649,0.016216,0.005405,0.000000,0.000000,25038,164,293,123
"22,16",43,104498,7,1,1080,1,166,541,889,0,8,8,0.455556,0.205556,0.327778,0.011111,0.000000,0.000000,0.000000,0.619835,0.297521,0.082645,0.000000,0.000000,0.000000,0.000000,17995,119,219,95
"22,17",45,104392,7,1,1080,2,49,511,551,0,8,8,0.625698,0.290503,0.083799,0.000000,0.000000,0.000000,0.000000,0.596386,0.319277,0.072289,0.006024,0.006024,0.000000,0.000000,24941,164,310,142
"22,18",0,104392,0,0,1015,4,99999,99999,99999,99999,99999,99999,0.000000,0.000000,0.000000,0.000000,0.000000,0.000000,0.000000,0.000000,0.000000,0.000000,0.000000,0.000000,0.000000,0.000000,0,0,0,0
"22,19",0,104392,0,0,1013,4,99999,99999,99999,99999,99999,99999,0.000000,0.000000,0.000000,0.000000,0.000000,0.000000,0.000000,0.000000,0.000000,0.000000,0.000000,0.000000,0.000000,0.000000,0,0,0,0
"22,20",0,104392,0,0,1015,4,99999,99999,99999,99999,99999,99999,0.000000,0.000000,0.000000,0.000000,0.000000,0.000000,0.000000,0.000000,0.000000,0.000000,0.000000,0.000000,0.000000,0.000000,0,0,0,0
"22,21",0,104392,0,0,1014,4,99999,99999,99999,99999,99999,99999,0.000000,0.000000,0.000000,0.000000,0.000000,0.000000,0.000000,0.000000,0.000000,0.000000,0.000000,0.000000,0.000000,0.000000,0,0,0,0
"22,22",0,104392,0,0,1012,4,99999,99999,99999,99999,99999,99999,0.000000,0.000000,0.000000,0.000000,0.000000,0.000000,0.000000,0.000000,0.000000,0.000000,0.000000,0.000000,0.000000,0.000000,0,0,0,0
"22,23",0,104392,0,0,1013,4,99999,99999,99999,99999,99999,99999,0.000000,0.000000,0.000000,0.000000,0.000000,0.000000,0.000000,0.000000,0.000000,0.000000,0.000000,0.000000,0.000000,0.000000,0,0,0,0
"22,24",0,104392,0,0,1014,4,99999,99999,99999,99999,99999,99999,0.000000,0.000000,0.000000,0.000000,0.000000,0.000000,0.000000,0.000000,0.000000,0.000000,0.000000,0.000000,0.000000,0.000000,0,0,0,0
"22,25",0,104392,0,0,1011,4,99999,99999,99999,99999,99999,99999,0.000000,0.000000,0.000000,0.000000,0.000000,0.000000,0.000000,0.000000,0.000000,0.000000,0.000000,0.000000,0.000000,0.000000,0,0,0,0
"22,26",0,104392,0,0,1013,4,99999,99999,99999,99999,99999,99999,0.000000,0.000000,0.000000,0.000000,0.000000,0.000000,0.000000,0.000000,0.000000,0.000000,0.000000,0.000000,0.000000,0.000000,0,0,0,0
"23,-26",0,104392,0,0,1011,4,99999,99999,99999,99999,99999,99999,0.000000,0.000000,0.000000,0.000000,0.000000,0.000000,0.000000,0.000000,0.000000,0.000000,0.000000,0.000000,0.000000,0.000000,0,0,0,0
"23,-25",0,104392,0,0,1014,4,99999,99999,99999,99999,99999,99999,0.000000,0.000000,0.000000,0.000000,0.000000,0.000000,0.000000,0.000000,0.000000,0.000000,0.000000,0.000000,0.000000,0.000000,0,0,0,0
"23,-24",0,104392,0,0,1012,4,99999,99999,99999,99999,99999,99999,0.000000,0.000000,0.000000,0.000000,0.000000,0.000000,0.000000,0.000000,0.000000,0.000000,0.000000,0.000000,0.000000,0.000000,0,0,0,0
"23,-23",0,104392,0,0,1014,4,99999,99999,99999,99999,99999,99999,0.000000,0.000000,0.000000,0.000000,0.000000,0.000000,0.000000,0.000000,0.000000,0.000000,0.000000,0.000000,0.000000,0.000000,0,0,0,0
"23,-22",0,104392,0,0,1014,4,99999,99999,99999,99999,99999,99999,0.000000,0.000000,0.000000,0.000000,0.000000,0.000000,0.000000,0.000000,0.000000,0.000000,0.000000,0.000000,0.000000,0.000000,0,0,0,0
"23,-21",0,104392,0,0,1018,4,99999,99999,99999,99999,99999,99999,0.000000,0.000000,0.000000,0.000000,0.000000,0.000000,0.000000,0.000000,0.000000,0.000000,0.000000,0.000000,0.000000,0.000000,0,0,0,0
"23,-20",0,104392,0,0,1016,4,99999,99999,99999,99999,99999,99999,0.000000,0.000000,0.000000,0.000000,0.000000,0.000000,0.000000,0.000000,0.000000,0.000000,0.000000,0.000000,0.000000,0.000000,0,0,0,0
"23,-19",0,104392,0,0,1012,4,99999,99999,99999,99999,99999,99999,0.000000,0.000000,0.000000,0.000000,0.000000,0.000000,0.000000,0.000000,0.000000,0.000000,0.000000,0.000000,0.000000,0.000000,0,0,0,0
"23,-18",0,104392,0,0,1011,4,99999,99999,99999,99999,99999,99999,0.000000,0.000000,0.000000,0.000000,0.000000,0.000000,0.000000,0.000000,0.000000,0.000000,0.000000,0.000000,0.000000,0.000000,0,0,0,0
"23,-17",0,104392,0,0,1014,4,99999,99999,99999,99999,99999,99999,0.000000,0.000000,0.000000,0.000000,0.000000,0.000000,0.000000,0.000000,0.000000,0.000000,0.000000,0.000000,0.000000,0.000000,0,0,0,0
"23,-16",37,104318,7,1,1081,1,92,542,725,0,8,8,0.516667,0.244444,0.238889,0.000000,0.000000,0.000000,0.000000,0.625899,0.302158,0.071942,0.000000,0.000000,0.000000,0.000000,20928,137,229,86
"23,-15",44,104267,8,1,1081,2,40,534,675,0,8,9,0.644444,0.216667,0.138889,0.000000,0.000000,0.000000,0.000000,0.601156,0.306358,0.075145,0.017341,0.000000,0.000000,0.000000,23827,155,315,140
"23,-14",42,104225,8,1,1081,1,74,540,605,0,4,8,0.547368,0.242105,0.210526,0.000000,0.000000,0.000000,0.000000,0.625806,0.329032,0.045161,0.000000,0.000000,0.000000,0.000000,22580,150,260,110
"23,-13",33,104208,9,1,1081,1,54,528,897,0,8,9,0.605556,0.277778,0.105556,0.011111,0.000000,0.000000,0.000000,0.634615,0.262821,0.064103,0.025641,0.012821,0.000000,0.000000,24349,159,251,85
"23,-12",38,104190,9,1,1082,1,61,536,575,0,8,8,0.604396,0.280220,0.104396,0.010989,0.000000,0.000000,0.000000,0.607595,0.310127,0.069620,0.006329,0.006329,0.000000,0.000000,24593,161,270,104
"23,-11",44,104174,9,1,1082,1,95,541,686,0,8,13,0.511111,0.166667,0.322222,0.000000,0.000000,0.000000,0.000000,0.650794,0.269841,0.055556,0.007937,0.007937,0.007937,0.000000,18439,122,240,106
"23,-10",47,104156,9,1,1081,1,90,531,542,0,5,13,0.516667,0.305556,0.177778,0.000000,0.000000,0.000000,0.000000,0.579310,0.344828,0.055172,0.006897,0.013793,0.000000,0.000000,22574,148,292,138
"23,-9",44,104136,9,1,1081,2,37,539,739,0,5,10,0.672222,0.200000,0.127778,0.000000,0.000000,0.000000,0.000000,0.638418,0.265537,0.079096,0.011299,0.005650,0.000000,0.000000,24095,157,298,132
"23,-8",41,104151,10,1,1081,1,52,530,548,0,8,10,0.637363,0.214286,0.137363,0.000000,0.010989,0.000000,0.000000,0.632911,0.284810,0.050633,0.025316,0.006329,0.000000,0.000000,23768,156,277,116
"23,-7",42,104205,11,1,1082,2,22,250,353,0,8,13,0.822222,0.177778,0.000000,0.000000,0.000000,0.000000,0.000000,0.629808,0.283654,0.057692,0.009615,0.019231,0.000000,0.000000,27495,180,311,131
"23,-6",40,104255,11,1,1081,1,40,508,541,0,8,8,0.661111,0.272222,0.066667,0.000000,0.000000,0.000000,0.000000,0.627907,0.296512,0.069767,0.005814,0.000000,0.000000,0.000000,25704,168,291,117
"23,-5",31,104301,11,1,1082,1,21,385,647,0,8,10,0.800000,0.166667,0.033333,0.000000,0.000000,0.000000,0.000000,0.675532,0.244681,0.063830,0.010638,0.005319,0.000000,0.000000,26535,174,260,81
"23,-4",33,104341,11,1,1081,1,82,629,822,0,5,8,0.538889,0.216667,0.244444,0.000000,0.000000,0.000000,0.000000,0.631944,0.305556,0.055556,0.006944,0.000000,0.000000,0.000000,20866,136,221,75
"23,-3",38,104388,11,1,1081,1,47,524,712,0,8,8,0.651934,0.265193,0.082873,0.000000,0.000000,0.000000,0.000000,0.602339,0.327485,0.058480,0.000000,0.011696,0.000000,0.000000,25375,166,278,108
"23,-2",42,104434,11,1,1081,1,42,618,737,0,4,8,0.645714,0.137143,0.217143,0.000000,0.000000,0.000000,0.000000,0.639241,0.310127,0.044304,0.000000,0.006329,0.000000,0.000000,20826,137,261,112
"23,-1",45,104480,11,1,1081,1,53,528,559,0,8,8,0.589189,0.264865,0.135135,0.010811,0.000000,0.000000,0.000000,0.616352,0.314465,0.069182,0.000000,0.000000,0.000000,0.000000,23964,158,290,131
"23,0",34,104519,11,1,1081,1,26,922,1443,0,4,8,0.744444,0.077778,0.122222,0.033333,0.022222,0.000000,0.000000,0.730769,0.230769,0.032967,0.000000,0.005495,0.000000,0.000000,22633,148,233,81
"23,1",45,104572,11,1,1081,2,42,511,586,0,8,8,0.682796,0.225806,0.091398,0.000000,0.000000,0.000000,0.000000,0.587302,0.338624,0.063492,0.005291,0.005291,0.000000,0.000000,25844,169,324,147
"23,2",42,104623,11,1,1082,1,53,449,602,0,8,8,0.618785,0.342541,0.038674,0.000000,0.000000,0.000000,0.000000,0.591463,0.323171,0.073171,0.000000,0.012195,0.000000,0.000000,26576,174,309,131
"23,3",39,104671,11,1,1081,1,46,513,538,0,8,10,0.629834,0.276243,0.093923,0.000000,0.000000,0.000000,0.000000,0.618182,0.272727,0.084848,0.012121,0.012121,0.000000,0.000000,25006,164,292,116
"23,4",37,104713,11,1,1082,1,123,557,913,0,8,13,0.472222,0.288889,0.222222,0.016667,0.000000,0.000000,0.000000,0.585938,0.335938,0.046875,0.007812,0.023438,0.000000,0.000000,21052,137,248,93
"23,5",44,104758,11,1,1082,1,127,537,754,0,8,10,0.450000,0.322222,0.227778,0.000000,0.000000,0.000000,0.000000,0.530303,0.371212,0.060606,0.030303,0.007576,0.000000,0.000000,21277,139,279,124
"23,6",41,104808,11,1,1081,2,26,288,487,0,8,8,0.789474,0.200000,0.010526,0.000000,0.000000,0.000000,0.000000,0.628571,0.290476,0.076190,0.000000,0.004762,0.000000,0.000000,28686,188,320,132
"23,7",43,104853,11,1,1082,1,69,595,744,0,8,10,0.590909,0.204545,0.204545,0.000000,0.000000,0.000000,0.000000,0.594771,0.333333,0.052288,0.013072,0.006536,0.000000,0.000000,21383,140,275,119
"23,8",31,104861,10,1,1082,1,174,555,785,0,8,8,0.433333,0.205556,0.355556,0.000000,0.005556,0.000000,0.000000,0.589286,0.321429,0.080357,0.000000,0.008929,0.000000,0.000000,17966,115,189,59
"23,9",42,104843,9,1,1080,2,44,536,943,0,8,10,0.659091,0.193182,0.130682,0.005682,0.011364,0.000000,0.000000,0.582418,0.313187,0.082418,0.010989,0.010989,0.000000,0.000000,22725,150,276,118
"23,10",44,104821,9,1,1081,2,31,391,515,0,8,9,0.716667,0.255556,0.027778,0.000000,0.000000,0.000000,0.000000,0.621762,0.284974,0.072539,0.010363,0.005181,0.005181,0.000000,26720,175,321,144
"23,11",42,104802,9,1,1081,1,67,531,546,0,5,8,0.616667,0.272222,0.111111,0.000000,0.000000,0.000000,0.000000,0.597484,0.345912,0.050314,0.006289,0.000000,0.000000,0.000000,24616,161,289,124
"23,12",40,104783,9,1,1082,2,32,527,840,0,8,10,0.677778,0.222222,0.094444,0.005556,0.000000,0.000000,0.000000,0.625731,0.274854,0.064327,0.029240,0.000000,0.005848,0.000000,24809,162,290,117
"23,13",45,104761,9,1,1081,2,37,461,513,0,8,8,0.722222,0.233333,0.044444,0.000000,0.000000,0.000000,0.000000,0.576720,0.349206,0.063492,0.010582,0.000000,0.000000,0.000000,26395,172,329,150
"23,14",30,104728,8,1,1081,1,66,687,930,0,8,13,0.556757,0.189189,0.237838,0.016216,0.000000,0.000000,0.000000,0.673759,0.269504,0.042553,0.000000,0.007092,0.007092,0.000000,21083,138,206,62
"23,15",41,104690,8,1,1080,1,99,580,849,0,5,8,0.505556,0.294444,0.194444,0.005556,0.000000,0.000000,0.000000,0.589041,0.356164,0.054795,0.000000,0.000000,0.000000,0.000000,22109,144,251,103
"23,16",30,104625,7,1,1082,1,38,538,727,0,4,9,0.605556,0.177778,0.211111,0.005556,0.000000,0.000000,0.000000,0.737226,0.211679,0.036496,0.007299,0.007299,0.000000,0.000000,21660,141,216,66
"23,17",0,104625,0,0,1013,4,99999,99999,99999,99999,99999,99999,0.000000,0.000000,0.000000,0.000000,0.000000,0.000000,0.000000,0.000000,0.000000,0.000000,0.000000,0.000000,0.000000,0.000000,0,0,0,0
"23,18",0,104625,0,0,1014,4,99999,99999,99999,99999,99999,99999,0.000000,0.000000,0.000000,0.000000,0.000000,0.000000,0.000000,0.000000,0.000000,0.000000,0.000000,0.000000,0.000000,0.000000,0,0,0,0
"23,19",0,104625,0,0,1013,4,99999,99999,99999,99999,99999,99999,0.000000,0.000000,0.000000,0.000000,0.000000,0.000000,0.000000,0.000000,0.000000,0.000000,0.000000,0.000000,0.000000,0.000000,0,0,0,0
"23,20",0,104625,0,0,1015,4,99999,99999,99999,99999,99999,99999,0.000000,0.000000,0.000000,0.000000,0.000000,0.000000,0.000000,0.000000,0.000000,0.000000,0.000000,0.000000,0.000000,0.000000,0,0,0,0
"23,21",0,104625,0,0,1012,4,99999,99999,99999,99999,99999,99999,0.000000,0.000000,0.000000,0.000000,0.000000,0.000000,0.000000,0.000000,0.000000,0.000000,0.000000,0.000000,0.000000,0.000000,0,0,0,0
"23,22",0,104625,0,0,1014,4,99999,99999,99999,99999,99999,99999,0.000000,0.000000,0.000000,0.000000,0.000000,0.000000,0.000000,0.000000,0.000000,0.000000,0.000000,0.000000,0.000000,0.000000,0,0,0,0
"23,23",0,104625,0,0,1011,4,99999,99999,99999,99999,99999,99999,0.000000,0.000000,0.000000,0.000000,0.000000,0.000000,0.000000,0.000000,0.000000,0.000000,0.000000,0.000000,0.000000,0.000000,0,0,0,0
"23,24",0,104625,0,0,1011,4,99999,99999,99999,99999,99999,99999,0.000000,0.000000,0.000000,0.000000,0.000000,0.000000,0.000000,0.000000,0.000000,0.000000,0.000000,0.000000,0.000000,0.000000,0,0,0,0
"23,25",0,104625,0,0,1013,4,99999,99999,99999,99999,99999,99999,0.000000,0.000000,0.000000,0.000000,0.000000,0.000000,0.000000,0.000000,0.000000,0.000000,0.000000,0.000000,0.000000,0.000000,0,0,0,0
"23,26",0,104625,0,0,1016,4,99999,99999,99999,99999,99999,99999,0.000000,0.000000,0.000000,0.000000,0.000000,0.000000,0.000000,0.000000,0.000000,0.000000,0.000000,0.000000,0.000000,0.000000,0,0,0,0
"24,-26",0,104625,0,0,1014,4,99999,99999,99999,99999,99999,99999,0.000000,0.000000,0.000000,0.000000,0.000000,0.000000,0.000000,0.000000,0.000000,0.000000,0.000000,0.000000,0.000000,0.000000,0,0,0,0
"24,-25",0,104625,0,0,1013,4,99999,99999,99999,99999,99999,99999,0.000000,0.000000,0.000000,0.000000,0.000000,0.000000,0.000000,0.000000,0.000000,0.000000,0.000000,0.000000,0.000000,0.000000,0,0,0,0
"24,-24",0,104625,0,0,1012,4,99999,99999,99999,99999,99999,99999,0.000000,0.000000,0.000000,0.000000,0.000000,0.000000,0.000000,0.000000,0.000000,0.000000,0.000000,0.000000,0.000000,0.000000,0,0,0,0
"24,-23",0,104625,0,0,1012,4,99999,99999,99999,99999,99999,99999,0.000000,0.000000,0.000000,0.000000,0.000000,0.000000,0.000000,0.000000,0.000000,0.000000,0.000000,0.000000,0.000000,0.000000,0,0,0,0
"24,-22",0,104625,0,0,1015,4,99999,99999,99999,99999,99999,99999,0.000000,0.000000,0.000000,0.000000,0.000000,0.000000,0.000000,0.000000,0.000000,0.000000,0.000000,0.000000,0.000000,0.000000,0,0,0,0
"24,-21",0,104625,0,0,1014,4,99999,99999,99999,99999,99999,99999,0.000000,0.000000,0.000000,0.000000,0.000000,0.000000,0.000000,0.000000,0.000000,0.000000,0.000000,0.000000,0.000000,0.000000,0,0,0,0
"24,-20",0,104625,0,0,1013,4,99999,99999,99999,99999,99999,99999,0.000000,0.000000,0.000000,0.000000,0.000000,0.000000,0.000000,0.000000,0.000000,0.000000,0.000000,0.000000,0.000000,0.000000,0,0,0,0
"24,-19",0,104625,0,0,1016,4,99999,99999,99999,99999,99999,99999,0.000000,0.000000,0.000000,0.000000,0.000000,0.000000,0.000000,0.000000,0.000000,0.000000,0.000000,0.000000,0.000000,0.000000,0,0,0,0
"24,-18",0,104625,0,0,1013,4,99999,99999,99999,99999,99999,99999,0.000000,0.000000,0.000000,0.000000,0.000000,0.000000,0.000000,0.000000,0.000000,0.000000,0.000000,0.000000,0.000000,0.000000,0,0,0,0
"24,-17",0,104625,0,0,1014,4,99999,99999,99999,99999,99999,99999,0.000000,0.000000,0.000000,0.000000,0.000000,0.000000,0.000000,0.000000,0.000000,0.000000,0.000000,0.000000,0.000000,0.000000,0,0,0,0
"24,-16",40,104536,7,1,1081,2,34,408,562,0,8,9,0.729282,0.232044,0.038674,0.000000,0.000000,0.000000,0.000000,0.608247,0.335052,0.041237,0.005155,0.010309,0.000000,0.000000,26858,175,299,120
"24,-15",42,104462,7,1,1081,1,241,686,874,0,4,9,0.407407,0.174603,0.417989,0.000000,0.000000,0.000000,0.000000,0.567797,0.381356,0.033898,0.016949,0.000000,0.000000,0.000000,16462,110,263,113
"24,-14",34,104426,8,1,1081,1,72,548,696,0,8,8,0.527778,0.244444,0.227778,0.000000,0.000000,0.000000,0.000000,0.578231,0.367347,0.047619,0.000000,0.006803,0.000000,0.000000,21286,139,229,78
"24,-13",41,104406,9,1,1081,2,57,616,711,0,5,8,0.601093,0.202186,0.196721,0.000000,0.000000,0.000000,0.000000,0.596386,0.349398,0.054217,0.000000,0.000000,0.000000,0.000000,22462,147,305,128
"24,-12",44,104389,9,1,1082,1,76,537,728,0,5,9,0.556150,0.245989,0.197861,0.000000,0.000000,0.000000,0.000000,0.605442,0.333333,0.047619,0.013605,0.000000,0.000000,0.000000,23324,150,278,123
"24,-11",45,104369,9,1,1081,2,27,272,377,0,8,13,0.827778,0.172222,0.000000,0.000000,0.000000,0.000000,0.000000,0.596330,0.321101,0.059633,0.009174,0.013761,0.000000,0.000000,27495,180,329,149
"24,-10",33,104356,9,1,1081,1,69,551,690,0,8,10,0.558011,0.127072,0.314917,0.000000,0.000000,0.000000,0.000000,0.607143,0.314286,0.064286,0.007143,0.007143,0.000000,0.000000,18741,124,201,67
"24,-9",47,104336,9,1,1081,2,41,477,529,0,8,9,0.694444,0.261111,0.044444,0.000000,0.000000,0.000000,0.000000,0.608696,0.315217,0.054348,0.016304,0.005435,0.000000,0.000000,26583,172,343,163
"24,-8",43,104349,10,1,1080,1,55,537,553,0,8,13,0.582418,0.291209,0.126374,0.000000,0.000000,0.000000,0.000000,0.584337,0.271084,0.120482,0.006024,0.018072,0.000000,0.000000,24216,159,283,123
"24,-7",42,104364,10,1,1079,1,71,517,665,0,8,10,0.559783,0.353261,0.086957,0.000000,0.000000,0.000000,0.000000,0.555556,0.339869,0.078431,0.013072,0.006536,0.006536,0.000000,25805,168,301,128
"24,-6",33,104395,11,1,1082,1,170,546,740,0,8,9,0.438889,0.227778,0.327778,0.005556,0.000000,0.000000,0.000000,0.633028,0.238532,0.100917,0.027523,0.000000,0.000000,0.000000,18174,120,190,63
"24,-5",39,104441,11,1,1080,2,25,200,288,0,8,10,0.850000,0.150000,0.000000,0.000000,0.000000,0.000000,0.000000,0.618605,0.302326,0.065116,0.009302,0.004651,0.000000,0.000000,27495,180,300,120
"24,-4",42,104487,11,1,1081,1,41,459,556,0,8,13,0.688889,0.266667,0.044444,0.000000,0.000000,0.000000,0.000000,0.593407,0.291209,0.082418,0.016484,0.010989,0.005495,0.000000,26278,172,301,127
"24,-3",40,104530,11,1,1081,1,65,533,671,0,8,8,0.541436,0.309392,0.149171,0.000000,0.000000,0.000000,0.000000,0.607843,0.287582,0.091503,0.006536,0.006536,0.000000,0.000000,23552,154,267,107
"24,-2",43,104578,11,1,1081,2,36,499,684,0,8,11,0.688889,0.261111,0.050000,0.000000,0.000000,0.000000,0.000000,0.662921,0.252809,0.061798,0.011236,0.011236,0.000000,0.000000,26084,171,315,136
"24,-1",44,104627,11,1,1081,2,31,399,499,0,8,13,0.755556,0.233333,0.011111,0.000000,0.000000,0.000000,0.000000,0.628141,0.286432,0.065327,0.005025,0.015075,0.000000,0.000000,27187,178,323,143
"24,0",44,104665,11,1,1081,1,100,550,790,0,8,13,0.505263,0.173684,0.321053,0.000000,0.000000,0.000000,0.000000,0.696970,0.242424,0.045455,0.000000,0.015152,0.000000,0.000000,19517,129,259,114
"24,1",34,104704,11,1,1081,1,25,522,818,0,8,9,0.711111,0.166667,0.116667,0.005556,0.000000,0.000000,0.000000,0.693182,0.232955,0.056818,0.017045,0.000000,0.000000,0.000000,23936,158,257,88
"24,2",37,104744,11,1,1082,1,39,529,557,0,8,10,0.659574,0.234043,0.101064,0.005319,0.000000,0.000000,0.000000,0.644578,0.289157,0.048193,0.012048,0.006024,0.000000,0.000000,25821,168,275,103
"24,3",34,104777,11,1,1082,1,44,541,575,0,8,8,0.616667,0.144444,0.238889,0.000000,0.000000,0.000000,0.000000,0.649682,0.254777,0.089172,0.000000,0.006369,0.000000,0.000000,21228,137,216,74
"24,4",36,104811,11,1,1081,1,54,534,626,0,8,13,0.572222,0.205556,0.216667,0.000000,0.005556,0.000000,0.000000,0.664234,0.233577,0.080292,0.007299,0.014599,0.000000,0.000000,21260,140,228,84
"24,5",39,104850,11,1,1080,1,43,554,1005,0,8,8,0.633333,0.205556,0.138889,0.022222,0.000000,0.000000,0.000000,0.609467,0.313609,0.071006,0.005917,0.000000,0.000000,0.000000,23353,151,266,106
"24,6",42,104891,11,1,1081,1,105,541,659,0,8,10,0.500000,0.273684,0.215789,0.010526,0.000000,0.000000,0.000000,0.569536,0.317881,0.092715,0.013245,0.006623,0.000000,0.000000,22489,147,282,121
"24,7",31,104901,10,1,1081,1,34,535,899,0,8,8,0.720207,0.191710,0.077720,0.010363,0.000000,0.000000,0.000000,0.664865,0.270270,0.059459,0.000000,0.005405,0.000000,0.000000,26817,176,261,83
"24,8",46,104911,10,1,1081,1,186,709,855,0,4,9,0.423913,0.190217,0.380435,0.005435,0.000000,0.000000,0.000000,0.591667,0.366667,0.016667,0.016667,0.008333,0.000000,0.000000,17219,113,217,100
"24,9",38,104896,9,1,1081,1,137,553,1213,0,8,13,0.455497,0.277487,0.251309,0.010471,0.005236,0.000000,0.000000,0.622951,0.295082,0.057377,0.008197,0.016393,0.000000,0.000000,21395,140,252,97
"24,10",45,104876,9,1,1080,2,43,513,529,0,8,9,0.655556,0.277778,0.066667,0.000000,0.000000,0.000000,0.000000,0.606742,0.303371,0.067416,0.016854,0.005618,0.000000,0.000000,25684,168,322,148
"24,11",44,104857,9,1,1080,1,58,520,595,0,8,10,0.594444,0.311111,0.083333,0.011111,0.000000,0.000000,0.000000,0.602564,0.326923,0.044872,0.019231,0.006410,0.000000,0.000000,24829,163,302,133
"24,12",33,104842,9,1,1080,1,37,530,1298,0,4,8,0.679348,0.152174,0.146739,0.010870,0.010870,0.000000,0.000000,0.633721,0.313953,0.046512,0.000000,0.005814,0.000000,0.000000,23215,153,235,79
"24,13",41,104830,9,1,1082,1,495,550,698,0,5,8,0.333333,0.172222,0.494444,0.000000,0.000000,0.000000,0.000000,0.636364,0.306818,0.045455,0.000000,0.011364,0.000000,0.000000,14138,91,182,76
"24,14",33,104792,8,1,1081,2,27,520,733,0,8,8,0.729282,0.193370,0.077348,0.000000,0.000000,0.000000,0.000000,0.664804,0.251397,0.078212,0.000000,0.005587,0.000000,0.000000,25591,167,261,88
"24,15",42,104712,7,1,1081,2,58,522,541,0,8,13,0.611111,0.322222,0.066667,0.000000,0.000000,0.000000,0.000000,0.575949,0.360759,0.031646,0.012658,0.018987,0.000000,0.000000,25455,168,304,129
"24,16",44,104626,7,1,1080,2,33,412,510,0,8,8,0.691892,0.281081,0.027027,0.000000,0.000000,0.000000,0.000000,0.631868,0.313187,0.043956,0.005495,0.005495,0.000000,0.000000,27331,180,325,145
"24,17",0,104626,0,0,1013,4,99999,99999,99999,99999,99999,99999,0.000000,0.000000,0.000000,0.000000,0.000000,0.000000,0.000000,0.000000,0.000000,0.000000,0.000000,0.000000,0.000000,0.000000,0,0,0,0
"24,18",0,104626,0,0,1012,4,99999,99999,99999,99999,99999,99999,0.000000,0.000000,0.000000,0.000000,0.000000,0.000000,0.000000,0.000000,0.000000,0.000000,0.000000,0.000000,0.000000,0.000000,0,0,0,0
"24,19",0,104626,0,0,1013,4,99999,99999,99999,99999,99999,99999,0.000000,0.000000,0.000000,0.000000,0.000000,0.000000,0.000000,0.000000,0.000000,0.000000,0.000000,0.000000,0.000000,0.000000,0,0,0,0
"24,20",0,104626,0,0,1010,4,99999,99999,99999,99999,99999,99999,0.000000,0.000000,0.000000,0.000000,0.000000,0.000000,0.000000,0.000000,0.000000,0.000000,0.000000,0.000000,0.000000,0.000000,0,0,0,0
"24,21",0,104626,0,0,1013,4,99999,99999,99999,99999,99999,99999,0.000000,0.000000,0.000000,0.000000,0.000000,0.000000,0.000000,0.000000,0.000000,0.000000,0.000000,0.000000,0.000000,0.000000,0,0,0,0
"24,22",0,104626,0,0,1014,4,99999,99999,99999,99999,99999,99999,0.000000,0.000000,0.000000,0.000000,0.000000,0.000000,0.000000,0.000000,0.000000,0.000000,0.000000,0.000000,0.000000,0.000000,0,0,0,0
"24,23",0,104626,0,0,1013,4,99999,99999,99999,99999,99999,99999,0.000000,0.000000,0.000000,0.000000,0.000000,0.000000,0.000000,0.000000,0.000000,0.000000,0.000000,0.000000,0.000000,0.000000,0,0,0,0
"24,24",0,104626,0,0,1013,4,99999,99999,99999,99999,99999,99999,0.000000,0.000000,0.000000,0.000000,0.000000,0.000000,0.000000,0.000000,0.000000,0.000000,0.000000,0.000000,0.000000,0.000000,0,0,0,0
"24,25",0,104626,0,0,1011,4,99999,99999,99999,99999,99999,99999,0.000000,0.000000,0.000000,0.000000,0.000000,0.000000,0.000000,0.000000,0.000000,0.000000,0.000000,0.000000,0.000000,0.000000,0,0,0,0
"24,26",0,104626,0,0,1012,4,99999,99999,99999,99999,99999,99999,0.000000,0.000000,0.000000,0.000000,0.000000,0.000000,0.000000,0.000000,0.000000,0.000000,0.000000,0.000000,0.000000,0.000000,0,0,0,0
"25,-26",0,104626,0,0,1010,4,99999,99999,99999,99999,99999,99999,0.000000,0.000000,0.000000,0.000000,0.000000,0.000000,0.000000,0.000000,0.000000,0.000000,0.000000,0.000000,0.000000,0.000000,0,0,0,0
"25,-25",0,104626,0,0,1012,4,99999,99999,99999,99999,99999,99999,0.000000,0.000000,0.000000,0.000000,0.000000,0.000000,0.000000,0.000000,0.000000,0.000000,0.000000,0.000000,0.000000,0.000000,0,0,0,0
"25,-24",0,104626,0,0,1011,4,99999,99999,99999,99999,99999,99999,0.000000,0.000000,0.000000,0.000000,0.000000,0.000000,0.000000,0.000000,0.000000,0.000000,0.000000,0.000000,0.000000,0.000000,0,0,0,0
"25,-23",0,104626,0,0,1011,4,99999,99999,99999,99999,99999,99999,0.000000,0.000000,0.000000,0.000000,0.000000,0.000000,0.000000,0.000000,0.000000,0.000000,0.000000,0.000000,0.000000,0.000000,0,0,0,0
"25,-22",0,104626,0,0,1013,4,99999,99999,99999,99999,99999,99999,0.000000,0.000000,0.000000,0.000000,0.000000,0.000000,0.000000,0.000000,0.000000,0.000000,0.000000,0.000000,0.000000,0.000000,0,0,0,0
"25,-21",0,104626,0,0,1010,4,99999,99999,99999,99999,99999,99999,0.000000,0.000000,0.000000,0.000000,0.000000,0.000000,0.000000,0.000000,0.000000,0.000000,0.000000,0.000000,0.000000,0.000000,0,0,0,0
"25,-20",0,104626,0,0,1013,4,99999,99999,99999,99999,99999,99999,0.000000,0.000000,0.000000,0.000000,0.000000,0.000000,0.000000,0.000000,0.000000,0.000000,0.000000,0.000000,0.000000,0.000000,0,0,0,0
"25,-19",0,104626,0,0,1012,4,99999,99999,99999,99999,99999,99999,0.000000,0.000000,0.000000,0.000000,0.000000,0.000000,0.000000,0.000000,0.000000,0.000000,0.000000,0.000000,0.000000,0.000000,0,0,0,0
"25,-18",0,104626,0,0,1010,4,99999,99999,99999,99999,99999,99999,0.000000,0.000000,0.000000,0.000000,0.000000,0.000000,0.000000,0.000000,0.000000,0.000000,0.000000,0.000000,0.000000,0.000000,0,0,0,0
"25,-17",0,104626,0,0,1014,4,99999,99999,99999,99999,99999,99999,0.000000,0.000000,0.000000,0.000000,0.000000,0.000000,0.000000,0.000000,0.000000,0.000000,0.000000,0.000000,0.000000,0.000000,0,0,0,0
"25,-16",40,104550,7,1,1081,2,36,368,562,0,8,9,0.727778,0.233333,0.038889,0.000000,0.000000,0.000000,0.000000,0.600000,0.333333,0.046154,0.010256,0.005128,0.005128,0.000000,26497,173,292,117
"25,-15",36,104475,7,1,1082,2,30,421,533,0,5,9,0.727778,0.233333,0.038889,0.000000,0.000000,0.000000,0.000000,0.633880,0.311475,0.038251,0.016393,0.000000,0.000000,0.000000,26420,173,284,104
"25,-14",48,104428,8,1,1082,2,103,588,793,0,8,8,0.488889,0.338889,0.172222,0.000000,0.000000,0.000000,0.000000,0.540541,0.364865,0.087838,0.006757,0.000000,0.000000,0.000000,22510,149,336,164
"25,-13",33,104416,9,1,1082,1,130,666,891,0,4,9,0.467033,0.192308,0.329670,0.010989,0.000000,0.000000,0.000000,0.657658,0.297297,0.009009,0.027027,0.009009,0.000000,0.000000,18228,120,197,66
"25,-12",36,104400,9,1,1081,2,30,412,517,0,8,13,0.756757,0.216216,0.027027,0.000000,0.000000,0.000000,0.000000,0.661376,0.253968,0.052910,0.015873,0.015873,0.000000,0.000000,27464,180,286,105
"25,-11",36,104384,9,1,1081,2,28,442,559,0,8,13,0.743316,0.213904,0.042781,0.000000,0.000000,0.000000,0.000000,0.642487,0.284974,0.056995,0.000000,0.015544,0.000000,0.000000,27323,179,283,104
"25,-10",49,104368,9,1,1081,1,138,540,778,0,8,9,0.477778,0.233333,0.277778,0.011111,0.000000,0.000000,0.000000,0.601399,0.321678,0.062937,0.013986,0.000000,0.000000,0.000000,19484,128,275,135
"25,-9",37,104353,9,1,1080,2,35,530,745,0,8,9,0.694444,0.222222,0.083333,0.000000,0.000000,0.000000,0.000000,0.609626,0.310160,0.058824,0.021390,0.000000,0.000000,0.000000,25276,165,275,104
"25,-8",41,104336,9,1,1080,1,103,864,1188,0,5,13,0.497238,0.270718,0.182320,0.049724,0.000000,0.000000,0.000000,0.591241,0.350365,0.043796,0.000000,0.007299,0.007299,0.000000,21170,139,280,116
"25,-7",43,104347,10,1,1082,1,56,541,1298,0,8,9,0.563536,0.160221,0.259669,0.005525,0.011050,0.000000,0.000000,0.605263,0.302632,0.065789,0.013158,0.013158,0.000000,0.000000,20107,131,242,105
"25,-6",47,104392,11,1,1081,2,86,541,1007,0,5,13,0.531579,0.289474,0.163158,0.015789,0.000000,0.000000,0.000000,0.591195,0.339623,0.050314,0.000000,0.012579,0.006289,0.000000,23891,156,325,155
"25,-5",46,104439,11,1,1081,2,19,462,541,0,8,9,0.833333,0.116667,0.050000,0.000000,0.000000,0.000000,0.000000,0.661765,0.245098,0.073529,0.009804,0.009804,0.000000,0.000000,26099,171,335,155
"25,-4",42,104483,11,1,1081,1,49,526,601,0,8,13,0.605556,0.272222,0.116667,0.005556,0.000000,0.000000,0.000000,0.602484,0.285714,0.062112,0.012422,0.037267,0.000000,0.000000,24277,158,303,130
"25,-3",40,104526,11,1,1081,2,29,507,838,0,7,9,0.743316,0.192513,0.058824,0.005348,0.000000,0.000000,0.000000,0.631579,0.310526,0.042105,0.015789,0.000000,0.000000,0.000000,26600,175,293,119
"25,-2",39,104561,11,1,1082,1,49,537,553,0,8,10,0.585635,0.220994,0.193370,0.000000,0.000000,0.000000,0.000000,0.647059,0.267974,0.045752,0.032680,0.006536,0.000000,0.000000,22188,146,245,98
"25,-1",40,104592,11,1,1081,1,309,999,1331,0,8,8,0.361111,0.244444,0.327778,0.050000,0.016667,0.000000,0.000000,0.580000,0.290000,0.120000,0.000000,0.010000,0.000000,0.000000,16935,109,204,83
"25,0",45,104631,11,1,1082,1,175,604,710,0,8,9,0.408840,0.309392,0.281768,0.000000,0.000000,0.000000,0.000000,0.507937,0.396825,0.079365,0.007937,0.007937,0.000000,0.000000,20012,130,286,129
"25,1",41,104676,11,1,1080,2,32,500,540,0,8,10,0.719577,0.232804,0.047619,0.000000,0.000000,0.000000,0.000000,0.623037,0.277487,0.083770,0.010471,0.005236,0.000000,0.000000,27523,180,308,128
"25,2",47,104720,11,1,1082,2,53,515,589,0,8,10,0.633333,0.233333,0.133333,0.000000,0.000000,0.000000,0.000000,0.610169,0.310734,0.062147,0.005650,0.005650,0.005650,0.000000,23674,156,323,152
"25,3",39,104752,11,1,1081,1,191,556,973,0,9,13,0.411111,0.233333,0.333333,0.022222,0.000000,0.000000,0.000000,0.630631,0.261261,0.054054,0.027027,0.027027,0.000000,0.000000,17455,116,225,88
"25,4",32,104775,11,1,1082,1,503,573,896,0,8,10,0.302703,0.162162,0.524324,0.010811,0.000000,0.000000,0.000000,0.645570,0.240506,0.088608,0.012658,0.012658,0.000000,0.000000,12800,86,149,48
"25,5",36,104806,11,1,1081,1,51,550,750,0,8,13,0.628415,0.136612,0.234973,0.000000,0.000000,0.000000,0.000000,0.608696,0.260870,0.099379,0.006211,0.018634,0.006211,0.000000,21385,140,222,82
"25,6",43,104844,11,1,1082,1,81,541,1385,0,8,10,0.538889,0.288889,0.150000,0.000000,0.022222,0.000000,0.000000,0.582192,0.328767,0.061644,0.020548,0.006849,0.000000,0.000000,22946,149,275,120
"25,7",35,104853,10,1,1079,1,128,825,1611,0,9,13,0.477778,0.172222,0.305556,0.022222,0.016667,0.005556,0.000000,0.614173,0.275591,0.055118,0.039370,0.015748,0.000000,0.000000,18084,117,227,80
"25,8",37,104838,9,1,1081,1,40,529,1325,0,8,9,0.679558,0.198895,0.093923,0.011050,0.016575,0.000000,0.000000,0.620690,0.293103,0.063218,0.011494,0.005747,0.005747,0.000000,24199,159,262,98
"25,9",44,104820,9,1,1080,2,54,582,689,0,8,10,0.596859,0.214660,0.188482,0.000000,0.000000,0.000000,0.000000,0.609195,0.316092,0.051724,0.022989,0.000000,0.000000,0.000000,23399,155,302,134
"25,10",37,104807,9,1,1080,1,42,542,946,0,8,9,0.620690,0.143678,0.218391,0.017241,0.000000,0.000000,0.000000,0.668831,0.240260,0.058442,0.032468,0.000000,0.000000,0.000000,20537,133,216,81
"25,11",40,104795,9,1,1080,1,73,540,551,0,5,8,0.557895,0.184211,0.257895,0.000000,0.000000,0.000000,0.000000,0.616438,0.308219,0.068493,0.000000,0.006849,0.000000,0.000000,21896,141,247,100
"25,12",39,104778,9,1,1081,1,40,525,639,0,8,13,0.624309,0.281768,0.093923,0.000000,0.000000,0.000000,0.000000,0.660606,0.242424,0.060606,0.018182,0.018182,0.000000,0.000000,25149,164,288,115
"25,13",42,104763,9,1,1081,1,56,553,1187,0,8,9,0.600000,0.127778,0.250000,0.022222,0.000000,0.000000,0.000000,0.592357,0.292994,0.076433,0.031847,0.006369,0.000000,0.000000,20161,131,242,103
"25,14",36,104725,8,1,1081,2,23,166,401,0,8,9,0.883333,0.111111,0.005556,0.000000,0.000000,0.000000,0.000000,0.656652,0.270386,0.060086,0.008584,0.004292,0.000000,0.000000,27329,179,282,102
"25,15",39,104670,7,1,1080,1,480,838,1019,0,4,8,0.361111,0.150000,0.455556,0.022222,0.011111,0.000000,0.000000,0.611650,0.368932,0.009709,0.000000,0.009709,0.000000,0.000000,14360,92,209,82
"25,16",41,104608,7,1,1080,1,182,544,811,0,8,8,0.424731,0.263441,0.306452,0.005376,0.000000,0.000000,0.000000,0.625000,0.303571,0.071429,0.000000,0.000000,0.000000,0.000000,19815,128,252,105
"25,17",0,104608,0,0,1012,4,99999,99999,99999,99999,99999,99999,0.000000,0.000000,0.000000,0.000000,0.000000,0.000000,0.000000,0.000000,0.000000,0.000000,0.000000,0.000000,0.000000,0.000000,0,0,0,0
"25,18",0,104608,0,0,1012,4,99999,99999,99999,99999,99999,99999,0.000000,0.000000,0.000000,0.000000,0.000000,0.000000,0.000000,0.000000,0.000000,0.000000,0.000000,0.000000,0.000000,0.000000,0,0,0,0
"25,19",0,104608,0,0,1013,4,99999,99999,99999,99999,99999,99999,0.000000,0.000000,0.000000,0.000000,0.000000,0.000000,0.000000,0.000000,0.000000,0.000000,0.000000,0.000000,0.000000,0.000000,0,0,0,0
"25,20",0,104608,0,0,1015,4,99999,99999,99999,99999,99999,99999,0.000000,0.000000,0.000000,0.000000,0.000000,0.000000,0.000000,0.000000,0.000000,0.000000,0.000000,0.000000,0.000000,0.000000,0,0,0,0
"25,21",0,104608,0,0,1015,4,99999,99999,99999,99999,99999,99999,0.000000,0.000000,0.000000,0.000000,0.000000,0.000000,0.000000,0.000000,0.000000,0.000000,0.000000,0.000000,0.000000,0.000000,0,0,0,0
"25,22",0,104608,0,0,1012,4,99999,99999,99999,99999,99999,99999,0.000000,0.000000,0.000000,0.000000,0.000000,0.000000,0.000000,0.000000,0.000000,0.000000,0.000000,0.000000,0.000000,0.000000,0,0,0,0
"25,23",0,104608,0,0,1015,4,99999,99999,99999,99999,99999,99999,0.000000,0.000000,0.000000,0.000000,0.000000,0.000000,0.000000,0.000000,0.000000,0.000000,0.000000,0.000000,0.000000,0.000000,0,0,0,0
"25,24",0,104608,0,0,1010,4,99999,99999,99999,99999,99999,99999,0.000000,0.000000,0.000000,0.000000,0.000000,0.000000,0.000000,0.000000,0.000000,0.000000,0.000000,0.000000,0.000000,0.000000,0,0,0,0
"25,25",0,104608,0,0,1012,4,99999,99999,99999,99999,99999,99999,0.000000,0.000000,0.000000,0.000000,0.000000,0.000000,0.000000,0.000000,0.000000,0.000000,0.000000,0.000000,0.000000,0.000000,0,0,0,0
"25,26",0,104608,0,0,1014,4,99999,99999,99999,99999,99999,99999,0.000000,0.000000,0.000000,0.000000,0.000000,0.000000,0.000000,0.000000,0.000000,0.000000,0.000000,0.000000,0.000000,0.000000,0,0,0,0
"26,-26",0,104608,0,0,1014,4,99999,99999,99999,99999,99999,99999,0.000000,0.000000,0.000000,0.000000,0.000000,0.000000,0.000000,0.000000,0.000000,0.000000,0.000000,0.000000,0.000000,0.000000,0,0,0,0
"26,-25",0,104608,0,0,1012,4,99999,99999,99999,99999,99999,99999,0.000000,0.000000,0.000000,0.000000,0.000000,0.000000,0.000000,0.000000,0.000000,0.000000,0.000000,0.000000,0.000000,0.000000,0,0,0,0
"26,-24",0,104608,0,0,1010,4,99999,99999,99999,99999,99999,99999,0.000000,0.000000,0.000000,0.000000,0.000000,0.000000,0.000000,0.000000,0.000000,0.000000,0.000000,0.000000,0.000000,0.000000,0,0,0,0
"26,-23",0,104608,0,0,1012,4,99999,99999,99999,99999,99999,99999,0.000000,0.000000,0.000000,0.000000,0.000000,0.000000,0.000000,0.000000,0.000000,0.000000,0.000000,0.000000,0.000000,0.000000,0,0,0,0
"26,-22",0,104608,0,0,1014,4,99999,99999,99999,99999,99999,99999,0.000000,0.000000,0.000000,0.000000,0.000000,0.000000,0.000000,0.000000,0.000000,0.000000,0.000000,0.000000,0.000000,0.000000,0,0,0,0
"26,-21",0,104608,0,0,1012,4,99999,99999,99999,99999,99999,99999,0.000000,0.000000,0.000000,0.000000,0.000000,0.000000,0.000000,0.000000,0.000000,0.000000,0.000000,0.000000,0.000000,0.000000,0,0,0,0
"26,-20",0,104608,0,0,1013,4,99999,99999,99999,99999,99999,99999,0.000000,0.000000,0.000000,0.000000,0.000000,0.000000,0.000000,0.000000,0.000000,0.000000,0.000000,0.000000,0.000000,0.000000,0,0,0,0
"26,-19",0,104608,0,0,1014,4,99999,99999,99999,99999,99999,99999,0.000000,0.000000,0.000000,0.000000,0.000000,0.000000,0.000000,0.000000,0.000000,0.000000,0.000000,0.000000,0.000000,0.000000,0,0,0,0
"26,-18",0,104608,0,0,1012,4,99999,99999,99999,99999,99999,99999,0.000000,0.000000,0.000000,0.000000,0.000000,0.000000,0.000000,0.000000,0.000000,0.000000,0.000000,0.000000,0.000000,0.000000,0,0,0,0
"26,-17",0,104608,0,0,1011,4,99999,99999,99999,99999,99999,99999,0.000000,0.000000,0.000000,0.000000,0.000000,0.000000,0.000000,0.000000,0.000000,0.000000,0.000000,0.000000,0.000000,0.000000,0,0,0,0
"26,-16",39,104539,7,1,1080,2,31,525,737,0,6,9,0.707865,0.185393,0.106742,0.000000,0.000000,0.000000,0.000000,0.670391,0.268156,0.039106,0.011173,0.011173,0.000000,0.000000,24094,159,274,108
"26,-15",43,104473,7,1,1080,2,41,535,551,0,8,8,0.633333,0.194444,0.172222,0.000000,0.000000,0.000000,0.000000,0.601190,0.333333,0.059524,0.005952,0.000000,0.000000,0.000000,22881,149,267,115
"26,-14",42,104438,8,1,1082,1,190,757,862,0,8,8,0.409574,0.239362,0.340426,0.010638,0.000000,0.000000,0.000000,0.554622,0.378151,0.058824,0.008403,0.000000,0.000000,0.000000,18526,122,263,113
"26,-13",42,104406,8,1,1081,1,114,546,690,0,8,9,0.494444,0.255556,0.244444,0.005556,0.000000,0.000000,0.000000,0.558621,0.379310,0.041379,0.013793,0.006897,0.000000,0.000000,20754,135,245,103
"26,-12",38,104391,9,1,1082,1,29,521,956,0,8,9,0.692308,0.203297,0.087912,0.016484,0.000000,0.000000,0.000000,0.656805,0.278107,0.041420,0.011834,0.011834,0.000000,0.000000,24908,163,279,108
"26,-11",38,104376,9,1,1080,2,34,519,611,0,8,13,0.710383,0.224044,0.065574,0.000000,0.000000,0.000000,0.000000,0.624339,0.275132,0.079365,0.000000,0.021164,0.000000,0.000000,26129,171,283,108
"26,-10",35,104361,9,1,1081,1,37,508,666,0,8,9,0.662983,0.270718,0.066298,0.000000,0.000000,0.000000,0.000000,0.670659,0.251497,0.059880,0.017964,0.000000,0.000000,0.000000,25727,169,276,99
"26,-9",39,104347,9,1,1081,1,31,537,548,0,8,9,0.694444,0.194444,0.100000,0.000000,0.011111,0.000000,0.000000,0.719298,0.198830,0.064327,0.011696,0.005848,0.000000,0.000000,24689,160,268,106
"26,-8",40,104331,9,1,1080,2,23,251,447,0,5,8,0.816216,0.178378,0.005405,0.000000,0.000000,0.000000,0.000000,0.602804,0.336449,0.051402,0.004673,0.004673,0.000000,0.000000,27968,184,306,123
"26,-7",41,104316,9,1,1080,2,39,527,1096,0,8,13,0.672222,0.211111,0.100000,0.016667,0.000000,0.000000,0.000000,0.612360,0.303371,0.044944,0.011236,0.028090,0.000000,0.000000,24239,159,288,120
"26,-6",43,104327,10,1,1081,1,73,663,981,0,5,8,0.544444,0.238889,0.194444,0.022222,0.000000,0.000000,0.000000,0.575949,0.335443,0.082278,0.000000,0.006329,0.000000,0.000000,21463,141,278,120
"26,-5",46,104370,11,1,1080,2,54,503,541,0,8,10,0.610526,0.331579,0.057895,0.000000,0.000000,0.000000,0.000000,0.581006,0.324022,0.072626,0.011173,0.011173,0.000000,0.000000,27448,179,333,154
"26,-4",39,104407,11,1,1081,1,38,520,668,0,8,8,0.702128,0.191489,0.106383,0.000000,0.000000,0.000000,0.000000,0.652406,0.245989,0.096257,0.000000,0.005348,0.000000,0.000000,25768,168,284,113
"26,-3",39,104446,11,1,1081,2,28,309,425,0,8,8,0.773481,0.220994,0.005525,0.000000,0.000000,0.000000,0.000000,0.673469,0.255102,0.066327,0.005102,0.000000,0.000000,0.000000,27512,180,298,118
"26,-2",42,104488,11,1,1080,2,35,506,584,0,8,10,0.708791,0.236264,0.054945,0.000000,0.000000,0.000000,0.000000,0.613065,0.286432,0.085427,0.005025,0.005025,0.005025,0.000000,26199,172,312,132
"26,-1",45,104529,11,1,1080,1,41,531,618,0,8,8,0.622340,0.250000,0.127660,0.000000,0.000000,0.000000,0.000000,0.636905,0.261905,0.095238,0.000000,0.005952,0.000000,0.000000,25223,164,319,146
"26,0",45,104568,11,1,1081,1,47,551,727,0,8,8,0.622222,0.200000,0.172222,0.005556,0.000000,0.000000,0.000000,0.601156,0.300578,0.086705,0.000000,0.011561,0.000000,0.000000,22684,148,295,133
"26,1",45,104613,11,1,1080,2,23,275,492,0,8,8,0.761111,0.227778,0.011111,0.000000,0.000000,0.000000,0.000000,0.595122,0.297561,0.097561,0.004878,0.004878,0.000000,0.000000,27161,178,331,151
"26,2",45,104657,11,1,1081,2,48,503,632,0,8,10,0.650273,0.295082,0.054645,0.000000,0.000000,0.000000,0.000000,0.605405,0.275676,0.097297,0.010811,0.010811,0.000000,0.000000,26473,173,328,149
"26,3",43,104696,11,1,1080,2,44,533,583,0,8,11,0.705556,0.188889,0.105556,0.000000,0.000000,0.000000,0.000000,0.591623,0.314136,0.068063,0.020942,0.005236,0.000000,0.000000,24638,161,296,129
"26,4",44,104738,11,1,1080,2,33,500,600,0,8,8,0.700000,0.244444,0.055556,0.000000,0.000000,0.000000,0.000000,0.600000,0.328205,0.066667,0.005128,0.000000,0.000000,0.000000,25931,170,324,145
"26,5",45,104777,11,1,1081,1,41,524,698,0,8,8,0.644444,0.238889,0.116667,0.000000,0.000000,0.000000,0.000000,0.604938,0.290123,0.092593,0.006173,0.006173,0.000000,0.000000,24163,159,310,141
"26,6",36,104787,10,1,1080,1,43,503,738,0,8,9,0.645833,0.291667,0.052083,0.010417,0.000000,0.000000,0.000000,0.660819,0.269006,0.040936,0.017544,0.011696,0.000000,0.000000,27476,180,291,107
"26,7",47,104771,9,1,1081,1,88,803,926,0,8,13,0.523810,0.216931,0.238095,0.021164,0.000000,0.000000,0.000000,0.613333,0.240000,0.100000,0.026667,0.020000,0.000000,0.000000,21190,140,319,150
"26,8",33,104757,9,1,1080,1,36,517,645,0,5,8,0.679558,0.237569,0.082873,0.000000,0.000000,0.000000,0.000000,0.662857,0.268571,0.057143,0.000000,0.011429,0.000000,0.000000,25628,166,259,87
"26,9",43,104740,9,1,1080,2,33,354,624,0,5,8,0.745856,0.226519,0.027624,0.000000,0.000000,0.000000,0.000000,0.631313,0.297980,0.060606,0.010101,0.000000,0.000000,0.000000,26821,176,321,140
"26,10",36,104726,9,1,1080,1,41,521,850,0,8,8,0.655556,0.222222,0.111111,0.011111,0.000000,0.000000,0.000000,0.644578,0.277108,0.072289,0.000000,0.006024,0.000000,0.000000,23940,158,260,95
"26,11",39,104713,9,1,1080,1,116,542,733,0,8,8,0.473118,0.317204,0.204301,0.005376,0.000000,0.000000,0.000000,0.587786,0.297710,0.114504,0.000000,0.000000,0.000000,0.000000,22636,147,242,95
"26,12",39,104698,9,1,1079,1,53,821,1144,0,7,8,0.571429,0.263736,0.126374,0.038462,0.000000,0.000000,0.000000,0.649682,0.280255,0.057325,0.012739,0.000000,0.000000,0.000000,23548,152,275,110
"26,13",40,104663,8,1,1081,2,43,527,648,0,8,13,0.655556,0.250000,0.088889,0.005556,0.000000,0.000000,0.000000,0.603448,0.321839,0.045977,0.011494,0.017241,0.000000,0.000000,24867,163,281,113
"26,14",35,104631,8,1,1079,1,63,688,1025,0,4,8,0.579235,0.202186,0.191257,0.027322,0.000000,0.000000,0.000000,0.664474,0.289474,0.039474,0.000000,0.006579,0.000000,0.000000,21691,143,245,88
"26,15",37,104565,7,1,1081,2,20,228,315,0,8,8,0.823204,0.176796,0.000000,0.000000,0.000000,0.000000,0.000000,0.674757,0.271845,0.048544,0.000000,0.004854,0.000000,0.000000,27659,181,288,108
"26,16",39,104500,7,1,1081,2,43,557,636,0,8,8,0.616667,0.272222,0.111111,0.000000,0.000000,0.000000,0.000000,0.611765,0.323529,0.052941,0.005882,0.005882,0.000000,0.000000,24360,160,281,110
"26,17",0,104500,0,0,1012,4,99999,99999,99999,99999,99999,99999,0.000000,0.000000,0.000000,0.000000,0.000000,0.000000,0.000000,0.000000,0.000000,0.000000,0.000000,0.000000,0.000000,0.000000,0,0,0,0
"26,18",0,104500,0,0,1009,4,99999,99999,99999,99999,99999,99999,0.000000,0.000000,0.000000,0.000000,0.000000,0.000000,0.000000,0.000000,0.000000,0.000000,0.000000,0.000000,0.000000,0.000000,0,0,0,0
"26,19",0,104500,0,0,1014,4,99999,99999,99999,99999,99999,99999,0.000000,0.000000,0.000000,0.000000,0.000000,0.000000,0.000000,0.000000,0.000000,0.000000,0.000000,0.000000,0.000000,0.000000,0,0,0,0
"26,20",0,104500,0,0,1011,4,99999,99999,99999,99999,99999,99999,0.000000,0.000000,0.000000,0.000000,0.000000,0.000000,0.000000,0.000000,0.000000,0.000000,0.000000,0.000000,0.000000,0.000000,0,0,0,0
"26,21",0,104500,0,0,1014,4,99999,99999,99999,99999,99999,99999,0.000000,0.000000,0.000000,0.000000,0.000000,0.000000,0.000000,0.000000,0.000000,0.000000,0.000000,0.000000,0.000000,0.000000,0,0,0,0
"26,22",0,104500,0,0,1012,4,99999,99999,99999,99999,99999,99999,0.000000,0.000000,0.000000,0.000000,0.000000,0.000000,0.000000,0.000000,0.000000,0.000000,0.000000,0.000000,0.000000,0.000000,0,0,0,0
"26,23",0,104500,0,0,1013,4,99999,99999,99999,99999,99999,99999,0.000000,0.000000,0.000000,0.000000,0.000000,0.000000,0.000000,0.000000,0.000000,0.000000,0.000000,0.000000,0.000000,0.000000,0,0,0,0
"26,24",0,104500,0,0,1010,4,99999,99999,99999,99999,99999,99999,0.000000,0.000000,0.000000,0.000000,0.000000,0.000000,0.000000,0.000000,0.000000,0.000000,0.000000,0.000000,0.000000,0.000000,0,0,0,0
"26,25",0,104500,0,0,1009,4,99999,99999,99999,99999,99999,99999,0.000000,0.000000,0.000000,0.000000,0.000000,0.000000,0.000000,0.000000,0.000000,0.000000,0.000000,0.000000,0.000000,0.000000,0,0,0,0
"26,26",0,104500,0,0,1010,4,99999,99999,99999,99999,99999,99999,0.000000,0.000000,0.000000,0.000000,0.000000,0.000000,0.000000,0.000000,0.000000,0.000000,0.000000,0.000000,0.000000,0.000000,0,0,0,0
