position,per,tx phyrate,tx mcs,tx nss,chload,chload self,total_latency_50_percent,total_latency_95_percent,total_latency_99_percent,txtime_latency_50_percent,txtime_latency_95_percent,txtime_latency_99_percent,uldelay <100ms,uldelay 100-500ms,uldelay 500-900ms,uldelay 900-1300ms,uldelay 1300-1700ms,uldelay 1700-2100ms,uldelay >2100ms,txtime <1ms,txtime 1-5ms,txtime 5-9ms,txtime 9-13ms,txtime 13-17ms,txtime 17-21ms,txtime >21ms,diff tx bytes,diff tx packets,diff tx ppdu cnt,diff tx ppdu retry cnt
"-26,-26",0,0,0,0,647,4,99999,99999,99999,99999,99999,99999,0.000000,0.000000,0.000000,0.000000,0.000000,0.000000,0.000000,0.000000,0.000000,0.000000,0.000000,0.000000,0.000000,0.000000,0,0,0,0
"-26,-25",0,0,0,0,645,4,99999,99999,99999,99999,99999,99999,0.000000,0.000000,0.000000,0.000000,0.000000,0.000000,0.000000,0.000000,0.000000,0.000000,0.000000,0.000000,0.000000,0.000000,0,0,0,0
"-26,-24",0,0,0,0,646,4,99999,99999,99999,99999,99999,99999,0.000000,0.000000,0.000000,0.000000,0.000000,0.000000,0.000000,0.000000,0.000000,0.000000,0.000000,0.000000,0.000000,0.000000,0,0,0,0
"-26,-23",0,0,0,0,644,4,99999,99999,99999,99999,99999,99999,0.000000,0.000000,0.000000,0.000000,0.000000,0.000000,0.000000,0.000000,0.000000,0.000000,0.000000,0.000000,0.000000,0.000000,0,0,0,0
"-26,-22",0,0,0,0,649,4,99999,99999,99999,99999,99999,99999,0.000000,0.000000,0.000000,0.000000,0.000000,0.000000,0.000000,0.000000,0.000000,0.000000,0.000000,0.000000,0.000000,0.000000,0,0,0,0
"-26,-21",0,0,0,0,647,4,99999,99999,99999,99999,99999,99999,0.000000,0.000000,0.000000,0.000000,0.000000,0.000000,0.000000,0.000000,0.000000,0.000000,0.000000,0.000000,0.000000,0.000000,0,0,0,0
"-26,-20",0,0,0,0,646,4,99999,99999,99999,99999,99999,99999,0.000000,0.000000,0.000000,0.000000,0.000000,0.000000,0.000000,0.000000,0.000000,0.000000,0.000000,0.000000,0.000000,0.000000,0,0,0,0
"-26,-19",0,0,0,0,646,4,99999,99999,99999,99999,99999,99999,0.000000,0.000000,0.000000,0.000000,0.000000,0.000000,0.000000,0.000000,0.000000,0.000000,0.000000,0.000000,0.000000,0.000000,0,0,0,0
"-26,-18",0,0,0,0,636,4,99999,99999,99999,99999,99999,99999,0.000000,0.000000,0.000000,0.000000,0.000000,0.000000,0.000000,0.000000,0.000000,0.000000,0.000000,0.000000,0.000000,0.000000,0,0,0,0
"-26,-17",0,0,0,0,648,4,99999,99999,99999,99999,99999,99999,0.000000,0.000000,0.000000,0.000000,0.000000,0.000000,0.000000,0.000000,0.000000,0.000000,0.000000,0.000000,0.000000,0.000000,0,0,0,0
"-26,-16",24,52000,5,1,742,2,1,4,11,0,0,1,1.000000,0.000000,0.000000,0.000000,0.000000,0.000000,0.000000,0.987500,0.012500,0.000000,0.000000,0.000000,0.000000,0.000000,27495,180,240,60
"-26,-15",28,52000,5,1,742,2,1,4,10,0,0,0,1.000000,0.000000,0.000000,0.000000,0.000000,0.000000,0.000000,1.000000,0.000000,0.000000,0.000000,0.000000,0.000000,0.000000,27495,180,251,71
"-26,-14",30,54234,6,1,743,2,1,5,8,0,0,0,1.000000,0.000000,0.000000,0.000000,0.000000,0.000000,0.000000,1.000000,0.000000,0.000000,0.000000,0.000000,0.000000,0.000000,27495,180,260,80
"-26,-13",31,55328,6,1,743,2,1,6,17,0,0,0,1.000000,0.000000,0.000000,0.000000,0.000000,0.000000,0.000000,0.988417,0.011583,0.000000,0.000000,0.000000,0.000000,0.000000,27495,180,262,82
"-26,-12",24,57166,7,1,743,2,1,4,6,0,0,0,1.000000,0.000000,0.000000,0.000000,0.000000,0.000000,0.000000,0.995781,0.004219,0.000000,0.000000,0.000000,0.000000,0.000000,27495,180,240,60
"-26,-11",29,58504,7,1,742,2,1,6,13,0,0,0,1.000000,0.000000,0.000000,0.000000,0.000000,0.000000,0.000000,1.000000,0.000000,0.000000,0.000000,0.000000,0.000000,0.000000,27495,180,256,76
"-26,-10",32,59468,7,1,741,2,1,5,13,0,0,0,1.000000,0.000000,0.000000,0.000000,0.000000,0.000000,0.000000,0.992453,0.007547,0.000000,0.000000,0.000000,0.000000,0.000000,27495,180,266,86
"-26,-9",24,60129,7,1,743,2,1,4,8,0,0,1,1.000000,0.000000,0.000000,0.000000,0.000000,0.000000,0.000000,0.987342,0.012658,0.000000,0.000000,0.000000,0.000000,0.000000,27495,180,237,57
"-26,-8",25,60653,7,1,743,2,1,4,7,0,0,0,1.000000,0.000000,0.000000,0.000000,0.000000,0.000000,0.000000,0.995833,0.004167,0.000000,0.000000,0.000000,0.000000,0.000000,27561,181,242,61
"-26,-7",34,61139,7,1,742,2,1,5,15,0,0,1,1.000000,0.000000,0.000000,0.000000,0.000000,0.000000,0.000000,0.981413,0.018587,0.000000,0.000000,0.000000,0.000000,0.000000,27495,180,273,93
"-26,-6",29,61500,7,1,745,2,1,6,11,0,0,0,1.000000,0.000000,0.000000,0.000000,0.000000,0.000000,0.000000,0.996063,0.003937,0.000000,0.000000,0.000000,0.000000,0.000000,27495,180,255,75
"-26,-5",29,61793,7,1,745,2,1,5,11,0,0,0,1.000000,0.000000,0.000000,0.000000,0.000000,0.000000,0.000000,0.996032,0.003968,0.000000,0.000000,0.000000,0.000000,0.000000,27495,180,255,75
"-26,-4",33,62052,7,1,744,2,1,7,37,0,0,0,1.000000,0.000000,0.000000,0.000000,0.000000,0.000000,0.000000,0.992453,0.007547,0.000000,0.000000,0.000000,0.000000,0.000000,27495,180,270,90
"-26,-3",32,62272,7,1,743,2,1,7,56,0,0,0,0.988889,0.011111,0.000000,0.000000,0.000000,0.000000,0.000000,1.000000,0.000000,0.000000,0.000000,0.000000,0.000000,0.000000,27495,180,267,87
"-26,-2",31,62457,7,1,743,2,1,6,13,0,0,0,1.000000,0.000000,0.000000,0.000000,0.000000,0.000000,0.000000,1.000000,0.000000,0.000000,0.000000,0.000000,0.000000,0.000000,27495,180,262,82
"-26,-1",32,62620,7,1,745,2,1,6,17,0,0,0,1.000000,0.000000,0.000000,0.000000,0.000000,0.000000,0.000000,0.996198,0.003802,0.000000,0.000000,0.000000,0.000000,0.000000,27495,180,267,87
"-26,0",31,62763,7,1,744,2,1,6,18,0,0,0,1.000000,0.000000,0.000000,0.000000,0.000000,0.000000,0.000000,0.988550,0.011450,0.000000,0.000000,0.000000,0.000000,0.000000,27495,180,262,82
"-26,1",30,62888,7,1,745,2,1,5,13,0,0,0,1.000000,0.000000,0.000000,0.000000,0.000000,0.000000,0.000000,0.992248,0.007752,0.000000,0.000000,0.000000,0.000000,0.000000,27495,180,260,80
"-26,2",29,62997,7,1,742,2,1,6,10,0,0,0,1.000000,0.000000,0.000000,0.000000,0.000000,0.000000,0.000000,0.992157,0.007843,0.000000,0.000000,0.000000,0.000000,0.000000,27495,180,255,75
"-26,3",28,63097,7,1,743,2,1,6,7,0,0,0,1.000000,0.000000,0.000000,0.000000,0.000000,0.000000,0.000000,0.992032,0.007968,0.000000,0.000000,0.000000,0.000000,0.000000,27495,180,253,73
"-26,4",27,63185,7,1,743,2,1,5,12,0,0,0,1.000000,0.000000,0.000000,0.000000,0.000000,0.000000,0.000000,0.991968,0.008032,0.000000,0.000000,0.000000,0.000000,0.000000,27495,180,249,69
"-26,5",30,63268,7,1,742,2,1,5,11,0,0,0,1.000000,0.000000,0.000000,0.000000,0.000000,0.000000,0.000000,1.000000,0.000000,0.000000,0.000000,0.000000,0.000000,0.000000,27495,180,258,78
"-26,6",29,63343,7,1,742,2,1,5,14,0,0,0,1.000000,0.000000,0.000000,0.000000,0.000000,0.000000,0.000000,0.991837,0.008163,0.000000,0.000000,0.000000,0.000000,0.000000,27495,180,254,74
"-26,7",30,63414,7,1,743,2,1,7,10,0,0,0,1.000000,0.000000,0.000000,0.000000,0.000000,0.000000,0.000000,0.988235,0.011765,0.000000,0.000000,0.000000,0.000000,0.000000,27495,180,259,79
"-26,8",24,63474,7,1,742,2,1,4,6,0,0,0,1.000000,0.000000,0.000000,0.000000,0.000000,0.000000,0.000000,0.991597,0.008403,0.000000,0.000000,0.000000,0.000000,0.000000,27495,180,239,59
"-26,9",34,63536,7,1,745,2,1,6,9,0,0,0,1.000000,0.000000,0.000000,0.000000,0.000000,0.000000,0.000000,0.989091,0.010909,0.000000,0.000000,0.000000,0.000000,0.000000,27561,181,276,95
"-26,10",28,63590,7,1,744,2,1,5,12,0,0,0,1.000000,0.000000,0.000000,0.000000,0.000000,0.000000,0.000000,0.992063,0.007937,0.000000,0.000000,0.000000,0.000000,0.000000,27495,180,253,73
"-26,11",28,63640,7,1,743,2,1,4,8,0,0,0,1.000000,0.000000,0.000000,0.000000,0.000000,0.000000,0.000000,0.995951,0.004049,0.000000,0.000000,0.000000,0.000000,0.000000,27495,180,251,71
"-26,12",29,63687,7,1,744,2,1,5,9,0,0,0,1.000000,0.000000,0.000000,0.000000,0.000000,0.000000,0.000000,0.996078,0.003922,0.000000,0.000000,0.000000,0.000000,0.000000,27495,180,256,76
"-26,13",32,63513,6,1,743,2,1,7,39,0,0,0,1.000000,0.000000,0.000000,0.000000,0.000000,0.000000,0.000000,0.992366,0.007634,0.000000,0.000000,0.000000,0.000000,0.000000,27495,180,265,85
"-26,14",27,63356,6,1,744,2,1,6,9,0,0,0,1.000000,0.000000,0.000000,0.000000,0.000000,0.000000,0.000000,0.995918,0.004082,0.000000,0.000000,0.000000,0.000000,0.000000,27495,180,248,68
"-26,15",30,63000,5,1,745,2,1,5,13,0,0,0,1.000000,0.000000,0.000000,0.000000,0.000000,0.000000,0.000000,0.996094,0.003906,0.000000,0.000000,0.000000,0.000000,0.000000,27495,180,259,79
"-26,16",29,62668,5,1,743,2,1,6,23,0,0,0,1.000000,0.000000,0.000000,0.000000,0.000000,0.000000,0.000000,0.992126,0.007874,0.000000,0.000000,0.000000,0.000000,0.000000,27495,180,256,76
"-26,17",0,62668,0,0,634,4,99999,99999,99999,99999,99999,99999,0.000000,0.000000,0.000000,0.000000,0.000000,0.000000,0.000000,0.000000,0.000000,0.000000,0.000000,0.000000,0.000000,0.000000,0,0,0,0
"-26,18",0,62668,0,0,633,4,99999,99999,99999,99999,99999,99999,0.000000,0.000000,0.000000,0.000000,0.000000,0.000000,0.000000,0.000000,0.000000,0.000000,0.000000,0.000000,0.000000,0.000000,0,0,0,0
"-26,19",0,62668,0,0,634,4,99999,99999,99999,99999,99999,99999,0.000000,0.000000,0.000000,0.000000,0.000000,0.000000,0.000000,0.000000,0.000000,0.000000,0.000000,0.000000,0.000000,0.000000,0,0,0,0
"-26,20",0,62668,0,0,633,4,99999,99999,99999,99999,99999,99999,0.000000,0.000000,0.000000,0.000000,0.000000,0.000000,0.000000,0.000000,0.000000,0.000000,0.000000,0.000000,0.000000,0.000000,0,0,0,0
"-26,21",0,62668,0,0,633,4,99999,99999,99999,99999,99999,99999,0.000000,0.000000,0.000000,0.000000,0.000000,0.000000,0.000000,0.000000,0.000000,0.000000,0.000000,0.000000,0.000000,0.000000,0,0,0,0
"-26,22",0,62668,0,0,629,4,99999,99999,99999,99999,99999,99999,0.000000,0.000000,0.000000,0.000000,0.000000,0.000000,0.000000,0.000000,0.000000,0.000000,0.000000,0.000000,0.000000,0.000000,0,0,0,0
"-26,23",0,62668,0,0,633,4,99999,99999,99999,99999,99999,99999,0.000000,0.000000,0.000000,0.000000,0.000000,0.000000,0.000000,0.000000,0.000000,0.000000,0.000000,0.000000,0.000000,0.000000,0,0,0,0
"-26,24",0,62668,0,0,630,4,99999,99999,99999,99999,99999,99999,0.000000,0.000000,0.000000,0.000000,0.000000,0.000000,0.000000,0.000000,0.000000,0.000000,0.000000,0.000000,0.000000,0.000000,0,0,0,0
"-26,25",0,62668,0,0,631,4,99999,99999,99999,99999,99999,99999,0.000000,0.000000,0.000000,0.000000,0.000000,0.000000,0.000000,0.000000,0.000000,0.000000,0.000000,0.000000,0.000000,0.000000,0,0,0,0
"-26,26",0,62668,0,0,629,4,99999,99999,99999,99999,99999,99999,0.000000,0.000000,0.000000,0.000000,0.000000,0.000000,0.000000,0.000000,0.000000,0.000000,0.000000,0.000000,0.000000,0.000000,0,0,0,0
"-25,-26",0,62668,0,0,632,4,99999,99999,99999,99999,99999,99999,0.000000,0.000000,0.000000,0.000000,0.000000,0.000000,0.000000,0.000000,0.000000,0.000000,0.000000,0.000000,0.000000,0.000000,0,0,0,0
"-25,-25",0,62668,0,0,632,4,99999,99999,99999,99999,99999,99999,0.000000,0.000000,0.000000,0.000000,0.000000,0.000000,0.000000,0.000000,0.000000,0.000000,0.000000,0.000000,0.000000,0.000000,0,0,0,0
"-25,-24",0,62668,0,0,629,4,99999,99999,99999,99999,99999,99999,0.000000,0.000000,0.000000,0.000000,0.000000,0.000000,0.000000,0.000000,0.000000,0.000000,0.000000,0.000000,0.000000,0.000000,0,0,0,0
"-25,-23",0,62668,0,0,634,4,99999,99999,99999,99999,99999,99999,0.000000,0.000000,0.000000,0.000000,0.000000,0.000000,0.000000,0.000000,0.000000,0.000000,0.000000,0.000000,0.000000,0.000000,0,0,0,0
"-25,-22",0,62668,0,0,632,4,99999,99999,99999,99999,99999,99999,0.000000,0.000000,0.000000,0.000000,0.000000,0.000000,0.000000,0.000000,0.000000,0.000000,0.000000,0.000000,0.000000,0.000000,0,0,0,0
"-25,-21",0,62668,0,0,633,4,99999,99999,99999,99999,99999,99999,0.000000,0.000000,0.000000,0.000000,0.000000,0.000000,0.000000,0.000000,0.000000,0.000000,0.000000,0.000000,0.000000,0.000000,0,0,0,0
"-25,-20",0,62668,0,0,630,4,99999,99999,99999,99999,99999,99999,0.000000,0.000000,0.000000,0.000000,0.000000,0.000000,0.000000,0.000000,0.000000,0.000000,0.000000,0.000000,0.000000,0.000000,0,0,0,0
"-25,-19",0,62668,0,0,636,4,99999,99999,99999,99999,99999,99999,0.000000,0.000000,0.000000,0.000000,0.000000,0.000000,0.000000,0.000000,0.000000,0.000000,0.000000,0.000000,0.000000,0.000000,0,0,0,0
"-25,-18",0,62668,0,0,631,4,99999,99999,99999,99999,99999,99999,0.000000,0.000000,0.000000,0.000000,0.000000,0.000000,0.000000,0.000000,0.000000,0.000000,0.000000,0.000000,0.000000,0.000000,0,0,0,0
"-25,-17",0,62668,0,0,635,4,99999,99999,99999,99999,99999,99999,0.000000,0.000000,0.000000,0.000000,0.000000,0.000000,0.000000,0.000000,0.000000,0.000000,0.000000,0.000000,0.000000,0.000000,0,0,0,0
"-25,-16",25,62365,5,1,743,2,1,4,6,0,0,1,1.000000,0.000000,0.000000,0.000000,0.000000,0.000000,0.000000,0.987552,0.012448,0.000000,0.000000,0.000000,0.000000,0.000000,27495,180,242,62
"-25,-15",30,62254,6,1,741,2,1,8,15,0,0,0,1.000000,0.000000,0.000000,0.000000,0.000000,0.000000,0.000000,0.988417,0.011583,0.000000,0.000000,0.000000,0.000000,0.000000,27495,180,260,80
"-25,-14",28,62150,6,1,743,2,1,5,9,0,0,0,1.000000,0.000000,0.000000,0.000000,0.000000,0.000000,0.000000,1.000000,0.000000,0.000000,0.000000,0.000000,0.000000,0.000000,27495,180,252,72
"-25,-13",30,62228,7,1,741,2,1,9,14,0,0,0,1.000000,0.000000,0.000000,0.000000,0.000000,0.000000,0.000000,0.996139,0.003861,0.000000,0.000000,0.000000,0.000000,0.000000,27495,180,259,79
"-25,-12",32,62304,7,1,745,2,1,8,16,0,0,0,1.000000,0.000000,0.000000,0.000000,0.000000,0.000000,0.000000,0.996255,0.003745,0.000000,0.000000,0.000000,0.000000,0.000000,27495,180,268,88
"-25,-11",31,62375,7,1,744,2,1,7,12,0,0,0,1.000000,0.000000,0.000000,0.000000,0.000000,0.000000,0.000000,0.988550,0.011450,0.000000,0.000000,0.000000,0.000000,0.000000,27495,180,264,84
"-25,-10",30,62442,7,1,742,2,1,4,22,0,0,0,1.000000,0.000000,0.000000,0.000000,0.000000,0.000000,0.000000,0.992157,0.007843,0.000000,0.000000,0.000000,0.000000,0.000000,27495,180,258,78
"-25,-9",29,62504,7,1,741,2,1,6,9,0,0,0,1.000000,0.000000,0.000000,0.000000,0.000000,0.000000,0.000000,0.996032,0.003968,0.000000,0.000000,0.000000,0.000000,0.000000,27495,180,255,75
"-25,-8",31,62565,7,1,741,2,1,5,12,0,0,0,1.000000,0.000000,0.000000,0.000000,0.000000,0.000000,0.000000,1.000000,0.000000,0.000000,0.000000,0.000000,0.000000,0.000000,27561,181,264,83
"-25,-7",33,62624,7,1,743,2,1,6,18,0,0,0,1.000000,0.000000,0.000000,0.000000,0.000000,0.000000,0.000000,1.000000,0.000000,0.000000,0.000000,0.000000,0.000000,0.000000,27495,180,269,89
"-25,-6",29,62679,7,1,740,2,1,5,9,0,0,0,1.000000,0.000000,0.000000,0.000000,0.000000,0.000000,0.000000,0.996078,0.003922,0.000000,0.000000,0.000000,0.000000,0.000000,27495,180,256,76
"-25,-5",31,62733,7,1,743,2,1,7,11,0,0,0,1.000000,0.000000,0.000000,0.000000,0.000000,0.000000,0.000000,0.996169,0.003831,0.000000,0.000000,0.000000,0.000000,0.000000,27495,180,263,83
"-25,-4",26,62781,7,1,744,2,1,4,9,0,0,0,1.000000,0.000000,0.000000,0.000000,0.000000,0.000000,0.000000,1.000000,0.000000,0.000000,0.000000,0.000000,0.000000,0.000000,27495,180,246,66
"-25,-3",27,62826,7,1,742,2,1,5,9,0,0,0,1.000000,0.000000,0.000000,0.000000,0.000000,0.000000,0.000000,0.995918,0.004082,0.000000,0.000000,0.000000,0.000000,0.000000,27495,180,247,67
"-25,-2",29,62872,7,1,744,2,1,6,21,0,0,1,0.994444,0.005556,0.000000,0.000000,0.000000,0.000000,0.000000,0.983673,0.016327,0.000000,0.000000,0.000000,0.000000,0.000000,27495,180,255,75
"-25,-1",32,62917,7,1,746,2,1,6,25,0,0,0,1.000000,0.000000,0.000000,0.000000,0.000000,0.000000,0.000000,0.992424,0.007576,0.000000,0.000000,0.000000,0.000000,0.000000,27495,180,268,88
"-25,0",30,62959,7,1,745,2,1,6,9,0,0,0,1.000000,0.000000,0.000000,0.000000,0.000000,0.000000,0.000000,0.992063,0.007937,0.000000,0.000000,0.000000,0.000000,0.000000,27495,180,259,79
"-25,1",29,63000,7,1,744,2,1,5,19,0,0,1,1.000000,0.000000,0.000000,0.000000,0.000000,0.000000,0.000000,0.987952,0.012048,0.000000,0.000000,0.000000,0.000000,0.000000,27495,180,256,76
"-25,2",32,63039,7,1,743,2,1,5,11,0,0,1,1.000000,0.000000,0.000000,0.000000,0.000000,0.000000,0.000000,0.984556,0.015444,0.000000,0.000000,0.000000,0.000000,0.000000,27495,180,265,85
"-25,3",29,63076,7,1,742,2,1,4,12,0,0,0,1.000000,0.000000,0.000000,0.000000,0.000000,0.000000,0.000000,0.996016,0.003984,0.000000,0.000000,0.000000,0.000000,0.000000,27495,180,254,74
"-25,4",30,63111,7,1,742,2,1,5,43,0,0,0,1.000000,0.000000,0.000000,0.000000,0.000000,0.000000,0.000000,1.000000,0.000000,0.000000,0.000000,0.000000,0.000000,0.000000,27495,180,260,80
"-25,5",23,63142,7,1,748,1,1,4,5,0,0,0,1.000000,0.000000,0.000000,0.000000,0.000000,0.000000,0.000000,0.995690,0.004310,0.000000,0.000000,0.000000,0.000000,0.000000,27495,180,234,54
"-25,6",27,63176,7,1,741,2,1,7,11,0,0,0,1.000000,0.000000,0.000000,0.000000,0.000000,0.000000,0.000000,0.995968,0.004032,0.000000,0.000000,0.000000,0.000000,0.000000,27495,180,249,69
"-25,7",30,63208,7,1,744,2,1,5,13,0,0,0,1.000000,0.000000,0.000000,0.000000,0.000000,0.000000,0.000000,0.996032,0.003968,0.000000,0.000000,0.000000,0.000000,0.000000,27495,180,258,78
"-25,8",25,63237,7,1,742,2,1,4,9,0,0,0,1.000000,0.000000,0.000000,0.000000,0.000000,0.000000,0.000000,0.995781,0.004219,0.000000,0.000000,0.000000,0.000000,0.000000,27495,180,243,63
"-25,9",26,63266,7,1,740,2,1,5,15,0,0,0,1.000000,0.000000,0.000000,0.000000,0.000000,0.000000,0.000000,0.995833,0.004167,0.000000,0.000000,0.000000,0.000000,0.000000,27561,181,245,64
"-25,10",26,63295,7,1,744,2,1,5,10,0,0,0,1.000000,0.000000,0.000000,0.000000,0.000000,0.000000,0.000000,0.995833,0.004167,0.000000,0.000000,0.000000,0.000000,0.000000,27495,180,244,64
"-25,11",24,63321,7,1,742,2,1,5,17,0,0,0,1.000000,0.000000,0.000000,0.000000,0.000000,0.000000,0.000000,1.000000,0.000000,0.000000,0.000000,0.000000,0.000000,0.000000,27495,180,240,60
"-25,12",29,63348,7,1,741,2,1,4,7,0,0,0,1.000000,0.000000,0.000000,0.000000,0.000000,0.000000,0.000000,0.992095,0.007905,0.000000,0.000000,0.000000,0.000000,0.000000,27495,180,255,75
"-25,13",30,63374,7,1,740,2,1,7,11,0,0,0,1.000000,0.000000,0.000000,0.000000,0.000000,0.000000,0.000000,0.996154,0.003846,0.000000,0.000000,0.000000,0.000000,0.000000,27495,180,260,80
"-25,14",32,63296,6,1,741,2,1,7,14,0,0,0,1.000000,0.000000,0.000000,0.000000,0.000000,0.000000,0.000000,0.992395,0.007605,0.000000,0.000000,0.000000,0.000000,0.000000,27495,180,267,87
"-25,15",31,63221,6,1,744,2,1,5,11,0,0,0,1.000000,0.000000,0.000000,0.000000,0.000000,0.000000,0.000000,0.996183,0.003817,0.000000,0.000000,0.000000,0.000000,0.000000,27495,180,264,84
"-25,16",25,63059,5,1,743,2,1,5,13,0,0,0,0.994444,0.005556,0.000000,0.000000,0.000000,0.000000,0.000000,0.995798,0.004202,0.000000,0.000000,0.000000,0.000000,0.000000,27495,180,243,63
"-25,17",0,63059,0,0,633,4,99999,99999,99999,99999,99999,99999,0.000000,0.000000,0.000000,0.000000,0.000000,0.000000,0.000000,0.000000,0.000000,0.000000,0.000000,0.000000,0.000000,0.000000,0,0,0,0
"-25,18",0,63059,0,0,634,4,99999,99999,99999,99999,99999,99999,0.000000,0.000000,0.000000,0.000000,0.000000,0.000000,0.000000,0.000000,0.000000,0.000000,0.000000,0.000000,0.000000,0.000000,0,0,0,0
"-25,19",0,63059,0,0,632,4,99999,99999,99999,99999,99999,99999,0.000000,0.000000,0.000000,0.000000,0.000000,0.000000,0.000000,0.000000,0.000000,0.000000,0.000000,0.000000,0.000000,0.000000,0,0,0,0
"-25,20",0,63059,0,0,633,4,99999,99999,99999,99999,99999,99999,0.000000,0.000000,0.000000,0.000000,0.000000,0.000000,0.000000,0.000000,0.000000,0.000000,0.000000,0.000000,0.000000,0.000000,0,0,0,0
"-25,21",0,63059,0,0,636,4,99999,99999,99999,99999,99999,99999,0.000000,0.000000,0.000000,0.000000,0.000000,0.000000,0.000000,0.000000,0.000000,0.000000,0.000000,0.000000,0.000000,0.000000,0,0,0,0
"-25,22",0,63059,0,0,634,4,99999,99999,99999,99999,99999,99999,0.000000,0.000000,0.000000,0.000000,0.000000,0.000000,0.000000,0.000000,0.000000,0.000000,0.000000,0.000000,0.000000,0.000000,0,0,0,0
"-25,23",0,63059,0,0,631,4,99999,99999,99999,99999,99999,99999,0.000000,0.000000,0.000000,0.000000,0.000000,0.000000,0.000000,0.000000,0.000000,0.000000,0.000000,0.000000,0.000000,0.000000,0,0,0,0
"-25,24",0,63059,0,0,629,4,99999,99999,99999,99999,99999,99999,0.000000,0.000000,0.000000,0.000000,0.000000,0.000000,0.000000,0.000000,0.000000,0.000000,0.000000,0.000000,0.000000,0.000000,0,0,0,0
"-25,25",0,63059,0,0,629,4,99999,99999,99999,99999,99999,99999,0.000000,0.000000,0.000000,0.000000,0.000000,0.000000,0.000000,0.000000,0.000000,0.000000,0.000000,0.000000,0.000000,0.000000,0,0,0,0
"-25,26",0,63059,0,0,633,4,99999,99999,99999,99999,99999,99999,0.000000,0.000000,0.000000,0.000000,0.000000,0.000000,0.000000,0.000000,0.000000,0.000000,0.000000,0.000000,0.000000,0.000000,0,0,0,0
"-24,-26",0,63059,0,0,629,4,99999,99999,99999,99999,99999,99999,0.000000,0.000000,0.000000,0.000000,0.000000,0.000000,0.000000,0.000000,0.000000,0.000000,0.000000,0.000000,0.000000,0.000000,0,0,0,0
"-24,-25",0,63059,0,0,633,4,99999,99999,99999,99999,99999,99999,0.000000,0.000000,0.000000,0.000000,0.000000,0.000000,0.000000,0.000000,0.000000,0.000000,0.000000,0.000000,0.000000,0.000000,0,0,0,0
"-24,-24",0,63059,0,0,629,4,99999,99999,99999,99999,99999,99999,0.000000,0.000000,0.000000,0.000000,0.000000,0.000000,0.000000,0.000000,0.000000,0.000000,0.000000,0.000000,0.000000,0.000000,0,0,0,0
"-24,-23",0,63059,0,0,630,4,99999,99999,99999,99999,99999,99999,0.000000,0.000000,0.000000,0.000000,0.000000,0.000000,0.000000,0.000000,0.000000,0.000000,0.000000,0.000000,0.000000,0.000000,0,0,0,0
"-24,-22",0,63059,0,0,632,4,99999,99999,99999,99999,99999,99999,0.000000,0.000000,0.000000,0.000000,0.000000,0.000000,0.000000,0.000000,0.000000,0.000000,0.000000,0.000000,0.000000,0.000000,0,0,0,0
"-24,-21",0,63059,0,0,634,4,99999,99999,99999,99999,99999,99999,0.000000,0.000000,0.000000,0.000000,0.000000,0.000000,0.000000,0.000000,0.000000,0.000000,0.000000,0.000000,0.000000,0.000000,0,0,0,0
"-24,-20",0,63059,0,0,629,4,99999,99999,99999,99999,99999,99999,0.000000,0.000000,0.000000,0.000000,0.000000,0.000000,0.000000,0.000000,0.000000,0.000000,0.000000,0.000000,0.000000,0.000000,0,0,0,0
"-24,-19",0,63059,0,0,635,4,99999,99999,99999,99999,99999,99999,0.000000,0.000000,0.000000,0.000000,0.000000,0.000000,0.000000,0.000000,0.000000,0.000000,0.000000,0.000000,0.000000,0.000000,0,0,0,0
"-24,-18",0,63059,0,0,632,4,99999,99999,99999,99999,99999,99999,0.000000,0.000000,0.000000,0.000000,0.000000,0.000000,0.000000,0.000000,0.000000,0.000000,0.000000,0.000000,0.000000,0.000000,0,0,0,0
"-24,-17",0,63059,0,0,628,4,99999,99999,99999,99999,99999,99999,0.000000,0.000000,0.000000,0.000000,0.000000,0.000000,0.000000,0.000000,0.000000,0.000000,0.000000,0.000000,0.000000,0.000000,0,0,0,0
"-24,-16",32,62889,5,1,743,2,1,6,11,0,0,0,1.000000,0.000000,0.000000,0.000000,0.000000,0.000000,0.000000,0.988462,0.011538,0.000000,0.000000,0.000000,0.000000,0.000000,27495,180,265,85
"-24,-15",23,62829,6,1,745,2,1,5,6,0,0,0,1.000000,0.000000,0.000000,0.000000,0.000000,0.000000,0.000000,1.000000,0.000000,0.000000,0.000000,0.000000,0.000000,0.000000,27495,180,236,56
"-24,-14",31,62765,6,1,746,2,1,6,10,0,0,1,1.000000,0.000000,0.000000,0.000000,0.000000,0.000000,0.000000,0.980620,0.019380,0.000000,0.000000,0.000000,0.000000,0.000000,27495,180,261,81
"-24,-13",32,62797,7,1,743,2,1,5,12,0,0,0,1.000000,0.000000,0.000000,0.000000,0.000000,0.000000,0.000000,0.996212,0.003788,0.000000,0.000000,0.000000,0.000000,0.000000,27495,180,265,85
"-24,-12",31,62828,7,1,742,2,1,5,9,0,0,0,1.000000,0.000000,0.000000,0.000000,0.000000,0.000000,0.000000,0.996198,0.003802,0.000000,0.000000,0.000000,0.000000,0.000000,27495,180,263,83
"-24,-11",28,62858,7,1,741,2,1,5,8,0,0,0,1.000000,0.000000,0.000000,0.000000,0.000000,0.000000,0.000000,0.992000,0.008000,0.000000,0.000000,0.000000,0.000000,0.000000,27495,180,251,71
"-24,-10",30,62887,7,1,742,2,1,5,11,0,0,0,1.000000,0.000000,0.000000,0.000000,0.000000,0.000000,0.000000,0.996109,0.003891,0.000000,0.000000,0.000000,0.000000,0.000000,27495,180,259,79
"-24,-9",34,62917,7,1,744,2,1,6,16,0,0,0,1.000000,0.000000,0.000000,0.000000,0.000000,0.000000,0.000000,0.996283,0.003717,0.000000,0.000000,0.000000,0.000000,0.000000,27495,180,273,93
"-24,-8",29,62945,7,1,745,2,1,6,13,0,0,0,1.000000,0.000000,0.000000,0.000000,0.000000,0.000000,0.000000,0.988189,0.011811,0.000000,0.000000,0.000000,0.000000,0.000000,27561,181,257,76
"-24,-7",29,62972,7,1,744,2,1,4,10,0,0,0,1.000000,0.000000,0.000000,0.000000,0.000000,0.000000,0.000000,1.000000,0.000000,0.000000,0.000000,0.000000,0.000000,0.000000,27495,180,256,76
"-24,-6",23,62996,7,1,745,2,1,5,10,0,0,0,1.000000,0.000000,0.000000,0.000000,0.000000,0.000000,0.000000,0.991525,0.008475,0.000000,0.000000,0.000000,0.000000,0.000000,27495,180,236,56
"-24,-5",32,63022,7,1,745,2,1,5,14,0,0,0,1.000000,0.000000,0.000000,0.000000,0.000000,0.000000,0.000000,1.000000,0.000000,0.000000,0.000000,0.000000,0.000000,0.000000,27495,180,266,86
"-24,-4",28,63047,7,1,744,2,1,5,11,0,0,0,1.000000,0.000000,0.000000,0.000000,0.000000,0.000000,0.000000,0.992032,0.007968,0.000000,0.000000,0.000000,0.000000,0.000000,27495,180,252,72
"-24,-3",29,63072,7,1,744,2,1,4,6,0,0,0,1.000000,0.000000,0.000000,0.000000,0.000000,0.000000,0.000000,1.000000,0.000000,0.000000,0.000000,0.000000,0.000000,0.000000,27495,180,255,75
"-24,-2",29,63096,7,1,744,2,1,6,22,0,0,0,1.000000,0.000000,0.000000,0.000000,0.000000,0.000000,0.000000,1.000000,0.000000,0.000000,0.000000,0.000000,0.000000,0.000000,27495,180,256,76
"-24,-1",30,63119,7,1,745,2,1,5,12,0,0,0,1.000000,0.000000,0.000000,0.000000,0.000000,0.000000,0.000000,1.000000,0.000000,0.000000,0.000000,0.000000,0.000000,0.000000,27495,180,258,78
"-24,0",25,63140,7,1,744,2,1,4,8,0,0,0,1.000000,0.000000,0.000000,0.000000,0.000000,0.000000,0.000000,0.995763,0.004237,0.000000,0.000000,0.000000,0.000000,0.000000,27495,180,243,63
"-24,1",27,63162,7,1,742,2,1,4,20,0,0,0,1.000000,0.000000,0.000000,0.000000,0.000000,0.000000,0.000000,1.000000,0.000000,0.000000,0.000000,0.000000,0.000000,0.000000,27495,180,250,70
"-24,2",27,63183,7,1,742,2,1,4,12,0,0,0,1.000000,0.000000,0.000000,0.000000,0.000000,0.000000,0.000000,1.000000,0.000000,0.000000,0.000000,0.000000,0.000000,0.000000,27495,180,248,68
"-24,3",32,63205,7,1,742,2,1,5,10,0,0,0,1.000000,0.000000,0.000000,0.000000,0.000000,0.000000,0.000000,0.996154,0.003846,0.000000,0.000000,0.000000,0.000000,0.000000,27495,180,268,88
"-24,4",29,63226,7,1,743,2,1,5,7,0,0,0,1.000000,0.000000,0.000000,0.000000,0.000000,0.000000,0.000000,0.992063,0.007937,0.000000,0.000000,0.000000,0.000000,0.000000,27495,180,257,77
"-24,5",30,63247,7,1,742,2,1,5,14,0,0,0,1.000000,0.000000,0.000000,0.000000,0.000000,0.000000,0.000000,0.992278,0.007722,0.000000,0.000000,0.000000,0.000000,0.000000,27495,180,259,79
"-24,6",29,63266,7,1,744,2,1,5,10,0,0,1,1.000000,0.000000,0.000000,0.000000,0.000000,0.000000,0.000000,0.980159,0.019841,0.000000,0.000000,0.000000,0.000000,0.000000,27495,180,254,74
"-24,7",27,63285,7,1,742,2,1,5,8,0,0,0,1.000000,0.000000,0.000000,0.000000,0.000000,0.000000,0.000000,0.991803,0.008197,0.000000,0.000000,0.000000,0.000000,0.000000,27495,180,247,67
"-24,8",24,63303,7,1,743,2,1,4,9,0,0,0,1.000000,0.000000,0.000000,0.000000,0.000000,0.000000,0.000000,1.000000,0.000000,0.000000,0.000000,0.000000,0.000000,0.000000,27495,180,239,59
"-24,9",31,63322,7,1,744,2,1,7,20,0,0,0,1.000000,0.000000,0.000000,0.000000,0.000000,0.000000,0.000000,0.988550,0.011450,0.000000,0.000000,0.000000,0.000000,0.000000,27561,181,265,84
"-24,10",24,63339,7,1,740,2,1,4,7,0,0,0,1.000000,0.000000,0.000000,0.000000,0.000000,0.000000,0.000000,0.995798,0.004202,0.000000,0.000000,0.000000,0.000000,0.000000,27495,180,239,59
"-24,11",26,63356,7,1,743,2,1,4,8,0,0,0,1.000000,0.000000,0.000000,0.000000,0.000000,0.000000,0.000000,0.995798,0.004202,0.000000,0.000000,0.000000,0.000000,0.000000,27495,180,246,66
"-24,12",35,63374,7,1,741,2,1,7,18,0,0,0,1.000000,0.000000,0.000000,0.000000,0.000000,0.000000,0.000000,0.989170,0.010830,0.000000,0.000000,0.000000,0.000000,0.000000,27495,180,280,100
"-24,13",33,63392,7,1,744,2,1,7,10,0,0,0,1.000000,0.000000,0.000000,0.000000,0.000000,0.000000,0.000000,0.996283,0.003717,0.000000,0.000000,0.000000,0.000000,0.000000,27495,180,270,90
"-24,14",28,63342,6,1,743,2,1,6,13,0,0,0,1.000000,0.000000,0.000000,0.000000,0.000000,0.000000,0.000000,0.996047,0.003953,0.000000,0.000000,0.000000,0.000000,0.000000,27495,180,253,73
"-24,15",26,63295,6,1,742,2,1,5,10,0,0,0,1.000000,0.000000,0.000000,0.000000,0.000000,0.000000,0.000000,0.995902,0.004098,0.000000,0.000000,0.000000,0.000000,0.000000,27495,180,246,66
"-24,16",27,63185,5,1,744,2,1,5,10,0,0,0,1.000000,0.000000,0.000000,0.000000,0.000000,0.000000,0.000000,1.000000,0.000000,0.000000,0.000000,0.000000,0.000000,0.000000,27495,180,247,67
"-24,17",0,63185,0,0,633,4,99999,99999,99999,99999,99999,99999,0.000000,0.000000,0.000000,0.000000,0.000000,0.000000,0.000000,0.000000,0.000000,0.000000,0.000000,0.000000,0.000000,0.000000,0,0,0,0
"-24,18",0,63185,0,0,633,4,99999,99999,99999,99999,99999,99999,0.000000,0.000000,0.000000,0.000000,0.000000,0.000000,0.000000,0.000000,0.000000,0.000000,0.000000,0.000000,0.000000,0.000000,0,0,0,0
"-24,19",0,63185,0,0,634,4,99999,99999,99999,99999,99999,99999,0.000000,0.000000,0.000000,0.000000,0.000000,0.000000,0.000000,0.000000,0.000000,0.000000,0.000000,0.000000,0.000000,0.000000,0,0,0,0
"-24,20",0,63185,0,0,633,4,99999,99999,99999,99999,99999,99999,0.000000,0.000000,0.000000,0.000000,0.000000,0.000000,0.000000,0.000000,0.000000,0.000000,0.000000,0.000000,0.000000,0.000000,0,0,0,0
"-24,21",0,63185,0,0,630,4,99999,99999,99999,99999,99999,99999,0.000000,0.000000,0.000000,0.000000,0.000000,0.000000,0.000000,0.000000,0.000000,0.000000,0.000000,0.000000,0.000000,0.000000,0,0,0,0
"-24,22",0,63185,0,0,635,4,99999,99999,99999,99999,99999,99999,0.000000,0.000000,0.000000,0.000000,0.000000,0.000000,0.000000,0.000000,0.000000,0.000000,0.000000,0.000000,0.000000,0.000000,0,0,0,0
"-24,23",0,63185,0,0,635,4,99999,99999,99999,99999,99999,99999,0.000000,0.000000,0.000000,0.000000,0.000000,0.000000,0.000000,0.000000,0.000000,0.000000,0.000000,0.000000,0.000000,0.000000,0,0,0,0
"-24,24",0,63185,0,0,635,4,99999,99999,99999,99999,99999,99999,0.000000,0.000000,0.000000,0.000000,0.000000,0.000000,0.000000,0.000000,0.000000,0.000000,0.000000,0.000000,0.000000,0.000000,0,0,0,0
"-24,25",0,63185,0,0,630,4,99999,99999,99999,99999,99999,99999,0.000000,0.000000,0.000000,0.000000,0.000000,0.000000,0.000000,0.000000,0.000000,0.000000,0.000000,0.000000,0.000000,0.000000,0,0,0,0
"-24,26",0,63185,0,0,632,4,99999,99999,99999,99999,99999,99999,0.000000,0.000000,0.000000,0.000000,0.000000,0.000000,0.000000,0.000000,0.000000,0.000000,0.000000,0.000000,0.000000,0.000000,0,0,0,0
"-23,-26",0,63185,0,0,635,4,99999,99999,99999,99999,99999,99999,0.000000,0.000000,0.000000,0.000000,0.000000,0.000000,0.000000,0.000000,0.000000,0.000000,0.000000,0.000000,0.000000,0.000000,0,0,0,0
"-23,-25",0,63185,0,0,633,4,99999,99999,99999,99999,99999,99999,0.000000,0.000000,0.000000,0.000000,0.000000,0.000000,0.000000,0.000000,0.000000,0.000000,0.000000,0.000000,0.000000,0.000000,0,0,0,0
"-23,-24",0,63185,0,0,631,4,99999,99999,99999,99999,99999,99999,0.000000,0.000000,0.000000,0.000000,0.000000,0.000000,0.000000,0.000000,0.000000,0.000000,0.000000,0.000000,0.000000,0.000000,0,0,0,0
"-23,-23",0,63185,0,0,628,4,99999,99999,99999,99999,99999,99999,0.000000,0.000000,0.000000,0.000000,0.000000,0.000000,0.000000,0.000000,0.000000,0.000000,0.000000,0.000000,0.000000,0.000000,0,0,0,0
"-23,-22",0,63185,0,0,631,4,99999,99999,99999,99999,99999,99999,0.000000,0.000000,0.000000,0.000000,0.000000,0.000000,0.000000,0.000000,0.000000,0.000000,0.000000,0.000000,0.000000,0.000000,0,0,0,0
"-23,-21",0,63185,0,0,631,4,99999,99999,99999,99999,99999,99999,0.000000,0.000000,0.000000,0.000000,0.000000,0.000000,0.000000,0.000000,0.000000,0.000000,0.000000,0.000000,0.000000,0.000000,0,0,0,0
"-23,-20",0,63185,0,0,631,4,99999,99999,99999,99999,99999,99999,0.000000,0.000000,0.000000,0.000000,0.000000,0.000000,0.000000,0.000000,0.000000,0.000000,0.000000,0.000000,0.000000,0.000000,0,0,0,0
"-23,-19",0,63185,0,0,631,4,99999,99999,99999,99999,99999,99999,0.000000,0.000000,0.000000,0.000000,0.000000,0.000000,0.000000,0.000000,0.000000,0.000000,0.000000,0.000000,0.000000,0.000000,0,0,0,0
"-23,-18",0,63185,0,0,632,4,99999,99999,99999,99999,99999,99999,0.000000,0.000000,0.000000,0.000000,0.000000,0.000000,0.000000,0.000000,0.000000,0.000000,0.000000,0.000000,0.000000,0.000000,0,0,0,0
"-23,-17",0,63185,0,0,636,4,99999,99999,99999,99999,99999,99999,0.000000,0.000000,0.000000,0.000000,0.000000,0.000000,0.000000,0.000000,0.000000,0.000000,0.000000,0.000000,0.000000,0.000000,0,0,0,0
"-23,-16",27,63076,5,1,744,2,1,5,13,0,0,0,1.000000,0.000000,0.000000,0.000000,0.000000,0.000000,0.000000,0.995984,0.004016,0.000000,0.000000,0.000000,0.000000,0.000000,27495,180,249,69
"-23,-15",32,63030,6,1,743,2,1,6,22,0,0,0,1.000000,0.000000,0.000000,0.000000,0.000000,0.000000,0.000000,0.992424,0.007576,0.000000,0.000000,0.000000,0.000000,0.000000,27495,180,266,86
"-23,-14",31,62984,6,1,745,2,1,7,19,0,0,0,1.000000,0.000000,0.000000,0.000000,0.000000,0.000000,0.000000,0.996169,0.003831,0.000000,0.000000,0.000000,0.000000,0.000000,27495,180,262,82
"-23,-13",32,63003,7,1,742,2,1,5,9,0,0,0,1.000000,0.000000,0.000000,0.000000,0.000000,0.000000,0.000000,0.992453,0.007547,0.000000,0.000000,0.000000,0.000000,0.000000,27495,180,268,88
"-23,-12",34,63024,7,1,745,2,1,7,24,0,0,0,1.000000,0.000000,0.000000,0.000000,0.000000,0.000000,0.000000,0.996310,0.003690,0.000000,0.000000,0.000000,0.000000,0.000000,27495,180,276,96
"-23,-11",28,63043,7,1,744,2,1,6,11,0,0,0,1.000000,0.000000,0.000000,0.000000,0.000000,0.000000,0.000000,0.992063,0.007937,0.000000,0.000000,0.000000,0.000000,0.000000,27495,180,253,73
"-23,-10",28,63061,7,1,745,2,1,6,11,0,0,0,1.000000,0.000000,0.000000,0.000000,0.000000,0.000000,0.000000,0.996016,0.003984,0.000000,0.000000,0.000000,0.000000,0.000000,27495,180,253,73
"-23,-9",29,63079,7,1,743,2,1,6,17,0,0,0,1.000000,0.000000,0.000000,0.000000,0.000000,0.000000,0.000000,1.000000,0.000000,0.000000,0.000000,0.000000,0.000000,0.000000,27495,180,254,74
"-23,-8",29,63096,7,1,743,2,1,4,14,0,0,0,1.000000,0.000000,0.000000,0.000000,0.000000,0.000000,0.000000,0.996016,0.003984,0.000000,0.000000,0.000000,0.000000,0.000000,27561,181,256,75
"-23,-7",30,63114,7,1,744,2,1,6,53,0,0,0,0.994444,0.005556,0.000000,0.000000,0.000000,0.000000,0.000000,0.988235,0.011765,0.000000,0.000000,0.000000,0.000000,0.000000,27495,180,260,80
"-23,-6",24,63131,7,1,744,2,1,6,7,0,0,0,1.000000,0.000000,0.000000,0.000000,0.000000,0.000000,0.000000,1.000000,0.000000,0.000000,0.000000,0.000000,0.000000,0.000000,27659,181,238,58
"-23,-5",29,63147,7,1,744,2,1,6,10,0,0,0,1.000000,0.000000,0.000000,0.000000,0.000000,0.000000,0.000000,0.996000,0.004000,0.000000,0.000000,0.000000,0.000000,0.000000,27495,180,254,74
"-23,-4",28,63163,7,1,744,2,1,5,14,0,0,1,1.000000,0.000000,0.000000,0.000000,0.000000,0.000000,0.000000,0.983539,0.016461,0.000000,0.000000,0.000000,0.000000,0.000000,27495,180,251,71
"-23,-3",29,63180,7,1,745,2,1,4,13,0,0,0,1.000000,0.000000,0.000000,0.000000,0.000000,0.000000,0.000000,0.995935,0.004065,0.000000,0.000000,0.000000,0.000000,0.000000,27495,180,254,74
"-23,-2",29,63195,7,1,743,2,1,5,6,0,0,0,1.000000,0.000000,0.000000,0.000000,0.000000,0.000000,0.000000,0.995951,0.004049,0.000000,0.000000,0.000000,0.000000,0.000000,27495,180,255,75
"-23,-1",29,63211,7,1,743,2,1,5,10,0,0,0,1.000000,0.000000,0.000000,0.000000,0.000000,0.000000,0.000000,0.995833,0.004167,0.000000,0.000000,0.000000,0.000000,0.000000,27495,180,255,75
"-23,0",32,63227,7,1,746,2,1,4,11,0,0,0,1.000000,0.000000,0.000000,0.000000,0.000000,0.000000,0.000000,0.988417,0.011583,0.000000,0.000000,0.000000,0.000000,0.000000,27495,180,266,86
"-23,1",29,63242,7,1,744,2,1,5,9,0,0,0,1.000000,0.000000,0.000000,0.000000,0.000000,0.000000,0.000000,0.995951,0.004049,0.000000,0.000000,0.000000,0.000000,0.000000,27495,180,256,76
"-23,2",34,63258,7,1,742,2,1,7,14,0,0,0,1.000000,0.000000,0.000000,0.000000,0.000000,0.000000,0.000000,1.000000,0.000000,0.000000,0.000000,0.000000,0.000000,0.000000,27495,180,273,93
"-23,3",27,63272,7,1,743,2,1,5,9,0,0,0,1.000000,0.000000,0.000000,0.000000,0.000000,0.000000,0.000000,1.000000,0.000000,0.000000,0.000000,0.000000,0.000000,0.000000,27495,180,247,67
"-23,4",31,63287,7,1,746,2,1,6,11,0,0,0,1.000000,0.000000,0.000000,0.000000,0.000000,0.000000,0.000000,0.996063,0.003937,0.000000,0.000000,0.000000,0.000000,0.000000,27495,180,263,83
"-23,5",33,63301,7,1,745,2,1,7,19,0,0,0,1.000000,0.000000,0.000000,0.000000,0.000000,0.000000,0.000000,0.996226,0.003774,0.000000,0.000000,0.000000,0.000000,0.000000,27495,180,269,89
"-23,6",28,63315,7,1,744,2,1,4,8,0,0,0,1.000000,0.000000,0.000000,0.000000,0.000000,0.000000,0.000000,0.996016,0.003984,0.000000,0.000000,0.000000,0.000000,0.000000,27495,180,253,73
"-23,7",35,63330,7,1,743,2,1,5,14,0,0,0,1.000000,0.000000,0.000000,0.000000,0.000000,0.000000,0.000000,1.000000,0.000000,0.000000,0.000000,0.000000,0.000000,0.000000,27495,180,278,98
"-23,8",33,63344,7,1,740,2,1,7,15,0,0,0,1.000000,0.000000,0.000000,0.000000,0.000000,0.000000,0.000000,0.992509,0.007491,0.000000,0.000000,0.000000,0.000000,0.000000,27495,180,270,90
"-23,9",30,63358,7,1,743,2,1,6,12,0,0,0,1.000000,0.000000,0.000000,0.000000,0.000000,0.000000,0.000000,0.996063,0.003937,0.000000,0.000000,0.000000,0.000000,0.000000,27561,181,261,80
"-23,10",27,63370,7,1,743,2,1,5,16,0,0,0,1.000000,0.000000,0.000000,0.000000,0.000000,0.000000,0.000000,0.991935,0.008065,0.000000,0.000000,0.000000,0.000000,0.000000,27495,180,250,70
"-23,11",28,63383,7,1,743,2,1,5,9,0,0,0,1.000000,0.000000,0.000000,0.000000,0.000000,0.000000,0.000000,0.991968,0.008032,0.000000,0.000000,0.000000,0.000000,0.000000,27495,180,251,71
"-23,12",28,63395,7,1,745,2,1,5,9,0,0,0,1.000000,0.000000,0.000000,0.000000,0.000000,0.000000,0.000000,1.000000,0.000000,0.000000,0.000000,0.000000,0.000000,0.000000,27495,180,252,72
"-23,13",27,63407,7,1,743,2,1,5,10,0,0,0,1.000000,0.000000,0.000000,0.000000,0.000000,0.000000,0.000000,0.991870,0.008130,0.000000,0.000000,0.000000,0.000000,0.000000,27495,180,247,67
"-23,14",35,63368,6,1,743,2,1,6,11,0,0,0,1.000000,0.000000,0.000000,0.000000,0.000000,0.000000,0.000000,1.000000,0.000000,0.000000,0.000000,0.000000,0.000000,0.000000,27495,180,277,97
"-23,15",27,63332,6,1,744,2,1,6,11,0,0,0,1.000000,0.000000,0.000000,0.000000,0.000000,0.000000,0.000000,0.991837,0.008163,0.000000,0.000000,0.000000,0.000000,0.000000,27495,180,248,68
"-23,16",29,63246,5,1,742,2,1,6,12,0,0,0,1.000000,0.000000,0.000000,0.000000,0.000000,0.000000,0.000000,0.996094,0.003906,0.000000,0.000000,0.000000,0.000000,0.000000,27495,180,256,76
"-23,17",0,63246,0,0,635,4,99999,99999,99999,99999,99999,99999,0.000000,0.000000,0.000000,0.000000,0.000000,0.000000,0.000000,0.000000,0.000000,0.000000,0.000000,0.000000,0.000000,0.000000,0,0,0,0
"-23,18",0,63246,0,0,635,4,99999,99999,99999,99999,99999,99999,0.000000,0.000000,0.000000,0.000000,0.000000,0.000000,0.000000,0.000000,0.000000,0.000000,0.000000,0.000000,0.000000,0.000000,0,0,0,0
"-23,19",0,63246,0,0,632,4,99999,99999,99999,99999,99999,99999,0.000000,0.000000,0.000000,0.000000,0.000000,0.000000,0.000000,0.000000,0.000000,0.000000,0.000000,0.000000,0.000000,0.000000,0,0,0,0
"-23,20",0,63246,0,0,632,4,99999,99999,99999,99999,99999,99999,0.000000,0.000000,0.000000,0.000000,0.000000,0.000000,0.000000,0.000000,0.000000,0.000000,0.000000,0.000000,0.000000,0.000000,0,0,0,0
"-23,21",0,63246,0,0,634,4,99999,99999,99999,99999,99999,99999,0.000000,0.000000,0.000000,0.000000,0.000000,0.000000,0.000000,0.000000,0.000000,0.000000,0.000000,0.000000,0.000000,0.000000,0,0,0,0
"-23,22",0,63246,0,0,630,4,99999,99999,99999,99999,99999,99999,0.000000,0.000000,0.000000,0.000000,0.000000,0.000000,0.000000,0.000000,0.000000,0.000000,0.000000,0.000000,0.000000,0.000000,0,0,0,0
"-23,23",0,63246,0,0,636,4,99999,99999,99999,99999,99999,99999,0.000000,0.000000,0.000000,0.000000,0.000000,0.000000,0.000000,0.000000,0.000000,0.000000,0.000000,0.000000,0.000000,0.000000,0,0,0,0
"-23,24",0,63246,0,0,634,4,99999,99999,99999,99999,99999,99999,0.000000,0.000000,0.000000,0.000000,0.000000,0.000000,0.000000,0.000000,0.000000,0.000000,0.000000,0.000000,0.000000,0.000000,0,0,0,0
"-23,25",0,63246,0,0,635,4,99999,99999,99999,99999,99999,99999,0.000000,0.000000,0.000000,0.000000,0.000000,0.000000,0.000000,0.000000,0.000000,0.000000,0.000000,0.000000,0.000000,0.000000,0,0,0,0
"-23,26",0,63246,0,0,631,4,99999,99999,99999,99999,99999,99999,0.000000,0.000000,0.000000,0.000000,0.000000,0.000000,0.000000,0.000000,0.000000,0.000000,0.000000,0.000000,0.000000,0.000000,0,0,0,0
"-22,-26",0,63246,0,0,633,4,99999,99999,99999,99999,99999,99999,0.000000,0.000000,0.000000,0.000000,0.000000,0.000000,0.000000,0.000000,0.000000,0.000000,0.000000,0.000000,0.000000,0.000000,0,0,0,0
"-22,-25",0,63246,0,0,633,4,99999,99999,99999,99999,99999,99999,0.000000,0.000000,0.000000,0.000000,0.000000,0.000000,0.000000,0.000000,0.000000,0.000000,0.000000,0.000000,0.000000,0.000000,0,0,0,0
"-22,-24",0,63246,0,0,634,4,99999,99999,99999,99999,99999,99999,0.000000,0.000000,0.000000,0.000000,0.000000,0.000000,0.000000,0.000000,0.000000,0.000000,0.000000,0.000000,0.000000,0.000000,0,0,0,0
"-22,-23",0,63246,0,0,629,4,99999,99999,99999,99999,99999,99999,0.000000,0.000000,0.000000,0.000000,0.000000,0.000000,0.000000,0.000000,0.000000,0.000000,0.000000,0.000000,0.000000,0.000000,0,0,0,0
"-22,-22",0,63246,0,0,635,4,99999,99999,99999,99999,99999,99999,0.000000,0.000000,0.000000,0.000000,0.000000,0.000000,0.000000,0.000000,0.000000,0.000000,0.000000,0.000000,0.000000,0.000000,0,0,0,0
"-22,-21",0,63246,0,0,632,4,99999,99999,99999,99999,99999,99999,0.000000,0.000000,0.000000,0.000000,0.000000,0.000000,0.000000,0.000000,0.000000,0.000000,0.000000,0.000000,0.000000,0.000000,0,0,0,0
"-22,-20",0,63246,0,0,635,4,99999,99999,99999,99999,99999,99999,0.000000,0.000000,0.000000,0.000000,0.000000,0.000000,0.000000,0.000000,0.000000,0.000000,0.000000,0.000000,0.000000,0.000000,0,0,0,0
"-22,-19",0,63246,0,0,632,4,99999,99999,99999,99999,99999,99999,0.000000,0.000000,0.000000,0.000000,0.000000,0.000000,0.000000,0.000000,0.000000,0.000000,0.000000,0.000000,0.000000,0.000000,0,0,0,0
"-22,-18",0,63246,0,0,633,4,99999,99999,99999,99999,99999,99999,0.000000,0.000000,0.000000,0.000000,0.000000,0.000000,0.000000,0.000000,0.000000,0.000000,0.000000,0.000000,0.000000,0.000000,0,0,0,0
"-22,-17",26,63164,5,1,745,2,1,4,8,0,0,0,1.000000,0.000000,0.000000,0.000000,0.000000,0.000000,0.000000,1.000000,0.000000,0.000000,0.000000,0.000000,0.000000,0.000000,27495,180,246,66
"-22,-16",25,63083,5,1,745,2,1,6,8,0,0,0,1.000000,0.000000,0.000000,0.000000,0.000000,0.000000,0.000000,0.991770,0.008230,0.000000,0.000000,0.000000,0.000000,0.000000,27495,180,243,63
"-22,-15",31,63049,6,1,743,2,1,5,9,0,0,0,1.000000,0.000000,0.000000,0.000000,0.000000,0.000000,0.000000,1.000000,0.000000,0.000000,0.000000,0.000000,0.000000,0.000000,27495,180,261,81
"-22,-14",31,63063,7,1,744,2,1,5,13,0,0,0,1.000000,0.000000,0.000000,0.000000,0.000000,0.000000,0.000000,0.988506,0.011494,0.000000,0.000000,0.000000,0.000000,0.000000,27495,180,262,82
"-22,-13",26,63077,7,1,745,2,1,4,6,0,0,0,1.000000,0.000000,0.000000,0.000000,0.000000,0.000000,0.000000,0.995902,0.004098,0.000000,0.000000,0.000000,0.000000,0.000000,27495,180,245,65
"-22,-12",32,63091,7,1,741,2,1,4,9,0,0,0,1.000000,0.000000,0.000000,0.000000,0.000000,0.000000,0.000000,1.000000,0.000000,0.000000,0.000000,0.000000,0.000000,0.000000,27495,180,265,85
"-22,-11",35,63106,7,1,741,2,1,7,24,0,0,0,1.000000,0.000000,0.000000,0.000000,0.000000,0.000000,0.000000,1.000000,0.000000,0.000000,0.000000,0.000000,0.000000,0.000000,27495,180,278,98
"-22,-10",27,63119,7,1,742,2,1,4,8,0,0,0,1.000000,0.000000,0.000000,0.000000,0.000000,0.000000,0.000000,1.000000,0.000000,0.000000,0.000000,0.000000,0.000000,0.000000,27495,180,250,70
"-22,-9",25,63132,7,1,743,2,1,5,7,0,0,0,1.000000,0.000000,0.000000,0.000000,0.000000,0.000000,0.000000,1.000000,0.000000,0.000000,0.000000,0.000000,0.000000,0.000000,27561,181,242,61
"-22,-8",29,63145,7,1,744,2,1,5,9,0,0,0,1.000000,0.000000,0.000000,0.000000,0.000000,0.000000,0.000000,1.000000,0.000000,0.000000,0.000000,0.000000,0.000000,0.000000,27495,180,254,74
"-22,-7",31,63158,7,1,742,2,1,8,15,0,0,0,1.000000,0.000000,0.000000,0.000000,0.000000,0.000000,0.000000,0.992366,0.007634,0.000000,0.000000,0.000000,0.000000,0.000000,27495,180,264,84
"-22,-6",28,63171,7,1,743,2,1,5,8,0,0,0,1.000000,0.000000,0.000000,0.000000,0.000000,0.000000,0.000000,1.000000,0.000000,0.000000,0.000000,0.000000,0.000000,0.000000,27495,180,251,71
"-22,-5",29,63183,7,1,748,2,1,6,17,0,0,0,1.000000,0.000000,0.000000,0.000000,0.000000,0.000000,0.000000,0.995935,0.004065,0.000000,0.000000,0.000000,0.000000,0.000000,27495,180,256,76
"-22,-4",26,63195,7,1,746,2,1,5,8,0,0,0,1.000000,0.000000,0.000000,0.000000,0.000000,0.000000,0.000000,1.000000,0.000000,0.000000,0.000000,0.000000,0.000000,0.000000,27495,180,246,66
"-22,-3",25,63207,7,1,741,2,1,4,8,0,0,0,1.000000,0.000000,0.000000,0.000000,0.000000,0.000000,0.000000,0.991597,0.008403,0.000000,0.000000,0.000000,0.000000,0.000000,27495,180,241,61
"-22,-2",29,63219,7,1,742,2,1,5,10,0,0,0,1.000000,0.000000,0.000000,0.000000,0.000000,0.000000,0.000000,0.995984,0.004016,0.000000,0.000000,0.000000,0.000000,0.000000,27495,180,257,77
"-22,-1",30,63231,7,1,743,2,1,6,14,0,0,0,1.000000,0.000000,0.000000,0.000000,0.000000,0.000000,0.000000,0.992063,0.007937,0.000000,0.000000,0.000000,0.000000,0.000000,27495,180,258,78
"-22,0",31,63243,7,1,745,2,1,5,10,0,0,0,1.000000,0.000000,0.000000,0.000000,0.000000,0.000000,0.000000,1.000000,0.000000,0.000000,0.000000,0.000000,0.000000,0.000000,27495,180,262,82
"-22,1",30,63255,7,1,743,2,1,4,9,0,0,0,1.000000,0.000000,0.000000,0.000000,0.000000,0.000000,0.000000,0.991903,0.008097,0.000000,0.000000,0.000000,0.000000,0.000000,27495,180,259,79
"-22,2",28,63267,7,1,746,2,1,6,8,0,0,0,1.000000,0.000000,0.000000,0.000000,0.000000,0.000000,0.000000,1.000000,0.000000,0.000000,0.000000,0.000000,0.000000,0.000000,27495,180,252,72
"-22,3",31,63278,7,1,739,2,1,6,19,0,0,0,1.000000,0.000000,0.000000,0.000000,0.000000,0.000000,0.000000,1.000000,0.000000,0.000000,0.000000,0.000000,0.000000,0.000000,27495,180,261,81
"-22,4",30,63289,7,1,743,2,1,4,14,0,0,1,1.000000,0.000000,0.000000,0.000000,0.000000,0.000000,0.000000,0.984127,0.015873,0.000000,0.000000,0.000000,0.000000,0.000000,27495,180,259,79
"-22,5",27,63300,7,1,742,2,1,5,8,0,0,0,1.000000,0.000000,0.000000,0.000000,0.000000,0.000000,0.000000,1.000000,0.000000,0.000000,0.000000,0.000000,0.000000,0.000000,27495,180,250,70
"-22,6",29,63311,7,1,742,2,1,4,9,0,0,0,1.000000,0.000000,0.000000,0.000000,0.000000,0.000000,0.000000,0.996032,0.003968,0.000000,0.000000,0.000000,0.000000,0.000000,27495,180,257,77
"-22,7",31,63322,7,1,742,2,1,6,12,0,0,0,1.000000,0.000000,0.000000,0.000000,0.000000,0.000000,0.000000,1.000000,0.000000,0.000000,0.000000,0.000000,0.000000,0.000000,27495,180,263,83
"-22,8",36,63333,7,1,742,2,1,8,19,0,0,0,1.000000,0.000000,0.000000,0.000000,0.000000,0.000000,0.000000,0.992701,0.007299,0.000000,0.000000,0.000000,0.000000,0.000000,27561,181,284,103
"-22,9",28,63344,7,1,744,2,1,5,11,0,0,0,1.000000,0.000000,0.000000,0.000000,0.000000,0.000000,0.000000,1.000000,0.000000,0.000000,0.000000,0.000000,0.000000,0.000000,27495,180,252,72
"-22,10",26,63354,7,1,742,2,1,6,10,0,0,0,1.000000,0.000000,0.000000,0.000000,0.000000,0.000000,0.000000,1.000000,0.000000,0.000000,0.000000,0.000000,0.000000,0.000000,27495,180,244,64
"-22,11",24,63363,7,1,744,1,1,5,16,0,0,0,1.000000,0.000000,0.000000,0.000000,0.000000,0.000000,0.000000,1.000000,0.000000,0.000000,0.000000,0.000000,0.000000,0.000000,27495,180,237,57
"-22,12",32,63374,7,1,744,2,1,6,10,0,0,0,1.000000,0.000000,0.000000,0.000000,0.000000,0.000000,0.000000,0.996241,0.003759,0.000000,0.000000,0.000000,0.000000,0.000000,27495,180,268,88
"-22,13",32,63384,7,1,746,2,1,5,8,0,0,0,1.000000,0.000000,0.000000,0.000000,0.000000,0.000000,0.000000,0.996226,0.003774,0.000000,0.000000,0.000000,0.000000,0.000000,27495,180,266,86
"-22,14",31,63394,7,1,741,2,1,6,17,0,0,0,1.000000,0.000000,0.000000,0.000000,0.000000,0.000000,0.000000,0.996169,0.003831,0.000000,0.000000,0.000000,0.000000,0.000000,27495,180,263,83
"-22,15",24,63366,6,1,745,2,1,4,9,0,0,0,1.000000,0.000000,0.000000,0.000000,0.000000,0.000000,0.000000,0.991525,0.008475,0.000000,0.000000,0.000000,0.000000,0.000000,27495,180,237,57
"-22,16",31,63295,5,1,744,2,1,5,11,0,0,0,1.000000,0.000000,0.000000,0.000000,0.000000,0.000000,0.000000,0.996109,0.003891,0.000000,0.000000,0.000000,0.000000,0.000000,27495,180,262,82
"-22,17",26,63229,5,1,743,2,1,5,10,0,0,0,1.000000,0.000000,0.000000,0.000000,0.000000,0.000000,0.000000,0.991837,0.008163,0.000000,0.000000,0.000000,0.000000,0.000000,27495,180,246,66
"-22,18",0,63229,0,0,631,4,99999,99999,99999,99999,99999,99999,0.000000,0.000000,0.000000,0.000000,0.000000,0.000000,0.000000,0.000000,0.000000,0.000000,0.000000,0.000000,0.000000,0.000000,0,0,0,0
"-22,19",0,63229,0,0,633,4,99999,99999,99999,99999,99999,99999,0.000000,0.000000,0.000000,0.000000,0.000000,0.000000,0.000000,0.000000,0.000000,0.000000,0.000000,0.000000,0.000000,0.000000,0,0,0,0
"-22,20",0,63229,0,0,631,4,99999,99999,99999,99999,99999,99999,0.000000,0.000000,0.000000,0.000000,0.000000,0.000000,0.000000,0.000000,0.000000,0.000000,0.000000,0.000000,0.000000,0.000000,0,0,0,0
"-22,21",0,63229,0,0,634,4,99999,99999,99999,99999,99999,99999,0.000000,0.000000,0.000000,0.000000,0.000000,0.000000,0.000000,0.000000,0.000000,0.000000,0.000000,0.000000,0.000000,0.000000,0,0,0,0
"-22,22",0,63229,0,0,627,4,99999,99999,99999,99999,99999,99999,0.000000,0.000000,0.000000,0.000000,0.000000,0.000000,0.000000,0.000000,0.000000,0.000000,0.000000,0.000000,0.000000,0.000000,0,0,0,0
"-22,23",0,63229,0,0,631,4,99999,99999,99999,99999,99999,99999,0.000000,0.000000,0.000000,0.000000,0.000000,0.000000,0.000000,0.000000,0.000000,0.000000,0.000000,0.000000,0.000000,0.000000,0,0,0,0
"-22,24",0,63229,0,0,634,4,99999,99999,99999,99999,99999,99999,0.000000,0.000000,0.000000,0.000000,0.000000,0.000000,0.000000,0.000000,0.000000,0.000000,0.000000,0.000000,0.000000,0.000000,0,0,0,0
"-22,25",0,63229,0,0,632,4,99999,99999,99999,99999,99999,99999,0.000000,0.000000,0.000000,0.000000,0.000000,0.000000,0.000000,0.000000,0.000000,0.000000,0.000000,0.000000,0.000000,0.000000,0,0,0,0
"-22,26",0,63229,0,0,636,4,99999,99999,99999,99999,99999,99999,0.000000,0.000000,0.000000,0.000000,0.000000,0.000000,0.000000,0.000000,0.000000,0.000000,0.000000,0.000000,0.000000,0.000000,0,0,0,0
"-21,-26",0,63229,0,0,634,4,99999,99999,99999,99999,99999,99999,0.000000,0.000000,0.000000,0.000000,0.000000,0.000000,0.000000,0.000000,0.000000,0.000000,0.000000,0.000000,0.000000,0.000000,0,0,0,0
"-21,-25",0,63229,0,0,634,4,99999,99999,99999,99999,99999,99999,0.000000,0.000000,0.000000,0.000000,0.000000,0.000000,0.000000,0.000000,0.000000,0.000000,0.000000,0.000000,0.000000,0.000000,0,0,0,0
"-21,-24",0,63229,0,0,636,4,99999,99999,99999,99999,99999,99999,0.000000,0.000000,0.000000,0.000000,0.000000,0.000000,0.000000,0.000000,0.000000,0.000000,0.000000,0.000000,0.000000,0.000000,0,0,0,0
"-21,-23",0,63229,0,0,635,4,99999,99999,99999,99999,99999,99999,0.000000,0.000000,0.000000,0.000000,0.000000,0.000000,0.000000,0.000000,0.000000,0.000000,0.000000,0.000000,0.000000,0.000000,0,0,0,0
"-21,-22",0,63229,0,0,632,4,99999,99999,99999,99999,99999,99999,0.000000,0.000000,0.000000,0.000000,0.000000,0.000000,0.000000,0.000000,0.000000,0.000000,0.000000,0.000000,0.000000,0.000000,0,0,0,0
"-21,-21",0,63229,0,0,633,4,99999,99999,99999,99999,99999,99999,0.000000,0.000000,0.000000,0.000000,0.000000,0.000000,0.000000,0.000000,0.000000,0.000000,0.000000,0.000000,0.000000,0.000000,0,0,0,0
"-21,-20",0,63229,0,0,637,4,99999,99999,99999,99999,99999,99999,0.000000,0.000000,0.000000,0.000000,0.000000,0.000000,0.000000,0.000000,0.000000,0.000000,0.000000,0.000000,0.000000,0.000000,0,0,0,0
"-21,-19",0,63229,0,0,633,4,99999,99999,99999,99999,99999,99999,0.000000,0.000000,0.000000,0.000000,0.000000,0.000000,0.000000,0.000000,0.000000,0.000000,0.000000,0.000000,0.000000,0.000000,0,0,0,0
"-21,-18",0,63229,0,0,629,4,99999,99999,99999,99999,99999,99999,0.000000,0.000000,0.000000,0.000000,0.000000,0.000000,0.000000,0.000000,0.000000,0.000000,0.000000,0.000000,0.000000,0.000000,0,0,0,0
"-21,-17",28,63164,5,1,743,2,1,5,9,0,0,0,1.000000,0.000000,0.000000,0.000000,0.000000,0.000000,0.000000,1.000000,0.000000,0.000000,0.000000,0.000000,0.000000,0.000000,27495,180,252,72
"-21,-16",27,63099,5,1,745,2,1,5,11,0,0,0,1.000000,0.000000,0.000000,0.000000,0.000000,0.000000,0.000000,0.995935,0.004065,0.000000,0.000000,0.000000,0.000000,0.000000,27495,180,247,67
"-21,-15",29,63072,6,1,743,2,1,7,10,0,0,0,1.000000,0.000000,0.000000,0.000000,0.000000,0.000000,0.000000,0.992063,0.007937,0.000000,0.000000,0.000000,0.000000,0.000000,27495,180,255,75
"-21,-14",29,63083,7,1,744,2,1,4,14,0,0,0,1.000000,0.000000,0.000000,0.000000,0.000000,0.000000,0.000000,1.000000,0.000000,0.000000,0.000000,0.000000,0.000000,0.000000,27495,180,255,75
"-21,-13",26,63094,7,1,742,2,1,6,14,0,0,0,1.000000,0.000000,0.000000,0.000000,0.000000,0.000000,0.000000,0.991837,0.008163,0.000000,0.000000,0.000000,0.000000,0.000000,27495,180,246,66
"-21,-12",27,63105,7,1,744,2,1,6,8,0,0,0,1.000000,0.000000,0.000000,0.000000,0.000000,0.000000,0.000000,0.995968,0.004032,0.000000,0.000000,0.000000,0.000000,0.000000,27495,180,248,68
"-21,-11",32,63116,7,1,743,2,1,6,9,0,0,0,1.000000,0.000000,0.000000,0.000000,0.000000,0.000000,0.000000,0.992424,0.007576,0.000000,0.000000,0.000000,0.000000,0.000000,27495,180,265,85
"-21,-10",31,63127,7,1,743,2,1,5,12,0,0,0,1.000000,0.000000,0.000000,0.000000,0.000000,0.000000,0.000000,0.996124,0.003876,0.000000,0.000000,0.000000,0.000000,0.000000,27495,180,261,81
"-21,-9",33,63139,7,1,741,2,1,7,13,0,0,0,1.000000,0.000000,0.000000,0.000000,0.000000,0.000000,0.000000,0.996226,0.003774,0.000000,0.000000,0.000000,0.000000,0.000000,27561,181,272,91
"-21,-8",29,63149,7,1,742,2,1,5,9,0,0,0,1.000000,0.000000,0.000000,0.000000,0.000000,0.000000,0.000000,1.000000,0.000000,0.000000,0.000000,0.000000,0.000000,0.000000,27495,180,256,76
"-21,-7",26,63159,7,1,742,2,1,4,9,0,0,0,1.000000,0.000000,0.000000,0.000000,0.000000,0.000000,0.000000,1.000000,0.000000,0.000000,0.000000,0.000000,0.000000,0.000000,27495,180,246,66
"-21,-6",32,63170,7,1,740,2,1,6,15,0,0,0,1.000000,0.000000,0.000000,0.000000,0.000000,0.000000,0.000000,0.992537,0.007463,0.000000,0.000000,0.000000,0.000000,0.000000,27495,180,268,88
"-21,-5",31,63180,7,1,744,2,1,6,13,0,0,0,1.000000,0.000000,0.000000,0.000000,0.000000,0.000000,0.000000,1.000000,0.000000,0.000000,0.000000,0.000000,0.000000,0.000000,27495,180,264,84
"-21,-4",35,63191,7,1,743,2,1,7,17,0,0,1,1.000000,0.000000,0.000000,0.000000,0.000000,0.000000,0.000000,0.985130,0.014870,0.000000,0.000000,0.000000,0.000000,0.000000,27495,180,278,98
"-21,-3",25,63201,7,1,742,2,1,4,7,0,0,0,1.000000,0.000000,0.000000,0.000000,0.000000,0.000000,0.000000,0.995745,0.004255,0.000000,0.000000,0.000000,0.000000,0.000000,27495,180,242,62
"-21,-2",28,63210,7,1,745,2,1,5,20,0,0,0,0.994444,0.005556,0.000000,0.000000,0.000000,0.000000,0.000000,0.995763,0.004237,0.000000,0.000000,0.000000,0.000000,0.000000,27495,180,252,72
"-21,-1",22,63219,7,1,742,1,1,4,10,0,0,1,1.000000,0.000000,0.000000,0.000000,0.000000,0.000000,0.000000,0.986607,0.013393,0.000000,0.000000,0.000000,0.000000,0.000000,27495,180,232,52
"-21,0",31,63229,7,1,743,2,1,5,41,0,0,1,1.000000,0.000000,0.000000,0.000000,0.000000,0.000000,0.000000,0.984314,0.015686,0.000000,0.000000,0.000000,0.000000,0.000000,27495,180,264,84
"-21,1",30,63239,7,1,744,2,1,5,9,0,0,1,1.000000,0.000000,0.000000,0.000000,0.000000,0.000000,0.000000,0.979757,0.020243,0.000000,0.000000,0.000000,0.000000,0.000000,27495,180,258,78
"-21,2",25,63248,7,1,742,2,1,6,9,0,0,0,1.000000,0.000000,0.000000,0.000000,0.000000,0.000000,0.000000,0.995816,0.004184,0.000000,0.000000,0.000000,0.000000,0.000000,27495,180,243,63
"-21,3",29,63257,7,1,743,2,1,5,8,0,0,0,1.000000,0.000000,0.000000,0.000000,0.000000,0.000000,0.000000,0.996000,0.004000,0.000000,0.000000,0.000000,0.000000,0.000000,27495,180,255,75
"-21,4",29,63266,7,1,743,2,1,6,12,0,0,0,1.000000,0.000000,0.000000,0.000000,0.000000,0.000000,0.000000,0.991803,0.008197,0.000000,0.000000,0.000000,0.000000,0.000000,27495,180,257,77
"-21,5",31,63276,7,1,742,2,1,5,7,0,0,0,1.000000,0.000000,0.000000,0.000000,0.000000,0.000000,0.000000,0.996124,0.003876,0.000000,0.000000,0.000000,0.000000,0.000000,27495,180,261,81
"-21,6",33,63285,7,1,741,2,1,8,17,0,0,0,1.000000,0.000000,0.000000,0.000000,0.000000,0.000000,0.000000,0.996241,0.003759,0.000000,0.000000,0.000000,0.000000,0.000000,27495,180,270,90
"-21,7",33,63294,7,1,747,2,1,7,15,0,0,0,1.000000,0.000000,0.000000,0.000000,0.000000,0.000000,0.000000,1.000000,0.000000,0.000000,0.000000,0.000000,0.000000,0.000000,27495,180,272,92
"-21,8",26,63303,7,1,746,2,1,5,8,0,0,0,1.000000,0.000000,0.000000,0.000000,0.000000,0.000000,0.000000,0.991837,0.008163,0.000000,0.000000,0.000000,0.000000,0.000000,27561,181,247,66
"-21,9",28,63312,7,1,740,2,1,4,13,0,0,0,0.994444,0.005556,0.000000,0.000000,0.000000,0.000000,0.000000,1.000000,0.000000,0.000000,0.000000,0.000000,0.000000,0.000000,27495,180,253,73
"-21,10",28,63320,7,1,741,2,1,7,14,0,0,0,1.000000,0.000000,0.000000,0.000000,0.000000,0.000000,0.000000,1.000000,0.000000,0.000000,0.000000,0.000000,0.000000,0.000000,27495,180,252,72
"-21,11",30,63328,7,1,745,2,1,5,26,0,0,0,1.000000,0.000000,0.000000,0.000000,0.000000,0.000000,0.000000,0.996139,0.003861,0.000000,0.000000,0.000000,0.000000,0.000000,27495,180,260,80
"-21,12",34,63337,7,1,742,2,1,7,8,0,0,0,1.000000,0.000000,0.000000,0.000000,0.000000,0.000000,0.000000,1.000000,0.000000,0.000000,0.000000,0.000000,0.000000,0.000000,27495,180,275,95
"-21,13",29,63346,7,1,743,2,1,5,9,0,0,0,1.000000,0.000000,0.000000,0.000000,0.000000,0.000000,0.000000,0.992126,0.007874,0.000000,0.000000,0.000000,0.000000,0.000000,27495,180,254,74
"-21,14",22,63353,7,1,744,1,1,4,8,0,0,0,1.000000,0.000000,0.000000,0.000000,0.000000,0.000000,0.000000,0.995690,0.004310,0.000000,0.000000,0.000000,0.000000,0.000000,27495,180,232,52
"-21,15",26,63330,6,1,741,2,1,5,8,0,0,0,1.000000,0.000000,0.000000,0.000000,0.000000,0.000000,0.000000,1.000000,0.000000,0.000000,0.000000,0.000000,0.000000,0.000000,27495,180,246,66
"-21,16",28,63275,5,1,744,2,1,5,9,0,0,0,1.000000,0.000000,0.000000,0.000000,0.000000,0.000000,0.000000,1.000000,0.000000,0.000000,0.000000,0.000000,0.000000,0.000000,27495,180,251,71
"-21,17",30,63219,5,1,744,2,1,6,26,0,0,0,1.000000,0.000000,0.000000,0.000000,0.000000,0.000000,0.000000,0.992248,0.007752,0.000000,0.000000,0.000000,0.000000,0.000000,27495,180,260,80
"-21,18",0,63219,0,0,631,4,99999,99999,99999,99999,99999,99999,0.000000,0.000000,0.000000,0.000000,0.000000,0.000000,0.000000,0.000000,0.000000,0.000000,0.000000,0.000000,0.000000,0.000000,0,0,0,0
"-21,19",0,63219,0,0,633,4,99999,99999,99999,99999,99999,99999,0.000000,0.000000,0.000000,0.000000,0.000000,0.000000,0.000000,0.000000,0.000000,0.000000,0.000000,0.000000,0.000000,0.000000,0,0,0,0
"-21,20",0,63219,0,0,636,4,99999,99999,99999,99999,99999,99999,0.000000,0.000000,0.000000,0.000000,0.000000,0.000000,0.000000,0.000000,0.000000,0.000000,0.000000,0.000000,0.000000,0.000000,0,0,0,0
"-21,21",0,63219,0,0,634,4,99999,99999,99999,99999,99999,99999,0.000000,0.000000,0.000000,0.000000,0.000000,0.000000,0.000000,0.000000,0.000000,0.000000,0.000000,0.000000,0.000000,0.000000,0,0,0,0
"-21,22",0,63219,0,0,632,4,99999,99999,99999,99999,99999,99999,0.000000,0.000000,0.000000,0.000000,0.000000,0.000000,0.000000,0.000000,0.000000,0.000000,0.000000,0.000000,0.000000,0.000000,0,0,0,0
"-21,23",0,63219,0,0,632,4,99999,99999,99999,99999,99999,99999,0.000000,0.000000,0.000000,0.000000,0.000000,0.000000,0.000000,0.000000,0.000000,0.000000,0.000000,0.000000,0.000000,0.000000,0,0,0,0
"-21,24",0,63219,0,0,637,4,99999,99999,99999,99999,99999,99999,0.000000,0.000000,0.000000,0.000000,0.000000,0.000000,0.000000,0.000000,0.000000,0.000000,0.000000,0.000000,0.000000,0.000000,0,0,0,0
"-21,25",0,63219,0,0,634,4,99999,99999,99999,99999,99999,99999,0.000000,0.000000,0.000000,0.000000,0.000000,0.000000,0.000000,0.000000,0.000000,0.000000,0.000000,0.000000,0.000000,0.000000,0,0,0,0
"-21,26",0,63219,0,0,630,4,99999,99999,99999,99999,99999,99999,0.000000,0.000000,0.000000,0.000000,0.000000,0.000000,0.000000,0.000000,0.000000,0.000000,0.000000,0.000000,0.000000,0.000000,0,0,0,0
"-20,-26",0,63219,0,0,635,4,99999,99999,99999,99999,99999,99999,0.000000,0.000000,0.000000,0.000000,0.000000,0.000000,0.000000,0.000000,0.000000,0.000000,0.000000,0.000000,0.000000,0.000000,0,0,0,0
"-20,-25",0,63219,0,0,630,4,99999,99999,99999,99999,99999,99999,0.000000,0.000000,0.000000,0.000000,0.000000,0.000000,0.000000,0.000000,0.000000,0.000000,0.000000,0.000000,0.000000,0.000000,0,0,0,0
"-20,-24",0,63219,0,0,634,4,99999,99999,99999,99999,99999,99999,0.000000,0.000000,0.000000,0.000000,0.000000,0.000000,0.000000,0.000000,0.000000,0.000000,0.000000,0.000000,0.000000,0.000000,0,0,0,0
"-20,-23",0,63219,0,0,633,4,99999,99999,99999,99999,99999,99999,0.000000,0.000000,0.000000,0.000000,0.000000,0.000000,0.000000,0.000000,0.000000,0.000000,0.000000,0.000000,0.000000,0.000000,0,0,0,0
"-20,-22",0,63219,0,0,629,4,99999,99999,99999,99999,99999,99999,0.000000,0.000000,0.000000,0.000000,0.000000,0.000000,0.000000,0.000000,0.000000,0.000000,0.000000,0.000000,0.000000,0.000000,0,0,0,0
"-20,-21",0,63219,0,0,633,4,99999,99999,99999,99999,99999,99999,0.000000,0.000000,0.000000,0.000000,0.000000,0.000000,0.000000,0.000000,0.000000,0.000000,0.000000,0.000000,0.000000,0.000000,0,0,0,0
"-20,-20",0,63219,0,0,632,4,99999,99999,99999,99999,99999,99999,0.000000,0.000000,0.000000,0.000000,0.000000,0.000000,0.000000,0.000000,0.000000,0.000000,0.000000,0.000000,0.000000,0.000000,0,0,0,0
"-20,-19",0,63219,0,0,634,4,99999,99999,99999,99999,99999,99999,0.000000,0.000000,0.000000,0.000000,0.000000,0.000000,0.000000,0.000000,0.000000,0.000000,0.000000,0.000000,0.000000,0.000000,0,0,0,0
"-20,-18",0,63219,0,0,631,4,99999,99999,99999,99999,99999,99999,0.000000,0.000000,0.000000,0.000000,0.000000,0.000000,0.000000,0.000000,0.000000,0.000000,0.000000,0.000000,0.000000,0.000000,0,0,0,0
"-20,-17",28,63164,5,1,742,2,1,4,10,0,0,0,1.000000,0.000000,0.000000,0.000000,0.000000,0.000000,0.000000,0.995984,0.004016,0.000000,0.000000,0.000000,0.000000,0.000000,27495,180,252,72
"-20,-16",30,63108,5,1,745,2,1,6,9,0,0,0,0.994444,0.005556,0.000000,0.000000,0.000000,0.000000,0.000000,0.988327,0.011673,0.000000,0.000000,0.000000,0.000000,0.000000,27495,180,260,80
"-20,-15",29,63086,6,1,749,2,1,6,9,0,0,0,1.000000,0.000000,0.000000,0.000000,0.000000,0.000000,0.000000,0.992063,0.007937,0.000000,0.000000,0.000000,0.000000,0.000000,27495,180,255,75
"-20,-14",27,63095,7,1,746,2,1,4,8,0,0,0,1.000000,0.000000,0.000000,0.000000,0.000000,0.000000,0.000000,1.000000,0.000000,0.000000,0.000000,0.000000,0.000000,0.000000,27495,180,250,70
"-20,-13",29,63104,7,1,743,2,1,5,19,0,0,0,1.000000,0.000000,0.000000,0.000000,0.000000,0.000000,0.000000,0.992157,0.007843,0.000000,0.000000,0.000000,0.000000,0.000000,27495,180,256,76
"-20,-12",32,63113,7,1,743,2,1,6,11,0,0,0,1.000000,0.000000,0.000000,0.000000,0.000000,0.000000,0.000000,0.996255,0.003745,0.000000,0.000000,0.000000,0.000000,0.000000,27495,180,267,87
"-20,-11",29,63122,7,1,743,2,1,5,12,0,0,0,1.000000,0.000000,0.000000,0.000000,0.000000,0.000000,0.000000,0.996047,0.003953,0.000000,0.000000,0.000000,0.000000,0.000000,27495,180,255,75
"-20,-10",32,63132,7,1,742,2,1,6,33,0,0,0,0.994444,0.005556,0.000000,0.000000,0.000000,0.000000,0.000000,0.992337,0.007663,0.000000,0.000000,0.000000,0.000000,0.000000,27495,180,268,88
"-20,-9",25,63140,7,1,744,2,1,4,8,0,0,0,1.000000,0.000000,0.000000,0.000000,0.000000,0.000000,0.000000,0.991701,0.008299,0.000000,0.000000,0.000000,0.000000,0.000000,27561,181,243,62
"-20,-8",34,63150,7,1,743,2,1,11,28,0,0,0,0.994444,0.005556,0.000000,0.000000,0.000000,0.000000,0.000000,0.992453,0.007547,0.000000,0.000000,0.000000,0.000000,0.000000,27495,180,275,95
"-20,-7",30,63158,7,1,744,2,1,7,11,0,0,0,1.000000,0.000000,0.000000,0.000000,0.000000,0.000000,0.000000,1.000000,0.000000,0.000000,0.000000,0.000000,0.000000,0.000000,27495,180,260,80
"-20,-6",30,63167,7,1,745,2,1,5,16,0,0,0,1.000000,0.000000,0.000000,0.000000,0.000000,0.000000,0.000000,1.000000,0.000000,0.000000,0.000000,0.000000,0.000000,0.000000,27495,180,260,80
"-20,-5",30,63176,7,1,745,2,1,5,7,0,0,0,1.000000,0.000000,0.000000,0.000000,0.000000,0.000000,0.000000,0.992000,0.008000,0.000000,0.000000,0.000000,0.000000,0.000000,27495,180,258,78
"-20,-4",27,63184,7,1,746,2,1,5,7,0,0,0,1.000000,0.000000,0.000000,0.000000,0.000000,0.000000,0.000000,0.991701,0.008299,0.000000,0.000000,0.000000,0.000000,0.000000,27495,180,250,70
"-20,-3",24,63191,7,1,743,2,1,4,8,0,0,0,1.000000,0.000000,0.000000,0.000000,0.000000,0.000000,0.000000,1.000000,0.000000,0.000000,0.000000,0.000000,0.000000,0.000000,27495,180,237,57
"-20,-2",29,63200,7,1,742,2,1,5,10,0,0,0,1.000000,0.000000,0.000000,0.000000,0.000000,0.000000,0.000000,0.995935,0.004065,0.000000,0.000000,0.000000,0.000000,0.000000,27495,180,254,74
"-20,-1",27,63208,7,1,744,2,1,4,7,0,0,0,1.000000,0.000000,0.000000,0.000000,0.000000,0.000000,0.000000,0.991667,0.008333,0.000000,0.000000,0.000000,0.000000,0.000000,27495,180,249,69
"-20,0",21,63215,7,1,744,1,1,3,6,0,0,0,1.000000,0.000000,0.000000,0.000000,0.000000,0.000000,0.000000,0.995455,0.004545,0.000000,0.000000,0.000000,0.000000,0.000000,27495,180,228,48
"-20,1",28,63223,7,1,743,2,1,4,10,0,0,1,1.000000,0.000000,0.000000,0.000000,0.000000,0.000000,0.000000,0.983740,0.016260,0.000000,0.000000,0.000000,0.000000,0.000000,27495,180,251,71
"-20,2",25,63231,7,1,744,2,1,5,9,0,0,1,1.000000,0.000000,0.000000,0.000000,0.000000,0.000000,0.000000,0.978992,0.021008,0.000000,0.000000,0.000000,0.000000,0.000000,27495,180,243,63
"-20,3",26,63238,7,1,745,2,1,5,7,0,0,0,1.000000,0.000000,0.000000,0.000000,0.000000,0.000000,0.000000,0.995798,0.004202,0.000000,0.000000,0.000000,0.000000,0.000000,27495,180,245,65
"-20,4",31,63246,7,1,743,2,1,5,12,0,0,0,1.000000,0.000000,0.000000,0.000000,0.000000,0.000000,0.000000,0.992157,0.007843,0.000000,0.000000,0.000000,0.000000,0.000000,27495,180,261,81
"-20,5",35,63255,7,1,742,2,1,9,26,0,0,0,0.994444,0.005556,0.000000,0.000000,0.000000,0.000000,0.000000,0.992701,0.007299,0.000000,0.000000,0.000000,0.000000,0.000000,27495,180,280,100
"-20,6",28,63262,7,1,745,2,1,6,9,0,0,0,1.000000,0.000000,0.000000,0.000000,0.000000,0.000000,0.000000,0.996016,0.003984,0.000000,0.000000,0.000000,0.000000,0.000000,27495,180,253,73
"-20,7",26,63270,7,1,742,2,1,5,13,0,0,0,1.000000,0.000000,0.000000,0.000000,0.000000,0.000000,0.000000,0.995885,0.004115,0.000000,0.000000,0.000000,0.000000,0.000000,27495,180,246,66
"-20,8",30,63278,7,1,744,2,1,6,16,0,0,0,1.000000,0.000000,0.000000,0.000000,0.000000,0.000000,0.000000,1.000000,0.000000,0.000000,0.000000,0.000000,0.000000,0.000000,27561,181,260,79
"-20,9",29,63285,7,1,746,2,1,5,14,0,0,0,1.000000,0.000000,0.000000,0.000000,0.000000,0.000000,0.000000,0.995968,0.004032,0.000000,0.000000,0.000000,0.000000,0.000000,27495,180,256,76
"-20,10",24,63292,7,1,741,2,1,4,11,0,0,0,1.000000,0.000000,0.000000,0.000000,0.000000,0.000000,0.000000,1.000000,0.000000,0.000000,0.000000,0.000000,0.000000,0.000000,27495,180,239,59
"-20,11",33,63300,7,1,741,2,1,6,38,0,0,0,1.000000,0.000000,0.000000,0.000000,0.000000,0.000000,0.000000,0.992395,0.007605,0.000000,0.000000,0.000000,0.000000,0.000000,27495,180,271,91
"-20,12",29,63307,7,1,745,2,1,5,11,0,0,0,1.000000,0.000000,0.000000,0.000000,0.000000,0.000000,0.000000,0.988235,0.011765,0.000000,0.000000,0.000000,0.000000,0.000000,27495,180,257,77
"-20,13",24,63314,7,1,745,2,1,4,8,0,0,0,1.000000,0.000000,0.000000,0.000000,0.000000,0.000000,0.000000,0.991597,0.008403,0.000000,0.000000,0.000000,0.000000,0.000000,27495,180,240,60
"-20,14",28,63321,7,1,744,2,1,4,7,0,0,0,1.000000,0.000000,0.000000,0.000000,0.000000,0.000000,0.000000,1.000000,0.000000,0.000000,0.000000,0.000000,0.000000,0.000000,27495,180,253,73
"-20,15",30,63301,6,1,744,2,1,5,8,0,0,0,1.000000,0.000000,0.000000,0.000000,0.000000,0.000000,0.000000,1.000000,0.000000,0.000000,0.000000,0.000000,0.000000,0.000000,27495,180,259,79
"-20,16",32,63252,5,1,743,2,1,6,14,0,0,0,1.000000,0.000000,0.000000,0.000000,0.000000,0.000000,0.000000,0.992366,0.007634,0.000000,0.000000,0.000000,0.000000,0.000000,27495,180,265,85
"-20,17",30,63205,5,1,743,2,1,5,17,0,0,0,1.000000,0.000000,0.000000,0.000000,0.000000,0.000000,0.000000,0.992188,0.007812,0.000000,0.000000,0.000000,0.000000,0.000000,27495,180,258,78
"-20,18",0,63205,0,0,631,4,99999,99999,99999,99999,99999,99999,0.000000,0.000000,0.000000,0.000000,0.000000,0.000000,0.000000,0.000000,0.000000,0.000000,0.000000,0.000000,0.000000,0.000000,0,0,0,0
"-20,19",0,63205,0,0,634,4,99999,99999,99999,99999,99999,99999,0.000000,0.000000,0.000000,0.000000,0.000000,0.000000,0.000000,0.000000,0.000000,0.000000,0.000000,0.000000,0.000000,0.000000,0,0,0,0
"-20,20",0,63205,0,0,634,4,99999,99999,99999,99999,99999,99999,0.000000,0.000000,0.000000,0.000000,0.000000,0.000000,0.000000,0.000000,0.000000,0.000000,0.000000,0.000000,0.000000,0.000000,0,0,0,0
"-20,21",0,63205,0,0,629,4,99999,99999,99999,99999,99999,99999,0.000000,0.000000,0.000000,0.000000,0.000000,0.000000,0.000000,0.000000,0.000000,0.000000,0.000000,0.000000,0.000000,0.000000,0,0,0,0
"-20,22",0,63205,0,0,635,4,99999,99999,99999,99999,99999,99999,0.000000,0.000000,0.000000,0.000000,0.000000,0.000000,0.000000,0.000000,0.000000,0.000000,0.000000,0.000000,0.000000,0.000000,0,0,0,0
"-20,23",0,63205,0,0,633,4,99999,99999,99999,99999,99999,99999,0.000000,0.000000,0.000000,0.000000,0.000000,0.000000,0.000000,0.000000,0.000000,0.000000,0.000000,0.000000,0.000000,0.000000,0,0,0,0
"-20,24",0,63205,0,0,631,4,99999,99999,99999,99999,99999,99999,0.000000,0.000000,0.000000,0.000000,0.000000,0.000000,0.000000,0.000000,0.000000,0.000000,0.000000,0.000000,0.000000,0.000000,0,0,0,0
"-20,25",0,63205,0,0,632,4,99999,99999,99999,99999,99999,99999,0.000000,0.000000,0.000000,0.000000,0.000000,0.000000,0.000000,0.000000,0.000000,0.000000,0.000000,0.000000,0.000000,0.000000,0,0,0,0
"-20,26",0,63205,0,0,631,4,99999,99999,99999,99999,99999,99999,0.000000,0.000000,0.000000,0.000000,0.000000,0.000000,0.000000,0.000000,0.000000,0.000000,0.000000,0.000000,0.000000,0.000000,0,0,0,0
"-19,-26",0,63205,0,0,635,4,99999,99999,99999,99999,99999,99999,0.000000,0.000000,0.000000,0.000000,0.000000,0.000000,0.000000,0.000000,0.000000,0.000000,0.000000,0.000000,0.000000,0.000000,0,0,0,0
"-19,-25",0,63205,0,0,633,4,99999,99999,99999,99999,99999,99999,0.000000,0.000000,0.000000,0.000000,0.000000,0.000000,0.000000,0.000000,0.000000,0.000000,0.000000,0.000000,0.000000,0.000000,0,0,0,0
"-19,-24",0,63205,0,0,634,4,99999,99999,99999,99999,99999,99999,0.000000,0.000000,0.000000,0.000000,0.000000,0.000000,0.000000,0.000000,0.000000,0.000000,0.000000,0.000000,0.000000,0.000000,0,0,0,0
"-19,-23",0,63205,0,0,633,4,99999,99999,99999,99999,99999,99999,0.000000,0.000000,0.000000,0.000000,0.000000,0.000000,0.000000,0.000000,0.000000,0.000000,0.000000,0.000000,0.000000,0.000000,0,0,0,0
"-19,-22",0,63205,0,0,632,4,99999,99999,99999,99999,99999,99999,0.000000,0.000000,0.000000,0.000000,0.000000,0.000000,0.000000,0.000000,0.000000,0.000000,0.000000,0.000000,0.000000,0.000000,0,0,0,0
"-19,-21",0,63205,0,0,629,4,99999,99999,99999,99999,99999,99999,0.000000,0.000000,0.000000,0.000000,0.000000,0.000000,0.000000,0.000000,0.000000,0.000000,0.000000,0.000000,0.000000,0.000000,0,0,0,0
"-19,-20",0,63205,0,0,630,4,99999,99999,99999,99999,99999,99999,0.000000,0.000000,0.000000,0.000000,0.000000,0.000000,0.000000,0.000000,0.000000,0.000000,0.000000,0.000000,0.000000,0.000000,0,0,0,0
"-19,-19",0,63205,0,0,634,4,99999,99999,99999,99999,99999,99999,0.000000,0.000000,0.000000,0.000000,0.000000,0.000000,0.000000,0.000000,0.000000,0.000000,0.000000,0.000000,0.000000,0.000000,0,0,0,0
"-19,-18",0,63205,0,0,633,4,99999,99999,99999,99999,99999,99999,0.000000,0.000000,0.000000,0.000000,0.000000,0.000000,0.000000,0.000000,0.000000,0.000000,0.000000,0.000000,0.000000,0.000000,0,0,0,0
"-19,-17",35,63154,5,1,743,2,1,7,23,0,0,0,0.994444,0.005556,0.000000,0.000000,0.000000,0.000000,0.000000,0.996337,0.003663,0.000000,0.000000,0.000000,0.000000,0.000000,27495,180,277,97
"-19,-16",25,63110,5,1,743,2,1,4,7,0,0,0,1.000000,0.000000,0.000000,0.000000,0.000000,0.000000,0.000000,1.000000,0.000000,0.000000,0.000000,0.000000,0.000000,0.000000,27495,180,242,62
"-19,-15",38,63088,6,1,744,2,1,7,28,0,0,0,1.000000,0.000000,0.000000,0.000000,0.000000,0.000000,0.000000,0.996552,0.003448,0.000000,0.000000,0.000000,0.000000,0.000000,27495,180,293,113
"-19,-14",30,63096,7,1,741,2,1,5,16,0,0,0,1.000000,0.000000,0.000000,0.000000,0.000000,0.000000,0.000000,1.000000,0.000000,0.000000,0.000000,0.000000,0.000000,0.000000,27495,180,258,78
"-19,-13",31,63104,7,1,745,2,1,7,27,0,0,0,1.000000,0.000000,0.000000,0.000000,0.000000,0.000000,0.000000,0.992278,0.007722,0.000000,0.000000,0.000000,0.000000,0.000000,27495,180,263,83
"-19,-12",28,63112,7,1,742,2,1,5,12,0,0,0,1.000000,0.000000,0.000000,0.000000,0.000000,0.000000,0.000000,0.996000,0.004000,0.000000,0.000000,0.000000,0.000000,0.000000,27495,180,251,71
"-19,-11",28,63120,7,1,742,2,1,5,11,0,0,0,1.000000,0.000000,0.000000,0.000000,0.000000,0.000000,0.000000,1.000000,0.000000,0.000000,0.000000,0.000000,0.000000,0.000000,27495,180,253,73
"-19,-10",27,63127,7,1,742,2,1,5,9,0,0,0,1.000000,0.000000,0.000000,0.000000,0.000000,0.000000,0.000000,0.995935,0.004065,0.000000,0.000000,0.000000,0.000000,0.000000,27495,180,249,69
"-19,-9",29,63135,7,1,741,2,1,5,9,0,0,0,1.000000,0.000000,0.000000,0.000000,0.000000,0.000000,0.000000,0.996094,0.003906,0.000000,0.000000,0.000000,0.000000,0.000000,27561,181,258,77
"-19,-8",28,63142,7,1,743,2,1,5,8,0,0,0,1.000000,0.000000,0.000000,0.000000,0.000000,0.000000,0.000000,1.000000,0.000000,0.000000,0.000000,0.000000,0.000000,0.000000,27495,180,251,71
"-19,-7",27,63149,7,1,744,2,1,4,6,0,0,0,1.000000,0.000000,0.000000,0.000000,0.000000,0.000000,0.000000,0.995902,0.004098,0.000000,0.000000,0.000000,0.000000,0.000000,27495,180,247,67
"-19,-6",29,63157,7,1,743,2,1,6,9,0,0,0,1.000000,0.000000,0.000000,0.000000,0.000000,0.000000,0.000000,0.992095,0.007905,0.000000,0.000000,0.000000,0.000000,0.000000,27495,180,254,74
"-19,-5",35,63165,7,1,742,2,1,7,12,0,0,0,1.000000,0.000000,0.000000,0.000000,0.000000,0.000000,0.000000,0.996296,0.003704,0.000000,0.000000,0.000000,0.000000,0.000000,27495,180,278,98
"-19,-4",30,63172,7,1,742,2,1,7,10,0,0,0,1.000000,0.000000,0.000000,0.000000,0.000000,0.000000,0.000000,0.991968,0.008032,0.000000,0.000000,0.000000,0.000000,0.000000,27495,180,259,79
"-19,-3",29,63179,7,1,744,2,1,5,10,0,0,0,1.000000,0.000000,0.000000,0.000000,0.000000,0.000000,0.000000,1.000000,0.000000,0.000000,0.000000,0.000000,0.000000,0.000000,27495,180,257,77
"-19,-2",25,63186,7,1,744,2,1,4,8,0,0,0,1.000000,0.000000,0.000000,0.000000,0.000000,0.000000,0.000000,0.991453,0.008547,0.000000,0.000000,0.000000,0.000000,0.000000,27495,180,241,61
"-19,-1",27,63193,7,1,745,2,1,5,10,0,0,0,1.000000,0.000000,0.000000,0.000000,0.000000,0.000000,0.000000,0.991379,0.008621,0.000000,0.000000,0.000000,0.000000,0.000000,27495,180,249,69
"-19,0",32,63201,7,1,746,2,1,7,33,0,0,1,1.000000,0.000000,0.000000,0.000000,0.000000,0.000000,0.000000,0.984252,0.015748,0.000000,0.000000,0.000000,0.000000,0.000000,27495,180,267,87
"-19,1",29,63208,7,1,743,2,1,5,8,0,0,1,1.000000,0.000000,0.000000,0.000000,0.000000,0.000000,0.000000,0.987755,0.012245,0.000000,0.000000,0.000000,0.000000,0.000000,27495,180,256,76
"-19,2",26,63214,7,1,743,2,1,4,23,0,0,1,1.000000,0.000000,0.000000,0.000000,0.000000,0.000000,0.000000,0.987234,0.012766,0.000000,0.000000,0.000000,0.000000,0.000000,27495,180,246,66
"-19,3",25,63221,7,1,743,2,1,4,10,0,0,0,1.000000,0.000000,0.000000,0.000000,0.000000,0.000000,0.000000,0.995726,0.004274,0.000000,0.000000,0.000000,0.000000,0.000000,27495,180,241,61
"-19,4",30,63228,7,1,745,2,1,6,9,0,0,1,1.000000,0.000000,0.000000,0.000000,0.000000,0.000000,0.000000,0.984064,0.015936,0.000000,0.000000,0.000000,0.000000,0.000000,27495,180,260,80
"-19,5",32,63235,7,1,743,2,1,7,10,0,0,0,1.000000,0.000000,0.000000,0.000000,0.000000,0.000000,0.000000,0.992218,0.007782,0.000000,0.000000,0.000000,0.000000,0.000000,27495,180,265,85
"-19,6",37,63242,7,1,743,2,1,8,18,0,0,0,1.000000,0.000000,0.000000,0.000000,0.000000,0.000000,0.000000,0.996516,0.003484,0.000000,0.000000,0.000000,0.000000,0.000000,27495,180,289,109
"-19,7",29,63249,7,1,742,2,1,5,14,0,0,0,1.000000,0.000000,0.000000,0.000000,0.000000,0.000000,0.000000,0.992063,0.007937,0.000000,0.000000,0.000000,0.000000,0.000000,27495,180,255,75
"-19,8",27,63255,7,1,745,2,1,4,7,0,0,0,1.000000,0.000000,0.000000,0.000000,0.000000,0.000000,0.000000,1.000000,0.000000,0.000000,0.000000,0.000000,0.000000,0.000000,27561,181,249,68
"-19,9",29,63262,7,1,742,2,1,5,9,0,0,0,1.000000,0.000000,0.000000,0.000000,0.000000,0.000000,0.000000,1.000000,0.000000,0.000000,0.000000,0.000000,0.000000,0.000000,27495,180,254,74
"-19,10",31,63269,7,1,744,2,1,7,11,0,0,0,1.000000,0.000000,0.000000,0.000000,0.000000,0.000000,0.000000,0.996139,0.003861,0.000000,0.000000,0.000000,0.000000,0.000000,27495,180,263,83
"-19,11",28,63275,7,1,743,2,1,6,37,0,0,0,0.994444,0.005556,0.000000,0.000000,0.000000,0.000000,0.000000,0.995968,0.004032,0.000000,0.000000,0.000000,0.000000,0.000000,27495,180,253,73
"-19,12",30,63282,7,1,743,2,1,7,15,0,0,0,1.000000,0.000000,0.000000,0.000000,0.000000,0.000000,0.000000,0.992188,0.007812,0.000000,0.000000,0.000000,0.000000,0.000000,27495,180,260,80
"-19,13",33,63288,7,1,744,2,1,7,14,0,0,0,1.000000,0.000000,0.000000,0.000000,0.000000,0.000000,0.000000,0.988930,0.011070,0.000000,0.000000,0.000000,0.000000,0.000000,27495,180,272,92
"-19,14",30,63295,7,1,742,2,1,5,14,0,0,0,1.000000,0.000000,0.000000,0.000000,0.000000,0.000000,0.000000,0.992248,0.007752,0.000000,0.000000,0.000000,0.000000,0.000000,27495,180,259,79
"-19,15",27,63277,6,1,742,2,1,5,15,0,0,0,1.000000,0.000000,0.000000,0.000000,0.000000,0.000000,0.000000,1.000000,0.000000,0.000000,0.000000,0.000000,0.000000,0.000000,27495,180,247,67
"-19,16",34,63234,5,1,745,2,1,7,19,0,0,0,1.000000,0.000000,0.000000,0.000000,0.000000,0.000000,0.000000,0.992593,0.007407,0.000000,0.000000,0.000000,0.000000,0.000000,27495,180,273,93
"-19,17",31,63191,5,1,743,2,1,5,16,0,0,0,1.000000,0.000000,0.000000,0.000000,0.000000,0.000000,0.000000,0.992278,0.007722,0.000000,0.000000,0.000000,0.000000,0.000000,27495,180,263,83
"-19,18",0,63191,0,0,635,4,99999,99999,99999,99999,99999,99999,0.000000,0.000000,0.000000,0.000000,0.000000,0.000000,0.000000,0.000000,0.000000,0.000000,0.000000,0.000000,0.000000,0.000000,0,0,0,0
"-19,19",0,63191,0,0,634,4,99999,99999,99999,99999,99999,99999,0.000000,0.000000,0.000000,0.000000,0.000000,0.000000,0.000000,0.000000,0.000000,0.000000,0.000000,0.000000,0.000000,0.000000,0,0,0,0
"-19,20",0,63191,0,0,636,4,99999,99999,99999,99999,99999,99999,0.000000,0.000000,0.000000,0.000000,0.000000,0.000000,0.000000,0.000000,0.000000,0.000000,0.000000,0.000000,0.000000,0.000000,0,0,0,0
"-19,21",0,63191,0,0,632,4,99999,99999,99999,99999,99999,99999,0.000000,0.000000,0.000000,0.000000,0.000000,0.000000,0.000000,0.000000,0.000000,0.000000,0.000000,0.000000,0.000000,0.000000,0,0,0,0
"-19,22",0,63191,0,0,638,4,99999,99999,99999,99999,99999,99999,0.000000,0.000000,0.000000,0.000000,0.000000,0.000000,0.000000,0.000000,0.000000,0.000000,0.000000,0.000000,0.000000,0.000000,0,0,0,0
"-19,23",0,63191,0,0,631,4,99999,99999,99999,99999,99999,99999,0.000000,0.000000,0.000000,0.000000,0.000000,0.000000,0.000000,0.000000,0.000000,0.000000,0.000000,0.000000,0.000000,0.000000,0,0,0,0
"-19,24",0,63191,0,0,632,4,99999,99999,99999,99999,99999,99999,0.000000,0.000000,0.000000,0.000000,0.000000,0.000000,0.000000,0.000000,0.000000,0.000000,0.000000,0.000000,0.000000,0.000000,0,0,0,0
"-19,25",0,63191,0,0,633,4,99999,99999,99999,99999,99999,99999,0.000000,0.000000,0.000000,0.000000,0.000000,0.000000,0.000000,0.000000,0.000000,0.000000,0.000000,0.000000,0.000000,0.000000,0,0,0,0
"-19,26",0,63191,0,0,631,4,99999,99999,99999,99999,99999,99999,0.000000,0.000000,0.000000,0.000000,0.000000,0.000000,0.000000,0.000000,0.000000,0.000000,0.000000,0.000000,0.000000,0.000000,0,0,0,0
"-18,-26",0,63191,0,0,631,4,99999,99999,99999,99999,99999,99999,0.000000,0.000000,0.000000,0.000000,0.000000,0.000000,0.000000,0.000000,0.000000,0.000000,0.000000,0.000000,0.000000,0.000000,0,0,0,0
"-18,-25",0,63191,0,0,634,4,99999,99999,99999,99999,99999,99999,0.000000,0.000000,0.000000,0.000000,0.000000,0.000000,0.000000,0.000000,0.000000,0.000000,0.000000,0.000000,0.000000,0.000000,0,0,0,0
"-18,-24",0,63191,0,0,631,4,99999,99999,99999,99999,99999,99999,0.000000,0.000000,0.000000,0.000000,0.000000,0.000000,0.000000,0.000000,0.000000,0.000000,0.000000,0.000000,0.000000,0.000000,0,0,0,0
"-18,-23",0,63191,0,0,633,4,99999,99999,99999,99999,99999,99999,0.000000,0.000000,0.000000,0.000000,0.000000,0.000000,0.000000,0.000000,0.000000,0.000000,0.000000,0.000000,0.000000,0.000000,0,0,0,0
"-18,-22",0,63191,0,0,634,4,99999,99999,99999,99999,99999,99999,0.000000,0.000000,0.000000,0.000000,0.000000,0.000000,0.000000,0.000000,0.000000,0.000000,0.000000,0.000000,0.000000,0.000000,0,0,0,0
"-18,-21",0,63191,0,0,633,4,99999,99999,99999,99999,99999,99999,0.000000,0.000000,0.000000,0.000000,0.000000,0.000000,0.000000,0.000000,0.000000,0.000000,0.000000,0.000000,0.000000,0.000000,0,0,0,0
"-18,-20",0,63191,0,0,634,4,99999,99999,99999,99999,99999,99999,0.000000,0.000000,0.000000,0.000000,0.000000,0.000000,0.000000,0.000000,0.000000,0.000000,0.000000,0.000000,0.000000,0.000000,0,0,0,0
"-18,-19",0,63191,0,0,633,4,99999,99999,99999,99999,99999,99999,0.000000,0.000000,0.000000,0.000000,0.000000,0.000000,0.000000,0.000000,0.000000,0.000000,0.000000,0.000000,0.000000,0.000000,0,0,0,0
"-18,-18",0,63191,0,0,631,4,99999,99999,99999,99999,99999,99999,0.000000,0.000000,0.000000,0.000000,0.000000,0.000000,0.000000,0.000000,0.000000,0.000000,0.000000,0.000000,0.000000,0.000000,0,0,0,0
"-18,-17",30,63150,5,1,743,2,1,5,10,0,0,0,1.000000,0.000000,0.000000,0.000000,0.000000,0.000000,0.000000,0.996124,0.003876,0.000000,0.000000,0.000000,0.000000,0.000000,27495,180,258,78
"-18,-16",28,63110,5,1,745,2,1,4,8,0,0,0,1.000000,0.000000,0.000000,0.000000,0.000000,0.000000,0.000000,0.991935,0.008065,0.000000,0.000000,0.000000,0.000000,0.000000,27495,180,251,71
"-18,-15",28,63094,6,1,742,2,1,6,13,0,0,0,1.000000,0.000000,0.000000,0.000000,0.000000,0.000000,0.000000,0.992063,0.007937,0.000000,0.000000,0.000000,0.000000,0.000000,27495,180,252,72
"-18,-14",31,63101,7,1,745,2,1,5,13,0,0,0,1.000000,0.000000,0.000000,0.000000,0.000000,0.000000,0.000000,0.992308,0.007692,0.000000,0.000000,0.000000,0.000000,0.000000,27495,180,261,81
"-18,-13",24,63107,7,1,741,2,1,4,14,0,0,0,1.000000,0.000000,0.000000,0.000000,0.000000,0.000000,0.000000,0.995816,0.004184,0.000000,0.000000,0.000000,0.000000,0.000000,27495,180,239,59
"-18,-12",35,63115,7,1,743,2,1,8,69,0,0,0,0.989011,0.010989,0.000000,0.000000,0.000000,0.000000,0.000000,0.992593,0.007407,0.000000,0.000000,0.000000,0.000000,0.000000,27777,182,277,97
"-18,-11",28,63121,7,1,742,2,1,4,6,0,0,0,1.000000,0.000000,0.000000,0.000000,0.000000,0.000000,0.000000,0.988095,0.011905,0.000000,0.000000,0.000000,0.000000,0.000000,27495,180,253,73
"-18,-10",26,63128,7,1,744,2,1,4,5,0,0,0,1.000000,0.000000,0.000000,0.000000,0.000000,0.000000,0.000000,0.995902,0.004098,0.000000,0.000000,0.000000,0.000000,0.000000,27495,180,246,66
"-18,-9",29,63134,7,1,741,2,1,5,8,0,0,0,1.000000,0.000000,0.000000,0.000000,0.000000,0.000000,0.000000,0.995885,0.004115,0.000000,0.000000,0.000000,0.000000,0.000000,27561,181,255,74
"-18,-8",24,63140,7,1,740,2,1,5,7,0,0,0,1.000000,0.000000,0.000000,0.000000,0.000000,0.000000,0.000000,1.000000,0.000000,0.000000,0.000000,0.000000,0.000000,0.000000,27495,180,238,58
"-18,-7",32,63147,7,1,746,2,1,9,27,0,0,0,1.000000,0.000000,0.000000,0.000000,0.000000,0.000000,0.000000,0.996212,0.003788,0.000000,0.000000,0.000000,0.000000,0.000000,27495,180,268,88
"-18,-6",28,63154,7,1,742,2,1,7,12,0,0,1,1.000000,0.000000,0.000000,0.000000,0.000000,0.000000,0.000000,0.984064,0.015936,0.000000,0.000000,0.000000,0.000000,0.000000,27495,180,253,73
"-18,-5",24,63160,7,1,742,2,1,4,8,0,0,0,1.000000,0.000000,0.000000,0.000000,0.000000,0.000000,0.000000,0.995726,0.004274,0.000000,0.000000,0.000000,0.000000,0.000000,27495,180,238,58
"-18,-4",30,63166,7,1,743,2,1,6,12,0,0,0,1.000000,0.000000,0.000000,0.000000,0.000000,0.000000,0.000000,0.988142,0.011858,0.000000,0.000000,0.000000,0.000000,0.000000,27495,180,260,80
"-18,-3",33,63173,7,1,745,2,1,7,12,0,0,0,1.000000,0.000000,0.000000,0.000000,0.000000,0.000000,0.000000,0.992278,0.007722,0.000000,0.000000,0.000000,0.000000,0.000000,27495,180,272,92
"-18,-2",24,63179,7,1,744,2,1,4,19,0,0,0,1.000000,0.000000,0.000000,0.000000,0.000000,0.000000,0.000000,0.995763,0.004237,0.000000,0.000000,0.000000,0.000000,0.000000,27495,180,238,58
"-18,-1",33,63185,7,1,743,2,1,8,40,0,0,1,0.994444,0.005556,0.000000,0.000000,0.000000,0.000000,0.000000,0.984496,0.015504,0.000000,0.000000,0.000000,0.000000,0.000000,27495,180,269,89
"-18,0",31,63192,7,1,744,2,1,5,7,0,0,0,1.000000,0.000000,0.000000,0.000000,0.000000,0.000000,0.000000,0.996047,0.003953,0.000000,0.000000,0.000000,0.000000,0.000000,27495,180,262,82
"-18,1",29,63198,7,1,746,2,1,5,13,0,0,0,1.000000,0.000000,0.000000,0.000000,0.000000,0.000000,0.000000,0.995918,0.004082,0.000000,0.000000,0.000000,0.000000,0.000000,27495,180,255,75
"-18,2",29,63204,7,1,743,2,1,5,9,0,0,0,1.000000,0.000000,0.000000,0.000000,0.000000,0.000000,0.000000,1.000000,0.000000,0.000000,0.000000,0.000000,0.000000,0.000000,27495,180,254,74
"-18,3",27,63210,7,1,742,2,1,3,10,0,0,0,1.000000,0.000000,0.000000,0.000000,0.000000,0.000000,0.000000,1.000000,0.000000,0.000000,0.000000,0.000000,0.000000,0.000000,27495,180,248,68
"-18,4",28,63216,7,1,744,2,1,4,9,0,0,1,1.000000,0.000000,0.000000,0.000000,0.000000,0.000000,0.000000,0.987705,0.012295,0.000000,0.000000,0.000000,0.000000,0.000000,27495,180,253,73
"-18,5",33,63222,7,1,742,2,1,7,13,0,0,0,1.000000,0.000000,0.000000,0.000000,0.000000,0.000000,0.000000,0.996198,0.003802,0.000000,0.000000,0.000000,0.000000,0.000000,27495,180,269,89
"-18,6",37,63229,7,1,742,2,1,8,19,0,0,0,1.000000,0.000000,0.000000,0.000000,0.000000,0.000000,0.000000,0.996491,0.003509,0.000000,0.000000,0.000000,0.000000,0.000000,27495,180,287,107
"-18,7",34,63235,7,1,745,2,1,6,15,0,0,0,1.000000,0.000000,0.000000,0.000000,0.000000,0.000000,0.000000,0.996377,0.003623,0.000000,0.000000,0.000000,0.000000,0.000000,27495,180,276,96
"-18,8",31,63242,7,1,743,2,1,7,10,0,0,0,1.000000,0.000000,0.000000,0.000000,0.000000,0.000000,0.000000,1.000000,0.000000,0.000000,0.000000,0.000000,0.000000,0.000000,27561,181,266,85
"-18,9",29,63247,7,1,743,2,1,5,9,0,0,0,1.000000,0.000000,0.000000,0.000000,0.000000,0.000000,0.000000,1.000000,0.000000,0.000000,0.000000,0.000000,0.000000,0.000000,27495,180,254,74
"-18,10",32,63254,7,1,742,2,1,6,9,0,0,0,1.000000,0.000000,0.000000,0.000000,0.000000,0.000000,0.000000,1.000000,0.000000,0.000000,0.000000,0.000000,0.000000,0.000000,27495,180,267,87
"-18,11",22,63259,7,1,743,1,1,4,7,0,0,0,1.000000,0.000000,0.000000,0.000000,0.000000,0.000000,0.000000,0.995690,0.004310,0.000000,0.000000,0.000000,0.000000,0.000000,27495,180,232,52
"-18,12",29,63265,7,1,744,2,1,4,7,0,0,0,1.000000,0.000000,0.000000,0.000000,0.000000,0.000000,0.000000,0.996047,0.003953,0.000000,0.000000,0.000000,0.000000,0.000000,27495,180,255,75
"-18,13",26,63270,7,1,741,2,1,4,6,0,0,0,1.000000,0.000000,0.000000,0.000000,0.000000,0.000000,0.000000,0.995902,0.004098,0.000000,0.000000,0.000000,0.000000,0.000000,27495,180,244,64
"-18,14",25,63275,7,1,744,2,1,7,12,0,0,0,1.000000,0.000000,0.000000,0.000000,0.000000,0.000000,0.000000,0.991561,0.008439,0.000000,0.000000,0.000000,0.000000,0.000000,27495,180,241,61
"-18,15",27,63260,6,1,745,2,1,6,24,0,0,0,0.994444,0.005556,0.000000,0.000000,0.000000,0.000000,0.000000,1.000000,0.000000,0.000000,0.000000,0.000000,0.000000,0.000000,27495,180,248,68
"-18,16",28,63225,5,1,741,2,1,5,11,0,0,0,1.000000,0.000000,0.000000,0.000000,0.000000,0.000000,0.000000,1.000000,0.000000,0.000000,0.000000,0.000000,0.000000,0.000000,27495,180,252,72
"-18,17",31,63187,5,1,743,2,1,5,39,0,0,0,1.000000,0.000000,0.000000,0.000000,0.000000,0.000000,0.000000,1.000000,0.000000,0.000000,0.000000,0.000000,0.000000,0.000000,27495,180,263,83
"-18,18",0,63187,0,0,633,4,99999,99999,99999,99999,99999,99999,0.000000,0.000000,0.000000,0.000000,0.000000,0.000000,0.000000,0.000000,0.000000,0.000000,0.000000,0.000000,0.000000,0.000000,0,0,0,0
"-18,19",0,63187,0,0,636,4,99999,99999,99999,99999,99999,99999,0.000000,0.000000,0.000000,0.000000,0.000000,0.000000,0.000000,0.000000,0.000000,0.000000,0.000000,0.000000,0.000000,0.000000,0,0,0,0
"-18,20",0,63187,0,0,632,4,99999,99999,99999,99999,99999,99999,0.000000,0.000000,0.000000,0.000000,0.000000,0.000000,0.000000,0.000000,0.000000,0.000000,0.000000,0.000000,0.000000,0.000000,0,0,0,0
"-18,21",0,63187,0,0,636,4,99999,99999,99999,99999,99999,99999,0.000000,0.000000,0.000000,0.000000,0.000000,0.000000,0.000000,0.000000,0.000000,0.000000,0.000000,0.000000,0.000000,0.000000,0,0,0,0
"-18,22",0,63187,0,0,635,4,99999,99999,99999,99999,99999,99999,0.000000,0.000000,0.000000,0.000000,0.000000,0.000000,0.000000,0.000000,0.000000,0.000000,0.000000,0.000000,0.000000,0.000000,0,0,0,0
"-18,23",0,63187,0,0,635,4,99999,99999,99999,99999,99999,99999,0.000000,0.000000,0.000000,0.000000,0.000000,0.000000,0.000000,0.000000,0.000000,0.000000,0.000000,0.000000,0.000000,0.000000,0,0,0,0
"-18,24",0,63187,0,0,631,4,99999,99999,99999,99999,99999,99999,0.000000,0.000000,0.000000,0.000000,0.000000,0.000000,0.000000,0.000000,0.000000,0.000000,0.000000,0.000000,0.000000,0.000000,0,0,0,0
"-18,25",0,63187,0,0,633,4,99999,99999,99999,99999,99999,99999,0.000000,0.000000,0.000000,0.000000,0.000000,0.000000,0.000000,0.000000,0.000000,0.000000,0.000000,0.000000,0.000000,0.000000,0,0,0,0
"-18,26",0,63187,0,0,633,4,99999,99999,99999,99999,99999,99999,0.000000,0.000000,0.000000,0.000000,0.000000,0.000000,0.000000,0.000000,0.000000,0.000000,0.000000,0.000000,0.000000,0.000000,0,0,0,0
"-17,-26",0,63187,0,0,634,4,99999,99999,99999,99999,99999,99999,0.000000,0.000000,0.000000,0.000000,0.000000,0.000000,0.000000,0.000000,0.000000,0.000000,0.000000,0.000000,0.000000,0.000000,0,0,0,0
"-17,-25",0,63187,0,0,632,4,99999,99999,99999,99999,99999,99999,0.000000,0.000000,0.000000,0.000000,0.000000,0.000000,0.000000,0.000000,0.000000,0.000000,0.000000,0.000000,0.000000,0.000000,0,0,0,0
"-17,-24",0,63187,0,0,634,4,99999,99999,99999,99999,99999,99999,0.000000,0.000000,0.000000,0.000000,0.000000,0.000000,0.000000,0.000000,0.000000,0.000000,0.000000,0.000000,0.000000,0.000000,0,0,0,0
"-17,-23",0,63187,0,0,633,4,99999,99999,99999,99999,99999,99999,0.000000,0.000000,0.000000,0.000000,0.000000,0.000000,0.000000,0.000000,0.000000,0.000000,0.000000,0.000000,0.000000,0.000000,0,0,0,0
"-17,-22",0,63187,0,0,632,4,99999,99999,99999,99999,99999,99999,0.000000,0.000000,0.000000,0.000000,0.000000,0.000000,0.000000,0.000000,0.000000,0.000000,0.000000,0.000000,0.000000,0.000000,0,0,0,0
"-17,-21",0,63187,0,0,630,4,99999,99999,99999,99999,99999,99999,0.000000,0.000000,0.000000,0.000000,0.000000,0.000000,0.000000,0.000000,0.000000,0.000000,0.000000,0.000000,0.000000,0.000000,0,0,0,0
"-17,-20",0,63187,0,0,631,4,99999,99999,99999,99999,99999,99999,0.000000,0.000000,0.000000,0.000000,0.000000,0.000000,0.000000,0.000000,0.000000,0.000000,0.000000,0.000000,0.000000,0.000000,0,0,0,0
"-17,-19",0,63187,0,0,633,4,99999,99999,99999,99999,99999,99999,0.000000,0.000000,0.000000,0.000000,0.000000,0.000000,0.000000,0.000000,0.000000,0.000000,0.000000,0.000000,0.000000,0.000000,0,0,0,0
"-17,-18",0,63187,0,0,633,4,99999,99999,99999,99999,99999,99999,0.000000,0.000000,0.000000,0.000000,0.000000,0.000000,0.000000,0.000000,0.000000,0.000000,0.000000,0.000000,0.000000,0.000000,0,0,0,0
"-17,-17",0,63187,0,0,630,4,99999,99999,99999,99999,99999,99999,0.000000,0.000000,0.000000,0.000000,0.000000,0.000000,0.000000,0.000000,0.000000,0.000000,0.000000,0.000000,0.000000,0.000000,0,0,0,0
"-17,-16",30,63150,5,1,744,2,1,6,8,0,0,0,1.000000,0.000000,0.000000,0.000000,0.000000,0.000000,0.000000,0.988462,0.011538,0.000000,0.000000,0.000000,0.000000,0.000000,27495,180,260,80
"-17,-15",26,63135,6,1,744,2,1,4,5,0,0,0,1.000000,0.000000,0.000000,0.000000,0.000000,0.000000,0.000000,1.000000,0.000000,0.000000,0.000000,0.000000,0.000000,0.000000,27495,180,244,64
"-17,-14",34,63119,6,1,741,2,1,6,11,0,0,0,1.000000,0.000000,0.000000,0.000000,0.000000,0.000000,0.000000,0.996364,0.003636,0.000000,0.000000,0.000000,0.000000,0.000000,27495,180,275,95
"-17,-13",33,63126,7,1,743,2,1,7,28,0,0,0,1.000000,0.000000,0.000000,0.000000,0.000000,0.000000,0.000000,1.000000,0.000000,0.000000,0.000000,0.000000,0.000000,0.000000,27495,180,269,89
"-17,-12",29,63132,7,1,740,2,1,5,8,0,0,0,1.000000,0.000000,0.000000,0.000000,0.000000,0.000000,0.000000,1.000000,0.000000,0.000000,0.000000,0.000000,0.000000,0.000000,27495,180,257,77
"-17,-11",30,63138,7,1,743,2,1,6,8,0,0,0,1.000000,0.000000,0.000000,0.000000,0.000000,0.000000,0.000000,0.992248,0.007752,0.000000,0.000000,0.000000,0.000000,0.000000,27495,180,260,80
"-17,-10",27,63143,7,1,743,2,1,5,10,0,0,0,1.000000,0.000000,0.000000,0.000000,0.000000,0.000000,0.000000,1.000000,0.000000,0.000000,0.000000,0.000000,0.000000,0.000000,27495,180,249,69
"-17,-9",34,63150,7,1,743,2,1,5,8,0,0,0,1.000000,0.000000,0.000000,0.000000,0.000000,0.000000,0.000000,0.992481,0.007519,0.000000,0.000000,0.000000,0.000000,0.000000,27495,180,276,96
"-17,-8",27,63155,7,1,741,2,1,5,10,0,0,0,1.000000,0.000000,0.000000,0.000000,0.000000,0.000000,0.000000,0.995918,0.004082,0.000000,0.000000,0.000000,0.000000,0.000000,27561,181,250,69
"-17,-7",26,63161,7,1,742,2,1,4,12,0,0,0,1.000000,0.000000,0.000000,0.000000,0.000000,0.000000,0.000000,1.000000,0.000000,0.000000,0.000000,0.000000,0.000000,0.000000,27495,180,246,66
"-17,-6",31,63167,7,1,742,2,1,5,13,0,0,0,1.000000,0.000000,0.000000,0.000000,0.000000,0.000000,0.000000,0.996198,0.003802,0.000000,0.000000,0.000000,0.000000,0.000000,27495,180,264,84
"-17,-5",29,63173,7,1,745,2,1,4,10,0,0,0,1.000000,0.000000,0.000000,0.000000,0.000000,0.000000,0.000000,1.000000,0.000000,0.000000,0.000000,0.000000,0.000000,0.000000,27495,180,254,74
"-17,-4",29,63178,7,1,744,2,1,5,10,0,0,0,1.000000,0.000000,0.000000,0.000000,0.000000,0.000000,0.000000,1.000000,0.000000,0.000000,0.000000,0.000000,0.000000,0.000000,27495,180,257,77
"-17,-3",28,63184,7,1,746,2,1,4,6,0,0,0,1.000000,0.000000,0.000000,0.000000,0.000000,0.000000,0.000000,0.991770,0.008230,0.000000,0.000000,0.000000,0.000000,0.000000,27495,180,253,73
"-17,-2",27,63190,7,1,744,2,1,5,7,0,0,0,1.000000,0.000000,0.000000,0.000000,0.000000,0.000000,0.000000,1.000000,0.000000,0.000000,0.000000,0.000000,0.000000,0.000000,27495,180,248,68
"-17,-1",30,63195,7,1,742,2,1,5,14,0,0,0,1.000000,0.000000,0.000000,0.000000,0.000000,0.000000,0.000000,1.000000,0.000000,0.000000,0.000000,0.000000,0.000000,0.000000,27495,180,260,80
"-17,0",27,63201,7,1,744,2,1,5,7,0,0,0,1.000000,0.000000,0.000000,0.000000,0.000000,0.000000,0.000000,1.000000,0.000000,0.000000,0.000000,0.000000,0.000000,0.000000,27495,180,250,70
"-17,1",27,63206,7,1,744,2,1,4,9,0,0,0,1.000000,0.000000,0.000000,0.000000,0.000000,0.000000,0.000000,0.995851,0.004149,0.000000,0.000000,0.000000,0.000000,0.000000,27495,180,250,70
"-17,2",27,63212,7,1,743,2,1,7,50,0,0,0,0.994444,0.005556,0.000000,0.000000,0.000000,0.000000,0.000000,0.995885,0.004115,0.000000,0.000000,0.000000,0.000000,0.000000,27495,180,249,69
"-17,3",33,63217,7,1,744,2,1,7,14,0,0,1,1.000000,0.000000,0.000000,0.000000,0.000000,0.000000,0.000000,0.984962,0.015038,0.000000,0.000000,0.000000,0.000000,0.000000,27495,180,272,92
"-17,4",25,63222,7,1,743,2,1,4,9,0,0,0,1.000000,0.000000,0.000000,0.000000,0.000000,0.000000,0.000000,0.995671,0.004329,0.000000,0.000000,0.000000,0.000000,0.000000,27495,180,242,62
"-17,5",29,63228,7,1,744,2,1,5,10,0,0,0,1.000000,0.000000,0.000000,0.000000,0.000000,0.000000,0.000000,0.996000,0.004000,0.000000,0.000000,0.000000,0.000000,0.000000,27495,180,254,74
"-17,6",23,63233,7,1,743,1,1,3,9,0,0,0,1.000000,0.000000,0.000000,0.000000,0.000000,0.000000,0.000000,0.991453,0.008547,0.000000,0.000000,0.000000,0.000000,0.000000,27495,180,235,55
"-17,7",33,63238,7,1,743,2,1,6,13,0,0,1,1.000000,0.000000,0.000000,0.000000,0.000000,0.000000,0.000000,0.981413,0.018587,0.000000,0.000000,0.000000,0.000000,0.000000,27495,180,270,90
"-17,8",32,63244,7,1,744,2,1,7,13,0,0,0,1.000000,0.000000,0.000000,0.000000,0.000000,0.000000,0.000000,0.996183,0.003817,0.000000,0.000000,0.000000,0.000000,0.000000,27495,180,266,86
"-17,9",26,63249,7,1,742,2,1,4,14,0,0,0,1.000000,0.000000,0.000000,0.000000,0.000000,0.000000,0.000000,0.995885,0.004115,0.000000,0.000000,0.000000,0.000000,0.000000,27561,181,247,66
"-17,10",22,63253,7,1,740,1,1,4,12,0,0,0,1.000000,0.000000,0.000000,0.000000,0.000000,0.000000,0.000000,1.000000,0.000000,0.000000,0.000000,0.000000,0.000000,0.000000,27495,180,233,53
"-17,11",34,63259,7,1,743,2,1,6,12,0,0,0,1.000000,0.000000,0.000000,0.000000,0.000000,0.000000,0.000000,0.992647,0.007353,0.000000,0.000000,0.000000,0.000000,0.000000,27495,180,273,93
"-17,12",29,63264,7,1,743,2,1,6,10,0,0,0,1.000000,0.000000,0.000000,0.000000,0.000000,0.000000,0.000000,0.996078,0.003922,0.000000,0.000000,0.000000,0.000000,0.000000,27495,180,256,76
"-17,13",30,63269,7,1,744,2,1,5,8,0,0,0,1.000000,0.000000,0.000000,0.000000,0.000000,0.000000,0.000000,0.992218,0.007782,0.000000,0.000000,0.000000,0.000000,0.000000,27495,180,260,80
"-17,14",29,63256,6,1,745,2,1,5,7,0,0,0,1.000000,0.000000,0.000000,0.000000,0.000000,0.000000,0.000000,1.000000,0.000000,0.000000,0.000000,0.000000,0.000000,0.000000,27495,180,254,74
"-17,15",30,63241,6,1,743,2,1,4,15,0,0,0,1.000000,0.000000,0.000000,0.000000,0.000000,0.000000,0.000000,0.988327,0.011673,0.000000,0.000000,0.000000,0.000000,0.000000,27495,180,259,79
"-17,16",30,63209,5,1,746,2,1,6,12,0,0,0,1.000000,0.000000,0.000000,0.000000,0.000000,0.000000,0.000000,0.996139,0.003861,0.000000,0.000000,0.000000,0.000000,0.000000,27495,180,259,79
"-17,17",0,63209,0,0,631,4,99999,99999,99999,99999,99999,99999,0.000000,0.000000,0.000000,0.000000,0.000000,0.000000,0.000000,0.000000,0.000000,0.000000,0.000000,0.000000,0.000000,0.000000,0,0,0,0
"-17,18",0,63209,0,0,632,4,99999,99999,99999,99999,99999,99999,0.000000,0.000000,0.000000,0.000000,0.000000,0.000000,0.000000,0.000000,0.000000,0.000000,0.000000,0.000000,0.000000,0.000000,0,0,0,0
"-17,19",0,63209,0,0,632,4,99999,99999,99999,99999,99999,99999,0.000000,0.000000,0.000000,0.000000,0.000000,0.000000,0.000000,0.000000,0.000000,0.000000,0.000000,0.000000,0.000000,0.000000,0,0,0,0
"-17,20",0,63209,0,0,630,4,99999,99999,99999,99999,99999,99999,0.000000,0.000000,0.000000,0.000000,0.000000,0.000000,0.000000,0.000000,0.000000,0.000000,0.000000,0.000000,0.000000,0.000000,0,0,0,0
"-17,21",0,63209,0,0,633,4,99999,99999,99999,99999,99999,99999,0.000000,0.000000,0.000000,0.000000,0.000000,0.000000,0.000000,0.000000,0.000000,0.000000,0.000000,0.000000,0.000000,0.000000,0,0,0,0
"-17,22",0,63209,0,0,632,4,99999,99999,99999,99999,99999,99999,0.000000,0.000000,0.000000,0.000000,0.000000,0.000000,0.000000,0.000000,0.000000,0.000000,0.000000,0.000000,0.000000,0.000000,0,0,0,0
"-17,23",0,63209,0,0,631,4,99999,99999,99999,99999,99999,99999,0.000000,0.000000,0.000000,0.000000,0.000000,0.000000,0.000000,0.000000,0.000000,0.000000,0.000000,0.000000,0.000000,0.000000,0,0,0,0
"-17,24",0,63209,0,0,631,4,99999,99999,99999,99999,99999,99999,0.000000,0.000000,0.000000,0.000000,0.000000,0.000000,0.000000,0.000000,0.000000,0.000000,0.000000,0.000000,0.000000,0.000000,0,0,0,0
"-17,25",0,63209,0,0,629,4,99999,99999,99999,99999,99999,99999,0.000000,0.000000,0.000000,0.000000,0.000000,0.000000,0.000000,0.000000,0.000000,0.000000,0.000000,0.000000,0.000000,0.000000,0,0,0,0
"-17,26",0,63209,0,0,634,4,99999,99999,99999,99999,99999,99999,0.000000,0.000000,0.000000,0.000000,0.000000,0.000000,0.000000,0.000000,0.000000,0.000000,0.000000,0.000000,0.000000,0.000000,0,0,0,0
"-16,-26",0,63209,0,0,635,4,99999,99999,99999,99999,99999,99999,0.000000,0.000000,0.000000,0.000000,0.000000,0.000000,0.000000,0.000000,0.000000,0.000000,0.000000,0.000000,0.000000,0.000000,0,0,0,0
"-16,-25",0,63209,0,0,629,4,99999,99999,99999,99999,99999,99999,0.000000,0.000000,0.000000,0.000000,0.000000,0.000000,0.000000,0.000000,0.000000,0.000000,0.000000,0.000000,0.000000,0.000000,0,0,0,0
"-16,-24",0,63209,0,0,633,4,99999,99999,99999,99999,99999,99999,0.000000,0.000000,0.000000,0.000000,0.000000,0.000000,0.000000,0.000000,0.000000,0.000000,0.000000,0.000000,0.000000,0.000000,0,0,0,0
"-16,-23",0,63209,0,0,636,4,99999,99999,99999,99999,99999,99999,0.000000,0.000000,0.000000,0.000000,0.000000,0.000000,0.000000,0.000000,0.000000,0.000000,0.000000,0.000000,0.000000,0.000000,0,0,0,0
"-16,-22",0,63209,0,0,631,4,99999,99999,99999,99999,99999,99999,0.000000,0.000000,0.000000,0.000000,0.000000,0.000000,0.000000,0.000000,0.000000,0.000000,0.000000,0.000000,0.000000,0.000000,0,0,0,0
"-16,-21",0,63209,0,0,634,4,99999,99999,99999,99999,99999,99999,0.000000,0.000000,0.000000,0.000000,0.000000,0.000000,0.000000,0.000000,0.000000,0.000000,0.000000,0.000000,0.000000,0.000000,0,0,0,0
"-16,-20",0,63209,0,0,635,4,99999,99999,99999,99999,99999,99999,0.000000,0.000000,0.000000,0.000000,0.000000,0.000000,0.000000,0.000000,0.000000,0.000000,0.000000,0.000000,0.000000,0.000000,0,0,0,0
"-16,-19",0,63209,0,0,630,4,99999,99999,99999,99999,99999,99999,0.000000,0.000000,0.000000,0.000000,0.000000,0.000000,0.000000,0.000000,0.000000,0.000000,0.000000,0.000000,0.000000,0.000000,0,0,0,0
"-16,-18",0,63209,0,0,637,4,99999,99999,99999,99999,99999,99999,0.000000,0.000000,0.000000,0.000000,0.000000,0.000000,0.000000,0.000000,0.000000,0.000000,0.000000,0.000000,0.000000,0.000000,0,0,0,0
"-16,-17",0,63209,0,0,634,4,99999,99999,99999,99999,99999,99999,0.000000,0.000000,0.000000,0.000000,0.000000,0.000000,0.000000,0.000000,0.000000,0.000000,0.000000,0.000000,0.000000,0.000000,0,0,0,0
"-16,-13",27,63214,7,1,744,2,1,4,8,0,0,0,1.000000,0.000000,0.000000,0.000000,0.000000,0.000000,0.000000,1.000000,0.000000,0.000000,0.000000,0.000000,0.000000,0.000000,27495,180,250,70
"-16,-12",28,63219,7,1,743,2,1,5,9,0,0,0,1.000000,0.000000,0.000000,0.000000,0.000000,0.000000,0.000000,0.996016,0.003984,0.000000,0.000000,0.000000,0.000000,0.000000,27495,180,253,73
"-16,-11",22,63224,7,1,742,1,1,4,7,0,0,1,1.000000,0.000000,0.000000,0.000000,0.000000,0.000000,0.000000,0.986957,0.013043,0.000000,0.000000,0.000000,0.000000,0.000000,27495,180,231,51
"-16,-10",32,63229,7,1,743,2,1,5,41,0,0,0,0.994444,0.005556,0.000000,0.000000,0.000000,0.000000,0.000000,1.000000,0.000000,0.000000,0.000000,0.000000,0.000000,0.000000,27495,180,265,85
"-16,-9",26,63234,7,1,745,2,1,4,10,0,0,0,1.000000,0.000000,0.000000,0.000000,0.000000,0.000000,0.000000,0.991837,0.008163,0.000000,0.000000,0.000000,0.000000,0.000000,27495,180,246,66
"-16,-8",27,63239,7,1,745,2,1,6,14,0,0,0,1.000000,0.000000,0.000000,0.000000,0.000000,0.000000,0.000000,0.995918,0.004082,0.000000,0.000000,0.000000,0.000000,0.000000,27495,180,248,68
"-16,-7",29,63244,7,1,743,2,1,5,8,0,0,0,1.000000,0.000000,0.000000,0.000000,0.000000,0.000000,0.000000,0.995951,0.004049,0.000000,0.000000,0.000000,0.000000,0.000000,27495,180,255,75
"-16,-6",29,63249,7,1,742,2,1,4,9,0,0,0,1.000000,0.000000,0.000000,0.000000,0.000000,0.000000,0.000000,0.996063,0.003937,0.000000,0.000000,0.000000,0.000000,0.000000,27495,180,255,75
"-16,-5",30,63254,7,1,744,2,1,5,9,0,0,0,1.000000,0.000000,0.000000,0.000000,0.000000,0.000000,0.000000,0.992366,0.007634,0.000000,0.000000,0.000000,0.000000,0.000000,27561,181,262,81
"-16,-4",32,63259,7,1,745,2,1,5,11,0,0,0,1.000000,0.000000,0.000000,0.000000,0.000000,0.000000,0.000000,0.988372,0.011628,0.000000,0.000000,0.000000,0.000000,0.000000,27495,180,266,86
"-16,-3",29,63264,7,1,743,2,1,5,10,0,0,1,1.000000,0.000000,0.000000,0.000000,0.000000,0.000000,0.000000,0.987705,0.012295,0.000000,0.000000,0.000000,0.000000,0.000000,27495,180,254,74
"-16,-2",25,63269,7,1,746,2,1,4,7,0,0,0,1.000000,0.000000,0.000000,0.000000,0.000000,0.000000,0.000000,0.995633,0.004367,0.000000,0.000000,0.000000,0.000000,0.000000,27495,180,242,62
"-16,-1",27,63274,7,1,744,2,1,5,14,0,0,0,1.000000,0.000000,0.000000,0.000000,0.000000,0.000000,0.000000,0.991736,0.008264,0.000000,0.000000,0.000000,0.000000,0.000000,27495,180,249,69
"-16,0",28,63278,7,1,741,2,1,4,7,0,0,0,1.000000,0.000000,0.000000,0.000000,0.000000,0.000000,0.000000,0.995851,0.004149,0.000000,0.000000,0.000000,0.000000,0.000000,27495,180,253,73
"-16,1",29,63283,7,1,744,2,1,5,16,0,0,0,1.000000,0.000000,0.000000,0.000000,0.000000,0.000000,0.000000,0.992000,0.008000,0.000000,0.000000,0.000000,0.000000,0.000000,27495,180,255,75
"-16,2",25,63288,7,1,744,2,1,4,6,0,0,1,1.000000,0.000000,0.000000,0.000000,0.000000,0.000000,0.000000,0.986900,0.013100,0.000000,0.000000,0.000000,0.000000,0.000000,27495,180,242,62
"-16,3",32,63293,7,1,743,2,1,7,30,0,0,0,0.994444,0.005556,0.000000,0.000000,0.000000,0.000000,0.000000,0.996063,0.003937,0.000000,0.000000,0.000000,0.000000,0.000000,27495,180,268,88
"-16,4",36,63298,7,1,744,2,1,7,27,0,0,0,1.000000,0.000000,0.000000,0.000000,0.000000,0.000000,0.000000,0.989091,0.010909,0.000000,0.000000,0.000000,0.000000,0.000000,27495,180,282,102
"-16,5",30,63303,7,1,741,2,1,6,9,0,0,0,1.000000,0.000000,0.000000,0.000000,0.000000,0.000000,0.000000,1.000000,0.000000,0.000000,0.000000,0.000000,0.000000,0.000000,27495,180,259,79
"-16,6",29,63307,7,1,744,2,1,6,20,0,0,0,1.000000,0.000000,0.000000,0.000000,0.000000,0.000000,0.000000,0.992126,0.007874,0.000000,0.000000,0.000000,0.000000,0.000000,27495,180,254,74
"-16,7",30,63312,7,1,743,2,1,8,10,0,0,0,1.000000,0.000000,0.000000,0.000000,0.000000,0.000000,0.000000,0.996094,0.003906,0.000000,0.000000,0.000000,0.000000,0.000000,27495,180,260,80
"-16,8",24,63316,7,1,743,2,1,4,6,0,0,0,1.000000,0.000000,0.000000,0.000000,0.000000,0.000000,0.000000,1.000000,0.000000,0.000000,0.000000,0.000000,0.000000,0.000000,27495,180,237,57
"-16,9",26,63321,7,1,745,2,1,6,11,0,0,0,1.000000,0.000000,0.000000,0.000000,0.000000,0.000000,0.000000,0.991803,0.008197,0.000000,0.000000,0.000000,0.000000,0.000000,27495,180,245,65
"-16,10",27,63325,7,1,744,2,1,5,8,0,0,0,1.000000,0.000000,0.000000,0.000000,0.000000,0.000000,0.000000,0.995968,0.004032,0.000000,0.000000,0.000000,0.000000,0.000000,27495,180,250,70
"-16,11",29,63330,7,1,744,2,1,6,10,0,0,0,1.000000,0.000000,0.000000,0.000000,0.000000,0.000000,0.000000,1.000000,0.000000,0.000000,0.000000,0.000000,0.000000,0.000000,27495,180,254,74
"-16,12",31,63335,7,1,745,2,1,7,14,0,0,0,1.000000,0.000000,0.000000,0.000000,0.000000,0.000000,0.000000,0.996169,0.003831,0.000000,0.000000,0.000000,0.000000,0.000000,27561,181,264,83
"-16,13",33,63339,7,1,742,2,1,5,15,0,0,0,1.000000,0.000000,0.000000,0.000000,0.000000,0.000000,0.000000,0.992593,0.007407,0.000000,0.000000,0.000000,0.000000,0.000000,27495,180,270,90
"-16,17",0,63339,0,0,635,4,99999,99999,99999,99999,99999,99999,0.000000,0.000000,0.000000,0.000000,0.000000,0.000000,0.000000,0.000000,0.000000,0.000000,0.000000,0.000000,0.000000,0.000000,0,0,0,0
"-16,18",0,63339,0,0,637,4,99999,99999,99999,99999,99999,99999,0.000000,0.000000,0.000000,0.000000,0.000000,0.000000,0.000000,0.000000,0.000000,0.000000,0.000000,0.000000,0.000000,0.000000,0,0,0,0
"-16,19",0,63339,0,0,634,4,99999,99999,99999,99999,99999,99999,0.000000,0.000000,0.000000,0.000000,0.000000,0.000000,0.000000,0.000000,0.000000,0.000000,0.000000,0.000000,0.000000,0.000000,0,0,0,0
"-16,20",0,63339,0,0,631,4,99999,99999,99999,99999,99999,99999,0.000000,0.000000,0.000000,0.000000,0.000000,0.000000,0.000000,0.000000,0.000000,0.000000,0.000000,0.000000,0.000000,0.000000,0,0,0,0
"-16,21",0,63339,0,0,633,4,99999,99999,99999,99999,99999,99999,0.000000,0.000000,0.000000,0.000000,0.000000,0.000000,0.000000,0.000000,0.000000,0.000000,0.000000,0.000000,0.000000,0.000000,0,0,0,0
"-16,22",0,63339,0,0,635,4,99999,99999,99999,99999,99999,99999,0.000000,0.000000,0.000000,0.000000,0.000000,0.000000,0.000000,0.000000,0.000000,0.000000,0.000000,0.000000,0.000000,0.000000,0,0,0,0
"-16,23",0,63339,0,0,635,4,99999,99999,99999,99999,99999,99999,0.000000,0.000000,0.000000,0.000000,0.000000,0.000000,0.000000,0.000000,0.000000,0.000000,0.000000,0.000000,0.000000,0.000000,0,0,0,0
"-16,24",0,63339,0,0,635,4,99999,99999,99999,99999,99999,99999,0.000000,0.000000,0.000000,0.000000,0.000000,0.000000,0.000000,0.000000,0.000000,0.000000,0.000000,0.000000,0.000000,0.000000,0,0,0,0
"-16,25",0,63339,0,0,632,4,99999,99999,99999,99999,99999,99999,0.000000,0.000000,0.000000,0.000000,0.000000,0.000000,0.000000,0.000000,0.000000,0.000000,0.000000,0.000000,0.000000,0.000000,0,0,0,0
"-16,26",0,63339,0,0,627,4,99999,99999,99999,99999,99999,99999,0.000000,0.000000,0.000000,0.000000,0.000000,0.000000,0.000000,0.000000,0.000000,0.000000,0.000000,0.000000,0.000000,0.000000,0,0,0,0
"-15,-26",0,63339,0,0,632,4,99999,99999,99999,99999,99999,99999,0.000000,0.000000,0.000000,0.000000,0.000000,0.000000,0.000000,0.000000,0.000000,0.000000,0.000000,0.000000,0.000000,0.000000,0,0,0,0
"-15,-25",0,63339,0,0,631,4,99999,99999,99999,99999,99999,99999,0.000000,0.000000,0.000000,0.000000,0.000000,0.000000,0.000000,0.000000,0.000000,0.000000,0.000000,0.000000,0.000000,0.000000,0,0,0,0
"-15,-24",0,63339,0,0,634,4,99999,99999,99999,99999,99999,99999,0.000000,0.000000,0.000000,0.000000,0.000000,0.000000,0.000000,0.000000,0.000000,0.000000,0.000000,0.000000,0.000000,0.000000,0,0,0,0
"-15,-23",0,63339,0,0,631,4,99999,99999,99999,99999,99999,99999,0.000000,0.000000,0.000000,0.000000,0.000000,0.000000,0.000000,0.000000,0.000000,0.000000,0.000000,0.000000,0.000000,0.000000,0,0,0,0
"-15,-22",0,63339,0,0,630,4,99999,99999,99999,99999,99999,99999,0.000000,0.000000,0.000000,0.000000,0.000000,0.000000,0.000000,0.000000,0.000000,0.000000,0.000000,0.000000,0.000000,0.000000,0,0,0,0
"-15,-21",0,63339,0,0,635,4,99999,99999,99999,99999,99999,99999,0.000000,0.000000,0.000000,0.000000,0.000000,0.000000,0.000000,0.000000,0.000000,0.000000,0.000000,0.000000,0.000000,0.000000,0,0,0,0
"-15,-20",0,63339,0,0,630,4,99999,99999,99999,99999,99999,99999,0.000000,0.000000,0.000000,0.000000,0.000000,0.000000,0.000000,0.000000,0.000000,0.000000,0.000000,0.000000,0.000000,0.000000,0,0,0,0
"-15,-19",0,63339,0,0,635,4,99999,99999,99999,99999,99999,99999,0.000000,0.000000,0.000000,0.000000,0.000000,0.000000,0.000000,0.000000,0.000000,0.000000,0.000000,0.000000,0.000000,0.000000,0,0,0,0
"-15,-18",0,63339,0,0,632,4,99999,99999,99999,99999,99999,99999,0.000000,0.000000,0.000000,0.000000,0.000000,0.000000,0.000000,0.000000,0.000000,0.000000,0.000000,0.000000,0.000000,0.000000,0,0,0,0
"-15,-17",0,63339,0,0,634,4,99999,99999,99999,99999,99999,99999,0.000000,0.000000,0.000000,0.000000,0.000000,0.000000,0.000000,0.000000,0.000000,0.000000,0.000000,0.000000,0.000000,0.000000,0,0,0,0
"-15,-13",29,63344,7,1,745,2,1,5,8,0,0,0,1.000000,0.000000,0.000000,0.000000,0.000000,0.000000,0.000000,1.000000,0.000000,0.000000,0.000000,0.000000,0.000000,0.000000,27495,180,254,74
"-15,-12",27,63348,7,1,744,2,1,4,12,0,0,1,1.000000,0.000000,0.000000,0.000000,0.000000,0.000000,0.000000,0.987805,0.012195,0.000000,0.000000,0.000000,0.000000,0.000000,27495,180,249,69
"-15,-11",32,63353,7,1,742,2,1,4,14,0,0,0,1.000000,0.000000,0.000000,0.000000,0.000000,0.000000,0.000000,0.996226,0.003774,0.000000,0.000000,0.000000,0.000000,0.000000,27495,180,266,86
"-15,-10",31,63357,7,1,745,2,1,5,8,0,0,0,1.000000,0.000000,0.000000,0.000000,0.000000,0.000000,0.000000,1.000000,0.000000,0.000000,0.000000,0.000000,0.000000,0.000000,27495,180,262,82
"-15,-9",29,63362,7,1,744,2,1,7,12,0,0,0,1.000000,0.000000,0.000000,0.000000,0.000000,0.000000,0.000000,0.996078,0.003922,0.000000,0.000000,0.000000,0.000000,0.000000,27495,180,257,77
"-15,-8",27,63366,7,1,743,2,1,4,11,0,0,0,1.000000,0.000000,0.000000,0.000000,0.000000,0.000000,0.000000,1.000000,0.000000,0.000000,0.000000,0.000000,0.000000,0.000000,27495,180,249,69
"-15,-7",31,63370,7,1,744,2,1,5,7,0,0,0,1.000000,0.000000,0.000000,0.000000,0.000000,0.000000,0.000000,0.992218,0.007782,0.000000,0.000000,0.000000,0.000000,0.000000,27495,180,262,82
"-15,-6",32,63375,7,1,742,2,1,6,15,0,0,0,1.000000,0.000000,0.000000,0.000000,0.000000,0.000000,0.000000,0.996198,0.003802,0.000000,0.000000,0.000000,0.000000,0.000000,27495,180,265,85
"-15,-5",27,63379,7,1,742,2,1,4,9,0,0,0,1.000000,0.000000,0.000000,0.000000,0.000000,0.000000,0.000000,0.995984,0.004016,0.000000,0.000000,0.000000,0.000000,0.000000,27561,181,250,69
"-15,-4",25,63383,7,1,745,2,1,4,6,0,0,0,1.000000,0.000000,0.000000,0.000000,0.000000,0.000000,0.000000,1.000000,0.000000,0.000000,0.000000,0.000000,0.000000,0.000000,27495,180,242,62
"-15,-3",29,63387,7,1,743,2,1,4,14,0,0,1,1.000000,0.000000,0.000000,0.000000,0.000000,0.000000,0.000000,0.984127,0.015873,0.000000,0.000000,0.000000,0.000000,0.000000,27495,180,254,74
"-15,-2",25,63391,7,1,745,2,1,5,15,0,0,0,1.000000,0.000000,0.000000,0.000000,0.000000,0.000000,0.000000,0.991489,0.008511,0.000000,0.000000,0.000000,0.000000,0.000000,27495,180,243,63
"-15,-1",27,63396,7,1,745,2,1,5,7,0,0,0,1.000000,0.000000,0.000000,0.000000,0.000000,0.000000,0.000000,1.000000,0.000000,0.000000,0.000000,0.000000,0.000000,0.000000,27495,180,250,70
"-15,0",35,63400,7,1,743,2,1,7,17,0,0,0,1.000000,0.000000,0.000000,0.000000,0.000000,0.000000,0.000000,0.988930,0.011070,0.000000,0.000000,0.000000,0.000000,0.000000,27495,180,279,99
"-15,1",29,63404,7,1,746,2,1,5,12,0,0,1,1.000000,0.000000,0.000000,0.000000,0.000000,0.000000,0.000000,0.987952,0.012048,0.000000,0.000000,0.000000,0.000000,0.000000,27495,180,256,76
"-15,2",30,63409,7,1,745,2,1,7,12,0,0,0,1.000000,0.000000,0.000000,0.000000,0.000000,0.000000,0.000000,0.988095,0.011905,0.000000,0.000000,0.000000,0.000000,0.000000,27495,180,258,78
"-15,3",24,63413,7,1,742,2,1,4,11,0,0,0,1.000000,0.000000,0.000000,0.000000,0.000000,0.000000,0.000000,0.991489,0.008511,0.000000,0.000000,0.000000,0.000000,0.000000,27495,180,237,57
"-15,4",34,63417,7,1,741,2,1,10,28,0,0,0,1.000000,0.000000,0.000000,0.000000,0.000000,0.000000,0.000000,0.988889,0.011111,0.000000,0.000000,0.000000,0.000000,0.000000,27495,180,273,93
"-15,5",27,63421,7,1,744,2,1,4,14,0,0,0,1.000000,0.000000,0.000000,0.000000,0.000000,0.000000,0.000000,0.991968,0.008032,0.000000,0.000000,0.000000,0.000000,0.000000,27495,180,250,70
"-15,6",28,63425,7,1,744,2,1,4,5,0,0,0,1.000000,0.000000,0.000000,0.000000,0.000000,0.000000,0.000000,0.992000,0.008000,0.000000,0.000000,0.000000,0.000000,0.000000,27495,180,251,71
"-15,7",32,63429,7,1,745,2,1,6,23,0,0,0,1.000000,0.000000,0.000000,0.000000,0.000000,0.000000,0.000000,1.000000,0.000000,0.000000,0.000000,0.000000,0.000000,0.000000,27495,180,267,87
"-15,8",33,63434,7,1,745,2,1,6,10,0,0,0,1.000000,0.000000,0.000000,0.000000,0.000000,0.000000,0.000000,0.992481,0.007519,0.000000,0.000000,0.000000,0.000000,0.000000,27495,180,271,91
"-15,9",30,63438,7,1,745,2,1,6,15,0,0,0,1.000000,0.000000,0.000000,0.000000,0.000000,0.000000,0.000000,0.992188,0.007812,0.000000,0.000000,0.000000,0.000000,0.000000,27495,180,258,78
"-15,10",33,63442,7,1,744,2,1,5,13,0,0,0,1.000000,0.000000,0.000000,0.000000,0.000000,0.000000,0.000000,0.992565,0.007435,0.000000,0.000000,0.000000,0.000000,0.000000,27495,180,270,90
"-15,11",30,63446,7,1,743,2,1,6,13,0,0,0,1.000000,0.000000,0.000000,0.000000,0.000000,0.000000,0.000000,0.996094,0.003906,0.000000,0.000000,0.000000,0.000000,0.000000,27495,180,258,78
"-15,12",28,63450,7,1,744,2,1,5,9,0,0,0,1.000000,0.000000,0.000000,0.000000,0.000000,0.000000,0.000000,0.995968,0.004032,0.000000,0.000000,0.000000,0.000000,0.000000,27561,181,253,72
"-15,13",26,63453,7,1,743,2,1,5,10,0,0,0,1.000000,0.000000,0.000000,0.000000,0.000000,0.000000,0.000000,1.000000,0.000000,0.000000,0.000000,0.000000,0.000000,0.000000,27495,180,245,65
"-15,17",0,63453,0,0,634,4,99999,99999,99999,99999,99999,99999,0.000000,0.000000,0.000000,0.000000,0.000000,0.000000,0.000000,0.000000,0.000000,0.000000,0.000000,0.000000,0.000000,0.000000,0,0,0,0
"-15,18",0,63453,0,0,634,4,99999,99999,99999,99999,99999,99999,0.000000,0.000000,0.000000,0.000000,0.000000,0.000000,0.000000,0.000000,0.000000,0.000000,0.000000,0.000000,0.000000,0.000000,0,0,0,0
"-15,19",0,63453,0,0,633,4,99999,99999,99999,99999,99999,99999,0.000000,0.000000,0.000000,0.000000,0.000000,0.000000,0.000000,0.000000,0.000000,0.000000,0.000000,0.000000,0.000000,0.000000,0,0,0,0
"-15,20",0,63453,0,0,633,4,99999,99999,99999,99999,99999,99999,0.000000,0.000000,0.000000,0.000000,0.000000,0.000000,0.000000,0.000000,0.000000,0.000000,0.000000,0.000000,0.000000,0.000000,0,0,0,0
"-15,21",0,63453,0,0,632,4,99999,99999,99999,99999,99999,99999,0.000000,0.000000,0.000000,0.000000,0.000000,0.000000,0.000000,0.000000,0.000000,0.000000,0.000000,0.000000,0.000000,0.000000,0,0,0,0
"-15,22",0,63453,0,0,630,4,99999,99999,99999,99999,99999,99999,0.000000,0.000000,0.000000,0.000000,0.000000,0.000000,0.000000,0.000000,0.000000,0.000000,0.000000,0.000000,0.000000,0.000000,0,0,0,0
"-15,23",0,63453,0,0,629,4,99999,99999,99999,99999,99999,99999,0.000000,0.000000,0.000000,0.000000,0.000000,0.000000,0.000000,0.000000,0.000000,0.000000,0.000000,0.000000,0.000000,0.000000,0,0,0,0
"-15,24",0,63453,0,0,630,4,99999,99999,99999,99999,99999,99999,0.000000,0.000000,0.000000,0.000000,0.000000,0.000000,0.000000,0.000000,0.000000,0.000000,0.000000,0.000000,0.000000,0.000000,0,0,0,0
"-15,25",0,63453,0,0,632,4,99999,99999,99999,99999,99999,99999,0.000000,0.000000,0.000000,0.000000,0.000000,0.000000,0.000000,0.000000,0.000000,0.000000,0.000000,0.000000,0.000000,0.000000,0,0,0,0
"-15,26",0,63453,0,0,636,4,99999,99999,99999,99999,99999,99999,0.000000,0.000000,0.000000,0.000000,0.000000,0.000000,0.000000,0.000000,0.000000,0.000000,0.000000,0.000000,0.000000,0.000000,0,0,0,0
"-14,-26",0,63453,0,0,631,4,99999,99999,99999,99999,99999,99999,0.000000,0.000000,0.000000,0.000000,0.000000,0.000000,0.000000,0.000000,0.000000,0.000000,0.000000,0.000000,0.000000,0.000000,0,0,0,0
"-14,-25",0,63453,0,0,632,4,99999,99999,99999,99999,99999,99999,0.000000,0.000000,0.000000,0.000000,0.000000,0.000000,0.000000,0.000000,0.000000,0.000000,0.000000,0.000000,0.000000,0.000000,0,0,0,0
"-14,-24",0,63453,0,0,631,4,99999,99999,99999,99999,99999,99999,0.000000,0.000000,0.000000,0.000000,0.000000,0.000000,0.000000,0.000000,0.000000,0.000000,0.000000,0.000000,0.000000,0.000000,0,0,0,0
"-14,-23",0,63453,0,0,634,4,99999,99999,99999,99999,99999,99999,0.000000,0.000000,0.000000,0.000000,0.000000,0.000000,0.000000,0.000000,0.000000,0.000000,0.000000,0.000000,0.000000,0.000000,0,0,0,0
"-14,-22",0,63453,0,0,631,4,99999,99999,99999,99999,99999,99999,0.000000,0.000000,0.000000,0.000000,0.000000,0.000000,0.000000,0.000000,0.000000,0.000000,0.000000,0.000000,0.000000,0.000000,0,0,0,0
"-14,-21",0,63453,0,0,637,4,99999,99999,99999,99999,99999,99999,0.000000,0.000000,0.000000,0.000000,0.000000,0.000000,0.000000,0.000000,0.000000,0.000000,0.000000,0.000000,0.000000,0.000000,0,0,0,0
"-14,-20",0,63453,0,0,635,4,99999,99999,99999,99999,99999,99999,0.000000,0.000000,0.000000,0.000000,0.000000,0.000000,0.000000,0.000000,0.000000,0.000000,0.000000,0.000000,0.000000,0.000000,0,0,0,0
"-14,-19",0,63453,0,0,635,4,99999,99999,99999,99999,99999,99999,0.000000,0.000000,0.000000,0.000000,0.000000,0.000000,0.000000,0.000000,0.000000,0.000000,0.000000,0.000000,0.000000,0.000000,0,0,0,0
"-14,-18",0,63453,0,0,631,4,99999,99999,99999,99999,99999,99999,0.000000,0.000000,0.000000,0.000000,0.000000,0.000000,0.000000,0.000000,0.000000,0.000000,0.000000,0.000000,0.000000,0.000000,0,0,0,0
"-14,-17",0,63453,0,0,628,4,99999,99999,99999,99999,99999,99999,0.000000,0.000000,0.000000,0.000000,0.000000,0.000000,0.000000,0.000000,0.000000,0.000000,0.000000,0.000000,0.000000,0.000000,0,0,0,0
"-14,-13",25,63441,6,1,742,2,1,6,8,0,0,0,1.000000,0.000000,0.000000,0.000000,0.000000,0.000000,0.000000,0.991667,0.008333,0.000000,0.000000,0.000000,0.000000,0.000000,27495,180,243,63
"-14,-12",33,63445,7,1,747,2,1,7,12,0,0,0,1.000000,0.000000,0.000000,0.000000,0.000000,0.000000,0.000000,0.996241,0.003759,0.000000,0.000000,0.000000,0.000000,0.000000,27495,180,270,90
"-14,-11",27,63449,7,1,741,2,1,5,10,0,0,0,1.000000,0.000000,0.000000,0.000000,0.000000,0.000000,0.000000,0.991736,0.008264,0.000000,0.000000,0.000000,0.000000,0.000000,27495,180,247,67
"-14,-10",28,63453,7,1,744,2,1,6,12,0,0,0,1.000000,0.000000,0.000000,0.000000,0.000000,0.000000,0.000000,0.991968,0.008032,0.000000,0.000000,0.000000,0.000000,0.000000,27495,180,251,71
"-14,-9",29,63457,7,1,744,2,1,4,41,0,0,0,0.994444,0.005556,0.000000,0.000000,0.000000,0.000000,0.000000,1.000000,0.000000,0.000000,0.000000,0.000000,0.000000,0.000000,27495,180,255,75
"-14,-8",31,63461,7,1,744,2,1,7,19,0,0,0,1.000000,0.000000,0.000000,0.000000,0.000000,0.000000,0.000000,0.996169,0.003831,0.000000,0.000000,0.000000,0.000000,0.000000,27495,180,264,84
"-14,-7",30,63465,7,1,743,2,1,6,9,0,0,0,1.000000,0.000000,0.000000,0.000000,0.000000,0.000000,0.000000,0.992157,0.007843,0.000000,0.000000,0.000000,0.000000,0.000000,27495,180,259,79
"-14,-6",32,63469,7,1,745,2,1,7,14,0,0,0,1.000000,0.000000,0.000000,0.000000,0.000000,0.000000,0.000000,0.992366,0.007634,0.000000,0.000000,0.000000,0.000000,0.000000,27495,180,267,87
"-14,-5",27,63472,7,1,742,2,1,6,13,0,0,0,1.000000,0.000000,0.000000,0.000000,0.000000,0.000000,0.000000,1.000000,0.000000,0.000000,0.000000,0.000000,0.000000,0.000000,27561,181,250,69
"-14,-4",23,63476,7,1,746,1,1,5,8,0,0,0,1.000000,0.000000,0.000000,0.000000,0.000000,0.000000,0.000000,1.000000,0.000000,0.000000,0.000000,0.000000,0.000000,0.000000,27495,180,236,56
"-14,-3",31,63480,7,1,745,2,1,8,28,0,0,0,1.000000,0.000000,0.000000,0.000000,0.000000,0.000000,0.000000,0.988462,0.011538,0.000000,0.000000,0.000000,0.000000,0.000000,27495,180,263,83
"-14,-2",30,63483,7,1,744,2,1,7,16,0,0,0,1.000000,0.000000,0.000000,0.000000,0.000000,0.000000,0.000000,0.992278,0.007722,0.000000,0.000000,0.000000,0.000000,0.000000,27495,180,260,80
"-14,-1",30,63487,7,1,745,2,1,6,15,0,0,0,1.000000,0.000000,0.000000,0.000000,0.000000,0.000000,0.000000,1.000000,0.000000,0.000000,0.000000,0.000000,0.000000,0.000000,27495,180,259,79
"-14,0",24,63491,7,1,744,2,1,4,7,0,0,0,1.000000,0.000000,0.000000,0.000000,0.000000,0.000000,0.000000,0.991525,0.008475,0.000000,0.000000,0.000000,0.000000,0.000000,27495,180,238,58
"-14,1",27,63494,7,1,743,2,1,5,8,0,0,0,1.000000,0.000000,0.000000,0.000000,0.000000,0.000000,0.000000,0.995902,0.004098,0.000000,0.000000,0.000000,0.000000,0.000000,27495,180,248,68
"-14,2",25,63498,7,1,744,2,1,5,7,0,0,0,1.000000,0.000000,0.000000,0.000000,0.000000,0.000000,0.000000,1.000000,0.000000,0.000000,0.000000,0.000000,0.000000,0.000000,27495,180,242,62
"-14,3",27,63501,7,1,744,2,1,5,10,0,0,0,1.000000,0.000000,0.000000,0.000000,0.000000,0.000000,0.000000,0.995968,0.004032,0.000000,0.000000,0.000000,0.000000,0.000000,27495,180,249,69
"-14,4",32,63505,7,1,744,2,1,4,13,0,0,0,1.000000,0.000000,0.000000,0.000000,0.000000,0.000000,0.000000,0.988636,0.011364,0.000000,0.000000,0.000000,0.000000,0.000000,27495,180,265,85
"-14,5",30,63509,7,1,743,2,1,5,15,0,0,0,1.000000,0.000000,0.000000,0.000000,0.000000,0.000000,0.000000,0.992188,0.007812,0.000000,0.000000,0.000000,0.000000,0.000000,27495,180,258,78
"-14,6",25,63512,7,1,746,2,1,4,10,0,0,0,1.000000,0.000000,0.000000,0.000000,0.000000,0.000000,0.000000,0.995833,0.004167,0.000000,0.000000,0.000000,0.000000,0.000000,27495,180,241,61
"-14,7",23,63515,7,1,744,1,1,4,9,0,0,0,1.000000,0.000000,0.000000,0.000000,0.000000,0.000000,0.000000,0.991379,0.008621,0.000000,0.000000,0.000000,0.000000,0.000000,27495,180,234,54
"-14,8",27,63519,7,1,744,2,1,5,7,0,0,0,1.000000,0.000000,0.000000,0.000000,0.000000,0.000000,0.000000,0.995868,0.004132,0.000000,0.000000,0.000000,0.000000,0.000000,27495,180,247,67
"-14,9",28,63523,7,1,745,2,1,5,9,0,0,0,1.000000,0.000000,0.000000,0.000000,0.000000,0.000000,0.000000,0.996000,0.004000,0.000000,0.000000,0.000000,0.000000,0.000000,27495,180,253,73
"-14,10",29,63526,7,1,741,2,1,6,9,0,0,0,1.000000,0.000000,0.000000,0.000000,0.000000,0.000000,0.000000,1.000000,0.000000,0.000000,0.000000,0.000000,0.000000,0.000000,27495,180,255,75
"-14,11",30,63530,7,1,743,2,1,8,30,0,0,0,1.000000,0.000000,0.000000,0.000000,0.000000,0.000000,0.000000,0.996063,0.003937,0.000000,0.000000,0.000000,0.000000,0.000000,27495,180,260,80
"-14,12",31,63533,7,1,745,2,1,6,18,0,0,0,1.000000,0.000000,0.000000,0.000000,0.000000,0.000000,0.000000,0.988593,0.011407,0.000000,0.000000,0.000000,0.000000,0.000000,27561,181,265,84
"-14,13",32,63521,6,1,742,2,1,5,45,0,0,0,1.000000,0.000000,0.000000,0.000000,0.000000,0.000000,0.000000,0.996154,0.003846,0.000000,0.000000,0.000000,0.000000,0.000000,27495,180,266,86
"-14,17",0,63521,0,0,631,4,99999,99999,99999,99999,99999,99999,0.000000,0.000000,0.000000,0.000000,0.000000,0.000000,0.000000,0.000000,0.000000,0.000000,0.000000,0.000000,0.000000,0.000000,0,0,0,0
"-14,18",0,63521,0,0,633,4,99999,99999,99999,99999,99999,99999,0.000000,0.000000,0.000000,0.000000,0.000000,0.000000,0.000000,0.000000,0.000000,0.000000,0.000000,0.000000,0.000000,0.000000,0,0,0,0
"-14,19",0,63521,0,0,630,4,99999,99999,99999,99999,99999,99999,0.000000,0.000000,0.000000,0.000000,0.000000,0.000000,0.000000,0.000000,0.000000,0.000000,0.000000,0.000000,0.000000,0.000000,0,0,0,0
"-14,20",0,63521,0,0,632,4,99999,99999,99999,99999,99999,99999,0.000000,0.000000,0.000000,0.000000,0.000000,0.000000,0.000000,0.000000,0.000000,0.000000,0.000000,0.000000,0.000000,0.000000,0,0,0,0
"-14,21",0,63521,0,0,632,4,99999,99999,99999,99999,99999,99999,0.000000,0.000000,0.000000,0.000000,0.000000,0.000000,0.000000,0.000000,0.000000,0.000000,0.000000,0.000000,0.000000,0.000000,0,0,0,0
"-14,22",0,63521,0,0,632,4,99999,99999,99999,99999,99999,99999,0.000000,0.000000,0.000000,0.000000,0.000000,0.000000,0.000000,0.000000,0.000000,0.000000,0.000000,0.000000,0.000000,0.000000,0,0,0,0
"-14,23",0,63521,0,0,632,4,99999,99999,99999,99999,99999,99999,0.000000,0.000000,0.000000,0.000000,0.000000,0.000000,0.000000,0.000000,0.000000,0.000000,0.000000,0.000000,0.000000,0.000000,0,0,0,0
"-14,24",0,63521,0,0,632,4,99999,99999,99999,99999,99999,99999,0.000000,0.000000,0.000000,0.000000,0.000000,0.000000,0.000000,0.000000,0.000000,0.000000,0.000000,0.000000,0.000000,0.000000,0,0,0,0
"-14,25",0,63521,0,0,630,4,99999,99999,99999,99999,99999,99999,0.000000,0.000000,0.000000,0.000000,0.000000,0.000000,0.000000,0.000000,0.000000,0.000000,0.000000,0.000000,0.000000,0.000000,0,0,0,0
"-14,26",0,63521,0,0,634,4,99999,99999,99999,99999,99999,99999,0.000000,0.000000,0.000000,0.000000,0.000000,0.000000,0.000000,0.000000,0.000000,0.000000,0.000000,0.000000,0.000000,0.000000,0,0,0,0
"-13,-26",0,63521,0,0,629,4,99999,99999,99999,99999,99999,99999,0.000000,0.000000,0.000000,0.000000,0.000000,0.000000,0.000000,0.000000,0.000000,0.000000,0.000000,0.000000,0.000000,0.000000,0,0,0,0
"-13,-25",0,63521,0,0,634,4,99999,99999,99999,99999,99999,99999,0.000000,0.000000,0.000000,0.000000,0.000000,0.000000,0.000000,0.000000,0.000000,0.000000,0.000000,0.000000,0.000000,0.000000,0,0,0,0
"-13,-24",0,63521,0,0,633,4,99999,99999,99999,99999,99999,99999,0.000000,0.000000,0.000000,0.000000,0.000000,0.000000,0.000000,0.000000,0.000000,0.000000,0.000000,0.000000,0.000000,0.000000,0,0,0,0
"-13,-23",0,63521,0,0,631,4,99999,99999,99999,99999,99999,99999,0.000000,0.000000,0.000000,0.000000,0.000000,0.000000,0.000000,0.000000,0.000000,0.000000,0.000000,0.000000,0.000000,0.000000,0,0,0,0
"-13,-22",0,63521,0,0,636,4,99999,99999,99999,99999,99999,99999,0.000000,0.000000,0.000000,0.000000,0.000000,0.000000,0.000000,0.000000,0.000000,0.000000,0.000000,0.000000,0.000000,0.000000,0,0,0,0
"-13,-21",0,63521,0,0,630,4,99999,99999,99999,99999,99999,99999,0.000000,0.000000,0.000000,0.000000,0.000000,0.000000,0.000000,0.000000,0.000000,0.000000,0.000000,0.000000,0.000000,0.000000,0,0,0,0
"-13,-20",0,63521,0,0,633,4,99999,99999,99999,99999,99999,99999,0.000000,0.000000,0.000000,0.000000,0.000000,0.000000,0.000000,0.000000,0.000000,0.000000,0.000000,0.000000,0.000000,0.000000,0,0,0,0
"-13,-19",0,63521,0,0,636,4,99999,99999,99999,99999,99999,99999,0.000000,0.000000,0.000000,0.000000,0.000000,0.000000,0.000000,0.000000,0.000000,0.000000,0.000000,0.000000,0.000000,0.000000,0,0,0,0
"-13,-18",0,63521,0,0,631,4,99999,99999,99999,99999,99999,99999,0.000000,0.000000,0.000000,0.000000,0.000000,0.000000,0.000000,0.000000,0.000000,0.000000,0.000000,0.000000,0.000000,0.000000,0,0,0,0
"-13,-17",0,63521,0,0,633,4,99999,99999,99999,99999,99999,99999,0.000000,0.000000,0.000000,0.000000,0.000000,0.000000,0.000000,0.000000,0.000000,0.000000,0.000000,0.000000,0.000000,0.000000,0,0,0,0
"-13,-16",0,63521,0,0,631,4,99999,99999,99999,99999,99999,99999,0.000000,0.000000,0.000000,0.000000,0.000000,0.000000,0.000000,0.000000,0.000000,0.000000,0.000000,0.000000,0.000000,0.000000,0,0,0,0
"-13,-15",27,63495,5,1,741,2,1,4,10,0,0,0,1.000000,0.000000,0.000000,0.000000,0.000000,0.000000,0.000000,1.000000,0.000000,0.000000,0.000000,0.000000,0.000000,0.000000,27495,180,247,67
"-13,-14",30,63483,6,1,746,2,1,5,25,0,0,0,1.000000,0.000000,0.000000,0.000000,0.000000,0.000000,0.000000,0.992188,0.007812,0.000000,0.000000,0.000000,0.000000,0.000000,27495,180,259,79
"-13,-13",28,63471,6,1,745,2,1,5,8,0,0,0,1.000000,0.000000,0.000000,0.000000,0.000000,0.000000,0.000000,1.000000,0.000000,0.000000,0.000000,0.000000,0.000000,0.000000,27495,180,252,72
"-13,-12",25,63474,7,1,741,2,1,4,7,0,0,0,1.000000,0.000000,0.000000,0.000000,0.000000,0.000000,0.000000,0.991736,0.008264,0.000000,0.000000,0.000000,0.000000,0.000000,27495,180,243,63
"-13,-11",27,63478,7,1,744,2,1,5,8,0,0,0,1.000000,0.000000,0.000000,0.000000,0.000000,0.000000,0.000000,0.991935,0.008065,0.000000,0.000000,0.000000,0.000000,0.000000,27495,180,248,68
"-13,-10",27,63481,7,1,745,2,1,5,7,0,0,0,1.000000,0.000000,0.000000,0.000000,0.000000,0.000000,0.000000,0.991803,0.008197,0.000000,0.000000,0.000000,0.000000,0.000000,27495,180,247,67
"-13,-9",29,63485,7,1,745,2,1,4,8,0,0,0,1.000000,0.000000,0.000000,0.000000,0.000000,0.000000,0.000000,1.000000,0.000000,0.000000,0.000000,0.000000,0.000000,0.000000,27495,180,255,75
"-13,-8",33,63488,7,1,743,2,1,6,30,0,0,0,1.000000,0.000000,0.000000,0.000000,0.000000,0.000000,0.000000,0.992620,0.007380,0.000000,0.000000,0.000000,0.000000,0.000000,27495,180,272,92
"-13,-7",34,63492,7,1,743,2,1,5,16,0,0,1,1.000000,0.000000,0.000000,0.000000,0.000000,0.000000,0.000000,0.981884,0.018116,0.000000,0.000000,0.000000,0.000000,0.000000,27561,181,278,97
"-13,-6",30,63496,7,1,747,2,1,5,9,0,0,0,1.000000,0.000000,0.000000,0.000000,0.000000,0.000000,0.000000,0.988189,0.011811,0.000000,0.000000,0.000000,0.000000,0.000000,27495,180,260,80
"-13,-5",32,63499,7,1,740,2,1,5,7,0,0,0,1.000000,0.000000,0.000000,0.000000,0.000000,0.000000,0.000000,0.996183,0.003817,0.000000,0.000000,0.000000,0.000000,0.000000,27495,180,266,86
"-13,-4",29,63503,7,1,744,2,1,5,17,0,0,0,1.000000,0.000000,0.000000,0.000000,0.000000,0.000000,0.000000,0.996047,0.003953,0.000000,0.000000,0.000000,0.000000,0.000000,27495,180,255,75
"-13,-3",30,63506,7,1,744,2,1,5,35,0,0,0,1.000000,0.000000,0.000000,0.000000,0.000000,0.000000,0.000000,1.000000,0.000000,0.000000,0.000000,0.000000,0.000000,0.000000,27495,180,260,80
"-13,-2",27,63509,7,1,743,2,1,4,7,0,0,0,1.000000,0.000000,0.000000,0.000000,0.000000,0.000000,0.000000,1.000000,0.000000,0.000000,0.000000,0.000000,0.000000,0.000000,27495,180,249,69
"-13,-1",31,63513,7,1,745,2,1,6,9,0,0,0,1.000000,0.000000,0.000000,0.000000,0.000000,0.000000,0.000000,0.996169,0.003831,0.000000,0.000000,0.000000,0.000000,0.000000,27495,180,263,83
"-13,0",24,63516,7,1,742,2,1,4,10,0,0,0,1.000000,0.000000,0.000000,0.000000,0.000000,0.000000,0.000000,1.000000,0.000000,0.000000,0.000000,0.000000,0.000000,0.000000,27495,180,240,60
"-13,1",26,63519,7,1,743,2,1,5,21,0,0,0,1.000000,0.000000,0.000000,0.000000,0.000000,0.000000,0.000000,1.000000,0.000000,0.000000,0.000000,0.000000,0.000000,0.000000,27495,180,245,65
"-13,2",24,63523,7,1,742,2,1,6,15,0,0,0,1.000000,0.000000,0.000000,0.000000,0.000000,0.000000,0.000000,0.991561,0.008439,0.000000,0.000000,0.000000,0.000000,0.000000,27495,180,240,60
"-13,3",32,63526,7,1,743,2,1,7,27,0,0,0,1.000000,0.000000,0.000000,0.000000,0.000000,0.000000,0.000000,0.988636,0.011364,0.000000,0.000000,0.000000,0.000000,0.000000,27495,180,265,85
"-13,4",27,63529,7,1,744,2,1,5,12,0,0,0,1.000000,0.000000,0.000000,0.000000,0.000000,0.000000,0.000000,0.995885,0.004115,0.000000,0.000000,0.000000,0.000000,0.000000,27495,180,247,67
"-13,5",32,63533,7,1,741,2,1,6,12,0,0,0,1.000000,0.000000,0.000000,0.000000,0.000000,0.000000,0.000000,0.988550,0.011450,0.000000,0.000000,0.000000,0.000000,0.000000,27495,180,266,86
"-13,6",31,63536,7,1,740,2,1,5,10,0,0,0,1.000000,0.000000,0.000000,0.000000,0.000000,0.000000,0.000000,0.992218,0.007782,0.000000,0.000000,0.000000,0.000000,0.000000,27495,180,261,81
"-13,7",28,63539,7,1,742,2,1,5,39,0,0,0,1.000000,0.000000,0.000000,0.000000,0.000000,0.000000,0.000000,1.000000,0.000000,0.000000,0.000000,0.000000,0.000000,0.000000,27495,180,251,71
"-13,8",28,63543,7,1,741,2,1,4,11,0,0,0,1.000000,0.000000,0.000000,0.000000,0.000000,0.000000,0.000000,1.000000,0.000000,0.000000,0.000000,0.000000,0.000000,0.000000,27495,180,251,71
"-13,9",31,63546,7,1,744,2,1,6,12,0,0,0,1.000000,0.000000,0.000000,0.000000,0.000000,0.000000,0.000000,0.992308,0.007692,0.000000,0.000000,0.000000,0.000000,0.000000,27495,180,261,81
"-13,10",26,63549,7,1,743,2,1,4,9,0,0,0,1.000000,0.000000,0.000000,0.000000,0.000000,0.000000,0.000000,1.000000,0.000000,0.000000,0.000000,0.000000,0.000000,0.000000,27561,181,247,66
"-13,11",28,63552,7,1,744,2,1,5,9,0,0,0,1.000000,0.000000,0.000000,0.000000,0.000000,0.000000,0.000000,0.992032,0.007968,0.000000,0.000000,0.000000,0.000000,0.000000,27495,180,253,73
"-13,12",29,63556,7,1,742,2,1,5,11,0,0,0,1.000000,0.000000,0.000000,0.000000,0.000000,0.000000,0.000000,0.992188,0.007812,0.000000,0.000000,0.000000,0.000000,0.000000,27495,180,256,76
"-13,13",32,63544,6,1,743,2,1,8,15,0,0,0,1.000000,0.000000,0.000000,0.000000,0.000000,0.000000,0.000000,0.992453,0.007547,0.000000,0.000000,0.000000,0.000000,0.000000,27495,180,265,85
"-13,14",25,63533,6,1,744,2,1,5,9,0,0,0,1.000000,0.000000,0.000000,0.000000,0.000000,0.000000,0.000000,1.000000,0.000000,0.000000,0.000000,0.000000,0.000000,0.000000,27495,180,242,62
"-13,15",29,63508,5,1,741,2,1,7,24,0,0,0,1.000000,0.000000,0.000000,0.000000,0.000000,0.000000,0.000000,0.992000,0.008000,0.000000,0.000000,0.000000,0.000000,0.000000,27495,180,255,75
"-13,16",0,63508,0,0,633,4,99999,99999,99999,99999,99999,99999,0.000000,0.000000,0.000000,0.000000,0.000000,0.000000,0.000000,0.000000,0.000000,0.000000,0.000000,0.000000,0.000000,0.000000,0,0,0,0
"-13,17",0,63508,0,0,635,4,99999,99999,99999,99999,99999,99999,0.000000,0.000000,0.000000,0.000000,0.000000,0.000000,0.000000,0.000000,0.000000,0.000000,0.000000,0.000000,0.000000,0.000000,0,0,0,0
"-13,18",0,63508,0,0,633,4,99999,99999,99999,99999,99999,99999,0.000000,0.000000,0.000000,0.000000,0.000000,0.000000,0.000000,0.000000,0.000000,0.000000,0.000000,0.000000,0.000000,0.000000,0,0,0,0
"-13,19",0,63508,0,0,632,4,99999,99999,99999,99999,99999,99999,0.000000,0.000000,0.000000,0.000000,0.000000,0.000000,0.000000,0.000000,0.000000,0.000000,0.000000,0.000000,0.000000,0.000000,0,0,0,0
"-13,20",0,63508,0,0,630,4,99999,99999,99999,99999,99999,99999,0.000000,0.000000,0.000000,0.000000,0.000000,0.000000,0.000000,0.000000,0.000000,0.000000,0.000000,0.000000,0.000000,0.000000,0,0,0,0
"-13,21",0,63508,0,0,634,4,99999,99999,99999,99999,99999,99999,0.000000,0.000000,0.000000,0.000000,0.000000,0.000000,0.000000,0.000000,0.000000,0.000000,0.000000,0.000000,0.000000,0.000000,0,0,0,0
"-13,22",0,63508,0,0,633,4,99999,99999,99999,99999,99999,99999,0.000000,0.000000,0.000000,0.000000,0.000000,0.000000,0.000000,0.000000,0.000000,0.000000,0.000000,0.000000,0.000000,0.000000,0,0,0,0
"-13,23",0,63508,0,0,629,4,99999,99999,99999,99999,99999,99999,0.000000,0.000000,0.000000,0.000000,0.000000,0.000000,0.000000,0.000000,0.000000,0.000000,0.000000,0.000000,0.000000,0.000000,0,0,0,0
"-13,24",0,63508,0,0,635,4,99999,99999,99999,99999,99999,99999,0.000000,0.000000,0.000000,0.000000,0.000000,0.000000,0.000000,0.000000,0.000000,0.000000,0.000000,0.000000,0.000000,0.000000,0,0,0,0
"-13,25",0,63508,0,0,632,4,99999,99999,99999,99999,99999,99999,0.000000,0.000000,0.000000,0.000000,0.000000,0.000000,0.000000,0.000000,0.000000,0.000000,0.000000,0.000000,0.000000,0.000000,0,0,0,0
"-13,26",0,63508,0,0,634,4,99999,99999,99999,99999,99999,99999,0.000000,0.000000,0.000000,0.000000,0.000000,0.000000,0.000000,0.000000,0.000000,0.000000,0.000000,0.000000,0.000000,0.000000,0,0,0,0
"-12,-26",0,63508,0,0,640,4,99999,99999,99999,99999,99999,99999,0.000000,0.000000,0.000000,0.000000,0.000000,0.000000,0.000000,0.000000,0.000000,0.000000,0.000000,0.000000,0.000000,0.000000,0,0,0,0
"-12,-25",0,63508,0,0,632,4,99999,99999,99999,99999,99999,99999,0.000000,0.000000,0.000000,0.000000,0.000000,0.000000,0.000000,0.000000,0.000000,0.000000,0.000000,0.000000,0.000000,0.000000,0,0,0,0
"-12,-24",0,63508,0,0,628,4,99999,99999,99999,99999,99999,99999,0.000000,0.000000,0.000000,0.000000,0.000000,0.000000,0.000000,0.000000,0.000000,0.000000,0.000000,0.000000,0.000000,0.000000,0,0,0,0
"-12,-23",0,63508,0,0,633,4,99999,99999,99999,99999,99999,99999,0.000000,0.000000,0.000000,0.000000,0.000000,0.000000,0.000000,0.000000,0.000000,0.000000,0.000000,0.000000,0.000000,0.000000,0,0,0,0
"-12,-22",0,63508,0,0,631,4,99999,99999,99999,99999,99999,99999,0.000000,0.000000,0.000000,0.000000,0.000000,0.000000,0.000000,0.000000,0.000000,0.000000,0.000000,0.000000,0.000000,0.000000,0,0,0,0
"-12,-21",0,63508,0,0,631,4,99999,99999,99999,99999,99999,99999,0.000000,0.000000,0.000000,0.000000,0.000000,0.000000,0.000000,0.000000,0.000000,0.000000,0.000000,0.000000,0.000000,0.000000,0,0,0,0
"-12,-20",0,63508,0,0,634,4,99999,99999,99999,99999,99999,99999,0.000000,0.000000,0.000000,0.000000,0.000000,0.000000,0.000000,0.000000,0.000000,0.000000,0.000000,0.000000,0.000000,0.000000,0,0,0,0
"-12,-19",0,63508,0,0,634,4,99999,99999,99999,99999,99999,99999,0.000000,0.000000,0.000000,0.000000,0.000000,0.000000,0.000000,0.000000,0.000000,0.000000,0.000000,0.000000,0.000000,0.000000,0,0,0,0
"-12,-18",0,63508,0,0,633,4,99999,99999,99999,99999,99999,99999,0.000000,0.000000,0.000000,0.000000,0.000000,0.000000,0.000000,0.000000,0.000000,0.000000,0.000000,0.000000,0.000000,0.000000,0,0,0,0
"-12,-17",0,63508,0,0,634,4,99999,99999,99999,99999,99999,99999,0.000000,0.000000,0.000000,0.000000,0.000000,0.000000,0.000000,0.000000,0.000000,0.000000,0.000000,0.000000,0.000000,0.000000,0,0,0,0
"-12,-16",0,63508,0,0,633,4,99999,99999,99999,99999,99999,99999,0.000000,0.000000,0.000000,0.000000,0.000000,0.000000,0.000000,0.000000,0.000000,0.000000,0.000000,0.000000,0.000000,0.000000,0,0,0,0
"-12,-15",29,63483,5,1,744,2,1,6,11,0,0,0,1.000000,0.000000,0.000000,0.000000,0.000000,0.000000,0.000000,0.996032,0.003968,0.000000,0.000000,0.000000,0.000000,0.000000,27495,180,254,74
"-12,-14",27,63458,5,1,744,2,1,5,8,0,0,0,1.000000,0.000000,0.000000,0.000000,0.000000,0.000000,0.000000,0.995951,0.004049,0.000000,0.000000,0.000000,0.000000,0.000000,27495,180,247,67
"-12,-13",24,63448,6,1,742,2,1,4,10,0,0,0,1.000000,0.000000,0.000000,0.000000,0.000000,0.000000,0.000000,0.995816,0.004184,0.000000,0.000000,0.000000,0.000000,0.000000,27495,180,240,60
"-12,-12",30,63437,6,1,742,2,1,7,27,0,0,0,1.000000,0.000000,0.000000,0.000000,0.000000,0.000000,0.000000,0.996109,0.003891,0.000000,0.000000,0.000000,0.000000,0.000000,27495,180,259,79
"-12,-11",26,63441,7,1,745,2,1,4,8,0,0,0,1.000000,0.000000,0.000000,0.000000,0.000000,0.000000,0.000000,1.000000,0.000000,0.000000,0.000000,0.000000,0.000000,0.000000,27495,180,245,65
"-12,-10",31,63444,7,1,746,2,1,5,8,0,0,1,1.000000,0.000000,0.000000,0.000000,0.000000,0.000000,0.000000,0.980843,0.019157,0.000000,0.000000,0.000000,0.000000,0.000000,27495,180,264,84
"-12,-9",30,63448,7,1,742,2,1,6,10,0,0,0,1.000000,0.000000,0.000000,0.000000,0.000000,0.000000,0.000000,0.992126,0.007874,0.000000,0.000000,0.000000,0.000000,0.000000,27495,180,258,78
"-12,-8",29,63451,7,1,745,2,1,5,17,0,0,0,1.000000,0.000000,0.000000,0.000000,0.000000,0.000000,0.000000,0.996063,0.003937,0.000000,0.000000,0.000000,0.000000,0.000000,27495,180,255,75
"-12,-7",34,63455,7,1,743,2,1,5,9,0,0,0,1.000000,0.000000,0.000000,0.000000,0.000000,0.000000,0.000000,0.989130,0.010870,0.000000,0.000000,0.000000,0.000000,0.000000,27561,181,276,95
"-12,-6",30,63458,7,1,742,2,1,4,12,0,0,0,1.000000,0.000000,0.000000,0.000000,0.000000,0.000000,0.000000,0.996124,0.003876,0.000000,0.000000,0.000000,0.000000,0.000000,27495,180,259,79
"-12,-5",31,63461,7,1,743,2,1,7,51,0,0,0,1.000000,0.000000,0.000000,0.000000,0.000000,0.000000,0.000000,1.000000,0.000000,0.000000,0.000000,0.000000,0.000000,0.000000,27495,180,262,82
"-12,-4",24,63465,7,1,745,2,1,5,13,0,0,0,1.000000,0.000000,0.000000,0.000000,0.000000,0.000000,0.000000,0.995726,0.004274,0.000000,0.000000,0.000000,0.000000,0.000000,27495,180,239,59
"-12,-3",28,63468,7,1,740,2,1,5,11,0,0,0,1.000000,0.000000,0.000000,0.000000,0.000000,0.000000,0.000000,1.000000,0.000000,0.000000,0.000000,0.000000,0.000000,0.000000,27495,180,251,71
"-12,-2",28,63471,7,1,740,2,1,5,14,0,0,0,1.000000,0.000000,0.000000,0.000000,0.000000,0.000000,0.000000,1.000000,0.000000,0.000000,0.000000,0.000000,0.000000,0.000000,27495,180,252,72
"-12,-1",27,63474,7,1,743,2,1,4,7,0,0,0,1.000000,0.000000,0.000000,0.000000,0.000000,0.000000,0.000000,0.995951,0.004049,0.000000,0.000000,0.000000,0.000000,0.000000,27495,180,249,69
"-12,0",29,63477,7,1,745,2,1,5,24,0,0,0,1.000000,0.000000,0.000000,0.000000,0.000000,0.000000,0.000000,1.000000,0.000000,0.000000,0.000000,0.000000,0.000000,0.000000,27495,180,257,77
"-12,1",31,63481,7,1,746,2,1,4,9,0,0,0,1.000000,0.000000,0.000000,0.000000,0.000000,0.000000,0.000000,0.996109,0.003891,0.000000,0.000000,0.000000,0.000000,0.000000,27495,180,261,81
"-12,2",33,63484,7,1,744,2,1,7,13,0,0,0,1.000000,0.000000,0.000000,0.000000,0.000000,0.000000,0.000000,0.992509,0.007491,0.000000,0.000000,0.000000,0.000000,0.000000,27495,180,270,90
"-12,3",30,63487,7,1,743,2,1,5,18,0,0,0,1.000000,0.000000,0.000000,0.000000,0.000000,0.000000,0.000000,1.000000,0.000000,0.000000,0.000000,0.000000,0.000000,0.000000,27495,180,258,78
"-12,4",30,63490,7,1,740,2,1,5,16,0,0,0,1.000000,0.000000,0.000000,0.000000,0.000000,0.000000,0.000000,0.996063,0.003937,0.000000,0.000000,0.000000,0.000000,0.000000,27495,180,259,79
"-12,5",34,63494,7,1,744,2,1,7,11,0,0,0,1.000000,0.000000,0.000000,0.000000,0.000000,0.000000,0.000000,0.996296,0.003704,0.000000,0.000000,0.000000,0.000000,0.000000,27495,180,273,93
"-12,6",29,63497,7,1,742,2,1,4,8,0,0,0,1.000000,0.000000,0.000000,0.000000,0.000000,0.000000,0.000000,1.000000,0.000000,0.000000,0.000000,0.000000,0.000000,0.000000,27495,180,257,77
"-12,7",27,63500,7,1,741,2,1,6,12,0,0,0,1.000000,0.000000,0.000000,0.000000,0.000000,0.000000,0.000000,1.000000,0.000000,0.000000,0.000000,0.000000,0.000000,0.000000,27495,180,247,67
"-12,8",31,63503,7,1,744,2,1,7,25,0,0,0,1.000000,0.000000,0.000000,0.000000,0.000000,0.000000,0.000000,0.992278,0.007722,0.000000,0.000000,0.000000,0.000000,0.000000,27495,180,261,81
"-12,9",25,63506,7,1,742,2,1,4,9,0,0,0,1.000000,0.000000,0.000000,0.000000,0.000000,0.000000,0.000000,1.000000,0.000000,0.000000,0.000000,0.000000,0.000000,0.000000,27495,180,242,62
"-12,10",30,63510,7,1,743,2,1,6,16,0,0,0,1.000000,0.000000,0.000000,0.000000,0.000000,0.000000,0.000000,0.996139,0.003861,0.000000,0.000000,0.000000,0.000000,0.000000,27561,181,259,78
"-12,11",30,63513,7,1,744,2,1,5,9,0,0,0,1.000000,0.000000,0.000000,0.000000,0.000000,0.000000,0.000000,0.996124,0.003876,0.000000,0.000000,0.000000,0.000000,0.000000,27495,180,259,79
"-12,12",26,63503,6,1,744,2,1,5,10,0,0,0,1.000000,0.000000,0.000000,0.000000,0.000000,0.000000,0.000000,0.995885,0.004115,0.000000,0.000000,0.000000,0.000000,0.000000,27495,180,246,66
"-12,13",30,63492,6,1,743,2,1,5,9,0,0,0,1.000000,0.000000,0.000000,0.000000,0.000000,0.000000,0.000000,0.992188,0.007812,0.000000,0.000000,0.000000,0.000000,0.000000,27495,180,259,79
"-12,14",29,63468,5,1,745,2,1,5,9,0,0,0,1.000000,0.000000,0.000000,0.000000,0.000000,0.000000,0.000000,0.988095,0.011905,0.000000,0.000000,0.000000,0.000000,0.000000,27495,180,255,75
"-12,15",29,63444,5,1,742,2,1,5,10,0,0,0,1.000000,0.000000,0.000000,0.000000,0.000000,0.000000,0.000000,1.000000,0.000000,0.000000,0.000000,0.000000,0.000000,0.000000,27495,180,257,77
"-12,16",0,63444,0,0,634,4,99999,99999,99999,99999,99999,99999,0.000000,0.000000,0.000000,0.000000,0.000000,0.000000,0.000000,0.000000,0.000000,0.000000,0.000000,0.000000,0.000000,0.000000,0,0,0,0
"-12,17",0,63444,0,0,637,4,99999,99999,99999,99999,99999,99999,0.000000,0.000000,0.000000,0.000000,0.000000,0.000000,0.000000,0.000000,0.000000,0.000000,0.000000,0.000000,0.000000,0.000000,0,0,0,0
"-12,18",0,63444,0,0,629,4,99999,99999,99999,99999,99999,99999,0.000000,0.000000,0.000000,0.000000,0.000000,0.000000,0.000000,0.000000,0.000000,0.000000,0.000000,0.000000,0.000000,0.000000,0,0,0,0
"-12,19",0,63444,0,0,632,4,99999,99999,99999,99999,99999,99999,0.000000,0.000000,0.000000,0.000000,0.000000,0.000000,0.000000,0.000000,0.000000,0.000000,0.000000,0.000000,0.000000,0.000000,0,0,0,0
"-12,20",0,63444,0,0,637,4,99999,99999,99999,99999,99999,99999,0.000000,0.000000,0.000000,0.000000,0.000000,0.000000,0.000000,0.000000,0.000000,0.000000,0.000000,0.000000,0.000000,0.000000,0,0,0,0
"-12,21",0,63444,0,0,631,4,99999,99999,99999,99999,99999,99999,0.000000,0.000000,0.000000,0.000000,0.000000,0.000000,0.000000,0.000000,0.000000,0.000000,0.000000,0.000000,0.000000,0.000000,0,0,0,0
"-12,22",0,63444,0,0,634,4,99999,99999,99999,99999,99999,99999,0.000000,0.000000,0.000000,0.000000,0.000000,0.000000,0.000000,0.000000,0.000000,0.000000,0.000000,0.000000,0.000000,0.000000,0,0,0,0
"-12,23",0,63444,0,0,634,4,99999,99999,99999,99999,99999,99999,0.000000,0.000000,0.000000,0.000000,0.000000,0.000000,0.000000,0.000000,0.000000,0.000000,0.000000,0.000000,0.000000,0.000000,0,0,0,0
"-12,24",0,63444,0,0,628,4,99999,99999,99999,99999,99999,99999,0.000000,0.000000,0.000000,0.000000,0.000000,0.000000,0.000000,0.000000,0.000000,0.000000,0.000000,0.000000,0.000000,0.000000,0,0,0,0
"-12,25",0,63444,0,0,632,4,99999,99999,99999,99999,99999,99999,0.000000,0.000000,0.000000,0.000000,0.000000,0.000000,0.000000,0.000000,0.000000,0.000000,0.000000,0.000000,0.000000,0.000000,0,0,0,0
"-12,26",0,63444,0,0,631,4,99999,99999,99999,99999,99999,99999,0.000000,0.000000,0.000000,0.000000,0.000000,0.000000,0.000000,0.000000,0.000000,0.000000,0.000000,0.000000,0.000000,0.000000,0,0,0,0
"-11,-26",0,63444,0,0,633,4,99999,99999,99999,99999,99999,99999,0.000000,0.000000,0.000000,0.000000,0.000000,0.000000,0.000000,0.000000,0.000000,0.000000,0.000000,0.000000,0.000000,0.000000,0,0,0,0
"-11,-25",0,63444,0,0,632,4,99999,99999,99999,99999,99999,99999,0.000000,0.000000,0.000000,0.000000,0.000000,0.000000,0.000000,0.000000,0.000000,0.000000,0.000000,0.000000,0.000000,0.000000,0,0,0,0
"-11,-24",0,63444,0,0,632,4,99999,99999,99999,99999,99999,99999,0.000000,0.000000,0.000000,0.000000,0.000000,0.000000,0.000000,0.000000,0.000000,0.000000,0.000000,0.000000,0.000000,0.000000,0,0,0,0
"-11,-23",0,63444,0,0,633,4,99999,99999,99999,99999,99999,99999,0.000000,0.000000,0.000000,0.000000,0.000000,0.000000,0.000000,0.000000,0.000000,0.000000,0.000000,0.000000,0.000000,0.000000,0,0,0,0
"-11,-22",0,63444,0,0,631,4,99999,99999,99999,99999,99999,99999,0.000000,0.000000,0.000000,0.000000,0.000000,0.000000,0.000000,0.000000,0.000000,0.000000,0.000000,0.000000,0.000000,0.000000,0,0,0,0
"-11,-21",0,63444,0,0,630,4,99999,99999,99999,99999,99999,99999,0.000000,0.000000,0.000000,0.000000,0.000000,0.000000,0.000000,0.000000,0.000000,0.000000,0.000000,0.000000,0.000000,0.000000,0,0,0,0
"-11,-20",0,63444,0,0,633,4,99999,99999,99999,99999,99999,99999,0.000000,0.000000,0.000000,0.000000,0.000000,0.000000,0.000000,0.000000,0.000000,0.000000,0.000000,0.000000,0.000000,0.000000,0,0,0,0
"-11,-19",0,63444,0,0,630,4,99999,99999,99999,99999,99999,99999,0.000000,0.000000,0.000000,0.000000,0.000000,0.000000,0.000000,0.000000,0.000000,0.000000,0.000000,0.000000,0.000000,0.000000,0,0,0,0
"-11,-18",0,63444,0,0,633,4,99999,99999,99999,99999,99999,99999,0.000000,0.000000,0.000000,0.000000,0.000000,0.000000,0.000000,0.000000,0.000000,0.000000,0.000000,0.000000,0.000000,0.000000,0,0,0,0
"-11,-17",0,63444,0,0,631,4,99999,99999,99999,99999,99999,99999,0.000000,0.000000,0.000000,0.000000,0.000000,0.000000,0.000000,0.000000,0.000000,0.000000,0.000000,0.000000,0.000000,0.000000,0,0,0,0
"-11,-16",0,63444,0,0,633,4,99999,99999,99999,99999,99999,99999,0.000000,0.000000,0.000000,0.000000,0.000000,0.000000,0.000000,0.000000,0.000000,0.000000,0.000000,0.000000,0.000000,0.000000,0,0,0,0
"-11,-15",0,63444,0,0,634,4,99999,99999,99999,99999,99999,99999,0.000000,0.000000,0.000000,0.000000,0.000000,0.000000,0.000000,0.000000,0.000000,0.000000,0.000000,0.000000,0.000000,0.000000,0,0,0,0
"-11,-14",27,63422,5,1,747,2,1,5,12,0,0,0,1.000000,0.000000,0.000000,0.000000,0.000000,0.000000,0.000000,0.991803,0.008197,0.000000,0.000000,0.000000,0.000000,0.000000,27495,180,247,67
"-11,-13",29,63411,6,1,741,2,1,5,11,0,0,0,1.000000,0.000000,0.000000,0.000000,0.000000,0.000000,0.000000,0.996078,0.003922,0.000000,0.000000,0.000000,0.000000,0.000000,27495,180,256,76
"-11,-12",28,63401,6,1,740,2,1,5,12,0,0,0,1.000000,0.000000,0.000000,0.000000,0.000000,0.000000,0.000000,1.000000,0.000000,0.000000,0.000000,0.000000,0.000000,0.000000,27495,180,252,72
"-11,-11",28,63404,7,1,745,2,1,5,12,0,0,0,1.000000,0.000000,0.000000,0.000000,0.000000,0.000000,0.000000,1.000000,0.000000,0.000000,0.000000,0.000000,0.000000,0.000000,27495,180,253,73
"-11,-10",31,63408,7,1,742,2,1,5,16,0,0,0,1.000000,0.000000,0.000000,0.000000,0.000000,0.000000,0.000000,0.992366,0.007634,0.000000,0.000000,0.000000,0.000000,0.000000,27495,180,264,84
"-11,-9",26,63411,7,1,745,2,1,4,10,0,0,0,1.000000,0.000000,0.000000,0.000000,0.000000,0.000000,0.000000,1.000000,0.000000,0.000000,0.000000,0.000000,0.000000,0.000000,27495,180,246,66
"-11,-8",32,63414,7,1,743,2,1,6,13,0,0,0,1.000000,0.000000,0.000000,0.000000,0.000000,0.000000,0.000000,1.000000,0.000000,0.000000,0.000000,0.000000,0.000000,0.000000,27495,180,268,88
"-11,-7",31,63418,7,1,743,2,1,6,11,0,0,0,1.000000,0.000000,0.000000,0.000000,0.000000,0.000000,0.000000,0.992278,0.007722,0.000000,0.000000,0.000000,0.000000,0.000000,27495,180,262,82
"-11,-6",29,63421,7,1,742,2,1,6,37,0,0,0,1.000000,0.000000,0.000000,0.000000,0.000000,0.000000,0.000000,1.000000,0.000000,0.000000,0.000000,0.000000,0.000000,0.000000,27561,181,255,74
"-11,-5",28,63424,7,1,740,2,1,5,8,0,0,0,1.000000,0.000000,0.000000,0.000000,0.000000,0.000000,0.000000,0.996016,0.003984,0.000000,0.000000,0.000000,0.000000,0.000000,27495,180,253,73
"-11,-4",31,63427,7,1,743,2,1,5,12,0,0,0,1.000000,0.000000,0.000000,0.000000,0.000000,0.000000,0.000000,0.996169,0.003831,0.000000,0.000000,0.000000,0.000000,0.000000,27495,180,263,83
"-11,-3",30,63431,7,1,742,2,1,5,15,0,0,0,1.000000,0.000000,0.000000,0.000000,0.000000,0.000000,0.000000,0.996094,0.003906,0.000000,0.000000,0.000000,0.000000,0.000000,27495,180,259,79
"-11,-2",29,63434,7,1,742,2,1,6,9,0,0,0,1.000000,0.000000,0.000000,0.000000,0.000000,0.000000,0.000000,0.992095,0.007905,0.000000,0.000000,0.000000,0.000000,0.000000,27495,180,254,74
"-11,-1",31,63437,7,1,744,2,1,7,11,0,0,0,1.000000,0.000000,0.000000,0.000000,0.000000,0.000000,0.000000,0.992248,0.007752,0.000000,0.000000,0.000000,0.000000,0.000000,27495,180,262,82
"-11,0",25,63440,7,1,742,2,1,4,13,0,0,0,1.000000,0.000000,0.000000,0.000000,0.000000,0.000000,0.000000,1.000000,0.000000,0.000000,0.000000,0.000000,0.000000,0.000000,27495,180,241,61
"-11,1",31,63443,7,1,742,2,1,6,16,0,0,0,1.000000,0.000000,0.000000,0.000000,0.000000,0.000000,0.000000,0.996183,0.003817,0.000000,0.000000,0.000000,0.000000,0.000000,27495,180,262,82
"-11,2",31,63446,7,1,744,2,1,7,11,0,0,0,1.000000,0.000000,0.000000,0.000000,0.000000,0.000000,0.000000,1.000000,0.000000,0.000000,0.000000,0.000000,0.000000,0.000000,27495,180,264,84
"-11,3",29,63449,7,1,744,2,1,5,11,0,0,0,1.000000,0.000000,0.000000,0.000000,0.000000,0.000000,0.000000,0.995951,0.004049,0.000000,0.000000,0.000000,0.000000,0.000000,27495,180,254,74
"-11,4",28,63452,7,1,742,2,1,4,9,0,0,0,1.000000,0.000000,0.000000,0.000000,0.000000,0.000000,0.000000,1.000000,0.000000,0.000000,0.000000,0.000000,0.000000,0.000000,27495,180,251,71
"-11,5",26,63455,7,1,740,2,1,4,7,0,0,0,1.000000,0.000000,0.000000,0.000000,0.000000,0.000000,0.000000,0.995885,0.004115,0.000000,0.000000,0.000000,0.000000,0.000000,27495,180,244,64
"-11,6",26,63458,7,1,741,2,1,4,8,0,0,0,1.000000,0.000000,0.000000,0.000000,0.000000,0.000000,0.000000,0.995868,0.004132,0.000000,0.000000,0.000000,0.000000,0.000000,27495,180,244,64
"-11,7",30,63461,7,1,742,2,1,6,25,0,0,0,1.000000,0.000000,0.000000,0.000000,0.000000,0.000000,0.000000,1.000000,0.000000,0.000000,0.000000,0.000000,0.000000,0.000000,27495,180,259,79
"-11,8",29,63464,7,1,743,2,1,4,49,0,0,0,1.000000,0.000000,0.000000,0.000000,0.000000,0.000000,0.000000,1.000000,0.000000,0.000000,0.000000,0.000000,0.000000,0.000000,27495,180,257,77
"-11,9",32,63468,7,1,742,2,1,7,19,0,0,0,1.000000,0.000000,0.000000,0.000000,0.000000,0.000000,0.000000,1.000000,0.000000,0.000000,0.000000,0.000000,0.000000,0.000000,27495,180,265,85
"-11,10",28,63471,7,1,745,2,1,4,19,0,0,0,1.000000,0.000000,0.000000,0.000000,0.000000,0.000000,0.000000,0.996016,0.003984,0.000000,0.000000,0.000000,0.000000,0.000000,27495,180,253,73
"-11,11",29,63473,7,1,744,2,1,5,8,0,0,0,1.000000,0.000000,0.000000,0.000000,0.000000,0.000000,0.000000,0.996063,0.003937,0.000000,0.000000,0.000000,0.000000,0.000000,27561,181,255,74
"-11,12",27,63464,6,1,744,2,1,5,16,0,0,0,1.000000,0.000000,0.000000,0.000000,0.000000,0.000000,0.000000,0.995984,0.004016,0.000000,0.000000,0.000000,0.000000,0.000000,27495,180,249,69
"-11,13",30,63454,6,1,742,2,1,6,13,0,0,0,1.000000,0.000000,0.000000,0.000000,0.000000,0.000000,0.000000,0.996154,0.003846,0.000000,0.000000,0.000000,0.000000,0.000000,27495,180,260,80
"-11,14",27,63432,5,1,743,2,1,5,14,0,0,0,1.000000,0.000000,0.000000,0.000000,0.000000,0.000000,0.000000,1.000000,0.000000,0.000000,0.000000,0.000000,0.000000,0.000000,27495,180,250,70
"-11,15",0,63432,0,0,631,4,99999,99999,99999,99999,99999,99999,0.000000,0.000000,0.000000,0.000000,0.000000,0.000000,0.000000,0.000000,0.000000,0.000000,0.000000,0.000000,0.000000,0.000000,0,0,0,0
"-11,16",0,63432,0,0,634,4,99999,99999,99999,99999,99999,99999,0.000000,0.000000,0.000000,0.000000,0.000000,0.000000,0.000000,0.000000,0.000000,0.000000,0.000000,0.000000,0.000000,0.000000,0,0,0,0
"-11,17",0,63432,0,0,635,4,99999,99999,99999,99999,99999,99999,0.000000,0.000000,0.000000,0.000000,0.000000,0.000000,0.000000,0.000000,0.000000,0.000000,0.000000,0.000000,0.000000,0.000000,0,0,0,0
"-11,18",0,63432,0,0,632,4,99999,99999,99999,99999,99999,99999,0.000000,0.000000,0.000000,0.000000,0.000000,0.000000,0.000000,0.000000,0.000000,0.000000,0.000000,0.000000,0.000000,0.000000,0,0,0,0
"-11,19",0,63432,0,0,635,4,99999,99999,99999,99999,99999,99999,0.000000,0.000000,0.000000,0.000000,0.000000,0.000000,0.000000,0.000000,0.000000,0.000000,0.000000,0.000000,0.000000,0.000000,0,0,0,0
"-11,20",0,63432,0,0,630,4,99999,99999,99999,99999,99999,99999,0.000000,0.000000,0.000000,0.000000,0.000000,0.000000,0.000000,0.000000,0.000000,0.000000,0.000000,0.000000,0.000000,0.000000,0,0,0,0
"-11,21",0,63432,0,0,633,4,99999,99999,99999,99999,99999,99999,0.000000,0.000000,0.000000,0.000000,0.000000,0.000000,0.000000,0.000000,0.000000,0.000000,0.000000,0.000000,0.000000,0.000000,0,0,0,0
"-11,22",0,63432,0,0,626,4,99999,99999,99999,99999,99999,99999,0.000000,0.000000,0.000000,0.000000,0.000000,0.000000,0.000000,0.000000,0.000000,0.000000,0.000000,0.000000,0.000000,0.000000,0,0,0,0
"-11,23",0,63432,0,0,632,4,99999,99999,99999,99999,99999,99999,0.000000,0.000000,0.000000,0.000000,0.000000,0.000000,0.000000,0.000000,0.000000,0.000000,0.000000,0.000000,0.000000,0.000000,0,0,0,0
"-11,24",0,63432,0,0,635,4,99999,99999,99999,99999,99999,99999,0.000000,0.000000,0.000000,0.000000,0.000000,0.000000,0.000000,0.000000,0.000000,0.000000,0.000000,0.000000,0.000000,0.000000,0,0,0,0
"-11,25",0,63432,0,0,628,4,99999,99999,99999,99999,99999,99999,0.000000,0.000000,0.000000,0.000000,0.000000,0.000000,0.000000,0.000000,0.000000,0.000000,0.000000,0.000000,0.000000,0.000000,0,0,0,0
"-11,26",0,63432,0,0,635,4,99999,99999,99999,99999,99999,99999,0.000000,0.000000,0.000000,0.000000,0.000000,0.000000,0.000000,0.000000,0.000000,0.000000,0.000000,0.000000,0.000000,0.000000,0,0,0,0
"-10,-26",0,63432,0,0,630,4,99999,99999,99999,99999,99999,99999,0.000000,0.000000,0.000000,0.000000,0.000000,0.000000,0.000000,0.000000,0.000000,0.000000,0.000000,0.000000,0.000000,0.000000,0,0,0,0
"-10,-25",0,63432,0,0,633,4,99999,99999,99999,99999,99999,99999,0.000000,0.000000,0.000000,0.000000,0.000000,0.000000,0.000000,0.000000,0.000000,0.000000,0.000000,0.000000,0.000000,0.000000,0,0,0,0
"-10,-24",0,63432,0,0,632,4,99999,99999,99999,99999,99999,99999,0.000000,0.000000,0.000000,0.000000,0.000000,0.000000,0.000000,0.000000,0.000000,0.000000,0.000000,0.000000,0.000000,0.000000,0,0,0,0
"-10,-23",0,63432,0,0,631,4,99999,99999,99999,99999,99999,99999,0.000000,0.000000,0.000000,0.000000,0.000000,0.000000,0.000000,0.000000,0.000000,0.000000,0.000000,0.000000,0.000000,0.000000,0,0,0,0
"-10,-22",0,63432,0,0,631,4,99999,99999,99999,99999,99999,99999,0.000000,0.000000,0.000000,0.000000,0.000000,0.000000,0.000000,0.000000,0.000000,0.000000,0.000000,0.000000,0.000000,0.000000,0,0,0,0
"-10,-21",0,63432,0,0,636,4,99999,99999,99999,99999,99999,99999,0.000000,0.000000,0.000000,0.000000,0.000000,0.000000,0.000000,0.000000,0.000000,0.000000,0.000000,0.000000,0.000000,0.000000,0,0,0,0
"-10,-20",0,63432,0,0,630,4,99999,99999,99999,99999,99999,99999,0.000000,0.000000,0.000000,0.000000,0.000000,0.000000,0.000000,0.000000,0.000000,0.000000,0.000000,0.000000,0.000000,0.000000,0,0,0,0
"-10,-19",0,63432,0,0,630,4,99999,99999,99999,99999,99999,99999,0.000000,0.000000,0.000000,0.000000,0.000000,0.000000,0.000000,0.000000,0.000000,0.000000,0.000000,0.000000,0.000000,0.000000,0,0,0,0
"-10,-18",0,63432,0,0,634,4,99999,99999,99999,99999,99999,99999,0.000000,0.000000,0.000000,0.000000,0.000000,0.000000,0.000000,0.000000,0.000000,0.000000,0.000000,0.000000,0.000000,0.000000,0,0,0,0
"-10,-17",0,63432,0,0,630,4,99999,99999,99999,99999,99999,99999,0.000000,0.000000,0.000000,0.000000,0.000000,0.000000,0.000000,0.000000,0.000000,0.000000,0.000000,0.000000,0.000000,0.000000,0,0,0,0
"-10,-16",0,63432,0,0,634,4,99999,99999,99999,99999,99999,99999,0.000000,0.000000,0.000000,0.000000,0.000000,0.000000,0.000000,0.000000,0.000000,0.000000,0.000000,0.000000,0.000000,0.000000,0,0,0,0
"-10,-15",0,63432,0,0,633,4,99999,99999,99999,99999,99999,99999,0.000000,0.000000,0.000000,0.000000,0.000000,0.000000,0.000000,0.000000,0.000000,0.000000,0.000000,0.000000,0.000000,0.000000,0,0,0,0
"-10,-14",0,63432,0,0,637,4,99999,99999,99999,99999,99999,99999,0.000000,0.000000,0.000000,0.000000,0.000000,0.000000,0.000000,0.000000,0.000000,0.000000,0.000000,0.000000,0.000000,0.000000,0,0,0,0
"-10,-13",30,63410,5,1,744,2,1,5,9,0,0,0,1.000000,0.000000,0.000000,0.000000,0.000000,0.000000,0.000000,0.996063,0.003937,0.000000,0.000000,0.000000,0.000000,0.000000,27495,180,258,78
"-10,-12",34,63399,6,1,743,2,1,6,13,0,0,0,1.000000,0.000000,0.000000,0.000000,0.000000,0.000000,0.000000,0.996296,0.003704,0.000000,0.000000,0.000000,0.000000,0.000000,27495,180,273,93
"-10,-11",34,63389,6,1,745,2,1,5,15,0,0,0,1.000000,0.000000,0.000000,0.000000,0.000000,0.000000,0.000000,0.992674,0.007326,0.000000,0.000000,0.000000,0.000000,0.000000,27495,180,275,95
"-10,-10",24,63392,7,1,743,2,1,4,7,0,0,0,1.000000,0.000000,0.000000,0.000000,0.000000,0.000000,0.000000,1.000000,0.000000,0.000000,0.000000,0.000000,0.000000,0.000000,27495,180,239,59
"-10,-9",31,63395,7,1,744,2,1,5,8,0,0,0,1.000000,0.000000,0.000000,0.000000,0.000000,0.000000,0.000000,1.000000,0.000000,0.000000,0.000000,0.000000,0.000000,0.000000,27495,180,261,81
"-10,-8",25,63398,7,1,743,2,1,4,10,0,0,0,1.000000,0.000000,0.000000,0.000000,0.000000,0.000000,0.000000,0.995833,0.004167,0.000000,0.000000,0.000000,0.000000,0.000000,27495,180,242,62
"-10,-7",31,63401,7,1,743,2,1,6,14,0,0,0,1.000000,0.000000,0.000000,0.000000,0.000000,0.000000,0.000000,0.992278,0.007722,0.000000,0.000000,0.000000,0.000000,0.000000,27495,180,262,82
"-10,-6",27,63404,7,1,742,2,1,4,13,0,0,0,1.000000,0.000000,0.000000,0.000000,0.000000,0.000000,0.000000,1.000000,0.000000,0.000000,0.000000,0.000000,0.000000,0.000000,27495,180,248,68
"-10,-5",27,63407,7,1,744,2,1,5,7,0,0,0,1.000000,0.000000,0.000000,0.000000,0.000000,0.000000,0.000000,1.000000,0.000000,0.000000,0.000000,0.000000,0.000000,0.000000,27561,181,249,68
"-10,-4",29,63410,7,1,742,2,1,6,15,0,0,0,1.000000,0.000000,0.000000,0.000000,0.000000,0.000000,0.000000,0.996047,0.003953,0.000000,0.000000,0.000000,0.000000,0.000000,27495,180,255,75
"-10,-3",30,63413,7,1,744,2,1,5,8,0,0,1,1.000000,0.000000,0.000000,0.000000,0.000000,0.000000,0.000000,0.980469,0.019531,0.000000,0.000000,0.000000,0.000000,0.000000,27495,180,259,79
"-10,-2",31,63416,7,1,744,2,1,5,10,0,0,0,1.000000,0.000000,0.000000,0.000000,0.000000,0.000000,0.000000,0.992337,0.007663,0.000000,0.000000,0.000000,0.000000,0.000000,27495,180,263,83
"-10,-1",29,63419,7,1,743,2,1,4,12,0,0,0,1.000000,0.000000,0.000000,0.000000,0.000000,0.000000,0.000000,1.000000,0.000000,0.000000,0.000000,0.000000,0.000000,0.000000,27495,180,257,77
"-10,0",27,63422,7,1,742,2,1,5,13,0,0,0,1.000000,0.000000,0.000000,0.000000,0.000000,0.000000,0.000000,0.991870,0.008130,0.000000,0.000000,0.000000,0.000000,0.000000,27495,180,250,70
"-10,1",27,63425,7,1,743,2,1,5,10,0,0,0,1.000000,0.000000,0.000000,0.000000,0.000000,0.000000,0.000000,0.995968,0.004032,0.000000,0.000000,0.000000,0.000000,0.000000,27495,180,249,69
"-10,2",29,63428,7,1,743,2,1,7,14,0,0,0,1.000000,0.000000,0.000000,0.000000,0.000000,0.000000,0.000000,0.996063,0.003937,0.000000,0.000000,0.000000,0.000000,0.000000,27495,180,255,75
"-10,3",31,63431,7,1,746,2,1,6,11,0,0,0,1.000000,0.000000,0.000000,0.000000,0.000000,0.000000,0.000000,0.996139,0.003861,0.000000,0.000000,0.000000,0.000000,0.000000,27495,180,261,81
"-10,4",32,63434,7,1,744,2,1,7,13,0,0,0,1.000000,0.000000,0.000000,0.000000,0.000000,0.000000,0.000000,0.996269,0.003731,0.000000,0.000000,0.000000,0.000000,0.000000,27495,180,268,88
"-10,5",30,63437,7,1,742,2,1,5,14,0,0,0,1.000000,0.000000,0.000000,0.000000,0.000000,0.000000,0.000000,0.988281,0.011719,0.000000,0.000000,0.000000,0.000000,0.000000,27495,180,258,78
"-10,6",31,63440,7,1,744,2,1,7,20,0,0,0,0.994444,0.005556,0.000000,0.000000,0.000000,0.000000,0.000000,0.996169,0.003831,0.000000,0.000000,0.000000,0.000000,0.000000,27495,180,264,84
"-10,7",33,63443,7,1,740,2,1,8,11,0,0,0,1.000000,0.000000,0.000000,0.000000,0.000000,0.000000,0.000000,0.992593,0.007407,0.000000,0.000000,0.000000,0.000000,0.000000,27495,180,272,92
"-10,8",31,63446,7,1,742,2,1,5,12,0,0,0,1.000000,0.000000,0.000000,0.000000,0.000000,0.000000,0.000000,0.992337,0.007663,0.000000,0.000000,0.000000,0.000000,0.000000,27495,180,264,84
"-10,9",32,63449,7,1,744,2,1,6,14,0,0,0,1.000000,0.000000,0.000000,0.000000,0.000000,0.000000,0.000000,0.992453,0.007547,0.000000,0.000000,0.000000,0.000000,0.000000,27495,180,265,85
"-10,10",30,63452,7,1,742,2,1,5,9,0,0,0,1.000000,0.000000,0.000000,0.000000,0.000000,0.000000,0.000000,0.992218,0.007782,0.000000,0.000000,0.000000,0.000000,0.000000,27495,180,259,79
"-10,11",28,63443,6,1,743,2,1,6,27,0,0,0,0.994444,0.005556,0.000000,0.000000,0.000000,0.000000,0.000000,0.995984,0.004016,0.000000,0.000000,0.000000,0.000000,0.000000,27495,180,253,73
"-10,12",33,63433,6,1,744,2,1,5,20,0,0,0,1.000000,0.000000,0.000000,0.000000,0.000000,0.000000,0.000000,0.996310,0.003690,0.000000,0.000000,0.000000,0.000000,0.000000,27561,181,271,90
"-10,13",33,63411,5,1,747,2,1,6,10,0,0,0,1.000000,0.000000,0.000000,0.000000,0.000000,0.000000,0.000000,0.988764,0.011236,0.000000,0.000000,0.000000,0.000000,0.000000,27495,180,270,90
"-10,14",0,63411,0,0,632,4,99999,99999,99999,99999,99999,99999,0.000000,0.000000,0.000000,0.000000,0.000000,0.000000,0.000000,0.000000,0.000000,0.000000,0.000000,0.000000,0.000000,0.000000,0,0,0,0
"-10,15",0,63411,0,0,632,4,99999,99999,99999,99999,99999,99999,0.000000,0.000000,0.000000,0.000000,0.000000,0.000000,0.000000,0.000000,0.000000,0.000000,0.000000,0.000000,0.000000,0.000000,0,0,0,0
"-10,16",0,63411,0,0,636,4,99999,99999,99999,99999,99999,99999,0.000000,0.000000,0.000000,0.000000,0.000000,0.000000,0.000000,0.000000,0.000000,0.000000,0.000000,0.000000,0.000000,0.000000,0,0,0,0
"-10,17",0,63411,0,0,634,4,99999,99999,99999,99999,99999,99999,0.000000,0.000000,0.000000,0.000000,0.000000,0.000000,0.000000,0.000000,0.000000,0.000000,0.000000,0.000000,0.000000,0.000000,0,0,0,0
"-10,18",0,63411,0,0,629,4,99999,99999,99999,99999,99999,99999,0.000000,0.000000,0.000000,0.000000,0.000000,0.000000,0.000000,0.000000,0.000000,0.000000,0.000000,0.000000,0.000000,0.000000,0,0,0,0
"-10,19",0,63411,0,0,631,4,99999,99999,99999,99999,99999,99999,0.000000,0.000000,0.000000,0.000000,0.000000,0.000000,0.000000,0.000000,0.000000,0.000000,0.000000,0.000000,0.000000,0.000000,0,0,0,0
"-10,20",0,63411,0,0,636,4,99999,99999,99999,99999,99999,99999,0.000000,0.000000,0.000000,0.000000,0.000000,0.000000,0.000000,0.000000,0.000000,0.000000,0.000000,0.000000,0.000000,0.000000,0,0,0,0
"-10,21",0,63411,0,0,632,4,99999,99999,99999,99999,99999,99999,0.000000,0.000000,0.000000,0.000000,0.000000,0.000000,0.000000,0.000000,0.000000,0.000000,0.000000,0.000000,0.000000,0.000000,0,0,0,0
"-10,22",0,63411,0,0,635,4,99999,99999,99999,99999,99999,99999,0.000000,0.000000,0.000000,0.000000,0.000000,0.000000,0.000000,0.000000,0.000000,0.000000,0.000000,0.000000,0.000000,0.000000,0,0,0,0
"-10,23",0,63411,0,0,634,4,99999,99999,99999,99999,99999,99999,0.000000,0.000000,0.000000,0.000000,0.000000,0.000000,0.000000,0.000000,0.000000,0.000000,0.000000,0.000000,0.000000,0.000000,0,0,0,0
"-10,24",0,63411,0,0,632,4,99999,99999,99999,99999,99999,99999,0.000000,0.000000,0.000000,0.000000,0.000000,0.000000,0.000000,0.000000,0.000000,0.000000,0.000000,0.000000,0.000000,0.000000,0,0,0,0
"-10,25",0,63411,0,0,629,4,99999,99999,99999,99999,99999,99999,0.000000,0.000000,0.000000,0.000000,0.000000,0.000000,0.000000,0.000000,0.000000,0.000000,0.000000,0.000000,0.000000,0.000000,0,0,0,0
"-10,26",0,63411,0,0,631,4,99999,99999,99999,99999,99999,99999,0.000000,0.000000,0.000000,0.000000,0.000000,0.000000,0.000000,0.000000,0.000000,0.000000,0.000000,0.000000,0.000000,0.000000,0,0,0,0
"-9,-26",0,63411,0,0,632,4,99999,99999,99999,99999,99999,99999,0.000000,0.000000,0.000000,0.000000,0.000000,0.000000,0.000000,0.000000,0.000000,0.000000,0.000000,0.000000,0.000000,0.000000,0,0,0,0
"-9,-25",0,63411,0,0,628,4,99999,99999,99999,99999,99999,99999,0.000000,0.000000,0.000000,0.000000,0.000000,0.000000,0.000000,0.000000,0.000000,0.000000,0.000000,0.000000,0.000000,0.000000,0,0,0,0
"-9,-24",0,63411,0,0,634,4,99999,99999,99999,99999,99999,99999,0.000000,0.000000,0.000000,0.000000,0.000000,0.000000,0.000000,0.000000,0.000000,0.000000,0.000000,0.000000,0.000000,0.000000,0,0,0,0
"-9,-23",0,63411,0,0,631,4,99999,99999,99999,99999,99999,99999,0.000000,0.000000,0.000000,0.000000,0.000000,0.000000,0.000000,0.000000,0.000000,0.000000,0.000000,0.000000,0.000000,0.000000,0,0,0,0
"-9,-22",0,63411,0,0,633,4,99999,99999,99999,99999,99999,99999,0.000000,0.000000,0.000000,0.000000,0.000000,0.000000,0.000000,0.000000,0.000000,0.000000,0.000000,0.000000,0.000000,0.000000,0,0,0,0
"-9,-21",0,63411,0,0,629,4,99999,99999,99999,99999,99999,99999,0.000000,0.000000,0.000000,0.000000,0.000000,0.000000,0.000000,0.000000,0.000000,0.000000,0.000000,0.000000,0.000000,0.000000,0,0,0,0
"-9,-20",0,63411,0,0,639,4,99999,99999,99999,99999,99999,99999,0.000000,0.000000,0.000000,0.000000,0.000000,0.000000,0.000000,0.000000,0.000000,0.000000,0.000000,0.000000,0.000000,0.000000,0,0,0,0
"-9,-19",0,63411,0,0,634,4,99999,99999,99999,99999,99999,99999,0.000000,0.000000,0.000000,0.000000,0.000000,0.000000,0.000000,0.000000,0.000000,0.000000,0.000000,0.000000,0.000000,0.000000,0,0,0,0
"-9,-18",0,63411,0,0,631,4,99999,99999,99999,99999,99999,99999,0.000000,0.000000,0.000000,0.000000,0.000000,0.000000,0.000000,0.000000,0.000000,0.000000,0.000000,0.000000,0.000000,0.000000,0,0,0,0
"-9,-17",0,63411,0,0,632,4,99999,99999,99999,99999,99999,99999,0.000000,0.000000,0.000000,0.000000,0.000000,0.000000,0.000000,0.000000,0.000000,0.000000,0.000000,0.000000,0.000000,0.000000,0,0,0,0
"-9,-16",0,63411,0,0,632,4,99999,99999,99999,99999,99999,99999,0.000000,0.000000,0.000000,0.000000,0.000000,0.000000,0.000000,0.000000,0.000000,0.000000,0.000000,0.000000,0.000000,0.000000,0,0,0,0
"-9,-15",0,63411,0,0,634,4,99999,99999,99999,99999,99999,99999,0.000000,0.000000,0.000000,0.000000,0.000000,0.000000,0.000000,0.000000,0.000000,0.000000,0.000000,0.000000,0.000000,0.000000,0,0,0,0
"-9,-14",0,63411,0,0,634,4,99999,99999,99999,99999,99999,99999,0.000000,0.000000,0.000000,0.000000,0.000000,0.000000,0.000000,0.000000,0.000000,0.000000,0.000000,0.000000,0.000000,0.000000,0,0,0,0
"-9,-13",27,63390,5,1,741,2,1,5,8,0,0,0,1.000000,0.000000,0.000000,0.000000,0.000000,0.000000,0.000000,0.995935,0.004065,0.000000,0.000000,0.000000,0.000000,0.000000,27495,180,249,69
"-9,-12",27,63369,5,1,743,2,1,5,10,0,0,0,1.000000,0.000000,0.000000,0.000000,0.000000,0.000000,0.000000,0.995968,0.004032,0.000000,0.000000,0.000000,0.000000,0.000000,27495,180,249,69
"-9,-11",25,63361,6,1,742,2,1,4,7,0,0,0,1.000000,0.000000,0.000000,0.000000,0.000000,0.000000,0.000000,1.000000,0.000000,0.000000,0.000000,0.000000,0.000000,0.000000,27495,180,242,62
"-9,-10",32,63351,6,1,741,2,1,5,8,0,0,0,1.000000,0.000000,0.000000,0.000000,0.000000,0.000000,0.000000,1.000000,0.000000,0.000000,0.000000,0.000000,0.000000,0.000000,27495,180,267,87
"-9,-9",27,63354,7,1,743,2,1,5,8,0,0,0,1.000000,0.000000,0.000000,0.000000,0.000000,0.000000,0.000000,1.000000,0.000000,0.000000,0.000000,0.000000,0.000000,0.000000,27495,180,247,67
"-9,-8",29,63357,7,1,743,2,1,8,14,0,0,0,1.000000,0.000000,0.000000,0.000000,0.000000,0.000000,0.000000,0.988235,0.011765,0.000000,0.000000,0.000000,0.000000,0.000000,27495,180,256,76
"-9,-7",27,63360,7,1,745,2,1,6,10,0,0,0,1.000000,0.000000,0.000000,0.000000,0.000000,0.000000,0.000000,1.000000,0.000000,0.000000,0.000000,0.000000,0.000000,0.000000,27495,180,248,68
"-9,-6",28,63363,7,1,741,2,1,5,12,0,0,1,1.000000,0.000000,0.000000,0.000000,0.000000,0.000000,0.000000,0.988048,0.011952,0.000000,0.000000,0.000000,0.000000,0.000000,27495,180,253,73
"-9,-5",26,63366,7,1,742,2,1,5,7,0,0,0,1.000000,0.000000,0.000000,0.000000,0.000000,0.000000,0.000000,1.000000,0.000000,0.000000,0.000000,0.000000,0.000000,0.000000,27561,181,247,66
"-9,-4",27,63369,7,1,745,2,1,4,9,0,0,0,1.000000,0.000000,0.000000,0.000000,0.000000,0.000000,0.000000,0.995902,0.004098,0.000000,0.000000,0.000000,0.000000,0.000000,27495,180,247,67
"-9,-3",31,63372,7,1,745,2,1,5,17,0,0,0,1.000000,0.000000,0.000000,0.000000,0.000000,0.000000,0.000000,0.996154,0.003846,0.000000,0.000000,0.000000,0.000000,0.000000,27495,180,262,82
"-9,-2",29,63375,7,1,743,2,1,6,17,0,0,0,1.000000,0.000000,0.000000,0.000000,0.000000,0.000000,0.000000,0.988235,0.011765,0.000000,0.000000,0.000000,0.000000,0.000000,27495,180,256,76
"-9,-1",32,63378,7,1,742,2,1,8,26,0,0,0,0.994444,0.005556,0.000000,0.000000,0.000000,0.000000,0.000000,1.000000,0.000000,0.000000,0.000000,0.000000,0.000000,0.000000,27495,180,267,87
"-9,0",23,63381,7,1,742,1,1,5,7,0,0,0,1.000000,0.000000,0.000000,0.000000,0.000000,0.000000,0.000000,0.995763,0.004237,0.000000,0.000000,0.000000,0.000000,0.000000,27495,180,236,56
"-9,1",28,63384,7,1,744,2,1,6,10,0,0,0,1.000000,0.000000,0.000000,0.000000,0.000000,0.000000,0.000000,0.996016,0.003984,0.000000,0.000000,0.000000,0.000000,0.000000,27495,180,253,73
"-9,2",27,63386,7,1,742,2,1,5,10,0,0,0,1.000000,0.000000,0.000000,0.000000,0.000000,0.000000,0.000000,0.991903,0.008097,0.000000,0.000000,0.000000,0.000000,0.000000,27495,180,250,70
"-9,3",29,63389,7,1,743,2,1,5,9,0,0,0,1.000000,0.000000,0.000000,0.000000,0.000000,0.000000,0.000000,0.996063,0.003937,0.000000,0.000000,0.000000,0.000000,0.000000,27495,180,255,75
"-9,4",31,63392,7,1,742,2,1,6,11,0,0,0,1.000000,0.000000,0.000000,0.000000,0.000000,0.000000,0.000000,0.992278,0.007722,0.000000,0.000000,0.000000,0.000000,0.000000,27495,180,264,84
"-9,5",32,63395,7,1,744,2,1,6,11,0,0,0,1.000000,0.000000,0.000000,0.000000,0.000000,0.000000,0.000000,0.988462,0.011538,0.000000,0.000000,0.000000,0.000000,0.000000,27495,180,265,85
"-9,6",28,63398,7,1,743,2,1,8,13,0,0,0,1.000000,0.000000,0.000000,0.000000,0.000000,0.000000,0.000000,0.996000,0.004000,0.000000,0.000000,0.000000,0.000000,0.000000,27495,180,251,71
"-9,7",34,63401,7,1,742,2,1,6,19,0,0,0,1.000000,0.000000,0.000000,0.000000,0.000000,0.000000,0.000000,0.996350,0.003650,0.000000,0.000000,0.000000,0.000000,0.000000,27495,180,276,96
"-9,8",29,63404,7,1,743,2,1,5,9,0,0,0,1.000000,0.000000,0.000000,0.000000,0.000000,0.000000,0.000000,0.992032,0.007968,0.000000,0.000000,0.000000,0.000000,0.000000,27495,180,257,77
"-9,9",33,63407,7,1,742,2,1,5,11,0,0,0,1.000000,0.000000,0.000000,0.000000,0.000000,0.000000,0.000000,1.000000,0.000000,0.000000,0.000000,0.000000,0.000000,0.000000,27495,180,270,90
"-9,10",32,63398,6,1,744,2,1,8,15,0,0,0,1.000000,0.000000,0.000000,0.000000,0.000000,0.000000,0.000000,1.000000,0.000000,0.000000,0.000000,0.000000,0.000000,0.000000,27495,180,268,88
"-9,11",34,63389,6,1,743,2,1,6,8,0,0,0,1.000000,0.000000,0.000000,0.000000,0.000000,0.000000,0.000000,0.989011,0.010989,0.000000,0.000000,0.000000,0.000000,0.000000,27495,180,275,95
"-9,12",34,63368,5,1,744,2,1,8,17,0,0,0,1.000000,0.000000,0.000000,0.000000,0.000000,0.000000,0.000000,0.989091,0.010909,0.000000,0.000000,0.000000,0.000000,0.000000,27561,181,278,97
"-9,13",31,63347,5,1,742,2,1,5,8,0,0,0,1.000000,0.000000,0.000000,0.000000,0.000000,0.000000,0.000000,0.992308,0.007692,0.000000,0.000000,0.000000,0.000000,0.000000,27495,180,262,82
"-9,14",0,63347,0,0,632,4,99999,99999,99999,99999,99999,99999,0.000000,0.000000,0.000000,0.000000,0.000000,0.000000,0.000000,0.000000,0.000000,0.000000,0.000000,0.000000,0.000000,0.000000,0,0,0,0
"-9,15",0,63347,0,0,633,4,99999,99999,99999,99999,99999,99999,0.000000,0.000000,0.000000,0.000000,0.000000,0.000000,0.000000,0.000000,0.000000,0.000000,0.000000,0.000000,0.000000,0.000000,0,0,0,0
"-9,16",0,63347,0,0,633,4,99999,99999,99999,99999,99999,99999,0.000000,0.000000,0.000000,0.000000,0.000000,0.000000,0.000000,0.000000,0.000000,0.000000,0.000000,0.000000,0.000000,0.000000,0,0,0,0
"-9,17",0,63347,0,0,629,4,99999,99999,99999,99999,99999,99999,0.000000,0.000000,0.000000,0.000000,0.000000,0.000000,0.000000,0.000000,0.000000,0.000000,0.000000,0.000000,0.000000,0.000000,0,0,0,0
"-9,18",0,63347,0,0,631,4,99999,99999,99999,99999,99999,99999,0.000000,0.000000,0.000000,0.000000,0.000000,0.000000,0.000000,0.000000,0.000000,0.000000,0.000000,0.000000,0.000000,0.000000,0,0,0,0
"-9,19",0,63347,0,0,631,4,99999,99999,99999,99999,99999,99999,0.000000,0.000000,0.000000,0.000000,0.000000,0.000000,0.000000,0.000000,0.000000,0.000000,0.000000,0.000000,0.000000,0.000000,0,0,0,0
"-9,20",0,63347,0,0,637,4,99999,99999,99999,99999,99999,99999,0.000000,0.000000,0.000000,0.000000,0.000000,0.000000,0.000000,0.000000,0.000000,0.000000,0.000000,0.000000,0.000000,0.000000,0,0,0,0
"-9,21",0,63347,0,0,636,4,99999,99999,99999,99999,99999,99999,0.000000,0.000000,0.000000,0.000000,0.000000,0.000000,0.000000,0.000000,0.000000,0.000000,0.000000,0.000000,0.000000,0.000000,0,0,0,0
"-9,22",0,63347,0,0,633,4,99999,99999,99999,99999,99999,99999,0.000000,0.000000,0.000000,0.000000,0.000000,0.000000,0.000000,0.000000,0.000000,0.000000,0.000000,0.000000,0.000000,0.000000,0,0,0,0
"-9,23",0,63347,0,0,630,4,99999,99999,99999,99999,99999,99999,0.000000,0.000000,0.000000,0.000000,0.000000,0.000000,0.000000,0.000000,0.000000,0.000000,0.000000,0.000000,0.000000,0.000000,0,0,0,0
"-9,24",0,63347,0,0,631,4,99999,99999,99999,99999,99999,99999,0.000000,0.000000,0.000000,0.000000,0.000000,0.000000,0.000000,0.000000,0.000000,0.000000,0.000000,0.000000,0.000000,0.000000,0,0,0,0
"-9,25",0,63347,0,0,636,4,99999,99999,99999,99999,99999,99999,0.000000,0.000000,0.000000,0.000000,0.000000,0.000000,0.000000,0.000000,0.000000,0.000000,0.000000,0.000000,0.000000,0.000000,0,0,0,0
"-9,26",0,63347,0,0,629,4,99999,99999,99999,99999,99999,99999,0.000000,0.000000,0.000000,0.000000,0.000000,0.000000,0.000000,0.000000,0.000000,0.000000,0.000000,0.000000,0.000000,0.000000,0,0,0,0
"-8,-26",0,63347,0,0,627,4,99999,99999,99999,99999,99999,99999,0.000000,0.000000,0.000000,0.000000,0.000000,0.000000,0.000000,0.000000,0.000000,0.000000,0.000000,0.000000,0.000000,0.000000,0,0,0,0
"-8,-25",0,63347,0,0,630,4,99999,99999,99999,99999,99999,99999,0.000000,0.000000,0.000000,0.000000,0.000000,0.000000,0.000000,0.000000,0.000000,0.000000,0.000000,0.000000,0.000000,0.000000,0,0,0,0
"-8,-24",0,63347,0,0,631,4,99999,99999,99999,99999,99999,99999,0.000000,0.000000,0.000000,0.000000,0.000000,0.000000,0.000000,0.000000,0.000000,0.000000,0.000000,0.000000,0.000000,0.000000,0,0,0,0
"-8,-23",0,63347,0,0,632,4,99999,99999,99999,99999,99999,99999,0.000000,0.000000,0.000000,0.000000,0.000000,0.000000,0.000000,0.000000,0.000000,0.000000,0.000000,0.000000,0.000000,0.000000,0,0,0,0
"-8,-22",0,63347,0,0,632,4,99999,99999,99999,99999,99999,99999,0.000000,0.000000,0.000000,0.000000,0.000000,0.000000,0.000000,0.000000,0.000000,0.000000,0.000000,0.000000,0.000000,0.000000,0,0,0,0
"-8,-21",0,63347,0,0,628,4,99999,99999,99999,99999,99999,99999,0.000000,0.000000,0.000000,0.000000,0.000000,0.000000,0.000000,0.000000,0.000000,0.000000,0.000000,0.000000,0.000000,0.000000,0,0,0,0
"-8,-20",0,63347,0,0,633,4,99999,99999,99999,99999,99999,99999,0.000000,0.000000,0.000000,0.000000,0.000000,0.000000,0.000000,0.000000,0.000000,0.000000,0.000000,0.000000,0.000000,0.000000,0,0,0,0
"-8,-19",0,63347,0,0,634,4,99999,99999,99999,99999,99999,99999,0.000000,0.000000,0.000000,0.000000,0.000000,0.000000,0.000000,0.000000,0.000000,0.000000,0.000000,0.000000,0.000000,0.000000,0,0,0,0
"-8,-18",0,63347,0,0,632,4,99999,99999,99999,99999,99999,99999,0.000000,0.000000,0.000000,0.000000,0.000000,0.000000,0.000000,0.000000,0.000000,0.000000,0.000000,0.000000,0.000000,0.000000,0,0,0,0
"-8,-17",0,63347,0,0,632,4,99999,99999,99999,99999,99999,99999,0.000000,0.000000,0.000000,0.000000,0.000000,0.000000,0.000000,0.000000,0.000000,0.000000,0.000000,0.000000,0.000000,0.000000,0,0,0,0
"-8,-16",0,63347,0,0,636,4,99999,99999,99999,99999,99999,99999,0.000000,0.000000,0.000000,0.000000,0.000000,0.000000,0.000000,0.000000,0.000000,0.000000,0.000000,0.000000,0.000000,0.000000,0,0,0,0
"-8,-15",0,63347,0,0,634,4,99999,99999,99999,99999,99999,99999,0.000000,0.000000,0.000000,0.000000,0.000000,0.000000,0.000000,0.000000,0.000000,0.000000,0.000000,0.000000,0.000000,0.000000,0,0,0,0
"-8,-14",0,63347,0,0,633,4,99999,99999,99999,99999,99999,99999,0.000000,0.000000,0.000000,0.000000,0.000000,0.000000,0.000000,0.000000,0.000000,0.000000,0.000000,0.000000,0.000000,0.000000,0,0,0,0
"-8,-13",0,63347,0,0,634,4,99999,99999,99999,99999,99999,99999,0.000000,0.000000,0.000000,0.000000,0.000000,0.000000,0.000000,0.000000,0.000000,0.000000,0.000000,0.000000,0.000000,0.000000,0,0,0,0
"-8,-12",31,63326,5,1,745,2,1,5,11,0,0,0,1.000000,0.000000,0.000000,0.000000,0.000000,0.000000,0.000000,1.000000,0.000000,0.000000,0.000000,0.000000,0.000000,0.000000,27495,180,262,82
"-8,-11",28,63307,5,1,744,2,1,5,8,0,0,0,1.000000,0.000000,0.000000,0.000000,0.000000,0.000000,0.000000,0.996000,0.004000,0.000000,0.000000,0.000000,0.000000,0.000000,27495,180,251,71
"-8,-10",35,63297,6,1,741,2,1,6,15,0,0,0,1.000000,0.000000,0.000000,0.000000,0.000000,0.000000,0.000000,1.000000,0.000000,0.000000,0.000000,0.000000,0.000000,0.000000,27495,180,277,97
"-8,-9",26,63289,6,1,743,2,1,5,11,0,0,0,1.000000,0.000000,0.000000,0.000000,0.000000,0.000000,0.000000,0.991803,0.008197,0.000000,0.000000,0.000000,0.000000,0.000000,27495,180,244,64
"-8,-8",30,63281,6,1,744,2,1,6,14,0,0,0,1.000000,0.000000,0.000000,0.000000,0.000000,0.000000,0.000000,0.996139,0.003861,0.000000,0.000000,0.000000,0.000000,0.000000,27495,180,259,79
"-8,-7",22,63284,7,1,744,1,1,4,9,0,0,0,1.000000,0.000000,0.000000,0.000000,0.000000,0.000000,0.000000,1.000000,0.000000,0.000000,0.000000,0.000000,0.000000,0.000000,27495,180,233,53
"-8,-6",29,63287,7,1,742,2,1,5,8,0,0,0,1.000000,0.000000,0.000000,0.000000,0.000000,0.000000,0.000000,0.988189,0.011811,0.000000,0.000000,0.000000,0.000000,0.000000,27495,180,254,74
"-8,-5",31,63290,7,1,743,2,1,5,11,0,0,0,1.000000,0.000000,0.000000,0.000000,0.000000,0.000000,0.000000,0.988462,0.011538,0.000000,0.000000,0.000000,0.000000,0.000000,27495,180,261,81
"-8,-4",29,63293,7,1,743,2,1,6,13,0,0,0,1.000000,0.000000,0.000000,0.000000,0.000000,0.000000,0.000000,0.996078,0.003922,0.000000,0.000000,0.000000,0.000000,0.000000,27561,181,255,74
"-8,-3",29,63296,7,1,745,2,1,5,8,0,0,0,1.000000,0.000000,0.000000,0.000000,0.000000,0.000000,0.000000,0.996063,0.003937,0.000000,0.000000,0.000000,0.000000,0.000000,27495,180,255,75
"-8,-2",30,63299,7,1,744,2,1,6,15,0,0,0,1.000000,0.000000,0.000000,0.000000,0.000000,0.000000,0.000000,0.996078,0.003922,0.000000,0.000000,0.000000,0.000000,0.000000,27495,180,258,78
"-8,-1",25,63301,7,1,744,2,1,4,13,0,0,0,1.000000,0.000000,0.000000,0.000000,0.000000,0.000000,0.000000,1.000000,0.000000,0.000000,0.000000,0.000000,0.000000,0.000000,27495,180,242,62
"-8,0",27,63304,7,1,743,2,1,3,9,0,0,0,1.000000,0.000000,0.000000,0.000000,0.000000,0.000000,0.000000,0.995902,0.004098,0.000000,0.000000,0.000000,0.000000,0.000000,27495,180,247,67
"-8,1",28,63307,7,1,744,2,1,4,9,0,0,0,1.000000,0.000000,0.000000,0.000000,0.000000,0.000000,0.000000,0.992032,0.007968,0.000000,0.000000,0.000000,0.000000,0.000000,27495,180,252,72
"-8,2",31,63310,7,1,742,2,1,6,11,0,0,0,1.000000,0.000000,0.000000,0.000000,0.000000,0.000000,0.000000,1.000000,0.000000,0.000000,0.000000,0.000000,0.000000,0.000000,27495,180,261,81
"-8,3",26,63313,7,1,743,2,1,4,8,0,0,0,1.000000,0.000000,0.000000,0.000000,0.000000,0.000000,0.000000,0.991803,0.008197,0.000000,0.000000,0.000000,0.000000,0.000000,27495,180,245,65
"-8,4",28,63316,7,1,741,2,1,6,8,0,0,0,1.000000,0.000000,0.000000,0.000000,0.000000,0.000000,0.000000,1.000000,0.000000,0.000000,0.000000,0.000000,0.000000,0.000000,27495,180,253,73
"-8,5",31,63318,7,1,745,2,1,5,11,0,0,0,1.000000,0.000000,0.000000,0.000000,0.000000,0.000000,0.000000,0.996154,0.003846,0.000000,0.000000,0.000000,0.000000,0.000000,27495,180,262,82
"-8,6",28,63321,7,1,746,2,1,5,8,0,0,0,1.000000,0.000000,0.000000,0.000000,0.000000,0.000000,0.000000,0.991903,0.008097,0.000000,0.000000,0.000000,0.000000,0.000000,27495,180,252,72
"-8,7",32,63324,7,1,746,2,1,5,9,0,0,0,1.000000,0.000000,0.000000,0.000000,0.000000,0.000000,0.000000,1.000000,0.000000,0.000000,0.000000,0.000000,0.000000,0.000000,27495,180,266,86
"-8,8",25,63316,6,1,745,2,1,4,13,0,0,0,1.000000,0.000000,0.000000,0.000000,0.000000,0.000000,0.000000,1.000000,0.000000,0.000000,0.000000,0.000000,0.000000,0.000000,27495,180,241,61
"-8,9",25,63309,6,1,742,2,1,5,12,0,0,0,1.000000,0.000000,0.000000,0.000000,0.000000,0.000000,0.000000,1.000000,0.000000,0.000000,0.000000,0.000000,0.000000,0.000000,27495,180,242,62
"-8,10",35,63300,6,1,742,2,1,7,12,0,0,0,1.000000,0.000000,0.000000,0.000000,0.000000,0.000000,0.000000,0.996390,0.003610,0.000000,0.000000,0.000000,0.000000,0.000000,27495,180,277,97
"-8,11",30,63281,5,1,745,2,1,6,8,0,0,0,1.000000,0.000000,0.000000,0.000000,0.000000,0.000000,0.000000,1.000000,0.000000,0.000000,0.000000,0.000000,0.000000,0.000000,27495,180,259,79
"-8,12",28,63262,5,1,745,2,1,6,12,0,0,0,1.000000,0.000000,0.000000,0.000000,0.000000,0.000000,0.000000,0.992063,0.007937,0.000000,0.000000,0.000000,0.000000,0.000000,27495,180,252,72
"-8,13",0,63262,0,0,631,4,99999,99999,99999,99999,99999,99999,0.000000,0.000000,0.000000,0.000000,0.000000,0.000000,0.000000,0.000000,0.000000,0.000000,0.000000,0.000000,0.000000,0.000000,0,0,0,0
"-8,14",0,63262,0,0,635,4,99999,99999,99999,99999,99999,99999,0.000000,0.000000,0.000000,0.000000,0.000000,0.000000,0.000000,0.000000,0.000000,0.000000,0.000000,0.000000,0.000000,0.000000,0,0,0,0
"-8,15",0,63262,0,0,632,4,99999,99999,99999,99999,99999,99999,0.000000,0.000000,0.000000,0.000000,0.000000,0.000000,0.000000,0.000000,0.000000,0.000000,0.000000,0.000000,0.000000,0.000000,0,0,0,0
"-8,16",0,63262,0,0,635,4,99999,99999,99999,99999,99999,99999,0.000000,0.000000,0.000000,0.000000,0.000000,0.000000,0.000000,0.000000,0.000000,0.000000,0.000000,0.000000,0.000000,0.000000,0,0,0,0
"-8,17",0,63262,0,0,630,4,99999,99999,99999,99999,99999,99999,0.000000,0.000000,0.000000,0.000000,0.000000,0.000000,0.000000,0.000000,0.000000,0.000000,0.000000,0.000000,0.000000,0.000000,0,0,0,0
"-8,18",0,63262,0,0,632,4,99999,99999,99999,99999,99999,99999,0.000000,0.000000,0.000000,0.000000,0.000000,0.000000,0.000000,0.000000,0.000000,0.000000,0.000000,0.000000,0.000000,0.000000,0,0,0,0
"-8,19",0,63262,0,0,633,4,99999,99999,99999,99999,99999,99999,0.000000,0.000000,0.000000,0.000000,0.000000,0.000000,0.000000,0.000000,0.000000,0.000000,0.000000,0.000000,0.000000,0.000000,0,0,0,0
"-8,20",0,63262,0,0,632,4,99999,99999,99999,99999,99999,99999,0.000000,0.000000,0.000000,0.000000,0.000000,0.000000,0.000000,0.000000,0.000000,0.000000,0.000000,0.000000,0.000000,0.000000,0,0,0,0
"-8,21",0,63262,0,0,631,4,99999,99999,99999,99999,99999,99999,0.000000,0.000000,0.000000,0.000000,0.000000,0.000000,0.000000,0.000000,0.000000,0.000000,0.000000,0.000000,0.000000,0.000000,0,0,0,0
"-8,22",0,63262,0,0,633,4,99999,99999,99999,99999,99999,99999,0.000000,0.000000,0.000000,0.000000,0.000000,0.000000,0.000000,0.000000,0.000000,0.000000,0.000000,0.000000,0.000000,0.000000,0,0,0,0
"-8,23",0,63262,0,0,630,4,99999,99999,99999,99999,99999,99999,0.000000,0.000000,0.000000,0.000000,0.000000,0.000000,0.000000,0.000000,0.000000,0.000000,0.000000,0.000000,0.000000,0.000000,0,0,0,0
"-8,24",0,63262,0,0,636,4,99999,99999,99999,99999,99999,99999,0.000000,0.000000,0.000000,0.000000,0.000000,0.000000,0.000000,0.000000,0.000000,0.000000,0.000000,0.000000,0.000000,0.000000,0,0,0,0
"-8,25",0,63262,0,0,634,4,99999,99999,99999,99999,99999,99999,0.000000,0.000000,0.000000,0.000000,0.000000,0.000000,0.000000,0.000000,0.000000,0.000000,0.000000,0.000000,0.000000,0.000000,0,0,0,0
"-8,26",0,63262,0,0,633,4,99999,99999,99999,99999,99999,99999,0.000000,0.000000,0.000000,0.000000,0.000000,0.000000,0.000000,0.000000,0.000000,0.000000,0.000000,0.000000,0.000000,0.000000,0,0,0,0
"-7,-26",0,63262,0,0,638,4,99999,99999,99999,99999,99999,99999,0.000000,0.000000,0.000000,0.000000,0.000000,0.000000,0.000000,0.000000,0.000000,0.000000,0.000000,0.000000,0.000000,0.000000,0,0,0,0
"-7,-25",0,63262,0,0,633,4,99999,99999,99999,99999,99999,99999,0.000000,0.000000,0.000000,0.000000,0.000000,0.000000,0.000000,0.000000,0.000000,0.000000,0.000000,0.000000,0.000000,0.000000,0,0,0,0
"-7,-24",0,63262,0,0,634,4,99999,99999,99999,99999,99999,99999,0.000000,0.000000,0.000000,0.000000,0.000000,0.000000,0.000000,0.000000,0.000000,0.000000,0.000000,0.000000,0.000000,0.000000,0,0,0,0
"-7,-23",0,63262,0,0,632,4,99999,99999,99999,99999,99999,99999,0.000000,0.000000,0.000000,0.000000,0.000000,0.000000,0.000000,0.000000,0.000000,0.000000,0.000000,0.000000,0.000000,0.000000,0,0,0,0
"-7,-22",0,63262,0,0,636,4,99999,99999,99999,99999,99999,99999,0.000000,0.000000,0.000000,0.000000,0.000000,0.000000,0.000000,0.000000,0.000000,0.000000,0.000000,0.000000,0.000000,0.000000,0,0,0,0
"-7,-21",0,63262,0,0,636,4,99999,99999,99999,99999,99999,99999,0.000000,0.000000,0.000000,0.000000,0.000000,0.000000,0.000000,0.000000,0.000000,0.000000,0.000000,0.000000,0.000000,0.000000,0,0,0,0
"-7,-20",0,63262,0,0,630,4,99999,99999,99999,99999,99999,99999,0.000000,0.000000,0.000000,0.000000,0.000000,0.000000,0.000000,0.000000,0.000000,0.000000,0.000000,0.000000,0.000000,0.000000,0,0,0,0
"-7,-19",0,63262,0,0,629,4,99999,99999,99999,99999,99999,99999,0.000000,0.000000,0.000000,0.000000,0.000000,0.000000,0.000000,0.000000,0.000000,0.000000,0.000000,0.000000,0.000000,0.000000,0,0,0,0
"-7,-18",0,63262,0,0,636,4,99999,99999,99999,99999,99999,99999,0.000000,0.000000,0.000000,0.000000,0.000000,0.000000,0.000000,0.000000,0.000000,0.000000,0.000000,0.000000,0.000000,0.000000,0,0,0,0
"-7,-17",0,63262,0,0,631,4,99999,99999,99999,99999,99999,99999,0.000000,0.000000,0.000000,0.000000,0.000000,0.000000,0.000000,0.000000,0.000000,0.000000,0.000000,0.000000,0.000000,0.000000,0,0,0,0
"-7,-16",0,63262,0,0,633,4,99999,99999,99999,99999,99999,99999,0.000000,0.000000,0.000000,0.000000,0.000000,0.000000,0.000000,0.000000,0.000000,0.000000,0.000000,0.000000,0.000000,0.000000,0,0,0,0
"-7,-15",0,63262,0,0,629,4,99999,99999,99999,99999,99999,99999,0.000000,0.000000,0.000000,0.000000,0.000000,0.000000,0.000000,0.000000,0.000000,0.000000,0.000000,0.000000,0.000000,0.000000,0,0,0,0
"-7,-14",0,63262,0,0,633,4,99999,99999,99999,99999,99999,99999,0.000000,0.000000,0.000000,0.000000,0.000000,0.000000,0.000000,0.000000,0.000000,0.000000,0.000000,0.000000,0.000000,0.000000,0,0,0,0
"-7,-13",0,63262,0,0,635,4,99999,99999,99999,99999,99999,99999,0.000000,0.000000,0.000000,0.000000,0.000000,0.000000,0.000000,0.000000,0.000000,0.000000,0.000000,0.000000,0.000000,0.000000,0,0,0,0
"-7,-12",0,63262,0,0,632,4,99999,99999,99999,99999,99999,99999,0.000000,0.000000,0.000000,0.000000,0.000000,0.000000,0.000000,0.000000,0.000000,0.000000,0.000000,0.000000,0.000000,0.000000,0,0,0,0
"-7,-11",30,63242,5,1,744,2,1,5,10,0,0,0,1.000000,0.000000,0.000000,0.000000,0.000000,0.000000,0.000000,0.992188,0.007812,0.000000,0.000000,0.000000,0.000000,0.000000,27495,180,260,80
"-7,-10",29,63223,5,1,745,2,1,5,8,0,0,0,1.000000,0.000000,0.000000,0.000000,0.000000,0.000000,0.000000,1.000000,0.000000,0.000000,0.000000,0.000000,0.000000,0.000000,27495,180,254,74
"-7,-9",30,63215,6,1,743,2,1,5,9,0,0,0,1.000000,0.000000,0.000000,0.000000,0.000000,0.000000,0.000000,0.992248,0.007752,0.000000,0.000000,0.000000,0.000000,0.000000,27495,180,259,79
"-7,-8",26,63208,6,1,740,2,1,4,8,0,0,0,1.000000,0.000000,0.000000,0.000000,0.000000,0.000000,0.000000,0.995868,0.004132,0.000000,0.000000,0.000000,0.000000,0.000000,27495,180,246,66
"-7,-7",27,63200,6,1,744,2,1,6,11,0,0,1,1.000000,0.000000,0.000000,0.000000,0.000000,0.000000,0.000000,0.987952,0.012048,0.000000,0.000000,0.000000,0.000000,0.000000,27495,180,250,70
"-7,-6",28,63192,6,1,743,2,1,6,11,0,0,1,1.000000,0.000000,0.000000,0.000000,0.000000,0.000000,0.000000,0.988048,0.011952,0.000000,0.000000,0.000000,0.000000,0.000000,27495,180,251,71
"-7,-5",33,63195,7,1,745,2,1,6,16,0,0,0,1.000000,0.000000,0.000000,0.000000,0.000000,0.000000,0.000000,0.988764,0.011236,0.000000,0.000000,0.000000,0.000000,0.000000,27495,180,269,89
"-7,-4",28,63198,7,1,741,2,1,5,11,0,0,0,1.000000,0.000000,0.000000,0.000000,0.000000,0.000000,0.000000,1.000000,0.000000,0.000000,0.000000,0.000000,0.000000,0.000000,27495,180,252,72
"-7,-3",28,63201,7,1,743,2,1,5,7,0,0,0,1.000000,0.000000,0.000000,0.000000,0.000000,0.000000,0.000000,1.000000,0.000000,0.000000,0.000000,0.000000,0.000000,0.000000,27561,181,254,73
"-7,-2",30,63204,7,1,745,2,1,10,15,0,0,0,1.000000,0.000000,0.000000,0.000000,0.000000,0.000000,0.000000,1.000000,0.000000,0.000000,0.000000,0.000000,0.000000,0.000000,27495,180,260,80
"-7,-1",26,63207,7,1,740,2,1,5,9,0,0,0,1.000000,0.000000,0.000000,0.000000,0.000000,0.000000,0.000000,1.000000,0.000000,0.000000,0.000000,0.000000,0.000000,0.000000,27495,180,244,64
"-7,0",32,63210,7,1,741,2,1,7,15,0,0,0,1.000000,0.000000,0.000000,0.000000,0.000000,0.000000,0.000000,1.000000,0.000000,0.000000,0.000000,0.000000,0.000000,0.000000,27495,180,267,87
"-7,1",23,63213,7,1,745,1,1,5,11,0,0,0,1.000000,0.000000,0.000000,0.000000,0.000000,0.000000,0.000000,1.000000,0.000000,0.000000,0.000000,0.000000,0.000000,0.000000,27495,180,234,54
"-7,2",27,63216,7,1,746,2,1,6,11,0,0,1,1.000000,0.000000,0.000000,0.000000,0.000000,0.000000,0.000000,0.987854,0.012146,0.000000,0.000000,0.000000,0.000000,0.000000,27495,180,247,67
"-7,3",31,63219,7,1,741,2,1,5,9,0,0,0,1.000000,0.000000,0.000000,0.000000,0.000000,0.000000,0.000000,0.992278,0.007722,0.000000,0.000000,0.000000,0.000000,0.000000,27495,180,262,82
"-7,4",31,63222,7,1,743,2,1,7,19,0,0,0,1.000000,0.000000,0.000000,0.000000,0.000000,0.000000,0.000000,0.988636,0.011364,0.000000,0.000000,0.000000,0.000000,0.000000,27495,180,264,84
"-7,5",28,63225,7,1,741,2,1,5,9,0,0,0,1.000000,0.000000,0.000000,0.000000,0.000000,0.000000,0.000000,0.992000,0.008000,0.000000,0.000000,0.000000,0.000000,0.000000,27495,180,251,71
"-7,6",32,63217,6,1,743,2,1,6,10,0,0,0,1.000000,0.000000,0.000000,0.000000,0.000000,0.000000,0.000000,0.988636,0.011364,0.000000,0.000000,0.000000,0.000000,0.000000,27495,180,266,86
"-7,7",27,63209,6,1,742,2,1,5,15,0,0,0,1.000000,0.000000,0.000000,0.000000,0.000000,0.000000,0.000000,0.995918,0.004082,0.000000,0.000000,0.000000,0.000000,0.000000,27495,180,248,68
"-7,8",30,63201,6,1,744,2,1,6,11,0,0,0,1.000000,0.000000,0.000000,0.000000,0.000000,0.000000,0.000000,0.988327,0.011673,0.000000,0.000000,0.000000,0.000000,0.000000,27495,180,259,79
"-7,9",30,63194,6,1,743,2,1,4,8,0,0,0,1.000000,0.000000,0.000000,0.000000,0.000000,0.000000,0.000000,1.000000,0.000000,0.000000,0.000000,0.000000,0.000000,0.000000,27495,180,259,79
"-7,10",28,63176,5,1,743,2,1,4,11,0,0,0,1.000000,0.000000,0.000000,0.000000,0.000000,0.000000,0.000000,0.995951,0.004049,0.000000,0.000000,0.000000,0.000000,0.000000,27495,180,251,71
"-7,11",31,63157,5,1,745,2,1,5,8,0,0,0,1.000000,0.000000,0.000000,0.000000,0.000000,0.000000,0.000000,1.000000,0.000000,0.000000,0.000000,0.000000,0.000000,0.000000,27495,180,261,81
"-7,12",0,63157,0,0,633,4,99999,99999,99999,99999,99999,99999,0.000000,0.000000,0.000000,0.000000,0.000000,0.000000,0.000000,0.000000,0.000000,0.000000,0.000000,0.000000,0.000000,0.000000,0,0,0,0
"-7,13",0,63157,0,0,632,4,99999,99999,99999,99999,99999,99999,0.000000,0.000000,0.000000,0.000000,0.000000,0.000000,0.000000,0.000000,0.000000,0.000000,0.000000,0.000000,0.000000,0.000000,0,0,0,0
"-7,14",0,63157,0,0,632,4,99999,99999,99999,99999,99999,99999,0.000000,0.000000,0.000000,0.000000,0.000000,0.000000,0.000000,0.000000,0.000000,0.000000,0.000000,0.000000,0.000000,0.000000,0,0,0,0
"-7,15",0,63157,0,0,630,4,99999,99999,99999,99999,99999,99999,0.000000,0.000000,0.000000,0.000000,0.000000,0.000000,0.000000,0.000000,0.000000,0.000000,0.000000,0.000000,0.000000,0.000000,0,0,0,0
"-7,16",0,63157,0,0,635,4,99999,99999,99999,99999,99999,99999,0.000000,0.000000,0.000000,0.000000,0.000000,0.000000,0.000000,0.000000,0.000000,0.000000,0.000000,0.000000,0.000000,0.000000,0,0,0,0
"-7,17",0,63157,0,0,634,4,99999,99999,99999,99999,99999,99999,0.000000,0.000000,0.000000,0.000000,0.000000,0.000000,0.000000,0.000000,0.000000,0.000000,0.000000,0.000000,0.000000,0.000000,0,0,0,0
"-7,18",0,63157,0,0,632,4,99999,99999,99999,99999,99999,99999,0.000000,0.000000,0.000000,0.000000,0.000000,0.000000,0.000000,0.000000,0.000000,0.000000,0.000000,0.000000,0.000000,0.000000,0,0,0,0
"-7,19",0,63157,0,0,631,4,99999,99999,99999,99999,99999,99999,0.000000,0.000000,0.000000,0.000000,0.000000,0.000000,0.000000,0.000000,0.000000,0.000000,0.000000,0.000000,0.000000,0.000000,0,0,0,0
"-7,20",0,63157,0,0,629,4,99999,99999,99999,99999,99999,99999,0.000000,0.000000,0.000000,0.000000,0.000000,0.000000,0.000000,0.000000,0.000000,0.000000,0.000000,0.000000,0.000000,0.000000,0,0,0,0
"-7,21",0,63157,0,0,632,4,99999,99999,99999,99999,99999,99999,0.000000,0.000000,0.000000,0.000000,0.000000,0.000000,0.000000,0.000000,0.000000,0.000000,0.000000,0.000000,0.000000,0.000000,0,0,0,0
"-7,22",0,63157,0,0,630,4,99999,99999,99999,99999,99999,99999,0.000000,0.000000,0.000000,0.000000,0.000000,0.000000,0.000000,0.000000,0.000000,0.000000,0.000000,0.000000,0.000000,0.000000,0,0,0,0
"-7,23",0,63157,0,0,632,4,99999,99999,99999,99999,99999,99999,0.000000,0.000000,0.000000,0.000000,0.000000,0.000000,0.000000,0.000000,0.000000,0.000000,0.000000,0.000000,0.000000,0.000000,0,0,0,0
"-7,24",0,63157,0,0,627,4,99999,99999,99999,99999,99999,99999,0.000000,0.000000,0.000000,0.000000,0.000000,0.000000,0.000000,0.000000,0.000000,0.000000,0.000000,0.000000,0.000000,0.000000,0,0,0,0
"-7,25",0,63157,0,0,630,4,99999,99999,99999,99999,99999,99999,0.000000,0.000000,0.000000,0.000000,0.000000,0.000000,0.000000,0.000000,0.000000,0.000000,0.000000,0.000000,0.000000,0.000000,0,0,0,0
"-7,26",0,63157,0,0,631,4,99999,99999,99999,99999,99999,99999,0.000000,0.000000,0.000000,0.000000,0.000000,0.000000,0.000000,0.000000,0.000000,0.000000,0.000000,0.000000,0.000000,0.000000,0,0,0,0
"-6,-26",0,63157,0,0,60,4,99999,99999,99999,99999,99999,99999,0.000000,0.000000,0.000000,0.000000,0.000000,0.000000,0.000000,0.000000,0.000000,0.000000,0.000000,0.000000,0.000000,0.000000,0,0,0,0
"-6,-25",0,63157,0,0,632,4,99999,99999,99999,99999,99999,99999,0.000000,0.000000,0.000000,0.000000,0.000000,0.000000,0.000000,0.000000,0.000000,0.000000,0.000000,0.000000,0.000000,0.000000,0,0,0,0
"-6,-24",0,63157,0,0,635,4,99999,99999,99999,99999,99999,99999,0.000000,0.000000,0.000000,0.000000,0.000000,0.000000,0.000000,0.000000,0.000000,0.000000,0.000000,0.000000,0.000000,0.000000,0,0,0,0
"-6,-23",0,63157,0,0,638,4,99999,99999,99999,99999,99999,99999,0.000000,0.000000,0.000000,0.000000,0.000000,0.000000,0.000000,0.000000,0.000000,0.000000,0.000000,0.000000,0.000000,0.000000,0,0,0,0
"-6,-22",0,63157,0,0,633,4,99999,99999,99999,99999,99999,99999,0.000000,0.000000,0.000000,0.000000,0.000000,0.000000,0.000000,0.000000,0.000000,0.000000,0.000000,0.000000,0.000000,0.000000,0,0,0,0
"-6,-21",0,63157,0,0,634,4,99999,99999,99999,99999,99999,99999,0.000000,0.000000,0.000000,0.000000,0.000000,0.000000,0.000000,0.000000,0.000000,0.000000,0.000000,0.000000,0.000000,0.000000,0,0,0,0
"-6,-20",0,63157,0,0,631,4,99999,99999,99999,99999,99999,99999,0.000000,0.000000,0.000000,0.000000,0.000000,0.000000,0.000000,0.000000,0.000000,0.000000,0.000000,0.000000,0.000000,0.000000,0,0,0,0
"-6,-19",0,63157,0,0,633,4,99999,99999,99999,99999,99999,99999,0.000000,0.000000,0.000000,0.000000,0.000000,0.000000,0.000000,0.000000,0.000000,0.000000,0.000000,0.000000,0.000000,0.000000,0,0,0,0
"-6,-18",0,63157,0,0,631,4,99999,99999,99999,99999,99999,99999,0.000000,0.000000,0.000000,0.000000,0.000000,0.000000,0.000000,0.000000,0.000000,0.000000,0.000000,0.000000,0.000000,0.000000,0,0,0,0
"-6,-17",0,63157,0,0,637,4,99999,99999,99999,99999,99999,99999,0.000000,0.000000,0.000000,0.000000,0.000000,0.000000,0.000000,0.000000,0.000000,0.000000,0.000000,0.000000,0.000000,0.000000,0,0,0,0
"-6,-16",0,63157,0,0,631,4,99999,99999,99999,99999,99999,99999,0.000000,0.000000,0.000000,0.000000,0.000000,0.000000,0.000000,0.000000,0.000000,0.000000,0.000000,0.000000,0.000000,0.000000,0,0,0,0
"-6,-15",0,63157,0,0,633,4,99999,99999,99999,99999,99999,99999,0.000000,0.000000,0.000000,0.000000,0.000000,0.000000,0.000000,0.000000,0.000000,0.000000,0.000000,0.000000,0.000000,0.000000,0,0,0,0
"-6,-14",0,63157,0,0,628,4,99999,99999,99999,99999,99999,99999,0.000000,0.000000,0.000000,0.000000,0.000000,0.000000,0.000000,0.000000,0.000000,0.000000,0.000000,0.000000,0.000000,0.000000,0,0,0,0
"-6,-13",0,63157,0,0,634,4,99999,99999,99999,99999,99999,99999,0.000000,0.000000,0.000000,0.000000,0.000000,0.000000,0.000000,0.000000,0.000000,0.000000,0.000000,0.000000,0.000000,0.000000,0,0,0,0
"-6,-12",0,63157,0,0,635,4,99999,99999,99999,99999,99999,99999,0.000000,0.000000,0.000000,0.000000,0.000000,0.000000,0.000000,0.000000,0.000000,0.000000,0.000000,0.000000,0.000000,0.000000,0,0,0,0
"-6,-11",0,63157,0,0,633,4,99999,99999,99999,99999,99999,99999,0.000000,0.000000,0.000000,0.000000,0.000000,0.000000,0.000000,0.000000,0.000000,0.000000,0.000000,0.000000,0.000000,0.000000,0,0,0,0
"-6,-10",0,63157,0,0,633,4,99999,99999,99999,99999,99999,99999,0.000000,0.000000,0.000000,0.000000,0.000000,0.000000,0.000000,0.000000,0.000000,0.000000,0.000000,0.000000,0.000000,0.000000,0,0,0,0
"-6,-9",29,63140,5,1,742,2,1,6,10,0,0,0,1.000000,0.000000,0.000000,0.000000,0.000000,0.000000,0.000000,1.000000,0.000000,0.000000,0.000000,0.000000,0.000000,0.000000,27495,180,254,74
"-6,-8",26,63122,5,1,743,2,1,6,21,0,0,0,1.000000,0.000000,0.000000,0.000000,0.000000,0.000000,0.000000,1.000000,0.000000,0.000000,0.000000,0.000000,0.000000,0.000000,27495,180,244,64
"-6,-7",29,63115,6,1,743,2,1,5,19,0,0,0,1.000000,0.000000,0.000000,0.000000,0.000000,0.000000,0.000000,1.000000,0.000000,0.000000,0.000000,0.000000,0.000000,0.000000,27495,180,254,74
"-6,-6",30,63107,6,1,744,2,1,6,20,0,0,0,1.000000,0.000000,0.000000,0.000000,0.000000,0.000000,0.000000,0.996094,0.003906,0.000000,0.000000,0.000000,0.000000,0.000000,27495,180,259,79
"-6,-5",30,63100,6,1,743,2,1,5,12,0,0,0,1.000000,0.000000,0.000000,0.000000,0.000000,0.000000,0.000000,0.992157,0.007843,0.000000,0.000000,0.000000,0.000000,0.000000,27495,180,259,79
"-6,-4",38,63091,6,1,743,2,1,8,36,0,0,0,1.000000,0.000000,0.000000,0.000000,0.000000,0.000000,0.000000,0.996516,0.003484,0.000000,0.000000,0.000000,0.000000,0.000000,27495,180,292,112
"-6,-3",31,63084,6,1,741,2,1,5,53,0,0,0,1.000000,0.000000,0.000000,0.000000,0.000000,0.000000,0.000000,1.000000,0.000000,0.000000,0.000000,0.000000,0.000000,0.000000,27495,180,261,81
"-6,-2",34,63087,7,1,743,2,1,7,12,0,0,0,1.000000,0.000000,0.000000,0.000000,0.000000,0.000000,0.000000,1.000000,0.000000,0.000000,0.000000,0.000000,0.000000,0.000000,27495,180,275,95
"-6,-1",30,63090,7,1,745,2,1,5,12,0,0,0,1.000000,0.000000,0.000000,0.000000,0.000000,0.000000,0.000000,0.996109,0.003891,0.000000,0.000000,0.000000,0.000000,0.000000,27561,181,259,78
"-6,0",33,63093,7,1,742,2,1,8,17,0,0,0,1.000000,0.000000,0.000000,0.000000,0.000000,0.000000,0.000000,1.000000,0.000000,0.000000,0.000000,0.000000,0.000000,0.000000,27495,180,271,91
"-6,1",29,63096,7,1,741,2,1,5,64,0,0,0,0.988889,0.011111,0.000000,0.000000,0.000000,0.000000,0.000000,1.000000,0.000000,0.000000,0.000000,0.000000,0.000000,0.000000,27495,180,257,77
"-6,2",30,63099,7,1,744,2,1,6,12,0,0,0,1.000000,0.000000,0.000000,0.000000,0.000000,0.000000,0.000000,0.988281,0.011719,0.000000,0.000000,0.000000,0.000000,0.000000,27495,180,258,78
"-6,3",26,63092,6,1,744,2,1,4,9,0,0,0,1.000000,0.000000,0.000000,0.000000,0.000000,0.000000,0.000000,0.995833,0.004167,0.000000,0.000000,0.000000,0.000000,0.000000,27495,180,244,64
"-6,4",29,63085,6,1,744,2,1,6,11,0,0,0,1.000000,0.000000,0.000000,0.000000,0.000000,0.000000,0.000000,0.996063,0.003937,0.000000,0.000000,0.000000,0.000000,0.000000,27495,180,256,76
"-6,5",24,63078,6,1,743,2,1,4,5,0,0,0,1.000000,0.000000,0.000000,0.000000,0.000000,0.000000,0.000000,1.000000,0.000000,0.000000,0.000000,0.000000,0.000000,0.000000,27495,180,238,58
"-6,6",26,63071,6,1,746,2,1,6,10,0,0,0,1.000000,0.000000,0.000000,0.000000,0.000000,0.000000,0.000000,0.995902,0.004098,0.000000,0.000000,0.000000,0.000000,0.000000,27495,180,246,66
"-6,7",30,63064,6,1,742,2,1,5,19,0,0,0,1.000000,0.000000,0.000000,0.000000,0.000000,0.000000,0.000000,0.996109,0.003891,0.000000,0.000000,0.000000,0.000000,0.000000,27495,180,258,78
"-6,8",35,63045,5,1,745,2,1,8,15,0,0,0,1.000000,0.000000,0.000000,0.000000,0.000000,0.000000,0.000000,0.992780,0.007220,0.000000,0.000000,0.000000,0.000000,0.000000,27495,180,278,98
"-6,9",29,63027,5,1,743,2,1,5,10,0,0,0,1.000000,0.000000,0.000000,0.000000,0.000000,0.000000,0.000000,0.996109,0.003891,0.000000,0.000000,0.000000,0.000000,0.000000,27495,180,257,77
"-6,10",0,63027,0,0,638,4,99999,99999,99999,99999,99999,99999,0.000000,0.000000,0.000000,0.000000,0.000000,0.000000,0.000000,0.000000,0.000000,0.000000,0.000000,0.000000,0.000000,0.000000,0,0,0,0
"-6,11",0,63027,0,0,634,4,99999,99999,99999,99999,99999,99999,0.000000,0.000000,0.000000,0.000000,0.000000,0.000000,0.000000,0.000000,0.000000,0.000000,0.000000,0.000000,0.000000,0.000000,0,0,0,0
"-6,12",0,63027,0,0,636,4,99999,99999,99999,99999,99999,99999,0.000000,0.000000,0.000000,0.000000,0.000000,0.000000,0.000000,0.000000,0.000000,0.000000,0.000000,0.000000,0.000000,0.000000,0,0,0,0
"-6,13",0,63027,0,0,633,4,99999,99999,99999,99999,99999,99999,0.000000,0.000000,0.000000,0.000000,0.000000,0.000000,0.000000,0.000000,0.000000,0.000000,0.000000,0.000000,0.000000,0.000000,0,0,0,0
"-6,14",0,63027,0,0,632,4,99999,99999,99999,99999,99999,99999,0.000000,0.000000,0.000000,0.000000,0.000000,0.000000,0.000000,0.000000,0.000000,0.000000,0.000000,0.000000,0.000000,0.000000,0,0,0,0
"-6,15",0,63027,0,0,636,4,99999,99999,99999,99999,99999,99999,0.000000,0.000000,0.000000,0.000000,0.000000,0.000000,0.000000,0.000000,0.000000,0.000000,0.000000,0.000000,0.000000,0.000000,0,0,0,0
"-6,16",0,63027,0,0,633,4,99999,99999,99999,99999,99999,99999,0.000000,0.000000,0.000000,0.000000,0.000000,0.000000,0.000000,0.000000,0.000000,0.000000,0.000000,0.000000,0.000000,0.000000,0,0,0,0
"-6,17",0,63027,0,0,632,4,99999,99999,99999,99999,99999,99999,0.000000,0.000000,0.000000,0.000000,0.000000,0.000000,0.000000,0.000000,0.000000,0.000000,0.000000,0.000000,0.000000,0.000000,0,0,0,0
"-6,18",0,63027,0,0,634,4,99999,99999,99999,99999,99999,99999,0.000000,0.000000,0.000000,0.000000,0.000000,0.000000,0.000000,0.000000,0.000000,0.000000,0.000000,0.000000,0.000000,0.000000,0,0,0,0
"-6,19",0,63027,0,0,634,4,99999,99999,99999,99999,99999,99999,0.000000,0.000000,0.000000,0.000000,0.000000,0.000000,0.000000,0.000000,0.000000,0.000000,0.000000,0.000000,0.000000,0.000000,0,0,0,0
"-6,20",0,63027,0,0,637,4,99999,99999,99999,99999,99999,99999,0.000000,0.000000,0.000000,0.000000,0.000000,0.000000,0.000000,0.000000,0.000000,0.000000,0.000000,0.000000,0.000000,0.000000,0,0,0,0
"-6,21",0,63027,0,0,628,4,99999,99999,99999,99999,99999,99999,0.000000,0.000000,0.000000,0.000000,0.000000,0.000000,0.000000,0.000000,0.000000,0.000000,0.000000,0.000000,0.000000,0.000000,0,0,0,0
"-6,22",0,63027,0,0,631,4,99999,99999,99999,99999,99999,99999,0.000000,0.000000,0.000000,0.000000,0.000000,0.000000,0.000000,0.000000,0.000000,0.000000,0.000000,0.000000,0.000000,0.000000,0,0,0,0
"-6,23",0,63027,0,0,631,4,99999,99999,99999,99999,99999,99999,0.000000,0.000000,0.000000,0.000000,0.000000,0.000000,0.000000,0.000000,0.000000,0.000000,0.000000,0.000000,0.000000,0.000000,0,0,0,0
"-6,24",0,63027,0,0,631,4,99999,99999,99999,99999,99999,99999,0.000000,0.000000,0.000000,0.000000,0.000000,0.000000,0.000000,0.000000,0.000000,0.000000,0.000000,0.000000,0.000000,0.000000,0,0,0,0
"-6,25",0,63027,0,0,630,4,99999,99999,99999,99999,99999,99999,0.000000,0.000000,0.000000,0.000000,0.000000,0.000000,0.000000,0.000000,0.000000,0.000000,0.000000,0.000000,0.000000,0.000000,0,0,0,0
"-6,26",0,63027,0,0,59,4,99999,99999,99999,99999,99999,99999,0.000000,0.000000,0.000000,0.000000,0.000000,0.000000,0.000000,0.000000,0.000000,0.000000,0.000000,0.000000,0.000000,0.000000,0,0,0,0
"-5,-26",0,63027,0,0,60,4,99999,99999,99999,99999,99999,99999,0.000000,0.000000,0.000000,0.000000,0.000000,0.000000,0.000000,0.000000,0.000000,0.000000,0.000000,0.000000,0.000000,0.000000,0,0,0,0
"-5,-25",0,63027,0,0,635,4,99999,99999,99999,99999,99999,99999,0.000000,0.000000,0.000000,0.000000,0.000000,0.000000,0.000000,0.000000,0.000000,0.000000,0.000000,0.000000,0.000000,0.000000,0,0,0,0
"-5,-24",0,63027,0,0,635,4,99999,99999,99999,99999,99999,99999,0.000000,0.000000,0.000000,0.000000,0.000000,0.000000,0.000000,0.000000,0.000000,0.000000,0.000000,0.000000,0.000000,0.000000,0,0,0,0
"-5,-23",0,63027,0,0,632,4,99999,99999,99999,99999,99999,99999,0.000000,0.000000,0.000000,0.000000,0.000000,0.000000,0.000000,0.000000,0.000000,0.000000,0.000000,0.000000,0.000000,0.000000,0,0,0,0
"-5,-22",0,63027,0,0,634,4,99999,99999,99999,99999,99999,99999,0.000000,0.000000,0.000000,0.000000,0.000000,0.000000,0.000000,0.000000,0.000000,0.000000,0.000000,0.000000,0.000000,0.000000,0,0,0,0
"-5,-21",0,63027,0,0,634,4,99999,99999,99999,99999,99999,99999,0.000000,0.000000,0.000000,0.000000,0.000000,0.000000,0.000000,0.000000,0.000000,0.000000,0.000000,0.000000,0.000000,0.000000,0,0,0,0
"-5,-20",0,63027,0,0,636,4,99999,99999,99999,99999,99999,99999,0.000000,0.000000,0.000000,0.000000,0.000000,0.000000,0.000000,0.000000,0.000000,0.000000,0.000000,0.000000,0.000000,0.000000,0,0,0,0
"-5,-19",0,63027,0,0,633,4,99999,99999,99999,99999,99999,99999,0.000000,0.000000,0.000000,0.000000,0.000000,0.000000,0.000000,0.000000,0.000000,0.000000,0.000000,0.000000,0.000000,0.000000,0,0,0,0
"-5,-18",0,63027,0,0,633,4,99999,99999,99999,99999,99999,99999,0.000000,0.000000,0.000000,0.000000,0.000000,0.000000,0.000000,0.000000,0.000000,0.000000,0.000000,0.000000,0.000000,0.000000,0,0,0,0
"-5,-17",0,63027,0,0,632,4,99999,99999,99999,99999,99999,99999,0.000000,0.000000,0.000000,0.000000,0.000000,0.000000,0.000000,0.000000,0.000000,0.000000,0.000000,0.000000,0.000000,0.000000,0,0,0,0
"-5,-16",0,63027,0,0,633,4,99999,99999,99999,99999,99999,99999,0.000000,0.000000,0.000000,0.000000,0.000000,0.000000,0.000000,0.000000,0.000000,0.000000,0.000000,0.000000,0.000000,0.000000,0,0,0,0
"-5,-15",0,63027,0,0,630,4,99999,99999,99999,99999,99999,99999,0.000000,0.000000,0.000000,0.000000,0.000000,0.000000,0.000000,0.000000,0.000000,0.000000,0.000000,0.000000,0.000000,0.000000,0,0,0,0
"-5,-14",0,63027,0,0,631,4,99999,99999,99999,99999,99999,99999,0.000000,0.000000,0.000000,0.000000,0.000000,0.000000,0.000000,0.000000,0.000000,0.000000,0.000000,0.000000,0.000000,0.000000,0,0,0,0
"-5,-13",0,63027,0,0,633,4,99999,99999,99999,99999,99999,99999,0.000000,0.000000,0.000000,0.000000,0.000000,0.000000,0.000000,0.000000,0.000000,0.000000,0.000000,0.000000,0.000000,0.000000,0,0,0,0
"-5,-12",0,63027,0,0,636,4,99999,99999,99999,99999,99999,99999,0.000000,0.000000,0.000000,0.000000,0.000000,0.000000,0.000000,0.000000,0.000000,0.000000,0.000000,0.000000,0.000000,0.000000,0,0,0,0
"-5,-11",0,63027,0,0,632,4,99999,99999,99999,99999,99999,99999,0.000000,0.000000,0.000000,0.000000,0.000000,0.000000,0.000000,0.000000,0.000000,0.000000,0.000000,0.000000,0.000000,0.000000,0,0,0,0
"-5,-10",0,63027,0,0,631,4,99999,99999,99999,99999,99999,99999,0.000000,0.000000,0.000000,0.000000,0.000000,0.000000,0.000000,0.000000,0.000000,0.000000,0.000000,0.000000,0.000000,0.000000,0,0,0,0
"-5,-9",0,63027,0,0,632,4,99999,99999,99999,99999,99999,99999,0.000000,0.000000,0.000000,0.000000,0.000000,0.000000,0.000000,0.000000,0.000000,0.000000,0.000000,0.000000,0.000000,0.000000,0,0,0,0
"-5,-8",24,63010,5,1,745,2,1,4,14,0,0,0,1.000000,0.000000,0.000000,0.000000,0.000000,0.000000,0.000000,0.995816,0.004184,0.000000,0.000000,0.000000,0.000000,0.000000,27495,180,240,60
"-5,-7",27,62994,5,1,743,2,1,4,8,0,0,0,1.000000,0.000000,0.000000,0.000000,0.000000,0.000000,0.000000,0.991870,0.008130,0.000000,0.000000,0.000000,0.000000,0.000000,27495,180,247,67
"-5,-6",32,62976,5,1,745,2,1,7,10,0,0,0,1.000000,0.000000,0.000000,0.000000,0.000000,0.000000,0.000000,0.996212,0.003788,0.000000,0.000000,0.000000,0.000000,0.000000,27495,180,265,85
"-5,-5",30,62969,6,1,745,2,1,6,9,0,0,0,1.000000,0.000000,0.000000,0.000000,0.000000,0.000000,0.000000,0.996078,0.003922,0.000000,0.000000,0.000000,0.000000,0.000000,27495,180,259,79
"-5,-4",32,62961,6,1,742,2,1,6,15,0,0,1,1.000000,0.000000,0.000000,0.000000,0.000000,0.000000,0.000000,0.977444,0.022556,0.000000,0.000000,0.000000,0.000000,0.000000,27495,180,267,87
"-5,-3",27,62955,6,1,743,2,1,5,13,0,0,0,1.000000,0.000000,0.000000,0.000000,0.000000,0.000000,0.000000,0.995968,0.004032,0.000000,0.000000,0.000000,0.000000,0.000000,27495,180,250,70
"-5,-2",35,62947,6,1,742,2,1,5,15,0,0,0,1.000000,0.000000,0.000000,0.000000,0.000000,0.000000,0.000000,1.000000,0.000000,0.000000,0.000000,0.000000,0.000000,0.000000,27495,180,278,98
"-5,-1",29,62940,6,1,746,2,1,5,7,0,0,0,1.000000,0.000000,0.000000,0.000000,0.000000,0.000000,0.000000,0.988189,0.011811,0.000000,0.000000,0.000000,0.000000,0.000000,27495,180,257,77
"-5,0",28,62933,6,1,745,2,1,5,41,0,0,1,0.994475,0.005525,0.000000,0.000000,0.000000,0.000000,0.000000,0.987952,0.012048,0.000000,0.000000,0.000000,0.000000,0.000000,27561,181,252,71
"-5,1",28,62927,6,1,741,2,1,6,12,0,0,0,1.000000,0.000000,0.000000,0.000000,0.000000,0.000000,0.000000,1.000000,0.000000,0.000000,0.000000,0.000000,0.000000,0.000000,27495,180,253,73
"-5,2",31,62920,6,1,745,2,1,5,13,0,0,0,1.000000,0.000000,0.000000,0.000000,0.000000,0.000000,0.000000,1.000000,0.000000,0.000000,0.000000,0.000000,0.000000,0.000000,27495,180,264,84
"-5,3",30,62913,6,1,744,2,1,5,12,0,0,0,1.000000,0.000000,0.000000,0.000000,0.000000,0.000000,0.000000,0.996124,0.003876,0.000000,0.000000,0.000000,0.000000,0.000000,27495,180,258,78
"-5,4",30,62906,6,1,742,2,1,5,9,0,0,0,1.000000,0.000000,0.000000,0.000000,0.000000,0.000000,0.000000,1.000000,0.000000,0.000000,0.000000,0.000000,0.000000,0.000000,27495,180,259,79
"-5,5",31,62899,6,1,744,2,1,7,18,0,0,1,1.000000,0.000000,0.000000,0.000000,0.000000,0.000000,0.000000,0.984674,0.015326,0.000000,0.000000,0.000000,0.000000,0.000000,27495,180,264,84
"-5,6",28,62882,5,1,741,2,1,5,12,0,0,0,1.000000,0.000000,0.000000,0.000000,0.000000,0.000000,0.000000,1.000000,0.000000,0.000000,0.000000,0.000000,0.000000,0.000000,27495,180,252,72
"-5,7",33,62865,5,1,744,2,1,6,12,0,0,0,1.000000,0.000000,0.000000,0.000000,0.000000,0.000000,0.000000,1.000000,0.000000,0.000000,0.000000,0.000000,0.000000,0.000000,27495,180,271,91
"-5,8",29,62848,5,1,743,2,1,5,11,0,0,0,1.000000,0.000000,0.000000,0.000000,0.000000,0.000000,0.000000,0.992095,0.007905,0.000000,0.000000,0.000000,0.000000,0.000000,27495,180,255,75
"-5,9",0,62848,0,0,628,4,99999,99999,99999,99999,99999,99999,0.000000,0.000000,0.000000,0.000000,0.000000,0.000000,0.000000,0.000000,0.000000,0.000000,0.000000,0.000000,0.000000,0.000000,0,0,0,0
"-5,10",0,62848,0,0,637,4,99999,99999,99999,99999,99999,99999,0.000000,0.000000,0.000000,0.000000,0.000000,0.000000,0.000000,0.000000,0.000000,0.000000,0.000000,0.000000,0.000000,0.000000,0,0,0,0
"-5,11",0,62848,0,0,635,4,99999,99999,99999,99999,99999,99999,0.000000,0.000000,0.000000,0.000000,0.000000,0.000000,0.000000,0.000000,0.000000,0.000000,0.000000,0.000000,0.000000,0.000000,0,0,0,0
"-5,12",0,62848,0,0,632,4,99999,99999,99999,99999,99999,99999,0.000000,0.000000,0.000000,0.000000,0.000000,0.000000,0.000000,0.000000,0.000000,0.000000,0.000000,0.000000,0.000000,0.000000,0,0,0,0
"-5,13",0,62848,0,0,632,4,99999,99999,99999,99999,99999,99999,0.000000,0.000000,0.000000,0.000000,0.000000,0.000000,0.000000,0.000000,0.000000,0.000000,0.000000,0.000000,0.000000,0.000000,0,0,0,0
"-5,14",0,62848,0,0,635,4,99999,99999,99999,99999,99999,99999,0.000000,0.000000,0.000000,0.000000,0.000000,0.000000,0.000000,0.000000,0.000000,0.000000,0.000000,0.000000,0.000000,0.000000,0,0,0,0
"-5,15",0,62848,0,0,631,4,99999,99999,99999,99999,99999,99999,0.000000,0.000000,0.000000,0.000000,0.000000,0.000000,0.000000,0.000000,0.000000,0.000000,0.000000,0.000000,0.000000,0.000000,0,0,0,0
"-5,16",0,62848,0,0,631,4,99999,99999,99999,99999,99999,99999,0.000000,0.000000,0.000000,0.000000,0.000000,0.000000,0.000000,0.000000,0.000000,0.000000,0.000000,0.000000,0.000000,0.000000,0,0,0,0
"-5,17",0,62848,0,0,634,4,99999,99999,99999,99999,99999,99999,0.000000,0.000000,0.000000,0.000000,0.000000,0.000000,0.000000,0.000000,0.000000,0.000000,0.000000,0.000000,0.000000,0.000000,0,0,0,0
"-5,18",0,62848,0,0,633,4,99999,99999,99999,99999,99999,99999,0.000000,0.000000,0.000000,0.000000,0.000000,0.000000,0.000000,0.000000,0.000000,0.000000,0.000000,0.000000,0.000000,0.000000,0,0,0,0
"-5,19",0,62848,0,0,635,4,99999,99999,99999,99999,99999,99999,0.000000,0.000000,0.000000,0.000000,0.000000,0.000000,0.000000,0.000000,0.000000,0.000000,0.000000,0.000000,0.000000,0.000000,0,0,0,0
"-5,20",0,62848,0,0,634,4,99999,99999,99999,99999,99999,99999,0.000000,0.000000,0.000000,0.000000,0.000000,0.000000,0.000000,0.000000,0.000000,0.000000,0.000000,0.000000,0.000000,0.000000,0,0,0,0
"-5,21",0,62848,0,0,633,4,99999,99999,99999,99999,99999,99999,0.000000,0.000000,0.000000,0.000000,0.000000,0.000000,0.000000,0.000000,0.000000,0.000000,0.000000,0.000000,0.000000,0.000000,0,0,0,0
"-5,22",0,62848,0,0,632,4,99999,99999,99999,99999,99999,99999,0.000000,0.000000,0.000000,0.000000,0.000000,0.000000,0.000000,0.000000,0.000000,0.000000,0.000000,0.000000,0.000000,0.000000,0,0,0,0
"-5,23",0,62848,0,0,632,4,99999,99999,99999,99999,99999,99999,0.000000,0.000000,0.000000,0.000000,0.000000,0.000000,0.000000,0.000000,0.000000,0.000000,0.000000,0.000000,0.000000,0.000000,0,0,0,0
"-5,24",0,62848,0,0,633,4,99999,99999,99999,99999,99999,99999,0.000000,0.000000,0.000000,0.000000,0.000000,0.000000,0.000000,0.000000,0.000000,0.000000,0.000000,0.000000,0.000000,0.000000,0,0,0,0
"-5,25",0,62848,0,0,634,4,99999,99999,99999,99999,99999,99999,0.000000,0.000000,0.000000,0.000000,0.000000,0.000000,0.000000,0.000000,0.000000,0.000000,0.000000,0.000000,0.000000,0.000000,0,0,0,0
"-5,26",0,62848,0,0,60,4,99999,99999,99999,99999,99999,99999,0.000000,0.000000,0.000000,0.000000,0.000000,0.000000,0.000000,0.000000,0.000000,0.000000,0.000000,0.000000,0.000000,0.000000,0,0,0,0
"-4,-26",0,62848,0,0,60,4,99999,99999,99999,99999,99999,99999,0.000000,0.000000,0.000000,0.000000,0.000000,0.000000,0.000000,0.000000,0.000000,0.000000,0.000000,0.000000,0.000000,0.000000,0,0,0,0
"-4,-25",0,62848,0,0,60,4,99999,99999,99999,99999,99999,99999,0.000000,0.000000,0.000000,0.000000,0.000000,0.000000,0.000000,0.000000,0.000000,0.000000,0.000000,0.000000,0.000000,0.000000,0,0,0,0
"-4,-24",0,62848,0,0,633,4,99999,99999,99999,99999,99999,99999,0.000000,0.000000,0.000000,0.000000,0.000000,0.000000,0.000000,0.000000,0.000000,0.000000,0.000000,0.000000,0.000000,0.000000,0,0,0,0
"-4,-23",0,62848,0,0,634,4,99999,99999,99999,99999,99999,99999,0.000000,0.000000,0.000000,0.000000,0.000000,0.000000,0.000000,0.000000,0.000000,0.000000,0.000000,0.000000,0.000000,0.000000,0,0,0,0
"-4,-22",0,62848,0,0,634,4,99999,99999,99999,99999,99999,99999,0.000000,0.000000,0.000000,0.000000,0.000000,0.000000,0.000000,0.000000,0.000000,0.000000,0.000000,0.000000,0.000000,0.000000,0,0,0,0
"-4,-21",0,62848,0,0,633,4,99999,99999,99999,99999,99999,99999,0.000000,0.000000,0.000000,0.000000,0.000000,0.000000,0.000000,0.000000,0.000000,0.000000,0.000000,0.000000,0.000000,0.000000,0,0,0,0
"-4,-20",0,62848,0,0,632,4,99999,99999,99999,99999,99999,99999,0.000000,0.000000,0.000000,0.000000,0.000000,0.000000,0.000000,0.000000,0.000000,0.000000,0.000000,0.000000,0.000000,0.000000,0,0,0,0
"-4,-19",0,62848,0,0,633,4,99999,99999,99999,99999,99999,99999,0.000000,0.000000,0.000000,0.000000,0.000000,0.000000,0.000000,0.000000,0.000000,0.000000,0.000000,0.000000,0.000000,0.000000,0,0,0,0
"-4,-18",0,62848,0,0,635,4,99999,99999,99999,99999,99999,99999,0.000000,0.000000,0.000000,0.000000,0.000000,0.000000,0.000000,0.000000,0.000000,0.000000,0.000000,0.000000,0.000000,0.000000,0,0,0,0
"-4,-17",0,62848,0,0,633,4,99999,99999,99999,99999,99999,99999,0.000000,0.000000,0.000000,0.000000,0.000000,0.000000,0.000000,0.000000,0.000000,0.000000,0.000000,0.000000,0.000000,0.000000,0,0,0,0
"-4,-16",0,62848,0,0,632,4,99999,99999,99999,99999,99999,99999,0.000000,0.000000,0.000000,0.000000,0.000000,0.000000,0.000000,0.000000,0.000000,0.000000,0.000000,0.000000,0.000000,0.000000,0,0,0,0
"-4,-15",0,62848,0,0,634,4,99999,99999,99999,99999,99999,99999,0.000000,0.000000,0.000000,0.000000,0.000000,0.000000,0.000000,0.000000,0.000000,0.000000,0.000000,0.000000,0.000000,0.000000,0,0,0,0
"-4,-14",0,62848,0,0,630,4,99999,99999,99999,99999,99999,99999,0.000000,0.000000,0.000000,0.000000,0.000000,0.000000,0.000000,0.000000,0.000000,0.000000,0.000000,0.000000,0.000000,0.000000,0,0,0,0
"-4,-13",0,62848,0,0,630,4,99999,99999,99999,99999,99999,99999,0.000000,0.000000,0.000000,0.000000,0.000000,0.000000,0.000000,0.000000,0.000000,0.000000,0.000000,0.000000,0.000000,0.000000,0,0,0,0
"-4,-12",0,62848,0,0,632,4,99999,99999,99999,99999,99999,99999,0.000000,0.000000,0.000000,0.000000,0.000000,0.000000,0.000000,0.000000,0.000000,0.000000,0.000000,0.000000,0.000000,0.000000,0,0,0,0
"-4,-11",0,62848,0,0,632,4,99999,99999,99999,99999,99999,99999,0.000000,0.000000,0.000000,0.000000,0.000000,0.000000,0.000000,0.000000,0.000000,0.000000,0.000000,0.000000,0.000000,0.000000,0,0,0,0
"-4,-10",0,62848,0,0,629,4,99999,99999,99999,99999,99999,99999,0.000000,0.000000,0.000000,0.000000,0.000000,0.000000,0.000000,0.000000,0.000000,0.000000,0.000000,0.000000,0.000000,0.000000,0,0,0,0
"-4,-9",0,62848,0,0,637,4,99999,99999,99999,99999,99999,99999,0.000000,0.000000,0.000000,0.000000,0.000000,0.000000,0.000000,0.000000,0.000000,0.000000,0.000000,0.000000,0.000000,0.000000,0,0,0,0
"-4,-8",0,62848,0,0,632,4,99999,99999,99999,99999,99999,99999,0.000000,0.000000,0.000000,0.000000,0.000000,0.000000,0.000000,0.000000,0.000000,0.000000,0.000000,0.000000,0.000000,0.000000,0,0,0,0
"-4,-7",0,62848,0,0,637,4,99999,99999,99999,99999,99999,99999,0.000000,0.000000,0.000000,0.000000,0.000000,0.000000,0.000000,0.000000,0.000000,0.000000,0.000000,0.000000,0.000000,0.000000,0,0,0,0
"-4,-6",31,62831,5,1,744,2,1,5,11,0,0,0,1.000000,0.000000,0.000000,0.000000,0.000000,0.000000,0.000000,0.992278,0.007722,0.000000,0.000000,0.000000,0.000000,0.000000,27495,180,261,81
"-4,-5",28,62815,5,1,744,2,1,5,9,0,0,0,1.000000,0.000000,0.000000,0.000000,0.000000,0.000000,0.000000,1.000000,0.000000,0.000000,0.000000,0.000000,0.000000,0.000000,27495,180,252,72
"-4,-4",32,62798,5,1,743,2,1,4,12,0,0,0,1.000000,0.000000,0.000000,0.000000,0.000000,0.000000,0.000000,0.992453,0.007547,0.000000,0.000000,0.000000,0.000000,0.000000,27495,180,267,87
"-4,-3",29,62781,5,1,742,2,1,5,10,0,0,0,1.000000,0.000000,0.000000,0.000000,0.000000,0.000000,0.000000,0.992218,0.007782,0.000000,0.000000,0.000000,0.000000,0.000000,27495,180,257,77
"-4,-2",23,62766,5,1,744,2,1,4,8,0,0,0,1.000000,0.000000,0.000000,0.000000,0.000000,0.000000,0.000000,0.991416,0.008584,0.000000,0.000000,0.000000,0.000000,0.000000,27495,180,234,54
"-4,-1",32,62749,5,1,741,2,1,6,15,0,0,0,1.000000,0.000000,0.000000,0.000000,0.000000,0.000000,0.000000,1.000000,0.000000,0.000000,0.000000,0.000000,0.000000,0.000000,27495,180,265,85
"-4,0",23,62733,5,1,745,2,1,5,14,0,0,0,1.000000,0.000000,0.000000,0.000000,0.000000,0.000000,0.000000,0.995726,0.004274,0.000000,0.000000,0.000000,0.000000,0.000000,27495,180,235,55
"-4,1",30,62717,5,1,741,2,1,5,10,0,0,0,1.000000,0.000000,0.000000,0.000000,0.000000,0.000000,0.000000,0.992218,0.007782,0.000000,0.000000,0.000000,0.000000,0.000000,27495,180,259,79
"-4,2",29,62701,5,1,743,2,1,5,13,0,0,0,1.000000,0.000000,0.000000,0.000000,0.000000,0.000000,0.000000,0.992063,0.007937,0.000000,0.000000,0.000000,0.000000,0.000000,27561,181,255,74
"-4,3",29,62685,5,1,743,2,1,7,15,0,0,0,1.000000,0.000000,0.000000,0.000000,0.000000,0.000000,0.000000,0.996078,0.003922,0.000000,0.000000,0.000000,0.000000,0.000000,27495,180,255,75
"-4,4",29,62668,5,1,746,2,1,4,8,0,0,0,1.000000,0.000000,0.000000,0.000000,0.000000,0.000000,0.000000,0.996047,0.003953,0.000000,0.000000,0.000000,0.000000,0.000000,27495,180,256,76
"-4,5",32,62652,5,1,745,2,1,6,9,0,0,0,1.000000,0.000000,0.000000,0.000000,0.000000,0.000000,0.000000,0.992424,0.007576,0.000000,0.000000,0.000000,0.000000,0.000000,27495,180,265,85
"-4,6",31,62636,5,1,744,2,1,6,11,0,0,0,1.000000,0.000000,0.000000,0.000000,0.000000,0.000000,0.000000,1.000000,0.000000,0.000000,0.000000,0.000000,0.000000,0.000000,27495,180,264,84
"-4,7",0,62636,0,0,632,4,99999,99999,99999,99999,99999,99999,0.000000,0.000000,0.000000,0.000000,0.000000,0.000000,0.000000,0.000000,0.000000,0.000000,0.000000,0.000000,0.000000,0.000000,0,0,0,0
"-4,8",0,62636,0,0,632,4,99999,99999,99999,99999,99999,99999,0.000000,0.000000,0.000000,0.000000,0.000000,0.000000,0.000000,0.000000,0.000000,0.000000,0.000000,0.000000,0.000000,0.000000,0,0,0,0
"-4,9",0,62636,0,0,634,4,99999,99999,99999,99999,99999,99999,0.000000,0.000000,0.000000,0.000000,0.000000,0.000000,0.000000,0.000000,0.000000,0.000000,0.000000,0.000000,0.000000,0.000000,0,0,0,0
"-4,10",0,62636,0,0,630,4,99999,99999,99999,99999,99999,99999,0.000000,0.000000,0.000000,0.000000,0.000000,0.000000,0.000000,0.000000,0.000000,0.000000,0.000000,0.000000,0.000000,0.000000,0,0,0,0
"-4,11",0,62636,0,0,632,4,99999,99999,99999,99999,99999,99999,0.000000,0.000000,0.000000,0.000000,0.000000,0.000000,0.000000,0.000000,0.000000,0.000000,0.000000,0.000000,0.000000,0.000000,0,0,0,0
"-4,12",0,62636,0,0,634,4,99999,99999,99999,99999,99999,99999,0.000000,0.000000,0.000000,0.000000,0.000000,0.000000,0.000000,0.000000,0.000000,0.000000,0.000000,0.000000,0.000000,0.000000,0,0,0,0
"-4,13",0,62636,0,0,636,4,99999,99999,99999,99999,99999,99999,0.000000,0.000000,0.000000,0.000000,0.000000,0.000000,0.000000,0.000000,0.000000,0.000000,0.000000,0.000000,0.000000,0.000000,0,0,0,0
"-4,14",0,62636,0,0,635,4,99999,99999,99999,99999,99999,99999,0.000000,0.000000,0.000000,0.000000,0.000000,0.000000,0.000000,0.000000,0.000000,0.000000,0.000000,0.000000,0.000000,0.000000,0,0,0,0
"-4,15",0,62636,0,0,636,4,99999,99999,99999,99999,99999,99999,0.000000,0.000000,0.000000,0.000000,0.000000,0.000000,0.000000,0.000000,0.000000,0.000000,0.000000,0.000000,0.000000,0.000000,0,0,0,0
"-4,16",0,62636,0,0,634,4,99999,99999,99999,99999,99999,99999,0.000000,0.000000,0.000000,0.000000,0.000000,0.000000,0.000000,0.000000,0.000000,0.000000,0.000000,0.000000,0.000000,0.000000,0,0,0,0
"-4,17",0,62636,0,0,636,4,99999,99999,99999,99999,99999,99999,0.000000,0.000000,0.000000,0.000000,0.000000,0.000000,0.000000,0.000000,0.000000,0.000000,0.000000,0.000000,0.000000,0.000000,0,0,0,0
"-4,18",0,62636,0,0,631,4,99999,99999,99999,99999,99999,99999,0.000000,0.000000,0.000000,0.000000,0.000000,0.000000,0.000000,0.000000,0.000000,0.000000,0.000000,0.000000,0.000000,0.000000,0,0,0,0
"-4,19",0,62636,0,0,633,4,99999,99999,99999,99999,99999,99999,0.000000,0.000000,0.000000,0.000000,0.000000,0.000000,0.000000,0.000000,0.000000,0.000000,0.000000,0.000000,0.000000,0.000000,0,0,0,0
"-4,20",0,62636,0,0,633,4,99999,99999,99999,99999,99999,99999,0.000000,0.000000,0.000000,0.000000,0.000000,0.000000,0.000000,0.000000,0.000000,0.000000,0.000000,0.000000,0.000000,0.000000,0,0,0,0
"-4,21",0,62636,0,0,630,4,99999,99999,99999,99999,99999,99999,0.000000,0.000000,0.000000,0.000000,0.000000,0.000000,0.000000,0.000000,0.000000,0.000000,0.000000,0.000000,0.000000,0.000000,0,0,0,0
"-4,22",0,62636,0,0,634,4,99999,99999,99999,99999,99999,99999,0.000000,0.000000,0.000000,0.000000,0.000000,0.000000,0.000000,0.000000,0.000000,0.000000,0.000000,0.000000,0.000000,0.000000,0,0,0,0
"-4,23",0,62636,0,0,633,4,99999,99999,99999,99999,99999,99999,0.000000,0.000000,0.000000,0.000000,0.000000,0.000000,0.000000,0.000000,0.000000,0.000000,0.000000,0.000000,0.000000,0.000000,0,0,0,0
"-4,24",0,62636,0,0,634,4,99999,99999,99999,99999,99999,99999,0.000000,0.000000,0.000000,0.000000,0.000000,0.000000,0.000000,0.000000,0.000000,0.000000,0.000000,0.000000,0.000000,0.000000,0,0,0,0
"-4,25",0,62636,0,0,60,4,99999,99999,99999,99999,99999,99999,0.000000,0.000000,0.000000,0.000000,0.000000,0.000000,0.000000,0.000000,0.000000,0.000000,0.000000,0.000000,0.000000,0.000000,0,0,0,0
"-4,26",0,62636,0,0,59,4,99999,99999,99999,99999,99999,99999,0.000000,0.000000,0.000000,0.000000,0.000000,0.000000,0.000000,0.000000,0.000000,0.000000,0.000000,0.000000,0.000000,0.000000,0,0,0,0
"-3,-26",0,62636,0,0,60,4,99999,99999,99999,99999,99999,99999,0.000000,0.000000,0.000000,0.000000,0.000000,0.000000,0.000000,0.000000,0.000000,0.000000,0.000000,0.000000,0.000000,0.000000,0,0,0,0
"-3,-25",0,62636,0,0,59,4,99999,99999,99999,99999,99999,99999,0.000000,0.000000,0.000000,0.000000,0.000000,0.000000,0.000000,0.000000,0.000000,0.000000,0.000000,0.000000,0.000000,0.000000,0,0,0,0
"-3,-24",0,62636,0,0,60,4,99999,99999,99999,99999,99999,99999,0.000000,0.000000,0.000000,0.000000,0.000000,0.000000,0.000000,0.000000,0.000000,0.000000,0.000000,0.000000,0.000000,0.000000,0,0,0,0
"-3,-23",0,62636,0,0,638,4,99999,99999,99999,99999,99999,99999,0.000000,0.000000,0.000000,0.000000,0.000000,0.000000,0.000000,0.000000,0.000000,0.000000,0.000000,0.000000,0.000000,0.000000,0,0,0,0
"-3,-22",0,62636,0,0,634,4,99999,99999,99999,99999,99999,99999,0.000000,0.000000,0.000000,0.000000,0.000000,0.000000,0.000000,0.000000,0.000000,0.000000,0.000000,0.000000,0.000000,0.000000,0,0,0,0
"-3,-21",0,62636,0,0,635,4,99999,99999,99999,99999,99999,99999,0.000000,0.000000,0.000000,0.000000,0.000000,0.000000,0.000000,0.000000,0.000000,0.000000,0.000000,0.000000,0.000000,0.000000,0,0,0,0
"-3,-20",0,62636,0,0,632,4,99999,99999,99999,99999,99999,99999,0.000000,0.000000,0.000000,0.000000,0.000000,0.000000,0.000000,0.000000,0.000000,0.000000,0.000000,0.000000,0.000000,0.000000,0,0,0,0
"-3,-19",0,62636,0,0,637,4,99999,99999,99999,99999,99999,99999,0.000000,0.000000,0.000000,0.000000,0.000000,0.000000,0.000000,0.000000,0.000000,0.000000,0.000000,0.000000,0.000000,0.000000,0,0,0,0
"-3,-18",0,62636,0,0,633,4,99999,99999,99999,99999,99999,99999,0.000000,0.000000,0.000000,0.000000,0.000000,0.000000,0.000000,0.000000,0.000000,0.000000,0.000000,0.000000,0.000000,0.000000,0,0,0,0
"-3,-17",0,62636,0,0,631,4,99999,99999,99999,99999,99999,99999,0.000000,0.000000,0.000000,0.000000,0.000000,0.000000,0.000000,0.000000,0.000000,0.000000,0.000000,0.000000,0.000000,0.000000,0,0,0,0
"-3,-16",0,62636,0,0,637,4,99999,99999,99999,99999,99999,99999,0.000000,0.000000,0.000000,0.000000,0.000000,0.000000,0.000000,0.000000,0.000000,0.000000,0.000000,0.000000,0.000000,0.000000,0,0,0,0
"-3,-15",0,62636,0,0,628,4,99999,99999,99999,99999,99999,99999,0.000000,0.000000,0.000000,0.000000,0.000000,0.000000,0.000000,0.000000,0.000000,0.000000,0.000000,0.000000,0.000000,0.000000,0,0,0,0
"-3,-14",0,62636,0,0,635,4,99999,99999,99999,99999,99999,99999,0.000000,0.000000,0.000000,0.000000,0.000000,0.000000,0.000000,0.000000,0.000000,0.000000,0.000000,0.000000,0.000000,0.000000,0,0,0,0
"-3,-13",0,62636,0,0,633,4,99999,99999,99999,99999,99999,99999,0.000000,0.000000,0.000000,0.000000,0.000000,0.000000,0.000000,0.000000,0.000000,0.000000,0.000000,0.000000,0.000000,0.000000,0,0,0,0
"-3,-12",0,62636,0,0,630,4,99999,99999,99999,99999,99999,99999,0.000000,0.000000,0.000000,0.000000,0.000000,0.000000,0.000000,0.000000,0.000000,0.000000,0.000000,0.000000,0.000000,0.000000,0,0,0,0
"-3,-11",0,62636,0,0,633,4,99999,99999,99999,99999,99999,99999,0.000000,0.000000,0.000000,0.000000,0.000000,0.000000,0.000000,0.000000,0.000000,0.000000,0.000000,0.000000,0.000000,0.000000,0,0,0,0
"-3,-10",0,62636,0,0,632,4,99999,99999,99999,99999,99999,99999,0.000000,0.000000,0.000000,0.000000,0.000000,0.000000,0.000000,0.000000,0.000000,0.000000,0.000000,0.000000,0.000000,0.000000,0,0,0,0
"-3,-9",0,62636,0,0,632,4,99999,99999,99999,99999,99999,99999,0.000000,0.000000,0.000000,0.000000,0.000000,0.000000,0.000000,0.000000,0.000000,0.000000,0.000000,0.000000,0.000000,0.000000,0,0,0,0
"-3,-8",0,62636,0,0,633,4,99999,99999,99999,99999,99999,99999,0.000000,0.000000,0.000000,0.000000,0.000000,0.000000,0.000000,0.000000,0.000000,0.000000,0.000000,0.000000,0.000000,0.000000,0,0,0,0
"-3,-7",0,62636,0,0,635,4,99999,99999,99999,99999,99999,99999,0.000000,0.000000,0.000000,0.000000,0.000000,0.000000,0.000000,0.000000,0.000000,0.000000,0.000000,0.000000,0.000000,0.000000,0,0,0,0
"-3,-6",0,62636,0,0,633,4,99999,99999,99999,99999,99999,99999,0.000000,0.000000,0.000000,0.000000,0.000000,0.000000,0.000000,0.000000,0.000000,0.000000,0.000000,0.000000,0.000000,0.000000,0,0,0,0
"-3,-5",0,62636,0,0,634,4,99999,99999,99999,99999,99999,99999,0.000000,0.000000,0.000000,0.000000,0.000000,0.000000,0.000000,0.000000,0.000000,0.000000,0.000000,0.000000,0.000000,0.000000,0,0,0,0
"-3,-4",0,62636,0,0,635,4,99999,99999,99999,99999,99999,99999,0.000000,0.000000,0.000000,0.000000,0.000000,0.000000,0.000000,0.000000,0.000000,0.000000,0.000000,0.000000,0.000000,0.000000,0,0,0,0
"-3,-3",0,62636,0,0,635,4,99999,99999,99999,99999,99999,99999,0.000000,0.000000,0.000000,0.000000,0.000000,0.000000,0.000000,0.000000,0.000000,0.000000,0.000000,0.000000,0.000000,0.000000,0,0,0,0
"-3,-2",27,62620,5,1,744,2,1,5,9,0,0,0,1.000000,0.000000,0.000000,0.000000,0.000000,0.000000,0.000000,0.995902,0.004098,0.000000,0.000000,0.000000,0.000000,0.000000,27495,180,247,67
"-3,-1",31,62604,5,1,744,2,1,8,14,0,0,1,1.000000,0.000000,0.000000,0.000000,0.000000,0.000000,0.000000,0.984314,0.015686,0.000000,0.000000,0.000000,0.000000,0.000000,27495,180,261,81
"-3,0",35,62586,5,1,741,2,1,6,39,0,0,0,0.994444,0.005556,0.000000,0.000000,0.000000,0.000000,0.000000,0.996283,0.003717,0.000000,0.000000,0.000000,0.000000,0.000000,27495,180,277,97
"-3,1",27,62571,5,1,741,2,1,5,9,0,0,0,1.000000,0.000000,0.000000,0.000000,0.000000,0.000000,0.000000,0.991870,0.008130,0.000000,0.000000,0.000000,0.000000,0.000000,27495,180,248,68
"-3,2",29,62555,5,1,744,2,1,5,7,0,0,0,1.000000,0.000000,0.000000,0.000000,0.000000,0.000000,0.000000,0.996047,0.003953,0.000000,0.000000,0.000000,0.000000,0.000000,27495,180,255,75
"-3,3",0,62555,0,0,633,4,99999,99999,99999,99999,99999,99999,0.000000,0.000000,0.000000,0.000000,0.000000,0.000000,0.000000,0.000000,0.000000,0.000000,0.000000,0.000000,0.000000,0.000000,0,0,0,0
"-3,4",0,62555,0,0,635,4,99999,99999,99999,99999,99999,99999,0.000000,0.000000,0.000000,0.000000,0.000000,0.000000,0.000000,0.000000,0.000000,0.000000,0.000000,0.000000,0.000000,0.000000,0,0,0,0
"-3,5",0,62555,0,0,634,4,99999,99999,99999,99999,99999,99999,0.000000,0.000000,0.000000,0.000000,0.000000,0.000000,0.000000,0.000000,0.000000,0.000000,0.000000,0.000000,0.000000,0.000000,0,0,0,0
"-3,6",0,62555,0,0,631,4,99999,99999,99999,99999,99999,99999,0.000000,0.000000,0.000000,0.000000,0.000000,0.000000,0.000000,0.000000,0.000000,0.000000,0.000000,0.000000,0.000000,0.000000,0,0,0,0
"-3,7",0,62555,0,0,633,4,99999,99999,99999,99999,99999,99999,0.000000,0.000000,0.000000,0.000000,0.000000,0.000000,0.000000,0.000000,0.000000,0.000000,0.000000,0.000000,0.000000,0.000000,0,0,0,0
"-3,8",0,62555,0,0,632,4,99999,99999,99999,99999,99999,99999,0.000000,0.000000,0.000000,0.000000,0.000000,0.000000,0.000000,0.000000,0.000000,0.000000,0.000000,0.000000,0.000000,0.000000,0,0,0,0
"-3,9",0,62555,0,0,635,4,99999,99999,99999,99999,99999,99999,0.000000,0.000000,0.000000,0.000000,0.000000,0.000000,0.000000,0.000000,0.000000,0.000000,0.000000,0.000000,0.000000,0.000000,0,0,0,0
"-3,10",0,62555,0,0,629,4,99999,99999,99999,99999,99999,99999,0.000000,0.000000,0.000000,0.000000,0.000000,0.000000,0.000000,0.000000,0.000000,0.000000,0.000000,0.000000,0.000000,0.000000,0,0,0,0
"-3,11",0,62555,0,0,631,4,99999,99999,99999,99999,99999,99999,0.000000,0.000000,0.000000,0.000000,0.000000,0.000000,0.000000,0.000000,0.000000,0.000000,0.000000,0.000000,0.000000,0.000000,0,0,0,0
"-3,12",0,62555,0,0,630,4,99999,99999,99999,99999,99999,99999,0.000000,0.000000,0.000000,0.000000,0.000000,0.000000,0.000000,0.000000,0.000000,0.000000,0.000000,0.000000,0.000000,0.000000,0,0,0,0
"-3,13",0,62555,0,0,630,4,99999,99999,99999,99999,99999,99999,0.000000,0.000000,0.000000,0.000000,0.000000,0.000000,0.000000,0.000000,0.000000,0.000000,0.000000,0.000000,0.000000,0.000000,0,0,0,0
"-3,14",0,62555,0,0,632,4,99999,99999,99999,99999,99999,99999,0.000000,0.000000,0.000000,0.000000,0.000000,0.000000,0.000000,0.000000,0.000000,0.000000,0.000000,0.000000,0.000000,0.000000,0,0,0,0
"-3,15",0,62555,0,0,631,4,99999,99999,99999,99999,99999,99999,0.000000,0.000000,0.000000,0.000000,0.000000,0.000000,0.000000,0.000000,0.000000,0.000000,0.000000,0.000000,0.000000,0.000000,0,0,0,0
"-3,16",0,62555,0,0,630,4,99999,99999,99999,99999,99999,99999,0.000000,0.000000,0.000000,0.000000,0.000000,0.000000,0.000000,0.000000,0.000000,0.000000,0.000000,0.000000,0.000000,0.000000,0,0,0,0
"-3,17",0,62555,0,0,634,4,99999,99999,99999,99999,99999,99999,0.000000,0.000000,0.000000,0.000000,0.000000,0.000000,0.000000,0.000000,0.000000,0.000000,0.000000,0.000000,0.000000,0.000000,0,0,0,0
"-3,18",0,62555,0,0,635,4,99999,99999,99999,99999,99999,99999,0.000000,0.000000,0.000000,0.000000,0.000000,0.000000,0.000000,0.000000,0.000000,0.000000,0.000000,0.000000,0.000000,0.000000,0,0,0,0
"-3,19",0,62555,0,0,632,4,99999,99999,99999,99999,99999,99999,0.000000,0.000000,0.000000,0.000000,0.000000,0.000000,0.000000,0.000000,0.000000,0.000000,0.000000,0.000000,0.000000,0.000000,0,0,0,0
"-3,20",0,62555,0,0,635,4,99999,99999,99999,99999,99999,99999,0.000000,0.000000,0.000000,0.000000,0.000000,0.000000,0.000000,0.000000,0.000000,0.000000,0.000000,0.000000,0.000000,0.000000,0,0,0,0
"-3,21",0,62555,0,0,628,4,99999,99999,99999,99999,99999,99999,0.000000,0.000000,0.000000,0.000000,0.000000,0.000000,0.000000,0.000000,0.000000,0.000000,0.000000,0.000000,0.000000,0.000000,0,0,0,0
"-3,22",0,62555,0,0,631,4,99999,99999,99999,99999,99999,99999,0.000000,0.000000,0.000000,0.000000,0.000000,0.000000,0.000000,0.000000,0.000000,0.000000,0.000000,0.000000,0.000000,0.000000,0,0,0,0
"-3,23",0,62555,0,0,632,4,99999,99999,99999,99999,99999,99999,0.000000,0.000000,0.000000,0.000000,0.000000,0.000000,0.000000,0.000000,0.000000,0.000000,0.000000,0.000000,0.000000,0.000000,0,0,0,0
"-3,24",0,62555,0,0,61,4,99999,99999,99999,99999,99999,99999,0.000000,0.000000,0.000000,0.000000,0.000000,0.000000,0.000000,0.000000,0.000000,0.000000,0.000000,0.000000,0.000000,0.000000,0,0,0,0
"-3,25",0,62555,0,0,59,4,99999,99999,99999,99999,99999,99999,0.000000,0.000000,0.000000,0.000000,0.000000,0.000000,0.000000,0.000000,0.000000,0.000000,0.000000,0.000000,0.000000,0.000000,0,0,0,0
"-3,26",0,62555,0,0,59,4,99999,99999,99999,99999,99999,99999,0.000000,0.000000,0.000000,0.000000,0.000000,0.000000,0.000000,0.000000,0.000000,0.000000,0.000000,0.000000,0.000000,0.000000,0,0,0,0
"-2,-26",0,62555,0,0,59,4,99999,99999,99999,99999,99999,99999,0.000000,0.000000,0.000000,0.000000,0.000000,0.000000,0.000000,0.000000,0.000000,0.000000,0.000000,0.000000,0.000000,0.000000,0,0,0,0
"-2,-25",0,62555,0,0,59,4,99999,99999,99999,99999,99999,99999,0.000000,0.000000,0.000000,0.000000,0.000000,0.000000,0.000000,0.000000,0.000000,0.000000,0.000000,0.000000,0.000000,0.000000,0,0,0,0
"-2,-24",0,62555,0,0,60,4,99999,99999,99999,99999,99999,99999,0.000000,0.000000,0.000000,0.000000,0.000000,0.000000,0.000000,0.000000,0.000000,0.000000,0.000000,0.000000,0.000000,0.000000,0,0,0,0
"-2,-23",0,62555,0,0,650,4,99999,99999,99999,99999,99999,99999,0.000000,0.000000,0.000000,0.000000,0.000000,0.000000,0.000000,0.000000,0.000000,0.000000,0.000000,0.000000,0.000000,0.000000,0,0,0,0
"-2,-22",0,62555,0,0,630,4,99999,99999,99999,99999,99999,99999,0.000000,0.000000,0.000000,0.000000,0.000000,0.000000,0.000000,0.000000,0.000000,0.000000,0.000000,0.000000,0.000000,0.000000,0,0,0,0
"-2,-21",0,62555,0,0,634,4,99999,99999,99999,99999,99999,99999,0.000000,0.000000,0.000000,0.000000,0.000000,0.000000,0.000000,0.000000,0.000000,0.000000,0.000000,0.000000,0.000000,0.000000,0,0,0,0
"-2,-20",0,62555,0,0,631,4,99999,99999,99999,99999,99999,99999,0.000000,0.000000,0.000000,0.000000,0.000000,0.000000,0.000000,0.000000,0.000000,0.000000,0.000000,0.000000,0.000000,0.000000,0,0,0,0
"-2,-19",0,62555,0,0,633,4,99999,99999,99999,99999,99999,99999,0.000000,0.000000,0.000000,0.000000,0.000000,0.000000,0.000000,0.000000,0.000000,0.000000,0.000000,0.000000,0.000000,0.000000,0,0,0,0
"-2,-18",0,62555,0,0,632,4,99999,99999,99999,99999,99999,99999,0.000000,0.000000,0.000000,0.000000,0.000000,0.000000,0.000000,0.000000,0.000000,0.000000,0.000000,0.000000,0.000000,0.000000,0,0,0,0
"-2,-17",0,62555,0,0,633,4,99999,99999,99999,99999,99999,99999,0.000000,0.000000,0.000000,0.000000,0.000000,0.000000,0.000000,0.000000,0.000000,0.000000,0.000000,0.000000,0.000000,0.000000,0,0,0,0
"-2,-16",0,62555,0,0,634,4,99999,99999,99999,99999,99999,99999,0.000000,0.000000,0.000000,0.000000,0.000000,0.000000,0.000000,0.000000,0.000000,0.000000,0.000000,0.000000,0.000000,0.000000,0,0,0,0
"-2,-15",0,62555,0,0,632,4,99999,99999,99999,99999,99999,99999,0.000000,0.000000,0.000000,0.000000,0.000000,0.000000,0.000000,0.000000,0.000000,0.000000,0.000000,0.000000,0.000000,0.000000,0,0,0,0
"-2,-14",0,62555,0,0,628,4,99999,99999,99999,99999,99999,99999,0.000000,0.000000,0.000000,0.000000,0.000000,0.000000,0.000000,0.000000,0.000000,0.000000,0.000000,0.000000,0.000000,0.000000,0,0,0,0
"-2,-13",0,62555,0,0,631,4,99999,99999,99999,99999,99999,99999,0.000000,0.000000,0.000000,0.000000,0.000000,0.000000,0.000000,0.000000,0.000000,0.000000,0.000000,0.000000,0.000000,0.000000,0,0,0,0
"-2,-12",0,62555,0,0,634,4,99999,99999,99999,99999,99999,99999,0.000000,0.000000,0.000000,0.000000,0.000000,0.000000,0.000000,0.000000,0.000000,0.000000,0.000000,0.000000,0.000000,0.000000,0,0,0,0
"-2,-11",0,62555,0,0,629,4,99999,99999,99999,99999,99999,99999,0.000000,0.000000,0.000000,0.000000,0.000000,0.000000,0.000000,0.000000,0.000000,0.000000,0.000000,0.000000,0.000000,0.000000,0,0,0,0
"-2,-10",0,62555,0,0,632,4,99999,99999,99999,99999,99999,99999,0.000000,0.000000,0.000000,0.000000,0.000000,0.000000,0.000000,0.000000,0.000000,0.000000,0.000000,0.000000,0.000000,0.000000,0,0,0,0
"-2,-9",0,62555,0,0,632,4,99999,99999,99999,99999,99999,99999,0.000000,0.000000,0.000000,0.000000,0.000000,0.000000,0.000000,0.000000,0.000000,0.000000,0.000000,0.000000,0.000000,0.000000,0,0,0,0
"-2,-8",0,62555,0,0,636,4,99999,99999,99999,99999,99999,99999,0.000000,0.000000,0.000000,0.000000,0.000000,0.000000,0.000000,0.000000,0.000000,0.000000,0.000000,0.000000,0.000000,0.000000,0,0,0,0
"-2,-7",0,62555,0,0,635,4,99999,99999,99999,99999,99999,99999,0.000000,0.000000,0.000000,0.000000,0.000000,0.000000,0.000000,0.000000,0.000000,0.000000,0.000000,0.000000,0.000000,0.000000,0,0,0,0
"-2,-6",0,62555,0,0,632,4,99999,99999,99999,99999,99999,99999,0.000000,0.000000,0.000000,0.000000,0.000000,0.000000,0.000000,0.000000,0.000000,0.000000,0.000000,0.000000,0.000000,0.000000,0,0,0,0
"-2,-5",0,62555,0,0,634,4,99999,99999,99999,99999,99999,99999,0.000000,0.000000,0.000000,0.000000,0.000000,0.000000,0.000000,0.000000,0.000000,0.000000,0.000000,0.000000,0.000000,0.000000,0,0,0,0
"-2,-4",0,62555,0,0,632,4,99999,99999,99999,99999,99999,99999,0.000000,0.000000,0.000000,0.000000,0.000000,0.000000,0.000000,0.000000,0.000000,0.000000,0.000000,0.000000,0.000000,0.000000,0,0,0,0
"-2,-3",0,62555,0,0,634,4,99999,99999,99999,99999,99999,99999,0.000000,0.000000,0.000000,0.000000,0.000000,0.000000,0.000000,0.000000,0.000000,0.000000,0.000000,0.000000,0.000000,0.000000,0,0,0,0
"-2,-2",0,62555,0,0,635,4,99999,99999,99999,99999,99999,99999,0.000000,0.000000,0.000000,0.000000,0.000000,0.000000,0.000000,0.000000,0.000000,0.000000,0.000000,0.000000,0.000000,0.000000,0,0,0,0
"-2,-1",0,62555,0,0,633,4,99999,99999,99999,99999,99999,99999,0.000000,0.000000,0.000000,0.000000,0.000000,0.000000,0.000000,0.000000,0.000000,0.000000,0.000000,0.000000,0.000000,0.000000,0,0,0,0
"-2,0",0,62555,0,0,635,4,99999,99999,99999,99999,99999,99999,0.000000,0.000000,0.000000,0.000000,0.000000,0.000000,0.000000,0.000000,0.000000,0.000000,0.000000,0.000000,0.000000,0.000000,0,0,0,0
"-2,1",0,62555,0,0,633,4,99999,99999,99999,99999,99999,99999,0.000000,0.000000,0.000000,0.000000,0.000000,0.000000,0.000000,0.000000,0.000000,0.000000,0.000000,0.000000,0.000000,0.000000,0,0,0,0
"-2,2",0,62555,0,0,633,4,99999,99999,99999,99999,99999,99999,0.000000,0.000000,0.000000,0.000000,0.000000,0.000000,0.000000,0.000000,0.000000,0.000000,0.000000,0.000000,0.000000,0.000000,0,0,0,0
"-2,3",0,62555,0,0,629,4,99999,99999,99999,99999,99999,99999,0.000000,0.000000,0.000000,0.000000,0.000000,0.000000,0.000000,0.000000,0.000000,0.000000,0.000000,0.000000,0.000000,0.000000,0,0,0,0
"-2,4",0,62555,0,0,632,4,99999,99999,99999,99999,99999,99999,0.000000,0.000000,0.000000,0.000000,0.000000,0.000000,0.000000,0.000000,0.000000,0.000000,0.000000,0.000000,0.000000,0.000000,0,0,0,0
"-2,5",0,62555,0,0,635,4,99999,99999,99999,99999,99999,99999,0.000000,0.000000,0.000000,0.000000,0.000000,0.000000,0.000000,0.000000,0.000000,0.000000,0.000000,0.000000,0.000000,0.000000,0,0,0,0
"-2,6",0,62555,0,0,630,4,99999,99999,99999,99999,99999,99999,0.000000,0.000000,0.000000,0.000000,0.000000,0.000000,0.000000,0.000000,0.000000,0.000000,0.000000,0.000000,0.000000,0.000000,0,0,0,0
"-2,7",0,62555,0,0,632,4,99999,99999,99999,99999,99999,99999,0.000000,0.000000,0.000000,0.000000,0.000000,0.000000,0.000000,0.000000,0.000000,0.000000,0.000000,0.000000,0.000000,0.000000,0,0,0,0
"-2,8",0,62555,0,0,637,4,99999,99999,99999,99999,99999,99999,0.000000,0.000000,0.000000,0.000000,0.000000,0.000000,0.000000,0.000000,0.000000,0.000000,0.000000,0.000000,0.000000,0.000000,0,0,0,0
"-2,9",0,62555,0,0,631,4,99999,99999,99999,99999,99999,99999,0.000000,0.000000,0.000000,0.000000,0.000000,0.000000,0.000000,0.000000,0.000000,0.000000,0.000000,0.000000,0.000000,0.000000,0,0,0,0
"-2,10",0,62555,0,0,634,4,99999,99999,99999,99999,99999,99999,0.000000,0.000000,0.000000,0.000000,0.000000,0.000000,0.000000,0.000000,0.000000,0.000000,0.000000,0.000000,0.000000,0.000000,0,0,0,0
"-2,11",0,62555,0,0,632,4,99999,99999,99999,99999,99999,99999,0.000000,0.000000,0.000000,0.000000,0.000000,0.000000,0.000000,0.000000,0.000000,0.000000,0.000000,0.000000,0.000000,0.000000,0,0,0,0
"-2,12",0,62555,0,0,628,4,99999,99999,99999,99999,99999,99999,0.000000,0.000000,0.000000,0.000000,0.000000,0.000000,0.000000,0.000000,0.000000,0.000000,0.000000,0.000000,0.000000,0.000000,0,0,0,0
"-2,13",0,62555,0,0,632,4,99999,99999,99999,99999,99999,99999,0.000000,0.000000,0.000000,0.000000,0.000000,0.000000,0.000000,0.000000,0.000000,0.000000,0.000000,0.000000,0.000000,0.000000,0,0,0,0
"-2,14",0,62555,0,0,633,4,99999,99999,99999,99999,99999,99999,0.000000,0.000000,0.000000,0.000000,0.000000,0.000000,0.000000,0.000000,0.000000,0.000000,0.000000,0.000000,0.000000,0.000000,0,0,0,0
"-2,15",0,62555,0,0,629,4,99999,99999,99999,99999,99999,99999,0.000000,0.000000,0.000000,0.000000,0.000000,0.000000,0.000000,0.000000,0.000000,0.000000,0.000000,0.000000,0.000000,0.000000,0,0,0,0
"-2,16",0,62555,0,0,634,4,99999,99999,99999,99999,99999,99999,0.000000,0.000000,0.000000,0.000000,0.000000,0.000000,0.000000,0.000000,0.000000,0.000000,0.000000,0.000000,0.000000,0.000000,0,0,0,0
"-2,17",0,62555,0,0,632,4,99999,99999,99999,99999,99999,99999,0.000000,0.000000,0.000000,0.000000,0.000000,0.000000,0.000000,0.000000,0.000000,0.000000,0.000000,0.000000,0.000000,0.000000,0,0,0,0
"-2,18",0,62555,0,0,632,4,99999,99999,99999,99999,99999,99999,0.000000,0.000000,0.000000,0.000000,0.000000,0.000000,0.000000,0.000000,0.000000,0.000000,0.000000,0.000000,0.000000,0.000000,0,0,0,0
"-2,19",0,62555,0,0,637,4,99999,99999,99999,99999,99999,99999,0.000000,0.000000,0.000000,0.000000,0.000000,0.000000,0.000000,0.000000,0.000000,0.000000,0.000000,0.000000,0.000000,0.000000,0,0,0,0
"-2,20",0,62555,0,0,631,4,99999,99999,99999,99999,99999,99999,0.000000,0.000000,0.000000,0.000000,0.000000,0.000000,0.000000,0.000000,0.000000,0.000000,0.000000,0.000000,0.000000,0.000000,0,0,0,0
"-2,21",0,62555,0,0,633,4,99999,99999,99999,99999,99999,99999,0.000000,0.000000,0.000000,0.000000,0.000000,0.000000,0.000000,0.000000,0.000000,0.000000,0.000000,0.000000,0.000000,0.000000,0,0,0,0
"-2,22",0,62555,0,0,630,4,99999,99999,99999,99999,99999,99999,0.000000,0.000000,0.000000,0.000000,0.000000,0.000000,0.000000,0.000000,0.000000,0.000000,0.000000,0.000000,0.000000,0.000000,0,0,0,0
"-2,23",0,62555,0,0,648,4,99999,99999,99999,99999,99999,99999,0.000000,0.000000,0.000000,0.000000,0.000000,0.000000,0.000000,0.000000,0.000000,0.000000,0.000000,0.000000,0.000000,0.000000,0,0,0,0
"-2,24",0,62555,0,0,60,4,99999,99999,99999,99999,99999,99999,0.000000,0.000000,0.000000,0.000000,0.000000,0.000000,0.000000,0.000000,0.000000,0.000000,0.000000,0.000000,0.000000,0.000000,0,0,0,0
"-2,25",0,62555,0,0,60,4,99999,99999,99999,99999,99999,99999,0.000000,0.000000,0.000000,0.000000,0.000000,0.000000,0.000000,0.000000,0.000000,0.000000,0.000000,0.000000,0.000000,0.000000,0,0,0,0
"-2,26",0,62555,0,0,60,4,99999,99999,99999,99999,99999,99999,0.000000,0.000000,0.000000,0.000000,0.000000,0.000000,0.000000,0.000000,0.000000,0.000000,0.000000,0.000000,0.000000,0.000000,0,0,0,0
"-1,-26",0,62555,0,0,60,4,99999,99999,99999,99999,99999,99999,0.000000,0.000000,0.000000,0.000000,0.000000,0.000000,0.000000,0.000000,0.000000,0.000000,0.000000,0.000000,0.000000,0.000000,0,0,0,0
"-1,-25",0,62555,0,0,60,4,99999,99999,99999,99999,99999,99999,0.000000,0.000000,0.000000,0.000000,0.000000,0.000000,0.000000,0.000000,0.000000,0.000000,0.000000,0.000000,0.000000,0.000000,0,0,0,0
"-1,-24",0,62555,0,0,58,4,99999,99999,99999,99999,99999,99999,0.000000,0.000000,0.000000,0.000000,0.000000,0.000000,0.000000,0.000000,0.000000,0.000000,0.000000,0.000000,0.000000,0.000000,0,0,0,0
"-1,-23",0,62555,0,0,61,4,99999,99999,99999,99999,99999,99999,0.000000,0.000000,0.000000,0.000000,0.000000,0.000000,0.000000,0.000000,0.000000,0.000000,0.000000,0.000000,0.000000,0.000000,0,0,0,0
"-1,-22",0,62555,0,0,635,4,99999,99999,99999,99999,99999,99999,0.000000,0.000000,0.000000,0.000000,0.000000,0.000000,0.000000,0.000000,0.000000,0.000000,0.000000,0.000000,0.000000,0.000000,0,0,0,0
"-1,-21",0,62555,0,0,633,4,99999,99999,99999,99999,99999,99999,0.000000,0.000000,0.000000,0.000000,0.000000,0.000000,0.000000,0.000000,0.000000,0.000000,0.000000,0.000000,0.000000,0.000000,0,0,0,0
"-1,-20",0,62555,0,0,635,4,99999,99999,99999,99999,99999,99999,0.000000,0.000000,0.000000,0.000000,0.000000,0.000000,0.000000,0.000000,0.000000,0.000000,0.000000,0.000000,0.000000,0.000000,0,0,0,0
"-1,-19",0,62555,0,0,634,4,99999,99999,99999,99999,99999,99999,0.000000,0.000000,0.000000,0.000000,0.000000,0.000000,0.000000,0.000000,0.000000,0.000000,0.000000,0.000000,0.000000,0.000000,0,0,0,0
"-1,-18",0,62555,0,0,635,4,99999,99999,99999,99999,99999,99999,0.000000,0.000000,0.000000,0.000000,0.000000,0.000000,0.000000,0.000000,0.000000,0.000000,0.000000,0.000000,0.000000,0.000000,0,0,0,0
"-1,-17",0,62555,0,0,636,4,99999,99999,99999,99999,99999,99999,0.000000,0.000000,0.000000,0.000000,0.000000,0.000000,0.000000,0.000000,0.000000,0.000000,0.000000,0.000000,0.000000,0.000000,0,0,0,0
"-1,-16",0,62555,0,0,632,4,99999,99999,99999,99999,99999,99999,0.000000,0.000000,0.000000,0.000000,0.000000,0.000000,0.000000,0.000000,0.000000,0.000000,0.000000,0.000000,0.000000,0.000000,0,0,0,0
"-1,-15",0,62555,0,0,632,4,99999,99999,99999,99999,99999,99999,0.000000,0.000000,0.000000,0.000000,0.000000,0.000000,0.000000,0.000000,0.000000,0.000000,0.000000,0.000000,0.000000,0.000000,0,0,0,0
"-1,-14",0,62555,0,0,631,4,99999,99999,99999,99999,99999,99999,0.000000,0.000000,0.000000,0.000000,0.000000,0.000000,0.000000,0.000000,0.000000,0.000000,0.000000,0.000000,0.000000,0.000000,0,0,0,0
"-1,-13",0,62555,0,0,632,4,99999,99999,99999,99999,99999,99999,0.000000,0.000000,0.000000,0.000000,0.000000,0.000000,0.000000,0.000000,0.000000,0.000000,0.000000,0.000000,0.000000,0.000000,0,0,0,0
"-1,-12",0,62555,0,0,631,4,99999,99999,99999,99999,99999,99999,0.000000,0.000000,0.000000,0.000000,0.000000,0.000000,0.000000,0.000000,0.000000,0.000000,0.000000,0.000000,0.000000,0.000000,0,0,0,0
"-1,-11",0,62555,0,0,636,4,99999,99999,99999,99999,99999,99999,0.000000,0.000000,0.000000,0.000000,0.000000,0.000000,0.000000,0.000000,0.000000,0.000000,0.000000,0.000000,0.000000,0.000000,0,0,0,0
"-1,-10",0,62555,0,0,632,4,99999,99999,99999,99999,99999,99999,0.000000,0.000000,0.000000,0.000000,0.000000,0.000000,0.000000,0.000000,0.000000,0.000000,0.000000,0.000000,0.000000,0.000000,0,0,0,0
"-1,-9",0,62555,0,0,630,4,99999,99999,99999,99999,99999,99999,0.000000,0.000000,0.000000,0.000000,0.000000,0.000000,0.000000,0.000000,0.000000,0.000000,0.000000,0.000000,0.000000,0.000000,0,0,0,0
"-1,-8",0,62555,0,0,632,4,99999,99999,99999,99999,99999,99999,0.000000,0.000000,0.000000,0.000000,0.000000,0.000000,0.000000,0.000000,0.000000,0.000000,0.000000,0.000000,0.000000,0.000000,0,0,0,0
"-1,-7",0,62555,0,0,629,4,99999,99999,99999,99999,99999,99999,0.000000,0.000000,0.000000,0.000000,0.000000,0.000000,0.000000,0.000000,0.000000,0.000000,0.000000,0.000000,0.000000,0.000000,0,0,0,0
"-1,-6",0,62555,0,0,633,4,99999,99999,99999,99999,99999,99999,0.000000,0.000000,0.000000,0.000000,0.000000,0.000000,0.000000,0.000000,0.000000,0.000000,0.000000,0.000000,0.000000,0.000000,0,0,0,0
"-1,-5",0,62555,0,0,629,4,99999,99999,99999,99999,99999,99999,0.000000,0.000000,0.000000,0.000000,0.000000,0.000000,0.000000,0.000000,0.000000,0.000000,0.000000,0.000000,0.000000,0.000000,0,0,0,0
"-1,-4",0,62555,0,0,631,4,99999,99999,99999,99999,99999,99999,0.000000,0.000000,0.000000,0.000000,0.000000,0.000000,0.000000,0.000000,0.000000,0.000000,0.000000,0.000000,0.000000,0.000000,0,0,0,0
"-1,-3",0,62555,0,0,635,4,99999,99999,99999,99999,99999,99999,0.000000,0.000000,0.000000,0.000000,0.000000,0.000000,0.000000,0.000000,0.000000,0.000000,0.000000,0.000000,0.000000,0.000000,0,0,0,0
"-1,-2",0,62555,0,0,631,4,99999,99999,99999,99999,99999,99999,0.000000,0.000000,0.000000,0.000000,0.000000,0.000000,0.000000,0.000000,0.000000,0.000000,0.000000,0.000000,0.000000,0.000000,0,0,0,0
"-1,-1",0,62555,0,0,631,4,99999,99999,99999,99999,99999,99999,0.000000,0.000000,0.000000,0.000000,0.000000,0.000000,0.000000,0.000000,0.000000,0.000000,0.000000,0.000000,0.000000,0.000000,0,0,0,0
"-1,0",0,62555,0,0,636,4,99999,99999,99999,99999,99999,99999,0.000000,0.000000,0.000000,0.000000,0.000000,0.000000,0.000000,0.000000,0.000000,0.000000,0.000000,0.000000,0.000000,0.000000,0,0,0,0
"-1,1",0,62555,0,0,630,4,99999,99999,99999,99999,99999,99999,0.000000,0.000000,0.000000,0.000000,0.000000,0.000000,0.000000,0.000000,0.000000,0.000000,0.000000,0.000000,0.000000,0.000000,0,0,0,0
"-1,2",0,62555,0,0,636,4,99999,99999,99999,99999,99999,99999,0.000000,0.000000,0.000000,0.000000,0.000000,0.000000,0.000000,0.000000,0.000000,0.000000,0.000000,0.000000,0.000000,0.000000,0,0,0,0
"-1,3",0,62555,0,0,636,4,99999,99999,99999,99999,99999,99999,0.000000,0.000000,0.000000,0.000000,0.000000,0.000000,0.000000,0.000000,0.000000,0.000000,0.000000,0.000000,0.000000,0.000000,0,0,0,0
"-1,4",0,62555,0,0,633,4,99999,99999,99999,99999,99999,99999,0.000000,0.000000,0.000000,0.000000,0.000000,0.000000,0.000000,0.000000,0.000000,0.000000,0.000000,0.000000,0.000000,0.000000,0,0,0,0
"-1,5",0,62555,0,0,631,4,99999,99999,99999,99999,99999,99999,0.000000,0.000000,0.000000,0.000000,0.000000,0.000000,0.000000,0.000000,0.000000,0.000000,0.000000,0.000000,0.000000,0.000000,0,0,0,0
"-1,6",0,62555,0,0,631,4,99999,99999,99999,99999,99999,99999,0.000000,0.000000,0.000000,0.000000,0.000000,0.000000,0.000000,0.000000,0.000000,0.000000,0.000000,0.000000,0.000000,0.000000,0,0,0,0
"-1,7",0,62555,0,0,629,4,99999,99999,99999,99999,99999,99999,0.000000,0.000000,0.000000,0.000000,0.000000,0.000000,0.000000,0.000000,0.000000,0.000000,0.000000,0.000000,0.000000,0.000000,0,0,0,0
"-1,8",0,62555,0,0,630,4,99999,99999,99999,99999,99999,99999,0.000000,0.000000,0.000000,0.000000,0.000000,0.000000,0.000000,0.000000,0.000000,0.000000,0.000000,0.000000,0.000000,0.000000,0,0,0,0
"-1,9",0,62555,0,0,629,4,99999,99999,99999,99999,99999,99999,0.000000,0.000000,0.000000,0.000000,0.000000,0.000000,0.000000,0.000000,0.000000,0.000000,0.000000,0.000000,0.000000,0.000000,0,0,0,0
"-1,10",0,62555,0,0,637,4,99999,99999,99999,99999,99999,99999,0.000000,0.000000,0.000000,0.000000,0.000000,0.000000,0.000000,0.000000,0.000000,0.000000,0.000000,0.000000,0.000000,0.000000,0,0,0,0
"-1,11",0,62555,0,0,630,4,99999,99999,99999,99999,99999,99999,0.000000,0.000000,0.000000,0.000000,0.000000,0.000000,0.000000,0.000000,0.000000,0.000000,0.000000,0.000000,0.000000,0.000000,0,0,0,0
"-1,12",0,62555,0,0,635,4,99999,99999,99999,99999,99999,99999,0.000000,0.000000,0.000000,0.000000,0.000000,0.000000,0.000000,0.000000,0.000000,0.000000,0.000000,0.000000,0.000000,0.000000,0,0,0,0
"-1,13",0,62555,0,0,633,4,99999,99999,99999,99999,99999,99999,0.000000,0.000000,0.000000,0.000000,0.000000,0.000000,0.000000,0.000000,0.000000,0.000000,0.000000,0.000000,0.000000,0.000000,0,0,0,0
"-1,14",0,62555,0,0,630,4,99999,99999,99999,99999,99999,99999,0.000000,0.000000,0.000000,0.000000,0.000000,0.000000,0.000000,0.000000,0.000000,0.000000,0.000000,0.000000,0.000000,0.000000,0,0,0,0
"-1,15",0,62555,0,0,631,4,99999,99999,99999,99999,99999,99999,0.000000,0.000000,0.000000,0.000000,0.000000,0.000000,0.000000,0.000000,0.000000,0.000000,0.000000,0.000000,0.000000,0.000000,0,0,0,0
"-1,16",0,62555,0,0,630,4,99999,99999,99999,99999,99999,99999,0.000000,0.000000,0.000000,0.000000,0.000000,0.000000,0.000000,0.000000,0.000000,0.000000,0.000000,0.000000,0.000000,0.000000,0,0,0,0
"-1,17",0,62555,0,0,631,4,99999,99999,99999,99999,99999,99999,0.000000,0.000000,0.000000,0.000000,0.000000,0.000000,0.000000,0.000000,0.000000,0.000000,0.000000,0.000000,0.000000,0.000000,0,0,0,0
"-1,18",0,62555,0,0,633,4,99999,99999,99999,99999,99999,99999,0.000000,0.000000,0.000000,0.000000,0.000000,0.000000,0.000000,0.000000,0.000000,0.000000,0.000000,0.000000,0.000000,0.000000,0,0,0,0
"-1,19",0,62555,0,0,637,4,99999,99999,99999,99999,99999,99999,0.000000,0.000000,0.000000,0.000000,0.000000,0.000000,0.000000,0.000000,0.000000,0.000000,0.000000,0.000000,0.000000,0.000000,0,0,0,0
"-1,20",0,62555,0,0,630,4,99999,99999,99999,99999,99999,99999,0.000000,0.000000,0.000000,0.000000,0.000000,0.000000,0.000000,0.000000,0.000000,0.000000,0.000000,0.000000,0.000000,0.000000,0,0,0,0
"-1,21",0,62555,0,0,637,4,99999,99999,99999,99999,99999,99999,0.000000,0.000000,0.000000,0.000000,0.000000,0.000000,0.000000,0.000000,0.000000,0.000000,0.000000,0.000000,0.000000,0.000000,0,0,0,0
"-1,22",0,62555,0,0,633,4,99999,99999,99999,99999,99999,99999,0.000000,0.000000,0.000000,0.000000,0.000000,0.000000,0.000000,0.000000,0.000000,0.000000,0.000000,0.000000,0.000000,0.000000,0,0,0,0
"-1,23",0,62555,0,0,60,4,99999,99999,99999,99999,99999,99999,0.000000,0.000000,0.000000,0.000000,0.000000,0.000000,0.000000,0.000000,0.000000,0.000000,0.000000,0.000000,0.000000,0.000000,0,0,0,0
"-1,24",0,62555,0,0,61,4,99999,99999,99999,99999,99999,99999,0.000000,0.000000,0.000000,0.000000,0.000000,0.000000,0.000000,0.000000,0.000000,0.000000,0.000000,0.000000,0.000000,0.000000,0,0,0,0
"-1,25",0,62555,0,0,60,4,99999,99999,99999,99999,99999,99999,0.000000,0.000000,0.000000,0.000000,0.000000,0.000000,0.000000,0.000000,0.000000,0.000000,0.000000,0.000000,0.000000,0.000000,0,0,0,0
"-1,26",0,62555,0,0,59,4,99999,99999,99999,99999,99999,99999,0.000000,0.000000,0.000000,0.000000,0.000000,0.000000,0.000000,0.000000,0.000000,0.000000,0.000000,0.000000,0.000000,0.000000,0,0,0,0
"0,-26",0,62555,0,0,59,4,99999,99999,99999,99999,99999,99999,0.000000,0.000000,0.000000,0.000000,0.000000,0.000000,0.000000,0.000000,0.000000,0.000000,0.000000,0.000000,0.000000,0.000000,0,0,0,0
"0,-25",0,62555,0,0,60,4,99999,99999,99999,99999,99999,99999,0.000000,0.000000,0.000000,0.000000,0.000000,0.000000,0.000000,0.000000,0.000000,0.000000,0.000000,0.000000,0.000000,0.000000,0,0,0,0
"0,-24",0,62555,0,0,60,4,99999,99999,99999,99999,99999,99999,0.000000,0.000000,0.000000,0.000000,0.000000,0.000000,0.000000,0.000000,0.000000,0.000000,0.000000,0.000000,0.000000,0.000000,0,0,0,0
"0,-23",0,62555,0,0,60,4,99999,99999,99999,99999,99999,99999,0.000000,0.000000,0.000000,0.000000,0.000000,0.000000,0.000000,0.000000,0.000000,0.000000,0.000000,0.000000,0.000000,0.000000,0,0,0,0
"0,-22",0,62555,0,0,60,4,99999,99999,99999,99999,99999,99999,0.000000,0.000000,0.000000,0.000000,0.000000,0.000000,0.000000,0.000000,0.000000,0.000000,0.000000,0.000000,0.000000,0.000000,0,0,0,0
"0,-21",0,62555,0,0,634,4,99999,99999,99999,99999,99999,99999,0.000000,0.000000,0.000000,0.000000,0.000000,0.000000,0.000000,0.000000,0.000000,0.000000,0.000000,0.000000,0.000000,0.000000,0,0,0,0
"0,-20",0,62555,0,0,632,4,99999,99999,99999,99999,99999,99999,0.000000,0.000000,0.000000,0.000000,0.000000,0.000000,0.000000,0.000000,0.000000,0.000000,0.000000,0.000000,0.000000,0.000000,0,0,0,0
"0,-19",0,62555,0,0,633,4,99999,99999,99999,99999,99999,99999,0.000000,0.000000,0.000000,0.000000,0.000000,0.000000,0.000000,0.000000,0.000000,0.000000,0.000000,0.000000,0.000000,0.000000,0,0,0,0
"0,-18",0,62555,0,0,627,4,99999,99999,99999,99999,99999,99999,0.000000,0.000000,0.000000,0.000000,0.000000,0.000000,0.000000,0.000000,0.000000,0.000000,0.000000,0.000000,0.000000,0.000000,0,0,0,0
"0,-17",0,62555,0,0,631,4,99999,99999,99999,99999,99999,99999,0.000000,0.000000,0.000000,0.000000,0.000000,0.000000,0.000000,0.000000,0.000000,0.000000,0.000000,0.000000,0.000000,0.000000,0,0,0,0
"0,-16",0,62555,0,0,631,4,99999,99999,99999,99999,99999,99999,0.000000,0.000000,0.000000,0.000000,0.000000,0.000000,0.000000,0.000000,0.000000,0.000000,0.000000,0.000000,0.000000,0.000000,0,0,0,0
"0,-15",0,62555,0,0,630,4,99999,99999,99999,99999,99999,99999,0.000000,0.000000,0.000000,0.000000,0.000000,0.000000,0.000000,0.000000,0.000000,0.000000,0.000000,0.000000,0.000000,0.000000,0,0,0,0
"0,-14",0,62555,0,0,632,4,99999,99999,99999,99999,99999,99999,0.000000,0.000000,0.000000,0.000000,0.000000,0.000000,0.000000,0.000000,0.000000,0.000000,0.000000,0.000000,0.000000,0.000000,0,0,0,0
"0,-13",0,62555,0,0,634,4,99999,99999,99999,99999,99999,99999,0.000000,0.000000,0.000000,0.000000,0.000000,0.000000,0.000000,0.000000,0.000000,0.000000,0.000000,0.000000,0.000000,0.000000,0,0,0,0
"0,-12",0,62555,0,0,632,4,99999,99999,99999,99999,99999,99999,0.000000,0.000000,0.000000,0.000000,0.000000,0.000000,0.000000,0.000000,0.000000,0.000000,0.000000,0.000000,0.000000,0.000000,0,0,0,0
"0,-11",0,62555,0,0,632,4,99999,99999,99999,99999,99999,99999,0.000000,0.000000,0.000000,0.000000,0.000000,0.000000,0.000000,0.000000,0.000000,0.000000,0.000000,0.000000,0.000000,0.000000,0,0,0,0
"0,-10",0,62555,0,0,634,4,99999,99999,99999,99999,99999,99999,0.000000,0.000000,0.000000,0.000000,0.000000,0.000000,0.000000,0.000000,0.000000,0.000000,0.000000,0.000000,0.000000,0.000000,0,0,0,0
"0,-9",0,62555,0,0,634,4,99999,99999,99999,99999,99999,99999,0.000000,0.000000,0.000000,0.000000,0.000000,0.000000,0.000000,0.000000,0.000000,0.000000,0.000000,0.000000,0.000000,0.000000,0,0,0,0
"0,-8",0,62555,0,0,630,4,99999,99999,99999,99999,99999,99999,0.000000,0.000000,0.000000,0.000000,0.000000,0.000000,0.000000,0.000000,0.000000,0.000000,0.000000,0.000000,0.000000,0.000000,0,0,0,0
"0,-7",0,62555,0,0,634,4,99999,99999,99999,99999,99999,99999,0.000000,0.000000,0.000000,0.000000,0.000000,0.000000,0.000000,0.000000,0.000000,0.000000,0.000000,0.000000,0.000000,0.000000,0,0,0,0
"0,-6",0,62555,0,0,632,4,99999,99999,99999,99999,99999,99999,0.000000,0.000000,0.000000,0.000000,0.000000,0.000000,0.000000,0.000000,0.000000,0.000000,0.000000,0.000000,0.000000,0.000000,0,0,0,0
"0,-5",0,62555,0,0,631,4,99999,99999,99999,99999,99999,99999,0.000000,0.000000,0.000000,0.000000,0.000000,0.000000,0.000000,0.000000,0.000000,0.000000,0.000000,0.000000,0.000000,0.000000,0,0,0,0
"0,-4",0,62555,0,0,635,4,99999,99999,99999,99999,99999,99999,0.000000,0.000000,0.000000,0.000000,0.000000,0.000000,0.000000,0.000000,0.000000,0.000000,0.000000,0.000000,0.000000,0.000000,0,0,0,0
"0,-3",0,62555,0,0,635,4,99999,99999,99999,99999,99999,99999,0.000000,0.000000,0.000000,0.000000,0.000000,0.000000,0.000000,0.000000,0.000000,0.000000,0.000000,0.000000,0.000000,0.000000,0,0,0,0
"0,-2",0,62555,0,0,631,4,99999,99999,99999,99999,99999,99999,0.000000,0.000000,0.000000,0.000000,0.000000,0.000000,0.000000,0.000000,0.000000,0.000000,0.000000,0.000000,0.000000,0.000000,0,0,0,0
"0,-1",0,62555,0,0,629,4,99999,99999,99999,99999,99999,99999,0.000000,0.000000,0.000000,0.000000,0.000000,0.000000,0.000000,0.000000,0.000000,0.000000,0.000000,0.000000,0.000000,0.000000,0,0,0,0
"0,0",0,62555,0,0,633,4,99999,99999,99999,99999,99999,99999,0.000000,0.000000,0.000000,0.000000,0.000000,0.000000,0.000000,0.000000,0.000000,0.000000,0.000000,0.000000,0.000000,0.000000,0,0,0,0
"0,1",0,62555,0,0,632,4,99999,99999,99999,99999,99999,99999,0.000000,0.000000,0.000000,0.000000,0.000000,0.000000,0.000000,0.000000,0.000000,0.000000,0.000000,0.000000,0.000000,0.000000,0,0,0,0
"0,2",0,62555,0,0,630,4,99999,99999,99999,99999,99999,99999,0.000000,0.000000,0.000000,0.000000,0.000000,0.000000,0.000000,0.000000,0.000000,0.000000,0.000000,0.000000,0.000000,0.000000,0,0,0,0
"0,3",0,62555,0,0,635,4,99999,99999,99999,99999,99999,99999,0.000000,0.000000,0.000000,0.000000,0.000000,0.000000,0.000000,0.000000,0.000000,0.000000,0.000000,0.000000,0.000000,0.000000,0,0,0,0
"0,4",0,62555,0,0,632,4,99999,99999,99999,99999,99999,99999,0.000000,0.000000,0.000000,0.000000,0.000000,0.000000,0.000000,0.000000,0.000000,0.000000,0.000000,0.000000,0.000000,0.000000,0,0,0,0
"0,5",0,62555,0,0,631,4,99999,99999,99999,99999,99999,99999,0.000000,0.000000,0.000000,0.000000,0.000000,0.000000,0.000000,0.000000,0.000000,0.000000,0.000000,0.000000,0.000000,0.000000,0,0,0,0
"0,6",0,62555,0,0,633,4,99999,99999,99999,99999,99999,99999,0.000000,0.000000,0.000000,0.000000,0.000000,0.000000,0.000000,0.000000,0.000000,0.000000,0.000000,0.000000,0.000000,0.000000,0,0,0,0
"0,7",0,62555,0,0,630,4,99999,99999,99999,99999,99999,99999,0.000000,0.000000,0.000000,0.000000,0.000000,0.000000,0.000000,0.000000,0.000000,0.000000,0.000000,0.000000,0.000000,0.000000,0,0,0,0
"0,8",0,62555,0,0,635,4,99999,99999,99999,99999,99999,99999,0.000000,0.000000,0.000000,0.000000,0.000000,0.000000,0.000000,0.000000,0.000000,0.000000,0.000000,0.000000,0.000000,0.000000,0,0,0,0
"0,9",0,62555,0,0,632,4,99999,99999,99999,99999,99999,99999,0.000000,0.000000,0.000000,0.000000,0.000000,0.000000,0.000000,0.000000,0.000000,0.000000,0.000000,0.000000,0.000000,0.000000,0,0,0,0
"0,10",0,62555,0,0,634,4,99999,99999,99999,99999,99999,99999,0.000000,0.000000,0.000000,0.000000,0.000000,0.000000,0.000000,0.000000,0.000000,0.000000,0.000000,0.000000,0.000000,0.000000,0,0,0,0
"0,11",0,62555,0,0,633,4,99999,99999,99999,99999,99999,99999,0.000000,0.000000,0.000000,0.000000,0.000000,0.000000,0.000000,0.000000,0.000000,0.000000,0.000000,0.000000,0.000000,0.000000,0,0,0,0
"0,12",0,62555,0,0,631,4,99999,99999,99999,99999,99999,99999,0.000000,0.000000,0.000000,0.000000,0.000000,0.000000,0.000000,0.000000,0.000000,0.000000,0.000000,0.000000,0.000000,0.000000,0,0,0,0
"0,13",0,62555,0,0,635,4,99999,99999,99999,99999,99999,99999,0.000000,0.000000,0.000000,0.000000,0.000000,0.000000,0.000000,0.000000,0.000000,0.000000,0.000000,0.000000,0.000000,0.000000,0,0,0,0
"0,14",0,62555,0,0,630,4,99999,99999,99999,99999,99999,99999,0.000000,0.000000,0.000000,0.000000,0.000000,0.000000,0.000000,0.000000,0.000000,0.000000,0.000000,0.000000,0.000000,0.000000,0,0,0,0
"0,15",0,62555,0,0,635,4,99999,99999,99999,99999,99999,99999,0.000000,0.000000,0.000000,0.000000,0.000000,0.000000,0.000000,0.000000,0.000000,0.000000,0.000000,0.000000,0.000000,0.000000,0,0,0,0
"0,16",0,62555,0,0,636,4,99999,99999,99999,99999,99999,99999,0.000000,0.000000,0.000000,0.000000,0.000000,0.000000,0.000000,0.000000,0.000000,0.000000,0.000000,0.000000,0.000000,0.000000,0,0,0,0
"0,17",0,62555,0,0,631,4,99999,99999,99999,99999,99999,99999,0.000000,0.000000,0.000000,0.000000,0.000000,0.000000,0.000000,0.000000,0.000000,0.000000,0.000000,0.000000,0.000000,0.000000,0,0,0,0
"0,18",0,62555,0,0,633,4,99999,99999,99999,99999,99999,99999,0.000000,0.000000,0.000000,0.000000,0.000000,0.000000,0.000000,0.000000,0.000000,0.000000,0.000000,0.000000,0.000000,0.000000,0,0,0,0
"0,19",0,62555,0,0,633,4,99999,99999,99999,99999,99999,99999,0.000000,0.000000,0.000000,0.000000,0.000000,0.000000,0.000000,0.000000,0.000000,0.000000,0.000000,0.000000,0.000000,0.000000,0,0,0,0
"0,20",0,62555,0,0,633,4,99999,99999,99999,99999,99999,99999,0.000000,0.000000,0.000000,0.000000,0.000000,0.000000,0.000000,0.000000,0.000000,0.000000,0.000000,0.000000,0.000000,0.000000,0,0,0,0
"0,21",0,62555,0,0,634,4,99999,99999,99999,99999,99999,99999,0.000000,0.000000,0.000000,0.000000,0.000000,0.000000,0.000000,0.000000,0.000000,0.000000,0.000000,0.000000,0.000000,0.000000,0,0,0,0
"0,22",0,62555,0,0,59,4,99999,99999,99999,99999,99999,99999,0.000000,0.000000,0.000000,0.000000,0.000000,0.000000,0.000000,0.000000,0.000000,0.000000,0.000000,0.000000,0.000000,0.000000,0,0,0,0
"0,23",0,62555,0,0,60,4,99999,99999,99999,99999,99999,99999,0.000000,0.000000,0.000000,0.000000,0.000000,0.000000,0.000000,0.000000,0.000000,0.000000,0.000000,0.000000,0.000000,0.000000,0,0,0,0
"0,24",0,62555,0,0,60,4,99999,99999,99999,99999,99999,99999,0.000000,0.000000,0.000000,0.000000,0.000000,0.000000,0.000000,0.000000,0.000000,0.000000,0.000000,0.000000,0.000000,0.000000,0,0,0,0
"0,25",0,62555,0,0,61,4,99999,99999,99999,99999,99999,99999,0.000000,0.000000,0.000000,0.000000,0.000000,0.000000,0.000000,0.000000,0.000000,0.000000,0.000000,0.000000,0.000000,0.000000,0,0,0,0
"0,26",0,62555,0,0,60,4,99999,99999,99999,99999,99999,99999,0.000000,0.000000,0.000000,0.000000,0.000000,0.000000,0.000000,0.000000,0.000000,0.000000,0.000000,0.000000,0.000000,0.000000,0,0,0,0
"1,-26",0,62555,0,0,59,4,99999,99999,99999,99999,99999,99999,0.000000,0.000000,0.000000,0.000000,0.000000,0.000000,0.000000,0.000000,0.000000,0.000000,0.000000,0.000000,0.000000,0.000000,0,0,0,0
"1,-25",0,62555,0,0,60,4,99999,99999,99999,99999,99999,99999,0.000000,0.000000,0.000000,0.000000,0.000000,0.000000,0.000000,0.000000,0.000000,0.000000,0.000000,0.000000,0.000000,0.000000,0,0,0,0
"1,-24",0,62555,0,0,59,4,99999,99999,99999,99999,99999,99999,0.000000,0.000000,0.000000,0.000000,0.000000,0.000000,0.000000,0.000000,0.000000,0.000000,0.000000,0.000000,0.000000,0.000000,0,0,0,0
"1,-23",0,62555,0,0,60,4,99999,99999,99999,99999,99999,99999,0.000000,0.000000,0.000000,0.000000,0.000000,0.000000,0.000000,0.000000,0.000000,0.000000,0.000000,0.000000,0.000000,0.000000,0,0,0,0
"1,-22",0,62555,0,0,60,4,99999,99999,99999,99999,99999,99999,0.000000,0.000000,0.000000,0.000000,0.000000,0.000000,0.000000,0.000000,0.000000,0.000000,0.000000,0.000000,0.000000,0.000000,0,0,0,0
"1,-21",0,62555,0,0,61,4,99999,99999,99999,99999,99999,99999,0.000000,0.000000,0.000000,0.000000,0.000000,0.000000,0.000000,0.000000,0.000000,0.000000,0.000000,0.000000,0.000000,0.000000,0,0,0,0
"1,-20",0,62555,0,0,634,4,99999,99999,99999,99999,99999,99999,0.000000,0.000000,0.000000,0.000000,0.000000,0.000000,0.000000,0.000000,0.000000,0.000000,0.000000,0.000000,0.000000,0.000000,0,0,0,0
"1,-19",0,62555,0,0,633,4,99999,99999,99999,99999,99999,99999,0.000000,0.000000,0.000000,0.000000,0.000000,0.000000,0.000000,0.000000,0.000000,0.000000,0.000000,0.000000,0.000000,0.000000,0,0,0,0
"1,-18",0,62555,0,0,631,4,99999,99999,99999,99999,99999,99999,0.000000,0.000000,0.000000,0.000000,0.000000,0.000000,0.000000,0.000000,0.000000,0.000000,0.000000,0.000000,0.000000,0.000000,0,0,0,0
"1,-17",0,62555,0,0,637,4,99999,99999,99999,99999,99999,99999,0.000000,0.000000,0.000000,0.000000,0.000000,0.000000,0.000000,0.000000,0.000000,0.000000,0.000000,0.000000,0.000000,0.000000,0,0,0,0
"1,-16",0,62555,0,0,635,4,99999,99999,99999,99999,99999,99999,0.000000,0.000000,0.000000,0.000000,0.000000,0.000000,0.000000,0.000000,0.000000,0.000000,0.000000,0.000000,0.000000,0.000000,0,0,0,0
"1,-15",0,62555,0,0,632,4,99999,99999,99999,99999,99999,99999,0.000000,0.000000,0.000000,0.000000,0.000000,0.000000,0.000000,0.000000,0.000000,0.000000,0.000000,0.000000,0.000000,0.000000,0,0,0,0
"1,-14",0,62555,0,0,629,4,99999,99999,99999,99999,99999,99999,0.000000,0.000000,0.000000,0.000000,0.000000,0.000000,0.000000,0.000000,0.000000,0.000000,0.000000,0.000000,0.000000,0.000000,0,0,0,0
"1,-13",0,62555,0,0,633,4,99999,99999,99999,99999,99999,99999,0.000000,0.000000,0.000000,0.000000,0.000000,0.000000,0.000000,0.000000,0.000000,0.000000,0.000000,0.000000,0.000000,0.000000,0,0,0,0
"1,-12",0,62555,0,0,633,4,99999,99999,99999,99999,99999,99999,0.000000,0.000000,0.000000,0.000000,0.000000,0.000000,0.000000,0.000000,0.000000,0.000000,0.000000,0.000000,0.000000,0.000000,0,0,0,0
"1,-11",0,62555,0,0,631,4,99999,99999,99999,99999,99999,99999,0.000000,0.000000,0.000000,0.000000,0.000000,0.000000,0.000000,0.000000,0.000000,0.000000,0.000000,0.000000,0.000000,0.000000,0,0,0,0
"1,-10",0,62555,0,0,637,4,99999,99999,99999,99999,99999,99999,0.000000,0.000000,0.000000,0.000000,0.000000,0.000000,0.000000,0.000000,0.000000,0.000000,0.000000,0.000000,0.000000,0.000000,0,0,0,0
"1,-9",0,62555,0,0,632,4,99999,99999,99999,99999,99999,99999,0.000000,0.000000,0.000000,0.000000,0.000000,0.000000,0.000000,0.000000,0.000000,0.000000,0.000000,0.000000,0.000000,0.000000,0,0,0,0
"1,-8",0,62555,0,0,637,4,99999,99999,99999,99999,99999,99999,0.000000,0.000000,0.000000,0.000000,0.000000,0.000000,0.000000,0.000000,0.000000,0.000000,0.000000,0.000000,0.000000,0.000000,0,0,0,0
"1,-7",0,62555,0,0,632,4,99999,99999,99999,99999,99999,99999,0.000000,0.000000,0.000000,0.000000,0.000000,0.000000,0.000000,0.000000,0.000000,0.000000,0.000000,0.000000,0.000000,0.000000,0,0,0,0
"1,-6",0,62555,0,0,634,4,99999,99999,99999,99999,99999,99999,0.000000,0.000000,0.000000,0.000000,0.000000,0.000000,0.000000,0.000000,0.000000,0.000000,0.000000,0.000000,0.000000,0.000000,0,0,0,0
"1,-5",0,62555,0,0,630,4,99999,99999,99999,99999,99999,99999,0.000000,0.000000,0.000000,0.000000,0.000000,0.000000,0.000000,0.000000,0.000000,0.000000,0.000000,0.000000,0.000000,0.000000,0,0,0,0
"1,-4",0,62555,0,0,630,4,99999,99999,99999,99999,99999,99999,0.000000,0.000000,0.000000,0.000000,0.000000,0.000000,0.000000,0.000000,0.000000,0.000000,0.000000,0.000000,0.000000,0.000000,0,0,0,0
"1,-3",0,62555,0,0,634,4,99999,99999,99999,99999,99999,99999,0.000000,0.000000,0.000000,0.000000,0.000000,0.000000,0.000000,0.000000,0.000000,0.000000,0.000000,0.000000,0.000000,0.000000,0,0,0,0
"1,-2",0,62555,0,0,630,4,99999,99999,99999,99999,99999,99999,0.000000,0.000000,0.000000,0.000000,0.000000,0.000000,0.000000,0.000000,0.000000,0.000000,0.000000,0.000000,0.000000,0.000000,0,0,0,0
"1,-1",0,62555,0,0,636,4,99999,99999,99999,99999,99999,99999,0.000000,0.000000,0.000000,0.000000,0.000000,0.000000,0.000000,0.000000,0.000000,0.000000,0.000000,0.000000,0.000000,0.000000,0,0,0,0
"1,0",0,62555,0,0,631,4,99999,99999,99999,99999,99999,99999,0.000000,0.000000,0.000000,0.000000,0.000000,0.000000,0.000000,0.000000,0.000000,0.000000,0.000000,0.000000,0.000000,0.000000,0,0,0,0
"1,1",0,62555,0,0,633,4,99999,99999,99999,99999,99999,99999,0.000000,0.000000,0.000000,0.000000,0.000000,0.000000,0.000000,0.000000,0.000000,0.000000,0.000000,0.000000,0.000000,0.000000,0,0,0,0
"1,2",0,62555,0,0,632,4,99999,99999,99999,99999,99999,99999,0.000000,0.000000,0.000000,0.000000,0.000000,0.000000,0.000000,0.000000,0.000000,0.000000,0.000000,0.000000,0.000000,0.000000,0,0,0,0
"1,3",0,62555,0,0,631,4,99999,99999,99999,99999,99999,99999,0.000000,0.000000,0.000000,0.000000,0.000000,0.000000,0.000000,0.000000,0.000000,0.000000,0.000000,0.000000,0.000000,0.000000,0,0,0,0
"1,4",0,62555,0,0,631,4,99999,99999,99999,99999,99999,99999,0.000000,0.000000,0.000000,0.000000,0.000000,0.000000,0.000000,0.000000,0.000000,0.000000,0.000000,0.000000,0.000000,0.000000,0,0,0,0
"1,5",0,62555,0,0,632,4,99999,99999,99999,99999,99999,99999,0.000000,0.000000,0.000000,0.000000,0.000000,0.000000,0.000000,0.000000,0.000000,0.000000,0.000000,0.000000,0.000000,0.000000,0,0,0,0
"1,6",0,62555,0,0,630,4,99999,99999,99999,99999,99999,99999,0.000000,0.000000,0.000000,0.000000,0.000000,0.000000,0.000000,0.000000,0.000000,0.000000,0.000000,0.000000,0.000000,0.000000,0,0,0,0
"1,7",0,62555,0,0,632,4,99999,99999,99999,99999,99999,99999,0.000000,0.000000,0.000000,0.000000,0.000000,0.000000,0.000000,0.000000,0.000000,0.000000,0.000000,0.000000,0.000000,0.000000,0,0,0,0
"1,8",0,62555,0,0,632,4,99999,99999,99999,99999,99999,99999,0.000000,0.000000,0.000000,0.000000,0.000000,0.000000,0.000000,0.000000,0.000000,0.000000,0.000000,0.000000,0.000000,0.000000,0,0,0,0
"1,9",0,62555,0,0,634,4,99999,99999,99999,99999,99999,99999,0.000000,0.000000,0.000000,0.000000,0.000000,0.000000,0.000000,0.000000,0.000000,0.000000,0.000000,0.000000,0.000000,0.000000,0,0,0,0
"1,10",0,62555,0,0,631,4,99999,99999,99999,99999,99999,99999,0.000000,0.000000,0.000000,0.000000,0.000000,0.000000,0.000000,0.000000,0.000000,0.000000,0.000000,0.000000,0.000000,0.000000,0,0,0,0
"1,11",0,62555,0,0,631,4,99999,99999,99999,99999,99999,99999,0.000000,0.000000,0.000000,0.000000,0.000000,0.000000,0.000000,0.000000,0.000000,0.000000,0.000000,0.000000,0.000000,0.000000,0,0,0,0
"1,12",0,62555,0,0,634,4,99999,99999,99999,99999,99999,99999,0.000000,0.000000,0.000000,0.000000,0.000000,0.000000,0.000000,0.000000,0.000000,0.000000,0.000000,0.000000,0.000000,0.000000,0,0,0,0
"1,13",0,62555,0,0,634,4,99999,99999,99999,99999,99999,99999,0.000000,0.000000,0.000000,0.000000,0.000000,0.000000,0.000000,0.000000,0.000000,0.000000,0.000000,0.000000,0.000000,0.000000,0,0,0,0
"1,14",0,62555,0,0,631,4,99999,99999,99999,99999,99999,99999,0.000000,0.000000,0.000000,0.000000,0.000000,0.000000,0.000000,0.000000,0.000000,0.000000,0.000000,0.000000,0.000000,0.000000,0,0,0,0
"1,15",0,62555,0,0,636,4,99999,99999,99999,99999,99999,99999,0.000000,0.000000,0.000000,0.000000,0.000000,0.000000,0.000000,0.000000,0.000000,0.000000,0.000000,0.000000,0.000000,0.000000,0,0,0,0
"1,16",0,62555,0,0,630,4,99999,99999,99999,99999,99999,99999,0.000000,0.000000,0.000000,0.000000,0.000000,0.000000,0.000000,0.000000,0.000000,0.000000,0.000000,0.000000,0.000000,0.000000,0,0,0,0
"1,17",0,62555,0,0,635,4,99999,99999,99999,99999,99999,99999,0.000000,0.000000,0.000000,0.000000,0.000000,0.000000,0.000000,0.000000,0.000000,0.000000,0.000000,0.000000,0.000000,0.000000,0,0,0,0
"1,18",0,62555,0,0,633,4,99999,99999,99999,99999,99999,99999,0.000000,0.000000,0.000000,0.000000,0.000000,0.000000,0.000000,0.000000,0.000000,0.000000,0.000000,0.000000,0.000000,0.000000,0,0,0,0
"1,19",0,62555,0,0,630,4,99999,99999,99999,99999,99999,99999,0.000000,0.000000,0.000000,0.000000,0.000000,0.000000,0.000000,0.000000,0.000000,0.000000,0.000000,0.000000,0.000000,0.000000,0,0,0,0
"1,20",0,62555,0,0,628,4,99999,99999,99999,99999,99999,99999,0.000000,0.000000,0.000000,0.000000,0.000000,0.000000,0.000000,0.000000,0.000000,0.000000,0.000000,0.000000,0.000000,0.000000,0,0,0,0
"1,21",0,62555,0,0,60,4,99999,99999,99999,99999,99999,99999,0.000000,0.000000,0.000000,0.000000,0.000000,0.000000,0.000000,0.000000,0.000000,0.000000,0.000000,0.000000,0.000000,0.000000,0,0,0,0
"1,22",0,62555,0,0,59,4,99999,99999,99999,99999,99999,99999,0.000000,0.000000,0.000000,0.000000,0.000000,0.000000,0.000000,0.000000,0.000000,0.000000,0.000000,0.000000,0.000000,0.000000,0,0,0,0
"1,23",0,62555,0,0,59,4,99999,99999,99999,99999,99999,99999,0.000000,0.000000,0.000000,0.000000,0.000000,0.000000,0.000000,0.000000,0.000000,0.000000,0.000000,0.000000,0.000000,0.000000,0,0,0,0
"1,24",0,62555,0,0,60,4,99999,99999,99999,99999,99999,99999,0.000000,0.000000,0.000000,0.000000,0.000000,0.000000,0.000000,0.000000,0.000000,0.000000,0.000000,0.000000,0.000000,0.000000,0,0,0,0
"1,25",0,62555,0,0,60,4,99999,99999,99999,99999,99999,99999,0.000000,0.000000,0.000000,0.000000,0.000000,0.000000,0.000000,0.000000,0.000000,0.000000,0.000000,0.000000,0.000000,0.000000,0,0,0,0
"1,26",0,62555,0,0,60,4,99999,99999,99999,99999,99999,99999,0.000000,0.000000,0.000000,0.000000,0.000000,0.000000,0.000000,0.000000,0.000000,0.000000,0.000000,0.000000,0.000000,0.000000,0,0,0,0
"2,-26",0,62555,0,0,60,4,99999,99999,99999,99999,99999,99999,0.000000,0.000000,0.000000,0.000000,0.000000,0.000000,0.000000,0.000000,0.000000,0.000000,0.000000,0.000000,0.000000,0.000000,0,0,0,0
"2,-25",0,62555,0,0,60,4,99999,99999,99999,99999,99999,99999,0.000000,0.000000,0.000000,0.000000,0.000000,0.000000,0.000000,0.000000,0.000000,0.000000,0.000000,0.000000,0.000000,0.000000,0,0,0,0
"2,-24",0,62555,0,0,60,4,99999,99999,99999,99999,99999,99999,0.000000,0.000000,0.000000,0.000000,0.000000,0.000000,0.000000,0.000000,0.000000,0.000000,0.000000,0.000000,0.000000,0.000000,0,0,0,0
"2,-23",0,62555,0,0,61,4,99999,99999,99999,99999,99999,99999,0.000000,0.000000,0.000000,0.000000,0.000000,0.000000,0.000000,0.000000,0.000000,0.000000,0.000000,0.000000,0.000000,0.000000,0,0,0,0
"2,-22",0,62555,0,0,61,4,99999,99999,99999,99999,99999,99999,0.000000,0.000000,0.000000,0.000000,0.000000,0.000000,0.000000,0.000000,0.000000,0.000000,0.000000,0.000000,0.000000,0.000000,0,0,0,0
"2,-21",0,62555,0,0,60,4,99999,99999,99999,99999,99999,99999,0.000000,0.000000,0.000000,0.000000,0.000000,0.000000,0.000000,0.000000,0.000000,0.000000,0.000000,0.000000,0.000000,0.000000,0,0,0,0
"2,-20",0,62555,0,0,59,4,99999,99999,99999,99999,99999,99999,0.000000,0.000000,0.000000,0.000000,0.000000,0.000000,0.000000,0.000000,0.000000,0.000000,0.000000,0.000000,0.000000,0.000000,0,0,0,0
"2,-19",0,62555,0,0,634,4,99999,99999,99999,99999,99999,99999,0.000000,0.000000,0.000000,0.000000,0.000000,0.000000,0.000000,0.000000,0.000000,0.000000,0.000000,0.000000,0.000000,0.000000,0,0,0,0
"2,-18",0,62555,0,0,636,4,99999,99999,99999,99999,99999,99999,0.000000,0.000000,0.000000,0.000000,0.000000,0.000000,0.000000,0.000000,0.000000,0.000000,0.000000,0.000000,0.000000,0.000000,0,0,0,0
"2,-17",0,62555,0,0,632,4,99999,99999,99999,99999,99999,99999,0.000000,0.000000,0.000000,0.000000,0.000000,0.000000,0.000000,0.000000,0.000000,0.000000,0.000000,0.000000,0.000000,0.000000,0,0,0,0
"2,-16",0,62555,0,0,631,4,99999,99999,99999,99999,99999,99999,0.000000,0.000000,0.000000,0.000000,0.000000,0.000000,0.000000,0.000000,0.000000,0.000000,0.000000,0.000000,0.000000,0.000000,0,0,0,0
"2,-15",0,62555,0,0,635,4,99999,99999,99999,99999,99999,99999,0.000000,0.000000,0.000000,0.000000,0.000000,0.000000,0.000000,0.000000,0.000000,0.000000,0.000000,0.000000,0.000000,0.000000,0,0,0,0
"2,-14",0,62555,0,0,634,4,99999,99999,99999,99999,99999,99999,0.000000,0.000000,0.000000,0.000000,0.000000,0.000000,0.000000,0.000000,0.000000,0.000000,0.000000,0.000000,0.000000,0.000000,0,0,0,0
"2,-13",0,62555,0,0,631,4,99999,99999,99999,99999,99999,99999,0.000000,0.000000,0.000000,0.000000,0.000000,0.000000,0.000000,0.000000,0.000000,0.000000,0.000000,0.000000,0.000000,0.000000,0,0,0,0
"2,-12",0,62555,0,0,633,4,99999,99999,99999,99999,99999,99999,0.000000,0.000000,0.000000,0.000000,0.000000,0.000000,0.000000,0.000000,0.000000,0.000000,0.000000,0.000000,0.000000,0.000000,0,0,0,0
"2,-11",0,62555,0,0,635,4,99999,99999,99999,99999,99999,99999,0.000000,0.000000,0.000000,0.000000,0.000000,0.000000,0.000000,0.000000,0.000000,0.000000,0.000000,0.000000,0.000000,0.000000,0,0,0,0
"2,-10",0,62555,0,0,634,4,99999,99999,99999,99999,99999,99999,0.000000,0.000000,0.000000,0.000000,0.000000,0.000000,0.000000,0.000000,0.000000,0.000000,0.000000,0.000000,0.000000,0.000000,0,0,0,0
"2,-9",0,62555,0,0,636,4,99999,99999,99999,99999,99999,99999,0.000000,0.000000,0.000000,0.000000,0.000000,0.000000,0.000000,0.000000,0.000000,0.000000,0.000000,0.000000,0.000000,0.000000,0,0,0,0
"2,-8",0,62555,0,0,630,4,99999,99999,99999,99999,99999,99999,0.000000,0.000000,0.000000,0.000000,0.000000,0.000000,0.000000,0.000000,0.000000,0.000000,0.000000,0.000000,0.000000,0.000000,0,0,0,0
"2,-7",0,62555,0,0,632,4,99999,99999,99999,99999,99999,99999,0.000000,0.000000,0.000000,0.000000,0.000000,0.000000,0.000000,0.000000,0.000000,0.000000,0.000000,0.000000,0.000000,0.000000,0,0,0,0
"2,-6",0,62555,0,0,635,4,99999,99999,99999,99999,99999,99999,0.000000,0.000000,0.000000,0.000000,0.000000,0.000000,0.000000,0.000000,0.000000,0.000000,0.000000,0.000000,0.000000,0.000000,0,0,0,0
"2,-5",0,62555,0,0,628,4,99999,99999,99999,99999,99999,99999,0.000000,0.000000,0.000000,0.000000,0.000000,0.000000,0.000000,0.000000,0.000000,0.000000,0.000000,0.000000,0.000000,0.000000,0,0,0,0
"2,-4",0,62555,0,0,631,4,99999,99999,99999,99999,99999,99999,0.000000,0.000000,0.000000,0.000000,0.000000,0.000000,0.000000,0.000000,0.000000,0.000000,0.000000,0.000000,0.000000,0.000000,0,0,0,0
"2,-3",0,62555,0,0,632,4,99999,99999,99999,99999,99999,99999,0.000000,0.000000,0.000000,0.000000,0.000000,0.000000,0.000000,0.000000,0.000000,0.000000,0.000000,0.000000,0.000000,0.000000,0,0,0,0
"2,-2",0,62555,0,0,633,4,99999,99999,99999,99999,99999,99999,0.000000,0.000000,0.000000,0.000000,0.000000,0.000000,0.000000,0.000000,0.000000,0.000000,0.000000,0.000000,0.000000,0.000000,0,0,0,0
"2,-1",0,62555,0,0,637,4,99999,99999,99999,99999,99999,99999,0.000000,0.000000,0.000000,0.000000,0.000000,0.000000,0.000000,0.000000,0.000000,0.000000,0.000000,0.000000,0.000000,0.000000,0,0,0,0
"2,0",0,62555,0,0,635,4,99999,99999,99999,99999,99999,99999,0.000000,0.000000,0.000000,0.000000,0.000000,0.000000,0.000000,0.000000,0.000000,0.000000,0.000000,0.000000,0.000000,0.000000,0,0,0,0
"2,1",0,62555,0,0,638,4,99999,99999,99999,99999,99999,99999,0.000000,0.000000,0.000000,0.000000,0.000000,0.000000,0.000000,0.000000,0.000000,0.000000,0.000000,0.000000,0.000000,0.000000,0,0,0,0
"2,2",0,62555,0,0,632,4,99999,99999,99999,99999,99999,99999,0.000000,0.000000,0.000000,0.000000,0.000000,0.000000,0.000000,0.000000,0.000000,0.000000,0.000000,0.000000,0.000000,0.000000,0,0,0,0
"2,3",0,62555,0,0,634,4,99999,99999,99999,99999,99999,99999,0.000000,0.000000,0.000000,0.000000,0.000000,0.000000,0.000000,0.000000,0.000000,0.000000,0.000000,0.000000,0.000000,0.000000,0,0,0,0
"2,4",0,62555,0,0,634,4,99999,99999,99999,99999,99999,99999,0.000000,0.000000,0.000000,0.000000,0.000000,0.000000,0.000000,0.000000,0.000000,0.000000,0.000000,0.000000,0.000000,0.000000,0,0,0,0
"2,5",0,62555,0,0,631,4,99999,99999,99999,99999,99999,99999,0.000000,0.000000,0.000000,0.000000,0.000000,0.000000,0.000000,0.000000,0.000000,0.000000,0.000000,0.000000,0.000000,0.000000,0,0,0,0
"2,6",0,62555,0,0,632,4,99999,99999,99999,99999,99999,99999,0.000000,0.000000,0.000000,0.000000,0.000000,0.000000,0.000000,0.000000,0.000000,0.000000,0.000000,0.000000,0.000000,0.000000,0,0,0,0
"2,7",0,62555,0,0,637,4,99999,99999,99999,99999,99999,99999,0.000000,0.000000,0.000000,0.000000,0.000000,0.000000,0.000000,0.000000,0.000000,0.000000,0.000000,0.000000,0.000000,0.000000,0,0,0,0
"2,8",0,62555,0,0,632,4,99999,99999,99999,99999,99999,99999,0.000000,0.000000,0.000000,0.000000,0.000000,0.000000,0.000000,0.000000,0.000000,0.000000,0.000000,0.000000,0.000000,0.000000,0,0,0,0
"2,9",0,62555,0,0,632,4,99999,99999,99999,99999,99999,99999,0.000000,0.000000,0.000000,0.000000,0.000000,0.000000,0.000000,0.000000,0.000000,0.000000,0.000000,0.000000,0.000000,0.000000,0,0,0,0
"2,10",0,62555,0,0,632,4,99999,99999,99999,99999,99999,99999,0.000000,0.000000,0.000000,0.000000,0.000000,0.000000,0.000000,0.000000,0.000000,0.000000,0.000000,0.000000,0.000000,0.000000,0,0,0,0
"2,11",0,62555,0,0,631,4,99999,99999,99999,99999,99999,99999,0.000000,0.000000,0.000000,0.000000,0.000000,0.000000,0.000000,0.000000,0.000000,0.000000,0.000000,0.000000,0.000000,0.000000,0,0,0,0
"2,12",0,62555,0,0,632,4,99999,99999,99999,99999,99999,99999,0.000000,0.000000,0.000000,0.000000,0.000000,0.000000,0.000000,0.000000,0.000000,0.000000,0.000000,0.000000,0.000000,0.000000,0,0,0,0
"2,13",0,62555,0,0,630,4,99999,99999,99999,99999,99999,99999,0.000000,0.000000,0.000000,0.000000,0.000000,0.000000,0.000000,0.000000,0.000000,0.000000,0.000000,0.000000,0.000000,0.000000,0,0,0,0
"2,14",0,62555,0,0,629,4,99999,99999,99999,99999,99999,99999,0.000000,0.000000,0.000000,0.000000,0.000000,0.000000,0.000000,0.000000,0.000000,0.000000,0.000000,0.000000,0.000000,0.000000,0,0,0,0
"2,15",0,62555,0,0,634,4,99999,99999,99999,99999,99999,99999,0.000000,0.000000,0.000000,0.000000,0.000000,0.000000,0.000000,0.000000,0.000000,0.000000,0.000000,0.000000,0.000000,0.000000,0,0,0,0
"2,16",0,62555,0,0,635,4,99999,99999,99999,99999,99999,99999,0.000000,0.000000,0.000000,0.000000,0.000000,0.000000,0.000000,0.000000,0.000000,0.000000,0.000000,0.000000,0.000000,0.000000,0,0,0,0
"2,17",0,62555,0,0,632,4,99999,99999,99999,99999,99999,99999,0.000000,0.000000,0.000000,0.000000,0.000000,0.000000,0.000000,0.000000,0.000000,0.000000,0.000000,0.000000,0.000000,0.000000,0,0,0,0
"2,18",0,62555,0,0,636,4,99999,99999,99999,99999,99999,99999,0.000000,0.000000,0.000000,0.000000,0.000000,0.000000,0.000000,0.000000,0.000000,0.000000,0.000000,0.000000,0.000000,0.000000,0,0,0,0
"2,19",0,62555,0,0,630,4,99999,99999,99999,99999,99999,99999,0.000000,0.000000,0.000000,0.000000,0.000000,0.000000,0.000000,0.000000,0.000000,0.000000,0.000000,0.000000,0.000000,0.000000,0,0,0,0
"2,20",0,62555,0,0,61,4,99999,99999,99999,99999,99999,99999,0.000000,0.000000,0.000000,0.000000,0.000000,0.000000,0.000000,0.000000,0.000000,0.000000,0.000000,0.000000,0.000000,0.000000,0,0,0,0
"2,21",0,62555,0,0,60,4,99999,99999,99999,99999,99999,99999,0.000000,0.000000,0.000000,0.000000,0.000000,0.000000,0.000000,0.000000,0.000000,0.000000,0.000000,0.000000,0.000000,0.000000,0,0,0,0
"2,22",0,62555,0,0,60,4,99999,99999,99999,99999,99999,99999,0.000000,0.000000,0.000000,0.000000,0.000000,0.000000,0.000000,0.000000,0.000000,0.000000,0.000000,0.000000,0.000000,0.000000,0,0,0,0
"2,23",0,62555,0,0,59,4,99999,99999,99999,99999,99999,99999,0.000000,0.000000,0.000000,0.000000,0.000000,0.000000,0.000000,0.000000,0.000000,0.000000,0.000000,0.000000,0.000000,0.000000,0,0,0,0
"2,24",0,62555,0,0,60,4,99999,99999,99999,99999,99999,99999,0.000000,0.000000,0.000000,0.000000,0.000000,0.000000,0.000000,0.000000,0.000000,0.000000,0.000000,0.000000,0.000000,0.000000,0,0,0,0
"2,25",0,62555,0,0,60,4,99999,99999,99999,99999,99999,99999,0.000000,0.000000,0.000000,0.000000,0.000000,0.000000,0.000000,0.000000,0.000000,0.000000,0.000000,0.000000,0.000000,0.000000,0,0,0,0
"2,26",0,62555,0,0,59,4,99999,99999,99999,99999,99999,99999,0.000000,0.000000,0.000000,0.000000,0.000000,0.000000,0.000000,0.000000,0.000000,0.000000,0.000000,0.000000,0.000000,0.000000,0,0,0,0
"3,-26",0,62555,0,0,59,4,99999,99999,99999,99999,99999,99999,0.000000,0.000000,0.000000,0.000000,0.000000,0.000000,0.000000,0.000000,0.000000,0.000000,0.000000,0.000000,0.000000,0.000000,0,0,0,0
"3,-25",0,62555,0,0,60,4,99999,99999,99999,99999,99999,99999,0.000000,0.000000,0.000000,0.000000,0.000000,0.000000,0.000000,0.000000,0.000000,0.000000,0.000000,0.000000,0.000000,0.000000,0,0,0,0
"3,-24",0,62555,0,0,60,4,99999,99999,99999,99999,99999,99999,0.000000,0.000000,0.000000,0.000000,0.000000,0.000000,0.000000,0.000000,0.000000,0.000000,0.000000,0.000000,0.000000,0.000000,0,0,0,0
"3,-23",0,62555,0,0,59,4,99999,99999,99999,99999,99999,99999,0.000000,0.000000,0.000000,0.000000,0.000000,0.000000,0.000000,0.000000,0.000000,0.000000,0.000000,0.000000,0.000000,0.000000,0,0,0,0
"3,-22",0,62555,0,0,59,4,99999,99999,99999,99999,99999,99999,0.000000,0.000000,0.000000,0.000000,0.000000,0.000000,0.000000,0.000000,0.000000,0.000000,0.000000,0.000000,0.000000,0.000000,0,0,0,0
"3,-21",0,62555,0,0,60,4,99999,99999,99999,99999,99999,99999,0.000000,0.000000,0.000000,0.000000,0.000000,0.000000,0.000000,0.000000,0.000000,0.000000,0.000000,0.000000,0.000000,0.000000,0,0,0,0
"3,-20",0,62555,0,0,60,4,99999,99999,99999,99999,99999,99999,0.000000,0.000000,0.000000,0.000000,0.000000,0.000000,0.000000,0.000000,0.000000,0.000000,0.000000,0.000000,0.000000,0.000000,0,0,0,0
"3,-19",0,62555,0,0,60,4,99999,99999,99999,99999,99999,99999,0.000000,0.000000,0.000000,0.000000,0.000000,0.000000,0.000000,0.000000,0.000000,0.000000,0.000000,0.000000,0.000000,0.000000,0,0,0,0
"3,-18",0,62555,0,0,649,4,99999,99999,99999,99999,99999,99999,0.000000,0.000000,0.000000,0.000000,0.000000,0.000000,0.000000,0.000000,0.000000,0.000000,0.000000,0.000000,0.000000,0.000000,0,0,0,0
"3,-17",0,62555,0,0,634,4,99999,99999,99999,99999,99999,99999,0.000000,0.000000,0.000000,0.000000,0.000000,0.000000,0.000000,0.000000,0.000000,0.000000,0.000000,0.000000,0.000000,0.000000,0,0,0,0
"3,-16",0,62555,0,0,632,4,99999,99999,99999,99999,99999,99999,0.000000,0.000000,0.000000,0.000000,0.000000,0.000000,0.000000,0.000000,0.000000,0.000000,0.000000,0.000000,0.000000,0.000000,0,0,0,0
"3,-15",0,62555,0,0,634,4,99999,99999,99999,99999,99999,99999,0.000000,0.000000,0.000000,0.000000,0.000000,0.000000,0.000000,0.000000,0.000000,0.000000,0.000000,0.000000,0.000000,0.000000,0,0,0,0
"3,-14",0,62555,0,0,634,4,99999,99999,99999,99999,99999,99999,0.000000,0.000000,0.000000,0.000000,0.000000,0.000000,0.000000,0.000000,0.000000,0.000000,0.000000,0.000000,0.000000,0.000000,0,0,0,0
"3,-13",0,62555,0,0,628,4,99999,99999,99999,99999,99999,99999,0.000000,0.000000,0.000000,0.000000,0.000000,0.000000,0.000000,0.000000,0.000000,0.000000,0.000000,0.000000,0.000000,0.000000,0,0,0,0
"3,-12",0,62555,0,0,636,4,99999,99999,99999,99999,99999,99999,0.000000,0.000000,0.000000,0.000000,0.000000,0.000000,0.000000,0.000000,0.000000,0.000000,0.000000,0.000000,0.000000,0.000000,0,0,0,0
"3,-11",0,62555,0,0,632,4,99999,99999,99999,99999,99999,99999,0.000000,0.000000,0.000000,0.000000,0.000000,0.000000,0.000000,0.000000,0.000000,0.000000,0.000000,0.000000,0.000000,0.000000,0,0,0,0
"3,-10",0,62555,0,0,633,4,99999,99999,99999,99999,99999,99999,0.000000,0.000000,0.000000,0.000000,0.000000,0.000000,0.000000,0.000000,0.000000,0.000000,0.000000,0.000000,0.000000,0.000000,0,0,0,0
"3,-9",0,62555,0,0,634,4,99999,99999,99999,99999,99999,99999,0.000000,0.000000,0.000000,0.000000,0.000000,0.000000,0.000000,0.000000,0.000000,0.000000,0.000000,0.000000,0.000000,0.000000,0,0,0,0
"3,-8",0,62555,0,0,631,4,99999,99999,99999,99999,99999,99999,0.000000,0.000000,0.000000,0.000000,0.000000,0.000000,0.000000,0.000000,0.000000,0.000000,0.000000,0.000000,0.000000,0.000000,0,0,0,0
"3,-7",0,62555,0,0,627,4,99999,99999,99999,99999,99999,99999,0.000000,0.000000,0.000000,0.000000,0.000000,0.000000,0.000000,0.000000,0.000000,0.000000,0.000000,0.000000,0.000000,0.000000,0,0,0,0
"3,-6",0,62555,0,0,633,4,99999,99999,99999,99999,99999,99999,0.000000,0.000000,0.000000,0.000000,0.000000,0.000000,0.000000,0.000000,0.000000,0.000000,0.000000,0.000000,0.000000,0.000000,0,0,0,0
"3,-5",0,62555,0,0,632,4,99999,99999,99999,99999,99999,99999,0.000000,0.000000,0.000000,0.000000,0.000000,0.000000,0.000000,0.000000,0.000000,0.000000,0.000000,0.000000,0.000000,0.000000,0,0,0,0
"3,-4",0,62555,0,0,635,4,99999,99999,99999,99999,99999,99999,0.000000,0.000000,0.000000,0.000000,0.000000,0.000000,0.000000,0.000000,0.000000,0.000000,0.000000,0.000000,0.000000,0.000000,0,0,0,0
"3,-3",0,62555,0,0,632,4,99999,99999,99999,99999,99999,99999,0.000000,0.000000,0.000000,0.000000,0.000000,0.000000,0.000000,0.000000,0.000000,0.000000,0.000000,0.000000,0.000000,0.000000,0,0,0,0
"3,-2",0,62555,0,0,632,4,99999,99999,99999,99999,99999,99999,0.000000,0.000000,0.000000,0.000000,0.000000,0.000000,0.000000,0.000000,0.000000,0.000000,0.000000,0.000000,0.000000,0.000000,0,0,0,0
"3,-1",0,62555,0,0,634,4,99999,99999,99999,99999,99999,99999,0.000000,0.000000,0.000000,0.000000,0.000000,0.000000,0.000000,0.000000,0.000000,0.000000,0.000000,0.000000,0.000000,0.000000,0,0,0,0
"3,0",0,62555,0,0,632,4,99999,99999,99999,99999,99999,99999,0.000000,0.000000,0.000000,0.000000,0.000000,0.000000,0.000000,0.000000,0.000000,0.000000,0.000000,0.000000,0.000000,0.000000,0,0,0,0
"3,1",0,62555,0,0,634,4,99999,99999,99999,99999,99999,99999,0.000000,0.000000,0.000000,0.000000,0.000000,0.000000,0.000000,0.000000,0.000000,0.000000,0.000000,0.000000,0.000000,0.000000,0,0,0,0
"3,2",0,62555,0,0,635,4,99999,99999,99999,99999,99999,99999,0.000000,0.000000,0.000000,0.000000,0.000000,0.000000,0.000000,0.000000,0.000000,0.000000,0.000000,0.000000,0.000000,0.000000,0,0,0,0
"3,3",0,62555,0,0,639,4,99999,99999,99999,99999,99999,99999,0.000000,0.000000,0.000000,0.000000,0.000000,0.000000,0.000000,0.000000,0.000000,0.000000,0.000000,0.000000,0.000000,0.000000,0,0,0,0
"3,4",0,62555,0,0,631,4,99999,99999,99999,99999,99999,99999,0.000000,0.000000,0.000000,0.000000,0.000000,0.000000,0.000000,0.000000,0.000000,0.000000,0.000000,0.000000,0.000000,0.000000,0,0,0,0
"3,5",0,62555,0,0,631,4,99999,99999,99999,99999,99999,99999,0.000000,0.000000,0.000000,0.000000,0.000000,0.000000,0.000000,0.000000,0.000000,0.000000,0.000000,0.000000,0.000000,0.000000,0,0,0,0
"3,6",0,62555,0,0,639,4,99999,99999,99999,99999,99999,99999,0.000000,0.000000,0.000000,0.000000,0.000000,0.000000,0.000000,0.000000,0.000000,0.000000,0.000000,0.000000,0.000000,0.000000,0,0,0,0
"3,7",0,62555,0,0,633,4,99999,99999,99999,99999,99999,99999,0.000000,0.000000,0.000000,0.000000,0.000000,0.000000,0.000000,0.000000,0.000000,0.000000,0.000000,0.000000,0.000000,0.000000,0,0,0,0
"3,8",0,62555,0,0,634,4,99999,99999,99999,99999,99999,99999,0.000000,0.000000,0.000000,0.000000,0.000000,0.000000,0.000000,0.000000,0.000000,0.000000,0.000000,0.000000,0.000000,0.000000,0,0,0,0
"3,9",0,62555,0,0,633,4,99999,99999,99999,99999,99999,99999,0.000000,0.000000,0.000000,0.000000,0.000000,0.000000,0.000000,0.000000,0.000000,0.000000,0.000000,0.000000,0.000000,0.000000,0,0,0,0
"3,10",0,62555,0,0,632,4,99999,99999,99999,99999,99999,99999,0.000000,0.000000,0.000000,0.000000,0.000000,0.000000,0.000000,0.000000,0.000000,0.000000,0.000000,0.000000,0.000000,0.000000,0,0,0,0
"3,11",0,62555,0,0,633,4,99999,99999,99999,99999,99999,99999,0.000000,0.000000,0.000000,0.000000,0.000000,0.000000,0.000000,0.000000,0.000000,0.000000,0.000000,0.000000,0.000000,0.000000,0,0,0,0
"3,12",0,62555,0,0,631,4,99999,99999,99999,99999,99999,99999,0.000000,0.000000,0.000000,0.000000,0.000000,0.000000,0.000000,0.000000,0.000000,0.000000,0.000000,0.000000,0.000000,0.000000,0,0,0,0
"3,13",0,62555,0,0,635,4,99999,99999,99999,99999,99999,99999,0.000000,0.000000,0.000000,0.000000,0.000000,0.000000,0.000000,0.000000,0.000000,0.000000,0.000000,0.000000,0.000000,0.000000,0,0,0,0
"3,14",0,62555,0,0,633,4,99999,99999,99999,99999,99999,99999,0.000000,0.000000,0.000000,0.000000,0.000000,0.000000,0.000000,0.000000,0.000000,0.000000,0.000000,0.000000,0.000000,0.000000,0,0,0,0
"3,15",0,62555,0,0,632,4,99999,99999,99999,99999,99999,99999,0.000000,0.000000,0.000000,0.000000,0.000000,0.000000,0.000000,0.000000,0.000000,0.000000,0.000000,0.000000,0.000000,0.000000,0,0,0,0
"3,16",0,62555,0,0,634,4,99999,99999,99999,99999,99999,99999,0.000000,0.000000,0.000000,0.000000,0.000000,0.000000,0.000000,0.000000,0.000000,0.000000,0.000000,0.000000,0.000000,0.000000,0,0,0,0
"3,17",0,62555,0,0,632,4,99999,99999,99999,99999,99999,99999,0.000000,0.000000,0.000000,0.000000,0.000000,0.000000,0.000000,0.000000,0.000000,0.000000,0.000000,0.000000,0.000000,0.000000,0,0,0,0
"3,18",0,62555,0,0,653,4,99999,99999,99999,99999,99999,99999,0.000000,0.000000,0.000000,0.000000,0.000000,0.000000,0.000000,0.000000,0.000000,0.000000,0.000000,0.000000,0.000000,0.000000,0,0,0,0
"3,19",0,62555,0,0,60,4,99999,99999,99999,99999,99999,99999,0.000000,0.000000,0.000000,0.000000,0.000000,0.000000,0.000000,0.000000,0.000000,0.000000,0.000000,0.000000,0.000000,0.000000,0,0,0,0
"3,20",0,62555,0,0,59,4,99999,99999,99999,99999,99999,99999,0.000000,0.000000,0.000000,0.000000,0.000000,0.000000,0.000000,0.000000,0.000000,0.000000,0.000000,0.000000,0.000000,0.000000,0,0,0,0
"3,21",0,62555,0,0,60,4,99999,99999,99999,99999,99999,99999,0.000000,0.000000,0.000000,0.000000,0.000000,0.000000,0.000000,0.000000,0.000000,0.000000,0.000000,0.000000,0.000000,0.000000,0,0,0,0
"3,22",0,62555,0,0,59,4,99999,99999,99999,99999,99999,99999,0.000000,0.000000,0.000000,0.000000,0.000000,0.000000,0.000000,0.000000,0.000000,0.000000,0.000000,0.000000,0.000000,0.000000,0,0,0,0
"3,23",0,62555,0,0,60,4,99999,99999,99999,99999,99999,99999,0.000000,0.000000,0.000000,0.000000,0.000000,0.000000,0.000000,0.000000,0.000000,0.000000,0.000000,0.000000,0.000000,0.000000,0,0,0,0
"3,24",0,62555,0,0,60,4,99999,99999,99999,99999,99999,99999,0.000000,0.000000,0.000000,0.000000,0.000000,0.000000,0.000000,0.000000,0.000000,0.000000,0.000000,0.000000,0.000000,0.000000,0,0,0,0
"3,25",0,62555,0,0,60,4,99999,99999,99999,99999,99999,99999,0.000000,0.000000,0.000000,0.000000,0.000000,0.000000,0.000000,0.000000,0.000000,0.000000,0.000000,0.000000,0.000000,0.000000,0,0,0,0
"3,26",0,62555,0,0,60,4,99999,99999,99999,99999,99999,99999,0.000000,0.000000,0.000000,0.000000,0.000000,0.000000,0.000000,0.000000,0.000000,0.000000,0.000000,0.000000,0.000000,0.000000,0,0,0,0
"4,-26",0,62555,0,0,61,4,99999,99999,99999,99999,99999,99999,0.000000,0.000000,0.000000,0.000000,0.000000,0.000000,0.000000,0.000000,0.000000,0.000000,0.000000,0.000000,0.000000,0.000000,0,0,0,0
"4,-25",0,62555,0,0,60,4,99999,99999,99999,99999,99999,99999,0.000000,0.000000,0.000000,0.000000,0.000000,0.000000,0.000000,0.000000,0.000000,0.000000,0.000000,0.000000,0.000000,0.000000,0,0,0,0
"4,-24",0,62555,0,0,59,4,99999,99999,99999,99999,99999,99999,0.000000,0.000000,0.000000,0.000000,0.000000,0.000000,0.000000,0.000000,0.000000,0.000000,0.000000,0.000000,0.000000,0.000000,0,0,0,0
"4,-23",0,62555,0,0,60,4,99999,99999,99999,99999,99999,99999,0.000000,0.000000,0.000000,0.000000,0.000000,0.000000,0.000000,0.000000,0.000000,0.000000,0.000000,0.000000,0.000000,0.000000,0,0,0,0
"4,-22",0,62555,0,0,60,4,99999,99999,99999,99999,99999,99999,0.000000,0.000000,0.000000,0.000000,0.000000,0.000000,0.000000,0.000000,0.000000,0.000000,0.000000,0.000000,0.000000,0.000000,0,0,0,0
"4,-21",0,62555,0,0,61,4,99999,99999,99999,99999,99999,99999,0.000000,0.000000,0.000000,0.000000,0.000000,0.000000,0.000000,0.000000,0.000000,0.000000,0.000000,0.000000,0.000000,0.000000,0,0,0,0
"4,-20",0,62555,0,0,60,4,99999,99999,99999,99999,99999,99999,0.000000,0.000000,0.000000,0.000000,0.000000,0.000000,0.000000,0.000000,0.000000,0.000000,0.000000,0.000000,0.000000,0.000000,0,0,0,0
"4,-19",0,62555,0,0,60,4,99999,99999,99999,99999,99999,99999,0.000000,0.000000,0.000000,0.000000,0.000000,0.000000,0.000000,0.000000,0.000000,0.000000,0.000000,0.000000,0.000000,0.000000,0,0,0,0
"4,-18",0,62555,0,0,59,4,99999,99999,99999,99999,99999,99999,0.000000,0.000000,0.000000,0.000000,0.000000,0.000000,0.000000,0.000000,0.000000,0.000000,0.000000,0.000000,0.000000,0.000000,0,0,0,0
"4,-17",0,62555,0,0,61,4,99999,99999,99999,99999,99999,99999,0.000000,0.000000,0.000000,0.000000,0.000000,0.000000,0.000000,0.000000,0.000000,0.000000,0.000000,0.000000,0.000000,0.000000,0,0,0,0
"4,-16",0,62555,0,0,634,4,99999,99999,99999,99999,99999,99999,0.000000,0.000000,0.000000,0.000000,0.000000,0.000000,0.000000,0.000000,0.000000,0.000000,0.000000,0.000000,0.000000,0.000000,0,0,0,0
"4,-15",0,62555,0,0,635,4,99999,99999,99999,99999,99999,99999,0.000000,0.000000,0.000000,0.000000,0.000000,0.000000,0.000000,0.000000,0.000000,0.000000,0.000000,0.000000,0.000000,0.000000,0,0,0,0
"4,-14",0,62555,0,0,637,4,99999,99999,99999,99999,99999,99999,0.000000,0.000000,0.000000,0.000000,0.000000,0.000000,0.000000,0.000000,0.000000,0.000000,0.000000,0.000000,0.000000,0.000000,0,0,0,0
"4,-13",0,62555,0,0,631,4,99999,99999,99999,99999,99999,99999,0.000000,0.000000,0.000000,0.000000,0.000000,0.000000,0.000000,0.000000,0.000000,0.000000,0.000000,0.000000,0.000000,0.000000,0,0,0,0
"4,-12",0,62555,0,0,630,4,99999,99999,99999,99999,99999,99999,0.000000,0.000000,0.000000,0.000000,0.000000,0.000000,0.000000,0.000000,0.000000,0.000000,0.000000,0.000000,0.000000,0.000000,0,0,0,0
"4,-11",0,62555,0,0,635,4,99999,99999,99999,99999,99999,99999,0.000000,0.000000,0.000000,0.000000,0.000000,0.000000,0.000000,0.000000,0.000000,0.000000,0.000000,0.000000,0.000000,0.000000,0,0,0,0
"4,-10",0,62555,0,0,632,4,99999,99999,99999,99999,99999,99999,0.000000,0.000000,0.000000,0.000000,0.000000,0.000000,0.000000,0.000000,0.000000,0.000000,0.000000,0.000000,0.000000,0.000000,0,0,0,0
"4,-9",0,62555,0,0,634,4,99999,99999,99999,99999,99999,99999,0.000000,0.000000,0.000000,0.000000,0.000000,0.000000,0.000000,0.000000,0.000000,0.000000,0.000000,0.000000,0.000000,0.000000,0,0,0,0
"4,-8",0,62555,0,0,632,4,99999,99999,99999,99999,99999,99999,0.000000,0.000000,0.000000,0.000000,0.000000,0.000000,0.000000,0.000000,0.000000,0.000000,0.000000,0.000000,0.000000,0.000000,0,0,0,0
"4,-7",0,62555,0,0,633,4,99999,99999,99999,99999,99999,99999,0.000000,0.000000,0.000000,0.000000,0.000000,0.000000,0.000000,0.000000,0.000000,0.000000,0.000000,0.000000,0.000000,0.000000,0,0,0,0
"4,-6",0,62555,0,0,635,4,99999,99999,99999,99999,99999,99999,0.000000,0.000000,0.000000,0.000000,0.000000,0.000000,0.000000,0.000000,0.000000,0.000000,0.000000,0.000000,0.000000,0.000000,0,0,0,0
"4,-5",0,62555,0,0,631,4,99999,99999,99999,99999,99999,99999,0.000000,0.000000,0.000000,0.000000,0.000000,0.000000,0.000000,0.000000,0.000000,0.000000,0.000000,0.000000,0.000000,0.000000,0,0,0,0
"4,-4",0,62555,0,0,628,4,99999,99999,99999,99999,99999,99999,0.000000,0.000000,0.000000,0.000000,0.000000,0.000000,0.000000,0.000000,0.000000,0.000000,0.000000,0.000000,0.000000,0.000000,0,0,0,0
"4,-3",0,62555,0,0,633,4,99999,99999,99999,99999,99999,99999,0.000000,0.000000,0.000000,0.000000,0.000000,0.000000,0.000000,0.000000,0.000000,0.000000,0.000000,0.000000,0.000000,0.000000,0,0,0,0
"4,-2",0,62555,0,0,635,4,99999,99999,99999,99999,99999,99999,0.000000,0.000000,0.000000,0.000000,0.000000,0.000000,0.000000,0.000000,0.000000,0.000000,0.000000,0.000000,0.000000,0.000000,0,0,0,0
"4,-1",0,62555,0,0,632,4,99999,99999,99999,99999,99999,99999,0.000000,0.000000,0.000000,0.000000,0.000000,0.000000,0.000000,0.000000,0.000000,0.000000,0.000000,0.000000,0.000000,0.000000,0,0,0,0
"4,0",0,62555,0,0,631,4,99999,99999,99999,99999,99999,99999,0.000000,0.000000,0.000000,0.000000,0.000000,0.000000,0.000000,0.000000,0.000000,0.000000,0.000000,0.000000,0.000000,0.000000,0,0,0,0
"4,1",0,62555,0,0,633,4,99999,99999,99999,99999,99999,99999,0.000000,0.000000,0.000000,0.000000,0.000000,0.000000,0.000000,0.000000,0.000000,0.000000,0.000000,0.000000,0.000000,0.000000,0,0,0,0
"4,2",0,62555,0,0,633,4,99999,99999,99999,99999,99999,99999,0.000000,0.000000,0.000000,0.000000,0.000000,0.000000,0.000000,0.000000,0.000000,0.000000,0.000000,0.000000,0.000000,0.000000,0,0,0,0
"4,3",0,62555,0,0,632,4,99999,99999,99999,99999,99999,99999,0.000000,0.000000,0.000000,0.000000,0.000000,0.000000,0.000000,0.000000,0.000000,0.000000,0.000000,0.000000,0.000000,0.000000,0,0,0,0
"4,4",0,62555,0,0,631,4,99999,99999,99999,99999,99999,99999,0.000000,0.000000,0.000000,0.000000,0.000000,0.000000,0.000000,0.000000,0.000000,0.000000,0.000000,0.000000,0.000000,0.000000,0,0,0,0
"4,5",0,62555,0,0,632,4,99999,99999,99999,99999,99999,99999,0.000000,0.000000,0.000000,0.000000,0.000000,0.000000,0.000000,0.000000,0.000000,0.000000,0.000000,0.000000,0.000000,0.000000,0,0,0,0
"4,6",0,62555,0,0,632,4,99999,99999,99999,99999,99999,99999,0.000000,0.000000,0.000000,0.000000,0.000000,0.000000,0.000000,0.000000,0.000000,0.000000,0.000000,0.000000,0.000000,0.000000,0,0,0,0
"4,7",0,62555,0,0,631,4,99999,99999,99999,99999,99999,99999,0.000000,0.000000,0.000000,0.000000,0.000000,0.000000,0.000000,0.000000,0.000000,0.000000,0.000000,0.000000,0.000000,0.000000,0,0,0,0
"4,8",0,62555,0,0,631,4,99999,99999,99999,99999,99999,99999,0.000000,0.000000,0.000000,0.000000,0.000000,0.000000,0.000000,0.000000,0.000000,0.000000,0.000000,0.000000,0.000000,0.000000,0,0,0,0
"4,9",0,62555,0,0,633,4,99999,99999,99999,99999,99999,99999,0.000000,0.000000,0.000000,0.000000,0.000000,0.000000,0.000000,0.000000,0.000000,0.000000,0.000000,0.000000,0.000000,0.000000,0,0,0,0
"4,10",0,62555,0,0,629,4,99999,99999,99999,99999,99999,99999,0.000000,0.000000,0.000000,0.000000,0.000000,0.000000,0.000000,0.000000,0.000000,0.000000,0.000000,0.000000,0.000000,0.000000,0,0,0,0
"4,11",0,62555,0,0,636,4,99999,99999,99999,99999,99999,99999,0.000000,0.000000,0.000000,0.000000,0.000000,0.000000,0.000000,0.000000,0.000000,0.000000,0.000000,0.000000,0.000000,0.000000,0,0,0,0
"4,12",0,62555,0,0,635,4,99999,99999,99999,99999,99999,99999,0.000000,0.000000,0.000000,0.000000,0.000000,0.000000,0.000000,0.000000,0.000000,0.000000,0.000000,0.000000,0.000000,0.000000,0,0,0,0
"4,13",0,62555,0,0,632,4,99999,99999,99999,99999,99999,99999,0.000000,0.000000,0.000000,0.000000,0.000000,0.000000,0.000000,0.000000,0.000000,0.000000,0.000000,0.000000,0.000000,0.000000,0,0,0,0
"4,14",0,62555,0,0,631,4,99999,99999,99999,99999,99999,99999,0.000000,0.000000,0.000000,0.000000,0.000000,0.000000,0.000000,0.000000,0.000000,0.000000,0.000000,0.000000,0.000000,0.000000,0,0,0,0
"4,15",0,62555,0,0,631,4,99999,99999,99999,99999,99999,99999,0.000000,0.000000,0.000000,0.000000,0.000000,0.000000,0.000000,0.000000,0.000000,0.000000,0.000000,0.000000,0.000000,0.000000,0,0,0,0
"4,16",0,62555,0,0,633,4,99999,99999,99999,99999,99999,99999,0.000000,0.000000,0.000000,0.000000,0.000000,0.000000,0.000000,0.000000,0.000000,0.000000,0.000000,0.000000,0.000000,0.000000,0,0,0,0
"4,17",0,62555,0,0,60,4,99999,99999,99999,99999,99999,99999,0.000000,0.000000,0.000000,0.000000,0.000000,0.000000,0.000000,0.000000,0.000000,0.000000,0.000000,0.000000,0.000000,0.000000,0,0,0,0
"4,18",0,62555,0,0,60,4,99999,99999,99999,99999,99999,99999,0.000000,0.000000,0.000000,0.000000,0.000000,0.000000,0.000000,0.000000,0.000000,0.000000,0.000000,0.000000,0.000000,0.000000,0,0,0,0
"4,19",0,62555,0,0,60,4,99999,99999,99999,99999,99999,99999,0.000000,0.000000,0.000000,0.000000,0.000000,0.000000,0.000000,0.000000,0.000000,0.000000,0.000000,0.000000,0.000000,0.000000,0,0,0,0
"4,20",0,62555,0,0,60,4,99999,99999,99999,99999,99999,99999,0.000000,0.000000,0.000000,0.000000,0.000000,0.000000,0.000000,0.000000,0.000000,0.000000,0.000000,0.000000,0.000000,0.000000,0,0,0,0
"4,21",0,62555,0,0,60,4,99999,99999,99999,99999,99999,99999,0.000000,0.000000,0.000000,0.000000,0.000000,0.000000,0.000000,0.000000,0.000000,0.000000,0.000000,0.000000,0.000000,0.000000,0,0,0,0
"4,22",0,62555,0,0,61,4,99999,99999,99999,99999,99999,99999,0.000000,0.000000,0.000000,0.000000,0.000000,0.000000,0.000000,0.000000,0.000000,0.000000,0.000000,0.000000,0.000000,0.000000,0,0,0,0
"4,23",0,62555,0,0,60,4,99999,99999,99999,99999,99999,99999,0.000000,0.000000,0.000000,0.000000,0.000000,0.000000,0.000000,0.000000,0.000000,0.000000,0.000000,0.000000,0.000000,0.000000,0,0,0,0
"4,24",0,62555,0,0,60,4,99999,99999,99999,99999,99999,99999,0.000000,0.000000,0.000000,0.000000,0.000000,0.000000,0.000000,0.000000,0.000000,0.000000,0.000000,0.000000,0.000000,0.000000,0,0,0,0
"4,25",0,62555,0,0,60,4,99999,99999,99999,99999,99999,99999,0.000000,0.000000,0.000000,0.000000,0.000000,0.000000,0.000000,0.000000,0.000000,0.000000,0.000000,0.000000,0.000000,0.000000,0,0,0,0
"4,26",0,62555,0,0,61,4,99999,99999,99999,99999,99999,99999,0.000000,0.000000,0.000000,0.000000,0.000000,0.000000,0.000000,0.000000,0.000000,0.000000,0.000000,0.000000,0.000000,0.000000,0,0,0,0
"5,-26",0,62555,0,0,8,4,99999,99999,99999,99999,99999,99999,0.000000,0.000000,0.000000,0.000000,0.000000,0.000000,0.000000,0.000000,0.000000,0.000000,0.000000,0.000000,0.000000,0.000000,0,0,0,0
"5,-25",0,62555,0,0,61,4,99999,99999,99999,99999,99999,99999,0.000000,0.000000,0.000000,0.000000,0.000000,0.000000,0.000000,0.000000,0.000000,0.000000,0.000000,0.000000,0.000000,0.000000,0,0,0,0
"5,-24",0,62555,0,0,60,4,99999,99999,99999,99999,99999,99999,0.000000,0.000000,0.000000,0.000000,0.000000,0.000000,0.000000,0.000000,0.000000,0.000000,0.000000,0.000000,0.000000,0.000000,0,0,0,0
"5,-23",0,62555,0,0,59,4,99999,99999,99999,99999,99999,99999,0.000000,0.000000,0.000000,0.000000,0.000000,0.000000,0.000000,0.000000,0.000000,0.000000,0.000000,0.000000,0.000000,0.000000,0,0,0,0
"5,-22",0,62555,0,0,60,4,99999,99999,99999,99999,99999,99999,0.000000,0.000000,0.000000,0.000000,0.000000,0.000000,0.000000,0.000000,0.000000,0.000000,0.000000,0.000000,0.000000,0.000000,0,0,0,0
"5,-21",0,62555,0,0,59,4,99999,99999,99999,99999,99999,99999,0.000000,0.000000,0.000000,0.000000,0.000000,0.000000,0.000000,0.000000,0.000000,0.000000,0.000000,0.000000,0.000000,0.000000,0,0,0,0
"5,-20",0,62555,0,0,59,4,99999,99999,99999,99999,99999,99999,0.000000,0.000000,0.000000,0.000000,0.000000,0.000000,0.000000,0.000000,0.000000,0.000000,0.000000,0.000000,0.000000,0.000000,0,0,0,0
"5,-19",0,62555,0,0,60,4,99999,99999,99999,99999,99999,99999,0.000000,0.000000,0.000000,0.000000,0.000000,0.000000,0.000000,0.000000,0.000000,0.000000,0.000000,0.000000,0.000000,0.000000,0,0,0,0
"5,-18",0,62555,0,0,59,4,99999,99999,99999,99999,99999,99999,0.000000,0.000000,0.000000,0.000000,0.000000,0.000000,0.000000,0.000000,0.000000,0.000000,0.000000,0.000000,0.000000,0.000000,0,0,0,0
"5,-17",0,62555,0,0,60,4,99999,99999,99999,99999,99999,99999,0.000000,0.000000,0.000000,0.000000,0.000000,0.000000,0.000000,0.000000,0.000000,0.000000,0.000000,0.000000,0.000000,0.000000,0,0,0,0
"5,-16",0,62555,0,0,60,4,99999,99999,99999,99999,99999,99999,0.000000,0.000000,0.000000,0.000000,0.000000,0.000000,0.000000,0.000000,0.000000,0.000000,0.000000,0.000000,0.000000,0.000000,0,0,0,0
"5,-15",0,62555,0,0,635,4,99999,99999,99999,99999,99999,99999,0.000000,0.000000,0.000000,0.000000,0.000000,0.000000,0.000000,0.000000,0.000000,0.000000,0.000000,0.000000,0.000000,0.000000,0,0,0,0
"5,-14",0,62555,0,0,631,4,99999,99999,99999,99999,99999,99999,0.000000,0.000000,0.000000,0.000000,0.000000,0.000000,0.000000,0.000000,0.000000,0.000000,0.000000,0.000000,0.000000,0.000000,0,0,0,0
"5,-13",0,62555,0,0,635,4,99999,99999,99999,99999,99999,99999,0.000000,0.000000,0.000000,0.000000,0.000000,0.000000,0.000000,0.000000,0.000000,0.000000,0.000000,0.000000,0.000000,0.000000,0,0,0,0
"5,-12",0,62555,0,0,636,4,99999,99999,99999,99999,99999,99999,0.000000,0.000000,0.000000,0.000000,0.000000,0.000000,0.000000,0.000000,0.000000,0.000000,0.000000,0.000000,0.000000,0.000000,0,0,0,0
"5,-11",0,62555,0,0,634,4,99999,99999,99999,99999,99999,99999,0.000000,0.000000,0.000000,0.000000,0.000000,0.000000,0.000000,0.000000,0.000000,0.000000,0.000000,0.000000,0.000000,0.000000,0,0,0,0
"5,-10",0,62555,0,0,629,4,99999,99999,99999,99999,99999,99999,0.000000,0.000000,0.000000,0.000000,0.000000,0.000000,0.000000,0.000000,0.000000,0.000000,0.000000,0.000000,0.000000,0.000000,0,0,0,0
"5,-9",0,62555,0,0,629,4,99999,99999,99999,99999,99999,99999,0.000000,0.000000,0.000000,0.000000,0.000000,0.000000,0.000000,0.000000,0.000000,0.000000,0.000000,0.000000,0.000000,0.000000,0,0,0,0
"5,-8",0,62555,0,0,636,4,99999,99999,99999,99999,99999,99999,0.000000,0.000000,0.000000,0.000000,0.000000,0.000000,0.000000,0.000000,0.000000,0.000000,0.000000,0.000000,0.000000,0.000000,0,0,0,0
"5,-7",0,62555,0,0,632,4,99999,99999,99999,99999,99999,99999,0.000000,0.000000,0.000000,0.000000,0.000000,0.000000,0.000000,0.000000,0.000000,0.000000,0.000000,0.000000,0.000000,0.000000,0,0,0,0
"5,-6",0,62555,0,0,631,4,99999,99999,99999,99999,99999,99999,0.000000,0.000000,0.000000,0.000000,0.000000,0.000000,0.000000,0.000000,0.000000,0.000000,0.000000,0.000000,0.000000,0.000000,0,0,0,0
"5,-5",0,62555,0,0,634,4,99999,99999,99999,99999,99999,99999,0.000000,0.000000,0.000000,0.000000,0.000000,0.000000,0.000000,0.000000,0.000000,0.000000,0.000000,0.000000,0.000000,0.000000,0,0,0,0
"5,-4",0,62555,0,0,632,4,99999,99999,99999,99999,99999,99999,0.000000,0.000000,0.000000,0.000000,0.000000,0.000000,0.000000,0.000000,0.000000,0.000000,0.000000,0.000000,0.000000,0.000000,0,0,0,0
"5,-3",0,62555,0,0,627,4,99999,99999,99999,99999,99999,99999,0.000000,0.000000,0.000000,0.000000,0.000000,0.000000,0.000000,0.000000,0.000000,0.000000,0.000000,0.000000,0.000000,0.000000,0,0,0,0
"5,-2",0,62555,0,0,630,4,99999,99999,99999,99999,99999,99999,0.000000,0.000000,0.000000,0.000000,0.000000,0.000000,0.000000,0.000000,0.000000,0.000000,0.000000,0.000000,0.000000,0.000000,0,0,0,0
"5,-1",0,62555,0,0,640,4,99999,99999,99999,99999,99999,99999,0.000000,0.000000,0.000000,0.000000,0.000000,0.000000,0.000000,0.000000,0.000000,0.000000,0.000000,0.000000,0.000000,0.000000,0,0,0,0
"5,0",0,62555,0,0,629,4,99999,99999,99999,99999,99999,99999,0.000000,0.000000,0.000000,0.000000,0.000000,0.000000,0.000000,0.000000,0.000000,0.000000,0.000000,0.000000,0.000000,0.000000,0,0,0,0
"5,1",0,62555,0,0,632,4,99999,99999,99999,99999,99999,99999,0.000000,0.000000,0.000000,0.000000,0.000000,0.000000,0.000000,0.000000,0.000000,0.000000,0.000000,0.000000,0.000000,0.000000,0,0,0,0
"5,2",0,62555,0,0,634,4,99999,99999,99999,99999,99999,99999,0.000000,0.000000,0.000000,0.000000,0.000000,0.000000,0.000000,0.000000,0.000000,0.000000,0.000000,0.000000,0.000000,0.000000,0,0,0,0
"5,3",0,62555,0,0,632,4,99999,99999,99999,99999,99999,99999,0.000000,0.000000,0.000000,0.000000,0.000000,0.000000,0.000000,0.000000,0.000000,0.000000,0.000000,0.000000,0.000000,0.000000,0,0,0,0
"5,4",0,62555,0,0,631,4,99999,99999,99999,99999,99999,99999,0.000000,0.000000,0.000000,0.000000,0.000000,0.000000,0.000000,0.000000,0.000000,0.000000,0.000000,0.000000,0.000000,0.000000,0,0,0,0
"5,5",0,62555,0,0,633,4,99999,99999,99999,99999,99999,99999,0.000000,0.000000,0.000000,0.000000,0.000000,0.000000,0.000000,0.000000,0.000000,0.000000,0.000000,0.000000,0.000000,0.000000,0,0,0,0
"5,6",0,62555,0,0,633,4,99999,99999,99999,99999,99999,99999,0.000000,0.000000,0.000000,0.000000,0.000000,0.000000,0.000000,0.000000,0.000000,0.000000,0.000000,0.000000,0.000000,0.000000,0,0,0,0
"5,7",0,62555,0,0,634,4,99999,99999,99999,99999,99999,99999,0.000000,0.000000,0.000000,0.000000,0.000000,0.000000,0.000000,0.000000,0.000000,0.000000,0.000000,0.000000,0.000000,0.000000,0,0,0,0
"5,8",0,62555,0,0,636,4,99999,99999,99999,99999,99999,99999,0.000000,0.000000,0.000000,0.000000,0.000000,0.000000,0.000000,0.000000,0.000000,0.000000,0.000000,0.000000,0.000000,0.000000,0,0,0,0
"5,9",0,62555,0,0,632,4,99999,99999,99999,99999,99999,99999,0.000000,0.000000,0.000000,0.000000,0.000000,0.000000,0.000000,0.000000,0.000000,0.000000,0.000000,0.000000,0.000000,0.000000,0,0,0,0
"5,10",0,62555,0,0,636,4,99999,99999,99999,99999,99999,99999,0.000000,0.000000,0.000000,0.000000,0.000000,0.000000,0.000000,0.000000,0.000000,0.000000,0.000000,0.000000,0.000000,0.000000,0,0,0,0
"5,11",0,62555,0,0,634,4,99999,99999,99999,99999,99999,99999,0.000000,0.000000,0.000000,0.000000,0.000000,0.000000,0.000000,0.000000,0.000000,0.000000,0.000000,0.000000,0.000000,0.000000,0,0,0,0
"5,12",0,62555,0,0,635,4,99999,99999,99999,99999,99999,99999,0.000000,0.000000,0.000000,0.000000,0.000000,0.000000,0.000000,0.000000,0.000000,0.000000,0.000000,0.000000,0.000000,0.000000,0,0,0,0
"5,13",0,62555,0,0,632,4,99999,99999,99999,99999,99999,99999,0.000000,0.000000,0.000000,0.000000,0.000000,0.000000,0.000000,0.000000,0.000000,0.000000,0.000000,0.000000,0.000000,0.000000,0,0,0,0
"5,14",0,62555,0,0,633,4,99999,99999,99999,99999,99999,99999,0.000000,0.000000,0.000000,0.000000,0.000000,0.000000,0.000000,0.000000,0.000000,0.000000,0.000000,0.000000,0.000000,0.000000,0,0,0,0
"5,15",0,62555,0,0,634,4,99999,99999,99999,99999,99999,99999,0.000000,0.000000,0.000000,0.000000,0.000000,0.000000,0.000000,0.000000,0.000000,0.000000,0.000000,0.000000,0.000000,0.000000,0,0,0,0
"5,16",0,62555,0,0,60,4,99999,99999,99999,99999,99999,99999,0.000000,0.000000,0.000000,0.000000,0.000000,0.000000,0.000000,0.000000,0.000000,0.000000,0.000000,0.000000,0.000000,0.000000,0,0,0,0
"5,17",0,62555,0,0,60,4,99999,99999,99999,99999,99999,99999,0.000000,0.000000,0.000000,0.000000,0.000000,0.000000,0.000000,0.000000,0.000000,0.000000,0.000000,0.000000,0.000000,0.000000,0,0,0,0
"5,18",0,62555,0,0,59,4,99999,99999,99999,99999,99999,99999,0.000000,0.000000,0.000000,0.000000,0.000000,0.000000,0.000000,0.000000,0.000000,0.000000,0.000000,0.000000,0.000000,0.000000,0,0,0,0
"5,19",0,62555,0,0,59,4,99999,99999,99999,99999,99999,99999,0.000000,0.000000,0.000000,0.000000,0.000000,0.000000,0.000000,0.000000,0.000000,0.000000,0.000000,0.000000,0.000000,0.000000,0,0,0,0
"5,20",0,62555,0,0,59,4,99999,99999,99999,99999,99999,99999,0.000000,0.000000,0.000000,0.000000,0.000000,0.000000,0.000000,0.000000,0.000000,0.000000,0.000000,0.000000,0.000000,0.000000,0,0,0,0
"5,21",0,62555,0,0,60,4,99999,99999,99999,99999,99999,99999,0.000000,0.000000,0.000000,0.000000,0.000000,0.000000,0.000000,0.000000,0.000000,0.000000,0.000000,0.000000,0.000000,0.000000,0,0,0,0
"5,22",0,62555,0,0,60,4,99999,99999,99999,99999,99999,99999,0.000000,0.000000,0.000000,0.000000,0.000000,0.000000,0.000000,0.000000,0.000000,0.000000,0.000000,0.000000,0.000000,0.000000,0,0,0,0
"5,23",0,62555,0,0,60,4,99999,99999,99999,99999,99999,99999,0.000000,0.000000,0.000000,0.000000,0.000000,0.000000,0.000000,0.000000,0.000000,0.000000,0.000000,0.000000,0.000000,0.000000,0,0,0,0
"5,24",0,62555,0,0,60,4,99999,99999,99999,99999,99999,99999,0.000000,0.000000,0.000000,0.000000,0.000000,0.000000,0.000000,0.000000,0.000000,0.000000,0.000000,0.000000,0.000000,0.000000,0,0,0,0
"5,25",0,62555,0,0,59,4,99999,99999,99999,99999,99999,99999,0.000000,0.000000,0.000000,0.000000,0.000000,0.000000,0.000000,0.000000,0.000000,0.000000,0.000000,0.000000,0.000000,0.000000,0,0,0,0
"5,26",0,62555,0,0,8,4,99999,99999,99999,99999,99999,99999,0.000000,0.000000,0.000000,0.000000,0.000000,0.000000,0.000000,0.000000,0.000000,0.000000,0.000000,0.000000,0.000000,0.000000,0,0,0,0
"6,-26",0,62555,0,0,8,4,99999,99999,99999,99999,99999,99999,0.000000,0.000000,0.000000,0.000000,0.000000,0.000000,0.000000,0.000000,0.000000,0.000000,0.000000,0.000000,0.000000,0.000000,0,0,0,0
"6,-25",0,62555,0,0,8,4,99999,99999,99999,99999,99999,99999,0.000000,0.000000,0.000000,0.000000,0.000000,0.000000,0.000000,0.000000,0.000000,0.000000,0.000000,0.000000,0.000000,0.000000,0,0,0,0
"6,-24",0,62555,0,0,59,4,99999,99999,99999,99999,99999,99999,0.000000,0.000000,0.000000,0.000000,0.000000,0.000000,0.000000,0.000000,0.000000,0.000000,0.000000,0.000000,0.000000,0.000000,0,0,0,0
"6,-23",0,62555,0,0,60,4,99999,99999,99999,99999,99999,99999,0.000000,0.000000,0.000000,0.000000,0.000000,0.000000,0.000000,0.000000,0.000000,0.000000,0.000000,0.000000,0.000000,0.000000,0,0,0,0
"6,-22",0,62555,0,0,60,4,99999,99999,99999,99999,99999,99999,0.000000,0.000000,0.000000,0.000000,0.000000,0.000000,0.000000,0.000000,0.000000,0.000000,0.000000,0.000000,0.000000,0.000000,0,0,0,0
"6,-21",0,62555,0,0,60,4,99999,99999,99999,99999,99999,99999,0.000000,0.000000,0.000000,0.000000,0.000000,0.000000,0.000000,0.000000,0.000000,0.000000,0.000000,0.000000,0.000000,0.000000,0,0,0,0
"6,-20",0,62555,0,0,59,4,99999,99999,99999,99999,99999,99999,0.000000,0.000000,0.000000,0.000000,0.000000,0.000000,0.000000,0.000000,0.000000,0.000000,0.000000,0.000000,0.000000,0.000000,0,0,0,0
"6,-19",0,62555,0,0,60,4,99999,99999,99999,99999,99999,99999,0.000000,0.000000,0.000000,0.000000,0.000000,0.000000,0.000000,0.000000,0.000000,0.000000,0.000000,0.000000,0.000000,0.000000,0,0,0,0
"6,-18",0,62555,0,0,59,4,99999,99999,99999,99999,99999,99999,0.000000,0.000000,0.000000,0.000000,0.000000,0.000000,0.000000,0.000000,0.000000,0.000000,0.000000,0.000000,0.000000,0.000000,0,0,0,0
"6,-17",0,62555,0,0,60,4,99999,99999,99999,99999,99999,99999,0.000000,0.000000,0.000000,0.000000,0.000000,0.000000,0.000000,0.000000,0.000000,0.000000,0.000000,0.000000,0.000000,0.000000,0,0,0,0
"6,-16",0,62555,0,0,60,4,99999,99999,99999,99999,99999,99999,0.000000,0.000000,0.000000,0.000000,0.000000,0.000000,0.000000,0.000000,0.000000,0.000000,0.000000,0.000000,0.000000,0.000000,0,0,0,0
"6,-15",0,62555,0,0,60,4,99999,99999,99999,99999,99999,99999,0.000000,0.000000,0.000000,0.000000,0.000000,0.000000,0.000000,0.000000,0.000000,0.000000,0.000000,0.000000,0.000000,0.000000,0,0,0,0
"6,-14",0,62555,0,0,59,4,99999,99999,99999,99999,99999,99999,0.000000,0.000000,0.000000,0.000000,0.000000,0.000000,0.000000,0.000000,0.000000,0.000000,0.000000,0.000000,0.000000,0.000000,0,0,0,0
"6,-13",0,62555,0,0,631,4,99999,99999,99999,99999,99999,99999,0.000000,0.000000,0.000000,0.000000,0.000000,0.000000,0.000000,0.000000,0.000000,0.000000,0.000000,0.000000,0.000000,0.000000,0,0,0,0
"6,-12",0,62555,0,0,637,4,99999,99999,99999,99999,99999,99999,0.000000,0.000000,0.000000,0.000000,0.000000,0.000000,0.000000,0.000000,0.000000,0.000000,0.000000,0.000000,0.000000,0.000000,0,0,0,0
"6,-11",0,62555,0,0,631,4,99999,99999,99999,99999,99999,99999,0.000000,0.000000,0.000000,0.000000,0.000000,0.000000,0.000000,0.000000,0.000000,0.000000,0.000000,0.000000,0.000000,0.000000,0,0,0,0
"6,-10",0,62555,0,0,629,4,99999,99999,99999,99999,99999,99999,0.000000,0.000000,0.000000,0.000000,0.000000,0.000000,0.000000,0.000000,0.000000,0.000000,0.000000,0.000000,0.000000,0.000000,0,0,0,0
"6,-9",0,62555,0,0,633,4,99999,99999,99999,99999,99999,99999,0.000000,0.000000,0.000000,0.000000,0.000000,0.000000,0.000000,0.000000,0.000000,0.000000,0.000000,0.000000,0.000000,0.000000,0,0,0,0
"6,-8",0,62555,0,0,631,4,99999,99999,99999,99999,99999,99999,0.000000,0.000000,0.000000,0.000000,0.000000,0.000000,0.000000,0.000000,0.000000,0.000000,0.000000,0.000000,0.000000,0.000000,0,0,0,0
"6,-7",0,62555,0,0,631,4,99999,99999,99999,99999,99999,99999,0.000000,0.000000,0.000000,0.000000,0.000000,0.000000,0.000000,0.000000,0.000000,0.000000,0.000000,0.000000,0.000000,0.000000,0,0,0,0
"6,-6",0,62555,0,0,632,4,99999,99999,99999,99999,99999,99999,0.000000,0.000000,0.000000,0.000000,0.000000,0.000000,0.000000,0.000000,0.000000,0.000000,0.000000,0.000000,0.000000,0.000000,0,0,0,0
"6,-5",0,62555,0,0,630,4,99999,99999,99999,99999,99999,99999,0.000000,0.000000,0.000000,0.000000,0.000000,0.000000,0.000000,0.000000,0.000000,0.000000,0.000000,0.000000,0.000000,0.000000,0,0,0,0
"6,-4",0,62555,0,0,639,4,99999,99999,99999,99999,99999,99999,0.000000,0.000000,0.000000,0.000000,0.000000,0.000000,0.000000,0.000000,0.000000,0.000000,0.000000,0.000000,0.000000,0.000000,0,0,0,0
"6,-3",0,62555,0,0,635,4,99999,99999,99999,99999,99999,99999,0.000000,0.000000,0.000000,0.000000,0.000000,0.000000,0.000000,0.000000,0.000000,0.000000,0.000000,0.000000,0.000000,0.000000,0,0,0,0
"6,-2",0,62555,0,0,634,4,99999,99999,99999,99999,99999,99999,0.000000,0.000000,0.000000,0.000000,0.000000,0.000000,0.000000,0.000000,0.000000,0.000000,0.000000,0.000000,0.000000,0.000000,0,0,0,0
"6,-1",0,62555,0,0,635,4,99999,99999,99999,99999,99999,99999,0.000000,0.000000,0.000000,0.000000,0.000000,0.000000,0.000000,0.000000,0.000000,0.000000,0.000000,0.000000,0.000000,0.000000,0,0,0,0
"6,0",0,62555,0,0,631,4,99999,99999,99999,99999,99999,99999,0.000000,0.000000,0.000000,0.000000,0.000000,0.000000,0.000000,0.000000,0.000000,0.000000,0.000000,0.000000,0.000000,0.000000,0,0,0,0
"6,1",0,62555,0,0,634,4,99999,99999,99999,99999,99999,99999,0.000000,0.000000,0.000000,0.000000,0.000000,0.000000,0.000000,0.000000,0.000000,0.000000,0.000000,0.000000,0.000000,0.000000,0,0,0,0
"6,2",0,62555,0,0,630,4,99999,99999,99999,99999,99999,99999,0.000000,0.000000,0.000000,0.000000,0.000000,0.000000,0.000000,0.000000,0.000000,0.000000,0.000000,0.000000,0.000000,0.000000,0,0,0,0
"6,3",0,62555,0,0,629,4,99999,99999,99999,99999,99999,99999,0.000000,0.000000,0.000000,0.000000,0.000000,0.000000,0.000000,0.000000,0.000000,0.000000,0.000000,0.000000,0.000000,0.000000,0,0,0,0
"6,4",0,62555,0,0,636,4,99999,99999,99999,99999,99999,99999,0.000000,0.000000,0.000000,0.000000,0.000000,0.000000,0.000000,0.000000,0.000000,0.000000,0.000000,0.000000,0.000000,0.000000,0,0,0,0
"6,5",0,62555,0,0,636,4,99999,99999,99999,99999,99999,99999,0.000000,0.000000,0.000000,0.000000,0.000000,0.000000,0.000000,0.000000,0.000000,0.000000,0.000000,0.000000,0.000000,0.000000,0,0,0,0
"6,6",0,62555,0,0,633,4,99999,99999,99999,99999,99999,99999,0.000000,0.000000,0.000000,0.000000,0.000000,0.000000,0.000000,0.000000,0.000000,0.000000,0.000000,0.000000,0.000000,0.000000,0,0,0,0
"6,7",0,62555,0,0,631,4,99999,99999,99999,99999,99999,99999,0.000000,0.000000,0.000000,0.000000,0.000000,0.000000,0.000000,0.000000,0.000000,0.000000,0.000000,0.000000,0.000000,0.000000,0,0,0,0
"6,8",0,62555,0,0,630,4,99999,99999,99999,99999,99999,99999,0.000000,0.000000,0.000000,0.000000,0.000000,0.000000,0.000000,0.000000,0.000000,0.000000,0.000000,0.000000,0.000000,0.000000,0,0,0,0
"6,9",0,62555,0,0,633,4,99999,99999,99999,99999,99999,99999,0.000000,0.000000,0.000000,0.000000,0.000000,0.000000,0.000000,0.000000,0.000000,0.000000,0.000000,0.000000,0.000000,0.000000,0,0,0,0
"6,10",0,62555,0,0,632,4,99999,99999,99999,99999,99999,99999,0.000000,0.000000,0.000000,0.000000,0.000000,0.000000,0.000000,0.000000,0.000000,0.000000,0.000000,0.000000,0.000000,0.000000,0,0,0,0
"6,11",0,62555,0,0,632,4,99999,99999,99999,99999,99999,99999,0.000000,0.000000,0.000000,0.000000,0.000000,0.000000,0.000000,0.000000,0.000000,0.000000,0.000000,0.000000,0.000000,0.000000,0,0,0,0
"6,12",0,62555,0,0,632,4,99999,99999,99999,99999,99999,99999,0.000000,0.000000,0.000000,0.000000,0.000000,0.000000,0.000000,0.000000,0.000000,0.000000,0.000000,0.000000,0.000000,0.000000,0,0,0,0
"6,13",0,62555,0,0,633,4,99999,99999,99999,99999,99999,99999,0.000000,0.000000,0.000000,0.000000,0.000000,0.000000,0.000000,0.000000,0.000000,0.000000,0.000000,0.000000,0.000000,0.000000,0,0,0,0
"6,14",0,62555,0,0,60,4,99999,99999,99999,99999,99999,99999,0.000000,0.000000,0.000000,0.000000,0.000000,0.000000,0.000000,0.000000,0.000000,0.000000,0.000000,0.000000,0.000000,0.000000,0,0,0,0
"6,15",0,62555,0,0,61,4,99999,99999,99999,99999,99999,99999,0.000000,0.000000,0.000000,0.000000,0.000000,0.000000,0.000000,0.000000,0.000000,0.000000,0.000000,0.000000,0.000000,0.000000,0,0,0,0
"6,16",0,62555,0,0,60,4,99999,99999,99999,99999,99999,99999,0.000000,0.000000,0.000000,0.000000,0.000000,0.000000,0.000000,0.000000,0.000000,0.000000,0.000000,0.000000,0.000000,0.000000,0,0,0,0
"6,17",0,62555,0,0,60,4,99999,99999,99999,99999,99999,99999,0.000000,0.000000,0.000000,0.000000,0.000000,0.000000,0.000000,0.000000,0.000000,0.000000,0.000000,0.000000,0.000000,0.000000,0,0,0,0
"6,18",0,62555,0,0,59,4,99999,99999,99999,99999,99999,99999,0.000000,0.000000,0.000000,0.000000,0.000000,0.000000,0.000000,0.000000,0.000000,0.000000,0.000000,0.000000,0.000000,0.000000,0,0,0,0
"6,19",0,62555,0,0,60,4,99999,99999,99999,99999,99999,99999,0.000000,0.000000,0.000000,0.000000,0.000000,0.000000,0.000000,0.000000,0.000000,0.000000,0.000000,0.000000,0.000000,0.000000,0,0,0,0
"6,20",0,62555,0,0,59,4,99999,99999,99999,99999,99999,99999,0.000000,0.000000,0.000000,0.000000,0.000000,0.000000,0.000000,0.000000,0.000000,0.000000,0.000000,0.000000,0.000000,0.000000,0,0,0,0
"6,21",0,62555,0,0,59,4,99999,99999,99999,99999,99999,99999,0.000000,0.000000,0.000000,0.000000,0.000000,0.000000,0.000000,0.000000,0.000000,0.000000,0.000000,0.000000,0.000000,0.000000,0,0,0,0
"6,22",0,62555,0,0,62,4,99999,99999,99999,99999,99999,99999,0.000000,0.000000,0.000000,0.000000,0.000000,0.000000,0.000000,0.000000,0.000000,0.000000,0.000000,0.000000,0.000000,0.000000,0,0,0,0
"6,23",0,62555,0,0,60,4,99999,99999,99999,99999,99999,99999,0.000000,0.000000,0.000000,0.000000,0.000000,0.000000,0.000000,0.000000,0.000000,0.000000,0.000000,0.000000,0.000000,0.000000,0,0,0,0
"6,24",0,62555,0,0,59,4,99999,99999,99999,99999,99999,99999,0.000000,0.000000,0.000000,0.000000,0.000000,0.000000,0.000000,0.000000,0.000000,0.000000,0.000000,0.000000,0.000000,0.000000,0,0,0,0
"6,25",0,62555,0,0,8,4,99999,99999,99999,99999,99999,99999,0.000000,0.000000,0.000000,0.000000,0.000000,0.000000,0.000000,0.000000,0.000000,0.000000,0.000000,0.000000,0.000000,0.000000,0,0,0,0
"6,26",0,62555,0,0,8,4,99999,99999,99999,99999,99999,99999,0.000000,0.000000,0.000000,0.000000,0.000000,0.000000,0.000000,0.000000,0.000000,0.000000,0.000000,0.000000,0.000000,0.000000,0,0,0,0
"7,-26",0,62555,0,0,8,4,99999,99999,99999,99999,99999,99999,0.000000,0.000000,0.000000,0.000000,0.000000,0.000000,0.000000,0.000000,0.000000,0.000000,0.000000,0.000000,0.000000,0.000000,0,0,0,0
"7,-25",0,62555,0,0,8,4,99999,99999,99999,99999,99999,99999,0.000000,0.000000,0.000000,0.000000,0.000000,0.000000,0.000000,0.000000,0.000000,0.000000,0.000000,0.000000,0.000000,0.000000,0,0,0,0
"7,-24",0,62555,0,0,8,4,99999,99999,99999,99999,99999,99999,0.000000,0.000000,0.000000,0.000000,0.000000,0.000000,0.000000,0.000000,0.000000,0.000000,0.000000,0.000000,0.000000,0.000000,0,0,0,0
"7,-23",0,62555,0,0,60,4,99999,99999,99999,99999,99999,99999,0.000000,0.000000,0.000000,0.000000,0.000000,0.000000,0.000000,0.000000,0.000000,0.000000,0.000000,0.000000,0.000000,0.000000,0,0,0,0
"7,-22",0,62555,0,0,60,4,99999,99999,99999,99999,99999,99999,0.000000,0.000000,0.000000,0.000000,0.000000,0.000000,0.000000,0.000000,0.000000,0.000000,0.000000,0.000000,0.000000,0.000000,0,0,0,0
"7,-21",0,62555,0,0,60,4,99999,99999,99999,99999,99999,99999,0.000000,0.000000,0.000000,0.000000,0.000000,0.000000,0.000000,0.000000,0.000000,0.000000,0.000000,0.000000,0.000000,0.000000,0,0,0,0
"7,-20",0,62555,0,0,59,4,99999,99999,99999,99999,99999,99999,0.000000,0.000000,0.000000,0.000000,0.000000,0.000000,0.000000,0.000000,0.000000,0.000000,0.000000,0.000000,0.000000,0.000000,0,0,0,0
"7,-19",0,62555,0,0,60,4,99999,99999,99999,99999,99999,99999,0.000000,0.000000,0.000000,0.000000,0.000000,0.000000,0.000000,0.000000,0.000000,0.000000,0.000000,0.000000,0.000000,0.000000,0,0,0,0
"7,-18",0,62555,0,0,61,4,99999,99999,99999,99999,99999,99999,0.000000,0.000000,0.000000,0.000000,0.000000,0.000000,0.000000,0.000000,0.000000,0.000000,0.000000,0.000000,0.000000,0.000000,0,0,0,0
"7,-17",0,62555,0,0,59,4,99999,99999,99999,99999,99999,99999,0.000000,0.000000,0.000000,0.000000,0.000000,0.000000,0.000000,0.000000,0.000000,0.000000,0.000000,0.000000,0.000000,0.000000,0,0,0,0
"7,-16",0,62555,0,0,60,4,99999,99999,99999,99999,99999,99999,0.000000,0.000000,0.000000,0.000000,0.000000,0.000000,0.000000,0.000000,0.000000,0.000000,0.000000,0.000000,0.000000,0.000000,0,0,0,0
"7,-15",0,62555,0,0,60,4,99999,99999,99999,99999,99999,99999,0.000000,0.000000,0.000000,0.000000,0.000000,0.000000,0.000000,0.000000,0.000000,0.000000,0.000000,0.000000,0.000000,0.000000,0,0,0,0
"7,-14",0,62555,0,0,60,4,99999,99999,99999,99999,99999,99999,0.000000,0.000000,0.000000,0.000000,0.000000,0.000000,0.000000,0.000000,0.000000,0.000000,0.000000,0.000000,0.000000,0.000000,0,0,0,0
"7,-13",0,62555,0,0,59,4,99999,99999,99999,99999,99999,99999,0.000000,0.000000,0.000000,0.000000,0.000000,0.000000,0.000000,0.000000,0.000000,0.000000,0.000000,0.000000,0.000000,0.000000,0,0,0,0
"7,-12",0,62555,0,0,60,4,99999,99999,99999,99999,99999,99999,0.000000,0.000000,0.000000,0.000000,0.000000,0.000000,0.000000,0.000000,0.000000,0.000000,0.000000,0.000000,0.000000,0.000000,0,0,0,0
"7,-11",0,62555,0,0,633,4,99999,99999,99999,99999,99999,99999,0.000000,0.000000,0.000000,0.000000,0.000000,0.000000,0.000000,0.000000,0.000000,0.000000,0.000000,0.000000,0.000000,0.000000,0,0,0,0
"7,-10",0,62555,0,0,631,4,99999,99999,99999,99999,99999,99999,0.000000,0.000000,0.000000,0.000000,0.000000,0.000000,0.000000,0.000000,0.000000,0.000000,0.000000,0.000000,0.000000,0.000000,0,0,0,0
"7,-9",0,62555,0,0,632,4,99999,99999,99999,99999,99999,99999,0.000000,0.000000,0.000000,0.000000,0.000000,0.000000,0.000000,0.000000,0.000000,0.000000,0.000000,0.000000,0.000000,0.000000,0,0,0,0
"7,-8",0,62555,0,0,634,4,99999,99999,99999,99999,99999,99999,0.000000,0.000000,0.000000,0.000000,0.000000,0.000000,0.000000,0.000000,0.000000,0.000000,0.000000,0.000000,0.000000,0.000000,0,0,0,0
"7,-7",0,62555,0,0,630,4,99999,99999,99999,99999,99999,99999,0.000000,0.000000,0.000000,0.000000,0.000000,0.000000,0.000000,0.000000,0.000000,0.000000,0.000000,0.000000,0.000000,0.000000,0,0,0,0
"7,-6",0,62555,0,0,632,4,99999,99999,99999,99999,99999,99999,0.000000,0.000000,0.000000,0.000000,0.000000,0.000000,0.000000,0.000000,0.000000,0.000000,0.000000,0.000000,0.000000,0.000000,0,0,0,0
"7,-5",0,62555,0,0,633,4,99999,99999,99999,99999,99999,99999,0.000000,0.000000,0.000000,0.000000,0.000000,0.000000,0.000000,0.000000,0.000000,0.000000,0.000000,0.000000,0.000000,0.000000,0,0,0,0
"7,-4",0,62555,0,0,630,4,99999,99999,99999,99999,99999,99999,0.000000,0.000000,0.000000,0.000000,0.000000,0.000000,0.000000,0.000000,0.000000,0.000000,0.000000,0.000000,0.000000,0.000000,0,0,0,0
"7,-3",0,62555,0,0,636,4,99999,99999,99999,99999,99999,99999,0.000000,0.000000,0.000000,0.000000,0.000000,0.000000,0.000000,0.000000,0.000000,0.000000,0.000000,0.000000,0.000000,0.000000,0,0,0,0
"7,-2",0,62555,0,0,630,4,99999,99999,99999,99999,99999,99999,0.000000,0.000000,0.000000,0.000000,0.000000,0.000000,0.000000,0.000000,0.000000,0.000000,0.000000,0.000000,0.000000,0.000000,0,0,0,0
"7,-1",0,62555,0,0,630,4,99999,99999,99999,99999,99999,99999,0.000000,0.000000,0.000000,0.000000,0.000000,0.000000,0.000000,0.000000,0.000000,0.000000,0.000000,0.000000,0.000000,0.000000,0,0,0,0
"7,0",0,62555,0,0,633,4,99999,99999,99999,99999,99999,99999,0.000000,0.000000,0.000000,0.000000,0.000000,0.000000,0.000000,0.000000,0.000000,0.000000,0.000000,0.000000,0.000000,0.000000,0,0,0,0
"7,1",0,62555,0,0,631,4,99999,99999,99999,99999,99999,99999,0.000000,0.000000,0.000000,0.000000,0.000000,0.000000,0.000000,0.000000,0.000000,0.000000,0.000000,0.000000,0.000000,0.000000,0,0,0,0
"7,2",0,62555,0,0,631,4,99999,99999,99999,99999,99999,99999,0.000000,0.000000,0.000000,0.000000,0.000000,0.000000,0.000000,0.000000,0.000000,0.000000,0.000000,0.000000,0.000000,0.000000,0,0,0,0
"7,3",0,62555,0,0,628,4,99999,99999,99999,99999,99999,99999,0.000000,0.000000,0.000000,0.000000,0.000000,0.000000,0.000000,0.000000,0.000000,0.000000,0.000000,0.000000,0.000000,0.000000,0,0,0,0
"7,4",0,62555,0,0,638,4,99999,99999,99999,99999,99999,99999,0.000000,0.000000,0.000000,0.000000,0.000000,0.000000,0.000000,0.000000,0.000000,0.000000,0.000000,0.000000,0.000000,0.000000,0,0,0,0
"7,5",0,62555,0,0,632,4,99999,99999,99999,99999,99999,99999,0.000000,0.000000,0.000000,0.000000,0.000000,0.000000,0.000000,0.000000,0.000000,0.000000,0.000000,0.000000,0.000000,0.000000,0,0,0,0
"7,6",0,62555,0,0,633,4,99999,99999,99999,99999,99999,99999,0.000000,0.000000,0.000000,0.000000,0.000000,0.000000,0.000000,0.000000,0.000000,0.000000,0.000000,0.000000,0.000000,0.000000,0,0,0,0
"7,7",0,62555,0,0,636,4,99999,99999,99999,99999,99999,99999,0.000000,0.000000,0.000000,0.000000,0.000000,0.000000,0.000000,0.000000,0.000000,0.000000,0.000000,0.000000,0.000000,0.000000,0,0,0,0
"7,8",0,62555,0,0,636,4,99999,99999,99999,99999,99999,99999,0.000000,0.000000,0.000000,0.000000,0.000000,0.000000,0.000000,0.000000,0.000000,0.000000,0.000000,0.000000,0.000000,0.000000,0,0,0,0
"7,9",0,62555,0,0,630,4,99999,99999,99999,99999,99999,99999,0.000000,0.000000,0.000000,0.000000,0.000000,0.000000,0.000000,0.000000,0.000000,0.000000,0.000000,0.000000,0.000000,0.000000,0,0,0,0
"7,10",0,62555,0,0,633,4,99999,99999,99999,99999,99999,99999,0.000000,0.000000,0.000000,0.000000,0.000000,0.000000,0.000000,0.000000,0.000000,0.000000,0.000000,0.000000,0.000000,0.000000,0,0,0,0
"7,11",0,62555,0,0,631,4,99999,99999,99999,99999,99999,99999,0.000000,0.000000,0.000000,0.000000,0.000000,0.000000,0.000000,0.000000,0.000000,0.000000,0.000000,0.000000,0.000000,0.000000,0,0,0,0
"7,12",0,62555,0,0,59,4,99999,99999,99999,99999,99999,99999,0.000000,0.000000,0.000000,0.000000,0.000000,0.000000,0.000000,0.000000,0.000000,0.000000,0.000000,0.000000,0.000000,0.000000,0,0,0,0
"7,13",0,62555,0,0,59,4,99999,99999,99999,99999,99999,99999,0.000000,0.000000,0.000000,0.000000,0.000000,0.000000,0.000000,0.000000,0.000000,0.000000,0.000000,0.000000,0.000000,0.000000,0,0,0,0
"7,14",0,62555,0,0,60,4,99999,99999,99999,99999,99999,99999,0.000000,0.000000,0.000000,0.000000,0.000000,0.000000,0.000000,0.000000,0.000000,0.000000,0.000000,0.000000,0.000000,0.000000,0,0,0,0
"7,15",0,62555,0,0,60,4,99999,99999,99999,99999,99999,99999,0.000000,0.000000,0.000000,0.000000,0.000000,0.000000,0.000000,0.000000,0.000000,0.000000,0.000000,0.000000,0.000000,0.000000,0,0,0,0
"7,16",0,62555,0,0,60,4,99999,99999,99999,99999,99999,99999,0.000000,0.000000,0.000000,0.000000,0.000000,0.000000,0.000000,0.000000,0.000000,0.000000,0.000000,0.000000,0.000000,0.000000,0,0,0,0
"7,17",0,62555,0,0,60,4,99999,99999,99999,99999,99999,99999,0.000000,0.000000,0.000000,0.000000,0.000000,0.000000,0.000000,0.000000,0.000000,0.000000,0.000000,0.000000,0.000000,0.000000,0,0,0,0
"7,18",0,62555,0,0,59,4,99999,99999,99999,99999,99999,99999,0.000000,0.000000,0.000000,0.000000,0.000000,0.000000,0.000000,0.000000,0.000000,0.000000,0.000000,0.000000,0.000000,0.000000,0,0,0,0
"7,19",0,62555,0,0,60,4,99999,99999,99999,99999,99999,99999,0.000000,0.000000,0.000000,0.000000,0.000000,0.000000,0.000000,0.000000,0.000000,0.000000,0.000000,0.000000,0.000000,0.000000,0,0,0,0
"7,20",0,62555,0,0,59,4,99999,99999,99999,99999,99999,99999,0.000000,0.000000,0.000000,0.000000,0.000000,0.000000,0.000000,0.000000,0.000000,0.000000,0.000000,0.000000,0.000000,0.000000,0,0,0,0
"7,21",0,62555,0,0,59,4,99999,99999,99999,99999,99999,99999,0.000000,0.000000,0.000000,0.000000,0.000000,0.000000,0.000000,0.000000,0.000000,0.000000,0.000000,0.000000,0.000000,0.000000,0,0,0,0
"7,22",0,62555,0,0,59,4,99999,99999,99999,99999,99999,99999,0.000000,0.000000,0.000000,0.000000,0.000000,0.000000,0.000000,0.000000,0.000000,0.000000,0.000000,0.000000,0.000000,0.000000,0,0,0,0
"7,23",0,62555,0,0,60,4,99999,99999,99999,99999,99999,99999,0.000000,0.000000,0.000000,0.000000,0.000000,0.000000,0.000000,0.000000,0.000000,0.000000,0.000000,0.000000,0.000000,0.000000,0,0,0,0
"7,24",0,62555,0,0,8,4,99999,99999,99999,99999,99999,99999,0.000000,0.000000,0.000000,0.000000,0.000000,0.000000,0.000000,0.000000,0.000000,0.000000,0.000000,0.000000,0.000000,0.000000,0,0,0,0
"7,25",0,62555,0,0,8,4,99999,99999,99999,99999,99999,99999,0.000000,0.000000,0.000000,0.000000,0.000000,0.000000,0.000000,0.000000,0.000000,0.000000,0.000000,0.000000,0.000000,0.000000,0,0,0,0
"7,26",0,62555,0,0,8,4,99999,99999,99999,99999,99999,99999,0.000000,0.000000,0.000000,0.000000,0.000000,0.000000,0.000000,0.000000,0.000000,0.000000,0.000000,0.000000,0.000000,0.000000,0,0,0,0
"8,-26",0,62555,0,0,8,4,99999,99999,99999,99999,99999,99999,0.000000,0.000000,0.000000,0.000000,0.000000,0.000000,0.000000,0.000000,0.000000,0.000000,0.000000,0.000000,0.000000,0.000000,0,0,0,0
"8,-25",0,62555,0,0,8,4,99999,99999,99999,99999,99999,99999,0.000000,0.000000,0.000000,0.000000,0.000000,0.000000,0.000000,0.000000,0.000000,0.000000,0.000000,0.000000,0.000000,0.000000,0,0,0,0
"8,-24",0,62555,0,0,8,4,99999,99999,99999,99999,99999,99999,0.000000,0.000000,0.000000,0.000000,0.000000,0.000000,0.000000,0.000000,0.000000,0.000000,0.000000,0.000000,0.000000,0.000000,0,0,0,0
"8,-23",0,62555,0,0,8,4,99999,99999,99999,99999,99999,99999,0.000000,0.000000,0.000000,0.000000,0.000000,0.000000,0.000000,0.000000,0.000000,0.000000,0.000000,0.000000,0.000000,0.000000,0,0,0,0
"8,-22",0,62555,0,0,60,4,99999,99999,99999,99999,99999,99999,0.000000,0.000000,0.000000,0.000000,0.000000,0.000000,0.000000,0.000000,0.000000,0.000000,0.000000,0.000000,0.000000,0.000000,0,0,0,0
"8,-21",0,62555,0,0,59,4,99999,99999,99999,99999,99999,99999,0.000000,0.000000,0.000000,0.000000,0.000000,0.000000,0.000000,0.000000,0.000000,0.000000,0.000000,0.000000,0.000000,0.000000,0,0,0,0
"8,-20",0,62555,0,0,60,4,99999,99999,99999,99999,99999,99999,0.000000,0.000000,0.000000,0.000000,0.000000,0.000000,0.000000,0.000000,0.000000,0.000000,0.000000,0.000000,0.000000,0.000000,0,0,0,0
"8,-19",0,62555,0,0,59,4,99999,99999,99999,99999,99999,99999,0.000000,0.000000,0.000000,0.000000,0.000000,0.000000,0.000000,0.000000,0.000000,0.000000,0.000000,0.000000,0.000000,0.000000,0,0,0,0
"8,-18",0,62555,0,0,60,4,99999,99999,99999,99999,99999,99999,0.000000,0.000000,0.000000,0.000000,0.000000,0.000000,0.000000,0.000000,0.000000,0.000000,0.000000,0.000000,0.000000,0.000000,0,0,0,0
"8,-17",0,62555,0,0,59,4,99999,99999,99999,99999,99999,99999,0.000000,0.000000,0.000000,0.000000,0.000000,0.000000,0.000000,0.000000,0.000000,0.000000,0.000000,0.000000,0.000000,0.000000,0,0,0,0
"8,-16",0,62555,0,0,59,4,99999,99999,99999,99999,99999,99999,0.000000,0.000000,0.000000,0.000000,0.000000,0.000000,0.000000,0.000000,0.000000,0.000000,0.000000,0.000000,0.000000,0.000000,0,0,0,0
"8,-15",0,62555,0,0,61,4,99999,99999,99999,99999,99999,99999,0.000000,0.000000,0.000000,0.000000,0.000000,0.000000,0.000000,0.000000,0.000000,0.000000,0.000000,0.000000,0.000000,0.000000,0,0,0,0
"8,-14",0,62555,0,0,59,4,99999,99999,99999,99999,99999,99999,0.000000,0.000000,0.000000,0.000000,0.000000,0.000000,0.000000,0.000000,0.000000,0.000000,0.000000,0.000000,0.000000,0.000000,0,0,0,0
"8,-13",0,62555,0,0,60,4,99999,99999,99999,99999,99999,99999,0.000000,0.000000,0.000000,0.000000,0.000000,0.000000,0.000000,0.000000,0.000000,0.000000,0.000000,0.000000,0.000000,0.000000,0,0,0,0
"8,-12",0,62555,0,0,58,4,99999,99999,99999,99999,99999,99999,0.000000,0.000000,0.000000,0.000000,0.000000,0.000000,0.000000,0.000000,0.000000,0.000000,0.000000,0.000000,0.000000,0.000000,0,0,0,0
"8,-11",0,62555,0,0,60,4,99999,99999,99999,99999,99999,99999,0.000000,0.000000,0.000000,0.000000,0.000000,0.000000,0.000000,0.000000,0.000000,0.000000,0.000000,0.000000,0.000000,0.000000,0,0,0,0
"8,-10",0,62555,0,0,60,4,99999,99999,99999,99999,99999,99999,0.000000,0.000000,0.000000,0.000000,0.000000,0.000000,0.000000,0.000000,0.000000,0.000000,0.000000,0.000000,0.000000,0.000000,0,0,0,0
"8,-9",0,62555,0,0,60,4,99999,99999,99999,99999,99999,99999,0.000000,0.000000,0.000000,0.000000,0.000000,0.000000,0.000000,0.000000,0.000000,0.000000,0.000000,0.000000,0.000000,0.000000,0,0,0,0
"8,-8",0,62555,0,0,636,4,99999,99999,99999,99999,99999,99999,0.000000,0.000000,0.000000,0.000000,0.000000,0.000000,0.000000,0.000000,0.000000,0.000000,0.000000,0.000000,0.000000,0.000000,0,0,0,0
"8,-7",0,62555,0,0,634,4,99999,99999,99999,99999,99999,99999,0.000000,0.000000,0.000000,0.000000,0.000000,0.000000,0.000000,0.000000,0.000000,0.000000,0.000000,0.000000,0.000000,0.000000,0,0,0,0
"8,-6",0,62555,0,0,632,4,99999,99999,99999,99999,99999,99999,0.000000,0.000000,0.000000,0.000000,0.000000,0.000000,0.000000,0.000000,0.000000,0.000000,0.000000,0.000000,0.000000,0.000000,0,0,0,0
"8,-5",0,62555,0,0,633,4,99999,99999,99999,99999,99999,99999,0.000000,0.000000,0.000000,0.000000,0.000000,0.000000,0.000000,0.000000,0.000000,0.000000,0.000000,0.000000,0.000000,0.000000,0,0,0,0
"8,-4",0,62555,0,0,635,4,99999,99999,99999,99999,99999,99999,0.000000,0.000000,0.000000,0.000000,0.000000,0.000000,0.000000,0.000000,0.000000,0.000000,0.000000,0.000000,0.000000,0.000000,0,0,0,0
"8,-3",0,62555,0,0,631,4,99999,99999,99999,99999,99999,99999,0.000000,0.000000,0.000000,0.000000,0.000000,0.000000,0.000000,0.000000,0.000000,0.000000,0.000000,0.000000,0.000000,0.000000,0,0,0,0
"8,-2",0,62555,0,0,632,4,99999,99999,99999,99999,99999,99999,0.000000,0.000000,0.000000,0.000000,0.000000,0.000000,0.000000,0.000000,0.000000,0.000000,0.000000,0.000000,0.000000,0.000000,0,0,0,0
"8,-1",0,62555,0,0,631,4,99999,99999,99999,99999,99999,99999,0.000000,0.000000,0.000000,0.000000,0.000000,0.000000,0.000000,0.000000,0.000000,0.000000,0.000000,0.000000,0.000000,0.000000,0,0,0,0
"8,0",0,62555,0,0,633,4,99999,99999,99999,99999,99999,99999,0.000000,0.000000,0.000000,0.000000,0.000000,0.000000,0.000000,0.000000,0.000000,0.000000,0.000000,0.000000,0.000000,0.000000,0,0,0,0
"8,1",0,62555,0,0,636,4,99999,99999,99999,99999,99999,99999,0.000000,0.000000,0.000000,0.000000,0.000000,0.000000,0.000000,0.000000,0.000000,0.000000,0.000000,0.000000,0.000000,0.000000,0,0,0,0
"8,2",0,62555,0,0,633,4,99999,99999,99999,99999,99999,99999,0.000000,0.000000,0.000000,0.000000,0.000000,0.000000,0.000000,0.000000,0.000000,0.000000,0.000000,0.000000,0.000000,0.000000,0,0,0,0
"8,3",0,62555,0,0,632,4,99999,99999,99999,99999,99999,99999,0.000000,0.000000,0.000000,0.000000,0.000000,0.000000,0.000000,0.000000,0.000000,0.000000,0.000000,0.000000,0.000000,0.000000,0,0,0,0
"8,4",0,62555,0,0,630,4,99999,99999,99999,99999,99999,99999,0.000000,0.000000,0.000000,0.000000,0.000000,0.000000,0.000000,0.000000,0.000000,0.000000,0.000000,0.000000,0.000000,0.000000,0,0,0,0
"8,5",0,62555,0,0,633,4,99999,99999,99999,99999,99999,99999,0.000000,0.000000,0.000000,0.000000,0.000000,0.000000,0.000000,0.000000,0.000000,0.000000,0.000000,0.000000,0.000000,0.000000,0,0,0,0
"8,6",0,62555,0,0,636,4,99999,99999,99999,99999,99999,99999,0.000000,0.000000,0.000000,0.000000,0.000000,0.000000,0.000000,0.000000,0.000000,0.000000,0.000000,0.000000,0.000000,0.000000,0,0,0,0
"8,7",0,62555,0,0,630,4,99999,99999,99999,99999,99999,99999,0.000000,0.000000,0.000000,0.000000,0.000000,0.000000,0.000000,0.000000,0.000000,0.000000,0.000000,0.000000,0.000000,0.000000,0,0,0,0
"8,8",0,62555,0,0,633,4,99999,99999,99999,99999,99999,99999,0.000000,0.000000,0.000000,0.000000,0.000000,0.000000,0.000000,0.000000,0.000000,0.000000,0.000000,0.000000,0.000000,0.000000,0,0,0,0
"8,9",0,62555,0,0,59,4,99999,99999,99999,99999,99999,99999,0.000000,0.000000,0.000000,0.000000,0.000000,0.000000,0.000000,0.000000,0.000000,0.000000,0.000000,0.000000,0.000000,0.000000,0,0,0,0
"8,10",0,62555,0,0,60,4,99999,99999,99999,99999,99999,99999,0.000000,0.000000,0.000000,0.000000,0.000000,0.000000,0.000000,0.000000,0.000000,0.000000,0.000000,0.000000,0.000000,0.000000,0,0,0,0
"8,11",0,62555,0,0,59,4,99999,99999,99999,99999,99999,99999,0.000000,0.000000,0.000000,0.000000,0.000000,0.000000,0.000000,0.000000,0.000000,0.000000,0.000000,0.000000,0.000000,0.000000,0,0,0,0
"8,12",0,62555,0,0,59,4,99999,99999,99999,99999,99999,99999,0.000000,0.000000,0.000000,0.000000,0.000000,0.000000,0.000000,0.000000,0.000000,0.000000,0.000000,0.000000,0.000000,0.000000,0,0,0,0
"8,13",0,62555,0,0,60,4,99999,99999,99999,99999,99999,99999,0.000000,0.000000,0.000000,0.000000,0.000000,0.000000,0.000000,0.000000,0.000000,0.000000,0.000000,0.000000,0.000000,0.000000,0,0,0,0
"8,14",0,62555,0,0,60,4,99999,99999,99999,99999,99999,99999,0.000000,0.000000,0.000000,0.000000,0.000000,0.000000,0.000000,0.000000,0.000000,0.000000,0.000000,0.000000,0.000000,0.000000,0,0,0,0
"8,15",0,62555,0,0,60,4,99999,99999,99999,99999,99999,99999,0.000000,0.000000,0.000000,0.000000,0.000000,0.000000,0.000000,0.000000,0.000000,0.000000,0.000000,0.000000,0.000000,0.000000,0,0,0,0
"8,16",0,62555,0,0,59,4,99999,99999,99999,99999,99999,99999,0.000000,0.000000,0.000000,0.000000,0.000000,0.000000,0.000000,0.000000,0.000000,0.000000,0.000000,0.000000,0.000000,0.000000,0,0,0,0
"8,17",0,62555,0,0,59,4,99999,99999,99999,99999,99999,99999,0.000000,0.000000,0.000000,0.000000,0.000000,0.000000,0.000000,0.000000,0.000000,0.000000,0.000000,0.000000,0.000000,0.000000,0,0,0,0
"8,18",0,62555,0,0,60,4,99999,99999,99999,99999,99999,99999,0.000000,0.000000,0.000000,0.000000,0.000000,0.000000,0.000000,0.000000,0.000000,0.000000,0.000000,0.000000,0.000000,0.000000,0,0,0,0
"8,19",0,62555,0,0,60,4,99999,99999,99999,99999,99999,99999,0.000000,0.000000,0.000000,0.000000,0.000000,0.000000,0.000000,0.000000,0.000000,0.000000,0.000000,0.000000,0.000000,0.000000,0,0,0,0
"8,20",0,62555,0,0,60,4,99999,99999,99999,99999,99999,99999,0.000000,0.000000,0.000000,0.000000,0.000000,0.000000,0.000000,0.000000,0.000000,0.000000,0.000000,0.000000,0.000000,0.000000,0,0,0,0
"8,21",0,62555,0,0,59,4,99999,99999,99999,99999,99999,99999,0.000000,0.000000,0.000000,0.000000,0.000000,0.000000,0.000000,0.000000,0.000000,0.000000,0.000000,0.000000,0.000000,0.000000,0,0,0,0
"8,22",0,62555,0,0,60,4,99999,99999,99999,99999,99999,99999,0.000000,0.000000,0.000000,0.000000,0.000000,0.000000,0.000000,0.000000,0.000000,0.000000,0.000000,0.000000,0.000000,0.000000,0,0,0,0
"8,23",0,62555,0,0,8,4,99999,99999,99999,99999,99999,99999,0.000000,0.000000,0.000000,0.000000,0.000000,0.000000,0.000000,0.000000,0.000000,0.000000,0.000000,0.000000,0.000000,0.000000,0,0,0,0
"8,24",0,62555,0,0,8,4,99999,99999,99999,99999,99999,99999,0.000000,0.000000,0.000000,0.000000,0.000000,0.000000,0.000000,0.000000,0.000000,0.000000,0.000000,0.000000,0.000000,0.000000,0,0,0,0
"8,25",0,62555,0,0,8,4,99999,99999,99999,99999,99999,99999,0.000000,0.000000,0.000000,0.000000,0.000000,0.000000,0.000000,0.000000,0.000000,0.000000,0.000000,0.000000,0.000000,0.000000,0,0,0,0
"8,26",0,62555,0,0,8,4,99999,99999,99999,99999,99999,99999,0.000000,0.000000,0.000000,0.000000,0.000000,0.000000,0.000000,0.000000,0.000000,0.000000,0.000000,0.000000,0.000000,0.000000,0,0,0,0
"9,-26",0,62555,0,0,8,4,99999,99999,99999,99999,99999,99999,0.000000,0.000000,0.000000,0.000000,0.000000,0.000000,0.000000,0.000000,0.000000,0.000000,0.000000,0.000000,0.000000,0.000000,0,0,0,0
"9,-25",0,62555,0,0,8,4,99999,99999,99999,99999,99999,99999,0.000000,0.000000,0.000000,0.000000,0.000000,0.000000,0.000000,0.000000,0.000000,0.000000,0.000000,0.000000,0.000000,0.000000,0,0,0,0
"9,-24",0,62555,0,0,8,4,99999,99999,99999,99999,99999,99999,0.000000,0.000000,0.000000,0.000000,0.000000,0.000000,0.000000,0.000000,0.000000,0.000000,0.000000,0.000000,0.000000,0.000000,0,0,0,0
"9,-23",0,62555,0,0,8,4,99999,99999,99999,99999,99999,99999,0.000000,0.000000,0.000000,0.000000,0.000000,0.000000,0.000000,0.000000,0.000000,0.000000,0.000000,0.000000,0.000000,0.000000,0,0,0,0
"9,-22",0,62555,0,0,8,4,99999,99999,99999,99999,99999,99999,0.000000,0.000000,0.000000,0.000000,0.000000,0.000000,0.000000,0.000000,0.000000,0.000000,0.000000,0.000000,0.000000,0.000000,0,0,0,0
"9,-21",0,62555,0,0,8,4,99999,99999,99999,99999,99999,99999,0.000000,0.000000,0.000000,0.000000,0.000000,0.000000,0.000000,0.000000,0.000000,0.000000,0.000000,0.000000,0.000000,0.000000,0,0,0,0
"9,-20",0,62555,0,0,59,4,99999,99999,99999,99999,99999,99999,0.000000,0.000000,0.000000,0.000000,0.000000,0.000000,0.000000,0.000000,0.000000,0.000000,0.000000,0.000000,0.000000,0.000000,0,0,0,0
"9,-19",0,62555,0,0,61,4,99999,99999,99999,99999,99999,99999,0.000000,0.000000,0.000000,0.000000,0.000000,0.000000,0.000000,0.000000,0.000000,0.000000,0.000000,0.000000,0.000000,0.000000,0,0,0,0
"9,-18",0,62555,0,0,60,4,99999,99999,99999,99999,99999,99999,0.000000,0.000000,0.000000,0.000000,0.000000,0.000000,0.000000,0.000000,0.000000,0.000000,0.000000,0.000000,0.000000,0.000000,0,0,0,0
"9,-17",0,62555,0,0,59,4,99999,99999,99999,99999,99999,99999,0.000000,0.000000,0.000000,0.000000,0.000000,0.000000,0.000000,0.000000,0.000000,0.000000,0.000000,0.000000,0.000000,0.000000,0,0,0,0
"9,-16",0,62555,0,0,60,4,99999,99999,99999,99999,99999,99999,0.000000,0.000000,0.000000,0.000000,0.000000,0.000000,0.000000,0.000000,0.000000,0.000000,0.000000,0.000000,0.000000,0.000000,0,0,0,0
"9,-15",0,62555,0,0,59,4,99999,99999,99999,99999,99999,99999,0.000000,0.000000,0.000000,0.000000,0.000000,0.000000,0.000000,0.000000,0.000000,0.000000,0.000000,0.000000,0.000000,0.000000,0,0,0,0
"9,-14",0,62555,0,0,59,4,99999,99999,99999,99999,99999,99999,0.000000,0.000000,0.000000,0.000000,0.000000,0.000000,0.000000,0.000000,0.000000,0.000000,0.000000,0.000000,0.000000,0.000000,0,0,0,0
"9,-13",0,62555,0,0,60,4,99999,99999,99999,99999,99999,99999,0.000000,0.000000,0.000000,0.000000,0.000000,0.000000,0.000000,0.000000,0.000000,0.000000,0.000000,0.000000,0.000000,0.000000,0,0,0,0
"9,-12",0,62555,0,0,59,4,99999,99999,99999,99999,99999,99999,0.000000,0.000000,0.000000,0.000000,0.000000,0.000000,0.000000,0.000000,0.000000,0.000000,0.000000,0.000000,0.000000,0.000000,0,0,0,0
"9,-11",0,62555,0,0,60,4,99999,99999,99999,99999,99999,99999,0.000000,0.000000,0.000000,0.000000,0.000000,0.000000,0.000000,0.000000,0.000000,0.000000,0.000000,0.000000,0.000000,0.000000,0,0,0,0
"9,-10",0,62555,0,0,61,4,99999,99999,99999,99999,99999,99999,0.000000,0.000000,0.000000,0.000000,0.000000,0.000000,0.000000,0.000000,0.000000,0.000000,0.000000,0.000000,0.000000,0.000000,0,0,0,0
"9,-9",0,62555,0,0,60,4,99999,99999,99999,99999,99999,99999,0.000000,0.000000,0.000000,0.000000,0.000000,0.000000,0.000000,0.000000,0.000000,0.000000,0.000000,0.000000,0.000000,0.000000,0,0,0,0
"9,-8",0,62555,0,0,59,4,99999,99999,99999,99999,99999,99999,0.000000,0.000000,0.000000,0.000000,0.000000,0.000000,0.000000,0.000000,0.000000,0.000000,0.000000,0.000000,0.000000,0.000000,0,0,0,0
"9,-7",0,62555,0,0,60,4,99999,99999,99999,99999,99999,99999,0.000000,0.000000,0.000000,0.000000,0.000000,0.000000,0.000000,0.000000,0.000000,0.000000,0.000000,0.000000,0.000000,0.000000,0,0,0,0
"9,-6",0,62555,0,0,61,4,99999,99999,99999,99999,99999,99999,0.000000,0.000000,0.000000,0.000000,0.000000,0.000000,0.000000,0.000000,0.000000,0.000000,0.000000,0.000000,0.000000,0.000000,0,0,0,0
"9,-5",0,62555,0,0,60,4,99999,99999,99999,99999,99999,99999,0.000000,0.000000,0.000000,0.000000,0.000000,0.000000,0.000000,0.000000,0.000000,0.000000,0.000000,0.000000,0.000000,0.000000,0,0,0,0
"9,-4",0,62555,0,0,532,4,99999,99999,99999,99999,99999,99999,0.000000,0.000000,0.000000,0.000000,0.000000,0.000000,0.000000,0.000000,0.000000,0.000000,0.000000,0.000000,0.000000,0.000000,0,0,0,0
"9,-3",0,62555,0,0,632,4,99999,99999,99999,99999,99999,99999,0.000000,0.000000,0.000000,0.000000,0.000000,0.000000,0.000000,0.000000,0.000000,0.000000,0.000000,0.000000,0.000000,0.000000,0,0,0,0
"9,-2",0,62555,0,0,633,4,99999,99999,99999,99999,99999,99999,0.000000,0.000000,0.000000,0.000000,0.000000,0.000000,0.000000,0.000000,0.000000,0.000000,0.000000,0.000000,0.000000,0.000000,0,0,0,0
"9,-1",0,62555,0,0,636,4,99999,99999,99999,99999,99999,99999,0.000000,0.000000,0.000000,0.000000,0.000000,0.000000,0.000000,0.000000,0.000000,0.000000,0.000000,0.000000,0.000000,0.000000,0,0,0,0
"9,0",0,62555,0,0,634,4,99999,99999,99999,99999,99999,99999,0.000000,0.000000,0.000000,0.000000,0.000000,0.000000,0.000000,0.000000,0.000000,0.000000,0.000000,0.000000,0.000000,0.000000,0,0,0,0
"9,1",0,62555,0,0,630,4,99999,99999,99999,99999,99999,99999,0.000000,0.000000,0.000000,0.000000,0.000000,0.000000,0.000000,0.000000,0.000000,0.000000,0.000000,0.000000,0.000000,0.000000,0,0,0,0
"9,2",0,62555,0,0,633,4,99999,99999,99999,99999,99999,99999,0.000000,0.000000,0.000000,0.000000,0.000000,0.000000,0.000000,0.000000,0.000000,0.000000,0.000000,0.000000,0.000000,0.000000,0,0,0,0
"9,3",0,62555,0,0,631,4,99999,99999,99999,99999,99999,99999,0.000000,0.000000,0.000000,0.000000,0.000000,0.000000,0.000000,0.000000,0.000000,0.000000,0.000000,0.000000,0.000000,0.000000,0,0,0,0
"9,4",0,62555,0,0,531,4,99999,99999,99999,99999,99999,99999,0.000000,0.000000,0.000000,0.000000,0.000000,0.000000,0.000000,0.000000,0.000000,0.000000,0.000000,0.000000,0.000000,0.000000,0,0,0,0
"9,5",0,62555,0,0,60,4,99999,99999,99999,99999,99999,99999,0.000000,0.000000,0.000000,0.000000,0.000000,0.000000,0.000000,0.000000,0.000000,0.000000,0.000000,0.000000,0.000000,0.000000,0,0,0,0
"9,6",0,62555,0,0,59,4,99999,99999,99999,99999,99999,99999,0.000000,0.000000,0.000000,0.000000,0.000000,0.000000,0.000000,0.000000,0.000000,0.000000,0.000000,0.000000,0.000000,0.000000,0,0,0,0
"9,7",0,62555,0,0,61,4,99999,99999,99999,99999,99999,99999,0.000000,0.000000,0.000000,0.000000,0.000000,0.000000,0.000000,0.000000,0.000000,0.000000,0.000000,0.000000,0.000000,0.000000,0,0,0,0
"9,8",0,62555,0,0,59,4,99999,99999,99999,99999,99999,99999,0.000000,0.000000,0.000000,0.000000,0.000000,0.000000,0.000000,0.000000,0.000000,0.000000,0.000000,0.000000,0.000000,0.000000,0,0,0,0
"9,9",0,62555,0,0,60,4,99999,99999,99999,99999,99999,99999,0.000000,0.000000,0.000000,0.000000,0.000000,0.000000,0.000000,0.000000,0.000000,0.000000,0.000000,0.000000,0.000000,0.000000,0,0,0,0
"9,10",0,62555,0,0,58,4,99999,99999,99999,99999,99999,99999,0.000000,0.000000,0.000000,0.000000,0.000000,0.000000,0.000000,0.000000,0.000000,0.000000,0.000000,0.000000,0.000000,0.000000,0,0,0,0
"9,11",0,62555,0,0,60,4,99999,99999,99999,99999,99999,99999,0.000000,0.000000,0.000000,0.000000,0.000000,0.000000,0.000000,0.000000,0.000000,0.000000,0.000000,0.000000,0.000000,0.000000,0,0,0,0
"9,12",0,62555,0,0,60,4,99999,99999,99999,99999,99999,99999,0.000000,0.000000,0.000000,0.000000,0.000000,0.000000,0.000000,0.000000,0.000000,0.000000,0.000000,0.000000,0.000000,0.000000,0,0,0,0
"9,13",0,62555,0,0,60,4,99999,99999,99999,99999,99999,99999,0.000000,0.000000,0.000000,0.000000,0.000000,0.000000,0.000000,0.000000,0.000000,0.000000,0.000000,0.000000,0.000000,0.000000,0,0,0,0
"9,14",0,62555,0,0,60,4,99999,99999,99999,99999,99999,99999,0.000000,0.000000,0.000000,0.000000,0.000000,0.000000,0.000000,0.000000,0.000000,0.000000,0.000000,0.000000,0.000000,0.000000,0,0,0,0
"9,15",0,62555,0,0,60,4,99999,99999,99999,99999,99999,99999,0.000000,0.000000,0.000000,0.000000,0.000000,0.000000,0.000000,0.000000,0.000000,0.000000,0.000000,0.000000,0.000000,0.000000,0,0,0,0
"9,16",0,62555,0,0,60,4,99999,99999,99999,99999,99999,99999,0.000000,0.000000,0.000000,0.000000,0.000000,0.000000,0.000000,0.000000,0.000000,0.000000,0.000000,0.000000,0.000000,0.000000,0,0,0,0
"9,17",0,62555,0,0,60,4,99999,99999,99999,99999,99999,99999,0.000000,0.000000,0.000000,0.000000,0.000000,0.000000,0.000000,0.000000,0.000000,0.000000,0.000000,0.000000,0.000000,0.000000,0,0,0,0
"9,18",0,62555,0,0,60,4,99999,99999,99999,99999,99999,99999,0.000000,0.000000,0.000000,0.000000,0.000000,0.000000,0.000000,0.000000,0.000000,0.000000,0.000000,0.000000,0.000000,0.000000,0,0,0,0
"9,19",0,62555,0,0,59,4,99999,99999,99999,99999,99999,99999,0.000000,0.000000,0.000000,0.000000,0.000000,0.000000,0.000000,0.000000,0.000000,0.000000,0.000000,0.000000,0.000000,0.000000,0,0,0,0
"9,20",0,62555,0,0,60,4,99999,99999,99999,99999,99999,99999,0.000000,0.000000,0.000000,0.000000,0.000000,0.000000,0.000000,0.000000,0.000000,0.000000,0.000000,0.000000,0.000000,0.000000,0,0,0,0
"9,21",0,62555,0,0,8,4,99999,99999,99999,99999,99999,99999,0.000000,0.000000,0.000000,0.000000,0.000000,0.000000,0.000000,0.000000,0.000000,0.000000,0.000000,0.000000,0.000000,0.000000,0,0,0,0
"9,22",0,62555,0,0,8,4,99999,99999,99999,99999,99999,99999,0.000000,0.000000,0.000000,0.000000,0.000000,0.000000,0.000000,0.000000,0.000000,0.000000,0.000000,0.000000,0.000000,0.000000,0,0,0,0
"9,23",0,62555,0,0,8,4,99999,99999,99999,99999,99999,99999,0.000000,0.000000,0.000000,0.000000,0.000000,0.000000,0.000000,0.000000,0.000000,0.000000,0.000000,0.000000,0.000000,0.000000,0,0,0,0
"9,24",0,62555,0,0,8,4,99999,99999,99999,99999,99999,99999,0.000000,0.000000,0.000000,0.000000,0.000000,0.000000,0.000000,0.000000,0.000000,0.000000,0.000000,0.000000,0.000000,0.000000,0,0,0,0
"9,25",0,62555,0,0,8,4,99999,99999,99999,99999,99999,99999,0.000000,0.000000,0.000000,0.000000,0.000000,0.000000,0.000000,0.000000,0.000000,0.000000,0.000000,0.000000,0.000000,0.000000,0,0,0,0
"9,26",0,62555,0,0,8,4,99999,99999,99999,99999,99999,99999,0.000000,0.000000,0.000000,0.000000,0.000000,0.000000,0.000000,0.000000,0.000000,0.000000,0.000000,0.000000,0.000000,0.000000,0,0,0,0
"10,-26",0,62555,0,0,8,4,99999,99999,99999,99999,99999,99999,0.000000,0.000000,0.000000,0.000000,0.000000,0.000000,0.000000,0.000000,0.000000,0.000000,0.000000,0.000000,0.000000,0.000000,0,0,0,0
"10,-25",0,62555,0,0,8,4,99999,99999,99999,99999,99999,99999,0.000000,0.000000,0.000000,0.000000,0.000000,0.000000,0.000000,0.000000,0.000000,0.000000,0.000000,0.000000,0.000000,0.000000,0,0,0,0
"10,-24",0,62555,0,0,8,4,99999,99999,99999,99999,99999,99999,0.000000,0.000000,0.000000,0.000000,0.000000,0.000000,0.000000,0.000000,0.000000,0.000000,0.000000,0.000000,0.000000,0.000000,0,0,0,0
"10,-23",0,62555,0,0,8,4,99999,99999,99999,99999,99999,99999,0.000000,0.000000,0.000000,0.000000,0.000000,0.000000,0.000000,0.000000,0.000000,0.000000,0.000000,0.000000,0.000000,0.000000,0,0,0,0
"10,-22",0,62555,0,0,8,4,99999,99999,99999,99999,99999,99999,0.000000,0.000000,0.000000,0.000000,0.000000,0.000000,0.000000,0.000000,0.000000,0.000000,0.000000,0.000000,0.000000,0.000000,0,0,0,0
"10,-21",0,62555,0,0,9,4,99999,99999,99999,99999,99999,99999,0.000000,0.000000,0.000000,0.000000,0.000000,0.000000,0.000000,0.000000,0.000000,0.000000,0.000000,0.000000,0.000000,0.000000,0,0,0,0
"10,-20",0,62555,0,0,8,4,99999,99999,99999,99999,99999,99999,0.000000,0.000000,0.000000,0.000000,0.000000,0.000000,0.000000,0.000000,0.000000,0.000000,0.000000,0.000000,0.000000,0.000000,0,0,0,0
"10,-19",0,62555,0,0,61,4,99999,99999,99999,99999,99999,99999,0.000000,0.000000,0.000000,0.000000,0.000000,0.000000,0.000000,0.000000,0.000000,0.000000,0.000000,0.000000,0.000000,0.000000,0,0,0,0
"10,-18",0,62555,0,0,60,4,99999,99999,99999,99999,99999,99999,0.000000,0.000000,0.000000,0.000000,0.000000,0.000000,0.000000,0.000000,0.000000,0.000000,0.000000,0.000000,0.000000,0.000000,0,0,0,0
"10,-17",0,62555,0,0,60,4,99999,99999,99999,99999,99999,99999,0.000000,0.000000,0.000000,0.000000,0.000000,0.000000,0.000000,0.000000,0.000000,0.000000,0.000000,0.000000,0.000000,0.000000,0,0,0,0
"10,-16",0,62555,0,0,60,4,99999,99999,99999,99999,99999,99999,0.000000,0.000000,0.000000,0.000000,0.000000,0.000000,0.000000,0.000000,0.000000,0.000000,0.000000,0.000000,0.000000,0.000000,0,0,0,0
"10,-15",0,62555,0,0,60,4,99999,99999,99999,99999,99999,99999,0.000000,0.000000,0.000000,0.000000,0.000000,0.000000,0.000000,0.000000,0.000000,0.000000,0.000000,0.000000,0.000000,0.000000,0,0,0,0
"10,-14",0,62555,0,0,59,4,99999,99999,99999,99999,99999,99999,0.000000,0.000000,0.000000,0.000000,0.000000,0.000000,0.000000,0.000000,0.000000,0.000000,0.000000,0.000000,0.000000,0.000000,0,0,0,0
"10,-13",0,62555,0,0,60,4,99999,99999,99999,99999,99999,99999,0.000000,0.000000,0.000000,0.000000,0.000000,0.000000,0.000000,0.000000,0.000000,0.000000,0.000000,0.000000,0.000000,0.000000,0,0,0,0
"10,-12",0,62555,0,0,60,4,99999,99999,99999,99999,99999,99999,0.000000,0.000000,0.000000,0.000000,0.000000,0.000000,0.000000,0.000000,0.000000,0.000000,0.000000,0.000000,0.000000,0.000000,0,0,0,0
"10,-11",0,62555,0,0,61,4,99999,99999,99999,99999,99999,99999,0.000000,0.000000,0.000000,0.000000,0.000000,0.000000,0.000000,0.000000,0.000000,0.000000,0.000000,0.000000,0.000000,0.000000,0,0,0,0
"10,-10",0,62555,0,0,59,4,99999,99999,99999,99999,99999,99999,0.000000,0.000000,0.000000,0.000000,0.000000,0.000000,0.000000,0.000000,0.000000,0.000000,0.000000,0.000000,0.000000,0.000000,0,0,0,0
"10,-9",0,62555,0,0,60,4,99999,99999,99999,99999,99999,99999,0.000000,0.000000,0.000000,0.000000,0.000000,0.000000,0.000000,0.000000,0.000000,0.000000,0.000000,0.000000,0.000000,0.000000,0,0,0,0
"10,-8",0,62555,0,0,59,4,99999,99999,99999,99999,99999,99999,0.000000,0.000000,0.000000,0.000000,0.000000,0.000000,0.000000,0.000000,0.000000,0.000000,0.000000,0.000000,0.000000,0.000000,0,0,0,0
"10,-7",0,62555,0,0,60,4,99999,99999,99999,99999,99999,99999,0.000000,0.000000,0.000000,0.000000,0.000000,0.000000,0.000000,0.000000,0.000000,0.000000,0.000000,0.000000,0.000000,0.000000,0,0,0,0
"10,-6",0,62555,0,0,59,4,99999,99999,99999,99999,99999,99999,0.000000,0.000000,0.000000,0.000000,0.000000,0.000000,0.000000,0.000000,0.000000,0.000000,0.000000,0.000000,0.000000,0.000000,0,0,0,0
"10,-5",0,62555,0,0,60,4,99999,99999,99999,99999,99999,99999,0.000000,0.000000,0.000000,0.000000,0.000000,0.000000,0.000000,0.000000,0.000000,0.000000,0.000000,0.000000,0.000000,0.000000,0,0,0,0
"10,-4",0,62555,0,0,60,4,99999,99999,99999,99999,99999,99999,0.000000,0.000000,0.000000,0.000000,0.000000,0.000000,0.000000,0.000000,0.000000,0.000000,0.000000,0.000000,0.000000,0.000000,0,0,0,0
"10,-3",0,62555,0,0,60,4,99999,99999,99999,99999,99999,99999,0.000000,0.000000,0.000000,0.000000,0.000000,0.000000,0.000000,0.000000,0.000000,0.000000,0.000000,0.000000,0.000000,0.000000,0,0,0,0
"10,-2",0,62555,0,0,60,4,99999,99999,99999,99999,99999,99999,0.000000,0.000000,0.000000,0.000000,0.000000,0.000000,0.000000,0.000000,0.000000,0.000000,0.000000,0.000000,0.000000,0.000000,0,0,0,0
"10,-1",0,62555,0,0,59,4,99999,99999,99999,99999,99999,99999,0.000000,0.000000,0.000000,0.000000,0.000000,0.000000,0.000000,0.000000,0.000000,0.000000,0.000000,0.000000,0.000000,0.000000,0,0,0,0
"10,0",0,62555,0,0,59,4,99999,99999,99999,99999,99999,99999,0.000000,0.000000,0.000000,0.000000,0.000000,0.000000,0.000000,0.000000,0.000000,0.000000,0.000000,0.000000,0.000000,0.000000,0,0,0,0
"10,1",0,62555,0,0,60,4,99999,99999,99999,99999,99999,99999,0.000000,0.000000,0.000000,0.000000,0.000000,0.000000,0.000000,0.000000,0.000000,0.000000,0.000000,0.000000,0.000000,0.000000,0,0,0,0
"10,2",0,62555,0,0,59,4,99999,99999,99999,99999,99999,99999,0.000000,0.000000,0.000000,0.000000,0.000000,0.000000,0.000000,0.000000,0.000000,0.000000,0.000000,0.000000,0.000000,0.000000,0,0,0,0
"10,3",0,62555,0,0,60,4,99999,99999,99999,99999,99999,99999,0.000000,0.000000,0.000000,0.000000,0.000000,0.000000,0.000000,0.000000,0.000000,0.000000,0.000000,0.000000,0.000000,0.000000,0,0,0,0
"10,4",0,62555,0,0,61,4,99999,99999,99999,99999,99999,99999,0.000000,0.000000,0.000000,0.000000,0.000000,0.000000,0.000000,0.000000,0.000000,0.000000,0.000000,0.000000,0.000000,0.000000,0,0,0,0
"10,5",0,62555,0,0,59,4,99999,99999,99999,99999,99999,99999,0.000000,0.000000,0.000000,0.000000,0.000000,0.000000,0.000000,0.000000,0.000000,0.000000,0.000000,0.000000,0.000000,0.000000,0,0,0,0
"10,6",0,62555,0,0,59,4,99999,99999,99999,99999,99999,99999,0.000000,0.000000,0.000000,0.000000,0.000000,0.000000,0.000000,0.000000,0.000000,0.000000,0.000000,0.000000,0.000000,0.000000,0,0,0,0
"10,7",0,62555,0,0,60,4,99999,99999,99999,99999,99999,99999,0.000000,0.000000,0.000000,0.000000,0.000000,0.000000,0.000000,0.000000,0.000000,0.000000,0.000000,0.000000,0.000000,0.000000,0,0,0,0
"10,8",0,62555,0,0,59,4,99999,99999,99999,99999,99999,99999,0.000000,0.000000,0.000000,0.000000,0.000000,0.000000,0.000000,0.000000,0.000000,0.000000,0.000000,0.000000,0.000000,0.000000,0,0,0,0
"10,9",0,62555,0,0,58,4,99999,99999,99999,99999,99999,99999,0.000000,0.000000,0.000000,0.000000,0.000000,0.000000,0.000000,0.000000,0.000000,0.000000,0.000000,0.000000,0.000000,0.000000,0,0,0,0
"10,10",0,62555,0,0,60,4,99999,99999,99999,99999,99999,99999,0.000000,0.000000,0.000000,0.000000,0.000000,0.000000,0.000000,0.000000,0.000000,0.000000,0.000000,0.000000,0.000000,0.000000,0,0,0,0
"10,11",0,62555,0,0,60,4,99999,99999,99999,99999,99999,99999,0.000000,0.000000,0.000000,0.000000,0.000000,0.000000,0.000000,0.000000,0.000000,0.000000,0.000000,0.000000,0.000000,0.000000,0,0,0,0
"10,12",0,62555,0,0,60,4,99999,99999,99999,99999,99999,99999,0.000000,0.000000,0.000000,0.000000,0.000000,0.000000,0.000000,0.000000,0.000000,0.000000,0.000000,0.000000,0.000000,0.000000,0,0,0,0
"10,13",0,62555,0,0,60,4,99999,99999,99999,99999,99999,99999,0.000000,0.000000,0.000000,0.000000,0.000000,0.000000,0.000000,0.000000,0.000000,0.000000,0.000000,0.000000,0.000000,0.000000,0,0,0,0
"10,14",0,62555,0,0,60,4,99999,99999,99999,99999,99999,99999,0.000000,0.000000,0.000000,0.000000,0.000000,0.000000,0.000000,0.000000,0.000000,0.000000,0.000000,0.000000,0.000000,0.000000,0,0,0,0
"10,15",0,62555,0,0,61,4,99999,99999,99999,99999,99999,99999,0.000000,0.000000,0.000000,0.000000,0.000000,0.000000,0.000000,0.000000,0.000000,0.000000,0.000000,0.000000,0.000000,0.000000,0,0,0,0
"10,16",0,62555,0,0,61,4,99999,99999,99999,99999,99999,99999,0.000000,0.000000,0.000000,0.000000,0.000000,0.000000,0.000000,0.000000,0.000000,0.000000,0.000000,0.000000,0.000000,0.000000,0,0,0,0
"10,17",0,62555,0,0,61,4,99999,99999,99999,99999,99999,99999,0.000000,0.000000,0.000000,0.000000,0.000000,0.000000,0.000000,0.000000,0.000000,0.000000,0.000000,0.000000,0.000000,0.000000,0,0,0,0
"10,18",0,62555,0,0,60,4,99999,99999,99999,99999,99999,99999,0.000000,0.000000,0.000000,0.000000,0.000000,0.000000,0.000000,0.000000,0.000000,0.000000,0.000000,0.000000,0.000000,0.000000,0,0,0,0
"10,19",0,62555,0,0,60,4,99999,99999,99999,99999,99999,99999,0.000000,0.000000,0.000000,0.000000,0.000000,0.000000,0.000000,0.000000,0.000000,0.000000,0.000000,0.000000,0.000000,0.000000,0,0,0,0
"10,20",0,62555,0,0,8,4,99999,99999,99999,99999,99999,99999,0.000000,0.000000,0.000000,0.000000,0.000000,0.000000,0.000000,0.000000,0.000000,0.000000,0.000000,0.000000,0.000000,0.000000,0,0,0,0
"10,21",0,62555,0,0,8,4,99999,99999,99999,99999,99999,99999,0.000000,0.000000,0.000000,0.000000,0.000000,0.000000,0.000000,0.000000,0.000000,0.000000,0.000000,0.000000,0.000000,0.000000,0,0,0,0
"10,22",0,62555,0,0,8,4,99999,99999,99999,99999,99999,99999,0.000000,0.000000,0.000000,0.000000,0.000000,0.000000,0.000000,0.000000,0.000000,0.000000,0.000000,0.000000,0.000000,0.000000,0,0,0,0
"10,23",0,62555,0,0,8,4,99999,99999,99999,99999,99999,99999,0.000000,0.000000,0.000000,0.000000,0.000000,0.000000,0.000000,0.000000,0.000000,0.000000,0.000000,0.000000,0.000000,0.000000,0,0,0,0
"10,24",0,62555,0,0,8,4,99999,99999,99999,99999,99999,99999,0.000000,0.000000,0.000000,0.000000,0.000000,0.000000,0.000000,0.000000,0.000000,0.000000,0.000000,0.000000,0.000000,0.000000,0,0,0,0
"10,25",0,62555,0,0,8,4,99999,99999,99999,99999,99999,99999,0.000000,0.000000,0.000000,0.000000,0.000000,0.000000,0.000000,0.000000,0.000000,0.000000,0.000000,0.000000,0.000000,0.000000,0,0,0,0
"10,26",0,62555,0,0,8,4,99999,99999,99999,99999,99999,99999,0.000000,0.000000,0.000000,0.000000,0.000000,0.000000,0.000000,0.000000,0.000000,0.000000,0.000000,0.000000,0.000000,0.000000,0,0,0,0
"11,-26",0,62555,0,0,4,4,99999,99999,99999,99999,99999,99999,0.000000,0.000000,0.000000,0.000000,0.000000,0.000000,0.000000,0.000000,0.000000,0.000000,0.000000,0.000000,0.000000,0.000000,0,0,0,0
"11,-25",0,62555,0,0,8,4,99999,99999,99999,99999,99999,99999,0.000000,0.000000,0.000000,0.000000,0.000000,0.000000,0.000000,0.000000,0.000000,0.000000,0.000000,0.000000,0.000000,0.000000,0,0,0,0
"11,-24",0,62555,0,0,8,4,99999,99999,99999,99999,99999,99999,0.000000,0.000000,0.000000,0.000000,0.000000,0.000000,0.000000,0.000000,0.000000,0.000000,0.000000,0.000000,0.000000,0.000000,0,0,0,0
"11,-23",0,62555,0,0,8,4,99999,99999,99999,99999,99999,99999,0.000000,0.000000,0.000000,0.000000,0.000000,0.000000,0.000000,0.000000,0.000000,0.000000,0.000000,0.000000,0.000000,0.000000,0,0,0,0
"11,-22",0,62555,0,0,8,4,99999,99999,99999,99999,99999,99999,0.000000,0.000000,0.000000,0.000000,0.000000,0.000000,0.000000,0.000000,0.000000,0.000000,0.000000,0.000000,0.000000,0.000000,0,0,0,0
"11,-21",0,62555,0,0,8,4,99999,99999,99999,99999,99999,99999,0.000000,0.000000,0.000000,0.000000,0.000000,0.000000,0.000000,0.000000,0.000000,0.000000,0.000000,0.000000,0.000000,0.000000,0,0,0,0
"11,-20",0,62555,0,0,8,4,99999,99999,99999,99999,99999,99999,0.000000,0.000000,0.000000,0.000000,0.000000,0.000000,0.000000,0.000000,0.000000,0.000000,0.000000,0.000000,0.000000,0.000000,0,0,0,0
"11,-19",0,62555,0,0,8,4,99999,99999,99999,99999,99999,99999,0.000000,0.000000,0.000000,0.000000,0.000000,0.000000,0.000000,0.000000,0.000000,0.000000,0.000000,0.000000,0.000000,0.000000,0,0,0,0
"11,-18",0,62555,0,0,8,4,99999,99999,99999,99999,99999,99999,0.000000,0.000000,0.000000,0.000000,0.000000,0.000000,0.000000,0.000000,0.000000,0.000000,0.000000,0.000000,0.000000,0.000000,0,0,0,0
"11,-17",0,62555,0,0,59,4,99999,99999,99999,99999,99999,99999,0.000000,0.000000,0.000000,0.000000,0.000000,0.000000,0.000000,0.000000,0.000000,0.000000,0.000000,0.000000,0.000000,0.000000,0,0,0,0
"11,-16",0,62555,0,0,59,4,99999,99999,99999,99999,99999,99999,0.000000,0.000000,0.000000,0.000000,0.000000,0.000000,0.000000,0.000000,0.000000,0.000000,0.000000,0.000000,0.000000,0.000000,0,0,0,0
"11,-15",0,62555,0,0,59,4,99999,99999,99999,99999,99999,99999,0.000000,0.000000,0.000000,0.000000,0.000000,0.000000,0.000000,0.000000,0.000000,0.000000,0.000000,0.000000,0.000000,0.000000,0,0,0,0
"11,-14",0,62555,0,0,59,4,99999,99999,99999,99999,99999,99999,0.000000,0.000000,0.000000,0.000000,0.000000,0.000000,0.000000,0.000000,0.000000,0.000000,0.000000,0.000000,0.000000,0.000000,0,0,0,0
"11,-13",0,62555,0,0,59,4,99999,99999,99999,99999,99999,99999,0.000000,0.000000,0.000000,0.000000,0.000000,0.000000,0.000000,0.000000,0.000000,0.000000,0.000000,0.000000,0.000000,0.000000,0,0,0,0
"11,-12",0,62555,0,0,61,4,99999,99999,99999,99999,99999,99999,0.000000,0.000000,0.000000,0.000000,0.000000,0.000000,0.000000,0.000000,0.000000,0.000000,0.000000,0.000000,0.000000,0.000000,0,0,0,0
"11,-11",0,62555,0,0,61,4,99999,99999,99999,99999,99999,99999,0.000000,0.000000,0.000000,0.000000,0.000000,0.000000,0.000000,0.000000,0.000000,0.000000,0.000000,0.000000,0.000000,0.000000,0,0,0,0
"11,-10",0,62555,0,0,59,4,99999,99999,99999,99999,99999,99999,0.000000,0.000000,0.000000,0.000000,0.000000,0.000000,0.000000,0.000000,0.000000,0.000000,0.000000,0.000000,0.000000,0.000000,0,0,0,0
"11,-9",0,62555,0,0,60,4,99999,99999,99999,99999,99999,99999,0.000000,0.000000,0.000000,0.000000,0.000000,0.000000,0.000000,0.000000,0.000000,0.000000,0.000000,0.000000,0.000000,0.000000,0,0,0,0
"11,-8",0,62555,0,0,60,4,99999,99999,99999,99999,99999,99999,0.000000,0.000000,0.000000,0.000000,0.000000,0.000000,0.000000,0.000000,0.000000,0.000000,0.000000,0.000000,0.000000,0.000000,0,0,0,0
"11,-7",0,62555,0,0,60,4,99999,99999,99999,99999,99999,99999,0.000000,0.000000,0.000000,0.000000,0.000000,0.000000,0.000000,0.000000,0.000000,0.000000,0.000000,0.000000,0.000000,0.000000,0,0,0,0
"11,-6",0,62555,0,0,59,4,99999,99999,99999,99999,99999,99999,0.000000,0.000000,0.000000,0.000000,0.000000,0.000000,0.000000,0.000000,0.000000,0.000000,0.000000,0.000000,0.000000,0.000000,0,0,0,0
"11,-5",0,62555,0,0,60,4,99999,99999,99999,99999,99999,99999,0.000000,0.000000,0.000000,0.000000,0.000000,0.000000,0.000000,0.000000,0.000000,0.000000,0.000000,0.000000,0.000000,0.000000,0,0,0,0
"11,-4",0,62555,0,0,59,4,99999,99999,99999,99999,99999,99999,0.000000,0.000000,0.000000,0.000000,0.000000,0.000000,0.000000,0.000000,0.000000,0.000000,0.000000,0.000000,0.000000,0.000000,0,0,0,0
"11,-3",0,62555,0,0,60,4,99999,99999,99999,99999,99999,99999,0.000000,0.000000,0.000000,0.000000,0.000000,0.000000,0.000000,0.000000,0.000000,0.000000,0.000000,0.000000,0.000000,0.000000,0,0,0,0
"11,-2",0,62555,0,0,60,4,99999,99999,99999,99999,99999,99999,0.000000,0.000000,0.000000,0.000000,0.000000,0.000000,0.000000,0.000000,0.000000,0.000000,0.000000,0.000000,0.000000,0.000000,0,0,0,0
"11,-1",0,62555,0,0,59,4,99999,99999,99999,99999,99999,99999,0.000000,0.000000,0.000000,0.000000,0.000000,0.000000,0.000000,0.000000,0.000000,0.000000,0.000000,0.000000,0.000000,0.000000,0,0,0,0
"11,0",0,62555,0,0,61,4,99999,99999,99999,99999,99999,99999,0.000000,0.000000,0.000000,0.000000,0.000000,0.000000,0.000000,0.000000,0.000000,0.000000,0.000000,0.000000,0.000000,0.000000,0,0,0,0
"11,1",0,62555,0,0,60,4,99999,99999,99999,99999,99999,99999,0.000000,0.000000,0.000000,0.000000,0.000000,0.000000,0.000000,0.000000,0.000000,0.000000,0.000000,0.000000,0.000000,0.000000,0,0,0,0
"11,2",0,62555,0,0,61,4,99999,99999,99999,99999,99999,99999,0.000000,0.000000,0.000000,0.000000,0.000000,0.000000,0.000000,0.000000,0.000000,0.000000,0.000000,0.000000,0.000000,0.000000,0,0,0,0
"11,3",0,62555,0,0,60,4,99999,99999,99999,99999,99999,99999,0.000000,0.000000,0.000000,0.000000,0.000000,0.000000,0.000000,0.000000,0.000000,0.000000,0.000000,0.000000,0.000000,0.000000,0,0,0,0
"11,4",0,62555,0,0,60,4,99999,99999,99999,99999,99999,99999,0.000000,0.000000,0.000000,0.000000,0.000000,0.000000,0.000000,0.000000,0.000000,0.000000,0.000000,0.000000,0.000000,0.000000,0,0,0,0
"11,5",0,62555,0,0,58,4,99999,99999,99999,99999,99999,99999,0.000000,0.000000,0.000000,0.000000,0.000000,0.000000,0.000000,0.000000,0.000000,0.000000,0.000000,0.000000,0.000000,0.000000,0,0,0,0
"11,6",0,62555,0,0,61,4,99999,99999,99999,99999,99999,99999,0.000000,0.000000,0.000000,0.000000,0.000000,0.000000,0.000000,0.000000,0.000000,0.000000,0.000000,0.000000,0.000000,0.000000,0,0,0,0
"11,7",0,62555,0,0,61,4,99999,99999,99999,99999,99999,99999,0.000000,0.000000,0.000000,0.000000,0.000000,0.000000,0.000000,0.000000,0.000000,0.000000,0.000000,0.000000,0.000000,0.000000,0,0,0,0
"11,8",0,62555,0,0,61,4,99999,99999,99999,99999,99999,99999,0.000000,0.000000,0.000000,0.000000,0.000000,0.000000,0.000000,0.000000,0.000000,0.000000,0.000000,0.000000,0.000000,0.000000,0,0,0,0
"11,9",0,62555,0,0,60,4,99999,99999,99999,99999,99999,99999,0.000000,0.000000,0.000000,0.000000,0.000000,0.000000,0.000000,0.000000,0.000000,0.000000,0.000000,0.000000,0.000000,0.000000,0,0,0,0
"11,10",0,62555,0,0,59,4,99999,99999,99999,99999,99999,99999,0.000000,0.000000,0.000000,0.000000,0.000000,0.000000,0.000000,0.000000,0.000000,0.000000,0.000000,0.000000,0.000000,0.000000,0,0,0,0
"11,11",0,62555,0,0,59,4,99999,99999,99999,99999,99999,99999,0.000000,0.000000,0.000000,0.000000,0.000000,0.000000,0.000000,0.000000,0.000000,0.000000,0.000000,0.000000,0.000000,0.000000,0,0,0,0
"11,12",0,62555,0,0,59,4,99999,99999,99999,99999,99999,99999,0.000000,0.000000,0.000000,0.000000,0.000000,0.000000,0.000000,0.000000,0.000000,0.000000,0.000000,0.000000,0.000000,0.000000,0,0,0,0
"11,13",0,62555,0,0,59,4,99999,99999,99999,99999,99999,99999,0.000000,0.000000,0.000000,0.000000,0.000000,0.000000,0.000000,0.000000,0.000000,0.000000,0.000000,0.000000,0.000000,0.000000,0,0,0,0
"11,14",0,62555,0,0,61,4,99999,99999,99999,99999,99999,99999,0.000000,0.000000,0.000000,0.000000,0.000000,0.000000,0.000000,0.000000,0.000000,0.000000,0.000000,0.000000,0.000000,0.000000,0,0,0,0
"11,15",0,62555,0,0,60,4,99999,99999,99999,99999,99999,99999,0.000000,0.000000,0.000000,0.000000,0.000000,0.000000,0.000000,0.000000,0.000000,0.000000,0.000000,0.000000,0.000000,0.000000,0,0,0,0
"11,16",0,62555,0,0,60,4,99999,99999,99999,99999,99999,99999,0.000000,0.000000,0.000000,0.000000,0.000000,0.000000,0.000000,0.000000,0.000000,0.000000,0.000000,0.000000,0.000000,0.000000,0,0,0,0
"11,17",0,62555,0,0,58,4,99999,99999,99999,99999,99999,99999,0.000000,0.000000,0.000000,0.000000,0.000000,0.000000,0.000000,0.000000,0.000000,0.000000,0.000000,0.000000,0.000000,0.000000,0,0,0,0
"11,18",0,62555,0,0,8,4,99999,99999,99999,99999,99999,99999,0.000000,0.000000,0.000000,0.000000,0.000000,0.000000,0.000000,0.000000,0.000000,0.000000,0.000000,0.000000,0.000000,0.000000,0,0,0,0
"11,19",0,62555,0,0,8,4,99999,99999,99999,99999,99999,99999,0.000000,0.000000,0.000000,0.000000,0.000000,0.000000,0.000000,0.000000,0.000000,0.000000,0.000000,0.000000,0.000000,0.000000,0,0,0,0
"11,20",0,62555,0,0,8,4,99999,99999,99999,99999,99999,99999,0.000000,0.000000,0.000000,0.000000,0.000000,0.000000,0.000000,0.000000,0.000000,0.000000,0.000000,0.000000,0.000000,0.000000,0,0,0,0
"11,21",0,62555,0,0,8,4,99999,99999,99999,99999,99999,99999,0.000000,0.000000,0.000000,0.000000,0.000000,0.000000,0.000000,0.000000,0.000000,0.000000,0.000000,0.000000,0.000000,0.000000,0,0,0,0
"11,22",0,62555,0,0,8,4,99999,99999,99999,99999,99999,99999,0.000000,0.000000,0.000000,0.000000,0.000000,0.000000,0.000000,0.000000,0.000000,0.000000,0.000000,0.000000,0.000000,0.000000,0,0,0,0
"11,23",0,62555,0,0,8,4,99999,99999,99999,99999,99999,99999,0.000000,0.000000,0.000000,0.000000,0.000000,0.000000,0.000000,0.000000,0.000000,0.000000,0.000000,0.000000,0.000000,0.000000,0,0,0,0
"11,24",0,62555,0,0,8,4,99999,99999,99999,99999,99999,99999,0.000000,0.000000,0.000000,0.000000,0.000000,0.000000,0.000000,0.000000,0.000000,0.000000,0.000000,0.000000,0.000000,0.000000,0,0,0,0
"11,25",0,62555,0,0,8,4,99999,99999,99999,99999,99999,99999,0.000000,0.000000,0.000000,0.000000,0.000000,0.000000,0.000000,0.000000,0.000000,0.000000,0.000000,0.000000,0.000000,0.000000,0,0,0,0
"11,26",0,62555,0,0,4,4,99999,99999,99999,99999,99999,99999,0.000000,0.000000,0.000000,0.000000,0.000000,0.000000,0.000000,0.000000,0.000000,0.000000,0.000000,0.000000,0.000000,0.000000,0,0,0,0
"12,-26",0,62555,0,0,4,4,99999,99999,99999,99999,99999,99999,0.000000,0.000000,0.000000,0.000000,0.000000,0.000000,0.000000,0.000000,0.000000,0.000000,0.000000,0.000000,0.000000,0.000000,0,0,0,0
"12,-25",0,62555,0,0,4,4,99999,99999,99999,99999,99999,99999,0.000000,0.000000,0.000000,0.000000,0.000000,0.000000,0.000000,0.000000,0.000000,0.000000,0.000000,0.000000,0.000000,0.000000,0,0,0,0
"12,-24",0,62555,0,0,8,4,99999,99999,99999,99999,99999,99999,0.000000,0.000000,0.000000,0.000000,0.000000,0.000000,0.000000,0.000000,0.000000,0.000000,0.000000,0.000000,0.000000,0.000000,0,0,0,0
"12,-23",0,62555,0,0,8,4,99999,99999,99999,99999,99999,99999,0.000000,0.000000,0.000000,0.000000,0.000000,0.000000,0.000000,0.000000,0.000000,0.000000,0.000000,0.000000,0.000000,0.000000,0,0,0,0
"12,-22",0,62555,0,0,8,4,99999,99999,99999,99999,99999,99999,0.000000,0.000000,0.000000,0.000000,0.000000,0.000000,0.000000,0.000000,0.000000,0.000000,0.000000,0.000000,0.000000,0.000000,0,0,0,0
"12,-21",0,62555,0,0,8,4,99999,99999,99999,99999,99999,99999,0.000000,0.000000,0.000000,0.000000,0.000000,0.000000,0.000000,0.000000,0.000000,0.000000,0.000000,0.000000,0.000000,0.000000,0,0,0,0
"12,-20",0,62555,0,0,8,4,99999,99999,99999,99999,99999,99999,0.000000,0.000000,0.000000,0.000000,0.000000,0.000000,0.000000,0.000000,0.000000,0.000000,0.000000,0.000000,0.000000,0.000000,0,0,0,0
"12,-19",0,62555,0,0,8,4,99999,99999,99999,99999,99999,99999,0.000000,0.000000,0.000000,0.000000,0.000000,0.000000,0.000000,0.000000,0.000000,0.000000,0.000000,0.000000,0.000000,0.000000,0,0,0,0
"12,-18",0,62555,0,0,8,4,99999,99999,99999,99999,99999,99999,0.000000,0.000000,0.000000,0.000000,0.000000,0.000000,0.000000,0.000000,0.000000,0.000000,0.000000,0.000000,0.000000,0.000000,0,0,0,0
"12,-17",0,62555,0,0,8,4,99999,99999,99999,99999,99999,99999,0.000000,0.000000,0.000000,0.000000,0.000000,0.000000,0.000000,0.000000,0.000000,0.000000,0.000000,0.000000,0.000000,0.000000,0,0,0,0
"12,-16",0,62555,0,0,8,4,99999,99999,99999,99999,99999,99999,0.000000,0.000000,0.000000,0.000000,0.000000,0.000000,0.000000,0.000000,0.000000,0.000000,0.000000,0.000000,0.000000,0.000000,0,0,0,0
"12,-15",0,62555,0,0,60,4,99999,99999,99999,99999,99999,99999,0.000000,0.000000,0.000000,0.000000,0.000000,0.000000,0.000000,0.000000,0.000000,0.000000,0.000000,0.000000,0.000000,0.000000,0,0,0,0
"12,-14",0,62555,0,0,60,4,99999,99999,99999,99999,99999,99999,0.000000,0.000000,0.000000,0.000000,0.000000,0.000000,0.000000,0.000000,0.000000,0.000000,0.000000,0.000000,0.000000,0.000000,0,0,0,0
"12,-13",0,62555,0,0,59,4,99999,99999,99999,99999,99999,99999,0.000000,0.000000,0.000000,0.000000,0.000000,0.000000,0.000000,0.000000,0.000000,0.000000,0.000000,0.000000,0.000000,0.000000,0,0,0,0
"12,-12",0,62555,0,0,60,4,99999,99999,99999,99999,99999,99999,0.000000,0.000000,0.000000,0.000000,0.000000,0.000000,0.000000,0.000000,0.000000,0.000000,0.000000,0.000000,0.000000,0.000000,0,0,0,0
"12,-11",0,62555,0,0,59,4,99999,99999,99999,99999,99999,99999,0.000000,0.000000,0.000000,0.000000,0.000000,0.000000,0.000000,0.000000,0.000000,0.000000,0.000000,0.000000,0.000000,0.000000,0,0,0,0
"12,-10",0,62555,0,0,60,4,99999,99999,99999,99999,99999,99999,0.000000,0.000000,0.000000,0.000000,0.000000,0.000000,0.000000,0.000000,0.000000,0.000000,0.000000,0.000000,0.000000,0.000000,0,0,0,0
"12,-9",0,62555,0,0,59,4,99999,99999,99999,99999,99999,99999,0.000000,0.000000,0.000000,0.000000,0.000000,0.000000,0.000000,0.000000,0.000000,0.000000,0.000000,0.000000,0.000000,0.000000,0,0,0,0
"12,-8",0,62555,0,0,59,4,99999,99999,99999,99999,99999,99999,0.000000,0.000000,0.000000,0.000000,0.000000,0.000000,0.000000,0.000000,0.000000,0.000000,0.000000,0.000000,0.000000,0.000000,0,0,0,0
"12,-7",0,62555,0,0,60,4,99999,99999,99999,99999,99999,99999,0.000000,0.000000,0.000000,0.000000,0.000000,0.000000,0.000000,0.000000,0.000000,0.000000,0.000000,0.000000,0.000000,0.000000,0,0,0,0
"12,-6",0,62555,0,0,59,4,99999,99999,99999,99999,99999,99999,0.000000,0.000000,0.000000,0.000000,0.000000,0.000000,0.000000,0.000000,0.000000,0.000000,0.000000,0.000000,0.000000,0.000000,0,0,0,0
"12,-5",0,62555,0,0,60,4,99999,99999,99999,99999,99999,99999,0.000000,0.000000,0.000000,0.000000,0.000000,0.000000,0.000000,0.000000,0.000000,0.000000,0.000000,0.000000,0.000000,0.000000,0,0,0,0
"12,-4",0,62555,0,0,58,4,99999,99999,99999,99999,99999,99999,0.000000,0.000000,0.000000,0.000000,0.000000,0.000000,0.000000,0.000000,0.000000,0.000000,0.000000,0.000000,0.000000,0.000000,0,0,0,0
"12,-3",0,62555,0,0,60,4,99999,99999,99999,99999,99999,99999,0.000000,0.000000,0.000000,0.000000,0.000000,0.000000,0.000000,0.000000,0.000000,0.000000,0.000000,0.000000,0.000000,0.000000,0,0,0,0
"12,-2",0,62555,0,0,60,4,99999,99999,99999,99999,99999,99999,0.000000,0.000000,0.000000,0.000000,0.000000,0.000000,0.000000,0.000000,0.000000,0.000000,0.000000,0.000000,0.000000,0.000000,0,0,0,0
"12,-1",0,62555,0,0,59,4,99999,99999,99999,99999,99999,99999,0.000000,0.000000,0.000000,0.000000,0.000000,0.000000,0.000000,0.000000,0.000000,0.000000,0.000000,0.000000,0.000000,0.000000,0,0,0,0
"12,0",0,62555,0,0,60,4,99999,99999,99999,99999,99999,99999,0.000000,0.000000,0.000000,0.000000,0.000000,0.000000,0.000000,0.000000,0.000000,0.000000,0.000000,0.000000,0.000000,0.000000,0,0,0,0
"12,1",0,62555,0,0,60,4,99999,99999,99999,99999,99999,99999,0.000000,0.000000,0.000000,0.000000,0.000000,0.000000,0.000000,0.000000,0.000000,0.000000,0.000000,0.000000,0.000000,0.000000,0,0,0,0
"12,2",0,62555,0,0,59,4,99999,99999,99999,99999,99999,99999,0.000000,0.000000,0.000000,0.000000,0.000000,0.000000,0.000000,0.000000,0.000000,0.000000,0.000000,0.000000,0.000000,0.000000,0,0,0,0
"12,3",0,62555,0,0,60,4,99999,99999,99999,99999,99999,99999,0.000000,0.000000,0.000000,0.000000,0.000000,0.000000,0.000000,0.000000,0.000000,0.000000,0.000000,0.000000,0.000000,0.000000,0,0,0,0
"12,4",0,62555,0,0,60,4,99999,99999,99999,99999,99999,99999,0.000000,0.000000,0.000000,0.000000,0.000000,0.000000,0.000000,0.000000,0.000000,0.000000,0.000000,0.000000,0.000000,0.000000,0,0,0,0
"12,5",0,62555,0,0,59,4,99999,99999,99999,99999,99999,99999,0.000000,0.000000,0.000000,0.000000,0.000000,0.000000,0.000000,0.000000,0.000000,0.000000,0.000000,0.000000,0.000000,0.000000,0,0,0,0
"12,6",0,62555,0,0,59,4,99999,99999,99999,99999,99999,99999,0.000000,0.000000,0.000000,0.000000,0.000000,0.000000,0.000000,0.000000,0.000000,0.000000,0.000000,0.000000,0.000000,0.000000,0,0,0,0
"12,7",0,62555,0,0,60,4,99999,99999,99999,99999,99999,99999,0.000000,0.000000,0.000000,0.000000,0.000000,0.000000,0.000000,0.000000,0.000000,0.000000,0.000000,0.000000,0.000000,0.000000,0,0,0,0
"12,8",0,62555,0,0,60,4,99999,99999,99999,99999,99999,99999,0.000000,0.000000,0.000000,0.000000,0.000000,0.000000,0.000000,0.000000,0.000000,0.000000,0.000000,0.000000,0.000000,0.000000,0,0,0,0
"12,9",0,62555,0,0,60,4,99999,99999,99999,99999,99999,99999,0.000000,0.000000,0.000000,0.000000,0.000000,0.000000,0.000000,0.000000,0.000000,0.000000,0.000000,0.000000,0.000000,0.000000,0,0,0,0
"12,10",0,62555,0,0,59,4,99999,99999,99999,99999,99999,99999,0.000000,0.000000,0.000000,0.000000,0.000000,0.000000,0.000000,0.000000,0.000000,0.000000,0.000000,0.000000,0.000000,0.000000,0,0,0,0
"12,11",0,62555,0,0,60,4,99999,99999,99999,99999,99999,99999,0.000000,0.000000,0.000000,0.000000,0.000000,0.000000,0.000000,0.000000,0.000000,0.000000,0.000000,0.000000,0.000000,0.000000,0,0,0,0
"12,12",0,62555,0,0,60,4,99999,99999,99999,99999,99999,99999,0.000000,0.000000,0.000000,0.000000,0.000000,0.000000,0.000000,0.000000,0.000000,0.000000,0.000000,0.000000,0.000000,0.000000,0,0,0,0
"12,13",0,62555,0,0,60,4,99999,99999,99999,99999,99999,99999,0.000000,0.000000,0.000000,0.000000,0.000000,0.000000,0.000000,0.000000,0.000000,0.000000,0.000000,0.000000,0.000000,0.000000,0,0,0,0
"12,14",0,62555,0,0,60,4,99999,99999,99999,99999,99999,99999,0.000000,0.000000,0.000000,0.000000,0.000000,0.000000,0.000000,0.000000,0.000000,0.000000,0.000000,0.000000,0.000000,0.000000,0,0,0,0
"12,15",0,62555,0,0,59,4,99999,99999,99999,99999,99999,99999,0.000000,0.000000,0.000000,0.000000,0.000000,0.000000,0.000000,0.000000,0.000000,0.000000,0.000000,0.000000,0.000000,0.000000,0,0,0,0
"12,16",0,62555,0,0,13,4,99999,99999,99999,99999,99999,99999,0.000000,0.000000,0.000000,0.000000,0.000000,0.000000,0.000000,0.000000,0.000000,0.000000,0.000000,0.000000,0.000000,0.000000,0,0,0,0
"12,17",0,62555,0,0,8,4,99999,99999,99999,99999,99999,99999,0.000000,0.000000,0.000000,0.000000,0.000000,0.000000,0.000000,0.000000,0.000000,0.000000,0.000000,0.000000,0.000000,0.000000,0,0,0,0
"12,18",0,62555,0,0,8,4,99999,99999,99999,99999,99999,99999,0.000000,0.000000,0.000000,0.000000,0.000000,0.000000,0.000000,0.000000,0.000000,0.000000,0.000000,0.000000,0.000000,0.000000,0,0,0,0
"12,19",0,62555,0,0,8,4,99999,99999,99999,99999,99999,99999,0.000000,0.000000,0.000000,0.000000,0.000000,0.000000,0.000000,0.000000,0.000000,0.000000,0.000000,0.000000,0.000000,0.000000,0,0,0,0
"12,20",0,62555,0,0,8,4,99999,99999,99999,99999,99999,99999,0.000000,0.000000,0.000000,0.000000,0.000000,0.000000,0.000000,0.000000,0.000000,0.000000,0.000000,0.000000,0.000000,0.000000,0,0,0,0
"12,21",0,62555,0,0,8,4,99999,99999,99999,99999,99999,99999,0.000000,0.000000,0.000000,0.000000,0.000000,0.000000,0.000000,0.000000,0.000000,0.000000,0.000000,0.000000,0.000000,0.000000,0,0,0,0
"12,22",0,62555,0,0,8,4,99999,99999,99999,99999,99999,99999,0.000000,0.000000,0.000000,0.000000,0.000000,0.000000,0.000000,0.000000,0.000000,0.000000,0.000000,0.000000,0.000000,0.000000,0,0,0,0
"12,23",0,62555,0,0,8,4,99999,99999,99999,99999,99999,99999,0.000000,0.000000,0.000000,0.000000,0.000000,0.000000,0.000000,0.000000,0.000000,0.000000,0.000000,0.000000,0.000000,0.000000,0,0,0,0
"12,24",0,62555,0,0,8,4,99999,99999,99999,99999,99999,99999,0.000000,0.000000,0.000000,0.000000,0.000000,0.000000,0.000000,0.000000,0.000000,0.000000,0.000000,0.000000,0.000000,0.000000,0,0,0,0
"12,25",0,62555,0,0,4,4,99999,99999,99999,99999,99999,99999,0.000000,0.000000,0.000000,0.000000,0.000000,0.000000,0.000000,0.000000,0.000000,0.000000,0.000000,0.000000,0.000000,0.000000,0,0,0,0
"12,26",0,62555,0,0,4,4,99999,99999,99999,99999,99999,99999,0.000000,0.000000,0.000000,0.000000,0.000000,0.000000,0.000000,0.000000,0.000000,0.000000,0.000000,0.000000,0.000000,0.000000,0,0,0,0
"13,-26",0,62555,0,0,4,4,99999,99999,99999,99999,99999,99999,0.000000,0.000000,0.000000,0.000000,0.000000,0.000000,0.000000,0.000000,0.000000,0.000000,0.000000,0.000000,0.000000,0.000000,0,0,0,0
"13,-25",0,62555,0,0,4,4,99999,99999,99999,99999,99999,99999,0.000000,0.000000,0.000000,0.000000,0.000000,0.000000,0.000000,0.000000,0.000000,0.000000,0.000000,0.000000,0.000000,0.000000,0,0,0,0
"13,-24",0,62555,0,0,4,4,99999,99999,99999,99999,99999,99999,0.000000,0.000000,0.000000,0.000000,0.000000,0.000000,0.000000,0.000000,0.000000,0.000000,0.000000,0.000000,0.000000,0.000000,0,0,0,0
"13,-23",0,62555,0,0,4,4,99999,99999,99999,99999,99999,99999,0.000000,0.000000,0.000000,0.000000,0.000000,0.000000,0.000000,0.000000,0.000000,0.000000,0.000000,0.000000,0.000000,0.000000,0,0,0,0
"13,-22",0,62555,0,0,8,4,99999,99999,99999,99999,99999,99999,0.000000,0.000000,0.000000,0.000000,0.000000,0.000000,0.000000,0.000000,0.000000,0.000000,0.000000,0.000000,0.000000,0.000000,0,0,0,0
"13,-21",0,62555,0,0,8,4,99999,99999,99999,99999,99999,99999,0.000000,0.000000,0.000000,0.000000,0.000000,0.000000,0.000000,0.000000,0.000000,0.000000,0.000000,0.000000,0.000000,0.000000,0,0,0,0
"13,-20",0,62555,0,0,8,4,99999,99999,99999,99999,99999,99999,0.000000,0.000000,0.000000,0.000000,0.000000,0.000000,0.000000,0.000000,0.000000,0.000000,0.000000,0.000000,0.000000,0.000000,0,0,0,0
"13,-19",0,62555,0,0,8,4,99999,99999,99999,99999,99999,99999,0.000000,0.000000,0.000000,0.000000,0.000000,0.000000,0.000000,0.000000,0.000000,0.000000,0.000000,0.000000,0.000000,0.000000,0,0,0,0
"13,-18",0,62555,0,0,8,4,99999,99999,99999,99999,99999,99999,0.000000,0.000000,0.000000,0.000000,0.000000,0.000000,0.000000,0.000000,0.000000,0.000000,0.000000,0.000000,0.000000,0.000000,0,0,0,0
"13,-17",0,62555,0,0,8,4,99999,99999,99999,99999,99999,99999,0.000000,0.000000,0.000000,0.000000,0.000000,0.000000,0.000000,0.000000,0.000000,0.000000,0.000000,0.000000,0.000000,0.000000,0,0,0,0
"13,-16",0,62555,0,0,8,4,99999,99999,99999,99999,99999,99999,0.000000,0.000000,0.000000,0.000000,0.000000,0.000000,0.000000,0.000000,0.000000,0.000000,0.000000,0.000000,0.000000,0.000000,0,0,0,0
"13,-15",0,62555,0,0,8,4,99999,99999,99999,99999,99999,99999,0.000000,0.000000,0.000000,0.000000,0.000000,0.000000,0.000000,0.000000,0.000000,0.000000,0.000000,0.000000,0.000000,0.000000,0,0,0,0
"13,-14",0,62555,0,0,8,4,99999,99999,99999,99999,99999,99999,0.000000,0.000000,0.000000,0.000000,0.000000,0.000000,0.000000,0.000000,0.000000,0.000000,0.000000,0.000000,0.000000,0.000000,0,0,0,0
"13,-13",0,62555,0,0,59,4,99999,99999,99999,99999,99999,99999,0.000000,0.000000,0.000000,0.000000,0.000000,0.000000,0.000000,0.000000,0.000000,0.000000,0.000000,0.000000,0.000000,0.000000,0,0,0,0
"13,-12",0,62555,0,0,60,4,99999,99999,99999,99999,99999,99999,0.000000,0.000000,0.000000,0.000000,0.000000,0.000000,0.000000,0.000000,0.000000,0.000000,0.000000,0.000000,0.000000,0.000000,0,0,0,0
"13,-11",0,62555,0,0,60,4,99999,99999,99999,99999,99999,99999,0.000000,0.000000,0.000000,0.000000,0.000000,0.000000,0.000000,0.000000,0.000000,0.000000,0.000000,0.000000,0.000000,0.000000,0,0,0,0
"13,-10",0,62555,0,0,60,4,99999,99999,99999,99999,99999,99999,0.000000,0.000000,0.000000,0.000000,0.000000,0.000000,0.000000,0.000000,0.000000,0.000000,0.000000,0.000000,0.000000,0.000000,0,0,0,0
"13,-9",0,62555,0,0,60,4,99999,99999,99999,99999,99999,99999,0.000000,0.000000,0.000000,0.000000,0.000000,0.000000,0.000000,0.000000,0.000000,0.000000,0.000000,0.000000,0.000000,0.000000,0,0,0,0
"13,-8",0,62555,0,0,59,4,99999,99999,99999,99999,99999,99999,0.000000,0.000000,0.000000,0.000000,0.000000,0.000000,0.000000,0.000000,0.000000,0.000000,0.000000,0.000000,0.000000,0.000000,0,0,0,0
"13,-7",0,62555,0,0,60,4,99999,99999,99999,99999,99999,99999,0.000000,0.000000,0.000000,0.000000,0.000000,0.000000,0.000000,0.000000,0.000000,0.000000,0.000000,0.000000,0.000000,0.000000,0,0,0,0
"13,-6",0,62555,0,0,60,4,99999,99999,99999,99999,99999,99999,0.000000,0.000000,0.000000,0.000000,0.000000,0.000000,0.000000,0.000000,0.000000,0.000000,0.000000,0.000000,0.000000,0.000000,0,0,0,0
"13,-5",0,62555,0,0,59,4,99999,99999,99999,99999,99999,99999,0.000000,0.000000,0.000000,0.000000,0.000000,0.000000,0.000000,0.000000,0.000000,0.000000,0.000000,0.000000,0.000000,0.000000,0,0,0,0
"13,-4",0,62555,0,0,60,4,99999,99999,99999,99999,99999,99999,0.000000,0.000000,0.000000,0.000000,0.000000,0.000000,0.000000,0.000000,0.000000,0.000000,0.000000,0.000000,0.000000,0.000000,0,0,0,0
"13,-3",0,62555,0,0,60,4,99999,99999,99999,99999,99999,99999,0.000000,0.000000,0.000000,0.000000,0.000000,0.000000,0.000000,0.000000,0.000000,0.000000,0.000000,0.000000,0.000000,0.000000,0,0,0,0
"13,-2",0,62555,0,0,61,4,99999,99999,99999,99999,99999,99999,0.000000,0.000000,0.000000,0.000000,0.000000,0.000000,0.000000,0.000000,0.000000,0.000000,0.000000,0.000000,0.000000,0.000000,0,0,0,0
"13,-1",0,62555,0,0,59,4,99999,99999,99999,99999,99999,99999,0.000000,0.000000,0.000000,0.000000,0.000000,0.000000,0.000000,0.000000,0.000000,0.000000,0.000000,0.000000,0.000000,0.000000,0,0,0,0
"13,0",0,62555,0,0,59,4,99999,99999,99999,99999,99999,99999,0.000000,0.000000,0.000000,0.000000,0.000000,0.000000,0.000000,0.000000,0.000000,0.000000,0.000000,0.000000,0.000000,0.000000,0,0,0,0
"13,1",0,62555,0,0,60,4,99999,99999,99999,99999,99999,99999,0.000000,0.000000,0.000000,0.000000,0.000000,0.000000,0.000000,0.000000,0.000000,0.000000,0.000000,0.000000,0.000000,0.000000,0,0,0,0
"13,2",0,62555,0,0,59,4,99999,99999,99999,99999,99999,99999,0.000000,0.000000,0.000000,0.000000,0.000000,0.000000,0.000000,0.000000,0.000000,0.000000,0.000000,0.000000,0.000000,0.000000,0,0,0,0
"13,3",0,62555,0,0,60,4,99999,99999,99999,99999,99999,99999,0.000000,0.000000,0.000000,0.000000,0.000000,0.000000,0.000000,0.000000,0.000000,0.000000,0.000000,0.000000,0.000000,0.000000,0,0,0,0
"13,4",0,62555,0,0,60,4,99999,99999,99999,99999,99999,99999,0.000000,0.000000,0.000000,0.000000,0.000000,0.000000,0.000000,0.000000,0.000000,0.000000,0.000000,0.000000,0.000000,0.000000,0,0,0,0
"13,5",0,62555,0,0,61,4,99999,99999,99999,99999,99999,99999,0.000000,0.000000,0.000000,0.000000,0.000000,0.000000,0.000000,0.000000,0.000000,0.000000,0.000000,0.000000,0.000000,0.000000,0,0,0,0
"13,6",0,62555,0,0,60,4,99999,99999,99999,99999,99999,99999,0.000000,0.000000,0.000000,0.000000,0.000000,0.000000,0.000000,0.000000,0.000000,0.000000,0.000000,0.000000,0.000000,0.000000,0,0,0,0
"13,7",0,62555,0,0,59,4,99999,99999,99999,99999,99999,99999,0.000000,0.000000,0.000000,0.000000,0.000000,0.000000,0.000000,0.000000,0.000000,0.000000,0.000000,0.000000,0.000000,0.000000,0,0,0,0
"13,8",0,62555,0,0,59,4,99999,99999,99999,99999,99999,99999,0.000000,0.000000,0.000000,0.000000,0.000000,0.000000,0.000000,0.000000,0.000000,0.000000,0.000000,0.000000,0.000000,0.000000,0,0,0,0
"13,9",0,62555,0,0,59,4,99999,99999,99999,99999,99999,99999,0.000000,0.000000,0.000000,0.000000,0.000000,0.000000,0.000000,0.000000,0.000000,0.000000,0.000000,0.000000,0.000000,0.000000,0,0,0,0
"13,10",0,62555,0,0,59,4,99999,99999,99999,99999,99999,99999,0.000000,0.000000,0.000000,0.000000,0.000000,0.000000,0.000000,0.000000,0.000000,0.000000,0.000000,0.000000,0.000000,0.000000,0,0,0,0
"13,11",0,62555,0,0,59,4,99999,99999,99999,99999,99999,99999,0.000000,0.000000,0.000000,0.000000,0.000000,0.000000,0.000000,0.000000,0.000000,0.000000,0.000000,0.000000,0.000000,0.000000,0,0,0,0
"13,12",0,62555,0,0,59,4,99999,99999,99999,99999,99999,99999,0.000000,0.000000,0.000000,0.000000,0.000000,0.000000,0.000000,0.000000,0.000000,0.000000,0.000000,0.000000,0.000000,0.000000,0,0,0,0
"13,13",0,62555,0,0,60,4,99999,99999,99999,99999,99999,99999,0.000000,0.000000,0.000000,0.000000,0.000000,0.000000,0.000000,0.000000,0.000000,0.000000,0.000000,0.000000,0.000000,0.000000,0,0,0,0
"13,14",0,62555,0,0,8,4,99999,99999,99999,99999,99999,99999,0.000000,0.000000,0.000000,0.000000,0.000000,0.000000,0.000000,0.000000,0.000000,0.000000,0.000000,0.000000,0.000000,0.000000,0,0,0,0
"13,15",0,62555,0,0,8,4,99999,99999,99999,99999,99999,99999,0.000000,0.000000,0.000000,0.000000,0.000000,0.000000,0.000000,0.000000,0.000000,0.000000,0.000000,0.000000,0.000000,0.000000,0,0,0,0
"13,16",0,62555,0,0,8,4,99999,99999,99999,99999,99999,99999,0.000000,0.000000,0.000000,0.000000,0.000000,0.000000,0.000000,0.000000,0.000000,0.000000,0.000000,0.000000,0.000000,0.000000,0,0,0,0
"13,17",0,62555,0,0,8,4,99999,99999,99999,99999,99999,99999,0.000000,0.000000,0.000000,0.000000,0.000000,0.000000,0.000000,0.000000,0.000000,0.000000,0.000000,0.000000,0.000000,0.000000,0,0,0,0
"13,18",0,62555,0,0,8,4,99999,99999,99999,99999,99999,99999,0.000000,0.000000,0.000000,0.000000,0.000000,0.000000,0.000000,0.000000,0.000000,0.000000,0.000000,0.000000,0.000000,0.000000,0,0,0,0
"13,19",0,62555,0,0,8,4,99999,99999,99999,99999,99999,99999,0.000000,0.000000,0.000000,0.000000,0.000000,0.000000,0.000000,0.000000,0.000000,0.000000,0.000000,0.000000,0.000000,0.000000,0,0,0,0
"13,20",0,62555,0,0,8,4,99999,99999,99999,99999,99999,99999,0.000000,0.000000,0.000000,0.000000,0.000000,0.000000,0.000000,0.000000,0.000000,0.000000,0.000000,0.000000,0.000000,0.000000,0,0,0,0
"13,21",0,62555,0,0,8,4,99999,99999,99999,99999,99999,99999,0.000000,0.000000,0.000000,0.000000,0.000000,0.000000,0.000000,0.000000,0.000000,0.000000,0.000000,0.000000,0.000000,0.000000,0,0,0,0
"13,22",0,62555,0,0,8,4,99999,99999,99999,99999,99999,99999,0.000000,0.000000,0.000000,0.000000,0.000000,0.000000,0.000000,0.000000,0.000000,0.000000,0.000000,0.000000,0.000000,0.000000,0,0,0,0
"13,23",0,62555,0,0,4,4,99999,99999,99999,99999,99999,99999,0.000000,0.000000,0.000000,0.000000,0.000000,0.000000,0.000000,0.000000,0.000000,0.000000,0.000000,0.000000,0.000000,0.000000,0,0,0,0
"13,24",0,62555,0,0,4,4,99999,99999,99999,99999,99999,99999,0.000000,0.000000,0.000000,0.000000,0.000000,0.000000,0.000000,0.000000,0.000000,0.000000,0.000000,0.000000,0.000000,0.000000,0,0,0,0
"13,25",0,62555,0,0,4,4,99999,99999,99999,99999,99999,99999,0.000000,0.000000,0.000000,0.000000,0.000000,0.000000,0.000000,0.000000,0.000000,0.000000,0.000000,0.000000,0.000000,0.000000,0,0,0,0
"13,26",0,62555,0,0,4,4,99999,99999,99999,99999,99999,99999,0.000000,0.000000,0.000000,0.000000,0.000000,0.000000,0.000000,0.000000,0.000000,0.000000,0.000000,0.000000,0.000000,0.000000,0,0,0,0
"14,-26",0,62555,0,0,4,4,99999,99999,99999,99999,99999,99999,0.000000,0.000000,0.000000,0.000000,0.000000,0.000000,0.000000,0.000000,0.000000,0.000000,0.000000,0.000000,0.000000,0.000000,0,0,0,0
"14,-25",0,62555,0,0,4,4,99999,99999,99999,99999,99999,99999,0.000000,0.000000,0.000000,0.000000,0.000000,0.000000,0.000000,0.000000,0.000000,0.000000,0.000000,0.000000,0.000000,0.000000,0,0,0,0
"14,-24",0,62555,0,0,4,4,99999,99999,99999,99999,99999,99999,0.000000,0.000000,0.000000,0.000000,0.000000,0.000000,0.000000,0.000000,0.000000,0.000000,0.000000,0.000000,0.000000,0.000000,0,0,0,0
"14,-23",0,62555,0,0,4,4,99999,99999,99999,99999,99999,99999,0.000000,0.000000,0.000000,0.000000,0.000000,0.000000,0.000000,0.000000,0.000000,0.000000,0.000000,0.000000,0.000000,0.000000,0,0,0,0
"14,-22",0,62555,0,0,4,4,99999,99999,99999,99999,99999,99999,0.000000,0.000000,0.000000,0.000000,0.000000,0.000000,0.000000,0.000000,0.000000,0.000000,0.000000,0.000000,0.000000,0.000000,0,0,0,0
"14,-21",0,62555,0,0,8,4,99999,99999,99999,99999,99999,99999,0.000000,0.000000,0.000000,0.000000,0.000000,0.000000,0.000000,0.000000,0.000000,0.000000,0.000000,0.000000,0.000000,0.000000,0,0,0,0
"14,-20",0,62555,0,0,8,4,99999,99999,99999,99999,99999,99999,0.000000,0.000000,0.000000,0.000000,0.000000,0.000000,0.000000,0.000000,0.000000,0.000000,0.000000,0.000000,0.000000,0.000000,0,0,0,0
"14,-19",0,62555,0,0,8,4,99999,99999,99999,99999,99999,99999,0.000000,0.000000,0.000000,0.000000,0.000000,0.000000,0.000000,0.000000,0.000000,0.000000,0.000000,0.000000,0.000000,0.000000,0,0,0,0
"14,-18",0,62555,0,0,8,4,99999,99999,99999,99999,99999,99999,0.000000,0.000000,0.000000,0.000000,0.000000,0.000000,0.000000,0.000000,0.000000,0.000000,0.000000,0.000000,0.000000,0.000000,0,0,0,0
"14,-17",0,62555,0,0,8,4,99999,99999,99999,99999,99999,99999,0.000000,0.000000,0.000000,0.000000,0.000000,0.000000,0.000000,0.000000,0.000000,0.000000,0.000000,0.000000,0.000000,0.000000,0,0,0,0
"14,-13",0,62555,0,0,8,4,99999,99999,99999,99999,99999,99999,0.000000,0.000000,0.000000,0.000000,0.000000,0.000000,0.000000,0.000000,0.000000,0.000000,0.000000,0.000000,0.000000,0.000000,0,0,0,0
"14,-12",0,62555,0,0,8,4,99999,99999,99999,99999,99999,99999,0.000000,0.000000,0.000000,0.000000,0.000000,0.000000,0.000000,0.000000,0.000000,0.000000,0.000000,0.000000,0.000000,0.000000,0,0,0,0
"14,-11",0,62555,0,0,12,4,99999,99999,99999,99999,99999,99999,0.000000,0.000000,0.000000,0.000000,0.000000,0.000000,0.000000,0.000000,0.000000,0.000000,0.000000,0.000000,0.000000,0.000000,0,0,0,0
"14,-10",0,62555,0,0,59,4,99999,99999,99999,99999,99999,99999,0.000000,0.000000,0.000000,0.000000,0.000000,0.000000,0.000000,0.000000,0.000000,0.000000,0.000000,0.000000,0.000000,0.000000,0,0,0,0
"14,-9",0,62555,0,0,60,4,99999,99999,99999,99999,99999,99999,0.000000,0.000000,0.000000,0.000000,0.000000,0.000000,0.000000,0.000000,0.000000,0.000000,0.000000,0.000000,0.000000,0.000000,0,0,0,0
"14,-8",0,62555,0,0,60,4,99999,99999,99999,99999,99999,99999,0.000000,0.000000,0.000000,0.000000,0.000000,0.000000,0.000000,0.000000,0.000000,0.000000,0.000000,0.000000,0.000000,0.000000,0,0,0,0
"14,-7",0,62555,0,0,60,4,99999,99999,99999,99999,99999,99999,0.000000,0.000000,0.000000,0.000000,0.000000,0.000000,0.000000,0.000000,0.000000,0.000000,0.000000,0.000000,0.000000,0.000000,0,0,0,0
"14,-6",0,62555,0,0,59,4,99999,99999,99999,99999,99999,99999,0.000000,0.000000,0.000000,0.000000,0.000000,0.000000,0.000000,0.000000,0.000000,0.000000,0.000000,0.000000,0.000000,0.000000,0,0,0,0
"14,-5",0,62555,0,0,60,4,99999,99999,99999,99999,99999,99999,0.000000,0.000000,0.000000,0.000000,0.000000,0.000000,0.000000,0.000000,0.000000,0.000000,0.000000,0.000000,0.000000,0.000000,0,0,0,0
"14,-4",0,62555,0,0,60,4,99999,99999,99999,99999,99999,99999,0.000000,0.000000,0.000000,0.000000,0.000000,0.000000,0.000000,0.000000,0.000000,0.000000,0.000000,0.000000,0.000000,0.000000,0,0,0,0
"14,-3",0,62555,0,0,60,4,99999,99999,99999,99999,99999,99999,0.000000,0.000000,0.000000,0.000000,0.000000,0.000000,0.000000,0.000000,0.000000,0.000000,0.000000,0.000000,0.000000,0.000000,0,0,0,0
"14,-2",0,62555,0,0,61,4,99999,99999,99999,99999,99999,99999,0.000000,0.000000,0.000000,0.000000,0.000000,0.000000,0.000000,0.000000,0.000000,0.000000,0.000000,0.000000,0.000000,0.000000,0,0,0,0
"14,-1",0,62555,0,0,60,4,99999,99999,99999,99999,99999,99999,0.000000,0.000000,0.000000,0.000000,0.000000,0.000000,0.000000,0.000000,0.000000,0.000000,0.000000,0.000000,0.000000,0.000000,0,0,0,0
"14,0",0,62555,0,0,60,4,99999,99999,99999,99999,99999,99999,0.000000,0.000000,0.000000,0.000000,0.000000,0.000000,0.000000,0.000000,0.000000,0.000000,0.000000,0.000000,0.000000,0.000000,0,0,0,0
"14,1",0,62555,0,0,59,4,99999,99999,99999,99999,99999,99999,0.000000,0.000000,0.000000,0.000000,0.000000,0.000000,0.000000,0.000000,0.000000,0.000000,0.000000,0.000000,0.000000,0.000000,0,0,0,0
"14,2",0,62555,0,0,59,4,99999,99999,99999,99999,99999,99999,0.000000,0.000000,0.000000,0.000000,0.000000,0.000000,0.000000,0.000000,0.000000,0.000000,0.000000,0.000000,0.000000,0.000000,0,0,0,0
"14,3",0,62555,0,0,60,4,99999,99999,99999,99999,99999,99999,0.000000,0.000000,0.000000,0.000000,0.000000,0.000000,0.000000,0.000000,0.000000,0.000000,0.000000,0.000000,0.000000,0.000000,0,0,0,0
"14,4",0,62555,0,0,60,4,99999,99999,99999,99999,99999,99999,0.000000,0.000000,0.000000,0.000000,0.000000,0.000000,0.000000,0.000000,0.000000,0.000000,0.000000,0.000000,0.000000,0.000000,0,0,0,0
"14,5",0,62555,0,0,60,4,99999,99999,99999,99999,99999,99999,0.000000,0.000000,0.000000,0.000000,0.000000,0.000000,0.000000,0.000000,0.000000,0.000000,0.000000,0.000000,0.000000,0.000000,0,0,0,0
"14,6",0,62555,0,0,59,4,99999,99999,99999,99999,99999,99999,0.000000,0.000000,0.000000,0.000000,0.000000,0.000000,0.000000,0.000000,0.000000,0.000000,0.000000,0.000000,0.000000,0.000000,0,0,0,0
"14,7",0,62555,0,0,60,4,99999,99999,99999,99999,99999,99999,0.000000,0.000000,0.000000,0.000000,0.000000,0.000000,0.000000,0.000000,0.000000,0.000000,0.000000,0.000000,0.000000,0.000000,0,0,0,0
"14,8",0,62555,0,0,60,4,99999,99999,99999,99999,99999,99999,0.000000,0.000000,0.000000,0.000000,0.000000,0.000000,0.000000,0.000000,0.000000,0.000000,0.000000,0.000000,0.000000,0.000000,0,0,0,0
"14,9",0,62555,0,0,60,4,99999,99999,99999,99999,99999,99999,0.000000,0.000000,0.000000,0.000000,0.000000,0.000000,0.000000,0.000000,0.000000,0.000000,0.000000,0.000000,0.000000,0.000000,0,0,0,0
"14,10",0,62555,0,0,60,4,99999,99999,99999,99999,99999,99999,0.000000,0.000000,0.000000,0.000000,0.000000,0.000000,0.000000,0.000000,0.000000,0.000000,0.000000,0.000000,0.000000,0.000000,0,0,0,0
"14,11",0,62555,0,0,27,4,99999,99999,99999,99999,99999,99999,0.000000,0.000000,0.000000,0.000000,0.000000,0.000000,0.000000,0.000000,0.000000,0.000000,0.000000,0.000000,0.000000,0.000000,0,0,0,0
"14,12",0,62555,0,0,8,4,99999,99999,99999,99999,99999,99999,0.000000,0.000000,0.000000,0.000000,0.000000,0.000000,0.000000,0.000000,0.000000,0.000000,0.000000,0.000000,0.000000,0.000000,0,0,0,0
"14,13",0,62555,0,0,8,4,99999,99999,99999,99999,99999,99999,0.000000,0.000000,0.000000,0.000000,0.000000,0.000000,0.000000,0.000000,0.000000,0.000000,0.000000,0.000000,0.000000,0.000000,0,0,0,0
"14,17",0,62555,0,0,8,4,99999,99999,99999,99999,99999,99999,0.000000,0.000000,0.000000,0.000000,0.000000,0.000000,0.000000,0.000000,0.000000,0.000000,0.000000,0.000000,0.000000,0.000000,0,0,0,0
"14,18",0,62555,0,0,8,4,99999,99999,99999,99999,99999,99999,0.000000,0.000000,0.000000,0.000000,0.000000,0.000000,0.000000,0.000000,0.000000,0.000000,0.000000,0.000000,0.000000,0.000000,0,0,0,0
"14,19",0,62555,0,0,8,4,99999,99999,99999,99999,99999,99999,0.000000,0.000000,0.000000,0.000000,0.000000,0.000000,0.000000,0.000000,0.000000,0.000000,0.000000,0.000000,0.000000,0.000000,0,0,0,0
"14,20",0,62555,0,0,8,4,99999,99999,99999,99999,99999,99999,0.000000,0.000000,0.000000,0.000000,0.000000,0.000000,0.000000,0.000000,0.000000,0.000000,0.000000,0.000000,0.000000,0.000000,0,0,0,0
"14,21",0,62555,0,0,8,4,99999,99999,99999,99999,99999,99999,0.000000,0.000000,0.000000,0.000000,0.000000,0.000000,0.000000,0.000000,0.000000,0.000000,0.000000,0.000000,0.000000,0.000000,0,0,0,0
"14,22",0,62555,0,0,4,4,99999,99999,99999,99999,99999,99999,0.000000,0.000000,0.000000,0.000000,0.000000,0.000000,0.000000,0.000000,0.000000,0.000000,0.000000,0.000000,0.000000,0.000000,0,0,0,0
"14,23",0,62555,0,0,4,4,99999,99999,99999,99999,99999,99999,0.000000,0.000000,0.000000,0.000000,0.000000,0.000000,0.000000,0.000000,0.000000,0.000000,0.000000,0.000000,0.000000,0.000000,0,0,0,0
"14,24",0,62555,0,0,4,4,99999,99999,99999,99999,99999,99999,0.000000,0.000000,0.000000,0.000000,0.000000,0.000000,0.000000,0.000000,0.000000,0.000000,0.000000,0.000000,0.000000,0.000000,0,0,0,0
"14,25",0,62555,0,0,4,4,99999,99999,99999,99999,99999,99999,0.000000,0.000000,0.000000,0.000000,0.000000,0.000000,0.000000,0.000000,0.000000,0.000000,0.000000,0.000000,0.000000,0.000000,0,0,0,0
"14,26",0,62555,0,0,4,4,99999,99999,99999,99999,99999,99999,0.000000,0.000000,0.000000,0.000000,0.000000,0.000000,0.000000,0.000000,0.000000,0.000000,0.000000,0.000000,0.000000,0.000000,0,0,0,0
"15,-26",0,62555,0,0,4,4,99999,99999,99999,99999,99999,99999,0.000000,0.000000,0.000000,0.000000,0.000000,0.000000,0.000000,0.000000,0.000000,0.000000,0.000000,0.000000,0.000000,0.000000,0,0,0,0
"15,-25",0,62555,0,0,4,4,99999,99999,99999,99999,99999,99999,0.000000,0.000000,0.000000,0.000000,0.000000,0.000000,0.000000,0.000000,0.000000,0.000000,0.000000,0.000000,0.000000,0.000000,0,0,0,0
"15,-24",0,62555,0,0,4,4,99999,99999,99999,99999,99999,99999,0.000000,0.000000,0.000000,0.000000,0.000000,0.000000,0.000000,0.000000,0.000000,0.000000,0.000000,0.000000,0.000000,0.000000,0,0,0,0
"15,-23",0,62555,0,0,4,4,99999,99999,99999,99999,99999,99999,0.000000,0.000000,0.000000,0.000000,0.000000,0.000000,0.000000,0.000000,0.000000,0.000000,0.000000,0.000000,0.000000,0.000000,0,0,0,0
"15,-22",0,62555,0,0,4,4,99999,99999,99999,99999,99999,99999,0.000000,0.000000,0.000000,0.000000,0.000000,0.000000,0.000000,0.000000,0.000000,0.000000,0.000000,0.000000,0.000000,0.000000,0,0,0,0
"15,-21",0,62555,0,0,4,4,99999,99999,99999,99999,99999,99999,0.000000,0.000000,0.000000,0.000000,0.000000,0.000000,0.000000,0.000000,0.000000,0.000000,0.000000,0.000000,0.000000,0.000000,0,0,0,0
"15,-20",0,62555,0,0,4,4,99999,99999,99999,99999,99999,99999,0.000000,0.000000,0.000000,0.000000,0.000000,0.000000,0.000000,0.000000,0.000000,0.000000,0.000000,0.000000,0.000000,0.000000,0,0,0,0
"15,-19",0,62555,0,0,8,4,99999,99999,99999,99999,99999,99999,0.000000,0.000000,0.000000,0.000000,0.000000,0.000000,0.000000,0.000000,0.000000,0.000000,0.000000,0.000000,0.000000,0.000000,0,0,0,0
"15,-18",0,62555,0,0,8,4,99999,99999,99999,99999,99999,99999,0.000000,0.000000,0.000000,0.000000,0.000000,0.000000,0.000000,0.000000,0.000000,0.000000,0.000000,0.000000,0.000000,0.000000,0,0,0,0
"15,-17",0,62555,0,0,8,4,99999,99999,99999,99999,99999,99999,0.000000,0.000000,0.000000,0.000000,0.000000,0.000000,0.000000,0.000000,0.000000,0.000000,0.000000,0.000000,0.000000,0.000000,0,0,0,0
"15,-13",0,62555,0,0,8,4,99999,99999,99999,99999,99999,99999,0.000000,0.000000,0.000000,0.000000,0.000000,0.000000,0.000000,0.000000,0.000000,0.000000,0.000000,0.000000,0.000000,0.000000,0,0,0,0
"15,-12",0,62555,0,0,8,4,99999,99999,99999,99999,99999,99999,0.000000,0.000000,0.000000,0.000000,0.000000,0.000000,0.000000,0.000000,0.000000,0.000000,0.000000,0.000000,0.000000,0.000000,0,0,0,0
"15,-11",0,62555,0,0,8,4,99999,99999,99999,99999,99999,99999,0.000000,0.000000,0.000000,0.000000,0.000000,0.000000,0.000000,0.000000,0.000000,0.000000,0.000000,0.000000,0.000000,0.000000,0,0,0,0
"15,-10",0,62555,0,0,8,4,99999,99999,99999,99999,99999,99999,0.000000,0.000000,0.000000,0.000000,0.000000,0.000000,0.000000,0.000000,0.000000,0.000000,0.000000,0.000000,0.000000,0.000000,0,0,0,0
"15,-9",0,62555,0,0,8,4,99999,99999,99999,99999,99999,99999,0.000000,0.000000,0.000000,0.000000,0.000000,0.000000,0.000000,0.000000,0.000000,0.000000,0.000000,0.000000,0.000000,0.000000,0,0,0,0
"15,-8",0,62555,0,0,8,4,99999,99999,99999,99999,99999,99999,0.000000,0.000000,0.000000,0.000000,0.000000,0.000000,0.000000,0.000000,0.000000,0.000000,0.000000,0.000000,0.000000,0.000000,0,0,0,0
"15,-7",0,62555,0,0,49,4,99999,99999,99999,99999,99999,99999,0.000000,0.000000,0.000000,0.000000,0.000000,0.000000,0.000000,0.000000,0.000000,0.000000,0.000000,0.000000,0.000000,0.000000,0,0,0,0
"15,-6",0,62555,0,0,60,4,99999,99999,99999,99999,99999,99999,0.000000,0.000000,0.000000,0.000000,0.000000,0.000000,0.000000,0.000000,0.000000,0.000000,0.000000,0.000000,0.000000,0.000000,0,0,0,0
"15,-5",0,62555,0,0,60,4,99999,99999,99999,99999,99999,99999,0.000000,0.000000,0.000000,0.000000,0.000000,0.000000,0.000000,0.000000,0.000000,0.000000,0.000000,0.000000,0.000000,0.000000,0,0,0,0
"15,-4",0,62555,0,0,60,4,99999,99999,99999,99999,99999,99999,0.000000,0.000000,0.000000,0.000000,0.000000,0.000000,0.000000,0.000000,0.000000,0.000000,0.000000,0.000000,0.000000,0.000000,0,0,0,0
"15,-3",0,62555,0,0,60,4,99999,99999,99999,99999,99999,99999,0.000000,0.000000,0.000000,0.000000,0.000000,0.000000,0.000000,0.000000,0.000000,0.000000,0.000000,0.000000,0.000000,0.000000,0,0,0,0
"15,-2",0,62555,0,0,59,4,99999,99999,99999,99999,99999,99999,0.000000,0.000000,0.000000,0.000000,0.000000,0.000000,0.000000,0.000000,0.000000,0.000000,0.000000,0.000000,0.000000,0.000000,0,0,0,0
"15,-1",0,62555,0,0,59,4,99999,99999,99999,99999,99999,99999,0.000000,0.000000,0.000000,0.000000,0.000000,0.000000,0.000000,0.000000,0.000000,0.000000,0.000000,0.000000,0.000000,0.000000,0,0,0,0
"15,0",0,62555,0,0,59,4,99999,99999,99999,99999,99999,99999,0.000000,0.000000,0.000000,0.000000,0.000000,0.000000,0.000000,0.000000,0.000000,0.000000,0.000000,0.000000,0.000000,0.000000,0,0,0,0
"15,1",0,62555,0,0,60,4,99999,99999,99999,99999,99999,99999,0.000000,0.000000,0.000000,0.000000,0.000000,0.000000,0.000000,0.000000,0.000000,0.000000,0.000000,0.000000,0.000000,0.000000,0,0,0,0
"15,2",0,62555,0,0,60,4,99999,99999,99999,99999,99999,99999,0.000000,0.000000,0.000000,0.000000,0.000000,0.000000,0.000000,0.000000,0.000000,0.000000,0.000000,0.000000,0.000000,0.000000,0,0,0,0
"15,3",0,62555,0,0,60,4,99999,99999,99999,99999,99999,99999,0.000000,0.000000,0.000000,0.000000,0.000000,0.000000,0.000000,0.000000,0.000000,0.000000,0.000000,0.000000,0.000000,0.000000,0,0,0,0
"15,4",0,62555,0,0,60,4,99999,99999,99999,99999,99999,99999,0.000000,0.000000,0.000000,0.000000,0.000000,0.000000,0.000000,0.000000,0.000000,0.000000,0.000000,0.000000,0.000000,0.000000,0,0,0,0
"15,5",0,62555,0,0,59,4,99999,99999,99999,99999,99999,99999,0.000000,0.000000,0.000000,0.000000,0.000000,0.000000,0.000000,0.000000,0.000000,0.000000,0.000000,0.000000,0.000000,0.000000,0,0,0,0
"15,6",0,62555,0,0,60,4,99999,99999,99999,99999,99999,99999,0.000000,0.000000,0.000000,0.000000,0.000000,0.000000,0.000000,0.000000,0.000000,0.000000,0.000000,0.000000,0.000000,0.000000,0,0,0,0
"15,7",0,62555,0,0,55,4,99999,99999,99999,99999,99999,99999,0.000000,0.000000,0.000000,0.000000,0.000000,0.000000,0.000000,0.000000,0.000000,0.000000,0.000000,0.000000,0.000000,0.000000,0,0,0,0
"15,8",0,62555,0,0,8,4,99999,99999,99999,99999,99999,99999,0.000000,0.000000,0.000000,0.000000,0.000000,0.000000,0.000000,0.000000,0.000000,0.000000,0.000000,0.000000,0.000000,0.000000,0,0,0,0
"15,9",0,62555,0,0,8,4,99999,99999,99999,99999,99999,99999,0.000000,0.000000,0.000000,0.000000,0.000000,0.000000,0.000000,0.000000,0.000000,0.000000,0.000000,0.000000,0.000000,0.000000,0,0,0,0
"15,10",0,62555,0,0,8,4,99999,99999,99999,99999,99999,99999,0.000000,0.000000,0.000000,0.000000,0.000000,0.000000,0.000000,0.000000,0.000000,0.000000,0.000000,0.000000,0.000000,0.000000,0,0,0,0
"15,11",0,62555,0,0,8,4,99999,99999,99999,99999,99999,99999,0.000000,0.000000,0.000000,0.000000,0.000000,0.000000,0.000000,0.000000,0.000000,0.000000,0.000000,0.000000,0.000000,0.000000,0,0,0,0
"15,12",0,62555,0,0,8,4,99999,99999,99999,99999,99999,99999,0.000000,0.000000,0.000000,0.000000,0.000000,0.000000,0.000000,0.000000,0.000000,0.000000,0.000000,0.000000,0.000000,0.000000,0,0,0,0
"15,13",0,62555,0,0,8,4,99999,99999,99999,99999,99999,99999,0.000000,0.000000,0.000000,0.000000,0.000000,0.000000,0.000000,0.000000,0.000000,0.000000,0.000000,0.000000,0.000000,0.000000,0,0,0,0
"15,17",0,62555,0,0,8,4,99999,99999,99999,99999,99999,99999,0.000000,0.000000,0.000000,0.000000,0.000000,0.000000,0.000000,0.000000,0.000000,0.000000,0.000000,0.000000,0.000000,0.000000,0,0,0,0
"15,18",0,62555,0,0,8,4,99999,99999,99999,99999,99999,99999,0.000000,0.000000,0.000000,0.000000,0.000000,0.000000,0.000000,0.000000,0.000000,0.000000,0.000000,0.000000,0.000000,0.000000,0,0,0,0
"15,19",0,62555,0,0,8,4,99999,99999,99999,99999,99999,99999,0.000000,0.000000,0.000000,0.000000,0.000000,0.000000,0.000000,0.000000,0.000000,0.000000,0.000000,0.000000,0.000000,0.000000,0,0,0,0
"15,20",0,62555,0,0,4,4,99999,99999,99999,99999,99999,99999,0.000000,0.000000,0.000000,0.000000,0.000000,0.000000,0.000000,0.000000,0.000000,0.000000,0.000000,0.000000,0.000000,0.000000,0,0,0,0
"15,21",0,62555,0,0,4,4,99999,99999,99999,99999,99999,99999,0.000000,0.000000,0.000000,0.000000,0.000000,0.000000,0.000000,0.000000,0.000000,0.000000,0.000000,0.000000,0.000000,0.000000,0,0,0,0
"15,22",0,62555,0,0,4,4,99999,99999,99999,99999,99999,99999,0.000000,0.000000,0.000000,0.000000,0.000000,0.000000,0.000000,0.000000,0.000000,0.000000,0.000000,0.000000,0.000000,0.000000,0,0,0,0
"15,23",0,62555,0,0,4,4,99999,99999,99999,99999,99999,99999,0.000000,0.000000,0.000000,0.000000,0.000000,0.000000,0.000000,0.000000,0.000000,0.000000,0.000000,0.000000,0.000000,0.000000,0,0,0,0
"15,24",0,62555,0,0,4,4,99999,99999,99999,99999,99999,99999,0.000000,0.000000,0.000000,0.000000,0.000000,0.000000,0.000000,0.000000,0.000000,0.000000,0.000000,0.000000,0.000000,0.000000,0,0,0,0
"15,25",0,62555,0,0,4,4,99999,99999,99999,99999,99999,99999,0.000000,0.000000,0.000000,0.000000,0.000000,0.000000,0.000000,0.000000,0.000000,0.000000,0.000000,0.000000,0.000000,0.000000,0,0,0,0
"15,26",0,62555,0,0,4,4,99999,99999,99999,99999,99999,99999,0.000000,0.000000,0.000000,0.000000,0.000000,0.000000,0.000000,0.000000,0.000000,0.000000,0.000000,0.000000,0.000000,0.000000,0,0,0,0
"16,-26",0,62555,0,0,4,4,99999,99999,99999,99999,99999,99999,0.000000,0.000000,0.000000,0.000000,0.000000,0.000000,0.000000,0.000000,0.000000,0.000000,0.000000,0.000000,0.000000,0.000000,0,0,0,0
"16,-25",0,62555,0,0,4,4,99999,99999,99999,99999,99999,99999,0.000000,0.000000,0.000000,0.000000,0.000000,0.000000,0.000000,0.000000,0.000000,0.000000,0.000000,0.000000,0.000000,0.000000,0,0,0,0
"16,-24",0,62555,0,0,4,4,99999,99999,99999,99999,99999,99999,0.000000,0.000000,0.000000,0.000000,0.000000,0.000000,0.000000,0.000000,0.000000,0.000000,0.000000,0.000000,0.000000,0.000000,0,0,0,0
"16,-23",0,62555,0,0,4,4,99999,99999,99999,99999,99999,99999,0.000000,0.000000,0.000000,0.000000,0.000000,0.000000,0.000000,0.000000,0.000000,0.000000,0.000000,0.000000,0.000000,0.000000,0,0,0,0
"16,-22",0,62555,0,0,4,4,99999,99999,99999,99999,99999,99999,0.000000,0.000000,0.000000,0.000000,0.000000,0.000000,0.000000,0.000000,0.000000,0.000000,0.000000,0.000000,0.000000,0.000000,0,0,0,0
"16,-21",0,62555,0,0,4,4,99999,99999,99999,99999,99999,99999,0.000000,0.000000,0.000000,0.000000,0.000000,0.000000,0.000000,0.000000,0.000000,0.000000,0.000000,0.000000,0.000000,0.000000,0,0,0,0
"16,-20",0,62555,0,0,4,4,99999,99999,99999,99999,99999,99999,0.000000,0.000000,0.000000,0.000000,0.000000,0.000000,0.000000,0.000000,0.000000,0.000000,0.000000,0.000000,0.000000,0.000000,0,0,0,0
"16,-19",0,62555,0,0,4,4,99999,99999,99999,99999,99999,99999,0.000000,0.000000,0.000000,0.000000,0.000000,0.000000,0.000000,0.000000,0.000000,0.000000,0.000000,0.000000,0.000000,0.000000,0,0,0,0
"16,-18",0,62555,0,0,4,4,99999,99999,99999,99999,99999,99999,0.000000,0.000000,0.000000,0.000000,0.000000,0.000000,0.000000,0.000000,0.000000,0.000000,0.000000,0.000000,0.000000,0.000000,0,0,0,0
"16,-17",0,62555,0,0,8,4,99999,99999,99999,99999,99999,99999,0.000000,0.000000,0.000000,0.000000,0.000000,0.000000,0.000000,0.000000,0.000000,0.000000,0.000000,0.000000,0.000000,0.000000,0,0,0,0
"16,-13",0,62555,0,0,8,4,99999,99999,99999,99999,99999,99999,0.000000,0.000000,0.000000,0.000000,0.000000,0.000000,0.000000,0.000000,0.000000,0.000000,0.000000,0.000000,0.000000,0.000000,0,0,0,0
"16,-12",0,62555,0,0,8,4,99999,99999,99999,99999,99999,99999,0.000000,0.000000,0.000000,0.000000,0.000000,0.000000,0.000000,0.000000,0.000000,0.000000,0.000000,0.000000,0.000000,0.000000,0,0,0,0
"16,-11",0,62555,0,0,8,4,99999,99999,99999,99999,99999,99999,0.000000,0.000000,0.000000,0.000000,0.000000,0.000000,0.000000,0.000000,0.000000,0.000000,0.000000,0.000000,0.000000,0.000000,0,0,0,0
"16,-10",0,62555,0,0,8,4,99999,99999,99999,99999,99999,99999,0.000000,0.000000,0.000000,0.000000,0.000000,0.000000,0.000000,0.000000,0.000000,0.000000,0.000000,0.000000,0.000000,0.000000,0,0,0,0
"16,-9",0,62555,0,0,8,4,99999,99999,99999,99999,99999,99999,0.000000,0.000000,0.000000,0.000000,0.000000,0.000000,0.000000,0.000000,0.000000,0.000000,0.000000,0.000000,0.000000,0.000000,0,0,0,0
"16,-8",0,62555,0,0,8,4,99999,99999,99999,99999,99999,99999,0.000000,0.000000,0.000000,0.000000,0.000000,0.000000,0.000000,0.000000,0.000000,0.000000,0.000000,0.000000,0.000000,0.000000,0,0,0,0
"16,-7",0,62555,0,0,8,4,99999,99999,99999,99999,99999,99999,0.000000,0.000000,0.000000,0.000000,0.000000,0.000000,0.000000,0.000000,0.000000,0.000000,0.000000,0.000000,0.000000,0.000000,0,0,0,0
"16,-6",0,62555,0,0,8,4,99999,99999,99999,99999,99999,99999,0.000000,0.000000,0.000000,0.000000,0.000000,0.000000,0.000000,0.000000,0.000000,0.000000,0.000000,0.000000,0.000000,0.000000,0,0,0,0
"16,-5",0,62555,0,0,7,4,99999,99999,99999,99999,99999,99999,0.000000,0.000000,0.000000,0.000000,0.000000,0.000000,0.000000,0.000000,0.000000,0.000000,0.000000,0.000000,0.000000,0.000000,0,0,0,0
"16,-4",0,62555,0,0,8,4,99999,99999,99999,99999,99999,99999,0.000000,0.000000,0.000000,0.000000,0.000000,0.000000,0.000000,0.000000,0.000000,0.000000,0.000000,0.000000,0.000000,0.000000,0,0,0,0
"16,-3",0,62555,0,0,8,4,99999,99999,99999,99999,99999,99999,0.000000,0.000000,0.000000,0.000000,0.000000,0.000000,0.000000,0.000000,0.000000,0.000000,0.000000,0.000000,0.000000,0.000000,0,0,0,0
"16,-2",0,62555,0,0,8,4,99999,99999,99999,99999,99999,99999,0.000000,0.000000,0.000000,0.000000,0.000000,0.000000,0.000000,0.000000,0.000000,0.000000,0.000000,0.000000,0.000000,0.000000,0,0,0,0
"16,-1",0,62555,0,0,8,4,99999,99999,99999,99999,99999,99999,0.000000,0.000000,0.000000,0.000000,0.000000,0.000000,0.000000,0.000000,0.000000,0.000000,0.000000,0.000000,0.000000,0.000000,0,0,0,0
"16,0",0,62555,0,0,8,4,99999,99999,99999,99999,99999,99999,0.000000,0.000000,0.000000,0.000000,0.000000,0.000000,0.000000,0.000000,0.000000,0.000000,0.000000,0.000000,0.000000,0.000000,0,0,0,0
"16,1",0,62555,0,0,8,4,99999,99999,99999,99999,99999,99999,0.000000,0.000000,0.000000,0.000000,0.000000,0.000000,0.000000,0.000000,0.000000,0.000000,0.000000,0.000000,0.000000,0.000000,0,0,0,0
"16,2",0,62555,0,0,8,4,99999,99999,99999,99999,99999,99999,0.000000,0.000000,0.000000,0.000000,0.000000,0.000000,0.000000,0.000000,0.000000,0.000000,0.000000,0.000000,0.000000,0.000000,0,0,0,0
"16,3",0,62555,0,0,8,4,99999,99999,99999,99999,99999,99999,0.000000,0.000000,0.000000,0.000000,0.000000,0.000000,0.000000,0.000000,0.000000,0.000000,0.000000,0.000000,0.000000,0.000000,0,0,0,0
"16,4",0,62555,0,0,8,4,99999,99999,99999,99999,99999,99999,0.000000,0.000000,0.000000,0.000000,0.000000,0.000000,0.000000,0.000000,0.000000,0.000000,0.000000,0.000000,0.000000,0.000000,0,0,0,0
"16,5",0,62555,0,0,8,4,99999,99999,99999,99999,99999,99999,0.000000,0.000000,0.000000,0.000000,0.000000,0.000000,0.000000,0.000000,0.000000,0.000000,0.000000,0.000000,0.000000,0.000000,0,0,0,0
"16,6",0,62555,0,0,8,4,99999,99999,99999,99999,99999,99999,0.000000,0.000000,0.000000,0.000000,0.000000,0.000000,0.000000,0.000000,0.000000,0.000000,0.000000,0.000000,0.000000,0.000000,0,0,0,0
"16,7",0,62555,0,0,8,4,99999,99999,99999,99999,99999,99999,0.000000,0.000000,0.000000,0.000000,0.000000,0.000000,0.000000,0.000000,0.000000,0.000000,0.000000,0.000000,0.000000,0.000000,0,0,0,0
"16,8",0,62555,0,0,8,4,99999,99999,99999,99999,99999,99999,0.000000,0.000000,0.000000,0.000000,0.000000,0.000000,0.000000,0.000000,0.000000,0.000000,0.000000,0.000000,0.000000,0.000000,0,0,0,0
"16,9",0,62555,0,0,8,4,99999,99999,99999,99999,99999,99999,0.000000,0.000000,0.000000,0.000000,0.000000,0.000000,0.000000,0.000000,0.000000,0.000000,0.000000,0.000000,0.000000,0.000000,0,0,0,0
"16,10",0,62555,0,0,8,4,99999,99999,99999,99999,99999,99999,0.000000,0.000000,0.000000,0.000000,0.000000,0.000000,0.000000,0.000000,0.000000,0.000000,0.000000,0.000000,0.000000,0.000000,0,0,0,0
"16,11",0,62555,0,0,8,4,99999,99999,99999,99999,99999,99999,0.000000,0.000000,0.000000,0.000000,0.000000,0.000000,0.000000,0.000000,0.000000,0.000000,0.000000,0.000000,0.000000,0.000000,0,0,0,0
"16,12",0,62555,0,0,8,4,99999,99999,99999,99999,99999,99999,0.000000,0.000000,0.000000,0.000000,0.000000,0.000000,0.000000,0.000000,0.000000,0.000000,0.000000,0.000000,0.000000,0.000000,0,0,0,0
"16,13",0,62555,0,0,8,4,99999,99999,99999,99999,99999,99999,0.000000,0.000000,0.000000,0.000000,0.000000,0.000000,0.000000,0.000000,0.000000,0.000000,0.000000,0.000000,0.000000,0.000000,0,0,0,0
"16,17",0,62555,0,0,8,4,99999,99999,99999,99999,99999,99999,0.000000,0.000000,0.000000,0.000000,0.000000,0.000000,0.000000,0.000000,0.000000,0.000000,0.000000,0.000000,0.000000,0.000000,0,0,0,0
"16,18",0,62555,0,0,4,4,99999,99999,99999,99999,99999,99999,0.000000,0.000000,0.000000,0.000000,0.000000,0.000000,0.000000,0.000000,0.000000,0.000000,0.000000,0.000000,0.000000,0.000000,0,0,0,0
"16,19",0,62555,0,0,4,4,99999,99999,99999,99999,99999,99999,0.000000,0.000000,0.000000,0.000000,0.000000,0.000000,0.000000,0.000000,0.000000,0.000000,0.000000,0.000000,0.000000,0.000000,0,0,0,0
"16,20",0,62555,0,0,4,4,99999,99999,99999,99999,99999,99999,0.000000,0.000000,0.000000,0.000000,0.000000,0.000000,0.000000,0.000000,0.000000,0.000000,0.000000,0.000000,0.000000,0.000000,0,0,0,0
"16,21",0,62555,0,0,4,4,99999,99999,99999,99999,99999,99999,0.000000,0.000000,0.000000,0.000000,0.000000,0.000000,0.000000,0.000000,0.000000,0.000000,0.000000,0.000000,0.000000,0.000000,0,0,0,0
"16,22",0,62555,0,0,4,4,99999,99999,99999,99999,99999,99999,0.000000,0.000000,0.000000,0.000000,0.000000,0.000000,0.000000,0.000000,0.000000,0.000000,0.000000,0.000000,0.000000,0.000000,0,0,0,0
"16,23",0,62555,0,0,4,4,99999,99999,99999,99999,99999,99999,0.000000,0.000000,0.000000,0.000000,0.000000,0.000000,0.000000,0.000000,0.000000,0.000000,0.000000,0.000000,0.000000,0.000000,0,0,0,0
"16,24",0,62555,0,0,4,4,99999,99999,99999,99999,99999,99999,0.000000,0.000000,0.000000,0.000000,0.000000,0.000000,0.000000,0.000000,0.000000,0.000000,0.000000,0.000000,0.000000,0.000000,0,0,0,0
"16,25",0,62555,0,0,4,4,99999,99999,99999,99999,99999,99999,0.000000,0.000000,0.000000,0.000000,0.000000,0.000000,0.000000,0.000000,0.000000,0.000000,0.000000,0.000000,0.000000,0.000000,0,0,0,0
"16,26",0,62555,0,0,4,4,99999,99999,99999,99999,99999,99999,0.000000,0.000000,0.000000,0.000000,0.000000,0.000000,0.000000,0.000000,0.000000,0.000000,0.000000,0.000000,0.000000,0.000000,0,0,0,0
"17,-26",0,62555,0,0,4,4,99999,99999,99999,99999,99999,99999,0.000000,0.000000,0.000000,0.000000,0.000000,0.000000,0.000000,0.000000,0.000000,0.000000,0.000000,0.000000,0.000000,0.000000,0,0,0,0
"17,-25",0,62555,0,0,4,4,99999,99999,99999,99999,99999,99999,0.000000,0.000000,0.000000,0.000000,0.000000,0.000000,0.000000,0.000000,0.000000,0.000000,0.000000,0.000000,0.000000,0.000000,0,0,0,0
"17,-24",0,62555,0,0,4,4,99999,99999,99999,99999,99999,99999,0.000000,0.000000,0.000000,0.000000,0.000000,0.000000,0.000000,0.000000,0.000000,0.000000,0.000000,0.000000,0.000000,0.000000,0,0,0,0
"17,-23",0,62555,0,0,4,4,99999,99999,99999,99999,99999,99999,0.000000,0.000000,0.000000,0.000000,0.000000,0.000000,0.000000,0.000000,0.000000,0.000000,0.000000,0.000000,0.000000,0.000000,0,0,0,0
"17,-22",0,62555,0,0,4,4,99999,99999,99999,99999,99999,99999,0.000000,0.000000,0.000000,0.000000,0.000000,0.000000,0.000000,0.000000,0.000000,0.000000,0.000000,0.000000,0.000000,0.000000,0,0,0,0
"17,-21",0,62555,0,0,4,4,99999,99999,99999,99999,99999,99999,0.000000,0.000000,0.000000,0.000000,0.000000,0.000000,0.000000,0.000000,0.000000,0.000000,0.000000,0.000000,0.000000,0.000000,0,0,0,0
"17,-20",0,62555,0,0,4,4,99999,99999,99999,99999,99999,99999,0.000000,0.000000,0.000000,0.000000,0.000000,0.000000,0.000000,0.000000,0.000000,0.000000,0.000000,0.000000,0.000000,0.000000,0,0,0,0
"17,-19",0,62555,0,0,4,4,99999,99999,99999,99999,99999,99999,0.000000,0.000000,0.000000,0.000000,0.000000,0.000000,0.000000,0.000000,0.000000,0.000000,0.000000,0.000000,0.000000,0.000000,0,0,0,0
"17,-18",0,62555,0,0,4,4,99999,99999,99999,99999,99999,99999,0.000000,0.000000,0.000000,0.000000,0.000000,0.000000,0.000000,0.000000,0.000000,0.000000,0.000000,0.000000,0.000000,0.000000,0,0,0,0
"17,-17",0,62555,0,0,4,4,99999,99999,99999,99999,99999,99999,0.000000,0.000000,0.000000,0.000000,0.000000,0.000000,0.000000,0.000000,0.000000,0.000000,0.000000,0.000000,0.000000,0.000000,0,0,0,0
"17,-16",0,62555,0,0,4,4,99999,99999,99999,99999,99999,99999,0.000000,0.000000,0.000000,0.000000,0.000000,0.000000,0.000000,0.000000,0.000000,0.000000,0.000000,0.000000,0.000000,0.000000,0,0,0,0
"17,-15",0,62555,0,0,8,4,99999,99999,99999,99999,99999,99999,0.000000,0.000000,0.000000,0.000000,0.000000,0.000000,0.000000,0.000000,0.000000,0.000000,0.000000,0.000000,0.000000,0.000000,0,0,0,0
"17,-14",0,62555,0,0,8,4,99999,99999,99999,99999,99999,99999,0.000000,0.000000,0.000000,0.000000,0.000000,0.000000,0.000000,0.000000,0.000000,0.000000,0.000000,0.000000,0.000000,0.000000,0,0,0,0
"17,-13",0,62555,0,0,8,4,99999,99999,99999,99999,99999,99999,0.000000,0.000000,0.000000,0.000000,0.000000,0.000000,0.000000,0.000000,0.000000,0.000000,0.000000,0.000000,0.000000,0.000000,0,0,0,0
"17,-12",0,62555,0,0,8,4,99999,99999,99999,99999,99999,99999,0.000000,0.000000,0.000000,0.000000,0.000000,0.000000,0.000000,0.000000,0.000000,0.000000,0.000000,0.000000,0.000000,0.000000,0,0,0,0
"17,-11",0,62555,0,0,8,4,99999,99999,99999,99999,99999,99999,0.000000,0.000000,0.000000,0.000000,0.000000,0.000000,0.000000,0.000000,0.000000,0.000000,0.000000,0.000000,0.000000,0.000000,0,0,0,0
"17,-10",0,62555,0,0,8,4,99999,99999,99999,99999,99999,99999,0.000000,0.000000,0.000000,0.000000,0.000000,0.000000,0.000000,0.000000,0.000000,0.000000,0.000000,0.000000,0.000000,0.000000,0,0,0,0
"17,-9",0,62555,0,0,8,4,99999,99999,99999,99999,99999,99999,0.000000,0.000000,0.000000,0.000000,0.000000,0.000000,0.000000,0.000000,0.000000,0.000000,0.000000,0.000000,0.000000,0.000000,0,0,0,0
"17,-8",0,62555,0,0,8,4,99999,99999,99999,99999,99999,99999,0.000000,0.000000,0.000000,0.000000,0.000000,0.000000,0.000000,0.000000,0.000000,0.000000,0.000000,0.000000,0.000000,0.000000,0,0,0,0
"17,-7",0,62555,0,0,8,4,99999,99999,99999,99999,99999,99999,0.000000,0.000000,0.000000,0.000000,0.000000,0.000000,0.000000,0.000000,0.000000,0.000000,0.000000,0.000000,0.000000,0.000000,0,0,0,0
"17,-6",0,62555,0,0,8,4,99999,99999,99999,99999,99999,99999,0.000000,0.000000,0.000000,0.000000,0.000000,0.000000,0.000000,0.000000,0.000000,0.000000,0.000000,0.000000,0.000000,0.000000,0,0,0,0
"17,-5",0,62555,0,0,8,4,99999,99999,99999,99999,99999,99999,0.000000,0.000000,0.000000,0.000000,0.000000,0.000000,0.000000,0.000000,0.000000,0.000000,0.000000,0.000000,0.000000,0.000000,0,0,0,0
"17,-4",0,62555,0,0,8,4,99999,99999,99999,99999,99999,99999,0.000000,0.000000,0.000000,0.000000,0.000000,0.000000,0.000000,0.000000,0.000000,0.000000,0.000000,0.000000,0.000000,0.000000,0,0,0,0
"17,-3",0,62555,0,0,8,4,99999,99999,99999,99999,99999,99999,0.000000,0.000000,0.000000,0.000000,0.000000,0.000000,0.000000,0.000000,0.000000,0.000000,0.000000,0.000000,0.000000,0.000000,0,0,0,0
"17,-2",0,62555,0,0,8,4,99999,99999,99999,99999,99999,99999,0.000000,0.000000,0.000000,0.000000,0.000000,0.000000,0.000000,0.000000,0.000000,0.000000,0.000000,0.000000,0.000000,0.000000,0,0,0,0
"17,-1",0,62555,0,0,8,4,99999,99999,99999,99999,99999,99999,0.000000,0.000000,0.000000,0.000000,0.000000,0.000000,0.000000,0.000000,0.000000,0.000000,0.000000,0.000000,0.000000,0.000000,0,0,0,0
"17,0",0,62555,0,0,8,4,99999,99999,99999,99999,99999,99999,0.000000,0.000000,0.000000,0.000000,0.000000,0.000000,0.000000,0.000000,0.000000,0.000000,0.000000,0.000000,0.000000,0.000000,0,0,0,0
"17,1",0,62555,0,0,8,4,99999,99999,99999,99999,99999,99999,0.000000,0.000000,0.000000,0.000000,0.000000,0.000000,0.000000,0.000000,0.000000,0.000000,0.000000,0.000000,0.000000,0.000000,0,0,0,0
"17,2",0,62555,0,0,8,4,99999,99999,99999,99999,99999,99999,0.000000,0.000000,0.000000,0.000000,0.000000,0.000000,0.000000,0.000000,0.000000,0.000000,0.000000,0.000000,0.000000,0.000000,0,0,0,0
"17,3",0,62555,0,0,8,4,99999,99999,99999,99999,99999,99999,0.000000,0.000000,0.000000,0.000000,0.000000,0.000000,0.000000,0.000000,0.000000,0.000000,0.000000,0.000000,0.000000,0.000000,0,0,0,0
"17,4",0,62555,0,0,8,4,99999,99999,99999,99999,99999,99999,0.000000,0.000000,0.000000,0.000000,0.000000,0.000000,0.000000,0.000000,0.000000,0.000000,0.000000,0.000000,0.000000,0.000000,0,0,0,0
"17,5",0,62555,0,0,8,4,99999,99999,99999,99999,99999,99999,0.000000,0.000000,0.000000,0.000000,0.000000,0.000000,0.000000,0.000000,0.000000,0.000000,0.000000,0.000000,0.000000,0.000000,0,0,0,0
"17,6",0,62555,0,0,8,4,99999,99999,99999,99999,99999,99999,0.000000,0.000000,0.000000,0.000000,0.000000,0.000000,0.000000,0.000000,0.000000,0.000000,0.000000,0.000000,0.000000,0.000000,0,0,0,0
"17,7",0,62555,0,0,8,4,99999,99999,99999,99999,99999,99999,0.000000,0.000000,0.000000,0.000000,0.000000,0.000000,0.000000,0.000000,0.000000,0.000000,0.000000,0.000000,0.000000,0.000000,0,0,0,0
"17,8",0,62555,0,0,8,4,99999,99999,99999,99999,99999,99999,0.000000,0.000000,0.000000,0.000000,0.000000,0.000000,0.000000,0.000000,0.000000,0.000000,0.000000,0.000000,0.000000,0.000000,0,0,0,0
"17,9",0,62555,0,0,8,4,99999,99999,99999,99999,99999,99999,0.000000,0.000000,0.000000,0.000000,0.000000,0.000000,0.000000,0.000000,0.000000,0.000000,0.000000,0.000000,0.000000,0.000000,0,0,0,0
"17,10",0,62555,0,0,8,4,99999,99999,99999,99999,99999,99999,0.000000,0.000000,0.000000,0.000000,0.000000,0.000000,0.000000,0.000000,0.000000,0.000000,0.000000,0.000000,0.000000,0.000000,0,0,0,0
"17,11",0,62555,0,0,8,4,99999,99999,99999,99999,99999,99999,0.000000,0.000000,0.000000,0.000000,0.000000,0.000000,0.000000,0.000000,0.000000,0.000000,0.000000,0.000000,0.000000,0.000000,0,0,0,0
"17,12",0,62555,0,0,8,4,99999,99999,99999,99999,99999,99999,0.000000,0.000000,0.000000,0.000000,0.000000,0.000000,0.000000,0.000000,0.000000,0.000000,0.000000,0.000000,0.000000,0.000000,0,0,0,0
"17,13",0,62555,0,0,8,4,99999,99999,99999,99999,99999,99999,0.000000,0.000000,0.000000,0.000000,0.000000,0.000000,0.000000,0.000000,0.000000,0.000000,0.000000,0.000000,0.000000,0.000000,0,0,0,0
"17,14",0,62555,0,0,8,4,99999,99999,99999,99999,99999,99999,0.000000,0.000000,0.000000,0.000000,0.000000,0.000000,0.000000,0.000000,0.000000,0.000000,0.000000,0.000000,0.000000,0.000000,0,0,0,0
"17,15",0,62555,0,0,8,4,99999,99999,99999,99999,99999,99999,0.000000,0.000000,0.000000,0.000000,0.000000,0.000000,0.000000,0.000000,0.000000,0.000000,0.000000,0.000000,0.000000,0.000000,0,0,0,0
"17,16",0,62555,0,0,4,4,99999,99999,99999,99999,99999,99999,0.000000,0.000000,0.000000,0.000000,0.000000,0.000000,0.000000,0.000000,0.000000,0.000000,0.000000,0.000000,0.000000,0.000000,0,0,0,0
"17,17",0,62555,0,0,4,4,99999,99999,99999,99999,99999,99999,0.000000,0.000000,0.000000,0.000000,0.000000,0.000000,0.000000,0.000000,0.000000,0.000000,0.000000,0.000000,0.000000,0.000000,0,0,0,0
"17,18",0,62555,0,0,4,4,99999,99999,99999,99999,99999,99999,0.000000,0.000000,0.000000,0.000000,0.000000,0.000000,0.000000,0.000000,0.000000,0.000000,0.000000,0.000000,0.000000,0.000000,0,0,0,0
"17,19",0,62555,0,0,4,4,99999,99999,99999,99999,99999,99999,0.000000,0.000000,0.000000,0.000000,0.000000,0.000000,0.000000,0.000000,0.000000,0.000000,0.000000,0.000000,0.000000,0.000000,0,0,0,0
"17,20",0,62555,0,0,4,4,99999,99999,99999,99999,99999,99999,0.000000,0.000000,0.000000,0.000000,0.000000,0.000000,0.000000,0.000000,0.000000,0.000000,0.000000,0.000000,0.000000,0.000000,0,0,0,0
"17,21",0,62555,0,0,4,4,99999,99999,99999,99999,99999,99999,0.000000,0.000000,0.000000,0.000000,0.000000,0.000000,0.000000,0.000000,0.000000,0.000000,0.000000,0.000000,0.000000,0.000000,0,0,0,0
"17,22",0,62555,0,0,4,4,99999,99999,99999,99999,99999,99999,0.000000,0.000000,0.000000,0.000000,0.000000,0.000000,0.000000,0.000000,0.000000,0.000000,0.000000,0.000000,0.000000,0.000000,0,0,0,0
"17,23",0,62555,0,0,4,4,99999,99999,99999,99999,99999,99999,0.000000,0.000000,0.000000,0.000000,0.000000,0.000000,0.000000,0.000000,0.000000,0.000000,0.000000,0.000000,0.000000,0.000000,0,0,0,0
"17,24",0,62555,0,0,4,4,99999,99999,99999,99999,99999,99999,0.000000,0.000000,0.000000,0.000000,0.000000,0.000000,0.000000,0.000000,0.000000,0.000000,0.000000,0.000000,0.000000,0.000000,0,0,0,0
"17,25",0,62555,0,0,4,4,99999,99999,99999,99999,99999,99999,0.000000,0.000000,0.000000,0.000000,0.000000,0.000000,0.000000,0.000000,0.000000,0.000000,0.000000,0.000000,0.000000,0.000000,0,0,0,0
"17,26",0,62555,0,0,4,4,99999,99999,99999,99999,99999,99999,0.000000,0.000000,0.000000,0.000000,0.000000,0.000000,0.000000,0.000000,0.000000,0.000000,0.000000,0.000000,0.000000,0.000000,0,0,0,0
"18,-26",0,62555,0,0,4,4,99999,99999,99999,99999,99999,99999,0.000000,0.000000,0.000000,0.000000,0.000000,0.000000,0.000000,0.000000,0.000000,0.000000,0.000000,0.000000,0.000000,0.000000,0,0,0,0
"18,-25",0,62555,0,0,4,4,99999,99999,99999,99999,99999,99999,0.000000,0.000000,0.000000,0.000000,0.000000,0.000000,0.000000,0.000000,0.000000,0.000000,0.000000,0.000000,0.000000,0.000000,0,0,0,0
"18,-24",0,62555,0,0,4,4,99999,99999,99999,99999,99999,99999,0.000000,0.000000,0.000000,0.000000,0.000000,0.000000,0.000000,0.000000,0.000000,0.000000,0.000000,0.000000,0.000000,0.000000,0,0,0,0
"18,-23",0,62555,0,0,4,4,99999,99999,99999,99999,99999,99999,0.000000,0.000000,0.000000,0.000000,0.000000,0.000000,0.000000,0.000000,0.000000,0.000000,0.000000,0.000000,0.000000,0.000000,0,0,0,0
"18,-22",0,62555,0,0,4,4,99999,99999,99999,99999,99999,99999,0.000000,0.000000,0.000000,0.000000,0.000000,0.000000,0.000000,0.000000,0.000000,0.000000,0.000000,0.000000,0.000000,0.000000,0,0,0,0
"18,-21",0,62555,0,0,4,4,99999,99999,99999,99999,99999,99999,0.000000,0.000000,0.000000,0.000000,0.000000,0.000000,0.000000,0.000000,0.000000,0.000000,0.000000,0.000000,0.000000,0.000000,0,0,0,0
"18,-20",0,62555,0,0,4,4,99999,99999,99999,99999,99999,99999,0.000000,0.000000,0.000000,0.000000,0.000000,0.000000,0.000000,0.000000,0.000000,0.000000,0.000000,0.000000,0.000000,0.000000,0,0,0,0
"18,-19",0,62555,0,0,4,4,99999,99999,99999,99999,99999,99999,0.000000,0.000000,0.000000,0.000000,0.000000,0.000000,0.000000,0.000000,0.000000,0.000000,0.000000,0.000000,0.000000,0.000000,0,0,0,0
"18,-18",0,62555,0,0,4,4,99999,99999,99999,99999,99999,99999,0.000000,0.000000,0.000000,0.000000,0.000000,0.000000,0.000000,0.000000,0.000000,0.000000,0.000000,0.000000,0.000000,0.000000,0,0,0,0
"18,-17",0,62555,0,0,4,4,99999,99999,99999,99999,99999,99999,0.000000,0.000000,0.000000,0.000000,0.000000,0.000000,0.000000,0.000000,0.000000,0.000000,0.000000,0.000000,0.000000,0.000000,0,0,0,0
"18,-16",0,62555,0,0,4,4,99999,99999,99999,99999,99999,99999,0.000000,0.000000,0.000000,0.000000,0.000000,0.000000,0.000000,0.000000,0.000000,0.000000,0.000000,0.000000,0.000000,0.000000,0,0,0,0
"18,-15",0,62555,0,0,4,4,99999,99999,99999,99999,99999,99999,0.000000,0.000000,0.000000,0.000000,0.000000,0.000000,0.000000,0.000000,0.000000,0.000000,0.000000,0.000000,0.000000,0.000000,0,0,0,0
"18,-14",0,62555,0,0,4,4,99999,99999,99999,99999,99999,99999,0.000000,0.000000,0.000000,0.000000,0.000000,0.000000,0.000000,0.000000,0.000000,0.000000,0.000000,0.000000,0.000000,0.000000,0,0,0,0
"18,-13",0,62555,0,0,4,4,99999,99999,99999,99999,99999,99999,0.000000,0.000000,0.000000,0.000000,0.000000,0.000000,0.000000,0.000000,0.000000,0.000000,0.000000,0.000000,0.000000,0.000000,0,0,0,0
"18,-12",0,62555,0,0,8,4,99999,99999,99999,99999,99999,99999,0.000000,0.000000,0.000000,0.000000,0.000000,0.000000,0.000000,0.000000,0.000000,0.000000,0.000000,0.000000,0.000000,0.000000,0,0,0,0
"18,-11",0,62555,0,0,8,4,99999,99999,99999,99999,99999,99999,0.000000,0.000000,0.000000,0.000000,0.000000,0.000000,0.000000,0.000000,0.000000,0.000000,0.000000,0.000000,0.000000,0.000000,0,0,0,0
"18,-10",0,62555,0,0,8,4,99999,99999,99999,99999,99999,99999,0.000000,0.000000,0.000000,0.000000,0.000000,0.000000,0.000000,0.000000,0.000000,0.000000,0.000000,0.000000,0.000000,0.000000,0,0,0,0
"18,-9",0,62555,0,0,8,4,99999,99999,99999,99999,99999,99999,0.000000,0.000000,0.000000,0.000000,0.000000,0.000000,0.000000,0.000000,0.000000,0.000000,0.000000,0.000000,0.000000,0.000000,0,0,0,0
"18,-8",0,62555,0,0,8,4,99999,99999,99999,99999,99999,99999,0.000000,0.000000,0.000000,0.000000,0.000000,0.000000,0.000000,0.000000,0.000000,0.000000,0.000000,0.000000,0.000000,0.000000,0,0,0,0
"18,-7",0,62555,0,0,8,4,99999,99999,99999,99999,99999,99999,0.000000,0.000000,0.000000,0.000000,0.000000,0.000000,0.000000,0.000000,0.000000,0.000000,0.000000,0.000000,0.000000,0.000000,0,0,0,0
"18,-6",0,62555,0,0,8,4,99999,99999,99999,99999,99999,99999,0.000000,0.000000,0.000000,0.000000,0.000000,0.000000,0.000000,0.000000,0.000000,0.000000,0.000000,0.000000,0.000000,0.000000,0,0,0,0
"18,-5",0,62555,0,0,8,4,99999,99999,99999,99999,99999,99999,0.000000,0.000000,0.000000,0.000000,0.000000,0.000000,0.000000,0.000000,0.000000,0.000000,0.000000,0.000000,0.000000,0.000000,0,0,0,0
"18,-4",0,62555,0,0,8,4,99999,99999,99999,99999,99999,99999,0.000000,0.000000,0.000000,0.000000,0.000000,0.000000,0.000000,0.000000,0.000000,0.000000,0.000000,0.000000,0.000000,0.000000,0,0,0,0
"18,-3",0,62555,0,0,8,4,99999,99999,99999,99999,99999,99999,0.000000,0.000000,0.000000,0.000000,0.000000,0.000000,0.000000,0.000000,0.000000,0.000000,0.000000,0.000000,0.000000,0.000000,0,0,0,0
"18,-2",0,62555,0,0,8,4,99999,99999,99999,99999,99999,99999,0.000000,0.000000,0.000000,0.000000,0.000000,0.000000,0.000000,0.000000,0.000000,0.000000,0.000000,0.000000,0.000000,0.000000,0,0,0,0
"18,-1",0,62555,0,0,8,4,99999,99999,99999,99999,99999,99999,0.000000,0.000000,0.000000,0.000000,0.000000,0.000000,0.000000,0.000000,0.000000,0.000000,0.000000,0.000000,0.000000,0.000000,0,0,0,0
"18,0",0,62555,0,0,8,4,99999,99999,99999,99999,99999,99999,0.000000,0.000000,0.000000,0.000000,0.000000,0.000000,0.000000,0.000000,0.000000,0.000000,0.000000,0.000000,0.000000,0.000000,0,0,0,0
"18,1",0,62555,0,0,8,4,99999,99999,99999,99999,99999,99999,0.000000,0.000000,0.000000,0.000000,0.000000,0.000000,0.000000,0.000000,0.000000,0.000000,0.000000,0.000000,0.000000,0.000000,0,0,0,0
"18,2",0,62555,0,0,8,4,99999,99999,99999,99999,99999,99999,0.000000,0.000000,0.000000,0.000000,0.000000,0.000000,0.000000,0.000000,0.000000,0.000000,0.000000,0.000000,0.000000,0.000000,0,0,0,0
"18,3",0,62555,0,0,8,4,99999,99999,99999,99999,99999,99999,0.000000,0.000000,0.000000,0.000000,0.000000,0.000000,0.000000,0.000000,0.000000,0.000000,0.000000,0.000000,0.000000,0.000000,0,0,0,0
"18,4",0,62555,0,0,8,4,99999,99999,99999,99999,99999,99999,0.000000,0.000000,0.000000,0.000000,0.000000,0.000000,0.000000,0.000000,0.000000,0.000000,0.000000,0.000000,0.000000,0.000000,0,0,0,0
"18,5",0,62555,0,0,8,4,99999,99999,99999,99999,99999,99999,0.000000,0.000000,0.000000,0.000000,0.000000,0.000000,0.000000,0.000000,0.000000,0.000000,0.000000,0.000000,0.000000,0.000000,0,0,0,0
"18,6",0,62555,0,0,8,4,99999,99999,99999,99999,99999,99999,0.000000,0.000000,0.000000,0.000000,0.000000,0.000000,0.000000,0.000000,0.000000,0.000000,0.000000,0.000000,0.000000,0.000000,0,0,0,0
"18,7",0,62555,0,0,8,4,99999,99999,99999,99999,99999,99999,0.000000,0.000000,0.000000,0.000000,0.000000,0.000000,0.000000,0.000000,0.000000,0.000000,0.000000,0.000000,0.000000,0.000000,0,0,0,0
"18,8",0,62555,0,0,8,4,99999,99999,99999,99999,99999,99999,0.000000,0.000000,0.000000,0.000000,0.000000,0.000000,0.000000,0.000000,0.000000,0.000000,0.000000,0.000000,0.000000,0.000000,0,0,0,0
"18,9",0,62555,0,0,8,4,99999,99999,99999,99999,99999,99999,0.000000,0.000000,0.000000,0.000000,0.000000,0.000000,0.000000,0.000000,0.000000,0.000000,0.000000,0.000000,0.000000,0.000000,0,0,0,0
"18,10",0,62555,0,0,8,4,99999,99999,99999,99999,99999,99999,0.000000,0.000000,0.000000,0.000000,0.000000,0.000000,0.000000,0.000000,0.000000,0.000000,0.000000,0.000000,0.000000,0.000000,0,0,0,0
"18,11",0,62555,0,0,8,4,99999,99999,99999,99999,99999,99999,0.000000,0.000000,0.000000,0.000000,0.000000,0.000000,0.000000,0.000000,0.000000,0.000000,0.000000,0.000000,0.000000,0.000000,0,0,0,0
"18,12",0,62555,0,0,8,4,99999,99999,99999,99999,99999,99999,0.000000,0.000000,0.000000,0.000000,0.000000,0.000000,0.000000,0.000000,0.000000,0.000000,0.000000,0.000000,0.000000,0.000000,0,0,0,0
"18,13",0,62555,0,0,4,4,99999,99999,99999,99999,99999,99999,0.000000,0.000000,0.000000,0.000000,0.000000,0.000000,0.000000,0.000000,0.000000,0.000000,0.000000,0.000000,0.000000,0.000000,0,0,0,0
"18,14",0,62555,0,0,4,4,99999,99999,99999,99999,99999,99999,0.000000,0.000000,0.000000,0.000000,0.000000,0.000000,0.000000,0.000000,0.000000,0.000000,0.000000,0.000000,0.000000,0.000000,0,0,0,0
"18,15",0,62555,0,0,4,4,99999,99999,99999,99999,99999,99999,0.000000,0.000000,0.000000,0.000000,0.000000,0.000000,0.000000,0.000000,0.000000,0.000000,0.000000,0.000000,0.000000,0.000000,0,0,0,0
"18,16",0,62555,0,0,4,4,99999,99999,99999,99999,99999,99999,0.000000,0.000000,0.000000,0.000000,0.000000,0.000000,0.000000,0.000000,0.000000,0.000000,0.000000,0.000000,0.000000,0.000000,0,0,0,0
"18,17",0,62555,0,0,4,4,99999,99999,99999,99999,99999,99999,0.000000,0.000000,0.000000,0.000000,0.000000,0.000000,0.000000,0.000000,0.000000,0.000000,0.000000,0.000000,0.000000,0.000000,0,0,0,0
"18,18",0,62555,0,0,4,4,99999,99999,99999,99999,99999,99999,0.000000,0.000000,0.000000,0.000000,0.000000,0.000000,0.000000,0.000000,0.000000,0.000000,0.000000,0.000000,0.000000,0.000000,0,0,0,0
"18,19",0,62555,0,0,4,4,99999,99999,99999,99999,99999,99999,0.000000,0.000000,0.000000,0.000000,0.000000,0.000000,0.000000,0.000000,0.000000,0.000000,0.000000,0.000000,0.000000,0.000000,0,0,0,0
"18,20",0,62555,0,0,4,4,99999,99999,99999,99999,99999,99999,0.000000,0.000000,0.000000,0.000000,0.000000,0.000000,0.000000,0.000000,0.000000,0.000000,0.000000,0.000000,0.000000,0.000000,0,0,0,0
"18,21",0,62555,0,0,4,4,99999,99999,99999,99999,99999,99999,0.000000,0.000000,0.000000,0.000000,0.000000,0.000000,0.000000,0.000000,0.000000,0.000000,0.000000,0.000000,0.000000,0.000000,0,0,0,0
"18,22",0,62555,0,0,4,4,99999,99999,99999,99999,99999,99999,0.000000,0.000000,0.000000,0.000000,0.000000,0.000000,0.000000,0.000000,0.000000,0.000000,0.000000,0.000000,0.000000,0.000000,0,0,0,0
"18,23",0,62555,0,0,4,4,99999,99999,99999,99999,99999,99999,0.000000,0.000000,0.000000,0.000000,0.000000,0.000000,0.000000,0.000000,0.000000,0.000000,0.000000,0.000000,0.000000,0.000000,0,0,0,0
"18,24",0,62555,0,0,4,4,99999,99999,99999,99999,99999,99999,0.000000,0.000000,0.000000,0.000000,0.000000,0.000000,0.000000,0.000000,0.000000,0.000000,0.000000,0.000000,0.000000,0.000000,0,0,0,0
"18,25",0,62555,0,0,4,4,99999,99999,99999,99999,99999,99999,0.000000,0.000000,0.000000,0.000000,0.000000,0.000000,0.000000,0.000000,0.000000,0.000000,0.000000,0.000000,0.000000,0.000000,0,0,0,0
"18,26",0,62555,0,0,4,4,99999,99999,99999,99999,99999,99999,0.000000,0.000000,0.000000,0.000000,0.000000,0.000000,0.000000,0.000000,0.000000,0.000000,0.000000,0.000000,0.000000,0.000000,0,0,0,0
"19,-26",0,62555,0,0,4,4,99999,99999,99999,99999,99999,99999,0.000000,0.000000,0.000000,0.000000,0.000000,0.000000,0.000000,0.000000,0.000000,0.000000,0.000000,0.000000,0.000000,0.000000,0,0,0,0
"19,-25",0,62555,0,0,4,4,99999,99999,99999,99999,99999,99999,0.000000,0.000000,0.000000,0.000000,0.000000,0.000000,0.000000,0.000000,0.000000,0.000000,0.000000,0.000000,0.000000,0.000000,0,0,0,0
"19,-24",0,62555,0,0,4,4,99999,99999,99999,99999,99999,99999,0.000000,0.000000,0.000000,0.000000,0.000000,0.000000,0.000000,0.000000,0.000000,0.000000,0.000000,0.000000,0.000000,0.000000,0,0,0,0
"19,-23",0,62555,0,0,4,4,99999,99999,99999,99999,99999,99999,0.000000,0.000000,0.000000,0.000000,0.000000,0.000000,0.000000,0.000000,0.000000,0.000000,0.000000,0.000000,0.000000,0.000000,0,0,0,0
"19,-22",0,62555,0,0,4,4,99999,99999,99999,99999,99999,99999,0.000000,0.000000,0.000000,0.000000,0.000000,0.000000,0.000000,0.000000,0.000000,0.000000,0.000000,0.000000,0.000000,0.000000,0,0,0,0
"19,-21",0,62555,0,0,4,4,99999,99999,99999,99999,99999,99999,0.000000,0.000000,0.000000,0.000000,0.000000,0.000000,0.000000,0.000000,0.000000,0.000000,0.000000,0.000000,0.000000,0.000000,0,0,0,0
"19,-20",0,62555,0,0,4,4,99999,99999,99999,99999,99999,99999,0.000000,0.000000,0.000000,0.000000,0.000000,0.000000,0.000000,0.000000,0.000000,0.000000,0.000000,0.000000,0.000000,0.000000,0,0,0,0
"19,-19",0,62555,0,0,4,4,99999,99999,99999,99999,99999,99999,0.000000,0.000000,0.000000,0.000000,0.000000,0.000000,0.000000,0.000000,0.000000,0.000000,0.000000,0.000000,0.000000,0.000000,0,0,0,0
"19,-18",0,62555,0,0,4,4,99999,99999,99999,99999,99999,99999,0.000000,0.000000,0.000000,0.000000,0.000000,0.000000,0.000000,0.000000,0.000000,0.000000,0.000000,0.000000,0.000000,0.000000,0,0,0,0
"19,-17",0,62555,0,0,4,4,99999,99999,99999,99999,99999,99999,0.000000,0.000000,0.000000,0.000000,0.000000,0.000000,0.000000,0.000000,0.000000,0.000000,0.000000,0.000000,0.000000,0.000000,0,0,0,0
"19,-16",0,62555,0,0,4,4,99999,99999,99999,99999,99999,99999,0.000000,0.000000,0.000000,0.000000,0.000000,0.000000,0.000000,0.000000,0.000000,0.000000,0.000000,0.000000,0.000000,0.000000,0,0,0,0
"19,-15",0,62555,0,0,4,4,99999,99999,99999,99999,99999,99999,0.000000,0.000000,0.000000,0.000000,0.000000,0.000000,0.000000,0.000000,0.000000,0.000000,0.000000,0.000000,0.000000,0.000000,0,0,0,0
"19,-14",0,62555,0,0,4,4,99999,99999,99999,99999,99999,99999,0.000000,0.000000,0.000000,0.000000,0.000000,0.000000,0.000000,0.000000,0.000000,0.000000,0.000000,0.000000,0.000000,0.000000,0,0,0,0
"19,-13",0,62555,0,0,4,4,99999,99999,99999,99999,99999,99999,0.000000,0.000000,0.000000,0.000000,0.000000,0.000000,0.000000,0.000000,0.000000,0.000000,0.000000,0.000000,0.000000,0.000000,0,0,0,0
"19,-12",0,62555,0,0,4,4,99999,99999,99999,99999,99999,99999,0.000000,0.000000,0.000000,0.000000,0.000000,0.000000,0.000000,0.000000,0.000000,0.000000,0.000000,0.000000,0.000000,0.000000,0,0,0,0
"19,-11",0,62555,0,0,4,4,99999,99999,99999,99999,99999,99999,0.000000,0.000000,0.000000,0.000000,0.000000,0.000000,0.000000,0.000000,0.000000,0.000000,0.000000,0.000000,0.000000,0.000000,0,0,0,0
"19,-10",0,62555,0,0,4,4,99999,99999,99999,99999,99999,99999,0.000000,0.000000,0.000000,0.000000,0.000000,0.000000,0.000000,0.000000,0.000000,0.000000,0.000000,0.000000,0.000000,0.000000,0,0,0,0
"19,-9",0,62555,0,0,8,4,99999,99999,99999,99999,99999,99999,0.000000,0.000000,0.000000,0.000000,0.000000,0.000000,0.000000,0.000000,0.000000,0.000000,0.000000,0.000000,0.000000,0.000000,0,0,0,0
"19,-8",0,62555,0,0,8,4,99999,99999,99999,99999,99999,99999,0.000000,0.000000,0.000000,0.000000,0.000000,0.000000,0.000000,0.000000,0.000000,0.000000,0.000000,0.000000,0.000000,0.000000,0,0,0,0
"19,-7",0,62555,0,0,8,4,99999,99999,99999,99999,99999,99999,0.000000,0.000000,0.000000,0.000000,0.000000,0.000000,0.000000,0.000000,0.000000,0.000000,0.000000,0.000000,0.000000,0.000000,0,0,0,0
"19,-6",0,62555,0,0,8,4,99999,99999,99999,99999,99999,99999,0.000000,0.000000,0.000000,0.000000,0.000000,0.000000,0.000000,0.000000,0.000000,0.000000,0.000000,0.000000,0.000000,0.000000,0,0,0,0
"19,-5",0,62555,0,0,8,4,99999,99999,99999,99999,99999,99999,0.000000,0.000000,0.000000,0.000000,0.000000,0.000000,0.000000,0.000000,0.000000,0.000000,0.000000,0.000000,0.000000,0.000000,0,0,0,0
"19,-4",0,62555,0,0,8,4,99999,99999,99999,99999,99999,99999,0.000000,0.000000,0.000000,0.000000,0.000000,0.000000,0.000000,0.000000,0.000000,0.000000,0.000000,0.000000,0.000000,0.000000,0,0,0,0
"19,-3",0,62555,0,0,8,4,99999,99999,99999,99999,99999,99999,0.000000,0.000000,0.000000,0.000000,0.000000,0.000000,0.000000,0.000000,0.000000,0.000000,0.000000,0.000000,0.000000,0.000000,0,0,0,0
"19,-2",0,62555,0,0,8,4,99999,99999,99999,99999,99999,99999,0.000000,0.000000,0.000000,0.000000,0.000000,0.000000,0.000000,0.000000,0.000000,0.000000,0.000000,0.000000,0.000000,0.000000,0,0,0,0
"19,-1",0,62555,0,0,8,4,99999,99999,99999,99999,99999,99999,0.000000,0.000000,0.000000,0.000000,0.000000,0.000000,0.000000,0.000000,0.000000,0.000000,0.000000,0.000000,0.000000,0.000000,0,0,0,0
"19,0",0,62555,0,0,8,4,99999,99999,99999,99999,99999,99999,0.000000,0.000000,0.000000,0.000000,0.000000,0.000000,0.000000,0.000000,0.000000,0.000000,0.000000,0.000000,0.000000,0.000000,0,0,0,0
"19,1",0,62555,0,0,8,4,99999,99999,99999,99999,99999,99999,0.000000,0.000000,0.000000,0.000000,0.000000,0.000000,0.000000,0.000000,0.000000,0.000000,0.000000,0.000000,0.000000,0.000000,0,0,0,0
"19,2",0,62555,0,0,8,4,99999,99999,99999,99999,99999,99999,0.000000,0.000000,0.000000,0.000000,0.000000,0.000000,0.000000,0.000000,0.000000,0.000000,0.000000,0.000000,0.000000,0.000000,0,0,0,0
"19,3",0,62555,0,0,8,4,99999,99999,99999,99999,99999,99999,0.000000,0.000000,0.000000,0.000000,0.000000,0.000000,0.000000,0.000000,0.000000,0.000000,0.000000,0.000000,0.000000,0.000000,0,0,0,0
"19,4",0,62555,0,0,8,4,99999,99999,99999,99999,99999,99999,0.000000,0.000000,0.000000,0.000000,0.000000,0.000000,0.000000,0.000000,0.000000,0.000000,0.000000,0.000000,0.000000,0.000000,0,0,0,0
"19,5",0,62555,0,0,8,4,99999,99999,99999,99999,99999,99999,0.000000,0.000000,0.000000,0.000000,0.000000,0.000000,0.000000,0.000000,0.000000,0.000000,0.000000,0.000000,0.000000,0.000000,0,0,0,0
"19,6",0,62555,0,0,8,4,99999,99999,99999,99999,99999,99999,0.000000,0.000000,0.000000,0.000000,0.000000,0.000000,0.000000,0.000000,0.000000,0.000000,0.000000,0.000000,0.000000,0.000000,0,0,0,0
"19,7",0,62555,0,0,8,4,99999,99999,99999,99999,99999,99999,0.000000,0.000000,0.000000,0.000000,0.000000,0.000000,0.000000,0.000000,0.000000,0.000000,0.000000,0.000000,0.000000,0.000000,0,0,0,0
"19,8",0,62555,0,0,8,4,99999,99999,99999,99999,99999,99999,0.000000,0.000000,0.000000,0.000000,0.000000,0.000000,0.000000,0.000000,0.000000,0.000000,0.000000,0.000000,0.000000,0.000000,0,0,0,0
"19,9",0,62555,0,0,8,4,99999,99999,99999,99999,99999,99999,0.000000,0.000000,0.000000,0.000000,0.000000,0.000000,0.000000,0.000000,0.000000,0.000000,0.000000,0.000000,0.000000,0.000000,0,0,0,0
"19,10",0,62555,0,0,4,4,99999,99999,99999,99999,99999,99999,0.000000,0.000000,0.000000,0.000000,0.000000,0.000000,0.000000,0.000000,0.000000,0.000000,0.000000,0.000000,0.000000,0.000000,0,0,0,0
"19,11",0,62555,0,0,4,4,99999,99999,99999,99999,99999,99999,0.000000,0.000000,0.000000,0.000000,0.000000,0.000000,0.000000,0.000000,0.000000,0.000000,0.000000,0.000000,0.000000,0.000000,0,0,0,0
"19,12",0,62555,0,0,4,4,99999,99999,99999,99999,99999,99999,0.000000,0.000000,0.000000,0.000000,0.000000,0.000000,0.000000,0.000000,0.000000,0.000000,0.000000,0.000000,0.000000,0.000000,0,0,0,0
"19,13",0,62555,0,0,4,4,99999,99999,99999,99999,99999,99999,0.000000,0.000000,0.000000,0.000000,0.000000,0.000000,0.000000,0.000000,0.000000,0.000000,0.000000,0.000000,0.000000,0.000000,0,0,0,0
"19,14",0,62555,0,0,4,4,99999,99999,99999,99999,99999,99999,0.000000,0.000000,0.000000,0.000000,0.000000,0.000000,0.000000,0.000000,0.000000,0.000000,0.000000,0.000000,0.000000,0.000000,0,0,0,0
"19,15",0,62555,0,0,4,4,99999,99999,99999,99999,99999,99999,0.000000,0.000000,0.000000,0.000000,0.000000,0.000000,0.000000,0.000000,0.000000,0.000000,0.000000,0.000000,0.000000,0.000000,0,0,0,0
"19,16",0,62555,0,0,4,4,99999,99999,99999,99999,99999,99999,0.000000,0.000000,0.000000,0.000000,0.000000,0.000000,0.000000,0.000000,0.000000,0.000000,0.000000,0.000000,0.000000,0.000000,0,0,0,0
"19,17",0,62555,0,0,4,4,99999,99999,99999,99999,99999,99999,0.000000,0.000000,0.000000,0.000000,0.000000,0.000000,0.000000,0.000000,0.000000,0.000000,0.000000,0.000000,0.000000,0.000000,0,0,0,0
"19,18",0,62555,0,0,4,4,99999,99999,99999,99999,99999,99999,0.000000,0.000000,0.000000,0.000000,0.000000,0.000000,0.000000,0.000000,0.000000,0.000000,0.000000,0.000000,0.000000,0.000000,0,0,0,0
"19,19",0,62555,0,0,4,4,99999,99999,99999,99999,99999,99999,0.000000,0.000000,0.000000,0.000000,0.000000,0.000000,0.000000,0.000000,0.000000,0.000000,0.000000,0.000000,0.000000,0.000000,0,0,0,0
"19,20",0,62555,0,0,4,4,99999,99999,99999,99999,99999,99999,0.000000,0.000000,0.000000,0.000000,0.000000,0.000000,0.000000,0.000000,0.000000,0.000000,0.000000,0.000000,0.000000,0.000000,0,0,0,0
"19,21",0,62555,0,0,4,4,99999,99999,99999,99999,99999,99999,0.000000,0.000000,0.000000,0.000000,0.000000,0.000000,0.000000,0.000000,0.000000,0.000000,0.000000,0.000000,0.000000,0.000000,0,0,0,0
"19,22",0,62555,0,0,4,4,99999,99999,99999,99999,99999,99999,0.000000,0.000000,0.000000,0.000000,0.000000,0.000000,0.000000,0.000000,0.000000,0.000000,0.000000,0.000000,0.000000,0.000000,0,0,0,0
"19,23",0,62555,0,0,4,4,99999,99999,99999,99999,99999,99999,0.000000,0.000000,0.000000,0.000000,0.000000,0.000000,0.000000,0.000000,0.000000,0.000000,0.000000,0.000000,0.000000,0.000000,0,0,0,0
"19,24",0,62555,0,0,4,4,99999,99999,99999,99999,99999,99999,0.000000,0.000000,0.000000,0.000000,0.000000,0.000000,0.000000,0.000000,0.000000,0.000000,0.000000,0.000000,0.000000,0.000000,0,0,0,0
"19,25",0,62555,0,0,4,4,99999,99999,99999,99999,99999,99999,0.000000,0.000000,0.000000,0.000000,0.000000,0.000000,0.000000,0.000000,0.000000,0.000000,0.000000,0.000000,0.000000,0.000000,0,0,0,0
"19,26",0,62555,0,0,4,4,99999,99999,99999,99999,99999,99999,0.000000,0.000000,0.000000,0.000000,0.000000,0.000000,0.000000,0.000000,0.000000,0.000000,0.000000,0.000000,0.000000,0.000000,0,0,0,0
"20,-26",0,62555,0,0,4,4,99999,99999,99999,99999,99999,99999,0.000000,0.000000,0.000000,0.000000,0.000000,0.000000,0.000000,0.000000,0.000000,0.000000,0.000000,0.000000,0.000000,0.000000,0,0,0,0
"20,-25",0,62555,0,0,4,4,99999,99999,99999,99999,99999,99999,0.000000,0.000000,0.000000,0.000000,0.000000,0.000000,0.000000,0.000000,0.000000,0.000000,0.000000,0.000000,0.000000,0.000000,0,0,0,0
"20,-24",0,62555,0,0,4,4,99999,99999,99999,99999,99999,99999,0.000000,0.000000,0.000000,0.000000,0.000000,0.000000,0.000000,0.000000,0.000000,0.000000,0.000000,0.000000,0.000000,0.000000,0,0,0,0
"20,-23",0,62555,0,0,4,4,99999,99999,99999,99999,99999,99999,0.000000,0.000000,0.000000,0.000000,0.000000,0.000000,0.000000,0.000000,0.000000,0.000000,0.000000,0.000000,0.000000,0.000000,0,0,0,0
"20,-22",0,62555,0,0,4,4,99999,99999,99999,99999,99999,99999,0.000000,0.000000,0.000000,0.000000,0.000000,0.000000,0.000000,0.000000,0.000000,0.000000,0.000000,0.000000,0.000000,0.000000,0,0,0,0
"20,-21",0,62555,0,0,4,4,99999,99999,99999,99999,99999,99999,0.000000,0.000000,0.000000,0.000000,0.000000,0.000000,0.000000,0.000000,0.000000,0.000000,0.000000,0.000000,0.000000,0.000000,0,0,0,0
"20,-20",0,62555,0,0,4,4,99999,99999,99999,99999,99999,99999,0.000000,0.000000,0.000000,0.000000,0.000000,0.000000,0.000000,0.000000,0.000000,0.000000,0.000000,0.000000,0.000000,0.000000,0,0,0,0
"20,-19",0,62555,0,0,4,4,99999,99999,99999,99999,99999,99999,0.000000,0.000000,0.000000,0.000000,0.000000,0.000000,0.000000,0.000000,0.000000,0.000000,0.000000,0.000000,0.000000,0.000000,0,0,0,0
"20,-18",0,62555,0,0,4,4,99999,99999,99999,99999,99999,99999,0.000000,0.000000,0.000000,0.000000,0.000000,0.000000,0.000000,0.000000,0.000000,0.000000,0.000000,0.000000,0.000000,0.000000,0,0,0,0
"20,-17",0,62555,0,0,4,4,99999,99999,99999,99999,99999,99999,0.000000,0.000000,0.000000,0.000000,0.000000,0.000000,0.000000,0.000000,0.000000,0.000000,0.000000,0.000000,0.000000,0.000000,0,0,0,0
"20,-16",0,62555,0,0,4,4,99999,99999,99999,99999,99999,99999,0.000000,0.000000,0.000000,0.000000,0.000000,0.000000,0.000000,0.000000,0.000000,0.000000,0.000000,0.000000,0.000000,0.000000,0,0,0,0
"20,-15",0,62555,0,0,4,4,99999,99999,99999,99999,99999,99999,0.000000,0.000000,0.000000,0.000000,0.000000,0.000000,0.000000,0.000000,0.000000,0.000000,0.000000,0.000000,0.000000,0.000000,0,0,0,0
"20,-14",0,62555,0,0,4,4,99999,99999,99999,99999,99999,99999,0.000000,0.000000,0.000000,0.000000,0.000000,0.000000,0.000000,0.000000,0.000000,0.000000,0.000000,0.000000,0.000000,0.000000,0,0,0,0
"20,-13",0,62555,0,0,4,4,99999,99999,99999,99999,99999,99999,0.000000,0.000000,0.000000,0.000000,0.000000,0.000000,0.000000,0.000000,0.000000,0.000000,0.000000,0.000000,0.000000,0.000000,0,0,0,0
"20,-12",0,62555,0,0,4,4,99999,99999,99999,99999,99999,99999,0.000000,0.000000,0.000000,0.000000,0.000000,0.000000,0.000000,0.000000,0.000000,0.000000,0.000000,0.000000,0.000000,0.000000,0,0,0,0
"20,-11",0,62555,0,0,4,4,99999,99999,99999,99999,99999,99999,0.000000,0.000000,0.000000,0.000000,0.000000,0.000000,0.000000,0.000000,0.000000,0.000000,0.000000,0.000000,0.000000,0.000000,0,0,0,0
"20,-10",0,62555,0,0,4,4,99999,99999,99999,99999,99999,99999,0.000000,0.000000,0.000000,0.000000,0.000000,0.000000,0.000000,0.000000,0.000000,0.000000,0.000000,0.000000,0.000000,0.000000,0,0,0,0
"20,-9",0,62555,0,0,4,4,99999,99999,99999,99999,99999,99999,0.000000,0.000000,0.000000,0.000000,0.000000,0.000000,0.000000,0.000000,0.000000,0.000000,0.000000,0.000000,0.000000,0.000000,0,0,0,0
"20,-8",0,62555,0,0,4,4,99999,99999,99999,99999,99999,99999,0.000000,0.000000,0.000000,0.000000,0.000000,0.000000,0.000000,0.000000,0.000000,0.000000,0.000000,0.000000,0.000000,0.000000,0,0,0,0
"20,-7",0,62555,0,0,4,4,99999,99999,99999,99999,99999,99999,0.000000,0.000000,0.000000,0.000000,0.000000,0.000000,0.000000,0.000000,0.000000,0.000000,0.000000,0.000000,0.000000,0.000000,0,0,0,0
"20,-6",0,62555,0,0,4,4,99999,99999,99999,99999,99999,99999,0.000000,0.000000,0.000000,0.000000,0.000000,0.000000,0.000000,0.000000,0.000000,0.000000,0.000000,0.000000,0.000000,0.000000,0,0,0,0
"20,-5",0,62555,0,0,4,4,99999,99999,99999,99999,99999,99999,0.000000,0.000000,0.000000,0.000000,0.000000,0.000000,0.000000,0.000000,0.000000,0.000000,0.000000,0.000000,0.000000,0.000000,0,0,0,0
"20,-4",0,62555,0,0,4,4,99999,99999,99999,99999,99999,99999,0.000000,0.000000,0.000000,0.000000,0.000000,0.000000,0.000000,0.000000,0.000000,0.000000,0.000000,0.000000,0.000000,0.000000,0,0,0,0
"20,-3",0,62555,0,0,5,4,99999,99999,99999,99999,99999,99999,0.000000,0.000000,0.000000,0.000000,0.000000,0.000000,0.000000,0.000000,0.000000,0.000000,0.000000,0.000000,0.000000,0.000000,0,0,0,0
"20,-2",0,62555,0,0,7,4,99999,99999,99999,99999,99999,99999,0.000000,0.000000,0.000000,0.000000,0.000000,0.000000,0.000000,0.000000,0.000000,0.000000,0.000000,0.000000,0.000000,0.000000,0,0,0,0
"20,-1",0,62555,0,0,8,4,99999,99999,99999,99999,99999,99999,0.000000,0.000000,0.000000,0.000000,0.000000,0.000000,0.000000,0.000000,0.000000,0.000000,0.000000,0.000000,0.000000,0.000000,0,0,0,0
"20,0",0,62555,0,0,8,4,99999,99999,99999,99999,99999,99999,0.000000,0.000000,0.000000,0.000000,0.000000,0.000000,0.000000,0.000000,0.000000,0.000000,0.000000,0.000000,0.000000,0.000000,0,0,0,0
"20,1",0,62555,0,0,8,4,99999,99999,99999,99999,99999,99999,0.000000,0.000000,0.000000,0.000000,0.000000,0.000000,0.000000,0.000000,0.000000,0.000000,0.000000,0.000000,0.000000,0.000000,0,0,0,0
"20,2",0,62555,0,0,8,4,99999,99999,99999,99999,99999,99999,0.000000,0.000000,0.000000,0.000000,0.000000,0.000000,0.000000,0.000000,0.000000,0.000000,0.000000,0.000000,0.000000,0.000000,0,0,0,0
"20,3",0,62555,0,0,6,4,99999,99999,99999,99999,99999,99999,0.000000,0.000000,0.000000,0.000000,0.000000,0.000000,0.000000,0.000000,0.000000,0.000000,0.000000,0.000000,0.000000,0.000000,0,0,0,0
"20,4",0,62555,0,0,4,4,99999,99999,99999,99999,99999,99999,0.000000,0.000000,0.000000,0.000000,0.000000,0.000000,0.000000,0.000000,0.000000,0.000000,0.000000,0.000000,0.000000,0.000000,0,0,0,0
"20,5",0,62555,0,0,4,4,99999,99999,99999,99999,99999,99999,0.000000,0.000000,0.000000,0.000000,0.000000,0.000000,0.000000,0.000000,0.000000,0.000000,0.000000,0.000000,0.000000,0.000000,0,0,0,0
"20,6",0,62555,0,0,4,4,99999,99999,99999,99999,99999,99999,0.000000,0.000000,0.000000,0.000000,0.000000,0.000000,0.000000,0.000000,0.000000,0.000000,0.000000,0.000000,0.000000,0.000000,0,0,0,0
"20,7",0,62555,0,0,4,4,99999,99999,99999,99999,99999,99999,0.000000,0.000000,0.000000,0.000000,0.000000,0.000000,0.000000,0.000000,0.000000,0.000000,0.000000,0.000000,0.000000,0.000000,0,0,0,0
"20,8",0,62555,0,0,4,4,99999,99999,99999,99999,99999,99999,0.000000,0.000000,0.000000,0.000000,0.000000,0.000000,0.000000,0.000000,0.000000,0.000000,0.000000,0.000000,0.000000,0.000000,0,0,0,0
"20,9",0,62555,0,0,4,4,99999,99999,99999,99999,99999,99999,0.000000,0.000000,0.000000,0.000000,0.000000,0.000000,0.000000,0.000000,0.000000,0.000000,0.000000,0.000000,0.000000,0.000000,0,0,0,0
"20,10",0,62555,0,0,4,4,99999,99999,99999,99999,99999,99999,0.000000,0.000000,0.000000,0.000000,0.000000,0.000000,0.000000,0.000000,0.000000,0.000000,0.000000,0.000000,0.000000,0.000000,0,0,0,0
"20,11",0,62555,0,0,4,4,99999,99999,99999,99999,99999,99999,0.000000,0.000000,0.000000,0.000000,0.000000,0.000000,0.000000,0.000000,0.000000,0.000000,0.000000,0.000000,0.000000,0.000000,0,0,0,0
"20,12",0,62555,0,0,4,4,99999,99999,99999,99999,99999,99999,0.000000,0.000000,0.000000,0.000000,0.000000,0.000000,0.000000,0.000000,0.000000,0.000000,0.000000,0.000000,0.000000,0.000000,0,0,0,0
"20,13",0,62555,0,0,4,4,99999,99999,99999,99999,99999,99999,0.000000,0.000000,0.000000,0.000000,0.000000,0.000000,0.000000,0.000000,0.000000,0.000000,0.000000,0.000000,0.000000,0.000000,0,0,0,0
"20,14",0,62555,0,0,4,4,99999,99999,99999,99999,99999,99999,0.000000,0.000000,0.000000,0.000000,0.000000,0.000000,0.000000,0.000000,0.000000,0.000000,0.000000,0.000000,0.000000,0.000000,0,0,0,0
"20,15",0,62555,0,0,4,4,99999,99999,99999,99999,99999,99999,0.000000,0.000000,0.000000,0.000000,0.000000,0.000000,0.000000,0.000000,0.000000,0.000000,0.000000,0.000000,0.000000,0.000000,0,0,0,0
"20,16",0,62555,0,0,4,4,99999,99999,99999,99999,99999,99999,0.000000,0.000000,0.000000,0.000000,0.000000,0.000000,0.000000,0.000000,0.000000,0.000000,0.000000,0.000000,0.000000,0.000000,0,0,0,0
"20,17",0,62555,0,0,4,4,99999,99999,99999,99999,99999,99999,0.000000,0.000000,0.000000,0.000000,0.000000,0.000000,0.000000,0.000000,0.000000,0.000000,0.000000,0.000000,0.000000,0.000000,0,0,0,0
"20,18",0,62555,0,0,4,4,99999,99999,99999,99999,99999,99999,0.000000,0.000000,0.000000,0.000000,0.000000,0.000000,0.000000,0.000000,0.000000,0.000000,0.000000,0.000000,0.000000,0.000000,0,0,0,0
"20,19",0,62555,0,0,4,4,99999,99999,99999,99999,99999,99999,0.000000,0.000000,0.000000,0.000000,0.000000,0.000000,0.000000,0.000000,0.000000,0.000000,0.000000,0.000000,0.000000,0.000000,0,0,0,0
"20,20",0,62555,0,0,4,4,99999,99999,99999,99999,99999,99999,0.000000,0.000000,0.000000,0.000000,0.000000,0.000000,0.000000,0.000000,0.000000,0.000000,0.000000,0.000000,0.000000,0.000000,0,0,0,0
"20,21",0,62555,0,0,4,4,99999,99999,99999,99999,99999,99999,0.000000,0.000000,0.000000,0.000000,0.000000,0.000000,0.000000,0.000000,0.000000,0.000000,0.000000,0.000000,0.000000,0.000000,0,0,0,0
"20,22",0,62555,0,0,4,4,99999,99999,99999,99999,99999,99999,0.000000,0.000000,0.000000,0.000000,0.000000,0.000000,0.000000,0.000000,0.000000,0.000000,0.000000,0.000000,0.000000,0.000000,0,0,0,0
"20,23",0,62555,0,0,4,4,99999,99999,99999,99999,99999,99999,0.000000,0.000000,0.000000,0.000000,0.000000,0.000000,0.000000,0.000000,0.000000,0.000000,0.000000,0.000000,0.000000,0.000000,0,0,0,0
"20,24",0,62555,0,0,4,4,99999,99999,99999,99999,99999,99999,0.000000,0.000000,0.000000,0.000000,0.000000,0.000000,0.000000,0.000000,0.000000,0.000000,0.000000,0.000000,0.000000,0.000000,0,0,0,0
"20,25",0,62555,0,0,4,4,99999,99999,99999,99999,99999,99999,0.000000,0.000000,0.000000,0.000000,0.000000,0.000000,0.000000,0.000000,0.000000,0.000000,0.000000,0.000000,0.000000,0.000000,0,0,0,0
"20,26",0,62555,0,0,4,4,99999,99999,99999,99999,99999,99999,0.000000,0.000000,0.000000,0.000000,0.000000,0.000000,0.000000,0.000000,0.000000,0.000000,0.000000,0.000000,0.000000,0.000000,0,0,0,0
"21,-26",0,0,0,0,4,4,99999,99999,99999,99999,99999,99999,0.000000,0.000000,0.000000,0.000000,0.000000,0.000000,0.000000,0.000000,0.000000,0.000000,0.000000,0.000000,0.000000,0.000000,0,0,0,0
"21,-25",0,0,0,0,4,4,99999,99999,99999,99999,99999,99999,0.000000,0.000000,0.000000,0.000000,0.000000,0.000000,0.000000,0.000000,0.000000,0.000000,0.000000,0.000000,0.000000,0.000000,0,0,0,0
"21,-24",0,0,0,0,4,4,99999,99999,99999,99999,99999,99999,0.000000,0.000000,0.000000,0.000000,0.000000,0.000000,0.000000,0.000000,0.000000,0.000000,0.000000,0.000000,0.000000,0.000000,0,0,0,0
"21,-23",0,0,0,0,4,4,99999,99999,99999,99999,99999,99999,0.000000,0.000000,0.000000,0.000000,0.000000,0.000000,0.000000,0.000000,0.000000,0.000000,0.000000,0.000000,0.000000,0.000000,0,0,0,0
"21,-22",0,0,0,0,4,4,99999,99999,99999,99999,99999,99999,0.000000,0.000000,0.000000,0.000000,0.000000,0.000000,0.000000,0.000000,0.000000,0.000000,0.000000,0.000000,0.000000,0.000000,0,0,0,0
"21,-21",0,0,0,0,4,4,99999,99999,99999,99999,99999,99999,0.000000,0.000000,0.000000,0.000000,0.000000,0.000000,0.000000,0.000000,0.000000,0.000000,0.000000,0.000000,0.000000,0.000000,0,0,0,0
"21,-20",0,0,0,0,4,4,99999,99999,99999,99999,99999,99999,0.000000,0.000000,0.000000,0.000000,0.000000,0.000000,0.000000,0.000000,0.000000,0.000000,0.000000,0.000000,0.000000,0.000000,0,0,0,0
"21,-19",0,0,0,0,4,4,99999,99999,99999,99999,99999,99999,0.000000,0.000000,0.000000,0.000000,0.000000,0.000000,0.000000,0.000000,0.000000,0.000000,0.000000,0.000000,0.000000,0.000000,0,0,0,0
"21,-18",0,0,0,0,4,4,99999,99999,99999,99999,99999,99999,0.000000,0.000000,0.000000,0.000000,0.000000,0.000000,0.000000,0.000000,0.000000,0.000000,0.000000,0.000000,0.000000,0.000000,0,0,0,0
"21,-17",0,0,0,0,4,4,99999,99999,99999,99999,99999,99999,0.000000,0.000000,0.000000,0.000000,0.000000,0.000000,0.000000,0.000000,0.000000,0.000000,0.000000,0.000000,0.000000,0.000000,0,0,0,0
"21,-16",0,0,0,0,4,4,99999,99999,99999,99999,99999,99999,0.000000,0.000000,0.000000,0.000000,0.000000,0.000000,0.000000,0.000000,0.000000,0.000000,0.000000,0.000000,0.000000,0.000000,0,0,0,0
"21,-15",0,0,0,0,4,4,99999,99999,99999,99999,99999,99999,0.000000,0.000000,0.000000,0.000000,0.000000,0.000000,0.000000,0.000000,0.000000,0.000000,0.000000,0.000000,0.000000,0.000000,0,0,0,0
"21,-14",0,0,0,0,4,4,99999,99999,99999,99999,99999,99999,0.000000,0.000000,0.000000,0.000000,0.000000,0.000000,0.000000,0.000000,0.000000,0.000000,0.000000,0.000000,0.000000,0.000000,0,0,0,0
"21,-13",0,0,0,0,4,4,99999,99999,99999,99999,99999,99999,0.000000,0.000000,0.000000,0.000000,0.000000,0.000000,0.000000,0.000000,0.000000,0.000000,0.000000,0.000000,0.000000,0.000000,0,0,0,0
"21,-12",0,0,0,0,4,4,99999,99999,99999,99999,99999,99999,0.000000,0.000000,0.000000,0.000000,0.000000,0.000000,0.000000,0.000000,0.000000,0.000000,0.000000,0.000000,0.000000,0.000000,0,0,0,0
"21,-11",0,0,0,0,4,4,99999,99999,99999,99999,99999,99999,0.000000,0.000000,0.000000,0.000000,0.000000,0.000000,0.000000,0.000000,0.000000,0.000000,0.000000,0.000000,0.000000,0.000000,0,0,0,0
"21,-10",0,0,0,0,4,4,99999,99999,99999,99999,99999,99999,0.000000,0.000000,0.000000,0.000000,0.000000,0.000000,0.000000,0.000000,0.000000,0.000000,0.000000,0.000000,0.000000,0.000000,0,0,0,0
"21,-9",0,0,0,0,4,4,99999,99999,99999,99999,99999,99999,0.000000,0.000000,0.000000,0.000000,0.000000,0.000000,0.000000,0.000000,0.000000,0.000000,0.000000,0.000000,0.000000,0.000000,0,0,0,0
"21,-8",0,0,0,0,4,4,99999,99999,99999,99999,99999,99999,0.000000,0.000000,0.000000,0.000000,0.000000,0.000000,0.000000,0.000000,0.000000,0.000000,0.000000,0.000000,0.000000,0.000000,0,0,0,0
"21,-7",0,0,0,0,4,4,99999,99999,99999,99999,99999,99999,0.000000,0.000000,0.000000,0.000000,0.000000,0.000000,0.000000,0.000000,0.000000,0.000000,0.000000,0.000000,0.000000,0.000000,0,0,0,0
"21,-6",0,0,0,0,4,4,99999,99999,99999,99999,99999,99999,0.000000,0.000000,0.000000,0.000000,0.000000,0.000000,0.000000,0.000000,0.000000,0.000000,0.000000,0.000000,0.000000,0.000000,0,0,0,0
"21,-5",0,0,0,0,4,4,99999,99999,99999,99999,99999,99999,0.000000,0.000000,0.000000,0.000000,0.000000,0.000000,0.000000,0.000000,0.000000,0.000000,0.000000,0.000000,0.000000,0.000000,0,0,0,0
"21,-4",0,0,0,0,4,4,99999,99999,99999,99999,99999,99999,0.000000,0.000000,0.000000,0.000000,0.000000,0.000000,0.000000,0.000000,0.000000,0.000000,0.000000,0.000000,0.000000,0.000000,0,0,0,0
"21,-3",0,0,0,0,4,4,99999,99999,99999,99999,99999,99999,0.000000,0.000000,0.000000,0.000000,0.000000,0.000000,0.000000,0.000000,0.000000,0.000000,0.000000,0.000000,0.000000,0.000000,0,0,0,0
"21,-2",0,0,0,0,4,4,99999,99999,99999,99999,99999,99999,0.000000,0.000000,0.000000,0.000000,0.000000,0.000000,0.000000,0.000000,0.000000,0.000000,0.000000,0.000000,0.000000,0.000000,0,0,0,0
"21,-1",0,0,0,0,4,4,99999,99999,99999,99999,99999,99999,0.000000,0.000000,0.000000,0.000000,0.000000,0.000000,0.000000,0.000000,0.000000,0.000000,0.000000,0.000000,0.000000,0.000000,0,0,0,0
"21,0",0,0,0,0,4,4,99999,99999,99999,99999,99999,99999,0.000000,0.000000,0.000000,0.000000,0.000000,0.000000,0.000000,0.000000,0.000000,0.000000,0.000000,0.000000,0.000000,0.000000,0,0,0,0
"21,1",0,0,0,0,4,4,99999,99999,99999,99999,99999,99999,0.000000,0.000000,0.000000,0.000000,0.000000,0.000000,0.000000,0.000000,0.000000,0.000000,0.000000,0.000000,0.000000,0.000000,0,0,0,0
"21,2",0,0,0,0,4,4,99999,99999,99999,99999,99999,99999,0.000000,0.000000,0.000000,0.000000,0.000000,0.000000,0.000000,0.000000,0.000000,0.000000,0.000000,0.000000,0.000000,0.000000,0,0,0,0
"21,3",0,0,0,0,4,4,99999,99999,99999,99999,99999,99999,0.000000,0.000000,0.000000,0.000000,0.000000,0.000000,0.000000,0.000000,0.000000,0.000000,0.000000,0.000000,0.000000,0.000000,0,0,0,0
"21,4",0,0,0,0,4,4,99999,99999,99999,99999,99999,99999,0.000000,0.000000,0.000000,0.000000,0.000000,0.000000,0.000000,0.000000,0.000000,0.000000,0.000000,0.000000,0.000000,0.000000,0,0,0,0
"21,5",0,0,0,0,4,4,99999,99999,99999,99999,99999,99999,0.000000,0.000000,0.000000,0.000000,0.000000,0.000000,0.000000,0.000000,0.000000,0.000000,0.000000,0.000000,0.000000,0.000000,0,0,0,0
"21,6",0,0,0,0,4,4,99999,99999,99999,99999,99999,99999,0.000000,0.000000,0.000000,0.000000,0.000000,0.000000,0.000000,0.000000,0.000000,0.000000,0.000000,0.000000,0.000000,0.000000,0,0,0,0
"21,7",0,0,0,0,4,4,99999,99999,99999,99999,99999,99999,0.000000,0.000000,0.000000,0.000000,0.000000,0.000000,0.000000,0.000000,0.000000,0.000000,0.000000,0.000000,0.000000,0.000000,0,0,0,0
"21,8",0,0,0,0,4,4,99999,99999,99999,99999,99999,99999,0.000000,0.000000,0.000000,0.000000,0.000000,0.000000,0.000000,0.000000,0.000000,0.000000,0.000000,0.000000,0.000000,0.000000,0,0,0,0
"21,9",0,0,0,0,4,4,99999,99999,99999,99999,99999,99999,0.000000,0.000000,0.000000,0.000000,0.000000,0.000000,0.000000,0.000000,0.000000,0.000000,0.000000,0.000000,0.000000,0.000000,0,0,0,0
"21,10",0,0,0,0,4,4,99999,99999,99999,99999,99999,99999,0.000000,0.000000,0.000000,0.000000,0.000000,0.000000,0.000000,0.000000,0.000000,0.000000,0.000000,0.000000,0.000000,0.000000,0,0,0,0
"21,11",0,0,0,0,4,4,99999,99999,99999,99999,99999,99999,0.000000,0.000000,0.000000,0.000000,0.000000,0.000000,0.000000,0.000000,0.000000,0.000000,0.000000,0.000000,0.000000,0.000000,0,0,0,0
"21,12",0,0,0,0,4,4,99999,99999,99999,99999,99999,99999,0.000000,0.000000,0.000000,0.000000,0.000000,0.000000,0.000000,0.000000,0.000000,0.000000,0.000000,0.000000,0.000000,0.000000,0,0,0,0
"21,13",0,0,0,0,4,4,99999,99999,99999,99999,99999,99999,0.000000,0.000000,0.000000,0.000000,0.000000,0.000000,0.000000,0.000000,0.000000,0.000000,0.000000,0.000000,0.000000,0.000000,0,0,0,0
"21,14",0,0,0,0,4,4,99999,99999,99999,99999,99999,99999,0.000000,0.000000,0.000000,0.000000,0.000000,0.000000,0.000000,0.000000,0.000000,0.000000,0.000000,0.000000,0.000000,0.000000,0,0,0,0
"21,15",0,0,0,0,4,4,99999,99999,99999,99999,99999,99999,0.000000,0.000000,0.000000,0.000000,0.000000,0.000000,0.000000,0.000000,0.000000,0.000000,0.000000,0.000000,0.000000,0.000000,0,0,0,0
"21,16",0,0,0,0,4,4,99999,99999,99999,99999,99999,99999,0.000000,0.000000,0.000000,0.000000,0.000000,0.000000,0.000000,0.000000,0.000000,0.000000,0.000000,0.000000,0.000000,0.000000,0,0,0,0
"21,17",0,0,0,0,4,4,99999,99999,99999,99999,99999,99999,0.000000,0.000000,0.000000,0.000000,0.000000,0.000000,0.000000,0.000000,0.000000,0.000000,0.000000,0.000000,0.000000,0.000000,0,0,0,0
"21,18",0,0,0,0,4,4,99999,99999,99999,99999,99999,99999,0.000000,0.000000,0.000000,0.000000,0.000000,0.000000,0.000000,0.000000,0.000000,0.000000,0.000000,0.000000,0.000000,0.000000,0,0,0,0
"21,19",0,0,0,0,4,4,99999,99999,99999,99999,99999,99999,0.000000,0.000000,0.000000,0.000000,0.000000,0.000000,0.000000,0.000000,0.000000,0.000000,0.000000,0.000000,0.000000,0.000000,0,0,0,0
"21,20",0,0,0,0,4,4,99999,99999,99999,99999,99999,99999,0.000000,0.000000,0.000000,0.000000,0.000000,0.000000,0.000000,0.000000,0.000000,0.000000,0.000000,0.000000,0.000000,0.000000,0,0,0,0
"21,21",0,0,0,0,4,4,99999,99999,99999,99999,99999,99999,0.000000,0.000000,0.000000,0.000000,0.000000,0.000000,0.000000,0.000000,0.000000,0.000000,0.000000,0.000000,0.000000,0.000000,0,0,0,0
"21,22",0,0,0,0,4,4,99999,99999,99999,99999,99999,99999,0.000000,0.000000,0.000000,0.000000,0.000000,0.000000,0.000000,0.000000,0.000000,0.000000,0.000000,0.000000,0.000000,0.000000,0,0,0,0
"21,23",0,0,0,0,4,4,99999,99999,99999,99999,99999,99999,0.000000,0.000000,0.000000,0.000000,0.000000,0.000000,0.000000,0.000000,0.000000,0.000000,0.000000,0.000000,0.000000,0.000000,0,0,0,0
"21,24",0,0,0,0,4,4,99999,99999,99999,99999,99999,99999,0.000000,0.000000,0.000000,0.000000,0.000000,0.000000,0.000000,0.000000,0.000000,0.000000,0.000000,0.000000,0.000000,0.000000,0,0,0,0
"21,25",0,0,0,0,4,4,99999,99999,99999,99999,99999,99999,0.000000,0.000000,0.000000,0.000000,0.000000,0.000000,0.000000,0.000000,0.000000,0.000000,0.000000,0.000000,0.000000,0.000000,0,0,0,0
"21,26",0,0,0,0,4,4,99999,99999,99999,99999,99999,99999,0.000000,0.000000,0.000000,0.000000,0.000000,0.000000,0.000000,0.000000,0.000000,0.000000,0.000000,0.000000,0.000000,0.000000,0,0,0,0
"22,-26",0,0,0,0,4,4,99999,99999,99999,99999,99999,99999,0.000000,0.000000,0.000000,0.000000,0.000000,0.000000,0.000000,0.000000,0.000000,0.000000,0.000000,0.000000,0.000000,0.000000,0,0,0,0
"22,-25",0,0,0,0,4,4,99999,99999,99999,99999,99999,99999,0.000000,0.000000,0.000000,0.000000,0.000000,0.000000,0.000000,0.000000,0.000000,0.000000,0.000000,0.000000,0.000000,0.000000,0,0,0,0
"22,-24",0,0,0,0,4,4,99999,99999,99999,99999,99999,99999,0.000000,0.000000,0.000000,0.000000,0.000000,0.000000,0.000000,0.000000,0.000000,0.000000,0.000000,0.000000,0.000000,0.000000,0,0,0,0
"22,-23",0,0,0,0,4,4,99999,99999,99999,99999,99999,99999,0.000000,0.000000,0.000000,0.000000,0.000000,0.000000,0.000000,0.000000,0.000000,0.000000,0.000000,0.000000,0.000000,0.000000,0,0,0,0
"22,-22",0,0,0,0,4,4,99999,99999,99999,99999,99999,99999,0.000000,0.000000,0.000000,0.000000,0.000000,0.000000,0.000000,0.000000,0.000000,0.000000,0.000000,0.000000,0.000000,0.000000,0,0,0,0
"22,-21",0,0,0,0,4,4,99999,99999,99999,99999,99999,99999,0.000000,0.000000,0.000000,0.000000,0.000000,0.000000,0.000000,0.000000,0.000000,0.000000,0.000000,0.000000,0.000000,0.000000,0,0,0,0
"22,-20",0,0,0,0,4,4,99999,99999,99999,99999,99999,99999,0.000000,0.000000,0.000000,0.000000,0.000000,0.000000,0.000000,0.000000,0.000000,0.000000,0.000000,0.000000,0.000000,0.000000,0,0,0,0
"22,-19",0,0,0,0,4,4,99999,99999,99999,99999,99999,99999,0.000000,0.000000,0.000000,0.000000,0.000000,0.000000,0.000000,0.000000,0.000000,0.000000,0.000000,0.000000,0.000000,0.000000,0,0,0,0
"22,-18",0,0,0,0,4,4,99999,99999,99999,99999,99999,99999,0.000000,0.000000,0.000000,0.000000,0.000000,0.000000,0.000000,0.000000,0.000000,0.000000,0.000000,0.000000,0.000000,0.000000,0,0,0,0
"22,-17",0,0,0,0,4,4,99999,99999,99999,99999,99999,99999,0.000000,0.000000,0.000000,0.000000,0.000000,0.000000,0.000000,0.000000,0.000000,0.000000,0.000000,0.000000,0.000000,0.000000,0,0,0,0
"22,-16",0,0,0,0,4,4,99999,99999,99999,99999,99999,99999,0.000000,0.000000,0.000000,0.000000,0.000000,0.000000,0.000000,0.000000,0.000000,0.000000,0.000000,0.000000,0.000000,0.000000,0,0,0,0
"22,-15",0,0,0,0,4,4,99999,99999,99999,99999,99999,99999,0.000000,0.000000,0.000000,0.000000,0.000000,0.000000,0.000000,0.000000,0.000000,0.000000,0.000000,0.000000,0.000000,0.000000,0,0,0,0
"22,-14",0,0,0,0,4,4,99999,99999,99999,99999,99999,99999,0.000000,0.000000,0.000000,0.000000,0.000000,0.000000,0.000000,0.000000,0.000000,0.000000,0.000000,0.000000,0.000000,0.000000,0,0,0,0
"22,-13",0,0,0,0,4,4,99999,99999,99999,99999,99999,99999,0.000000,0.000000,0.000000,0.000000,0.000000,0.000000,0.000000,0.000000,0.000000,0.000000,0.000000,0.000000,0.000000,0.000000,0,0,0,0
"22,-12",0,0,0,0,4,4,99999,99999,99999,99999,99999,99999,0.000000,0.000000,0.000000,0.000000,0.000000,0.000000,0.000000,0.000000,0.000000,0.000000,0.000000,0.000000,0.000000,0.000000,0,0,0,0
"22,-11",0,0,0,0,4,4,99999,99999,99999,99999,99999,99999,0.000000,0.000000,0.000000,0.000000,0.000000,0.000000,0.000000,0.000000,0.000000,0.000000,0.000000,0.000000,0.000000,0.000000,0,0,0,0
"22,-10",0,0,0,0,4,4,99999,99999,99999,99999,99999,99999,0.000000,0.000000,0.000000,0.000000,0.000000,0.000000,0.000000,0.000000,0.000000,0.000000,0.000000,0.000000,0.000000,0.000000,0,0,0,0
"22,-9",0,0,0,0,4,4,99999,99999,99999,99999,99999,99999,0.000000,0.000000,0.000000,0.000000,0.000000,0.000000,0.000000,0.000000,0.000000,0.000000,0.000000,0.000000,0.000000,0.000000,0,0,0,0
"22,-8",0,0,0,0,4,4,99999,99999,99999,99999,99999,99999,0.000000,0.000000,0.000000,0.000000,0.000000,0.000000,0.000000,0.000000,0.000000,0.000000,0.000000,0.000000,0.000000,0.000000,0,0,0,0
"22,-7",0,0,0,0,4,4,99999,99999,99999,99999,99999,99999,0.000000,0.000000,0.000000,0.000000,0.000000,0.000000,0.000000,0.000000,0.000000,0.000000,0.000000,0.000000,0.000000,0.000000,0,0,0,0
"22,-6",0,0,0,0,4,4,99999,99999,99999,99999,99999,99999,0.000000,0.000000,0.000000,0.000000,0.000000,0.000000,0.000000,0.000000,0.000000,0.000000,0.000000,0.000000,0.000000,0.000000,0,0,0,0
"22,-5",0,0,0,0,4,4,99999,99999,99999,99999,99999,99999,0.000000,0.000000,0.000000,0.000000,0.000000,0.000000,0.000000,0.000000,0.000000,0.000000,0.000000,0.000000,0.000000,0.000000,0,0,0,0
"22,-4",0,0,0,0,4,4,99999,99999,99999,99999,99999,99999,0.000000,0.000000,0.000000,0.000000,0.000000,0.000000,0.000000,0.000000,0.000000,0.000000,0.000000,0.000000,0.000000,0.000000,0,0,0,0
"22,-3",0,0,0,0,4,4,99999,99999,99999,99999,99999,99999,0.000000,0.000000,0.000000,0.000000,0.000000,0.000000,0.000000,0.000000,0.000000,0.000000,0.000000,0.000000,0.000000,0.000000,0,0,0,0
"22,-2",0,0,0,0,4,4,99999,99999,99999,99999,99999,99999,0.000000,0.000000,0.000000,0.000000,0.000000,0.000000,0.000000,0.000000,0.000000,0.000000,0.000000,0.000000,0.000000,0.000000,0,0,0,0
"22,-1",0,0,0,0,4,4,99999,99999,99999,99999,99999,99999,0.000000,0.000000,0.000000,0.000000,0.000000,0.000000,0.000000,0.000000,0.000000,0.000000,0.000000,0.000000,0.000000,0.000000,0,0,0,0
"22,0",0,0,0,0,4,4,99999,99999,99999,99999,99999,99999,0.000000,0.000000,0.000000,0.000000,0.000000,0.000000,0.000000,0.000000,0.000000,0.000000,0.000000,0.000000,0.000000,0.000000,0,0,0,0
"22,1",0,0,0,0,4,4,99999,99999,99999,99999,99999,99999,0.000000,0.000000,0.000000,0.000000,0.000000,0.000000,0.000000,0.000000,0.000000,0.000000,0.000000,0.000000,0.000000,0.000000,0,0,0,0
"22,2",0,0,0,0,4,4,99999,99999,99999,99999,99999,99999,0.000000,0.000000,0.000000,0.000000,0.000000,0.000000,0.000000,0.000000,0.000000,0.000000,0.000000,0.000000,0.000000,0.000000,0,0,0,0
"22,3",0,0,0,0,4,4,99999,99999,99999,99999,99999,99999,0.000000,0.000000,0.000000,0.000000,0.000000,0.000000,0.000000,0.000000,0.000000,0.000000,0.000000,0.000000,0.000000,0.000000,0,0,0,0
"22,4",0,0,0,0,4,4,99999,99999,99999,99999,99999,99999,0.000000,0.000000,0.000000,0.000000,0.000000,0.000000,0.000000,0.000000,0.000000,0.000000,0.000000,0.000000,0.000000,0.000000,0,0,0,0
"22,5",0,0,0,0,4,4,99999,99999,99999,99999,99999,99999,0.000000,0.000000,0.000000,0.000000,0.000000,0.000000,0.000000,0.000000,0.000000,0.000000,0.000000,0.000000,0.000000,0.000000,0,0,0,0
"22,6",0,0,0,0,4,4,99999,99999,99999,99999,99999,99999,0.000000,0.000000,0.000000,0.000000,0.000000,0.000000,0.000000,0.000000,0.000000,0.000000,0.000000,0.000000,0.000000,0.000000,0,0,0,0
"22,7",0,0,0,0,4,4,99999,99999,99999,99999,99999,99999,0.000000,0.000000,0.000000,0.000000,0.000000,0.000000,0.000000,0.000000,0.000000,0.000000,0.000000,0.000000,0.000000,0.000000,0,0,0,0
"22,8",0,0,0,0,4,4,99999,99999,99999,99999,99999,99999,0.000000,0.000000,0.000000,0.000000,0.000000,0.000000,0.000000,0.000000,0.000000,0.000000,0.000000,0.000000,0.000000,0.000000,0,0,0,0
"22,9",0,0,0,0,4,4,99999,99999,99999,99999,99999,99999,0.000000,0.000000,0.000000,0.000000,0.000000,0.000000,0.000000,0.000000,0.000000,0.000000,0.000000,0.000000,0.000000,0.000000,0,0,0,0
"22,10",0,0,0,0,4,4,99999,99999,99999,99999,99999,99999,0.000000,0.000000,0.000000,0.000000,0.000000,0.000000,0.000000,0.000000,0.000000,0.000000,0.000000,0.000000,0.000000,0.000000,0,0,0,0
"22,11",0,0,0,0,4,4,99999,99999,99999,99999,99999,99999,0.000000,0.000000,0.000000,0.000000,0.000000,0.000000,0.000000,0.000000,0.000000,0.000000,0.000000,0.000000,0.000000,0.000000,0,0,0,0
"22,12",0,0,0,0,4,4,99999,99999,99999,99999,99999,99999,0.000000,0.000000,0.000000,0.000000,0.000000,0.000000,0.000000,0.000000,0.000000,0.000000,0.000000,0.000000,0.000000,0.000000,0,0,0,0
"22,13",0,0,0,0,4,4,99999,99999,99999,99999,99999,99999,0.000000,0.000000,0.000000,0.000000,0.000000,0.000000,0.000000,0.000000,0.000000,0.000000,0.000000,0.000000,0.000000,0.000000,0,0,0,0
"22,14",0,0,0,0,4,4,99999,99999,99999,99999,99999,99999,0.000000,0.000000,0.000000,0.000000,0.000000,0.000000,0.000000,0.000000,0.000000,0.000000,0.000000,0.000000,0.000000,0.000000,0,0,0,0
"22,15",0,0,0,0,4,4,99999,99999,99999,99999,99999,99999,0.000000,0.000000,0.000000,0.000000,0.000000,0.000000,0.000000,0.000000,0.000000,0.000000,0.000000,0.000000,0.000000,0.000000,0,0,0,0
"22,16",0,0,0,0,4,4,99999,99999,99999,99999,99999,99999,0.000000,0.000000,0.000000,0.000000,0.000000,0.000000,0.000000,0.000000,0.000000,0.000000,0.000000,0.000000,0.000000,0.000000,0,0,0,0
"22,17",0,0,0,0,4,4,99999,99999,99999,99999,99999,99999,0.000000,0.000000,0.000000,0.000000,0.000000,0.000000,0.000000,0.000000,0.000000,0.000000,0.000000,0.000000,0.000000,0.000000,0,0,0,0
"22,18",0,0,0,0,4,4,99999,99999,99999,99999,99999,99999,0.000000,0.000000,0.000000,0.000000,0.000000,0.000000,0.000000,0.000000,0.000000,0.000000,0.000000,0.000000,0.000000,0.000000,0,0,0,0
"22,19",0,0,0,0,4,4,99999,99999,99999,99999,99999,99999,0.000000,0.000000,0.000000,0.000000,0.000000,0.000000,0.000000,0.000000,0.000000,0.000000,0.000000,0.000000,0.000000,0.000000,0,0,0,0
"22,20",0,0,0,0,4,4,99999,99999,99999,99999,99999,99999,0.000000,0.000000,0.000000,0.000000,0.000000,0.000000,0.000000,0.000000,0.000000,0.000000,0.000000,0.000000,0.000000,0.000000,0,0,0,0
"22,21",0,0,0,0,4,4,99999,99999,99999,99999,99999,99999,0.000000,0.000000,0.000000,0.000000,0.000000,0.000000,0.000000,0.000000,0.000000,0.000000,0.000000,0.000000,0.000000,0.000000,0,0,0,0
"22,22",0,0,0,0,4,4,99999,99999,99999,99999,99999,99999,0.000000,0.000000,0.000000,0.000000,0.000000,0.000000,0.000000,0.000000,0.000000,0.000000,0.000000,0.000000,0.000000,0.000000,0,0,0,0
"22,23",0,0,0,0,4,4,99999,99999,99999,99999,99999,99999,0.000000,0.000000,0.000000,0.000000,0.000000,0.000000,0.000000,0.000000,0.000000,0.000000,0.000000,0.000000,0.000000,0.000000,0,0,0,0
"22,24",0,0,0,0,4,4,99999,99999,99999,99999,99999,99999,0.000000,0.000000,0.000000,0.000000,0.000000,0.000000,0.000000,0.000000,0.000000,0.000000,0.000000,0.000000,0.000000,0.000000,0,0,0,0
"22,25",0,0,0,0,4,4,99999,99999,99999,99999,99999,99999,0.000000,0.000000,0.000000,0.000000,0.000000,0.000000,0.000000,0.000000,0.000000,0.000000,0.000000,0.000000,0.000000,0.000000,0,0,0,0
"22,26",0,0,0,0,4,4,99999,99999,99999,99999,99999,99999,0.000000,0.000000,0.000000,0.000000,0.000000,0.000000,0.000000,0.000000,0.000000,0.000000,0.000000,0.000000,0.000000,0.000000,0,0,0,0
"23,-26",0,0,0,0,4,4,99999,99999,99999,99999,99999,99999,0.000000,0.000000,0.000000,0.000000,0.000000,0.000000,0.000000,0.000000,0.000000,0.000000,0.000000,0.000000,0.000000,0.000000,0,0,0,0
"23,-25",0,0,0,0,4,4,99999,99999,99999,99999,99999,99999,0.000000,0.000000,0.000000,0.000000,0.000000,0.000000,0.000000,0.000000,0.000000,0.000000,0.000000,0.000000,0.000000,0.000000,0,0,0,0
"23,-24",0,0,0,0,4,4,99999,99999,99999,99999,99999,99999,0.000000,0.000000,0.000000,0.000000,0.000000,0.000000,0.000000,0.000000,0.000000,0.000000,0.000000,0.000000,0.000000,0.000000,0,0,0,0
"23,-23",0,0,0,0,4,4,99999,99999,99999,99999,99999,99999,0.000000,0.000000,0.000000,0.000000,0.000000,0.000000,0.000000,0.000000,0.000000,0.000000,0.000000,0.000000,0.000000,0.000000,0,0,0,0
"23,-22",0,0,0,0,4,4,99999,99999,99999,99999,99999,99999,0.000000,0.000000,0.000000,0.000000,0.000000,0.000000,0.000000,0.000000,0.000000,0.000000,0.000000,0.000000,0.000000,0.000000,0,0,0,0
"23,-21",0,0,0,0,4,4,99999,99999,99999,99999,99999,99999,0.000000,0.000000,0.000000,0.000000,0.000000,0.000000,0.000000,0.000000,0.000000,0.000000,0.000000,0.000000,0.000000,0.000000,0,0,0,0
"23,-20",0,0,0,0,4,4,99999,99999,99999,99999,99999,99999,0.000000,0.000000,0.000000,0.000000,0.000000,0.000000,0.000000,0.000000,0.000000,0.000000,0.000000,0.000000,0.000000,0.000000,0,0,0,0
"23,-19",0,0,0,0,4,4,99999,99999,99999,99999,99999,99999,0.000000,0.000000,0.000000,0.000000,0.000000,0.000000,0.000000,0.000000,0.000000,0.000000,0.000000,0.000000,0.000000,0.000000,0,0,0,0
"23,-18",0,0,0,0,4,4,99999,99999,99999,99999,99999,99999,0.000000,0.000000,0.000000,0.000000,0.000000,0.000000,0.000000,0.000000,0.000000,0.000000,0.000000,0.000000,0.000000,0.000000,0,0,0,0
"23,-17",0,0,0,0,4,4,99999,99999,99999,99999,99999,99999,0.000000,0.000000,0.000000,0.000000,0.000000,0.000000,0.000000,0.000000,0.000000,0.000000,0.000000,0.000000,0.000000,0.000000,0,0,0,0
"23,-16",0,0,0,0,4,4,99999,99999,99999,99999,99999,99999,0.000000,0.000000,0.000000,0.000000,0.000000,0.000000,0.000000,0.000000,0.000000,0.000000,0.000000,0.000000,0.000000,0.000000,0,0,0,0
"23,-15",0,0,0,0,4,4,99999,99999,99999,99999,99999,99999,0.000000,0.000000,0.000000,0.000000,0.000000,0.000000,0.000000,0.000000,0.000000,0.000000,0.000000,0.000000,0.000000,0.000000,0,0,0,0
"23,-14",0,0,0,0,4,4,99999,99999,99999,99999,99999,99999,0.000000,0.000000,0.000000,0.000000,0.000000,0.000000,0.000000,0.000000,0.000000,0.000000,0.000000,0.000000,0.000000,0.000000,0,0,0,0
"23,-13",0,0,0,0,4,4,99999,99999,99999,99999,99999,99999,0.000000,0.000000,0.000000,0.000000,0.000000,0.000000,0.000000,0.000000,0.000000,0.000000,0.000000,0.000000,0.000000,0.000000,0,0,0,0
"23,-12",0,0,0,0,4,4,99999,99999,99999,99999,99999,99999,0.000000,0.000000,0.000000,0.000000,0.000000,0.000000,0.000000,0.000000,0.000000,0.000000,0.000000,0.000000,0.000000,0.000000,0,0,0,0
"23,-11",0,0,0,0,4,4,99999,99999,99999,99999,99999,99999,0.000000,0.000000,0.000000,0.000000,0.000000,0.000000,0.000000,0.000000,0.000000,0.000000,0.000000,0.000000,0.000000,0.000000,0,0,0,0
"23,-10",0,0,0,0,4,4,99999,99999,99999,99999,99999,99999,0.000000,0.000000,0.000000,0.000000,0.000000,0.000000,0.000000,0.000000,0.000000,0.000000,0.000000,0.000000,0.000000,0.000000,0,0,0,0
"23,-9",0,0,0,0,4,4,99999,99999,99999,99999,99999,99999,0.000000,0.000000,0.000000,0.000000,0.000000,0.000000,0.000000,0.000000,0.000000,0.000000,0.000000,0.000000,0.000000,0.000000,0,0,0,0
"23,-8",0,0,0,0,4,4,99999,99999,99999,99999,99999,99999,0.000000,0.000000,0.000000,0.000000,0.000000,0.000000,0.000000,0.000000,0.000000,0.000000,0.000000,0.000000,0.000000,0.000000,0,0,0,0
"23,-7",0,0,0,0,4,4,99999,99999,99999,99999,99999,99999,0.000000,0.000000,0.000000,0.000000,0.000000,0.000000,0.000000,0.000000,0.000000,0.000000,0.000000,0.000000,0.000000,0.000000,0,0,0,0
"23,-6",0,0,0,0,4,4,99999,99999,99999,99999,99999,99999,0.000000,0.000000,0.000000,0.000000,0.000000,0.000000,0.000000,0.000000,0.000000,0.000000,0.000000,0.000000,0.000000,0.000000,0,0,0,0
"23,-5",0,0,0,0,4,4,99999,99999,99999,99999,99999,99999,0.000000,0.000000,0.000000,0.000000,0.000000,0.000000,0.000000,0.000000,0.000000,0.000000,0.000000,0.000000,0.000000,0.000000,0,0,0,0
"23,-4",0,0,0,0,4,4,99999,99999,99999,99999,99999,99999,0.000000,0.000000,0.000000,0.000000,0.000000,0.000000,0.000000,0.000000,0.000000,0.000000,0.000000,0.000000,0.000000,0.000000,0,0,0,0
"23,-3",0,0,0,0,4,4,99999,99999,99999,99999,99999,99999,0.000000,0.000000,0.000000,0.000000,0.000000,0.000000,0.000000,0.000000,0.000000,0.000000,0.000000,0.000000,0.000000,0.000000,0,0,0,0
"23,-2",0,0,0,0,4,4,99999,99999,99999,99999,99999,99999,0.000000,0.000000,0.000000,0.000000,0.000000,0.000000,0.000000,0.000000,0.000000,0.000000,0.000000,0.000000,0.000000,0.000000,0,0,0,0
"23,-1",0,0,0,0,4,4,99999,99999,99999,99999,99999,99999,0.000000,0.000000,0.000000,0.000000,0.000000,0.000000,0.000000,0.000000,0.000000,0.000000,0.000000,0.000000,0.000000,0.000000,0,0,0,0
"23,0",0,0,0,0,4,4,99999,99999,99999,99999,99999,99999,0.000000,0.000000,0.000000,0.000000,0.000000,0.000000,0.000000,0.000000,0.000000,0.000000,0.000000,0.000000,0.000000,0.000000,0,0,0,0
"23,1",0,0,0,0,4,4,99999,99999,99999,99999,99999,99999,0.000000,0.000000,0.000000,0.000000,0.000000,0.000000,0.000000,0.000000,0.000000,0.000000,0.000000,0.000000,0.000000,0.000000,0,0,0,0
"23,2",0,0,0,0,4,4,99999,99999,99999,99999,99999,99999,0.000000,0.000000,0.000000,0.000000,0.000000,0.000000,0.000000,0.000000,0.000000,0.000000,0.000000,0.000000,0.000000,0.000000,0,0,0,0
"23,3",0,0,0,0,4,4,99999,99999,99999,99999,99999,99999,0.000000,0.000000,0.000000,0.000000,0.000000,0.000000,0.000000,0.000000,0.000000,0.000000,0.000000,0.000000,0.000000,0.000000,0,0,0,0
"23,4",0,0,0,0,4,4,99999,99999,99999,99999,99999,99999,0.000000,0.000000,0.000000,0.000000,0.000000,0.000000,0.000000,0.000000,0.000000,0.000000,0.000000,0.000000,0.000000,0.000000,0,0,0,0
"23,5",0,0,0,0,4,4,99999,99999,99999,99999,99999,99999,0.000000,0.000000,0.000000,0.000000,0.000000,0.000000,0.000000,0.000000,0.000000,0.000000,0.000000,0.000000,0.000000,0.000000,0,0,0,0
"23,6",0,0,0,0,4,4,99999,99999,99999,99999,99999,99999,0.000000,0.000000,0.000000,0.000000,0.000000,0.000000,0.000000,0.000000,0.000000,0.000000,0.000000,0.000000,0.000000,0.000000,0,0,0,0
"23,7",0,0,0,0,4,4,99999,99999,99999,99999,99999,99999,0.000000,0.000000,0.000000,0.000000,0.000000,0.000000,0.000000,0.000000,0.000000,0.000000,0.000000,0.000000,0.000000,0.000000,0,0,0,0
"23,8",0,0,0,0,4,4,99999,99999,99999,99999,99999,99999,0.000000,0.000000,0.000000,0.000000,0.000000,0.000000,0.000000,0.000000,0.000000,0.000000,0.000000,0.000000,0.000000,0.000000,0,0,0,0
"23,9",0,0,0,0,4,4,99999,99999,99999,99999,99999,99999,0.000000,0.000000,0.000000,0.000000,0.000000,0.000000,0.000000,0.000000,0.000000,0.000000,0.000000,0.000000,0.000000,0.000000,0,0,0,0
"23,10",0,0,0,0,4,4,99999,99999,99999,99999,99999,99999,0.000000,0.000000,0.000000,0.000000,0.000000,0.000000,0.000000,0.000000,0.000000,0.000000,0.000000,0.000000,0.000000,0.000000,0,0,0,0
"23,11",0,0,0,0,4,4,99999,99999,99999,99999,99999,99999,0.000000,0.000000,0.000000,0.000000,0.000000,0.000000,0.000000,0.000000,0.000000,0.000000,0.000000,0.000000,0.000000,0.000000,0,0,0,0
"23,12",0,0,0,0,4,4,99999,99999,99999,99999,99999,99999,0.000000,0.000000,0.000000,0.000000,0.000000,0.000000,0.000000,0.000000,0.000000,0.000000,0.000000,0.000000,0.000000,0.000000,0,0,0,0
"23,13",0,0,0,0,4,4,99999,99999,99999,99999,99999,99999,0.000000,0.000000,0.000000,0.000000,0.000000,0.000000,0.000000,0.000000,0.000000,0.000000,0.000000,0.000000,0.000000,0.000000,0,0,0,0
"23,14",0,0,0,0,4,4,99999,99999,99999,99999,99999,99999,0.000000,0.000000,0.000000,0.000000,0.000000,0.000000,0.000000,0.000000,0.000000,0.000000,0.000000,0.000000,0.000000,0.000000,0,0,0,0
"23,15",0,0,0,0,4,4,99999,99999,99999,99999,99999,99999,0.000000,0.000000,0.000000,0.000000,0.000000,0.000000,0.000000,0.000000,0.000000,0.000000,0.000000,0.000000,0.000000,0.000000,0,0,0,0
"23,16",0,0,0,0,4,4,99999,99999,99999,99999,99999,99999,0.000000,0.000000,0.000000,0.000000,0.000000,0.000000,0.000000,0.000000,0.000000,0.000000,0.000000,0.000000,0.000000,0.000000,0,0,0,0
"23,17",0,0,0,0,4,4,99999,99999,99999,99999,99999,99999,0.000000,0.000000,0.000000,0.000000,0.000000,0.000000,0.000000,0.000000,0.000000,0.000000,0.000000,0.000000,0.000000,0.000000,0,0,0,0
"23,18",0,0,0,0,4,4,99999,99999,99999,99999,99999,99999,0.000000,0.000000,0.000000,0.000000,0.000000,0.000000,0.000000,0.000000,0.000000,0.000000,0.000000,0.000000,0.000000,0.000000,0,0,0,0
"23,19",0,0,0,0,4,4,99999,99999,99999,99999,99999,99999,0.000000,0.000000,0.000000,0.000000,0.000000,0.000000,0.000000,0.000000,0.000000,0.000000,0.000000,0.000000,0.000000,0.000000,0,0,0,0
"23,20",0,0,0,0,4,4,99999,99999,99999,99999,99999,99999,0.000000,0.000000,0.000000,0.000000,0.000000,0.000000,0.000000,0.000000,0.000000,0.000000,0.000000,0.000000,0.000000,0.000000,0,0,0,0
"23,21",0,0,0,0,4,4,99999,99999,99999,99999,99999,99999,0.000000,0.000000,0.000000,0.000000,0.000000,0.000000,0.000000,0.000000,0.000000,0.000000,0.000000,0.000000,0.000000,0.000000,0,0,0,0
"23,22",0,0,0,0,4,4,99999,99999,99999,99999,99999,99999,0.000000,0.000000,0.000000,0.000000,0.000000,0.000000,0.000000,0.000000,0.000000,0.000000,0.000000,0.000000,0.000000,0.000000,0,0,0,0
"23,23",0,0,0,0,4,4,99999,99999,99999,99999,99999,99999,0.000000,0.000000,0.000000,0.000000,0.000000,0.000000,0.000000,0.000000,0.000000,0.000000,0.000000,0.000000,0.000000,0.000000,0,0,0,0
"23,24",0,0,0,0,4,4,99999,99999,99999,99999,99999,99999,0.000000,0.000000,0.000000,0.000000,0.000000,0.000000,0.000000,0.000000,0.000000,0.000000,0.000000,0.000000,0.000000,0.000000,0,0,0,0
"23,25",0,0,0,0,4,4,99999,99999,99999,99999,99999,99999,0.000000,0.000000,0.000000,0.000000,0.000000,0.000000,0.000000,0.000000,0.000000,0.000000,0.000000,0.000000,0.000000,0.000000,0,0,0,0
"23,26",0,0,0,0,4,4,99999,99999,99999,99999,99999,99999,0.000000,0.000000,0.000000,0.000000,0.000000,0.000000,0.000000,0.000000,0.000000,0.000000,0.000000,0.000000,0.000000,0.000000,0,0,0,0
"24,-26",0,0,0,0,4,4,99999,99999,99999,99999,99999,99999,0.000000,0.000000,0.000000,0.000000,0.000000,0.000000,0.000000,0.000000,0.000000,0.000000,0.000000,0.000000,0.000000,0.000000,0,0,0,0
"24,-25",0,0,0,0,4,4,99999,99999,99999,99999,99999,99999,0.000000,0.000000,0.000000,0.000000,0.000000,0.000000,0.000000,0.000000,0.000000,0.000000,0.000000,0.000000,0.000000,0.000000,0,0,0,0
"24,-24",0,0,0,0,4,4,99999,99999,99999,99999,99999,99999,0.000000,0.000000,0.000000,0.000000,0.000000,0.000000,0.000000,0.000000,0.000000,0.000000,0.000000,0.000000,0.000000,0.000000,0,0,0,0
"24,-23",0,0,0,0,4,4,99999,99999,99999,99999,99999,99999,0.000000,0.000000,0.000000,0.000000,0.000000,0.000000,0.000000,0.000000,0.000000,0.000000,0.000000,0.000000,0.000000,0.000000,0,0,0,0
"24,-22",0,0,0,0,4,4,99999,99999,99999,99999,99999,99999,0.000000,0.000000,0.000000,0.000000,0.000000,0.000000,0.000000,0.000000,0.000000,0.000000,0.000000,0.000000,0.000000,0.000000,0,0,0,0
"24,-21",0,0,0,0,4,4,99999,99999,99999,99999,99999,99999,0.000000,0.000000,0.000000,0.000000,0.000000,0.000000,0.000000,0.000000,0.000000,0.000000,0.000000,0.000000,0.000000,0.000000,0,0,0,0
"24,-20",0,0,0,0,4,4,99999,99999,99999,99999,99999,99999,0.000000,0.000000,0.000000,0.000000,0.000000,0.000000,0.000000,0.000000,0.000000,0.000000,0.000000,0.000000,0.000000,0.000000,0,0,0,0
"24,-19",0,0,0,0,4,4,99999,99999,99999,99999,99999,99999,0.000000,0.000000,0.000000,0.000000,0.000000,0.000000,0.000000,0.000000,0.000000,0.000000,0.000000,0.000000,0.000000,0.000000,0,0,0,0
"24,-18",0,0,0,0,4,4,99999,99999,99999,99999,99999,99999,0.000000,0.000000,0.000000,0.000000,0.000000,0.000000,0.000000,0.000000,0.000000,0.000000,0.000000,0.000000,0.000000,0.000000,0,0,0,0
"24,-17",0,0,0,0,4,4,99999,99999,99999,99999,99999,99999,0.000000,0.000000,0.000000,0.000000,0.000000,0.000000,0.000000,0.000000,0.000000,0.000000,0.000000,0.000000,0.000000,0.000000,0,0,0,0
"24,-16",0,0,0,0,4,4,99999,99999,99999,99999,99999,99999,0.000000,0.000000,0.000000,0.000000,0.000000,0.000000,0.000000,0.000000,0.000000,0.000000,0.000000,0.000000,0.000000,0.000000,0,0,0,0
"24,-15",0,0,0,0,4,4,99999,99999,99999,99999,99999,99999,0.000000,0.000000,0.000000,0.000000,0.000000,0.000000,0.000000,0.000000,0.000000,0.000000,0.000000,0.000000,0.000000,0.000000,0,0,0,0
"24,-14",0,0,0,0,4,4,99999,99999,99999,99999,99999,99999,0.000000,0.000000,0.000000,0.000000,0.000000,0.000000,0.000000,0.000000,0.000000,0.000000,0.000000,0.000000,0.000000,0.000000,0,0,0,0
"24,-13",0,0,0,0,4,4,99999,99999,99999,99999,99999,99999,0.000000,0.000000,0.000000,0.000000,0.000000,0.000000,0.000000,0.000000,0.000000,0.000000,0.000000,0.000000,0.000000,0.000000,0,0,0,0
"24,-12",0,0,0,0,4,4,99999,99999,99999,99999,99999,99999,0.000000,0.000000,0.000000,0.000000,0.000000,0.000000,0.000000,0.000000,0.000000,0.000000,0.000000,0.000000,0.000000,0.000000,0,0,0,0
"24,-11",0,0,0,0,4,4,99999,99999,99999,99999,99999,99999,0.000000,0.000000,0.000000,0.000000,0.000000,0.000000,0.000000,0.000000,0.000000,0.000000,0.000000,0.000000,0.000000,0.000000,0,0,0,0
"24,-10",0,0,0,0,4,4,99999,99999,99999,99999,99999,99999,0.000000,0.000000,0.000000,0.000000,0.000000,0.000000,0.000000,0.000000,0.000000,0.000000,0.000000,0.000000,0.000000,0.000000,0,0,0,0
"24,-9",0,0,0,0,4,4,99999,99999,99999,99999,99999,99999,0.000000,0.000000,0.000000,0.000000,0.000000,0.000000,0.000000,0.000000,0.000000,0.000000,0.000000,0.000000,0.000000,0.000000,0,0,0,0
"24,-8",0,0,0,0,4,4,99999,99999,99999,99999,99999,99999,0.000000,0.000000,0.000000,0.000000,0.000000,0.000000,0.000000,0.000000,0.000000,0.000000,0.000000,0.000000,0.000000,0.000000,0,0,0,0
"24,-7",0,0,0,0,4,4,99999,99999,99999,99999,99999,99999,0.000000,0.000000,0.000000,0.000000,0.000000,0.000000,0.000000,0.000000,0.000000,0.000000,0.000000,0.000000,0.000000,0.000000,0,0,0,0
"24,-6",0,0,0,0,4,4,99999,99999,99999,99999,99999,99999,0.000000,0.000000,0.000000,0.000000,0.000000,0.000000,0.000000,0.000000,0.000000,0.000000,0.000000,0.000000,0.000000,0.000000,0,0,0,0
"24,-5",0,0,0,0,4,4,99999,99999,99999,99999,99999,99999,0.000000,0.000000,0.000000,0.000000,0.000000,0.000000,0.000000,0.000000,0.000000,0.000000,0.000000,0.000000,0.000000,0.000000,0,0,0,0
"24,-4",0,0,0,0,4,4,99999,99999,99999,99999,99999,99999,0.000000,0.000000,0.000000,0.000000,0.000000,0.000000,0.000000,0.000000,0.000000,0.000000,0.000000,0.000000,0.000000,0.000000,0,0,0,0
"24,-3",0,0,0,0,4,4,99999,99999,99999,99999,99999,99999,0.000000,0.000000,0.000000,0.000000,0.000000,0.000000,0.000000,0.000000,0.000000,0.000000,0.000000,0.000000,0.000000,0.000000,0,0,0,0
"24,-2",0,0,0,0,4,4,99999,99999,99999,99999,99999,99999,0.000000,0.000000,0.000000,0.000000,0.000000,0.000000,0.000000,0.000000,0.000000,0.000000,0.000000,0.000000,0.000000,0.000000,0,0,0,0
"24,-1",0,0,0,0,4,4,99999,99999,99999,99999,99999,99999,0.000000,0.000000,0.000000,0.000000,0.000000,0.000000,0.000000,0.000000,0.000000,0.000000,0.000000,0.000000,0.000000,0.000000,0,0,0,0
"24,0",0,0,0,0,4,4,99999,99999,99999,99999,99999,99999,0.000000,0.000000,0.000000,0.000000,0.000000,0.000000,0.000000,0.000000,0.000000,0.000000,0.000000,0.000000,0.000000,0.000000,0,0,0,0
"24,1",0,0,0,0,4,4,99999,99999,99999,99999,99999,99999,0.000000,0.000000,0.000000,0.000000,0.000000,0.000000,0.000000,0.000000,0.000000,0.000000,0.000000,0.000000,0.000000,0.000000,0,0,0,0
"24,2",0,0,0,0,4,4,99999,99999,99999,99999,99999,99999,0.000000,0.000000,0.000000,0.000000,0.000000,0.000000,0.000000,0.000000,0.000000,0.000000,0.000000,0.000000,0.000000,0.000000,0,0,0,0
"24,3",0,0,0,0,4,4,99999,99999,99999,99999,99999,99999,0.000000,0.000000,0.000000,0.000000,0.000000,0.000000,0.000000,0.000000,0.000000,0.000000,0.000000,0.000000,0.000000,0.000000,0,0,0,0
"24,4",0,0,0,0,4,4,99999,99999,99999,99999,99999,99999,0.000000,0.000000,0.000000,0.000000,0.000000,0.000000,0.000000,0.000000,0.000000,0.000000,0.000000,0.000000,0.000000,0.000000,0,0,0,0
"24,5",0,0,0,0,4,4,99999,99999,99999,99999,99999,99999,0.000000,0.000000,0.000000,0.000000,0.000000,0.000000,0.000000,0.000000,0.000000,0.000000,0.000000,0.000000,0.000000,0.000000,0,0,0,0
"24,6",0,0,0,0,4,4,99999,99999,99999,99999,99999,99999,0.000000,0.000000,0.000000,0.000000,0.000000,0.000000,0.000000,0.000000,0.000000,0.000000,0.000000,0.000000,0.000000,0.000000,0,0,0,0
"24,7",0,0,0,0,4,4,99999,99999,99999,99999,99999,99999,0.000000,0.000000,0.000000,0.000000,0.000000,0.000000,0.000000,0.000000,0.000000,0.000000,0.000000,0.000000,0.000000,0.000000,0,0,0,0
"24,8",0,0,0,0,4,4,99999,99999,99999,99999,99999,99999,0.000000,0.000000,0.000000,0.000000,0.000000,0.000000,0.000000,0.000000,0.000000,0.000000,0.000000,0.000000,0.000000,0.000000,0,0,0,0
"24,9",0,0,0,0,4,4,99999,99999,99999,99999,99999,99999,0.000000,0.000000,0.000000,0.000000,0.000000,0.000000,0.000000,0.000000,0.000000,0.000000,0.000000,0.000000,0.000000,0.000000,0,0,0,0
"24,10",0,0,0,0,4,4,99999,99999,99999,99999,99999,99999,0.000000,0.000000,0.000000,0.000000,0.000000,0.000000,0.000000,0.000000,0.000000,0.000000,0.000000,0.000000,0.000000,0.000000,0,0,0,0
"24,11",0,0,0,0,4,4,99999,99999,99999,99999,99999,99999,0.000000,0.000000,0.000000,0.000000,0.000000,0.000000,0.000000,0.000000,0.000000,0.000000,0.000000,0.000000,0.000000,0.000000,0,0,0,0
"24,12",0,0,0,0,4,4,99999,99999,99999,99999,99999,99999,0.000000,0.000000,0.000000,0.000000,0.000000,0.000000,0.000000,0.000000,0.000000,0.000000,0.000000,0.000000,0.000000,0.000000,0,0,0,0
"24,13",0,0,0,0,4,4,99999,99999,99999,99999,99999,99999,0.000000,0.000000,0.000000,0.000000,0.000000,0.000000,0.000000,0.000000,0.000000,0.000000,0.000000,0.000000,0.000000,0.000000,0,0,0,0
"24,14",0,0,0,0,4,4,99999,99999,99999,99999,99999,99999,0.000000,0.000000,0.000000,0.000000,0.000000,0.000000,0.000000,0.000000,0.000000,0.000000,0.000000,0.000000,0.000000,0.000000,0,0,0,0
"24,15",0,0,0,0,4,4,99999,99999,99999,99999,99999,99999,0.000000,0.000000,0.000000,0.000000,0.000000,0.000000,0.000000,0.000000,0.000000,0.000000,0.000000,0.000000,0.000000,0.000000,0,0,0,0
"24,16",0,0,0,0,4,4,99999,99999,99999,99999,99999,99999,0.000000,0.000000,0.000000,0.000000,0.000000,0.000000,0.000000,0.000000,0.000000,0.000000,0.000000,0.000000,0.000000,0.000000,0,0,0,0
"24,17",0,0,0,0,4,4,99999,99999,99999,99999,99999,99999,0.000000,0.000000,0.000000,0.000000,0.000000,0.000000,0.000000,0.000000,0.000000,0.000000,0.000000,0.000000,0.000000,0.000000,0,0,0,0
"24,18",0,0,0,0,4,4,99999,99999,99999,99999,99999,99999,0.000000,0.000000,0.000000,0.000000,0.000000,0.000000,0.000000,0.000000,0.000000,0.000000,0.000000,0.000000,0.000000,0.000000,0,0,0,0
"24,19",0,0,0,0,4,4,99999,99999,99999,99999,99999,99999,0.000000,0.000000,0.000000,0.000000,0.000000,0.000000,0.000000,0.000000,0.000000,0.000000,0.000000,0.000000,0.000000,0.000000,0,0,0,0
"24,20",0,0,0,0,4,4,99999,99999,99999,99999,99999,99999,0.000000,0.000000,0.000000,0.000000,0.000000,0.000000,0.000000,0.000000,0.000000,0.000000,0.000000,0.000000,0.000000,0.000000,0,0,0,0
"24,21",0,0,0,0,4,4,99999,99999,99999,99999,99999,99999,0.000000,0.000000,0.000000,0.000000,0.000000,0.000000,0.000000,0.000000,0.000000,0.000000,0.000000,0.000000,0.000000,0.000000,0,0,0,0
"24,22",0,0,0,0,4,4,99999,99999,99999,99999,99999,99999,0.000000,0.000000,0.000000,0.000000,0.000000,0.000000,0.000000,0.000000,0.000000,0.000000,0.000000,0.000000,0.000000,0.000000,0,0,0,0
"24,23",0,0,0,0,4,4,99999,99999,99999,99999,99999,99999,0.000000,0.000000,0.000000,0.000000,0.000000,0.000000,0.000000,0.000000,0.000000,0.000000,0.000000,0.000000,0.000000,0.000000,0,0,0,0
"24,24",0,0,0,0,4,4,99999,99999,99999,99999,99999,99999,0.000000,0.000000,0.000000,0.000000,0.000000,0.000000,0.000000,0.000000,0.000000,0.000000,0.000000,0.000000,0.000000,0.000000,0,0,0,0
"24,25",0,0,0,0,4,4,99999,99999,99999,99999,99999,99999,0.000000,0.000000,0.000000,0.000000,0.000000,0.000000,0.000000,0.000000,0.000000,0.000000,0.000000,0.000000,0.000000,0.000000,0,0,0,0
"24,26",0,0,0,0,4,4,99999,99999,99999,99999,99999,99999,0.000000,0.000000,0.000000,0.000000,0.000000,0.000000,0.000000,0.000000,0.000000,0.000000,0.000000,0.000000,0.000000,0.000000,0,0,0,0
"25,-26",0,0,0,0,4,4,99999,99999,99999,99999,99999,99999,0.000000,0.000000,0.000000,0.000000,0.000000,0.000000,0.000000,0.000000,0.000000,0.000000,0.000000,0.000000,0.000000,0.000000,0,0,0,0
"25,-25",0,0,0,0,4,4,99999,99999,99999,99999,99999,99999,0.000000,0.000000,0.000000,0.000000,0.000000,0.000000,0.000000,0.000000,0.000000,0.000000,0.000000,0.000000,0.000000,0.000000,0,0,0,0
"25,-24",0,0,0,0,4,4,99999,99999,99999,99999,99999,99999,0.000000,0.000000,0.000000,0.000000,0.000000,0.000000,0.000000,0.000000,0.000000,0.000000,0.000000,0.000000,0.000000,0.000000,0,0,0,0
"25,-23",0,0,0,0,4,4,99999,99999,99999,99999,99999,99999,0.000000,0.000000,0.000000,0.000000,0.000000,0.000000,0.000000,0.000000,0.000000,0.000000,0.000000,0.000000,0.000000,0.000000,0,0,0,0
"25,-22",0,0,0,0,4,4,99999,99999,99999,99999,99999,99999,0.000000,0.000000,0.000000,0.000000,0.000000,0.000000,0.000000,0.000000,0.000000,0.000000,0.000000,0.000000,0.000000,0.000000,0,0,0,0
"25,-21",0,0,0,0,4,4,99999,99999,99999,99999,99999,99999,0.000000,0.000000,0.000000,0.000000,0.000000,0.000000,0.000000,0.000000,0.000000,0.000000,0.000000,0.000000,0.000000,0.000000,0,0,0,0
"25,-20",0,0,0,0,4,4,99999,99999,99999,99999,99999,99999,0.000000,0.000000,0.000000,0.000000,0.000000,0.000000,0.000000,0.000000,0.000000,0.000000,0.000000,0.000000,0.000000,0.000000,0,0,0,0
"25,-19",0,0,0,0,4,4,99999,99999,99999,99999,99999,99999,0.000000,0.000000,0.000000,0.000000,0.000000,0.000000,0.000000,0.000000,0.000000,0.000000,0.000000,0.000000,0.000000,0.000000,0,0,0,0
"25,-18",0,0,0,0,4,4,99999,99999,99999,99999,99999,99999,0.000000,0.000000,0.000000,0.000000,0.000000,0.000000,0.000000,0.000000,0.000000,0.000000,0.000000,0.000000,0.000000,0.000000,0,0,0,0
"25,-17",0,0,0,0,4,4,99999,99999,99999,99999,99999,99999,0.000000,0.000000,0.000000,0.000000,0.000000,0.000000,0.000000,0.000000,0.000000,0.000000,0.000000,0.000000,0.000000,0.000000,0,0,0,0
"25,-16",0,0,0,0,4,4,99999,99999,99999,99999,99999,99999,0.000000,0.000000,0.000000,0.000000,0.000000,0.000000,0.000000,0.000000,0.000000,0.000000,0.000000,0.000000,0.000000,0.000000,0,0,0,0
"25,-15",0,0,0,0,4,4,99999,99999,99999,99999,99999,99999,0.000000,0.000000,0.000000,0.000000,0.000000,0.000000,0.000000,0.000000,0.000000,0.000000,0.000000,0.000000,0.000000,0.000000,0,0,0,0
"25,-14",0,0,0,0,4,4,99999,99999,99999,99999,99999,99999,0.000000,0.000000,0.000000,0.000000,0.000000,0.000000,0.000000,0.000000,0.000000,0.000000,0.000000,0.000000,0.000000,0.000000,0,0,0,0
"25,-13",0,0,0,0,4,4,99999,99999,99999,99999,99999,99999,0.000000,0.000000,0.000000,0.000000,0.000000,0.000000,0.000000,0.000000,0.000000,0.000000,0.000000,0.000000,0.000000,0.000000,0,0,0,0
"25,-12",0,0,0,0,4,4,99999,99999,99999,99999,99999,99999,0.000000,0.000000,0.000000,0.000000,0.000000,0.000000,0.000000,0.000000,0.000000,0.000000,0.000000,0.000000,0.000000,0.000000,0,0,0,0
"25,-11",0,0,0,0,4,4,99999,99999,99999,99999,99999,99999,0.000000,0.000000,0.000000,0.000000,0.000000,0.000000,0.000000,0.000000,0.000000,0.000000,0.000000,0.000000,0.000000,0.000000,0,0,0,0
"25,-10",0,0,0,0,4,4,99999,99999,99999,99999,99999,99999,0.000000,0.000000,0.000000,0.000000,0.000000,0.000000,0.000000,0.000000,0.000000,0.000000,0.000000,0.000000,0.000000,0.000000,0,0,0,0
"25,-9",0,0,0,0,4,4,99999,99999,99999,99999,99999,99999,0.000000,0.000000,0.000000,0.000000,0.000000,0.000000,0.000000,0.000000,0.000000,0.000000,0.000000,0.000000,0.000000,0.000000,0,0,0,0
"25,-8",0,0,0,0,4,4,99999,99999,99999,99999,99999,99999,0.000000,0.000000,0.000000,0.000000,0.000000,0.000000,0.000000,0.000000,0.000000,0.000000,0.000000,0.000000,0.000000,0.000000,0,0,0,0
"25,-7",0,0,0,0,4,4,99999,99999,99999,99999,99999,99999,0.000000,0.000000,0.000000,0.000000,0.000000,0.000000,0.000000,0.000000,0.000000,0.000000,0.000000,0.000000,0.000000,0.000000,0,0,0,0
"25,-6",0,0,0,0,4,4,99999,99999,99999,99999,99999,99999,0.000000,0.000000,0.000000,0.000000,0.000000,0.000000,0.000000,0.000000,0.000000,0.000000,0.000000,0.000000,0.000000,0.000000,0,0,0,0
"25,-5",0,0,0,0,4,4,99999,99999,99999,99999,99999,99999,0.000000,0.000000,0.000000,0.000000,0.000000,0.000000,0.000000,0.000000,0.000000,0.000000,0.000000,0.000000,0.000000,0.000000,0,0,0,0
"25,-4",0,0,0,0,4,4,99999,99999,99999,99999,99999,99999,0.000000,0.000000,0.000000,0.000000,0.000000,0.000000,0.000000,0.000000,0.000000,0.000000,0.000000,0.000000,0.000000,0.000000,0,0,0,0
"25,-3",0,0,0,0,4,4,99999,99999,99999,99999,99999,99999,0.000000,0.000000,0.000000,0.000000,0.000000,0.000000,0.000000,0.000000,0.000000,0.000000,0.000000,0.000000,0.000000,0.000000,0,0,0,0
"25,-2",0,0,0,0,4,4,99999,99999,99999,99999,99999,99999,0.000000,0.000000,0.000000,0.000000,0.000000,0.000000,0.000000,0.000000,0.000000,0.000000,0.000000,0.000000,0.000000,0.000000,0,0,0,0
"25,-1",0,0,0,0,4,4,99999,99999,99999,99999,99999,99999,0.000000,0.000000,0.000000,0.000000,0.000000,0.000000,0.000000,0.000000,0.000000,0.000000,0.000000,0.000000,0.000000,0.000000,0,0,0,0
"25,0",0,0,0,0,4,4,99999,99999,99999,99999,99999,99999,0.000000,0.000000,0.000000,0.000000,0.000000,0.000000,0.000000,0.000000,0.000000,0.000000,0.000000,0.000000,0.000000,0.000000,0,0,0,0
"25,1",0,0,0,0,4,4,99999,99999,99999,99999,99999,99999,0.000000,0.000000,0.000000,0.000000,0.000000,0.000000,0.000000,0.000000,0.000000,0.000000,0.000000,0.000000,0.000000,0.000000,0,0,0,0
"25,2",0,0,0,0,4,4,99999,99999,99999,99999,99999,99999,0.000000,0.000000,0.000000,0.000000,0.000000,0.000000,0.000000,0.000000,0.000000,0.000000,0.000000,0.000000,0.000000,0.000000,0,0,0,0
"25,3",0,0,0,0,4,4,99999,99999,99999,99999,99999,99999,0.000000,0.000000,0.000000,0.000000,0.000000,0.000000,0.000000,0.000000,0.000000,0.000000,0.000000,0.000000,0.000000,0.000000,0,0,0,0
"25,4",0,0,0,0,4,4,99999,99999,99999,99999,99999,99999,0.000000,0.000000,0.000000,0.000000,0.000000,0.000000,0.000000,0.000000,0.000000,0.000000,0.000000,0.000000,0.000000,0.000000,0,0,0,0
"25,5",0,0,0,0,4,4,99999,99999,99999,99999,99999,99999,0.000000,0.000000,0.000000,0.000000,0.000000,0.000000,0.000000,0.000000,0.000000,0.000000,0.000000,0.000000,0.000000,0.000000,0,0,0,0
"25,6",0,0,0,0,4,4,99999,99999,99999,99999,99999,99999,0.000000,0.000000,0.000000,0.000000,0.000000,0.000000,0.000000,0.000000,0.000000,0.000000,0.000000,0.000000,0.000000,0.000000,0,0,0,0
"25,7",0,0,0,0,4,4,99999,99999,99999,99999,99999,99999,0.000000,0.000000,0.000000,0.000000,0.000000,0.000000,0.000000,0.000000,0.000000,0.000000,0.000000,0.000000,0.000000,0.000000,0,0,0,0
"25,8",0,0,0,0,4,4,99999,99999,99999,99999,99999,99999,0.000000,0.000000,0.000000,0.000000,0.000000,0.000000,0.000000,0.000000,0.000000,0.000000,0.000000,0.000000,0.000000,0.000000,0,0,0,0
"25,9",0,0,0,0,4,4,99999,99999,99999,99999,99999,99999,0.000000,0.000000,0.000000,0.000000,0.000000,0.000000,0.000000,0.000000,0.000000,0.000000,0.000000,0.000000,0.000000,0.000000,0,0,0,0
"25,10",0,0,0,0,4,4,99999,99999,99999,99999,99999,99999,0.000000,0.000000,0.000000,0.000000,0.000000,0.000000,0.000000,0.000000,0.000000,0.000000,0.000000,0.000000,0.000000,0.000000,0,0,0,0
"25,11",0,0,0,0,4,4,99999,99999,99999,99999,99999,99999,0.000000,0.000000,0.000000,0.000000,0.000000,0.000000,0.000000,0.000000,0.000000,0.000000,0.000000,0.000000,0.000000,0.000000,0,0,0,0
"25,12",0,0,0,0,4,4,99999,99999,99999,99999,99999,99999,0.000000,0.000000,0.000000,0.000000,0.000000,0.000000,0.000000,0.000000,0.000000,0.000000,0.000000,0.000000,0.000000,0.000000,0,0,0,0
"25,13",0,0,0,0,4,4,99999,99999,99999,99999,99999,99999,0.000000,0.000000,0.000000,0.000000,0.000000,0.000000,0.000000,0.000000,0.000000,0.000000,0.000000,0.000000,0.000000,0.000000,0,0,0,0
"25,14",0,0,0,0,4,4,99999,99999,99999,99999,99999,99999,0.000000,0.000000,0.000000,0.000000,0.000000,0.000000,0.000000,0.000000,0.000000,0.000000,0.000000,0.000000,0.000000,0.000000,0,0,0,0
"25,15",0,0,0,0,4,4,99999,99999,99999,99999,99999,99999,0.000000,0.000000,0.000000,0.000000,0.000000,0.000000,0.000000,0.000000,0.000000,0.000000,0.000000,0.000000,0.000000,0.000000,0,0,0,0
"25,16",0,0,0,0,4,4,99999,99999,99999,99999,99999,99999,0.000000,0.000000,0.000000,0.000000,0.000000,0.000000,0.000000,0.000000,0.000000,0.000000,0.000000,0.000000,0.000000,0.000000,0,0,0,0
"25,17",0,0,0,0,4,4,99999,99999,99999,99999,99999,99999,0.000000,0.000000,0.000000,0.000000,0.000000,0.000000,0.000000,0.000000,0.000000,0.000000,0.000000,0.000000,0.000000,0.000000,0,0,0,0
"25,18",0,0,0,0,4,4,99999,99999,99999,99999,99999,99999,0.000000,0.000000,0.000000,0.000000,0.000000,0.000000,0.000000,0.000000,0.000000,0.000000,0.000000,0.000000,0.000000,0.000000,0,0,0,0
"25,19",0,0,0,0,4,4,99999,99999,99999,99999,99999,99999,0.000000,0.000000,0.000000,0.000000,0.000000,0.000000,0.000000,0.000000,0.000000,0.000000,0.000000,0.000000,0.000000,0.000000,0,0,0,0
"25,20",0,0,0,0,4,4,99999,99999,99999,99999,99999,99999,0.000000,0.000000,0.000000,0.000000,0.000000,0.000000,0.000000,0.000000,0.000000,0.000000,0.000000,0.000000,0.000000,0.000000,0,0,0,0
"25,21",0,0,0,0,4,4,99999,99999,99999,99999,99999,99999,0.000000,0.000000,0.000000,0.000000,0.000000,0.000000,0.000000,0.000000,0.000000,0.000000,0.000000,0.000000,0.000000,0.000000,0,0,0,0
"25,22",0,0,0,0,4,4,99999,99999,99999,99999,99999,99999,0.000000,0.000000,0.000000,0.000000,0.000000,0.000000,0.000000,0.000000,0.000000,0.000000,0.000000,0.000000,0.000000,0.000000,0,0,0,0
"25,23",0,0,0,0,4,4,99999,99999,99999,99999,99999,99999,0.000000,0.000000,0.000000,0.000000,0.000000,0.000000,0.000000,0.000000,0.000000,0.000000,0.000000,0.000000,0.000000,0.000000,0,0,0,0
"25,24",0,0,0,0,4,4,99999,99999,99999,99999,99999,99999,0.000000,0.000000,0.000000,0.000000,0.000000,0.000000,0.000000,0.000000,0.000000,0.000000,0.000000,0.000000,0.000000,0.000000,0,0,0,0
"25,25",0,0,0,0,4,4,99999,99999,99999,99999,99999,99999,0.000000,0.000000,0.000000,0.000000,0.000000,0.000000,0.000000,0.000000,0.000000,0.000000,0.000000,0.000000,0.000000,0.000000,0,0,0,0
"25,26",0,0,0,0,4,4,99999,99999,99999,99999,99999,99999,0.000000,0.000000,0.000000,0.000000,0.000000,0.000000,0.000000,0.000000,0.000000,0.000000,0.000000,0.000000,0.000000,0.000000,0,0,0,0
"26,-26",0,0,0,0,4,4,99999,99999,99999,99999,99999,99999,0.000000,0.000000,0.000000,0.000000,0.000000,0.000000,0.000000,0.000000,0.000000,0.000000,0.000000,0.000000,0.000000,0.000000,0,0,0,0
"26,-25",0,0,0,0,4,4,99999,99999,99999,99999,99999,99999,0.000000,0.000000,0.000000,0.000000,0.000000,0.000000,0.000000,0.000000,0.000000,0.000000,0.000000,0.000000,0.000000,0.000000,0,0,0,0
"26,-24",0,0,0,0,4,4,99999,99999,99999,99999,99999,99999,0.000000,0.000000,0.000000,0.000000,0.000000,0.000000,0.000000,0.000000,0.000000,0.000000,0.000000,0.000000,0.000000,0.000000,0,0,0,0
"26,-23",0,0,0,0,4,4,99999,99999,99999,99999,99999,99999,0.000000,0.000000,0.000000,0.000000,0.000000,0.000000,0.000000,0.000000,0.000000,0.000000,0.000000,0.000000,0.000000,0.000000,0,0,0,0
"26,-22",0,0,0,0,4,4,99999,99999,99999,99999,99999,99999,0.000000,0.000000,0.000000,0.000000,0.000000,0.000000,0.000000,0.000000,0.000000,0.000000,0.000000,0.000000,0.000000,0.000000,0,0,0,0
"26,-21",0,0,0,0,4,4,99999,99999,99999,99999,99999,99999,0.000000,0.000000,0.000000,0.000000,0.000000,0.000000,0.000000,0.000000,0.000000,0.000000,0.000000,0.000000,0.000000,0.000000,0,0,0,0
"26,-20",0,0,0,0,4,4,99999,99999,99999,99999,99999,99999,0.000000,0.000000,0.000000,0.000000,0.000000,0.000000,0.000000,0.000000,0.000000,0.000000,0.000000,0.000000,0.000000,0.000000,0,0,0,0
"26,-19",0,0,0,0,4,4,99999,99999,99999,99999,99999,99999,0.000000,0.000000,0.000000,0.000000,0.000000,0.000000,0.000000,0.000000,0.000000,0.000000,0.000000,0.000000,0.000000,0.000000,0,0,0,0
"26,-18",0,0,0,0,4,4,99999,99999,99999,99999,99999,99999,0.000000,0.000000,0.000000,0.000000,0.000000,0.000000,0.000000,0.000000,0.000000,0.000000,0.000000,0.000000,0.000000,0.000000,0,0,0,0
"26,-17",0,0,0,0,4,4,99999,99999,99999,99999,99999,99999,0.000000,0.000000,0.000000,0.000000,0.000000,0.000000,0.000000,0.000000,0.000000,0.000000,0.000000,0.000000,0.000000,0.000000,0,0,0,0
"26,-16",0,0,0,0,4,4,99999,99999,99999,99999,99999,99999,0.000000,0.000000,0.000000,0.000000,0.000000,0.000000,0.000000,0.000000,0.000000,0.000000,0.000000,0.000000,0.000000,0.000000,0,0,0,0
"26,-15",0,0,0,0,4,4,99999,99999,99999,99999,99999,99999,0.000000,0.000000,0.000000,0.000000,0.000000,0.000000,0.000000,0.000000,0.000000,0.000000,0.000000,0.000000,0.000000,0.000000,0,0,0,0
"26,-14",0,0,0,0,4,4,99999,99999,99999,99999,99999,99999,0.000000,0.000000,0.000000,0.000000,0.000000,0.000000,0.000000,0.000000,0.000000,0.000000,0.000000,0.000000,0.000000,0.000000,0,0,0,0
"26,-13",0,0,0,0,4,4,99999,99999,99999,99999,99999,99999,0.000000,0.000000,0.000000,0.000000,0.000000,0.000000,0.000000,0.000000,0.000000,0.000000,0.000000,0.000000,0.000000,0.000000,0,0,0,0
"26,-12",0,0,0,0,4,4,99999,99999,99999,99999,99999,99999,0.000000,0.000000,0.000000,0.000000,0.000000,0.000000,0.000000,0.000000,0.000000,0.000000,0.000000,0.000000,0.000000,0.000000,0,0,0,0
"26,-11",0,0,0,0,4,4,99999,99999,99999,99999,99999,99999,0.000000,0.000000,0.000000,0.000000,0.000000,0.000000,0.000000,0.000000,0.000000,0.000000,0.000000,0.000000,0.000000,0.000000,0,0,0,0
"26,-10",0,0,0,0,4,4,99999,99999,99999,99999,99999,99999,0.000000,0.000000,0.000000,0.000000,0.000000,0.000000,0.000000,0.000000,0.000000,0.000000,0.000000,0.000000,0.000000,0.000000,0,0,0,0
"26,-9",0,0,0,0,4,4,99999,99999,99999,99999,99999,99999,0.000000,0.000000,0.000000,0.000000,0.000000,0.000000,0.000000,0.000000,0.000000,0.000000,0.000000,0.000000,0.000000,0.000000,0,0,0,0
"26,-8",0,0,0,0,4,4,99999,99999,99999,99999,99999,99999,0.000000,0.000000,0.000000,0.000000,0.000000,0.000000,0.000000,0.000000,0.000000,0.000000,0.000000,0.000000,0.000000,0.000000,0,0,0,0
"26,-7",0,0,0,0,4,4,99999,99999,99999,99999,99999,99999,0.000000,0.000000,0.000000,0.000000,0.000000,0.000000,0.000000,0.000000,0.000000,0.000000,0.000000,0.000000,0.000000,0.000000,0,0,0,0
"26,-6",0,0,0,0,4,4,99999,99999,99999,99999,99999,99999,0.000000,0.000000,0.000000,0.000000,0.000000,0.000000,0.000000,0.000000,0.000000,0.000000,0.000000,0.000000,0.000000,0.000000,0,0,0,0
"26,-5",0,0,0,0,4,4,99999,99999,99999,99999,99999,99999,0.000000,0.000000,0.000000,0.000000,0.000000,0.000000,0.000000,0.000000,0.000000,0.000000,0.000000,0.000000,0.000000,0.000000,0,0,0,0
"26,-4",0,0,0,0,4,4,99999,99999,99999,99999,99999,99999,0.000000,0.000000,0.000000,0.000000,0.000000,0.000000,0.000000,0.000000,0.000000,0.000000,0.000000,0.000000,0.000000,0.000000,0,0,0,0
"26,-3",0,0,0,0,4,4,99999,99999,99999,99999,99999,99999,0.000000,0.000000,0.000000,0.000000,0.000000,0.000000,0.000000,0.000000,0.000000,0.000000,0.000000,0.000000,0.000000,0.000000,0,0,0,0
"26,-2",0,0,0,0,4,4,99999,99999,99999,99999,99999,99999,0.000000,0.000000,0.000000,0.000000,0.000000,0.000000,0.000000,0.000000,0.000000,0.000000,0.000000,0.000000,0.000000,0.000000,0,0,0,0
"26,-1",0,0,0,0,4,4,99999,99999,99999,99999,99999,99999,0.000000,0.000000,0.000000,0.000000,0.000000,0.000000,0.000000,0.000000,0.000000,0.000000,0.000000,0.000000,0.000000,0.000000,0,0,0,0
"26,0",0,0,0,0,4,4,99999,99999,99999,99999,99999,99999,0.000000,0.000000,0.000000,0.000000,0.000000,0.000000,0.000000,0.000000,0.000000,0.000000,0.000000,0.000000,0.000000,0.000000,0,0,0,0
"26,1",0,0,0,0,4,4,99999,99999,99999,99999,99999,99999,0.000000,0.000000,0.000000,0.000000,0.000000,0.000000,0.000000,0.000000,0.000000,0.000000,0.000000,0.000000,0.000000,0.000000,0,0,0,0
"26,2",0,0,0,0,4,4,99999,99999,99999,99999,99999,99999,0.000000,0.000000,0.000000,0.000000,0.000000,0.000000,0.000000,0.000000,0.000000,0.000000,0.000000,0.000000,0.000000,0.000000,0,0,0,0
"26,3",0,0,0,0,4,4,99999,99999,99999,99999,99999,99999,0.000000,0.000000,0.000000,0.000000,0.000000,0.000000,0.000000,0.000000,0.000000,0.000000,0.000000,0.000000,0.000000,0.000000,0,0,0,0
"26,4",0,0,0,0,4,4,99999,99999,99999,99999,99999,99999,0.000000,0.000000,0.000000,0.000000,0.000000,0.000000,0.000000,0.000000,0.000000,0.000000,0.000000,0.000000,0.000000,0.000000,0,0,0,0
"26,5",0,0,0,0,4,4,99999,99999,99999,99999,99999,99999,0.000000,0.000000,0.000000,0.000000,0.000000,0.000000,0.000000,0.000000,0.000000,0.000000,0.000000,0.000000,0.000000,0.000000,0,0,0,0
"26,6",0,0,0,0,4,4,99999,99999,99999,99999,99999,99999,0.000000,0.000000,0.000000,0.000000,0.000000,0.000000,0.000000,0.000000,0.000000,0.000000,0.000000,0.000000,0.000000,0.000000,0,0,0,0
"26,7",0,0,0,0,4,4,99999,99999,99999,99999,99999,99999,0.000000,0.000000,0.000000,0.000000,0.000000,0.000000,0.000000,0.000000,0.000000,0.000000,0.000000,0.000000,0.000000,0.000000,0,0,0,0
"26,8",0,0,0,0,4,4,99999,99999,99999,99999,99999,99999,0.000000,0.000000,0.000000,0.000000,0.000000,0.000000,0.000000,0.000000,0.000000,0.000000,0.000000,0.000000,0.000000,0.000000,0,0,0,0
"26,9",0,0,0,0,4,4,99999,99999,99999,99999,99999,99999,0.000000,0.000000,0.000000,0.000000,0.000000,0.000000,0.000000,0.000000,0.000000,0.000000,0.000000,0.000000,0.000000,0.000000,0,0,0,0
"26,10",0,0,0,0,4,4,99999,99999,99999,99999,99999,99999,0.000000,0.000000,0.000000,0.000000,0.000000,0.000000,0.000000,0.000000,0.000000,0.000000,0.000000,0.000000,0.000000,0.000000,0,0,0,0
"26,11",0,0,0,0,4,4,99999,99999,99999,99999,99999,99999,0.000000,0.000000,0.000000,0.000000,0.000000,0.000000,0.000000,0.000000,0.000000,0.000000,0.000000,0.000000,0.000000,0.000000,0,0,0,0
"26,12",0,0,0,0,4,4,99999,99999,99999,99999,99999,99999,0.000000,0.000000,0.000000,0.000000,0.000000,0.000000,0.000000,0.000000,0.000000,0.000000,0.000000,0.000000,0.000000,0.000000,0,0,0,0
"26,13",0,0,0,0,4,4,99999,99999,99999,99999,99999,99999,0.000000,0.000000,0.000000,0.000000,0.000000,0.000000,0.000000,0.000000,0.000000,0.000000,0.000000,0.000000,0.000000,0.000000,0,0,0,0
"26,14",0,0,0,0,4,4,99999,99999,99999,99999,99999,99999,0.000000,0.000000,0.000000,0.000000,0.000000,0.000000,0.000000,0.000000,0.000000,0.000000,0.000000,0.000000,0.000000,0.000000,0,0,0,0
"26,15",0,0,0,0,4,4,99999,99999,99999,99999,99999,99999,0.000000,0.000000,0.000000,0.000000,0.000000,0.000000,0.000000,0.000000,0.000000,0.000000,0.000000,0.000000,0.000000,0.000000,0,0,0,0
"26,16",0,0,0,0,4,4,99999,99999,99999,99999,99999,99999,0.000000,0.000000,0.000000,0.000000,0.000000,0.000000,0.000000,0.000000,0.000000,0.000000,0.000000,0.000000,0.000000,0.000000,0,0,0,0
"26,17",0,0,0,0,4,4,99999,99999,99999,99999,99999,99999,0.000000,0.000000,0.000000,0.000000,0.000000,0.000000,0.000000,0.000000,0.000000,0.000000,0.000000,0.000000,0.000000,0.000000,0,0,0,0
"26,18",0,0,0,0,4,4,99999,99999,99999,99999,99999,99999,0.000000,0.000000,0.000000,0.000000,0.000000,0.000000,0.000000,0.000000,0.000000,0.000000,0.000000,0.000000,0.000000,0.000000,0,0,0,0
"26,19",0,0,0,0,4,4,99999,99999,99999,99999,99999,99999,0.000000,0.000000,0.000000,0.000000,0.000000,0.000000,0.000000,0.000000,0.000000,0.000000,0.000000,0.000000,0.000000,0.000000,0,0,0,0
"26,20",0,0,0,0,4,4,99999,99999,99999,99999,99999,99999,0.000000,0.000000,0.000000,0.000000,0.000000,0.000000,0.000000,0.000000,0.000000,0.000000,0.000000,0.000000,0.000000,0.000000,0,0,0,0
"26,21",0,0,0,0,4,4,99999,99999,99999,99999,99999,99999,0.000000,0.000000,0.000000,0.000000,0.000000,0.000000,0.000000,0.000000,0.000000,0.000000,0.000000,0.000000,0.000000,0.000000,0,0,0,0
"26,22",0,0,0,0,4,4,99999,99999,99999,99999,99999,99999,0.000000,0.000000,0.000000,0.000000,0.000000,0.000000,0.000000,0.000000,0.000000,0.000000,0.000000,0.000000,0.000000,0.000000,0,0,0,0
"26,23",0,0,0,0,4,4,99999,99999,99999,99999,99999,99999,0.000000,0.000000,0.000000,0.000000,0.000000,0.000000,0.000000,0.000000,0.000000,0.000000,0.000000,0.000000,0.000000,0.000000,0,0,0,0
"26,24",0,0,0,0,4,4,99999,99999,99999,99999,99999,99999,0.000000,0.000000,0.000000,0.000000,0.000000,0.000000,0.000000,0.000000,0.000000,0.000000,0.000000,0.000000,0.000000,0.000000,0,0,0,0
"26,25",0,0,0,0,4,4,99999,99999,99999,99999,99999,99999,0.000000,0.000000,0.000000,0.000000,0.000000,0.000000,0.000000,0.000000,0.000000,0.000000,0.000000,0.000000,0.000000,0.000000,0,0,0,0
"26,26",0,0,0,0,4,4,99999,99999,99999,99999,99999,99999,0.000000,0.000000,0.000000,0.000000,0.000000,0.000000,0.000000,0.000000,0.000000,0.000000,0.000000,0.000000,0.000000,0.000000,0,0,0,0
