position,per,tx phyrate,tx mcs,tx nss,chload,chload self,total_latency_50_percent,total_latency_95_percent,total_latency_99_percent,txtime_latency_50_percent,txtime_latency_95_percent,txtime_latency_99_percent,uldelay <100ms,uldelay 100-500ms,uldelay 500-900ms,uldelay 900-1300ms,uldelay 1300-1700ms,uldelay 1700-2100ms,uldelay >2100ms,txtime <1ms,txtime 1-5ms,txtime 5-9ms,txtime 9-13ms,txtime 13-17ms,txtime 17-21ms,txtime >21ms,diff tx bytes,diff tx packets,diff tx ppdu cnt,diff tx ppdu retry cnt
"-26,-26",0,0,0,0,541,4,99999,99999,99999,99999,99999,99999,0.000000,0.000000,0.000000,0.000000,0.000000,0.000000,0.000000,0.000000,0.000000,0.000000,0.000000,0.000000,0.000000,0.000000,0,0,0,0
"-26,-25",0,0,0,0,540,4,99999,99999,99999,99999,99999,99999,0.000000,0.000000,0.000000,0.000000,0.000000,0.000000,0.000000,0.000000,0.000000,0.000000,0.000000,0.000000,0.000000,0.000000,0,0,0,0
"-26,-24",0,0,0,0,542,4,99999,99999,99999,99999,99999,99999,0.000000,0.000000,0.000000,0.000000,0.000000,0.000000,0.000000,0.000000,0.000000,0.000000,0.000000,0.000000,0.000000,0.000000,0,0,0,0
"-26,-23",29,73125,7,1,679,2,1,5,10,0,0,0,1.000000,0.000000,0.000000,0.000000,0.000000,0.000000,0.000000,0.996094,0.003906,0.000000,0.000000,0.000000,0.000000,0.000000,27495,180,256,76
"-26,-22",29,73125,7,1,678,2,1,6,11,0,0,0,1.000000,0.000000,0.000000,0.000000,0.000000,0.000000,0.000000,1.000000,0.000000,0.000000,0.000000,0.000000,0.000000,0.000000,27495,180,257,77
"-26,-21",29,73125,7,1,676,2,1,5,10,0,0,0,1.000000,0.000000,0.000000,0.000000,0.000000,0.000000,0.000000,0.996047,0.003953,0.000000,0.000000,0.000000,0.000000,0.000000,27495,180,254,74
"-26,-20",27,73125,7,1,679,2,1,3,7,0,0,0,1.000000,0.000000,0.000000,0.000000,0.000000,0.000000,0.000000,1.000000,0.000000,0.000000,0.000000,0.000000,0.000000,0.000000,27495,180,250,70
"-26,-19",44,73125,7,1,988,2,10,180,340,0,4,6,0.916667,0.083333,0.000000,0.000000,0.000000,0.000000,0.000000,0.818841,0.163043,0.018116,0.000000,0.000000,0.000000,0.000000,27495,180,327,147
"-26,-18",43,73125,7,1,1037,2,13,488,649,0,4,6,0.801105,0.149171,0.049724,0.000000,0.000000,0.000000,0.000000,0.841410,0.132159,0.026432,0.000000,0.000000,0.000000,0.000000,26188,172,314,137
"-26,-17",49,73125,7,1,1036,2,17,537,960,0,4,5,0.687831,0.185185,0.105820,0.021164,0.000000,0.000000,0.000000,0.797235,0.188940,0.009217,0.000000,0.004608,0.000000,0.000000,25191,165,343,170
"-26,-16",48,73125,7,1,1042,2,28,515,555,0,4,7,0.722826,0.206522,0.070652,0.000000,0.000000,0.000000,0.000000,0.733333,0.235556,0.026667,0.004444,0.000000,0.000000,0.000000,26016,171,341,167
"-26,-15",45,73125,7,1,1043,2,17,505,610,0,4,8,0.779006,0.160221,0.060773,0.000000,0.000000,0.000000,0.000000,0.776824,0.193133,0.030043,0.000000,0.000000,0.000000,0.000000,25923,170,331,152
"-26,-14",37,73125,7,1,1040,2,11,426,546,0,4,8,0.838889,0.116667,0.044444,0.000000,0.000000,0.000000,0.000000,0.803419,0.145299,0.047009,0.004274,0.000000,0.000000,0.000000,26350,172,278,104
"-26,-13",39,73125,7,1,1035,2,13,520,542,0,4,5,0.821990,0.109948,0.068063,0.000000,0.000000,0.000000,0.000000,0.814229,0.158103,0.027668,0.000000,0.000000,0.000000,0.000000,27168,178,303,120
"-26,-12",46,73125,7,1,1035,2,11,507,559,0,4,8,0.791444,0.139037,0.069519,0.000000,0.000000,0.000000,0.000000,0.817778,0.146667,0.031111,0.004444,0.000000,0.000000,0.000000,26573,174,334,155
"-26,-11",42,73125,7,1,1038,2,16,458,641,0,4,5,0.716667,0.233333,0.050000,0.000000,0.000000,0.000000,0.000000,0.770642,0.206422,0.018349,0.004587,0.000000,0.000000,0.000000,26143,171,312,134
"-26,-10",0,73125,0,0,966,4,99999,99999,99999,99999,99999,99999,0.000000,0.000000,0.000000,0.000000,0.000000,0.000000,0.000000,0.000000,0.000000,0.000000,0.000000,0.000000,0.000000,0.000000,0,0,0,0
"-26,-9",0,73125,0,0,972,4,99999,99999,99999,99999,99999,99999,0.000000,0.000000,0.000000,0.000000,0.000000,0.000000,0.000000,0.000000,0.000000,0.000000,0.000000,0.000000,0.000000,0.000000,0,0,0,0
"-26,-8",0,73125,0,0,970,4,99999,99999,99999,99999,99999,99999,0.000000,0.000000,0.000000,0.000000,0.000000,0.000000,0.000000,0.000000,0.000000,0.000000,0.000000,0.000000,0.000000,0.000000,0,0,0,0
"-26,-7",0,73125,0,0,975,4,99999,99999,99999,99999,99999,99999,0.000000,0.000000,0.000000,0.000000,0.000000,0.000000,0.000000,0.000000,0.000000,0.000000,0.000000,0.000000,0.000000,0.000000,0,0,0,0
"-26,-6",0,73125,0,0,972,4,99999,99999,99999,99999,99999,99999,0.000000,0.000000,0.000000,0.000000,0.000000,0.000000,0.000000,0.000000,0.000000,0.000000,0.000000,0.000000,0.000000,0.000000,0,0,0,0
"-26,-5",0,73125,0,0,977,4,99999,99999,99999,99999,99999,99999,0.000000,0.000000,0.000000,0.000000,0.000000,0.000000,0.000000,0.000000,0.000000,0.000000,0.000000,0.000000,0.000000,0.000000,0,0,0,0
"-26,-4",0,73125,0,0,969,4,99999,99999,99999,99999,99999,99999,0.000000,0.000000,0.000000,0.000000,0.000000,0.000000,0.000000,0.000000,0.000000,0.000000,0.000000,0.000000,0.000000,0.000000,0,0,0,0
"-26,-3",0,73125,0,0,970,4,99999,99999,99999,99999,99999,99999,0.000000,0.000000,0.000000,0.000000,0.000000,0.000000,0.000000,0.000000,0.000000,0.000000,0.000000,0.000000,0.000000,0.000000,0,0,0,0
"-26,-2",0,73125,0,0,982,4,99999,99999,99999,99999,99999,99999,0.000000,0.000000,0.000000,0.000000,0.000000,0.000000,0.000000,0.000000,0.000000,0.000000,0.000000,0.000000,0.000000,0.000000,0,0,0,0
"-26,-1",0,73125,0,0,979,4,99999,99999,99999,99999,99999,99999,0.000000,0.000000,0.000000,0.000000,0.000000,0.000000,0.000000,0.000000,0.000000,0.000000,0.000000,0.000000,0.000000,0.000000,0,0,0,0
"-26,0",0,73125,0,0,974,4,99999,99999,99999,99999,99999,99999,0.000000,0.000000,0.000000,0.000000,0.000000,0.000000,0.000000,0.000000,0.000000,0.000000,0.000000,0.000000,0.000000,0.000000,0,0,0,0
"-26,1",0,73125,0,0,974,4,99999,99999,99999,99999,99999,99999,0.000000,0.000000,0.000000,0.000000,0.000000,0.000000,0.000000,0.000000,0.000000,0.000000,0.000000,0.000000,0.000000,0.000000,0,0,0,0
"-26,2",0,73125,0,0,982,4,99999,99999,99999,99999,99999,99999,0.000000,0.000000,0.000000,0.000000,0.000000,0.000000,0.000000,0.000000,0.000000,0.000000,0.000000,0.000000,0.000000,0.000000,0,0,0,0
"-26,3",0,73125,0,0,971,4,99999,99999,99999,99999,99999,99999,0.000000,0.000000,0.000000,0.000000,0.000000,0.000000,0.000000,0.000000,0.000000,0.000000,0.000000,0.000000,0.000000,0.000000,0,0,0,0
"-26,4",0,73125,0,0,972,4,99999,99999,99999,99999,99999,99999,0.000000,0.000000,0.000000,0.000000,0.000000,0.000000,0.000000,0.000000,0.000000,0.000000,0.000000,0.000000,0.000000,0.000000,0,0,0,0
"-26,5",0,73125,0,0,980,4,99999,99999,99999,99999,99999,99999,0.000000,0.000000,0.000000,0.000000,0.000000,0.000000,0.000000,0.000000,0.000000,0.000000,0.000000,0.000000,0.000000,0.000000,0,0,0,0
"-26,6",0,73125,0,0,974,4,99999,99999,99999,99999,99999,99999,0.000000,0.000000,0.000000,0.000000,0.000000,0.000000,0.000000,0.000000,0.000000,0.000000,0.000000,0.000000,0.000000,0.000000,0,0,0,0
"-26,7",0,73125,0,0,975,4,99999,99999,99999,99999,99999,99999,0.000000,0.000000,0.000000,0.000000,0.000000,0.000000,0.000000,0.000000,0.000000,0.000000,0.000000,0.000000,0.000000,0.000000,0,0,0,0
"-26,8",0,73125,0,0,76,4,99999,99999,99999,99999,99999,99999,0.000000,0.000000,0.000000,0.000000,0.000000,0.000000,0.000000,0.000000,0.000000,0.000000,0.000000,0.000000,0.000000,0.000000,0,0,0,0
"-26,9",0,73125,0,0,77,4,99999,99999,99999,99999,99999,99999,0.000000,0.000000,0.000000,0.000000,0.000000,0.000000,0.000000,0.000000,0.000000,0.000000,0.000000,0.000000,0.000000,0.000000,0,0,0,0
"-26,10",0,73125,0,0,81,4,99999,99999,99999,99999,99999,99999,0.000000,0.000000,0.000000,0.000000,0.000000,0.000000,0.000000,0.000000,0.000000,0.000000,0.000000,0.000000,0.000000,0.000000,0,0,0,0
"-26,11",0,73125,0,0,76,4,99999,99999,99999,99999,99999,99999,0.000000,0.000000,0.000000,0.000000,0.000000,0.000000,0.000000,0.000000,0.000000,0.000000,0.000000,0.000000,0.000000,0.000000,0,0,0,0
"-26,12",0,73125,0,0,70,4,99999,99999,99999,99999,99999,99999,0.000000,0.000000,0.000000,0.000000,0.000000,0.000000,0.000000,0.000000,0.000000,0.000000,0.000000,0.000000,0.000000,0.000000,0,0,0,0
"-26,13",0,73125,0,0,75,4,99999,99999,99999,99999,99999,99999,0.000000,0.000000,0.000000,0.000000,0.000000,0.000000,0.000000,0.000000,0.000000,0.000000,0.000000,0.000000,0.000000,0.000000,0,0,0,0
"-26,14",0,73125,0,0,82,4,99999,99999,99999,99999,99999,99999,0.000000,0.000000,0.000000,0.000000,0.000000,0.000000,0.000000,0.000000,0.000000,0.000000,0.000000,0.000000,0.000000,0.000000,0,0,0,0
"-26,15",0,73125,0,0,8,4,99999,99999,99999,99999,99999,99999,0.000000,0.000000,0.000000,0.000000,0.000000,0.000000,0.000000,0.000000,0.000000,0.000000,0.000000,0.000000,0.000000,0.000000,0,0,0,0
"-26,16",0,73125,0,0,10,4,99999,99999,99999,99999,99999,99999,0.000000,0.000000,0.000000,0.000000,0.000000,0.000000,0.000000,0.000000,0.000000,0.000000,0.000000,0.000000,0.000000,0.000000,0,0,0,0
"-26,17",0,73125,0,0,8,4,99999,99999,99999,99999,99999,99999,0.000000,0.000000,0.000000,0.000000,0.000000,0.000000,0.000000,0.000000,0.000000,0.000000,0.000000,0.000000,0.000000,0.000000,0,0,0,0
"-26,18",0,73125,0,0,8,4,99999,99999,99999,99999,99999,99999,0.000000,0.000000,0.000000,0.000000,0.000000,0.000000,0.000000,0.000000,0.000000,0.000000,0.000000,0.000000,0.000000,0.000000,0,0,0,0
"-26,19",0,73125,0,0,8,4,99999,99999,99999,99999,99999,99999,0.000000,0.000000,0.000000,0.000000,0.000000,0.000000,0.000000,0.000000,0.000000,0.000000,0.000000,0.000000,0.000000,0.000000,0,0,0,0
"-26,20",0,73125,0,0,4,4,99999,99999,99999,99999,99999,99999,0.000000,0.000000,0.000000,0.000000,0.000000,0.000000,0.000000,0.000000,0.000000,0.000000,0.000000,0.000000,0.000000,0.000000,0,0,0,0
"-26,21",0,73125,0,0,4,4,99999,99999,99999,99999,99999,99999,0.000000,0.000000,0.000000,0.000000,0.000000,0.000000,0.000000,0.000000,0.000000,0.000000,0.000000,0.000000,0.000000,0.000000,0,0,0,0
"-26,22",0,73125,0,0,4,4,99999,99999,99999,99999,99999,99999,0.000000,0.000000,0.000000,0.000000,0.000000,0.000000,0.000000,0.000000,0.000000,0.000000,0.000000,0.000000,0.000000,0.000000,0,0,0,0
"-26,23",0,73125,0,0,5,4,99999,99999,99999,99999,99999,99999,0.000000,0.000000,0.000000,0.000000,0.000000,0.000000,0.000000,0.000000,0.000000,0.000000,0.000000,0.000000,0.000000,0.000000,0,0,0,0
"-26,24",0,73125,0,0,4,4,99999,99999,99999,99999,99999,99999,0.000000,0.000000,0.000000,0.000000,0.000000,0.000000,0.000000,0.000000,0.000000,0.000000,0.000000,0.000000,0.000000,0.000000,0,0,0,0
"-26,25",0,73125,0,0,4,4,99999,99999,99999,99999,99999,99999,0.000000,0.000000,0.000000,0.000000,0.000000,0.000000,0.000000,0.000000,0.000000,0.000000,0.000000,0.000000,0.000000,0.000000,0,0,0,0
"-26,26",0,73125,0,0,4,4,99999,99999,99999,99999,99999,99999,0.000000,0.000000,0.000000,0.000000,0.000000,0.000000,0.000000,0.000000,0.000000,0.000000,0.000000,0.000000,0.000000,0.000000,0,0,0,0
"-25,-26",0,73125,0,0,969,4,99999,99999,99999,99999,99999,99999,0.000000,0.000000,0.000000,0.000000,0.000000,0.000000,0.000000,0.000000,0.000000,0.000000,0.000000,0.000000,0.000000,0.000000,0,0,0,0
"-25,-25",48,73125,7,1,1043,2,16,529,631,0,4,8,0.741758,0.164835,0.093407,0.000000,0.000000,0.000000,0.000000,0.796296,0.157407,0.041667,0.004630,0.000000,0.000000,0.000000,25314,165,332,162
"-25,-24",44,73125,7,1,1049,2,15,541,734,0,4,6,0.844444,0.066667,0.083333,0.005556,0.000000,0.000000,0.000000,0.722008,0.250965,0.023166,0.003861,0.000000,0.000000,0.000000,25053,164,301,135
"-25,-23",44,73125,7,1,1040,2,14,147,264,0,4,8,0.901099,0.098901,0.000000,0.000000,0.000000,0.000000,0.000000,0.769531,0.179688,0.042969,0.007812,0.000000,0.000000,0.000000,27777,182,323,143
"-25,-22",41,73125,7,1,1043,2,26,532,593,0,4,8,0.700000,0.172222,0.127778,0.000000,0.000000,0.000000,0.000000,0.754902,0.210784,0.029412,0.004902,0.000000,0.000000,0.000000,24102,157,282,117
"-25,-21",40,73125,7,1,1036,2,9,166,300,0,4,5,0.900552,0.099448,0.000000,0.000000,0.000000,0.000000,0.000000,0.782609,0.189723,0.023715,0.003953,0.000000,0.000000,0.000000,27659,181,304,124
"-25,-20",51,74051,8,1,1044,2,14,223,339,0,4,8,0.818681,0.181319,0.000000,0.000000,0.000000,0.000000,0.000000,0.749020,0.207843,0.039216,0.003922,0.000000,0.000000,0.000000,27777,182,375,195
"-25,-19",46,74781,8,1,1034,2,12,371,501,0,4,8,0.811111,0.172222,0.016667,0.000000,0.000000,0.000000,0.000000,0.772152,0.198312,0.025316,0.004219,0.000000,0.000000,0.000000,27063,177,334,154
"-25,-18",39,75363,8,1,1044,2,22,551,762,0,4,8,0.688172,0.193548,0.112903,0.005376,0.000000,0.000000,0.000000,0.766990,0.208738,0.024272,0.000000,0.000000,0.000000,0.000000,25192,164,288,114
"-25,-17",45,75968,8,1,1044,2,17,374,524,0,4,6,0.812155,0.165746,0.022099,0.000000,0.000000,0.000000,0.000000,0.788000,0.192000,0.020000,0.000000,0.000000,0.000000,0.000000,26958,177,331,150
"-25,-16",49,76558,8,1,1036,2,17,331,516,0,4,8,0.788889,0.194444,0.016667,0.000000,0.000000,0.000000,0.000000,0.790323,0.173387,0.028226,0.008065,0.000000,0.000000,0.000000,26960,177,354,174
"-25,-15",42,77004,8,1,1039,2,15,326,532,0,4,6,0.848958,0.114583,0.026042,0.010417,0.000000,0.000000,0.000000,0.768116,0.199275,0.032609,0.000000,0.000000,0.000000,0.000000,28283,185,320,135
"-25,-14",36,77407,8,1,1035,2,10,248,404,0,4,7,0.905556,0.094444,0.000000,0.000000,0.000000,0.000000,0.000000,0.795745,0.187234,0.008511,0.008511,0.000000,0.000000,0.000000,27495,180,284,104
"-25,-13",44,77240,7,1,1035,2,11,394,522,0,4,6,0.833333,0.133333,0.033333,0.000000,0.000000,0.000000,0.000000,0.810127,0.177215,0.008439,0.004219,0.000000,0.000000,0.000000,26600,174,323,145
"-25,-12",40,77081,7,1,1038,2,10,114,234,0,4,5,0.939560,0.060440,0.000000,0.000000,0.000000,0.000000,0.000000,0.825279,0.159851,0.014870,0.000000,0.000000,0.000000,0.000000,27777,182,305,125
"-25,-11",47,76927,7,1,1043,2,17,176,380,0,4,5,0.888889,0.111111,0.000000,0.000000,0.000000,0.000000,0.000000,0.748175,0.237226,0.010949,0.003650,0.000000,0.000000,0.000000,27495,180,346,166
"-25,-10",46,76795,7,1,1045,2,21,542,920,0,4,7,0.722513,0.162304,0.099476,0.015707,0.000000,0.000000,0.000000,0.760181,0.190045,0.049774,0.000000,0.000000,0.000000,0.000000,25819,169,326,153
"-25,-9",41,76682,7,1,1041,2,19,537,593,0,4,8,0.701571,0.162304,0.136126,0.000000,0.000000,0.000000,0.000000,0.774194,0.188940,0.032258,0.004608,0.000000,0.000000,0.000000,25177,165,300,126
"-25,-8",0,76682,0,0,979,4,99999,99999,99999,99999,99999,99999,0.000000,0.000000,0.000000,0.000000,0.000000,0.000000,0.000000,0.000000,0.000000,0.000000,0.000000,0.000000,0.000000,0.000000,0,0,0,0
"-25,-7",0,76682,0,0,967,4,99999,99999,99999,99999,99999,99999,0.000000,0.000000,0.000000,0.000000,0.000000,0.000000,0.000000,0.000000,0.000000,0.000000,0.000000,0.000000,0.000000,0.000000,0,0,0,0
"-25,-6",0,76682,0,0,980,4,99999,99999,99999,99999,99999,99999,0.000000,0.000000,0.000000,0.000000,0.000000,0.000000,0.000000,0.000000,0.000000,0.000000,0.000000,0.000000,0.000000,0.000000,0,0,0,0
"-25,-5",0,76682,0,0,978,4,99999,99999,99999,99999,99999,99999,0.000000,0.000000,0.000000,0.000000,0.000000,0.000000,0.000000,0.000000,0.000000,0.000000,0.000000,0.000000,0.000000,0.000000,0,0,0,0
"-25,-4",0,76682,0,0,964,4,99999,99999,99999,99999,99999,99999,0.000000,0.000000,0.000000,0.000000,0.000000,0.000000,0.000000,0.000000,0.000000,0.000000,0.000000,0.000000,0.000000,0.000000,0,0,0,0
"-25,-3",0,76682,0,0,979,4,99999,99999,99999,99999,99999,99999,0.000000,0.000000,0.000000,0.000000,0.000000,0.000000,0.000000,0.000000,0.000000,0.000000,0.000000,0.000000,0.000000,0.000000,0,0,0,0
"-25,-2",0,76682,0,0,973,4,99999,99999,99999,99999,99999,99999,0.000000,0.000000,0.000000,0.000000,0.000000,0.000000,0.000000,0.000000,0.000000,0.000000,0.000000,0.000000,0.000000,0.000000,0,0,0,0
"-25,-1",0,76682,0,0,983,4,99999,99999,99999,99999,99999,99999,0.000000,0.000000,0.000000,0.000000,0.000000,0.000000,0.000000,0.000000,0.000000,0.000000,0.000000,0.000000,0.000000,0.000000,0,0,0,0
"-25,0",0,76682,0,0,970,4,99999,99999,99999,99999,99999,99999,0.000000,0.000000,0.000000,0.000000,0.000000,0.000000,0.000000,0.000000,0.000000,0.000000,0.000000,0.000000,0.000000,0.000000,0,0,0,0
"-25,1",0,76682,0,0,973,4,99999,99999,99999,99999,99999,99999,0.000000,0.000000,0.000000,0.000000,0.000000,0.000000,0.000000,0.000000,0.000000,0.000000,0.000000,0.000000,0.000000,0.000000,0,0,0,0
"-25,2",0,76682,0,0,969,4,99999,99999,99999,99999,99999,99999,0.000000,0.000000,0.000000,0.000000,0.000000,0.000000,0.000000,0.000000,0.000000,0.000000,0.000000,0.000000,0.000000,0.000000,0,0,0,0
"-25,3",0,76682,0,0,975,4,99999,99999,99999,99999,99999,99999,0.000000,0.000000,0.000000,0.000000,0.000000,0.000000,0.000000,0.000000,0.000000,0.000000,0.000000,0.000000,0.000000,0.000000,0,0,0,0
"-25,4",0,76682,0,0,976,4,99999,99999,99999,99999,99999,99999,0.000000,0.000000,0.000000,0.000000,0.000000,0.000000,0.000000,0.000000,0.000000,0.000000,0.000000,0.000000,0.000000,0.000000,0,0,0,0
"-25,5",0,76682,0,0,973,4,99999,99999,99999,99999,99999,99999,0.000000,0.000000,0.000000,0.000000,0.000000,0.000000,0.000000,0.000000,0.000000,0.000000,0.000000,0.000000,0.000000,0.000000,0,0,0,0
"-25,6",0,76682,0,0,972,4,99999,99999,99999,99999,99999,99999,0.000000,0.000000,0.000000,0.000000,0.000000,0.000000,0.000000,0.000000,0.000000,0.000000,0.000000,0.000000,0.000000,0.000000,0,0,0,0
"-25,7",0,76682,0,0,983,4,99999,99999,99999,99999,99999,99999,0.000000,0.000000,0.000000,0.000000,0.000000,0.000000,0.000000,0.000000,0.000000,0.000000,0.000000,0.000000,0.000000,0.000000,0,0,0,0
"-25,8",0,76682,0,0,984,4,99999,99999,99999,99999,99999,99999,0.000000,0.000000,0.000000,0.000000,0.000000,0.000000,0.000000,0.000000,0.000000,0.000000,0.000000,0.000000,0.000000,0.000000,0,0,0,0
"-25,9",0,76682,0,0,77,4,99999,99999,99999,99999,99999,99999,0.000000,0.000000,0.000000,0.000000,0.000000,0.000000,0.000000,0.000000,0.000000,0.000000,0.000000,0.000000,0.000000,0.000000,0,0,0,0
"-25,10",0,76682,0,0,76,4,99999,99999,99999,99999,99999,99999,0.000000,0.000000,0.000000,0.000000,0.000000,0.000000,0.000000,0.000000,0.000000,0.000000,0.000000,0.000000,0.000000,0.000000,0,0,0,0
"-25,11",0,76682,0,0,83,4,99999,99999,99999,99999,99999,99999,0.000000,0.000000,0.000000,0.000000,0.000000,0.000000,0.000000,0.000000,0.000000,0.000000,0.000000,0.000000,0.000000,0.000000,0,0,0,0
"-25,12",0,76682,0,0,69,4,99999,99999,99999,99999,99999,99999,0.000000,0.000000,0.000000,0.000000,0.000000,0.000000,0.000000,0.000000,0.000000,0.000000,0.000000,0.000000,0.000000,0.000000,0,0,0,0
"-25,13",0,76682,0,0,82,4,99999,99999,99999,99999,99999,99999,0.000000,0.000000,0.000000,0.000000,0.000000,0.000000,0.000000,0.000000,0.000000,0.000000,0.000000,0.000000,0.000000,0.000000,0,0,0,0
"-25,14",0,76682,0,0,82,4,99999,99999,99999,99999,99999,99999,0.000000,0.000000,0.000000,0.000000,0.000000,0.000000,0.000000,0.000000,0.000000,0.000000,0.000000,0.000000,0.000000,0.000000,0,0,0,0
"-25,15",0,76682,0,0,75,4,99999,99999,99999,99999,99999,99999,0.000000,0.000000,0.000000,0.000000,0.000000,0.000000,0.000000,0.000000,0.000000,0.000000,0.000000,0.000000,0.000000,0.000000,0,0,0,0
"-25,16",0,76682,0,0,10,4,99999,99999,99999,99999,99999,99999,0.000000,0.000000,0.000000,0.000000,0.000000,0.000000,0.000000,0.000000,0.000000,0.000000,0.000000,0.000000,0.000000,0.000000,0,0,0,0
"-25,17",0,76682,0,0,8,4,99999,99999,99999,99999,99999,99999,0.000000,0.000000,0.000000,0.000000,0.000000,0.000000,0.000000,0.000000,0.000000,0.000000,0.000000,0.000000,0.000000,0.000000,0,0,0,0
"-25,18",0,76682,0,0,10,4,99999,99999,99999,99999,99999,99999,0.000000,0.000000,0.000000,0.000000,0.000000,0.000000,0.000000,0.000000,0.000000,0.000000,0.000000,0.000000,0.000000,0.000000,0,0,0,0
"-25,19",0,76682,0,0,10,4,99999,99999,99999,99999,99999,99999,0.000000,0.000000,0.000000,0.000000,0.000000,0.000000,0.000000,0.000000,0.000000,0.000000,0.000000,0.000000,0.000000,0.000000,0,0,0,0
"-25,20",0,76682,0,0,9,4,99999,99999,99999,99999,99999,99999,0.000000,0.000000,0.000000,0.000000,0.000000,0.000000,0.000000,0.000000,0.000000,0.000000,0.000000,0.000000,0.000000,0.000000,0,0,0,0
"-25,21",0,76682,0,0,4,4,99999,99999,99999,99999,99999,99999,0.000000,0.000000,0.000000,0.000000,0.000000,0.000000,0.000000,0.000000,0.000000,0.000000,0.000000,0.000000,0.000000,0.000000,0,0,0,0
"-25,22",0,76682,0,0,5,4,99999,99999,99999,99999,99999,99999,0.000000,0.000000,0.000000,0.000000,0.000000,0.000000,0.000000,0.000000,0.000000,0.000000,0.000000,0.000000,0.000000,0.000000,0,0,0,0
"-25,23",0,76682,0,0,4,4,99999,99999,99999,99999,99999,99999,0.000000,0.000000,0.000000,0.000000,0.000000,0.000000,0.000000,0.000000,0.000000,0.000000,0.000000,0.000000,0.000000,0.000000,0,0,0,0
"-25,24",0,76682,0,0,4,4,99999,99999,99999,99999,99999,99999,0.000000,0.000000,0.000000,0.000000,0.000000,0.000000,0.000000,0.000000,0.000000,0.000000,0.000000,0.000000,0.000000,0.000000,0,0,0,0
"-25,25",0,76682,0,0,4,4,99999,99999,99999,99999,99999,99999,0.000000,0.000000,0.000000,0.000000,0.000000,0.000000,0.000000,0.000000,0.000000,0.000000,0.000000,0.000000,0.000000,0.000000,0,0,0,0
"-25,26",0,76682,0,0,4,4,99999,99999,99999,99999,99999,99999,0.000000,0.000000,0.000000,0.000000,0.000000,0.000000,0.000000,0.000000,0.000000,0.000000,0.000000,0.000000,0.000000,0.000000,0,0,0,0
"-24,-26",33,76588,7,1,1043,2,18,553,973,0,4,6,0.666667,0.155914,0.155914,0.021505,0.000000,0.000000,0.000000,0.816216,0.151351,0.027027,0.005405,0.000000,0.000000,0.000000,23212,153,247,83
"-24,-25",39,76482,7,1,1039,2,11,364,608,0,4,7,0.816667,0.155556,0.027778,0.000000,0.000000,0.000000,0.000000,0.826271,0.135593,0.038136,0.000000,0.000000,0.000000,0.000000,26758,175,297,117
"-24,-24",38,76384,7,1,1041,2,15,433,551,0,4,5,0.794444,0.166667,0.038889,0.000000,0.000000,0.000000,0.000000,0.769912,0.203540,0.026549,0.000000,0.000000,0.000000,0.000000,26385,173,286,111
"-24,-23",48,76750,8,1,1041,2,18,588,742,0,4,6,0.710526,0.173684,0.115789,0.000000,0.000000,0.000000,0.000000,0.750000,0.218750,0.026786,0.004464,0.000000,0.000000,0.000000,25465,168,355,171
"-24,-22",44,77072,8,1,1037,2,12,194,493,0,4,8,0.894444,0.094444,0.011111,0.000000,0.000000,0.000000,0.000000,0.779116,0.172691,0.044177,0.004016,0.000000,0.000000,0.000000,27175,178,326,146
"-24,-21",45,77371,8,1,1030,2,21,531,790,0,4,7,0.708791,0.181319,0.109890,0.000000,0.000000,0.000000,0.000000,0.799087,0.173516,0.027397,0.000000,0.000000,0.000000,0.000000,25000,162,311,142
"-24,-20",39,77641,8,1,1042,2,13,389,533,0,4,5,0.828729,0.138122,0.033149,0.000000,0.000000,0.000000,0.000000,0.777311,0.205882,0.016807,0.000000,0.000000,0.000000,0.000000,26633,175,291,115
"-24,-19",49,78082,9,1,1039,2,47,534,703,0,4,6,0.589474,0.257895,0.147368,0.005263,0.000000,0.000000,0.000000,0.770053,0.197861,0.026738,0.005348,0.000000,0.000000,0.000000,24785,161,334,164
"-24,-18",42,78588,9,1,1044,2,11,286,525,0,4,7,0.877005,0.101604,0.021390,0.000000,0.000000,0.000000,0.000000,0.808824,0.154412,0.029412,0.007353,0.000000,0.000000,0.000000,27843,183,317,134
"-24,-17",44,79080,9,1,1043,2,15,243,388,0,4,8,0.866667,0.133333,0.000000,0.000000,0.000000,0.000000,0.000000,0.761364,0.200758,0.034091,0.003788,0.000000,0.000000,0.000000,27495,180,324,144
"-24,-16",49,79590,9,1,1042,2,13,233,519,0,4,6,0.861111,0.122222,0.016667,0.000000,0.000000,0.000000,0.000000,0.807087,0.169291,0.019685,0.003937,0.000000,0.000000,0.000000,27038,177,354,174
"-24,-15",50,80013,9,1,1043,2,14,204,312,0,4,7,0.872222,0.127778,0.000000,0.000000,0.000000,0.000000,0.000000,0.760300,0.198502,0.041199,0.000000,0.000000,0.000000,0.000000,27495,180,362,182
"-24,-14",40,80186,8,1,1036,2,12,361,534,0,4,8,0.861111,0.100000,0.038889,0.000000,0.000000,0.000000,0.000000,0.788235,0.172549,0.035294,0.003922,0.000000,0.000000,0.000000,26449,173,292,117
"-24,-13",44,80364,8,1,1040,2,13,200,320,0,4,8,0.877778,0.122222,0.000000,0.000000,0.000000,0.000000,0.000000,0.760956,0.195219,0.043825,0.000000,0.000000,0.000000,0.000000,27495,180,326,146
"-24,-12",42,80526,8,1,1043,2,9,158,295,0,4,6,0.916667,0.083333,0.000000,0.000000,0.000000,0.000000,0.000000,0.753846,0.211538,0.034615,0.000000,0.000000,0.000000,0.000000,27495,180,311,131
"-24,-11",35,80671,8,1,1050,2,10,85,366,0,4,8,0.950000,0.050000,0.000000,0.000000,0.000000,0.000000,0.000000,0.820000,0.136000,0.040000,0.004000,0.000000,0.000000,0.000000,27495,180,278,98
"-24,-10",50,80482,7,1,1034,2,16,503,703,0,4,8,0.805556,0.138889,0.055556,0.000000,0.000000,0.000000,0.000000,0.778226,0.197581,0.016129,0.008065,0.000000,0.000000,0.000000,25901,170,359,183
"-24,-9",48,80311,7,1,1041,2,21,424,615,0,4,5,0.761111,0.205556,0.033333,0.000000,0.000000,0.000000,0.000000,0.753191,0.221277,0.021277,0.004255,0.000000,0.000000,0.000000,26552,174,350,170
"-24,-8",45,80158,7,1,1037,2,17,352,510,0,4,8,0.766667,0.211111,0.022222,0.000000,0.000000,0.000000,0.000000,0.779221,0.190476,0.021645,0.004329,0.004329,0.000000,0.000000,27044,176,329,149
"-24,-7",0,80158,0,0,982,4,99999,99999,99999,99999,99999,99999,0.000000,0.000000,0.000000,0.000000,0.000000,0.000000,0.000000,0.000000,0.000000,0.000000,0.000000,0.000000,0.000000,0.000000,0,0,0,0
"-24,-6",0,80158,0,0,969,4,99999,99999,99999,99999,99999,99999,0.000000,0.000000,0.000000,0.000000,0.000000,0.000000,0.000000,0.000000,0.000000,0.000000,0.000000,0.000000,0.000000,0.000000,0,0,0,0
"-24,-5",0,80158,0,0,981,4,99999,99999,99999,99999,99999,99999,0.000000,0.000000,0.000000,0.000000,0.000000,0.000000,0.000000,0.000000,0.000000,0.000000,0.000000,0.000000,0.000000,0.000000,0,0,0,0
"-24,-4",0,80158,0,0,977,4,99999,99999,99999,99999,99999,99999,0.000000,0.000000,0.000000,0.000000,0.000000,0.000000,0.000000,0.000000,0.000000,0.000000,0.000000,0.000000,0.000000,0.000000,0,0,0,0
"-24,-3",0,80158,0,0,986,4,99999,99999,99999,99999,99999,99999,0.000000,0.000000,0.000000,0.000000,0.000000,0.000000,0.000000,0.000000,0.000000,0.000000,0.000000,0.000000,0.000000,0.000000,0,0,0,0
"-24,-2",0,80158,0,0,973,4,99999,99999,99999,99999,99999,99999,0.000000,0.000000,0.000000,0.000000,0.000000,0.000000,0.000000,0.000000,0.000000,0.000000,0.000000,0.000000,0.000000,0.000000,0,0,0,0
"-24,-1",0,80158,0,0,969,4,99999,99999,99999,99999,99999,99999,0.000000,0.000000,0.000000,0.000000,0.000000,0.000000,0.000000,0.000000,0.000000,0.000000,0.000000,0.000000,0.000000,0.000000,0,0,0,0
"-24,0",0,80158,0,0,974,4,99999,99999,99999,99999,99999,99999,0.000000,0.000000,0.000000,0.000000,0.000000,0.000000,0.000000,0.000000,0.000000,0.000000,0.000000,0.000000,0.000000,0.000000,0,0,0,0
"-24,1",0,80158,0,0,973,4,99999,99999,99999,99999,99999,99999,0.000000,0.000000,0.000000,0.000000,0.000000,0.000000,0.000000,0.000000,0.000000,0.000000,0.000000,0.000000,0.000000,0.000000,0,0,0,0
"-24,2",0,80158,0,0,978,4,99999,99999,99999,99999,99999,99999,0.000000,0.000000,0.000000,0.000000,0.000000,0.000000,0.000000,0.000000,0.000000,0.000000,0.000000,0.000000,0.000000,0.000000,0,0,0,0
"-24,3",0,80158,0,0,970,4,99999,99999,99999,99999,99999,99999,0.000000,0.000000,0.000000,0.000000,0.000000,0.000000,0.000000,0.000000,0.000000,0.000000,0.000000,0.000000,0.000000,0.000000,0,0,0,0
"-24,4",0,80158,0,0,972,4,99999,99999,99999,99999,99999,99999,0.000000,0.000000,0.000000,0.000000,0.000000,0.000000,0.000000,0.000000,0.000000,0.000000,0.000000,0.000000,0.000000,0.000000,0,0,0,0
"-24,5",0,80158,0,0,978,4,99999,99999,99999,99999,99999,99999,0.000000,0.000000,0.000000,0.000000,0.000000,0.000000,0.000000,0.000000,0.000000,0.000000,0.000000,0.000000,0.000000,0.000000,0,0,0,0
"-24,6",0,80158,0,0,979,4,99999,99999,99999,99999,99999,99999,0.000000,0.000000,0.000000,0.000000,0.000000,0.000000,0.000000,0.000000,0.000000,0.000000,0.000000,0.000000,0.000000,0.000000,0,0,0,0
"-24,7",0,80158,0,0,975,4,99999,99999,99999,99999,99999,99999,0.000000,0.000000,0.000000,0.000000,0.000000,0.000000,0.000000,0.000000,0.000000,0.000000,0.000000,0.000000,0.000000,0.000000,0,0,0,0
"-24,8",0,80158,0,0,983,4,99999,99999,99999,99999,99999,99999,0.000000,0.000000,0.000000,0.000000,0.000000,0.000000,0.000000,0.000000,0.000000,0.000000,0.000000,0.000000,0.000000,0.000000,0,0,0,0
"-24,9",0,80158,0,0,80,4,99999,99999,99999,99999,99999,99999,0.000000,0.000000,0.000000,0.000000,0.000000,0.000000,0.000000,0.000000,0.000000,0.000000,0.000000,0.000000,0.000000,0.000000,0,0,0,0
"-24,10",0,80158,0,0,66,4,99999,99999,99999,99999,99999,99999,0.000000,0.000000,0.000000,0.000000,0.000000,0.000000,0.000000,0.000000,0.000000,0.000000,0.000000,0.000000,0.000000,0.000000,0,0,0,0
"-24,11",0,80158,0,0,69,4,99999,99999,99999,99999,99999,99999,0.000000,0.000000,0.000000,0.000000,0.000000,0.000000,0.000000,0.000000,0.000000,0.000000,0.000000,0.000000,0.000000,0.000000,0,0,0,0
"-24,12",0,80158,0,0,70,4,99999,99999,99999,99999,99999,99999,0.000000,0.000000,0.000000,0.000000,0.000000,0.000000,0.000000,0.000000,0.000000,0.000000,0.000000,0.000000,0.000000,0.000000,0,0,0,0
"-24,13",0,80158,0,0,88,4,99999,99999,99999,99999,99999,99999,0.000000,0.000000,0.000000,0.000000,0.000000,0.000000,0.000000,0.000000,0.000000,0.000000,0.000000,0.000000,0.000000,0.000000,0,0,0,0
"-24,14",0,80158,0,0,77,4,99999,99999,99999,99999,99999,99999,0.000000,0.000000,0.000000,0.000000,0.000000,0.000000,0.000000,0.000000,0.000000,0.000000,0.000000,0.000000,0.000000,0.000000,0,0,0,0
"-24,15",0,80158,0,0,74,4,99999,99999,99999,99999,99999,99999,0.000000,0.000000,0.000000,0.000000,0.000000,0.000000,0.000000,0.000000,0.000000,0.000000,0.000000,0.000000,0.000000,0.000000,0,0,0,0
"-24,16",0,80158,0,0,8,4,99999,99999,99999,99999,99999,99999,0.000000,0.000000,0.000000,0.000000,0.000000,0.000000,0.000000,0.000000,0.000000,0.000000,0.000000,0.000000,0.000000,0.000000,0,0,0,0
"-24,17",0,80158,0,0,9,4,99999,99999,99999,99999,99999,99999,0.000000,0.000000,0.000000,0.000000,0.000000,0.000000,0.000000,0.000000,0.000000,0.000000,0.000000,0.000000,0.000000,0.000000,0,0,0,0
"-24,18",0,80158,0,0,8,4,99999,99999,99999,99999,99999,99999,0.000000,0.000000,0.000000,0.000000,0.000000,0.000000,0.000000,0.000000,0.000000,0.000000,0.000000,0.000000,0.000000,0.000000,0,0,0,0
"-24,19",0,80158,0,0,7,4,99999,99999,99999,99999,99999,99999,0.000000,0.000000,0.000000,0.000000,0.000000,0.000000,0.000000,0.000000,0.000000,0.000000,0.000000,0.000000,0.000000,0.000000,0,0,0,0
"-24,20",0,80158,0,0,8,4,99999,99999,99999,99999,99999,99999,0.000000,0.000000,0.000000,0.000000,0.000000,0.000000,0.000000,0.000000,0.000000,0.000000,0.000000,0.000000,0.000000,0.000000,0,0,0,0
"-24,21",0,80158,0,0,5,4,99999,99999,99999,99999,99999,99999,0.000000,0.000000,0.000000,0.000000,0.000000,0.000000,0.000000,0.000000,0.000000,0.000000,0.000000,0.000000,0.000000,0.000000,0,0,0,0
"-24,22",0,80158,0,0,4,4,99999,99999,99999,99999,99999,99999,0.000000,0.000000,0.000000,0.000000,0.000000,0.000000,0.000000,0.000000,0.000000,0.000000,0.000000,0.000000,0.000000,0.000000,0,0,0,0
"-24,23",0,80158,0,0,4,4,99999,99999,99999,99999,99999,99999,0.000000,0.000000,0.000000,0.000000,0.000000,0.000000,0.000000,0.000000,0.000000,0.000000,0.000000,0.000000,0.000000,0.000000,0,0,0,0
"-24,24",0,80158,0,0,5,4,99999,99999,99999,99999,99999,99999,0.000000,0.000000,0.000000,0.000000,0.000000,0.000000,0.000000,0.000000,0.000000,0.000000,0.000000,0.000000,0.000000,0.000000,0,0,0,0
"-24,25",0,80158,0,0,4,4,99999,99999,99999,99999,99999,99999,0.000000,0.000000,0.000000,0.000000,0.000000,0.000000,0.000000,0.000000,0.000000,0.000000,0.000000,0.000000,0.000000,0.000000,0,0,0,0
"-24,26",0,80158,0,0,4,4,99999,99999,99999,99999,99999,99999,0.000000,0.000000,0.000000,0.000000,0.000000,0.000000,0.000000,0.000000,0.000000,0.000000,0.000000,0.000000,0.000000,0.000000,0,0,0,0
"-23,-26",49,79996,7,1,1045,2,19,438,510,0,4,6,0.733333,0.238889,0.027778,0.000000,0.000000,0.000000,0.000000,0.729730,0.238739,0.031532,0.000000,0.000000,0.000000,0.000000,26905,175,353,173
"-23,-25",56,80191,8,1,1041,2,18,503,522,0,4,5,0.744444,0.200000,0.055556,0.000000,0.000000,0.000000,0.000000,0.753086,0.201646,0.045267,0.000000,0.000000,0.000000,0.000000,25852,170,412,232
"-23,-24",41,80335,8,1,1047,2,14,321,520,0,4,7,0.833333,0.144444,0.022222,0.000000,0.000000,0.000000,0.000000,0.757447,0.208511,0.029787,0.004255,0.000000,0.000000,0.000000,26868,176,305,127
"-23,-23",39,80467,8,1,1031,2,8,232,340,0,4,7,0.877778,0.122222,0.000000,0.000000,0.000000,0.000000,0.000000,0.828571,0.138776,0.028571,0.004082,0.000000,0.000000,0.000000,27495,180,298,118
"-23,-22",41,80752,9,1,1042,2,10,541,828,0,4,5,0.844444,0.044444,0.105556,0.005556,0.000000,0.000000,0.000000,0.791165,0.180723,0.024096,0.004016,0.000000,0.000000,0.000000,24501,160,280,116
"-23,-21",49,81095,9,1,1040,2,17,367,530,0,4,5,0.772222,0.205556,0.022222,0.000000,0.000000,0.000000,0.000000,0.765432,0.213992,0.020576,0.000000,0.000000,0.000000,0.000000,26973,176,353,175
"-23,-20",44,81377,9,1,1045,2,23,528,548,0,4,9,0.705263,0.205263,0.078947,0.010526,0.000000,0.000000,0.000000,0.754464,0.200893,0.031250,0.008929,0.004464,0.000000,0.000000,26494,173,317,141
"-23,-19",51,81709,9,1,1040,2,20,520,551,0,4,8,0.727778,0.177778,0.094444,0.000000,0.000000,0.000000,0.000000,0.738739,0.220721,0.031532,0.004505,0.004505,0.000000,0.000000,24948,163,348,180
"-23,-18",42,81981,9,1,1044,2,11,122,226,0,4,8,0.922652,0.077348,0.000000,0.000000,0.000000,0.000000,0.000000,0.791822,0.171004,0.029740,0.007435,0.000000,0.000000,0.000000,27561,181,317,136
"-23,-17",41,82235,9,1,1048,2,11,188,355,0,4,7,0.883333,0.116667,0.000000,0.000000,0.000000,0.000000,0.000000,0.754941,0.201581,0.031621,0.011858,0.000000,0.000000,0.000000,27495,180,309,129
"-23,-16",48,82502,9,1,1052,2,44,520,610,0,4,7,0.616216,0.275676,0.108108,0.000000,0.000000,0.000000,0.000000,0.736842,0.221053,0.036842,0.005263,0.000000,0.000000,0.000000,25138,165,342,165
"-23,-15",38,82731,9,1,1041,2,11,127,212,0,4,5,0.922222,0.077778,0.000000,0.000000,0.000000,0.000000,0.000000,0.807843,0.168627,0.019608,0.003922,0.000000,0.000000,0.000000,27495,180,294,114
"-23,-14",47,82972,9,1,1040,2,23,527,545,0,4,7,0.725275,0.181319,0.093407,0.000000,0.000000,0.000000,0.000000,0.755656,0.199095,0.040724,0.004525,0.000000,0.000000,0.000000,25542,166,319,151
"-23,-13",45,83214,9,1,1039,2,11,170,253,0,4,6,0.916667,0.083333,0.000000,0.000000,0.000000,0.000000,0.000000,0.781818,0.189091,0.025455,0.000000,0.003636,0.000000,0.000000,27495,180,333,153
"-23,-12",42,83425,9,1,1043,2,15,528,541,0,4,8,0.733333,0.188889,0.077778,0.000000,0.000000,0.000000,0.000000,0.771429,0.195238,0.023810,0.009524,0.000000,0.000000,0.000000,25403,166,296,125
"-23,-11",46,83494,8,1,1042,2,38,514,611,0,4,8,0.638889,0.266667,0.094444,0.000000,0.000000,0.000000,0.000000,0.747475,0.227273,0.015152,0.005051,0.005051,0.000000,0.000000,24915,163,331,153
"-23,-10",44,83557,8,1,1048,2,18,525,688,0,4,9,0.672222,0.188889,0.138889,0.000000,0.000000,0.000000,0.000000,0.767196,0.195767,0.021164,0.015873,0.000000,0.000000,0.000000,23602,155,303,134
"-23,-9",42,83616,8,1,1042,2,15,501,579,0,4,4,0.766667,0.177778,0.055556,0.000000,0.000000,0.000000,0.000000,0.804651,0.186047,0.009302,0.000000,0.000000,0.000000,0.000000,26090,170,302,128
"-23,-8",41,83469,7,1,1032,2,14,509,658,0,4,8,0.781250,0.156250,0.062500,0.000000,0.000000,0.000000,0.000000,0.792531,0.186722,0.016598,0.004149,0.000000,0.000000,0.000000,27451,180,314,129
"-23,-7",39,83331,7,1,1045,2,13,179,307,0,4,4,0.900000,0.100000,0.000000,0.000000,0.000000,0.000000,0.000000,0.776423,0.219512,0.004065,0.000000,0.000000,0.000000,0.000000,27495,180,296,116
"-23,-6",48,83170,7,1,1044,2,16,226,337,0,5,8,0.872222,0.127778,0.000000,0.000000,0.000000,0.000000,0.000000,0.768657,0.164179,0.067164,0.000000,0.000000,0.000000,0.000000,27495,180,349,169
"-23,-5",0,83170,0,0,972,4,99999,99999,99999,99999,99999,99999,0.000000,0.000000,0.000000,0.000000,0.000000,0.000000,0.000000,0.000000,0.000000,0.000000,0.000000,0.000000,0.000000,0.000000,0,0,0,0
"-23,-4",0,83170,0,0,966,4,99999,99999,99999,99999,99999,99999,0.000000,0.000000,0.000000,0.000000,0.000000,0.000000,0.000000,0.000000,0.000000,0.000000,0.000000,0.000000,0.000000,0.000000,0,0,0,0
"-23,-3",0,83170,0,0,975,4,99999,99999,99999,99999,99999,99999,0.000000,0.000000,0.000000,0.000000,0.000000,0.000000,0.000000,0.000000,0.000000,0.000000,0.000000,0.000000,0.000000,0.000000,0,0,0,0
"-23,-2",0,83170,0,0,981,4,99999,99999,99999,99999,99999,99999,0.000000,0.000000,0.000000,0.000000,0.000000,0.000000,0.000000,0.000000,0.000000,0.000000,0.000000,0.000000,0.000000,0.000000,0,0,0,0
"-23,-1",0,83170,0,0,976,4,99999,99999,99999,99999,99999,99999,0.000000,0.000000,0.000000,0.000000,0.000000,0.000000,0.000000,0.000000,0.000000,0.000000,0.000000,0.000000,0.000000,0.000000,0,0,0,0
"-23,0",0,83170,0,0,979,4,99999,99999,99999,99999,99999,99999,0.000000,0.000000,0.000000,0.000000,0.000000,0.000000,0.000000,0.000000,0.000000,0.000000,0.000000,0.000000,0.000000,0.000000,0,0,0,0
"-23,1",0,83170,0,0,972,4,99999,99999,99999,99999,99999,99999,0.000000,0.000000,0.000000,0.000000,0.000000,0.000000,0.000000,0.000000,0.000000,0.000000,0.000000,0.000000,0.000000,0.000000,0,0,0,0
"-23,2",0,83170,0,0,973,4,99999,99999,99999,99999,99999,99999,0.000000,0.000000,0.000000,0.000000,0.000000,0.000000,0.000000,0.000000,0.000000,0.000000,0.000000,0.000000,0.000000,0.000000,0,0,0,0
"-23,3",0,83170,0,0,987,4,99999,99999,99999,99999,99999,99999,0.000000,0.000000,0.000000,0.000000,0.000000,0.000000,0.000000,0.000000,0.000000,0.000000,0.000000,0.000000,0.000000,0.000000,0,0,0,0
"-23,4",0,83170,0,0,978,4,99999,99999,99999,99999,99999,99999,0.000000,0.000000,0.000000,0.000000,0.000000,0.000000,0.000000,0.000000,0.000000,0.000000,0.000000,0.000000,0.000000,0.000000,0,0,0,0
"-23,5",0,83170,0,0,976,4,99999,99999,99999,99999,99999,99999,0.000000,0.000000,0.000000,0.000000,0.000000,0.000000,0.000000,0.000000,0.000000,0.000000,0.000000,0.000000,0.000000,0.000000,0,0,0,0
"-23,6",0,83170,0,0,986,4,99999,99999,99999,99999,99999,99999,0.000000,0.000000,0.000000,0.000000,0.000000,0.000000,0.000000,0.000000,0.000000,0.000000,0.000000,0.000000,0.000000,0.000000,0,0,0,0
"-23,7",0,83170,0,0,963,4,99999,99999,99999,99999,99999,99999,0.000000,0.000000,0.000000,0.000000,0.000000,0.000000,0.000000,0.000000,0.000000,0.000000,0.000000,0.000000,0.000000,0.000000,0,0,0,0
"-23,8",0,83170,0,0,978,4,99999,99999,99999,99999,99999,99999,0.000000,0.000000,0.000000,0.000000,0.000000,0.000000,0.000000,0.000000,0.000000,0.000000,0.000000,0.000000,0.000000,0.000000,0,0,0,0
"-23,9",0,83170,0,0,970,4,99999,99999,99999,99999,99999,99999,0.000000,0.000000,0.000000,0.000000,0.000000,0.000000,0.000000,0.000000,0.000000,0.000000,0.000000,0.000000,0.000000,0.000000,0,0,0,0
"-23,10",0,83170,0,0,79,4,99999,99999,99999,99999,99999,99999,0.000000,0.000000,0.000000,0.000000,0.000000,0.000000,0.000000,0.000000,0.000000,0.000000,0.000000,0.000000,0.000000,0.000000,0,0,0,0
"-23,11",0,83170,0,0,75,4,99999,99999,99999,99999,99999,99999,0.000000,0.000000,0.000000,0.000000,0.000000,0.000000,0.000000,0.000000,0.000000,0.000000,0.000000,0.000000,0.000000,0.000000,0,0,0,0
"-23,12",0,83170,0,0,77,4,99999,99999,99999,99999,99999,99999,0.000000,0.000000,0.000000,0.000000,0.000000,0.000000,0.000000,0.000000,0.000000,0.000000,0.000000,0.000000,0.000000,0.000000,0,0,0,0
"-23,13",0,83170,0,0,66,4,99999,99999,99999,99999,99999,99999,0.000000,0.000000,0.000000,0.000000,0.000000,0.000000,0.000000,0.000000,0.000000,0.000000,0.000000,0.000000,0.000000,0.000000,0,0,0,0
"-23,14",0,83170,0,0,77,4,99999,99999,99999,99999,99999,99999,0.000000,0.000000,0.000000,0.000000,0.000000,0.000000,0.000000,0.000000,0.000000,0.000000,0.000000,0.000000,0.000000,0.000000,0,0,0,0
"-23,15",0,83170,0,0,84,4,99999,99999,99999,99999,99999,99999,0.000000,0.000000,0.000000,0.000000,0.000000,0.000000,0.000000,0.000000,0.000000,0.000000,0.000000,0.000000,0.000000,0.000000,0,0,0,0
"-23,16",0,83170,0,0,73,4,99999,99999,99999,99999,99999,99999,0.000000,0.000000,0.000000,0.000000,0.000000,0.000000,0.000000,0.000000,0.000000,0.000000,0.000000,0.000000,0.000000,0.000000,0,0,0,0
"-23,17",0,83170,0,0,7,4,99999,99999,99999,99999,99999,99999,0.000000,0.000000,0.000000,0.000000,0.000000,0.000000,0.000000,0.000000,0.000000,0.000000,0.000000,0.000000,0.000000,0.000000,0,0,0,0
"-23,18",0,83170,0,0,9,4,99999,99999,99999,99999,99999,99999,0.000000,0.000000,0.000000,0.000000,0.000000,0.000000,0.000000,0.000000,0.000000,0.000000,0.000000,0.000000,0.000000,0.000000,0,0,0,0
"-23,19",0,83170,0,0,9,4,99999,99999,99999,99999,99999,99999,0.000000,0.000000,0.000000,0.000000,0.000000,0.000000,0.000000,0.000000,0.000000,0.000000,0.000000,0.000000,0.000000,0.000000,0,0,0,0
"-23,20",0,83170,0,0,8,4,99999,99999,99999,99999,99999,99999,0.000000,0.000000,0.000000,0.000000,0.000000,0.000000,0.000000,0.000000,0.000000,0.000000,0.000000,0.000000,0.000000,0.000000,0,0,0,0
"-23,21",0,83170,0,0,4,4,99999,99999,99999,99999,99999,99999,0.000000,0.000000,0.000000,0.000000,0.000000,0.000000,0.000000,0.000000,0.000000,0.000000,0.000000,0.000000,0.000000,0.000000,0,0,0,0
"-23,22",0,83170,0,0,4,4,99999,99999,99999,99999,99999,99999,0.000000,0.000000,0.000000,0.000000,0.000000,0.000000,0.000000,0.000000,0.000000,0.000000,0.000000,0.000000,0.000000,0.000000,0,0,0,0
"-23,23",0,83170,0,0,4,4,99999,99999,99999,99999,99999,99999,0.000000,0.000000,0.000000,0.000000,0.000000,0.000000,0.000000,0.000000,0.000000,0.000000,0.000000,0.000000,0.000000,0.000000,0,0,0,0
"-23,24",0,83170,0,0,4,4,99999,99999,99999,99999,99999,99999,0.000000,0.000000,0.000000,0.000000,0.000000,0.000000,0.000000,0.000000,0.000000,0.000000,0.000000,0.000000,0.000000,0.000000,0,0,0,0
"-23,25",0,83170,0,0,4,4,99999,99999,99999,99999,99999,99999,0.000000,0.000000,0.000000,0.000000,0.000000,0.000000,0.000000,0.000000,0.000000,0.000000,0.000000,0.000000,0.000000,0.000000,0,0,0,0
"-23,26",0,83170,0,0,4,4,99999,99999,99999,99999,99999,99999,0.000000,0.000000,0.000000,0.000000,0.000000,0.000000,0.000000,0.000000,0.000000,0.000000,0.000000,0.000000,0.000000,0.000000,0,0,0,0
"-22,-26",50,83243,8,1,1039,2,21,508,625,0,5,8,0.738889,0.177778,0.083333,0.000000,0.000000,0.000000,0.000000,0.753304,0.180617,0.061674,0.004405,0.000000,0.000000,0.000000,25319,165,360,181
"-22,-25",46,83307,8,1,1034,2,14,508,556,0,4,5,0.844444,0.094444,0.050000,0.011111,0.000000,0.000000,0.000000,0.773810,0.202381,0.019841,0.000000,0.003968,0.000000,0.000000,25803,169,319,147
"-22,-24",46,83504,9,1,1043,2,20,510,530,0,4,9,0.748634,0.191257,0.060109,0.000000,0.000000,0.000000,0.000000,0.730435,0.226087,0.030435,0.013043,0.000000,0.000000,0.000000,26261,172,325,151
"-22,-23",51,83708,9,1,1036,2,13,506,521,0,5,6,0.861878,0.071823,0.066298,0.000000,0.000000,0.000000,0.000000,0.754717,0.192453,0.049057,0.003774,0.000000,0.000000,0.000000,25757,169,348,178
"-22,-22",41,83895,9,1,1038,2,11,203,310,0,4,5,0.873626,0.126374,0.000000,0.000000,0.000000,0.000000,0.000000,0.797619,0.178571,0.019841,0.003968,0.000000,0.000000,0.000000,27777,182,311,130
"-22,-21",41,84069,9,1,1031,2,9,127,278,0,4,6,0.938889,0.061111,0.000000,0.000000,0.000000,0.000000,0.000000,0.781022,0.200730,0.018248,0.000000,0.000000,0.000000,0.000000,27495,180,306,126
"-22,-20",52,84273,9,1,1042,2,14,502,519,0,5,8,0.840659,0.104396,0.054945,0.000000,0.000000,0.000000,0.000000,0.745968,0.201613,0.044355,0.008065,0.000000,0.000000,0.000000,26128,172,374,196
"-22,-19",43,84437,9,1,1038,2,14,463,553,0,4,6,0.811111,0.138889,0.050000,0.000000,0.000000,0.000000,0.000000,0.767544,0.197368,0.026316,0.008772,0.000000,0.000000,0.000000,26138,171,309,135
"-22,-18",39,84598,9,1,1034,2,11,110,153,0,4,6,0.939227,0.060773,0.000000,0.000000,0.000000,0.000000,0.000000,0.803774,0.162264,0.033962,0.000000,0.000000,0.000000,0.000000,27561,181,299,118
"-22,-17",42,84753,9,1,1034,2,12,502,536,0,4,6,0.783333,0.155556,0.061111,0.000000,0.000000,0.000000,0.000000,0.803653,0.178082,0.013699,0.004566,0.000000,0.000000,0.000000,26035,169,303,130
"-22,-16",43,84906,9,1,1052,2,22,542,824,0,5,8,0.698413,0.216931,0.079365,0.005291,0.000000,0.000000,0.000000,0.738916,0.201970,0.049261,0.004926,0.004926,0.000000,0.000000,26406,173,310,134
"-22,-15",39,85054,9,1,1039,2,9,148,256,0,4,7,0.922222,0.077778,0.000000,0.000000,0.000000,0.000000,0.000000,0.789062,0.175781,0.035156,0.000000,0.000000,0.000000,0.000000,27495,180,300,120
"-22,-14",37,85189,9,1,1040,2,18,527,739,0,5,7,0.745856,0.165746,0.088398,0.000000,0.000000,0.000000,0.000000,0.759615,0.187500,0.052885,0.000000,0.000000,0.000000,0.000000,25053,165,275,103
"-22,-13",40,85327,9,1,1042,2,11,428,527,0,4,7,0.811111,0.150000,0.038889,0.000000,0.000000,0.000000,0.000000,0.798246,0.175439,0.017544,0.008772,0.000000,0.000000,0.000000,26480,173,293,118
"-22,-12",43,85472,9,1,1034,2,13,314,500,0,4,8,0.872222,0.116667,0.011111,0.000000,0.000000,0.000000,0.000000,0.786008,0.193416,0.016461,0.004115,0.000000,0.000000,0.000000,27231,178,318,138
"-22,-11",54,85643,9,1,1037,2,18,501,553,0,4,7,0.714286,0.230769,0.054945,0.000000,0.000000,0.000000,0.000000,0.768889,0.208889,0.022222,0.000000,0.000000,0.000000,0.000000,25988,172,393,214
"-22,-10",38,85770,9,1,1040,2,11,111,238,0,4,10,0.938889,0.061111,0.000000,0.000000,0.000000,0.000000,0.000000,0.756972,0.203187,0.027888,0.011952,0.000000,0.000000,0.000000,27495,180,291,111
"-22,-9",46,85794,8,1,1041,2,13,498,530,0,4,8,0.774194,0.177419,0.048387,0.000000,0.000000,0.000000,0.000000,0.792035,0.181416,0.026549,0.000000,0.000000,0.000000,0.000000,26951,177,330,154
"-22,-8",36,85813,8,1,1030,2,11,514,686,0,4,6,0.788889,0.111111,0.100000,0.000000,0.000000,0.000000,0.000000,0.824074,0.125000,0.050926,0.000000,0.000000,0.000000,0.000000,24552,162,265,96
"-22,-7",53,85647,7,1,1044,2,16,281,416,0,5,8,0.833333,0.166667,0.000000,0.000000,0.000000,0.000000,0.000000,0.772727,0.162879,0.056818,0.007576,0.000000,0.000000,0.000000,27495,180,386,206
"-22,-6",43,85509,7,1,1036,2,11,279,392,0,4,6,0.833333,0.166667,0.000000,0.000000,0.000000,0.000000,0.000000,0.748988,0.218623,0.028340,0.004049,0.000000,0.000000,0.000000,27495,180,319,139
"-22,-5",44,85373,7,1,1042,2,15,191,290,0,5,7,0.872222,0.127778,0.000000,0.000000,0.000000,0.000000,0.000000,0.777328,0.165992,0.052632,0.004049,0.000000,0.000000,0.000000,27495,180,324,144
"-22,-4",0,85373,0,0,971,4,99999,99999,99999,99999,99999,99999,0.000000,0.000000,0.000000,0.000000,0.000000,0.000000,0.000000,0.000000,0.000000,0.000000,0.000000,0.000000,0.000000,0.000000,0,0,0,0
"-22,-3",0,85373,0,0,981,4,99999,99999,99999,99999,99999,99999,0.000000,0.000000,0.000000,0.000000,0.000000,0.000000,0.000000,0.000000,0.000000,0.000000,0.000000,0.000000,0.000000,0.000000,0,0,0,0
"-22,-2",0,85373,0,0,976,4,99999,99999,99999,99999,99999,99999,0.000000,0.000000,0.000000,0.000000,0.000000,0.000000,0.000000,0.000000,0.000000,0.000000,0.000000,0.000000,0.000000,0.000000,0,0,0,0
"-22,-1",0,85373,0,0,974,4,99999,99999,99999,99999,99999,99999,0.000000,0.000000,0.000000,0.000000,0.000000,0.000000,0.000000,0.000000,0.000000,0.000000,0.000000,0.000000,0.000000,0.000000,0,0,0,0
"-22,0",0,85373,0,0,971,4,99999,99999,99999,99999,99999,99999,0.000000,0.000000,0.000000,0.000000,0.000000,0.000000,0.000000,0.000000,0.000000,0.000000,0.000000,0.000000,0.000000,0.000000,0,0,0,0
"-22,1",0,85373,0,0,976,4,99999,99999,99999,99999,99999,99999,0.000000,0.000000,0.000000,0.000000,0.000000,0.000000,0.000000,0.000000,0.000000,0.000000,0.000000,0.000000,0.000000,0.000000,0,0,0,0
"-22,2",0,85373,0,0,981,4,99999,99999,99999,99999,99999,99999,0.000000,0.000000,0.000000,0.000000,0.000000,0.000000,0.000000,0.000000,0.000000,0.000000,0.000000,0.000000,0.000000,0.000000,0,0,0,0
"-22,3",0,85373,0,0,971,4,99999,99999,99999,99999,99999,99999,0.000000,0.000000,0.000000,0.000000,0.000000,0.000000,0.000000,0.000000,0.000000,0.000000,0.000000,0.000000,0.000000,0.000000,0,0,0,0
"-22,4",0,85373,0,0,974,4,99999,99999,99999,99999,99999,99999,0.000000,0.000000,0.000000,0.000000,0.000000,0.000000,0.000000,0.000000,0.000000,0.000000,0.000000,0.000000,0.000000,0.000000,0,0,0,0
"-22,5",0,85373,0,0,980,4,99999,99999,99999,99999,99999,99999,0.000000,0.000000,0.000000,0.000000,0.000000,0.000000,0.000000,0.000000,0.000000,0.000000,0.000000,0.000000,0.000000,0.000000,0,0,0,0
"-22,6",0,85373,0,0,972,4,99999,99999,99999,99999,99999,99999,0.000000,0.000000,0.000000,0.000000,0.000000,0.000000,0.000000,0.000000,0.000000,0.000000,0.000000,0.000000,0.000000,0.000000,0,0,0,0
"-22,7",0,85373,0,0,984,4,99999,99999,99999,99999,99999,99999,0.000000,0.000000,0.000000,0.000000,0.000000,0.000000,0.000000,0.000000,0.000000,0.000000,0.000000,0.000000,0.000000,0.000000,0,0,0,0
"-22,8",0,85373,0,0,979,4,99999,99999,99999,99999,99999,99999,0.000000,0.000000,0.000000,0.000000,0.000000,0.000000,0.000000,0.000000,0.000000,0.000000,0.000000,0.000000,0.000000,0.000000,0,0,0,0
"-22,9",0,85373,0,0,976,4,99999,99999,99999,99999,99999,99999,0.000000,0.000000,0.000000,0.000000,0.000000,0.000000,0.000000,0.000000,0.000000,0.000000,0.000000,0.000000,0.000000,0.000000,0,0,0,0
"-22,10",0,85373,0,0,72,4,99999,99999,99999,99999,99999,99999,0.000000,0.000000,0.000000,0.000000,0.000000,0.000000,0.000000,0.000000,0.000000,0.000000,0.000000,0.000000,0.000000,0.000000,0,0,0,0
"-22,11",0,85373,0,0,70,4,99999,99999,99999,99999,99999,99999,0.000000,0.000000,0.000000,0.000000,0.000000,0.000000,0.000000,0.000000,0.000000,0.000000,0.000000,0.000000,0.000000,0.000000,0,0,0,0
"-22,12",0,85373,0,0,89,4,99999,99999,99999,99999,99999,99999,0.000000,0.000000,0.000000,0.000000,0.000000,0.000000,0.000000,0.000000,0.000000,0.000000,0.000000,0.000000,0.000000,0.000000,0,0,0,0
"-22,13",0,85373,0,0,77,4,99999,99999,99999,99999,99999,99999,0.000000,0.000000,0.000000,0.000000,0.000000,0.000000,0.000000,0.000000,0.000000,0.000000,0.000000,0.000000,0.000000,0.000000,0,0,0,0
"-22,14",0,85373,0,0,75,4,99999,99999,99999,99999,99999,99999,0.000000,0.000000,0.000000,0.000000,0.000000,0.000000,0.000000,0.000000,0.000000,0.000000,0.000000,0.000000,0.000000,0.000000,0,0,0,0
"-22,15",0,85373,0,0,81,4,99999,99999,99999,99999,99999,99999,0.000000,0.000000,0.000000,0.000000,0.000000,0.000000,0.000000,0.000000,0.000000,0.000000,0.000000,0.000000,0.000000,0.000000,0,0,0,0
"-22,16",0,85373,0,0,75,4,99999,99999,99999,99999,99999,99999,0.000000,0.000000,0.000000,0.000000,0.000000,0.000000,0.000000,0.000000,0.000000,0.000000,0.000000,0.000000,0.000000,0.000000,0,0,0,0
"-22,17",0,85373,0,0,8,4,99999,99999,99999,99999,99999,99999,0.000000,0.000000,0.000000,0.000000,0.000000,0.000000,0.000000,0.000000,0.000000,0.000000,0.000000,0.000000,0.000000,0.000000,0,0,0,0
"-22,18",0,85373,0,0,9,4,99999,99999,99999,99999,99999,99999,0.000000,0.000000,0.000000,0.000000,0.000000,0.000000,0.000000,0.000000,0.000000,0.000000,0.000000,0.000000,0.000000,0.000000,0,0,0,0
"-22,19",0,85373,0,0,8,4,99999,99999,99999,99999,99999,99999,0.000000,0.000000,0.000000,0.000000,0.000000,0.000000,0.000000,0.000000,0.000000,0.000000,0.000000,0.000000,0.000000,0.000000,0,0,0,0
"-22,20",0,85373,0,0,10,4,99999,99999,99999,99999,99999,99999,0.000000,0.000000,0.000000,0.000000,0.000000,0.000000,0.000000,0.000000,0.000000,0.000000,0.000000,0.000000,0.000000,0.000000,0,0,0,0
"-22,21",0,85373,0,0,9,4,99999,99999,99999,99999,99999,99999,0.000000,0.000000,0.000000,0.000000,0.000000,0.000000,0.000000,0.000000,0.000000,0.000000,0.000000,0.000000,0.000000,0.000000,0,0,0,0
"-22,22",0,85373,0,0,4,4,99999,99999,99999,99999,99999,99999,0.000000,0.000000,0.000000,0.000000,0.000000,0.000000,0.000000,0.000000,0.000000,0.000000,0.000000,0.000000,0.000000,0.000000,0,0,0,0
"-22,23",0,85373,0,0,4,4,99999,99999,99999,99999,99999,99999,0.000000,0.000000,0.000000,0.000000,0.000000,0.000000,0.000000,0.000000,0.000000,0.000000,0.000000,0.000000,0.000000,0.000000,0,0,0,0
"-22,24",0,85373,0,0,4,4,99999,99999,99999,99999,99999,99999,0.000000,0.000000,0.000000,0.000000,0.000000,0.000000,0.000000,0.000000,0.000000,0.000000,0.000000,0.000000,0.000000,0.000000,0,0,0,0
"-22,25",0,85373,0,0,4,4,99999,99999,99999,99999,99999,99999,0.000000,0.000000,0.000000,0.000000,0.000000,0.000000,0.000000,0.000000,0.000000,0.000000,0.000000,0.000000,0.000000,0.000000,0,0,0,0
"-22,26",0,85373,0,0,4,4,99999,99999,99999,99999,99999,99999,0.000000,0.000000,0.000000,0.000000,0.000000,0.000000,0.000000,0.000000,0.000000,0.000000,0.000000,0.000000,0.000000,0.000000,0,0,0,0
"-21,-26",42,85397,8,1,1040,2,13,458,634,0,4,4,0.851852,0.105820,0.042328,0.000000,0.000000,0.000000,0.000000,0.760456,0.228137,0.011407,0.000000,0.000000,0.000000,0.000000,27610,181,317,135
"-21,-25",43,85524,9,1,1044,2,13,293,464,0,5,8,0.872222,0.116667,0.011111,0.000000,0.000000,0.000000,0.000000,0.740458,0.206107,0.045802,0.007634,0.000000,0.000000,0.000000,27216,178,316,136
"-21,-24",46,85656,9,1,1038,2,13,145,342,0,4,5,0.900000,0.100000,0.000000,0.000000,0.000000,0.000000,0.000000,0.778182,0.203636,0.014545,0.003636,0.000000,0.000000,0.000000,27495,180,339,159
"-21,-23",45,85785,9,1,1037,2,12,189,336,0,4,6,0.888298,0.111702,0.000000,0.000000,0.000000,0.000000,0.000000,0.823105,0.140794,0.028881,0.007220,0.000000,0.000000,0.000000,28686,188,344,158
"-21,-22",44,85900,9,1,1044,2,40,533,661,0,4,6,0.659341,0.203297,0.137363,0.000000,0.000000,0.000000,0.000000,0.753846,0.205128,0.041026,0.000000,0.000000,0.000000,0.000000,24080,157,300,135
"-21,-21",47,86027,9,1,1041,2,12,261,493,0,4,5,0.837838,0.151351,0.010811,0.000000,0.000000,0.000000,0.000000,0.790323,0.197581,0.008065,0.004032,0.000000,0.000000,0.000000,27951,183,349,166
"-21,-20",47,86146,9,1,1040,2,19,524,559,0,4,7,0.757895,0.163158,0.073684,0.005263,0.000000,0.000000,0.000000,0.771186,0.194915,0.033898,0.000000,0.000000,0.000000,0.000000,26717,175,342,163
"-21,-19",44,86258,9,1,1042,2,19,512,621,0,5,8,0.727778,0.211111,0.061111,0.000000,0.000000,0.000000,0.000000,0.742857,0.190476,0.057143,0.004762,0.004762,0.000000,0.000000,26038,169,311,137
"-21,-18",44,86372,9,1,1040,2,13,201,326,0,4,6,0.850829,0.149171,0.000000,0.000000,0.000000,0.000000,0.000000,0.779592,0.195918,0.020408,0.004082,0.000000,0.000000,0.000000,27561,181,325,144
"-21,-17",54,86503,9,1,1043,2,13,504,543,0,4,8,0.783333,0.155556,0.061111,0.000000,0.000000,0.000000,0.000000,0.791855,0.167421,0.036199,0.004525,0.000000,0.000000,0.000000,25898,169,400,220
"-21,-16",43,86608,9,1,1032,2,9,238,477,0,4,7,0.861111,0.127778,0.011111,0.000000,0.000000,0.000000,0.000000,0.808333,0.162500,0.029167,0.000000,0.000000,0.000000,0.000000,27186,178,316,136
"-21,-15",47,86719,9,1,1042,2,18,535,656,0,4,9,0.772487,0.142857,0.084656,0.000000,0.000000,0.000000,0.000000,0.759336,0.195021,0.033195,0.008299,0.004149,0.000000,0.000000,26540,173,346,164
"-21,-14",45,86828,9,1,1043,2,14,283,411,0,5,9,0.816667,0.183333,0.000000,0.000000,0.000000,0.000000,0.000000,0.767347,0.175510,0.044898,0.012245,0.000000,0.000000,0.000000,27495,180,332,152
"-21,-13",40,86921,9,1,1044,2,16,536,762,0,4,8,0.747253,0.159341,0.087912,0.005495,0.000000,0.000000,0.000000,0.774648,0.183099,0.037559,0.004695,0.000000,0.000000,0.000000,25508,165,286,117
"-21,-12",42,87018,9,1,1042,2,17,231,423,0,4,7,0.805556,0.188889,0.005556,0.000000,0.000000,0.000000,0.000000,0.777778,0.192308,0.025641,0.000000,0.004274,0.000000,0.000000,27191,179,314,134
"-21,-11",50,87128,9,1,1037,2,16,314,494,0,5,8,0.828729,0.160221,0.011050,0.000000,0.000000,0.000000,0.000000,0.749020,0.192157,0.050980,0.007843,0.000000,0.000000,0.000000,27325,179,366,186
"-21,-10",42,87221,9,1,1036,2,12,411,559,0,4,6,0.822581,0.139785,0.037634,0.000000,0.000000,0.000000,0.000000,0.772000,0.188000,0.032000,0.008000,0.000000,0.000000,0.000000,27323,179,311,132
"-21,-9",47,87321,9,1,1041,2,12,218,314,0,4,6,0.900000,0.100000,0.000000,0.000000,0.000000,0.000000,0.000000,0.702206,0.246324,0.047794,0.003676,0.000000,0.000000,0.000000,27495,180,344,164
"-21,-8",46,87326,8,1,1042,2,16,321,454,0,4,8,0.788889,0.211111,0.000000,0.000000,0.000000,0.000000,0.000000,0.753247,0.199134,0.038961,0.008658,0.000000,0.000000,0.000000,27495,180,334,154
"-21,-7",48,87330,8,1,1043,2,16,502,556,0,4,7,0.772222,0.172222,0.055556,0.000000,0.000000,0.000000,0.000000,0.771552,0.198276,0.025862,0.004310,0.000000,0.000000,0.000000,25978,170,341,167
"-21,-6",44,87204,7,1,1042,2,19,461,589,0,4,8,0.769231,0.181319,0.049451,0.000000,0.000000,0.000000,0.000000,0.746988,0.224900,0.028112,0.000000,0.000000,0.000000,0.000000,26336,173,320,142
"-21,-5",40,87093,7,1,1037,2,13,505,550,0,4,6,0.784211,0.136842,0.078947,0.000000,0.000000,0.000000,0.000000,0.807692,0.175214,0.017094,0.000000,0.000000,0.000000,0.000000,26599,175,299,120
"-21,-4",40,86986,7,1,1045,2,18,535,931,0,5,8,0.762431,0.138122,0.082873,0.016575,0.000000,0.000000,0.000000,0.755760,0.188940,0.050691,0.004608,0.000000,0.000000,0.000000,25051,163,280,113
"-21,-3",0,86986,0,0,979,4,99999,99999,99999,99999,99999,99999,0.000000,0.000000,0.000000,0.000000,0.000000,0.000000,0.000000,0.000000,0.000000,0.000000,0.000000,0.000000,0.000000,0.000000,0,0,0,0
"-21,-2",0,86986,0,0,976,4,99999,99999,99999,99999,99999,99999,0.000000,0.000000,0.000000,0.000000,0.000000,0.000000,0.000000,0.000000,0.000000,0.000000,0.000000,0.000000,0.000000,0.000000,0,0,0,0
"-21,-1",0,86986,0,0,968,4,99999,99999,99999,99999,99999,99999,0.000000,0.000000,0.000000,0.000000,0.000000,0.000000,0.000000,0.000000,0.000000,0.000000,0.000000,0.000000,0.000000,0.000000,0,0,0,0
"-21,0",0,86986,0,0,973,4,99999,99999,99999,99999,99999,99999,0.000000,0.000000,0.000000,0.000000,0.000000,0.000000,0.000000,0.000000,0.000000,0.000000,0.000000,0.000000,0.000000,0.000000,0,0,0,0
"-21,1",0,86986,0,0,966,4,99999,99999,99999,99999,99999,99999,0.000000,0.000000,0.000000,0.000000,0.000000,0.000000,0.000000,0.000000,0.000000,0.000000,0.000000,0.000000,0.000000,0.000000,0,0,0,0
"-21,2",0,86986,0,0,978,4,99999,99999,99999,99999,99999,99999,0.000000,0.000000,0.000000,0.000000,0.000000,0.000000,0.000000,0.000000,0.000000,0.000000,0.000000,0.000000,0.000000,0.000000,0,0,0,0
"-21,3",0,86986,0,0,970,4,99999,99999,99999,99999,99999,99999,0.000000,0.000000,0.000000,0.000000,0.000000,0.000000,0.000000,0.000000,0.000000,0.000000,0.000000,0.000000,0.000000,0.000000,0,0,0,0
"-21,4",0,86986,0,0,967,4,99999,99999,99999,99999,99999,99999,0.000000,0.000000,0.000000,0.000000,0.000000,0.000000,0.000000,0.000000,0.000000,0.000000,0.000000,0.000000,0.000000,0.000000,0,0,0,0
"-21,5",0,86986,0,0,980,4,99999,99999,99999,99999,99999,99999,0.000000,0.000000,0.000000,0.000000,0.000000,0.000000,0.000000,0.000000,0.000000,0.000000,0.000000,0.000000,0.000000,0.000000,0,0,0,0
"-21,6",0,86986,0,0,965,4,99999,99999,99999,99999,99999,99999,0.000000,0.000000,0.000000,0.000000,0.000000,0.000000,0.000000,0.000000,0.000000,0.000000,0.000000,0.000000,0.000000,0.000000,0,0,0,0
"-21,7",0,86986,0,0,984,4,99999,99999,99999,99999,99999,99999,0.000000,0.000000,0.000000,0.000000,0.000000,0.000000,0.000000,0.000000,0.000000,0.000000,0.000000,0.000000,0.000000,0.000000,0,0,0,0
"-21,8",0,86986,0,0,978,4,99999,99999,99999,99999,99999,99999,0.000000,0.000000,0.000000,0.000000,0.000000,0.000000,0.000000,0.000000,0.000000,0.000000,0.000000,0.000000,0.000000,0.000000,0,0,0,0
"-21,9",0,86986,0,0,971,4,99999,99999,99999,99999,99999,99999,0.000000,0.000000,0.000000,0.000000,0.000000,0.000000,0.000000,0.000000,0.000000,0.000000,0.000000,0.000000,0.000000,0.000000,0,0,0,0
"-21,10",0,86986,0,0,975,4,99999,99999,99999,99999,99999,99999,0.000000,0.000000,0.000000,0.000000,0.000000,0.000000,0.000000,0.000000,0.000000,0.000000,0.000000,0.000000,0.000000,0.000000,0,0,0,0
"-21,11",0,86986,0,0,85,4,99999,99999,99999,99999,99999,99999,0.000000,0.000000,0.000000,0.000000,0.000000,0.000000,0.000000,0.000000,0.000000,0.000000,0.000000,0.000000,0.000000,0.000000,0,0,0,0
"-21,12",0,86986,0,0,82,4,99999,99999,99999,99999,99999,99999,0.000000,0.000000,0.000000,0.000000,0.000000,0.000000,0.000000,0.000000,0.000000,0.000000,0.000000,0.000000,0.000000,0.000000,0,0,0,0
"-21,13",0,86986,0,0,79,4,99999,99999,99999,99999,99999,99999,0.000000,0.000000,0.000000,0.000000,0.000000,0.000000,0.000000,0.000000,0.000000,0.000000,0.000000,0.000000,0.000000,0.000000,0,0,0,0
"-21,14",0,86986,0,0,75,4,99999,99999,99999,99999,99999,99999,0.000000,0.000000,0.000000,0.000000,0.000000,0.000000,0.000000,0.000000,0.000000,0.000000,0.000000,0.000000,0.000000,0.000000,0,0,0,0
"-21,15",0,86986,0,0,69,4,99999,99999,99999,99999,99999,99999,0.000000,0.000000,0.000000,0.000000,0.000000,0.000000,0.000000,0.000000,0.000000,0.000000,0.000000,0.000000,0.000000,0.000000,0,0,0,0
"-21,16",0,86986,0,0,94,4,99999,99999,99999,99999,99999,99999,0.000000,0.000000,0.000000,0.000000,0.000000,0.000000,0.000000,0.000000,0.000000,0.000000,0.000000,0.000000,0.000000,0.000000,0,0,0,0
"-21,17",0,86986,0,0,10,4,99999,99999,99999,99999,99999,99999,0.000000,0.000000,0.000000,0.000000,0.000000,0.000000,0.000000,0.000000,0.000000,0.000000,0.000000,0.000000,0.000000,0.000000,0,0,0,0
"-21,18",0,86986,0,0,8,4,99999,99999,99999,99999,99999,99999,0.000000,0.000000,0.000000,0.000000,0.000000,0.000000,0.000000,0.000000,0.000000,0.000000,0.000000,0.000000,0.000000,0.000000,0,0,0,0
"-21,19",0,86986,0,0,9,4,99999,99999,99999,99999,99999,99999,0.000000,0.000000,0.000000,0.000000,0.000000,0.000000,0.000000,0.000000,0.000000,0.000000,0.000000,0.000000,0.000000,0.000000,0,0,0,0
"-21,20",0,86986,0,0,9,4,99999,99999,99999,99999,99999,99999,0.000000,0.000000,0.000000,0.000000,0.000000,0.000000,0.000000,0.000000,0.000000,0.000000,0.000000,0.000000,0.000000,0.000000,0,0,0,0
"-21,21",0,86986,0,0,8,4,99999,99999,99999,99999,99999,99999,0.000000,0.000000,0.000000,0.000000,0.000000,0.000000,0.000000,0.000000,0.000000,0.000000,0.000000,0.000000,0.000000,0.000000,0,0,0,0
"-21,22",0,86986,0,0,4,4,99999,99999,99999,99999,99999,99999,0.000000,0.000000,0.000000,0.000000,0.000000,0.000000,0.000000,0.000000,0.000000,0.000000,0.000000,0.000000,0.000000,0.000000,0,0,0,0
"-21,23",0,86986,0,0,4,4,99999,99999,99999,99999,99999,99999,0.000000,0.000000,0.000000,0.000000,0.000000,0.000000,0.000000,0.000000,0.000000,0.000000,0.000000,0.000000,0.000000,0.000000,0,0,0,0
"-21,24",0,86986,0,0,4,4,99999,99999,99999,99999,99999,99999,0.000000,0.000000,0.000000,0.000000,0.000000,0.000000,0.000000,0.000000,0.000000,0.000000,0.000000,0.000000,0.000000,0.000000,0,0,0,0
"-21,25",0,86986,0,0,4,4,99999,99999,99999,99999,99999,99999,0.000000,0.000000,0.000000,0.000000,0.000000,0.000000,0.000000,0.000000,0.000000,0.000000,0.000000,0.000000,0.000000,0.000000,0,0,0,0
"-21,26",0,86986,0,0,4,4,99999,99999,99999,99999,99999,99999,0.000000,0.000000,0.000000,0.000000,0.000000,0.000000,0.000000,0.000000,0.000000,0.000000,0.000000,0.000000,0.000000,0.000000,0,0,0,0
"-20,-26",37,87062,9,1,1037,2,22,529,869,0,4,6,0.673913,0.184783,0.130435,0.010870,0.000000,0.000000,0.000000,0.828125,0.135417,0.036458,0.000000,0.000000,0.000000,0.000000,24059,158,266,100
"-20,-25",39,87146,9,1,1033,2,11,370,541,0,4,6,0.833333,0.138889,0.027778,0.000000,0.000000,0.000000,0.000000,0.784810,0.189873,0.025316,0.000000,0.000000,0.000000,0.000000,26731,175,296,117
"-20,-24",44,87229,9,1,1040,2,23,535,548,0,4,5,0.694444,0.172222,0.127778,0.005556,0.000000,0.000000,0.000000,0.811594,0.169082,0.014493,0.004831,0.000000,0.000000,0.000000,24085,156,288,127
"-20,-23",47,87320,9,1,1045,2,12,460,746,0,4,7,0.833333,0.116667,0.050000,0.000000,0.000000,0.000000,0.000000,0.721116,0.235060,0.039841,0.003984,0.000000,0.000000,0.000000,26053,171,330,157
"-20,-22",43,87405,9,1,1031,2,12,329,530,0,4,6,0.844444,0.127778,0.027778,0.000000,0.000000,0.000000,0.000000,0.775100,0.200803,0.024096,0.000000,0.000000,0.000000,0.000000,26795,175,312,135
"-20,-21",35,87472,9,1,1047,1,74,658,865,0,5,8,0.544444,0.244444,0.200000,0.011111,0.000000,0.000000,0.000000,0.756410,0.166667,0.076923,0.000000,0.000000,0.000000,0.000000,21549,142,250,90
"-20,-20",38,87549,9,1,1034,2,9,92,233,0,4,6,0.961111,0.038889,0.000000,0.000000,0.000000,0.000000,0.000000,0.801471,0.165441,0.029412,0.003676,0.000000,0.000000,0.000000,27495,180,293,113
"-20,-19",40,87626,9,1,1048,2,15,228,517,0,4,6,0.872222,0.111111,0.016667,0.000000,0.000000,0.000000,0.000000,0.798319,0.168067,0.033613,0.000000,0.000000,0.000000,0.000000,27053,177,301,122
"-20,-18",41,87705,9,1,1044,2,13,211,325,0,4,7,0.878453,0.121547,0.000000,0.000000,0.000000,0.000000,0.000000,0.756757,0.204633,0.027027,0.007722,0.003861,0.000000,0.000000,27561,181,309,128
"-20,-17",49,87791,9,1,1035,2,12,121,213,0,4,5,0.916667,0.083333,0.000000,0.000000,0.000000,0.000000,0.000000,0.777778,0.204301,0.014337,0.003584,0.000000,0.000000,0.000000,27495,180,353,173
"-20,-16",42,87858,9,1,1042,1,27,540,758,0,4,8,0.644444,0.161111,0.194444,0.000000,0.000000,0.000000,0.000000,0.779006,0.187845,0.022099,0.011050,0.000000,0.000000,0.000000,22405,145,264,111
"-20,-15",48,87940,9,1,1032,2,25,523,746,0,5,6,0.642857,0.263736,0.093407,0.000000,0.000000,0.000000,0.000000,0.793814,0.149485,0.056701,0.000000,0.000000,0.000000,0.000000,25342,165,339,163
"-20,-14",44,88018,9,1,1031,2,11,281,389,0,4,8,0.852459,0.147541,0.000000,0.000000,0.000000,0.000000,0.000000,0.770161,0.185484,0.036290,0.008065,0.000000,0.000000,0.000000,27951,183,326,146
"-20,-13",46,88094,9,1,1036,2,11,219,381,0,4,6,0.878453,0.121547,0.000000,0.000000,0.000000,0.000000,0.000000,0.779528,0.181102,0.035433,0.003937,0.000000,0.000000,0.000000,27659,181,335,155
"-20,-12",46,88171,9,1,1039,2,15,525,689,0,4,6,0.777778,0.155556,0.066667,0.000000,0.000000,0.000000,0.000000,0.772321,0.196429,0.031250,0.000000,0.000000,0.000000,0.000000,25647,168,338,158
"-20,-11",45,88242,9,1,1045,2,15,494,541,0,4,8,0.856354,0.093923,0.049724,0.000000,0.000000,0.000000,0.000000,0.806084,0.155894,0.026616,0.007605,0.003802,0.000000,0.000000,26393,172,318,145
"-20,-10",43,88310,9,1,1039,2,17,524,579,0,4,7,0.783333,0.144444,0.066667,0.005556,0.000000,0.000000,0.000000,0.741228,0.214912,0.043860,0.000000,0.000000,0.000000,0.000000,25636,167,304,132
"-20,-9",41,88377,9,1,1041,2,11,70,119,0,4,8,0.977778,0.022222,0.000000,0.000000,0.000000,0.000000,0.000000,0.781362,0.193548,0.017921,0.007168,0.000000,0.000000,0.000000,27495,180,307,127
"-20,-8",39,88437,9,1,1031,2,14,500,540,0,4,4,0.777778,0.166667,0.055556,0.000000,0.000000,0.000000,0.000000,0.816901,0.173709,0.004695,0.004695,0.000000,0.000000,0.000000,25859,170,288,114
"-20,-7",42,88487,9,1,1051,2,15,427,545,0,4,6,0.800000,0.166667,0.033333,0.000000,0.000000,0.000000,0.000000,0.734234,0.225225,0.040541,0.000000,0.000000,0.000000,0.000000,26674,174,312,133
"-20,-6",42,88482,8,1,1040,2,11,128,325,0,4,7,0.922222,0.077778,0.000000,0.000000,0.000000,0.000000,0.000000,0.756364,0.192727,0.043636,0.003636,0.003636,0.000000,0.000000,27495,180,312,132
"-20,-5",43,88372,7,1,1034,2,16,517,690,0,4,7,0.766667,0.161111,0.072222,0.000000,0.000000,0.000000,0.000000,0.741071,0.218750,0.035714,0.004464,0.000000,0.000000,0.000000,25561,167,305,133
"-20,-4",56,88234,7,1,1035,3,14,428,511,0,4,5,0.827778,0.138889,0.033333,0.000000,0.000000,0.000000,0.000000,0.768061,0.209125,0.022814,0.000000,0.000000,0.000000,0.000000,26428,174,408,229
"-20,-3",0,88234,0,0,980,4,99999,99999,99999,99999,99999,99999,0.000000,0.000000,0.000000,0.000000,0.000000,0.000000,0.000000,0.000000,0.000000,0.000000,0.000000,0.000000,0.000000,0.000000,0,0,0,0
"-20,-2",0,88234,0,0,971,4,99999,99999,99999,99999,99999,99999,0.000000,0.000000,0.000000,0.000000,0.000000,0.000000,0.000000,0.000000,0.000000,0.000000,0.000000,0.000000,0.000000,0.000000,0,0,0,0
"-20,-1",0,88234,0,0,982,4,99999,99999,99999,99999,99999,99999,0.000000,0.000000,0.000000,0.000000,0.000000,0.000000,0.000000,0.000000,0.000000,0.000000,0.000000,0.000000,0.000000,0.000000,0,0,0,0
"-20,0",0,88234,0,0,973,4,99999,99999,99999,99999,99999,99999,0.000000,0.000000,0.000000,0.000000,0.000000,0.000000,0.000000,0.000000,0.000000,0.000000,0.000000,0.000000,0.000000,0.000000,0,0,0,0
"-20,1",0,88234,0,0,976,4,99999,99999,99999,99999,99999,99999,0.000000,0.000000,0.000000,0.000000,0.000000,0.000000,0.000000,0.000000,0.000000,0.000000,0.000000,0.000000,0.000000,0.000000,0,0,0,0
"-20,2",0,88234,0,0,971,4,99999,99999,99999,99999,99999,99999,0.000000,0.000000,0.000000,0.000000,0.000000,0.000000,0.000000,0.000000,0.000000,0.000000,0.000000,0.000000,0.000000,0.000000,0,0,0,0
"-20,3",0,88234,0,0,980,4,99999,99999,99999,99999,99999,99999,0.000000,0.000000,0.000000,0.000000,0.000000,0.000000,0.000000,0.000000,0.000000,0.000000,0.000000,0.000000,0.000000,0.000000,0,0,0,0
"-20,4",0,88234,0,0,972,4,99999,99999,99999,99999,99999,99999,0.000000,0.000000,0.000000,0.000000,0.000000,0.000000,0.000000,0.000000,0.000000,0.000000,0.000000,0.000000,0.000000,0.000000,0,0,0,0
"-20,5",0,88234,0,0,973,4,99999,99999,99999,99999,99999,99999,0.000000,0.000000,0.000000,0.000000,0.000000,0.000000,0.000000,0.000000,0.000000,0.000000,0.000000,0.000000,0.000000,0.000000,0,0,0,0
"-20,6",0,88234,0,0,971,4,99999,99999,99999,99999,99999,99999,0.000000,0.000000,0.000000,0.000000,0.000000,0.000000,0.000000,0.000000,0.000000,0.000000,0.000000,0.000000,0.000000,0.000000,0,0,0,0
"-20,7",0,88234,0,0,972,4,99999,99999,99999,99999,99999,99999,0.000000,0.000000,0.000000,0.000000,0.000000,0.000000,0.000000,0.000000,0.000000,0.000000,0.000000,0.000000,0.000000,0.000000,0,0,0,0
"-20,8",0,88234,0,0,980,4,99999,99999,99999,99999,99999,99999,0.000000,0.000000,0.000000,0.000000,0.000000,0.000000,0.000000,0.000000,0.000000,0.000000,0.000000,0.000000,0.000000,0.000000,0,0,0,0
"-20,9",0,88234,0,0,978,4,99999,99999,99999,99999,99999,99999,0.000000,0.000000,0.000000,0.000000,0.000000,0.000000,0.000000,0.000000,0.000000,0.000000,0.000000,0.000000,0.000000,0.000000,0,0,0,0
"-20,10",0,88234,0,0,987,4,99999,99999,99999,99999,99999,99999,0.000000,0.000000,0.000000,0.000000,0.000000,0.000000,0.000000,0.000000,0.000000,0.000000,0.000000,0.000000,0.000000,0.000000,0,0,0,0
"-20,11",0,88234,0,0,71,4,99999,99999,99999,99999,99999,99999,0.000000,0.000000,0.000000,0.000000,0.000000,0.000000,0.000000,0.000000,0.000000,0.000000,0.000000,0.000000,0.000000,0.000000,0,0,0,0
"-20,12",0,88234,0,0,69,4,99999,99999,99999,99999,99999,99999,0.000000,0.000000,0.000000,0.000000,0.000000,0.000000,0.000000,0.000000,0.000000,0.000000,0.000000,0.000000,0.000000,0.000000,0,0,0,0
"-20,13",0,88234,0,0,76,4,99999,99999,99999,99999,99999,99999,0.000000,0.000000,0.000000,0.000000,0.000000,0.000000,0.000000,0.000000,0.000000,0.000000,0.000000,0.000000,0.000000,0.000000,0,0,0,0
"-20,14",0,88234,0,0,83,4,99999,99999,99999,99999,99999,99999,0.000000,0.000000,0.000000,0.000000,0.000000,0.000000,0.000000,0.000000,0.000000,0.000000,0.000000,0.000000,0.000000,0.000000,0,0,0,0
"-20,15",0,88234,0,0,74,4,99999,99999,99999,99999,99999,99999,0.000000,0.000000,0.000000,0.000000,0.000000,0.000000,0.000000,0.000000,0.000000,0.000000,0.000000,0.000000,0.000000,0.000000,0,0,0,0
"-20,16",0,88234,0,0,70,4,99999,99999,99999,99999,99999,99999,0.000000,0.000000,0.000000,0.000000,0.000000,0.000000,0.000000,0.000000,0.000000,0.000000,0.000000,0.000000,0.000000,0.000000,0,0,0,0
"-20,17",0,88234,0,0,76,4,99999,99999,99999,99999,99999,99999,0.000000,0.000000,0.000000,0.000000,0.000000,0.000000,0.000000,0.000000,0.000000,0.000000,0.000000,0.000000,0.000000,0.000000,0,0,0,0
"-20,18",0,88234,0,0,7,4,99999,99999,99999,99999,99999,99999,0.000000,0.000000,0.000000,0.000000,0.000000,0.000000,0.000000,0.000000,0.000000,0.000000,0.000000,0.000000,0.000000,0.000000,0,0,0,0
"-20,19",0,88234,0,0,8,4,99999,99999,99999,99999,99999,99999,0.000000,0.000000,0.000000,0.000000,0.000000,0.000000,0.000000,0.000000,0.000000,0.000000,0.000000,0.000000,0.000000,0.000000,0,0,0,0
"-20,20",0,88234,0,0,8,4,99999,99999,99999,99999,99999,99999,0.000000,0.000000,0.000000,0.000000,0.000000,0.000000,0.000000,0.000000,0.000000,0.000000,0.000000,0.000000,0.000000,0.000000,0,0,0,0
"-20,21",0,88234,0,0,7,4,99999,99999,99999,99999,99999,99999,0.000000,0.000000,0.000000,0.000000,0.000000,0.000000,0.000000,0.000000,0.000000,0.000000,0.000000,0.000000,0.000000,0.000000,0,0,0,0
"-20,22",0,88234,0,0,5,4,99999,99999,99999,99999,99999,99999,0.000000,0.000000,0.000000,0.000000,0.000000,0.000000,0.000000,0.000000,0.000000,0.000000,0.000000,0.000000,0.000000,0.000000,0,0,0,0
"-20,23",0,88234,0,0,4,4,99999,99999,99999,99999,99999,99999,0.000000,0.000000,0.000000,0.000000,0.000000,0.000000,0.000000,0.000000,0.000000,0.000000,0.000000,0.000000,0.000000,0.000000,0,0,0,0
"-20,24",0,88234,0,0,4,4,99999,99999,99999,99999,99999,99999,0.000000,0.000000,0.000000,0.000000,0.000000,0.000000,0.000000,0.000000,0.000000,0.000000,0.000000,0.000000,0.000000,0.000000,0,0,0,0
"-20,25",0,88234,0,0,4,4,99999,99999,99999,99999,99999,99999,0.000000,0.000000,0.000000,0.000000,0.000000,0.000000,0.000000,0.000000,0.000000,0.000000,0.000000,0.000000,0.000000,0.000000,0,0,0,0
"-20,26",0,88234,0,0,4,4,99999,99999,99999,99999,99999,99999,0.000000,0.000000,0.000000,0.000000,0.000000,0.000000,0.000000,0.000000,0.000000,0.000000,0.000000,0.000000,0.000000,0.000000,0,0,0,0
"-19,-26",44,88300,9,1,1042,2,15,504,549,0,4,8,0.800000,0.144444,0.055556,0.000000,0.000000,0.000000,0.000000,0.781250,0.183036,0.026786,0.008929,0.000000,0.000000,0.000000,26142,170,314,140
"-19,-25",43,88366,9,1,1039,2,15,391,504,0,4,8,0.805556,0.177778,0.016667,0.000000,0.000000,0.000000,0.000000,0.800000,0.154167,0.041667,0.004167,0.000000,0.000000,0.000000,27111,177,315,136
"-19,-24",44,88431,9,1,1034,2,11,157,309,0,4,6,0.883333,0.116667,0.000000,0.000000,0.000000,0.000000,0.000000,0.750973,0.214008,0.035019,0.000000,0.000000,0.000000,0.000000,27495,180,323,143
"-19,-23",40,88487,9,1,1044,2,21,531,779,0,4,8,0.700000,0.172222,0.127778,0.000000,0.000000,0.000000,0.000000,0.770000,0.185000,0.045000,0.000000,0.000000,0.000000,0.000000,24029,157,275,112
"-19,-22",40,88547,9,1,1038,2,16,527,537,0,4,6,0.769231,0.131868,0.098901,0.000000,0.000000,0.000000,0.000000,0.800926,0.171296,0.027778,0.000000,0.000000,0.000000,0.000000,25073,164,277,111
"-19,-21",43,88606,9,1,1042,2,13,723,1042,0,4,6,0.850000,0.077778,0.038889,0.033333,0.000000,0.000000,0.000000,0.754032,0.209677,0.036290,0.000000,0.000000,0.000000,0.000000,25392,167,299,129
"-19,-20",46,88671,9,1,1037,2,16,293,634,0,4,8,0.861111,0.105556,0.033333,0.000000,0.000000,0.000000,0.000000,0.752768,0.210332,0.029520,0.007380,0.000000,0.000000,0.000000,26529,174,329,152
"-19,-19",42,88729,9,1,1038,2,16,482,577,0,4,6,0.766667,0.183333,0.050000,0.000000,0.000000,0.000000,0.000000,0.808036,0.165179,0.022321,0.004464,0.000000,0.000000,0.000000,26123,171,312,134
"-19,-18",50,88789,9,1,1043,2,33,595,743,0,4,7,0.602210,0.176796,0.220994,0.000000,0.000000,0.000000,0.000000,0.748571,0.211429,0.034286,0.005714,0.000000,0.000000,0.000000,21656,141,323,163
"-19,-17",43,88926,10,1,1043,2,23,505,528,0,4,10,0.677778,0.261111,0.061111,0.000000,0.000000,0.000000,0.000000,0.792350,0.158470,0.027322,0.010929,0.010929,0.000000,0.000000,25880,169,309,134
"-19,-16",50,88985,9,1,1043,2,96,678,832,0,4,6,0.505556,0.277778,0.211111,0.005556,0.000000,0.000000,0.000000,0.689873,0.259494,0.044304,0.006329,0.000000,0.000000,0.000000,21528,141,322,164
"-19,-15",42,89039,9,1,1037,2,14,513,556,0,4,8,0.754098,0.180328,0.065574,0.000000,0.000000,0.000000,0.000000,0.801762,0.167401,0.030837,0.000000,0.000000,0.000000,0.000000,26257,171,294,124
"-19,-14",41,89094,9,1,1042,2,14,303,465,0,4,9,0.827778,0.161111,0.011111,0.000000,0.000000,0.000000,0.000000,0.761317,0.197531,0.028807,0.012346,0.000000,0.000000,0.000000,27333,179,307,127
"-19,-13",41,89146,9,1,1042,2,11,145,406,0,4,6,0.933333,0.061111,0.005556,0.000000,0.000000,0.000000,0.000000,0.807087,0.161417,0.031496,0.000000,0.000000,0.000000,0.000000,27347,179,307,127
"-19,-12",48,89204,9,1,1045,2,17,528,571,0,4,6,0.733333,0.150000,0.116667,0.000000,0.000000,0.000000,0.000000,0.738739,0.211712,0.049550,0.000000,0.000000,0.000000,0.000000,24323,159,341,164
"-19,-11",42,89257,9,1,1038,2,16,510,549,0,4,8,0.777778,0.155556,0.066667,0.000000,0.000000,0.000000,0.000000,0.814159,0.159292,0.022124,0.004425,0.000000,0.000000,0.000000,25720,168,301,129
"-19,-10",44,89309,9,1,1041,2,15,574,808,0,4,8,0.844444,0.088889,0.066667,0.000000,0.000000,0.000000,0.000000,0.756654,0.212928,0.019011,0.011407,0.000000,0.000000,0.000000,25539,168,309,139
"-19,-9",51,89368,9,1,1038,2,17,527,659,0,5,6,0.714286,0.208791,0.076923,0.000000,0.000000,0.000000,0.000000,0.766355,0.177570,0.056075,0.000000,0.000000,0.000000,0.000000,25620,168,356,183
"-19,-8",42,89413,9,1,1039,2,34,546,742,0,4,8,0.605556,0.233333,0.155556,0.005556,0.000000,0.000000,0.000000,0.718085,0.250000,0.026596,0.005319,0.000000,0.000000,0.000000,23288,151,275,117
"-19,-7",46,89466,9,1,1043,2,16,358,523,0,5,8,0.800000,0.172222,0.027778,0.000000,0.000000,0.000000,0.000000,0.732218,0.213389,0.050209,0.004184,0.000000,0.000000,0.000000,26761,175,335,155
"-19,-6",44,89455,8,1,1037,2,10,369,522,0,4,5,0.883333,0.077778,0.038889,0.000000,0.000000,0.000000,0.000000,0.787149,0.192771,0.020080,0.000000,0.000000,0.000000,0.000000,26427,173,324,144
"-19,-5",41,89445,8,1,1038,2,15,502,606,0,4,7,0.773481,0.171271,0.055249,0.000000,0.000000,0.000000,0.000000,0.801802,0.166667,0.031532,0.000000,0.000000,0.000000,0.000000,25973,171,302,126
"-19,-4",46,89343,7,1,1034,2,31,514,594,0,4,7,0.650000,0.244444,0.100000,0.005556,0.000000,0.000000,0.000000,0.796209,0.175355,0.023697,0.004739,0.000000,0.000000,0.000000,24348,161,321,150
"-19,-3",36,89259,7,1,1045,2,26,588,882,0,5,8,0.661111,0.194444,0.133333,0.011111,0.000000,0.000000,0.000000,0.747423,0.195876,0.056701,0.000000,0.000000,0.000000,0.000000,23626,154,265,96
"-19,-2",0,89259,0,0,970,4,99999,99999,99999,99999,99999,99999,0.000000,0.000000,0.000000,0.000000,0.000000,0.000000,0.000000,0.000000,0.000000,0.000000,0.000000,0.000000,0.000000,0.000000,0,0,0,0
"-19,-1",0,89259,0,0,982,4,99999,99999,99999,99999,99999,99999,0.000000,0.000000,0.000000,0.000000,0.000000,0.000000,0.000000,0.000000,0.000000,0.000000,0.000000,0.000000,0.000000,0.000000,0,0,0,0
"-19,0",0,89259,0,0,978,4,99999,99999,99999,99999,99999,99999,0.000000,0.000000,0.000000,0.000000,0.000000,0.000000,0.000000,0.000000,0.000000,0.000000,0.000000,0.000000,0.000000,0.000000,0,0,0,0
"-19,1",0,89259,0,0,967,4,99999,99999,99999,99999,99999,99999,0.000000,0.000000,0.000000,0.000000,0.000000,0.000000,0.000000,0.000000,0.000000,0.000000,0.000000,0.000000,0.000000,0.000000,0,0,0,0
"-19,2",0,89259,0,0,971,4,99999,99999,99999,99999,99999,99999,0.000000,0.000000,0.000000,0.000000,0.000000,0.000000,0.000000,0.000000,0.000000,0.000000,0.000000,0.000000,0.000000,0.000000,0,0,0,0
"-19,3",0,89259,0,0,984,4,99999,99999,99999,99999,99999,99999,0.000000,0.000000,0.000000,0.000000,0.000000,0.000000,0.000000,0.000000,0.000000,0.000000,0.000000,0.000000,0.000000,0.000000,0,0,0,0
"-19,4",0,89259,0,0,974,4,99999,99999,99999,99999,99999,99999,0.000000,0.000000,0.000000,0.000000,0.000000,0.000000,0.000000,0.000000,0.000000,0.000000,0.000000,0.000000,0.000000,0.000000,0,0,0,0
"-19,5",0,89259,0,0,977,4,99999,99999,99999,99999,99999,99999,0.000000,0.000000,0.000000,0.000000,0.000000,0.000000,0.000000,0.000000,0.000000,0.000000,0.000000,0.000000,0.000000,0.000000,0,0,0,0
"-19,6",0,89259,0,0,981,4,99999,99999,99999,99999,99999,99999,0.000000,0.000000,0.000000,0.000000,0.000000,0.000000,0.000000,0.000000,0.000000,0.000000,0.000000,0.000000,0.000000,0.000000,0,0,0,0
"-19,7",0,89259,0,0,976,4,99999,99999,99999,99999,99999,99999,0.000000,0.000000,0.000000,0.000000,0.000000,0.000000,0.000000,0.000000,0.000000,0.000000,0.000000,0.000000,0.000000,0.000000,0,0,0,0
"-19,8",0,89259,0,0,970,4,99999,99999,99999,99999,99999,99999,0.000000,0.000000,0.000000,0.000000,0.000000,0.000000,0.000000,0.000000,0.000000,0.000000,0.000000,0.000000,0.000000,0.000000,0,0,0,0
"-19,9",0,89259,0,0,973,4,99999,99999,99999,99999,99999,99999,0.000000,0.000000,0.000000,0.000000,0.000000,0.000000,0.000000,0.000000,0.000000,0.000000,0.000000,0.000000,0.000000,0.000000,0,0,0,0
"-19,10",0,89259,0,0,968,4,99999,99999,99999,99999,99999,99999,0.000000,0.000000,0.000000,0.000000,0.000000,0.000000,0.000000,0.000000,0.000000,0.000000,0.000000,0.000000,0.000000,0.000000,0,0,0,0
"-19,11",0,89259,0,0,76,4,99999,99999,99999,99999,99999,99999,0.000000,0.000000,0.000000,0.000000,0.000000,0.000000,0.000000,0.000000,0.000000,0.000000,0.000000,0.000000,0.000000,0.000000,0,0,0,0
"-19,12",0,89259,0,0,82,4,99999,99999,99999,99999,99999,99999,0.000000,0.000000,0.000000,0.000000,0.000000,0.000000,0.000000,0.000000,0.000000,0.000000,0.000000,0.000000,0.000000,0.000000,0,0,0,0
"-19,13",0,89259,0,0,66,4,99999,99999,99999,99999,99999,99999,0.000000,0.000000,0.000000,0.000000,0.000000,0.000000,0.000000,0.000000,0.000000,0.000000,0.000000,0.000000,0.000000,0.000000,0,0,0,0
"-19,14",0,89259,0,0,74,4,99999,99999,99999,99999,99999,99999,0.000000,0.000000,0.000000,0.000000,0.000000,0.000000,0.000000,0.000000,0.000000,0.000000,0.000000,0.000000,0.000000,0.000000,0,0,0,0
"-19,15",0,89259,0,0,88,4,99999,99999,99999,99999,99999,99999,0.000000,0.000000,0.000000,0.000000,0.000000,0.000000,0.000000,0.000000,0.000000,0.000000,0.000000,0.000000,0.000000,0.000000,0,0,0,0
"-19,16",0,89259,0,0,87,4,99999,99999,99999,99999,99999,99999,0.000000,0.000000,0.000000,0.000000,0.000000,0.000000,0.000000,0.000000,0.000000,0.000000,0.000000,0.000000,0.000000,0.000000,0,0,0,0
"-19,17",0,89259,0,0,79,4,99999,99999,99999,99999,99999,99999,0.000000,0.000000,0.000000,0.000000,0.000000,0.000000,0.000000,0.000000,0.000000,0.000000,0.000000,0.000000,0.000000,0.000000,0,0,0,0
"-19,18",0,89259,0,0,8,4,99999,99999,99999,99999,99999,99999,0.000000,0.000000,0.000000,0.000000,0.000000,0.000000,0.000000,0.000000,0.000000,0.000000,0.000000,0.000000,0.000000,0.000000,0,0,0,0
"-19,19",0,89259,0,0,8,4,99999,99999,99999,99999,99999,99999,0.000000,0.000000,0.000000,0.000000,0.000000,0.000000,0.000000,0.000000,0.000000,0.000000,0.000000,0.000000,0.000000,0.000000,0,0,0,0
"-19,20",0,89259,0,0,9,4,99999,99999,99999,99999,99999,99999,0.000000,0.000000,0.000000,0.000000,0.000000,0.000000,0.000000,0.000000,0.000000,0.000000,0.000000,0.000000,0.000000,0.000000,0,0,0,0
"-19,21",0,89259,0,0,7,4,99999,99999,99999,99999,99999,99999,0.000000,0.000000,0.000000,0.000000,0.000000,0.000000,0.000000,0.000000,0.000000,0.000000,0.000000,0.000000,0.000000,0.000000,0,0,0,0
"-19,22",0,89259,0,0,8,4,99999,99999,99999,99999,99999,99999,0.000000,0.000000,0.000000,0.000000,0.000000,0.000000,0.000000,0.000000,0.000000,0.000000,0.000000,0.000000,0.000000,0.000000,0,0,0,0
"-19,23",0,89259,0,0,4,4,99999,99999,99999,99999,99999,99999,0.000000,0.000000,0.000000,0.000000,0.000000,0.000000,0.000000,0.000000,0.000000,0.000000,0.000000,0.000000,0.000000,0.000000,0,0,0,0
"-19,24",0,89259,0,0,4,4,99999,99999,99999,99999,99999,99999,0.000000,0.000000,0.000000,0.000000,0.000000,0.000000,0.000000,0.000000,0.000000,0.000000,0.000000,0.000000,0.000000,0.000000,0,0,0,0
"-19,25",0,89259,0,0,4,4,99999,99999,99999,99999,99999,99999,0.000000,0.000000,0.000000,0.000000,0.000000,0.000000,0.000000,0.000000,0.000000,0.000000,0.000000,0.000000,0.000000,0.000000,0,0,0,0
"-19,26",0,89259,0,0,4,4,99999,99999,99999,99999,99999,99999,0.000000,0.000000,0.000000,0.000000,0.000000,0.000000,0.000000,0.000000,0.000000,0.000000,0.000000,0.000000,0.000000,0.000000,0,0,0,0
"-18,-26",42,89308,9,1,1046,2,14,277,503,0,4,6,0.875000,0.109375,0.015625,0.000000,0.000000,0.000000,0.000000,0.802281,0.171103,0.019011,0.007605,0.000000,0.000000,0.000000,28886,189,331,142
"-18,-25",47,89360,9,1,1039,2,18,509,556,0,5,7,0.777778,0.155556,0.066667,0.000000,0.000000,0.000000,0.000000,0.757447,0.187234,0.055319,0.000000,0.000000,0.000000,0.000000,25672,168,334,160
"-18,-24",39,89406,9,1,1048,2,18,506,637,0,4,6,0.733333,0.194444,0.072222,0.000000,0.000000,0.000000,0.000000,0.745000,0.210000,0.035000,0.000000,0.010000,0.000000,0.000000,25589,167,290,114
"-18,-23",46,89458,9,1,1037,2,15,278,354,0,5,9,0.805556,0.194444,0.000000,0.000000,0.000000,0.000000,0.000000,0.793388,0.152893,0.037190,0.016529,0.000000,0.000000,0.000000,27495,180,334,154
"-18,-22",39,89504,9,1,1037,2,11,319,498,0,4,6,0.855556,0.133333,0.011111,0.000000,0.000000,0.000000,0.000000,0.821739,0.152174,0.026087,0.000000,0.000000,0.000000,0.000000,27243,178,295,116
"-18,-21",47,89630,10,1,1046,2,38,505,589,0,4,8,0.661111,0.266667,0.072222,0.000000,0.000000,0.000000,0.000000,0.683938,0.279793,0.036269,0.000000,0.000000,0.000000,0.000000,25570,167,332,158
"-18,-20",39,89734,10,1,1042,2,28,549,666,0,4,8,0.603175,0.248677,0.148148,0.000000,0.000000,0.000000,0.000000,0.786127,0.161850,0.040462,0.005780,0.005780,0.000000,0.000000,24763,161,285,114
"-18,-19",43,89855,10,1,1040,2,14,383,534,0,4,5,0.794444,0.183333,0.022222,0.000000,0.000000,0.000000,0.000000,0.808036,0.160714,0.026786,0.004464,0.000000,0.000000,0.000000,26911,176,319,139
"-18,-18",51,89979,10,1,1037,2,26,525,710,0,4,7,0.679775,0.224719,0.095506,0.000000,0.000000,0.000000,0.000000,0.770408,0.204082,0.020408,0.005102,0.000000,0.000000,0.000000,24847,162,349,181
"-18,-17",47,90104,10,1,1033,2,14,302,541,0,4,5,0.838889,0.133333,0.027778,0.000000,0.000000,0.000000,0.000000,0.803419,0.170940,0.017094,0.008547,0.000000,0.000000,0.000000,26586,175,346,166
"-18,-16",50,90232,10,1,1032,2,14,349,497,0,4,5,0.783333,0.205556,0.011111,0.000000,0.000000,0.000000,0.000000,0.800000,0.173913,0.026087,0.000000,0.000000,0.000000,0.000000,27171,178,365,185
"-18,-15",48,90338,10,1,1040,2,30,544,602,0,4,6,0.645503,0.164021,0.190476,0.000000,0.000000,0.000000,0.000000,0.743590,0.235897,0.020513,0.000000,0.000000,0.000000,0.000000,23300,153,308,148
"-18,-14",44,90444,10,1,1033,2,17,616,756,0,4,8,0.696133,0.165746,0.138122,0.000000,0.000000,0.000000,0.000000,0.816327,0.142857,0.030612,0.005102,0.005102,0.000000,0.000000,23745,156,297,132
"-18,-13",40,90553,10,1,1039,2,15,507,638,0,4,5,0.718232,0.226519,0.055249,0.000000,0.000000,0.000000,0.000000,0.771574,0.203046,0.025381,0.000000,0.000000,0.000000,0.000000,26414,171,304,124
"-18,-12",45,90595,9,1,1040,2,16,206,470,0,4,6,0.850000,0.138889,0.011111,0.000000,0.000000,0.000000,0.000000,0.797468,0.172996,0.029536,0.000000,0.000000,0.000000,0.000000,27163,178,329,149
"-18,-11",43,90634,9,1,1043,2,19,505,536,0,5,8,0.783333,0.155556,0.061111,0.000000,0.000000,0.000000,0.000000,0.798165,0.133028,0.064220,0.004587,0.000000,0.000000,0.000000,25962,169,319,140
"-18,-10",44,90671,9,1,1052,2,25,524,595,0,5,8,0.683333,0.222222,0.088889,0.005556,0.000000,0.000000,0.000000,0.732673,0.202970,0.064356,0.000000,0.000000,0.000000,0.000000,24848,163,300,133
"-18,-9",41,90708,9,1,1044,2,15,326,441,0,5,9,0.800000,0.194444,0.005556,0.000000,0.000000,0.000000,0.000000,0.780702,0.162281,0.043860,0.013158,0.000000,0.000000,0.000000,27379,179,309,129
"-18,-8",42,90744,9,1,1041,2,18,465,551,0,4,8,0.744444,0.211111,0.044444,0.000000,0.000000,0.000000,0.000000,0.774336,0.176991,0.044248,0.004425,0.000000,0.000000,0.000000,26212,172,302,128
"-18,-7",37,90778,9,1,1042,2,15,518,540,0,4,5,0.761111,0.183333,0.055556,0.000000,0.000000,0.000000,0.000000,0.811594,0.159420,0.028986,0.000000,0.000000,0.000000,0.000000,25908,170,275,103
"-18,-6",46,90816,9,1,1044,2,18,543,726,0,4,8,0.727778,0.155556,0.116667,0.000000,0.000000,0.000000,0.000000,0.780374,0.191589,0.023364,0.004673,0.000000,0.000000,0.000000,24145,159,324,152
"-18,-5",45,90799,8,1,1039,2,14,118,214,0,4,6,0.933333,0.066667,0.000000,0.000000,0.000000,0.000000,0.000000,0.726619,0.241007,0.028777,0.003597,0.000000,0.000000,0.000000,27495,180,330,150
"-18,-4",50,90783,8,1,1037,2,81,555,738,0,4,5,0.511111,0.211111,0.277778,0.000000,0.000000,0.000000,0.000000,0.732143,0.238095,0.023810,0.005952,0.000000,0.000000,0.000000,19554,130,300,152
"-18,-3",43,90688,7,1,1039,2,14,266,504,0,4,5,0.855556,0.127778,0.016667,0.000000,0.000000,0.000000,0.000000,0.764706,0.215686,0.015686,0.003922,0.000000,0.000000,0.000000,27023,177,318,139
"-18,-2",50,90584,7,1,1043,2,14,505,725,0,4,7,0.816667,0.116667,0.066667,0.000000,0.000000,0.000000,0.000000,0.762097,0.193548,0.040323,0.004032,0.000000,0.000000,0.000000,25750,168,351,179
"-18,-1",0,90584,0,0,984,4,99999,99999,99999,99999,99999,99999,0.000000,0.000000,0.000000,0.000000,0.000000,0.000000,0.000000,0.000000,0.000000,0.000000,0.000000,0.000000,0.000000,0.000000,0,0,0,0
"-18,0",0,90584,0,0,971,4,99999,99999,99999,99999,99999,99999,0.000000,0.000000,0.000000,0.000000,0.000000,0.000000,0.000000,0.000000,0.000000,0.000000,0.000000,0.000000,0.000000,0.000000,0,0,0,0
"-18,1",0,90584,0,0,981,4,99999,99999,99999,99999,99999,99999,0.000000,0.000000,0.000000,0.000000,0.000000,0.000000,0.000000,0.000000,0.000000,0.000000,0.000000,0.000000,0.000000,0.000000,0,0,0,0
"-18,2",0,90584,0,0,973,4,99999,99999,99999,99999,99999,99999,0.000000,0.000000,0.000000,0.000000,0.000000,0.000000,0.000000,0.000000,0.000000,0.000000,0.000000,0.000000,0.000000,0.000000,0,0,0,0
"-18,3",0,90584,0,0,973,4,99999,99999,99999,99999,99999,99999,0.000000,0.000000,0.000000,0.000000,0.000000,0.000000,0.000000,0.000000,0.000000,0.000000,0.000000,0.000000,0.000000,0.000000,0,0,0,0
"-18,4",0,90584,0,0,972,4,99999,99999,99999,99999,99999,99999,0.000000,0.000000,0.000000,0.000000,0.000000,0.000000,0.000000,0.000000,0.000000,0.000000,0.000000,0.000000,0.000000,0.000000,0,0,0,0
"-18,5",0,90584,0,0,971,4,99999,99999,99999,99999,99999,99999,0.000000,0.000000,0.000000,0.000000,0.000000,0.000000,0.000000,0.000000,0.000000,0.000000,0.000000,0.000000,0.000000,0.000000,0,0,0,0
"-18,6",0,90584,0,0,972,4,99999,99999,99999,99999,99999,99999,0.000000,0.000000,0.000000,0.000000,0.000000,0.000000,0.000000,0.000000,0.000000,0.000000,0.000000,0.000000,0.000000,0.000000,0,0,0,0
"-18,7",0,90584,0,0,975,4,99999,99999,99999,99999,99999,99999,0.000000,0.000000,0.000000,0.000000,0.000000,0.000000,0.000000,0.000000,0.000000,0.000000,0.000000,0.000000,0.000000,0.000000,0,0,0,0
"-18,8",0,90584,0,0,971,4,99999,99999,99999,99999,99999,99999,0.000000,0.000000,0.000000,0.000000,0.000000,0.000000,0.000000,0.000000,0.000000,0.000000,0.000000,0.000000,0.000000,0.000000,0,0,0,0
"-18,9",0,90584,0,0,978,4,99999,99999,99999,99999,99999,99999,0.000000,0.000000,0.000000,0.000000,0.000000,0.000000,0.000000,0.000000,0.000000,0.000000,0.000000,0.000000,0.000000,0.000000,0,0,0,0
"-18,10",0,90584,0,0,969,4,99999,99999,99999,99999,99999,99999,0.000000,0.000000,0.000000,0.000000,0.000000,0.000000,0.000000,0.000000,0.000000,0.000000,0.000000,0.000000,0.000000,0.000000,0,0,0,0
"-18,11",0,90584,0,0,979,4,99999,99999,99999,99999,99999,99999,0.000000,0.000000,0.000000,0.000000,0.000000,0.000000,0.000000,0.000000,0.000000,0.000000,0.000000,0.000000,0.000000,0.000000,0,0,0,0
"-18,12",0,90584,0,0,75,4,99999,99999,99999,99999,99999,99999,0.000000,0.000000,0.000000,0.000000,0.000000,0.000000,0.000000,0.000000,0.000000,0.000000,0.000000,0.000000,0.000000,0.000000,0,0,0,0
"-18,13",0,90584,0,0,88,4,99999,99999,99999,99999,99999,99999,0.000000,0.000000,0.000000,0.000000,0.000000,0.000000,0.000000,0.000000,0.000000,0.000000,0.000000,0.000000,0.000000,0.000000,0,0,0,0
"-18,14",0,90584,0,0,76,4,99999,99999,99999,99999,99999,99999,0.000000,0.000000,0.000000,0.000000,0.000000,0.000000,0.000000,0.000000,0.000000,0.000000,0.000000,0.000000,0.000000,0.000000,0,0,0,0
"-18,15",0,90584,0,0,83,4,99999,99999,99999,99999,99999,99999,0.000000,0.000000,0.000000,0.000000,0.000000,0.000000,0.000000,0.000000,0.000000,0.000000,0.000000,0.000000,0.000000,0.000000,0,0,0,0
"-18,16",0,90584,0,0,76,4,99999,99999,99999,99999,99999,99999,0.000000,0.000000,0.000000,0.000000,0.000000,0.000000,0.000000,0.000000,0.000000,0.000000,0.000000,0.000000,0.000000,0.000000,0,0,0,0
"-18,17",0,90584,0,0,78,4,99999,99999,99999,99999,99999,99999,0.000000,0.000000,0.000000,0.000000,0.000000,0.000000,0.000000,0.000000,0.000000,0.000000,0.000000,0.000000,0.000000,0.000000,0,0,0,0
"-18,18",0,90584,0,0,9,4,99999,99999,99999,99999,99999,99999,0.000000,0.000000,0.000000,0.000000,0.000000,0.000000,0.000000,0.000000,0.000000,0.000000,0.000000,0.000000,0.000000,0.000000,0,0,0,0
"-18,19",0,90584,0,0,9,4,99999,99999,99999,99999,99999,99999,0.000000,0.000000,0.000000,0.000000,0.000000,0.000000,0.000000,0.000000,0.000000,0.000000,0.000000,0.000000,0.000000,0.000000,0,0,0,0
"-18,20",0,90584,0,0,9,4,99999,99999,99999,99999,99999,99999,0.000000,0.000000,0.000000,0.000000,0.000000,0.000000,0.000000,0.000000,0.000000,0.000000,0.000000,0.000000,0.000000,0.000000,0,0,0,0
"-18,21",0,90584,0,0,8,4,99999,99999,99999,99999,99999,99999,0.000000,0.000000,0.000000,0.000000,0.000000,0.000000,0.000000,0.000000,0.000000,0.000000,0.000000,0.000000,0.000000,0.000000,0,0,0,0
"-18,22",0,90584,0,0,8,4,99999,99999,99999,99999,99999,99999,0.000000,0.000000,0.000000,0.000000,0.000000,0.000000,0.000000,0.000000,0.000000,0.000000,0.000000,0.000000,0.000000,0.000000,0,0,0,0
"-18,23",0,90584,0,0,4,4,99999,99999,99999,99999,99999,99999,0.000000,0.000000,0.000000,0.000000,0.000000,0.000000,0.000000,0.000000,0.000000,0.000000,0.000000,0.000000,0.000000,0.000000,0,0,0,0
"-18,24",0,90584,0,0,4,4,99999,99999,99999,99999,99999,99999,0.000000,0.000000,0.000000,0.000000,0.000000,0.000000,0.000000,0.000000,0.000000,0.000000,0.000000,0.000000,0.000000,0.000000,0,0,0,0
"-18,25",0,90584,0,0,5,4,99999,99999,99999,99999,99999,99999,0.000000,0.000000,0.000000,0.000000,0.000000,0.000000,0.000000,0.000000,0.000000,0.000000,0.000000,0.000000,0.000000,0.000000,0,0,0,0
"-18,26",0,90584,0,0,4,4,99999,99999,99999,99999,99999,99999,0.000000,0.000000,0.000000,0.000000,0.000000,0.000000,0.000000,0.000000,0.000000,0.000000,0.000000,0.000000,0.000000,0.000000,0,0,0,0
"-17,-26",47,90619,9,1,1044,2,31,536,788,0,5,8,0.650000,0.183333,0.166667,0.000000,0.000000,0.000000,0.000000,0.764103,0.169231,0.061538,0.005128,0.000000,0.000000,0.000000,23060,150,297,142
"-17,-25",46,90658,9,1,1034,2,14,443,570,0,4,5,0.812155,0.149171,0.038674,0.000000,0.000000,0.000000,0.000000,0.793522,0.182186,0.024291,0.000000,0.000000,0.000000,0.000000,26663,174,330,154
"-17,-24",46,90694,9,1,1033,2,15,529,653,0,4,5,0.756906,0.171271,0.071823,0.000000,0.000000,0.000000,0.000000,0.806867,0.175966,0.017167,0.000000,0.000000,0.000000,0.000000,25712,168,318,147
"-17,-23",35,90725,9,1,1044,2,14,503,922,0,4,5,0.802198,0.131868,0.049451,0.016484,0.000000,0.000000,0.000000,0.816038,0.165094,0.018868,0.000000,0.000000,0.000000,0.000000,25850,170,266,95
"-17,-22",43,90822,10,1,1033,2,15,449,587,0,4,6,0.816667,0.144444,0.038889,0.000000,0.000000,0.000000,0.000000,0.795745,0.165957,0.034043,0.000000,0.004255,0.000000,0.000000,26474,173,317,138
"-17,-21",44,90926,10,1,1039,2,13,232,311,0,4,8,0.812155,0.187845,0.000000,0.000000,0.000000,0.000000,0.000000,0.786957,0.178261,0.026087,0.008696,0.000000,0.000000,0.000000,27659,181,324,144
"-17,-20",42,91083,11,1,1042,2,14,182,273,0,4,7,0.911111,0.088889,0.000000,0.000000,0.000000,0.000000,0.000000,0.755639,0.203008,0.037594,0.000000,0.003759,0.000000,0.000000,27495,180,313,133
"-17,-19",45,91245,11,1,1037,2,11,303,413,0,4,6,0.864865,0.129730,0.005405,0.000000,0.000000,0.000000,0.000000,0.792157,0.172549,0.035294,0.000000,0.000000,0.000000,0.000000,28114,184,333,150
"-17,-18",43,91390,11,1,1033,2,13,416,540,0,4,7,0.841463,0.115854,0.042683,0.000000,0.000000,0.000000,0.000000,0.753191,0.204255,0.042553,0.000000,0.000000,0.000000,0.000000,23994,157,289,127
"-17,-17",44,91545,11,1,1042,2,9,189,363,0,4,8,0.905556,0.094444,0.000000,0.000000,0.000000,0.000000,0.000000,0.829167,0.141667,0.025000,0.004167,0.000000,0.000000,0.000000,27495,180,326,146
"-17,-16",38,91684,11,1,1046,2,11,72,99,0,4,8,0.988889,0.011111,0.000000,0.000000,0.000000,0.000000,0.000000,0.795539,0.163569,0.029740,0.011152,0.000000,0.000000,0.000000,27495,180,291,111
"-17,-15",49,91850,11,1,1049,2,14,540,595,0,4,8,0.772222,0.088889,0.138889,0.000000,0.000000,0.000000,0.000000,0.769231,0.190045,0.031674,0.004525,0.004525,0.000000,0.000000,23712,155,348,171
"-17,-14",41,91998,11,1,1046,2,14,496,711,0,4,8,0.783333,0.166667,0.050000,0.000000,0.000000,0.000000,0.000000,0.731602,0.229437,0.034632,0.004329,0.000000,0.000000,0.000000,26002,171,300,125
"-17,-13",35,92067,10,1,1039,1,15,532,804,0,4,8,0.683333,0.150000,0.166667,0.000000,0.000000,0.000000,0.000000,0.806630,0.154696,0.027624,0.011050,0.000000,0.000000,0.000000,23078,150,243,87
"-17,-12",43,92142,10,1,1047,1,44,628,822,0,4,5,0.572222,0.188889,0.233333,0.005556,0.000000,0.000000,0.000000,0.773585,0.182390,0.037736,0.006289,0.000000,0.000000,0.000000,20870,137,267,115
"-17,-11",44,92170,9,1,1032,2,14,208,302,0,4,9,0.866667,0.133333,0.000000,0.000000,0.000000,0.000000,0.000000,0.767347,0.187755,0.032653,0.012245,0.000000,0.000000,0.000000,27495,180,327,147
"-17,-10",38,92195,9,1,1035,2,10,95,178,0,5,9,0.950000,0.050000,0.000000,0.000000,0.000000,0.000000,0.000000,0.781250,0.164062,0.035156,0.019531,0.000000,0.000000,0.000000,27495,180,294,114
"-17,-9",43,92221,9,1,1033,2,12,145,265,0,4,8,0.923077,0.076923,0.000000,0.000000,0.000000,0.000000,0.000000,0.785714,0.172932,0.030075,0.007519,0.003759,0.000000,0.000000,27725,182,321,140
"-17,-8",37,92245,9,1,1039,2,12,444,770,0,4,5,0.817680,0.132597,0.049724,0.000000,0.000000,0.000000,0.000000,0.769912,0.212389,0.017699,0.000000,0.000000,0.000000,0.000000,26205,172,279,105
"-17,-7",48,92273,9,1,1038,2,17,215,406,0,4,7,0.861111,0.138889,0.000000,0.000000,0.000000,0.000000,0.000000,0.733083,0.221805,0.037594,0.007519,0.000000,0.000000,0.000000,27495,180,352,172
"-17,-6",49,92300,9,1,1044,2,23,525,935,0,4,5,0.700000,0.216667,0.066667,0.016667,0.000000,0.000000,0.000000,0.788991,0.183486,0.027523,0.000000,0.000000,0.000000,0.000000,25159,165,350,172
"-17,-5",35,92322,9,1,1046,2,11,275,599,0,4,7,0.905556,0.066667,0.027778,0.000000,0.000000,0.000000,0.000000,0.784553,0.174797,0.040650,0.000000,0.000000,0.000000,0.000000,26705,175,278,100
"-17,-4",47,92300,8,1,1031,2,18,506,779,0,4,5,0.788889,0.150000,0.061111,0.000000,0.000000,0.000000,0.000000,0.780876,0.199203,0.019920,0.000000,0.000000,0.000000,0.000000,25842,169,329,157
"-17,-3",44,92214,7,1,1044,2,34,534,777,0,4,8,0.619792,0.250000,0.119792,0.010417,0.000000,0.000000,0.000000,0.760204,0.204082,0.025510,0.010204,0.000000,0.000000,0.000000,25497,167,316,141
"-17,-2",39,92129,7,1,1038,2,10,195,291,0,4,7,0.894444,0.105556,0.000000,0.000000,0.000000,0.000000,0.000000,0.769231,0.210526,0.016194,0.004049,0.000000,0.000000,0.000000,27495,180,299,119
"-17,-1",0,92129,0,0,969,4,99999,99999,99999,99999,99999,99999,0.000000,0.000000,0.000000,0.000000,0.000000,0.000000,0.000000,0.000000,0.000000,0.000000,0.000000,0.000000,0.000000,0.000000,0,0,0,0
"-17,0",0,92129,0,0,979,4,99999,99999,99999,99999,99999,99999,0.000000,0.000000,0.000000,0.000000,0.000000,0.000000,0.000000,0.000000,0.000000,0.000000,0.000000,0.000000,0.000000,0.000000,0,0,0,0
"-17,1",0,92129,0,0,975,4,99999,99999,99999,99999,99999,99999,0.000000,0.000000,0.000000,0.000000,0.000000,0.000000,0.000000,0.000000,0.000000,0.000000,0.000000,0.000000,0.000000,0.000000,0,0,0,0
"-17,2",0,92129,0,0,979,4,99999,99999,99999,99999,99999,99999,0.000000,0.000000,0.000000,0.000000,0.000000,0.000000,0.000000,0.000000,0.000000,0.000000,0.000000,0.000000,0.000000,0.000000,0,0,0,0
"-17,3",0,92129,0,0,972,4,99999,99999,99999,99999,99999,99999,0.000000,0.000000,0.000000,0.000000,0.000000,0.000000,0.000000,0.000000,0.000000,0.000000,0.000000,0.000000,0.000000,0.000000,0,0,0,0
"-17,4",0,92129,0,0,976,4,99999,99999,99999,99999,99999,99999,0.000000,0.000000,0.000000,0.000000,0.000000,0.000000,0.000000,0.000000,0.000000,0.000000,0.000000,0.000000,0.000000,0.000000,0,0,0,0
"-17,5",0,92129,0,0,971,4,99999,99999,99999,99999,99999,99999,0.000000,0.000000,0.000000,0.000000,0.000000,0.000000,0.000000,0.000000,0.000000,0.000000,0.000000,0.000000,0.000000,0.000000,0,0,0,0
"-17,6",0,92129,0,0,975,4,99999,99999,99999,99999,99999,99999,0.000000,0.000000,0.000000,0.000000,0.000000,0.000000,0.000000,0.000000,0.000000,0.000000,0.000000,0.000000,0.000000,0.000000,0,0,0,0
"-17,7",0,92129,0,0,967,4,99999,99999,99999,99999,99999,99999,0.000000,0.000000,0.000000,0.000000,0.000000,0.000000,0.000000,0.000000,0.000000,0.000000,0.000000,0.000000,0.000000,0.000000,0,0,0,0
"-17,8",0,92129,0,0,984,4,99999,99999,99999,99999,99999,99999,0.000000,0.000000,0.000000,0.000000,0.000000,0.000000,0.000000,0.000000,0.000000,0.000000,0.000000,0.000000,0.000000,0.000000,0,0,0,0
"-17,9",0,92129,0,0,982,4,99999,99999,99999,99999,99999,99999,0.000000,0.000000,0.000000,0.000000,0.000000,0.000000,0.000000,0.000000,0.000000,0.000000,0.000000,0.000000,0.000000,0.000000,0,0,0,0
"-17,10",0,92129,0,0,974,4,99999,99999,99999,99999,99999,99999,0.000000,0.000000,0.000000,0.000000,0.000000,0.000000,0.000000,0.000000,0.000000,0.000000,0.000000,0.000000,0.000000,0.000000,0,0,0,0
"-17,11",0,92129,0,0,975,4,99999,99999,99999,99999,99999,99999,0.000000,0.000000,0.000000,0.000000,0.000000,0.000000,0.000000,0.000000,0.000000,0.000000,0.000000,0.000000,0.000000,0.000000,0,0,0,0
"-17,12",0,92129,0,0,76,4,99999,99999,99999,99999,99999,99999,0.000000,0.000000,0.000000,0.000000,0.000000,0.000000,0.000000,0.000000,0.000000,0.000000,0.000000,0.000000,0.000000,0.000000,0,0,0,0
"-17,13",0,92129,0,0,70,4,99999,99999,99999,99999,99999,99999,0.000000,0.000000,0.000000,0.000000,0.000000,0.000000,0.000000,0.000000,0.000000,0.000000,0.000000,0.000000,0.000000,0.000000,0,0,0,0
"-17,14",0,92129,0,0,86,4,99999,99999,99999,99999,99999,99999,0.000000,0.000000,0.000000,0.000000,0.000000,0.000000,0.000000,0.000000,0.000000,0.000000,0.000000,0.000000,0.000000,0.000000,0,0,0,0
"-17,15",0,92129,0,0,68,4,99999,99999,99999,99999,99999,99999,0.000000,0.000000,0.000000,0.000000,0.000000,0.000000,0.000000,0.000000,0.000000,0.000000,0.000000,0.000000,0.000000,0.000000,0,0,0,0
"-17,16",0,92129,0,0,74,4,99999,99999,99999,99999,99999,99999,0.000000,0.000000,0.000000,0.000000,0.000000,0.000000,0.000000,0.000000,0.000000,0.000000,0.000000,0.000000,0.000000,0.000000,0,0,0,0
"-17,17",0,92129,0,0,80,4,99999,99999,99999,99999,99999,99999,0.000000,0.000000,0.000000,0.000000,0.000000,0.000000,0.000000,0.000000,0.000000,0.000000,0.000000,0.000000,0.000000,0.000000,0,0,0,0
"-17,18",0,92129,0,0,65,4,99999,99999,99999,99999,99999,99999,0.000000,0.000000,0.000000,0.000000,0.000000,0.000000,0.000000,0.000000,0.000000,0.000000,0.000000,0.000000,0.000000,0.000000,0,0,0,0
"-17,19",0,92129,0,0,9,4,99999,99999,99999,99999,99999,99999,0.000000,0.000000,0.000000,0.000000,0.000000,0.000000,0.000000,0.000000,0.000000,0.000000,0.000000,0.000000,0.000000,0.000000,0,0,0,0
"-17,20",0,92129,0,0,8,4,99999,99999,99999,99999,99999,99999,0.000000,0.000000,0.000000,0.000000,0.000000,0.000000,0.000000,0.000000,0.000000,0.000000,0.000000,0.000000,0.000000,0.000000,0,0,0,0
"-17,21",0,92129,0,0,8,4,99999,99999,99999,99999,99999,99999,0.000000,0.000000,0.000000,0.000000,0.000000,0.000000,0.000000,0.000000,0.000000,0.000000,0.000000,0.000000,0.000000,0.000000,0,0,0,0
"-17,22",0,92129,0,0,8,4,99999,99999,99999,99999,99999,99999,0.000000,0.000000,0.000000,0.000000,0.000000,0.000000,0.000000,0.000000,0.000000,0.000000,0.000000,0.000000,0.000000,0.000000,0,0,0,0
"-17,23",0,92129,0,0,5,4,99999,99999,99999,99999,99999,99999,0.000000,0.000000,0.000000,0.000000,0.000000,0.000000,0.000000,0.000000,0.000000,0.000000,0.000000,0.000000,0.000000,0.000000,0,0,0,0
"-17,24",0,92129,0,0,4,4,99999,99999,99999,99999,99999,99999,0.000000,0.000000,0.000000,0.000000,0.000000,0.000000,0.000000,0.000000,0.000000,0.000000,0.000000,0.000000,0.000000,0.000000,0,0,0,0
"-17,25",0,92129,0,0,4,4,99999,99999,99999,99999,99999,99999,0.000000,0.000000,0.000000,0.000000,0.000000,0.000000,0.000000,0.000000,0.000000,0.000000,0.000000,0.000000,0.000000,0.000000,0,0,0,0
"-17,26",0,92129,0,0,4,4,99999,99999,99999,99999,99999,99999,0.000000,0.000000,0.000000,0.000000,0.000000,0.000000,0.000000,0.000000,0.000000,0.000000,0.000000,0.000000,0.000000,0.000000,0,0,0,0
"-16,-26",42,92153,9,1,1044,2,18,502,542,0,5,8,0.760638,0.180851,0.053191,0.005319,0.000000,0.000000,0.000000,0.763636,0.172727,0.059091,0.004545,0.000000,0.000000,0.000000,26884,177,310,133
"-16,-25",36,92175,9,1,1039,2,13,509,546,0,4,8,0.850000,0.094444,0.044444,0.011111,0.000000,0.000000,0.000000,0.771186,0.186441,0.033898,0.008475,0.000000,0.000000,0.000000,26126,170,273,101
"-16,-24",41,92199,9,1,1025,2,8,116,200,0,5,7,0.938889,0.061111,0.000000,0.000000,0.000000,0.000000,0.000000,0.793651,0.150794,0.047619,0.007937,0.000000,0.000000,0.000000,27495,180,309,129
"-16,-23",34,92267,10,1,1038,1,24,532,604,0,4,8,0.615789,0.268421,0.115789,0.000000,0.000000,0.000000,0.000000,0.820809,0.156069,0.023121,0.000000,0.000000,0.000000,0.000000,25700,168,275,95
"-16,-22",42,92400,11,1,1037,2,14,333,519,0,4,5,0.805556,0.166667,0.027778,0.000000,0.000000,0.000000,0.000000,0.813636,0.163636,0.022727,0.000000,0.000000,0.000000,0.000000,26709,175,309,132
"-16,-21",52,92560,11,1,1044,2,20,281,350,0,4,5,0.816667,0.183333,0.000000,0.000000,0.000000,0.000000,0.000000,0.727273,0.231061,0.037879,0.003788,0.000000,0.000000,0.000000,27495,180,382,202
"-16,-20",47,92705,11,1,1044,2,16,231,354,0,5,9,0.861111,0.138889,0.000000,0.000000,0.000000,0.000000,0.000000,0.722433,0.224335,0.038023,0.015209,0.000000,0.000000,0.000000,27495,180,340,160
"-16,-19",40,92832,11,1,1039,2,9,166,264,0,4,6,0.922222,0.077778,0.000000,0.000000,0.000000,0.000000,0.000000,0.779070,0.189922,0.027132,0.003876,0.000000,0.000000,0.000000,27495,180,301,121
"-16,-18",42,92966,11,1,1037,2,12,272,584,0,4,6,0.871658,0.106952,0.021390,0.000000,0.000000,0.000000,0.000000,0.788679,0.188679,0.022642,0.000000,0.000000,0.000000,0.000000,27843,183,320,137
"-16,-17",41,93084,11,1,1049,2,15,661,1085,0,4,7,0.805556,0.100000,0.077778,0.016667,0.000000,0.000000,0.000000,0.734783,0.217391,0.047826,0.000000,0.000000,0.000000,0.000000,24888,163,284,118
"-16,-13",43,93212,11,1,1044,2,15,304,431,0,4,8,0.822222,0.172222,0.005556,0.000000,0.000000,0.000000,0.000000,0.787879,0.173160,0.034632,0.004329,0.000000,0.000000,0.000000,27294,179,318,138
"-16,-12",41,93333,11,1,1049,2,22,506,611,0,5,7,0.716667,0.222222,0.061111,0.000000,0.000000,0.000000,0.000000,0.736041,0.182741,0.081218,0.000000,0.000000,0.000000,0.000000,25969,169,297,123
"-16,-11",45,93408,10,1,1034,2,35,542,626,0,4,8,0.615789,0.278947,0.105263,0.000000,0.000000,0.000000,0.000000,0.810256,0.158974,0.020513,0.010256,0.000000,0.000000,0.000000,26279,170,335,154
"-16,-10",42,93426,9,1,1041,2,12,185,459,0,4,7,0.883978,0.104972,0.011050,0.000000,0.000000,0.000000,0.000000,0.809322,0.156780,0.033898,0.000000,0.000000,0.000000,0.000000,27345,179,313,133
"-16,-9",42,93445,9,1,1033,2,12,367,543,0,4,8,0.786885,0.191257,0.021858,0.000000,0.000000,0.000000,0.000000,0.792952,0.171806,0.030837,0.000000,0.000000,0.004405,0.000000,27326,179,315,134
"-16,-8",44,93463,9,1,1043,2,12,168,366,0,4,7,0.916667,0.083333,0.000000,0.000000,0.000000,0.000000,0.000000,0.781955,0.180451,0.037594,0.000000,0.000000,0.000000,0.000000,27495,180,323,143
"-16,-7",44,93479,9,1,1044,2,23,525,571,0,4,8,0.688889,0.166667,0.144444,0.000000,0.000000,0.000000,0.000000,0.750000,0.204082,0.040816,0.005102,0.000000,0.000000,0.000000,23412,154,289,130
"-16,-6",42,93497,9,1,1039,2,17,258,425,0,5,7,0.827778,0.172222,0.000000,0.000000,0.000000,0.000000,0.000000,0.748000,0.200000,0.048000,0.004000,0.000000,0.000000,0.000000,27495,180,312,132
"-16,-5",44,93513,9,1,1042,2,16,513,528,0,4,8,0.805556,0.122222,0.072222,0.000000,0.000000,0.000000,0.000000,0.745690,0.211207,0.034483,0.008621,0.000000,0.000000,0.000000,25399,167,302,133
"-16,-4",42,93489,8,1,1039,2,11,215,622,0,4,8,0.877778,0.105556,0.016667,0.000000,0.000000,0.000000,0.000000,0.786822,0.174419,0.038760,0.000000,0.000000,0.000000,0.000000,26999,177,310,131
"-16,-3",43,93463,8,1,1034,2,12,296,393,0,4,8,0.855556,0.144444,0.000000,0.000000,0.000000,0.000000,0.000000,0.816000,0.156000,0.024000,0.000000,0.004000,0.000000,0.000000,27495,180,317,137
"-16,-2",42,93377,7,1,1038,2,19,480,616,0,4,9,0.788889,0.161111,0.050000,0.000000,0.000000,0.000000,0.000000,0.776316,0.184211,0.021930,0.017544,0.000000,0.000000,0.000000,26039,171,309,132
"-16,-1",41,93294,7,1,1036,2,11,215,458,0,4,5,0.861111,0.127778,0.011111,0.000000,0.000000,0.000000,0.000000,0.807087,0.173228,0.015748,0.003937,0.000000,0.000000,0.000000,27168,178,306,126
"-16,0",0,93294,0,0,979,4,99999,99999,99999,99999,99999,99999,0.000000,0.000000,0.000000,0.000000,0.000000,0.000000,0.000000,0.000000,0.000000,0.000000,0.000000,0.000000,0.000000,0.000000,0,0,0,0
"-16,1",0,93294,0,0,979,4,99999,99999,99999,99999,99999,99999,0.000000,0.000000,0.000000,0.000000,0.000000,0.000000,0.000000,0.000000,0.000000,0.000000,0.000000,0.000000,0.000000,0.000000,0,0,0,0
"-16,2",0,93294,0,0,976,4,99999,99999,99999,99999,99999,99999,0.000000,0.000000,0.000000,0.000000,0.000000,0.000000,0.000000,0.000000,0.000000,0.000000,0.000000,0.000000,0.000000,0.000000,0,0,0,0
"-16,3",0,93294,0,0,973,4,99999,99999,99999,99999,99999,99999,0.000000,0.000000,0.000000,0.000000,0.000000,0.000000,0.000000,0.000000,0.000000,0.000000,0.000000,0.000000,0.000000,0.000000,0,0,0,0
"-16,4",0,93294,0,0,977,4,99999,99999,99999,99999,99999,99999,0.000000,0.000000,0.000000,0.000000,0.000000,0.000000,0.000000,0.000000,0.000000,0.000000,0.000000,0.000000,0.000000,0.000000,0,0,0,0
"-16,5",0,93294,0,0,981,4,99999,99999,99999,99999,99999,99999,0.000000,0.000000,0.000000,0.000000,0.000000,0.000000,0.000000,0.000000,0.000000,0.000000,0.000000,0.000000,0.000000,0.000000,0,0,0,0
"-16,6",0,93294,0,0,967,4,99999,99999,99999,99999,99999,99999,0.000000,0.000000,0.000000,0.000000,0.000000,0.000000,0.000000,0.000000,0.000000,0.000000,0.000000,0.000000,0.000000,0.000000,0,0,0,0
"-16,7",0,93294,0,0,967,4,99999,99999,99999,99999,99999,99999,0.000000,0.000000,0.000000,0.000000,0.000000,0.000000,0.000000,0.000000,0.000000,0.000000,0.000000,0.000000,0.000000,0.000000,0,0,0,0
"-16,8",0,93294,0,0,976,4,99999,99999,99999,99999,99999,99999,0.000000,0.000000,0.000000,0.000000,0.000000,0.000000,0.000000,0.000000,0.000000,0.000000,0.000000,0.000000,0.000000,0.000000,0,0,0,0
"-16,9",0,93294,0,0,968,4,99999,99999,99999,99999,99999,99999,0.000000,0.000000,0.000000,0.000000,0.000000,0.000000,0.000000,0.000000,0.000000,0.000000,0.000000,0.000000,0.000000,0.000000,0,0,0,0
"-16,10",0,93294,0,0,979,4,99999,99999,99999,99999,99999,99999,0.000000,0.000000,0.000000,0.000000,0.000000,0.000000,0.000000,0.000000,0.000000,0.000000,0.000000,0.000000,0.000000,0.000000,0,0,0,0
"-16,11",0,93294,0,0,976,4,99999,99999,99999,99999,99999,99999,0.000000,0.000000,0.000000,0.000000,0.000000,0.000000,0.000000,0.000000,0.000000,0.000000,0.000000,0.000000,0.000000,0.000000,0,0,0,0
"-16,12",0,93294,0,0,81,4,99999,99999,99999,99999,99999,99999,0.000000,0.000000,0.000000,0.000000,0.000000,0.000000,0.000000,0.000000,0.000000,0.000000,0.000000,0.000000,0.000000,0.000000,0,0,0,0
"-16,13",0,93294,0,0,80,4,99999,99999,99999,99999,99999,99999,0.000000,0.000000,0.000000,0.000000,0.000000,0.000000,0.000000,0.000000,0.000000,0.000000,0.000000,0.000000,0.000000,0.000000,0,0,0,0
"-16,17",0,93294,0,0,71,4,99999,99999,99999,99999,99999,99999,0.000000,0.000000,0.000000,0.000000,0.000000,0.000000,0.000000,0.000000,0.000000,0.000000,0.000000,0.000000,0.000000,0.000000,0,0,0,0
"-16,18",0,93294,0,0,79,4,99999,99999,99999,99999,99999,99999,0.000000,0.000000,0.000000,0.000000,0.000000,0.000000,0.000000,0.000000,0.000000,0.000000,0.000000,0.000000,0.000000,0.000000,0,0,0,0
"-16,19",0,93294,0,0,10,4,99999,99999,99999,99999,99999,99999,0.000000,0.000000,0.000000,0.000000,0.000000,0.000000,0.000000,0.000000,0.000000,0.000000,0.000000,0.000000,0.000000,0.000000,0,0,0,0
"-16,20",0,93294,0,0,8,4,99999,99999,99999,99999,99999,99999,0.000000,0.000000,0.000000,0.000000,0.000000,0.000000,0.000000,0.000000,0.000000,0.000000,0.000000,0.000000,0.000000,0.000000,0,0,0,0
"-16,21",0,93294,0,0,9,4,99999,99999,99999,99999,99999,99999,0.000000,0.000000,0.000000,0.000000,0.000000,0.000000,0.000000,0.000000,0.000000,0.000000,0.000000,0.000000,0.000000,0.000000,0,0,0,0
"-16,22",0,93294,0,0,9,4,99999,99999,99999,99999,99999,99999,0.000000,0.000000,0.000000,0.000000,0.000000,0.000000,0.000000,0.000000,0.000000,0.000000,0.000000,0.000000,0.000000,0.000000,0,0,0,0
"-16,23",0,93294,0,0,4,4,99999,99999,99999,99999,99999,99999,0.000000,0.000000,0.000000,0.000000,0.000000,0.000000,0.000000,0.000000,0.000000,0.000000,0.000000,0.000000,0.000000,0.000000,0,0,0,0
"-16,24",0,93294,0,0,4,4,99999,99999,99999,99999,99999,99999,0.000000,0.000000,0.000000,0.000000,0.000000,0.000000,0.000000,0.000000,0.000000,0.000000,0.000000,0.000000,0.000000,0.000000,0,0,0,0
"-16,25",0,93294,0,0,4,4,99999,99999,99999,99999,99999,99999,0.000000,0.000000,0.000000,0.000000,0.000000,0.000000,0.000000,0.000000,0.000000,0.000000,0.000000,0.000000,0.000000,0.000000,0,0,0,0
"-16,26",0,93294,0,0,5,4,99999,99999,99999,99999,99999,99999,0.000000,0.000000,0.000000,0.000000,0.000000,0.000000,0.000000,0.000000,0.000000,0.000000,0.000000,0.000000,0.000000,0.000000,0,0,0,0
"-15,-26",43,93312,9,1,1040,2,12,225,343,0,4,6,0.861111,0.138889,0.000000,0.000000,0.000000,0.000000,0.000000,0.752066,0.210744,0.033058,0.000000,0.004132,0.000000,0.000000,27495,180,320,140
"-15,-25",39,93329,9,1,1041,2,12,157,367,0,4,8,0.900552,0.099448,0.000000,0.000000,0.000000,0.000000,0.000000,0.800000,0.162500,0.029167,0.004167,0.004167,0.000000,0.000000,27659,181,298,118
"-15,-24",38,93393,10,1,1042,2,12,320,421,0,4,8,0.831522,0.168478,0.000000,0.000000,0.000000,0.000000,0.000000,0.814159,0.159292,0.017699,0.008850,0.000000,0.000000,0.000000,28065,184,294,112
"-15,-23",47,93515,11,1,1041,2,14,438,687,0,4,5,0.744444,0.216667,0.038889,0.000000,0.000000,0.000000,0.000000,0.753488,0.218605,0.023256,0.004651,0.000000,0.000000,0.000000,26347,173,333,157
"-15,-22",43,93630,11,1,1041,2,15,510,883,0,4,8,0.816667,0.122222,0.050000,0.011111,0.000000,0.000000,0.000000,0.747934,0.210744,0.037190,0.004132,0.000000,0.000000,0.000000,25677,169,305,133
"-15,-21",37,93740,11,1,1035,2,8,100,343,0,4,6,0.944444,0.055556,0.000000,0.000000,0.000000,0.000000,0.000000,0.818898,0.149606,0.031496,0.000000,0.000000,0.000000,0.000000,27495,180,289,109
"-15,-20",53,93878,11,1,1054,2,19,312,448,0,5,8,0.788889,0.200000,0.011111,0.000000,0.000000,0.000000,0.000000,0.700820,0.241803,0.057377,0.000000,0.000000,0.000000,0.000000,27204,178,386,206
"-15,-19",46,93997,11,1,1046,2,18,514,622,0,4,8,0.772222,0.155556,0.072222,0.000000,0.000000,0.000000,0.000000,0.734513,0.230088,0.026549,0.004425,0.004425,0.000000,0.000000,25607,167,325,150
"-15,-18",41,94107,11,1,1045,2,10,79,119,0,4,7,0.966851,0.033149,0.000000,0.000000,0.000000,0.000000,0.000000,0.787004,0.169675,0.032491,0.010830,0.000000,0.000000,0.000000,27561,181,307,126
"-15,-17",49,94232,11,1,1043,2,15,339,454,0,4,8,0.816667,0.183333,0.000000,0.000000,0.000000,0.000000,0.000000,0.754032,0.201613,0.040323,0.004032,0.000000,0.000000,0.000000,27495,180,354,174
"-15,-13",41,94339,11,1,1044,2,18,528,681,0,5,7,0.766667,0.116667,0.111111,0.005556,0.000000,0.000000,0.000000,0.754386,0.192982,0.052632,0.000000,0.000000,0.000000,0.000000,24131,159,294,123
"-15,-12",41,94448,11,1,1045,2,12,261,497,0,5,10,0.883333,0.105556,0.011111,0.000000,0.000000,0.000000,0.000000,0.756303,0.180672,0.046218,0.008403,0.008403,0.000000,0.000000,27177,178,306,126
"-15,-11",40,94562,11,1,1042,2,15,338,527,0,4,7,0.800000,0.177778,0.022222,0.000000,0.000000,0.000000,0.000000,0.760000,0.200000,0.035556,0.000000,0.004444,0.000000,0.000000,26961,176,303,123
"-15,-10",44,94615,10,1,1035,2,87,537,618,0,5,6,0.530387,0.220994,0.248619,0.000000,0.000000,0.000000,0.000000,0.755952,0.178571,0.065476,0.000000,0.000000,0.000000,0.000000,20709,136,267,118
"-15,-9",47,94627,9,1,1042,2,43,544,1025,0,4,5,0.633333,0.244444,0.100000,0.022222,0.000000,0.000000,0.000000,0.731343,0.223881,0.044776,0.000000,0.000000,0.000000,0.000000,24117,158,319,151
"-15,-8",45,94638,9,1,1040,2,22,520,615,0,5,9,0.750000,0.188889,0.061111,0.000000,0.000000,0.000000,0.000000,0.709821,0.209821,0.066964,0.013393,0.000000,0.000000,0.000000,25936,169,318,144
"-15,-7",44,94649,9,1,1043,2,14,521,559,0,4,8,0.802139,0.139037,0.058824,0.000000,0.000000,0.000000,0.000000,0.782222,0.168889,0.044444,0.004444,0.000000,0.000000,0.000000,26872,176,317,141
"-15,-6",44,94660,9,1,1042,2,20,410,530,0,4,6,0.766667,0.194444,0.038889,0.000000,0.000000,0.000000,0.000000,0.782222,0.177778,0.035556,0.004444,0.000000,0.000000,0.000000,26450,173,313,138
"-15,-5",39,94670,9,1,1033,2,11,518,546,0,4,8,0.861111,0.077778,0.061111,0.000000,0.000000,0.000000,0.000000,0.806584,0.156379,0.032922,0.004115,0.000000,0.000000,0.000000,25867,169,285,114
"-15,-4",46,94682,9,1,1042,2,11,278,501,0,4,6,0.855556,0.127778,0.016667,0.000000,0.000000,0.000000,0.000000,0.800830,0.165975,0.029046,0.004149,0.000000,0.000000,0.000000,26990,177,334,154
"-15,-3",45,94655,8,1,1039,2,17,529,559,0,5,7,0.723757,0.154696,0.121547,0.000000,0.000000,0.000000,0.000000,0.769231,0.176471,0.054299,0.000000,0.000000,0.000000,0.000000,24277,159,306,140
"-15,-2",35,94587,7,1,1038,2,16,530,877,0,4,5,0.738889,0.122222,0.127778,0.011111,0.000000,0.000000,0.000000,0.811224,0.158163,0.030612,0.000000,0.000000,0.000000,0.000000,23755,155,251,90
"-15,-1",39,94512,7,1,1038,2,15,528,559,0,4,5,0.792553,0.132979,0.074468,0.000000,0.000000,0.000000,0.000000,0.793991,0.167382,0.038627,0.000000,0.000000,0.000000,0.000000,26490,174,290,116
"-15,0",0,94512,0,0,976,4,99999,99999,99999,99999,99999,99999,0.000000,0.000000,0.000000,0.000000,0.000000,0.000000,0.000000,0.000000,0.000000,0.000000,0.000000,0.000000,0.000000,0.000000,0,0,0,0
"-15,1",0,94512,0,0,978,4,99999,99999,99999,99999,99999,99999,0.000000,0.000000,0.000000,0.000000,0.000000,0.000000,0.000000,0.000000,0.000000,0.000000,0.000000,0.000000,0.000000,0.000000,0,0,0,0
"-15,2",0,94512,0,0,970,4,99999,99999,99999,99999,99999,99999,0.000000,0.000000,0.000000,0.000000,0.000000,0.000000,0.000000,0.000000,0.000000,0.000000,0.000000,0.000000,0.000000,0.000000,0,0,0,0
"-15,3",0,94512,0,0,969,4,99999,99999,99999,99999,99999,99999,0.000000,0.000000,0.000000,0.000000,0.000000,0.000000,0.000000,0.000000,0.000000,0.000000,0.000000,0.000000,0.000000,0.000000,0,0,0,0
"-15,4",0,94512,0,0,968,4,99999,99999,99999,99999,99999,99999,0.000000,0.000000,0.000000,0.000000,0.000000,0.000000,0.000000,0.000000,0.000000,0.000000,0.000000,0.000000,0.000000,0.000000,0,0,0,0
"-15,5",0,94512,0,0,974,4,99999,99999,99999,99999,99999,99999,0.000000,0.000000,0.000000,0.000000,0.000000,0.000000,0.000000,0.000000,0.000000,0.000000,0.000000,0.000000,0.000000,0.000000,0,0,0,0
"-15,6",0,94512,0,0,980,4,99999,99999,99999,99999,99999,99999,0.000000,0.000000,0.000000,0.000000,0.000000,0.000000,0.000000,0.000000,0.000000,0.000000,0.000000,0.000000,0.000000,0.000000,0,0,0,0
"-15,7",0,94512,0,0,981,4,99999,99999,99999,99999,99999,99999,0.000000,0.000000,0.000000,0.000000,0.000000,0.000000,0.000000,0.000000,0.000000,0.000000,0.000000,0.000000,0.000000,0.000000,0,0,0,0
"-15,8",0,94512,0,0,972,4,99999,99999,99999,99999,99999,99999,0.000000,0.000000,0.000000,0.000000,0.000000,0.000000,0.000000,0.000000,0.000000,0.000000,0.000000,0.000000,0.000000,0.000000,0,0,0,0
"-15,9",0,94512,0,0,969,4,99999,99999,99999,99999,99999,99999,0.000000,0.000000,0.000000,0.000000,0.000000,0.000000,0.000000,0.000000,0.000000,0.000000,0.000000,0.000000,0.000000,0.000000,0,0,0,0
"-15,10",0,94512,0,0,978,4,99999,99999,99999,99999,99999,99999,0.000000,0.000000,0.000000,0.000000,0.000000,0.000000,0.000000,0.000000,0.000000,0.000000,0.000000,0.000000,0.000000,0.000000,0,0,0,0
"-15,11",0,94512,0,0,971,4,99999,99999,99999,99999,99999,99999,0.000000,0.000000,0.000000,0.000000,0.000000,0.000000,0.000000,0.000000,0.000000,0.000000,0.000000,0.000000,0.000000,0.000000,0,0,0,0
"-15,12",0,94512,0,0,83,4,99999,99999,99999,99999,99999,99999,0.000000,0.000000,0.000000,0.000000,0.000000,0.000000,0.000000,0.000000,0.000000,0.000000,0.000000,0.000000,0.000000,0.000000,0,0,0,0
"-15,13",0,94512,0,0,82,4,99999,99999,99999,99999,99999,99999,0.000000,0.000000,0.000000,0.000000,0.000000,0.000000,0.000000,0.000000,0.000000,0.000000,0.000000,0.000000,0.000000,0.000000,0,0,0,0
"-15,17",0,94512,0,0,78,4,99999,99999,99999,99999,99999,99999,0.000000,0.000000,0.000000,0.000000,0.000000,0.000000,0.000000,0.000000,0.000000,0.000000,0.000000,0.000000,0.000000,0.000000,0,0,0,0
"-15,18",0,94512,0,0,84,4,99999,99999,99999,99999,99999,99999,0.000000,0.000000,0.000000,0.000000,0.000000,0.000000,0.000000,0.000000,0.000000,0.000000,0.000000,0.000000,0.000000,0.000000,0,0,0,0
"-15,19",0,94512,0,0,8,4,99999,99999,99999,99999,99999,99999,0.000000,0.000000,0.000000,0.000000,0.000000,0.000000,0.000000,0.000000,0.000000,0.000000,0.000000,0.000000,0.000000,0.000000,0,0,0,0
"-15,20",0,94512,0,0,9,4,99999,99999,99999,99999,99999,99999,0.000000,0.000000,0.000000,0.000000,0.000000,0.000000,0.000000,0.000000,0.000000,0.000000,0.000000,0.000000,0.000000,0.000000,0,0,0,0
"-15,21",0,94512,0,0,7,4,99999,99999,99999,99999,99999,99999,0.000000,0.000000,0.000000,0.000000,0.000000,0.000000,0.000000,0.000000,0.000000,0.000000,0.000000,0.000000,0.000000,0.000000,0,0,0,0
"-15,22",0,94512,0,0,9,4,99999,99999,99999,99999,99999,99999,0.000000,0.000000,0.000000,0.000000,0.000000,0.000000,0.000000,0.000000,0.000000,0.000000,0.000000,0.000000,0.000000,0.000000,0,0,0,0
"-15,23",0,94512,0,0,4,4,99999,99999,99999,99999,99999,99999,0.000000,0.000000,0.000000,0.000000,0.000000,0.000000,0.000000,0.000000,0.000000,0.000000,0.000000,0.000000,0.000000,0.000000,0,0,0,0
"-15,24",0,94512,0,0,4,4,99999,99999,99999,99999,99999,99999,0.000000,0.000000,0.000000,0.000000,0.000000,0.000000,0.000000,0.000000,0.000000,0.000000,0.000000,0.000000,0.000000,0.000000,0,0,0,0
"-15,25",0,94512,0,0,4,4,99999,99999,99999,99999,99999,99999,0.000000,0.000000,0.000000,0.000000,0.000000,0.000000,0.000000,0.000000,0.000000,0.000000,0.000000,0.000000,0.000000,0.000000,0,0,0,0
"-15,26",0,94512,0,0,4,4,99999,99999,99999,99999,99999,99999,0.000000,0.000000,0.000000,0.000000,0.000000,0.000000,0.000000,0.000000,0.000000,0.000000,0.000000,0.000000,0.000000,0.000000,0,0,0,0
"-14,-26",43,94523,9,1,1030,2,13,416,515,0,4,7,0.803279,0.163934,0.032787,0.000000,0.000000,0.000000,0.000000,0.773913,0.186957,0.039130,0.000000,0.000000,0.000000,0.000000,26978,177,320,140
"-14,-25",43,94581,10,1,1042,2,33,519,754,0,4,7,0.674033,0.254144,0.071823,0.000000,0.000000,0.000000,0.000000,0.723618,0.236181,0.040201,0.000000,0.000000,0.000000,0.000000,25763,168,312,136
"-14,-24",45,94642,10,1,1027,2,8,163,236,0,4,7,0.900000,0.100000,0.000000,0.000000,0.000000,0.000000,0.000000,0.805668,0.161943,0.032389,0.000000,0.000000,0.000000,0.000000,27495,180,331,151
"-14,-23",46,94752,11,1,1043,2,11,177,290,0,5,8,0.879781,0.120219,0.000000,0.000000,0.000000,0.000000,0.000000,0.719844,0.225681,0.050584,0.003891,0.000000,0.000000,0.000000,27951,183,337,156
"-14,-22",43,94850,11,1,1042,2,20,515,575,0,4,6,0.744444,0.155556,0.100000,0.000000,0.000000,0.000000,0.000000,0.736842,0.219298,0.043860,0.000000,0.000000,0.000000,0.000000,24638,162,298,131
"-14,-21",41,94952,11,1,1051,2,11,156,322,0,4,8,0.900000,0.100000,0.000000,0.000000,0.000000,0.000000,0.000000,0.746939,0.204082,0.040816,0.004082,0.000000,0.004082,0.000000,27495,180,308,128
"-14,-20",43,95052,11,1,1037,2,16,502,551,0,4,8,0.805556,0.138889,0.055556,0.000000,0.000000,0.000000,0.000000,0.764706,0.201681,0.029412,0.000000,0.004202,0.000000,0.000000,25846,170,314,137
"-14,-19",40,95144,11,1,1045,2,16,520,714,0,4,6,0.783333,0.138889,0.077778,0.000000,0.000000,0.000000,0.000000,0.748899,0.211454,0.035242,0.004405,0.000000,0.000000,0.000000,25283,166,286,116
"-14,-18",50,95247,11,1,1037,2,19,509,774,0,4,8,0.737805,0.195122,0.067073,0.000000,0.000000,0.000000,0.000000,0.723301,0.228155,0.038835,0.009709,0.000000,0.000000,0.000000,23277,153,325,165
"-14,-17",48,95354,11,1,1041,2,13,169,499,0,4,7,0.911111,0.077778,0.011111,0.000000,0.000000,0.000000,0.000000,0.794964,0.154676,0.039568,0.007194,0.003597,0.000000,0.000000,27201,178,347,167
"-14,-13",38,95442,11,1,1040,2,14,542,694,0,4,8,0.734375,0.130208,0.135417,0.000000,0.000000,0.000000,0.000000,0.800000,0.151220,0.039024,0.009756,0.000000,0.000000,0.000000,25298,166,281,107
"-14,-12",40,95539,11,1,1044,2,10,428,576,0,4,7,0.827778,0.138889,0.033333,0.000000,0.000000,0.000000,0.000000,0.797414,0.163793,0.034483,0.004310,0.000000,0.000000,0.000000,26430,174,301,121
"-14,-11",41,95633,11,1,1039,2,10,122,167,0,4,6,0.916667,0.083333,0.000000,0.000000,0.000000,0.000000,0.000000,0.795455,0.174242,0.026515,0.000000,0.003788,0.000000,0.000000,27495,180,309,129
"-14,-10",45,95688,10,1,1040,2,16,322,492,0,6,8,0.811111,0.183333,0.005556,0.000000,0.000000,0.000000,0.000000,0.760870,0.173913,0.060870,0.004348,0.000000,0.000000,0.000000,27341,179,329,149
"-14,-9",43,95739,10,1,1036,2,16,457,555,0,4,7,0.763441,0.188172,0.048387,0.000000,0.000000,0.000000,0.000000,0.799087,0.173516,0.027397,0.000000,0.000000,0.000000,0.000000,27208,177,312,136
"-14,-8",44,95745,9,1,1037,2,11,143,302,0,4,6,0.911111,0.088889,0.000000,0.000000,0.000000,0.000000,0.000000,0.770115,0.199234,0.026820,0.003831,0.000000,0.000000,0.000000,27495,180,322,142
"-14,-7",40,95752,9,1,1035,2,14,345,679,0,4,8,0.838889,0.127778,0.033333,0.000000,0.000000,0.000000,0.000000,0.760331,0.202479,0.037190,0.000000,0.000000,0.000000,0.000000,26649,174,298,121
"-14,-6",45,95758,9,1,1039,2,12,503,794,0,4,8,0.817680,0.127072,0.055249,0.000000,0.000000,0.000000,0.000000,0.791837,0.171429,0.028571,0.008163,0.000000,0.000000,0.000000,25924,171,319,144
"-14,-5",39,95764,9,1,1041,2,13,336,509,0,4,8,0.794595,0.189189,0.016216,0.000000,0.000000,0.000000,0.000000,0.755556,0.200000,0.040000,0.004444,0.000000,0.000000,0.000000,27940,182,303,120
"-14,-4",46,95771,9,1,1033,2,13,352,544,0,4,8,0.827778,0.138889,0.033333,0.000000,0.000000,0.000000,0.000000,0.780392,0.192157,0.015686,0.011765,0.000000,0.000000,0.000000,26494,174,332,155
"-14,-3",43,95743,8,1,1034,2,16,552,728,0,4,7,0.731959,0.123711,0.144330,0.000000,0.000000,0.000000,0.000000,0.838428,0.126638,0.030568,0.004367,0.000000,0.000000,0.000000,25284,166,313,135
"-14,-2",44,95661,7,1,1043,2,16,377,525,0,4,8,0.777778,0.205556,0.016667,0.000000,0.000000,0.000000,0.000000,0.784483,0.168103,0.047414,0.000000,0.000000,0.000000,0.000000,27051,177,326,146
"-14,-1",37,95590,7,1,1035,2,12,530,602,0,4,9,0.827778,0.088889,0.072222,0.011111,0.000000,0.000000,0.000000,0.768240,0.197425,0.021459,0.008584,0.004292,0.000000,0.000000,25291,165,271,101
"-14,0",0,95590,0,0,969,4,99999,99999,99999,99999,99999,99999,0.000000,0.000000,0.000000,0.000000,0.000000,0.000000,0.000000,0.000000,0.000000,0.000000,0.000000,0.000000,0.000000,0.000000,0,0,0,0
"-14,1",0,95590,0,0,979,4,99999,99999,99999,99999,99999,99999,0.000000,0.000000,0.000000,0.000000,0.000000,0.000000,0.000000,0.000000,0.000000,0.000000,0.000000,0.000000,0.000000,0.000000,0,0,0,0
"-14,2",0,95590,0,0,967,4,99999,99999,99999,99999,99999,99999,0.000000,0.000000,0.000000,0.000000,0.000000,0.000000,0.000000,0.000000,0.000000,0.000000,0.000000,0.000000,0.000000,0.000000,0,0,0,0
"-14,3",0,95590,0,0,974,4,99999,99999,99999,99999,99999,99999,0.000000,0.000000,0.000000,0.000000,0.000000,0.000000,0.000000,0.000000,0.000000,0.000000,0.000000,0.000000,0.000000,0.000000,0,0,0,0
"-14,4",0,95590,0,0,976,4,99999,99999,99999,99999,99999,99999,0.000000,0.000000,0.000000,0.000000,0.000000,0.000000,0.000000,0.000000,0.000000,0.000000,0.000000,0.000000,0.000000,0.000000,0,0,0,0
"-14,5",0,95590,0,0,984,4,99999,99999,99999,99999,99999,99999,0.000000,0.000000,0.000000,0.000000,0.000000,0.000000,0.000000,0.000000,0.000000,0.000000,0.000000,0.000000,0.000000,0.000000,0,0,0,0
"-14,6",0,95590,0,0,972,4,99999,99999,99999,99999,99999,99999,0.000000,0.000000,0.000000,0.000000,0.000000,0.000000,0.000000,0.000000,0.000000,0.000000,0.000000,0.000000,0.000000,0.000000,0,0,0,0
"-14,7",0,95590,0,0,971,4,99999,99999,99999,99999,99999,99999,0.000000,0.000000,0.000000,0.000000,0.000000,0.000000,0.000000,0.000000,0.000000,0.000000,0.000000,0.000000,0.000000,0.000000,0,0,0,0
"-14,8",0,95590,0,0,971,4,99999,99999,99999,99999,99999,99999,0.000000,0.000000,0.000000,0.000000,0.000000,0.000000,0.000000,0.000000,0.000000,0.000000,0.000000,0.000000,0.000000,0.000000,0,0,0,0
"-14,9",0,95590,0,0,969,4,99999,99999,99999,99999,99999,99999,0.000000,0.000000,0.000000,0.000000,0.000000,0.000000,0.000000,0.000000,0.000000,0.000000,0.000000,0.000000,0.000000,0.000000,0,0,0,0
"-14,10",0,95590,0,0,976,4,99999,99999,99999,99999,99999,99999,0.000000,0.000000,0.000000,0.000000,0.000000,0.000000,0.000000,0.000000,0.000000,0.000000,0.000000,0.000000,0.000000,0.000000,0,0,0,0
"-14,11",0,95590,0,0,967,4,99999,99999,99999,99999,99999,99999,0.000000,0.000000,0.000000,0.000000,0.000000,0.000000,0.000000,0.000000,0.000000,0.000000,0.000000,0.000000,0.000000,0.000000,0,0,0,0
"-14,12",0,95590,0,0,929,4,99999,99999,99999,99999,99999,99999,0.000000,0.000000,0.000000,0.000000,0.000000,0.000000,0.000000,0.000000,0.000000,0.000000,0.000000,0.000000,0.000000,0.000000,0,0,0,0
"-14,13",0,95590,0,0,81,4,99999,99999,99999,99999,99999,99999,0.000000,0.000000,0.000000,0.000000,0.000000,0.000000,0.000000,0.000000,0.000000,0.000000,0.000000,0.000000,0.000000,0.000000,0,0,0,0
"-14,17",0,95590,0,0,77,4,99999,99999,99999,99999,99999,99999,0.000000,0.000000,0.000000,0.000000,0.000000,0.000000,0.000000,0.000000,0.000000,0.000000,0.000000,0.000000,0.000000,0.000000,0,0,0,0
"-14,18",0,95590,0,0,73,4,99999,99999,99999,99999,99999,99999,0.000000,0.000000,0.000000,0.000000,0.000000,0.000000,0.000000,0.000000,0.000000,0.000000,0.000000,0.000000,0.000000,0.000000,0,0,0,0
"-14,19",0,95590,0,0,8,4,99999,99999,99999,99999,99999,99999,0.000000,0.000000,0.000000,0.000000,0.000000,0.000000,0.000000,0.000000,0.000000,0.000000,0.000000,0.000000,0.000000,0.000000,0,0,0,0
"-14,20",0,95590,0,0,8,4,99999,99999,99999,99999,99999,99999,0.000000,0.000000,0.000000,0.000000,0.000000,0.000000,0.000000,0.000000,0.000000,0.000000,0.000000,0.000000,0.000000,0.000000,0,0,0,0
"-14,21",0,95590,0,0,8,4,99999,99999,99999,99999,99999,99999,0.000000,0.000000,0.000000,0.000000,0.000000,0.000000,0.000000,0.000000,0.000000,0.000000,0.000000,0.000000,0.000000,0.000000,0,0,0,0
"-14,22",0,95590,0,0,7,4,99999,99999,99999,99999,99999,99999,0.000000,0.000000,0.000000,0.000000,0.000000,0.000000,0.000000,0.000000,0.000000,0.000000,0.000000,0.000000,0.000000,0.000000,0,0,0,0
"-14,23",0,95590,0,0,4,4,99999,99999,99999,99999,99999,99999,0.000000,0.000000,0.000000,0.000000,0.000000,0.000000,0.000000,0.000000,0.000000,0.000000,0.000000,0.000000,0.000000,0.000000,0,0,0,0
"-14,24",0,95590,0,0,4,4,99999,99999,99999,99999,99999,99999,0.000000,0.000000,0.000000,0.000000,0.000000,0.000000,0.000000,0.000000,0.000000,0.000000,0.000000,0.000000,0.000000,0.000000,0,0,0,0
"-14,25",0,95590,0,0,4,4,99999,99999,99999,99999,99999,99999,0.000000,0.000000,0.000000,0.000000,0.000000,0.000000,0.000000,0.000000,0.000000,0.000000,0.000000,0.000000,0.000000,0.000000,0,0,0,0
"-14,26",0,95590,0,0,4,4,99999,99999,99999,99999,99999,99999,0.000000,0.000000,0.000000,0.000000,0.000000,0.000000,0.000000,0.000000,0.000000,0.000000,0.000000,0.000000,0.000000,0.000000,0,0,0,0
"-13,-26",40,95596,9,1,1042,2,12,306,539,0,4,7,0.883333,0.094444,0.022222,0.000000,0.000000,0.000000,0.000000,0.764706,0.193277,0.037815,0.004202,0.000000,0.000000,0.000000,26784,176,302,122
"-13,-25",47,95648,10,1,1047,2,23,530,702,0,5,7,0.755556,0.161111,0.083333,0.000000,0.000000,0.000000,0.000000,0.694690,0.252212,0.053097,0.000000,0.000000,0.000000,0.000000,25360,165,326,155
"-13,-24",41,95738,11,1,1039,2,13,357,667,0,4,5,0.883333,0.077778,0.038889,0.000000,0.000000,0.000000,0.000000,0.818533,0.150579,0.027027,0.003861,0.000000,0.000000,0.000000,26399,173,303,126
"-13,-23",49,95840,11,1,1034,2,11,259,411,0,4,7,0.811111,0.183333,0.005556,0.000000,0.000000,0.000000,0.000000,0.789700,0.188841,0.021459,0.000000,0.000000,0.000000,0.000000,27353,179,353,173
"-13,-22",45,95934,11,1,1034,2,9,133,241,0,4,6,0.938889,0.061111,0.000000,0.000000,0.000000,0.000000,0.000000,0.814947,0.149466,0.028470,0.007117,0.000000,0.000000,0.000000,27495,180,329,149
"-13,-21",45,96025,11,1,1043,2,24,536,707,0,4,8,0.697297,0.194595,0.108108,0.000000,0.000000,0.000000,0.000000,0.745283,0.207547,0.037736,0.009434,0.000000,0.000000,0.000000,25124,165,320,147
"-13,-20",45,96118,11,1,1039,2,13,203,354,0,4,5,0.889503,0.110497,0.000000,0.000000,0.000000,0.000000,0.000000,0.808989,0.161049,0.029963,0.000000,0.000000,0.000000,0.000000,27659,181,330,150
"-13,-19",46,96212,11,1,1040,2,14,540,886,0,4,5,0.716667,0.194444,0.077778,0.011111,0.000000,0.000000,0.000000,0.778802,0.179724,0.041475,0.000000,0.000000,0.000000,0.000000,25183,164,321,150
"-13,-18",45,96305,11,1,1032,2,10,194,332,0,4,6,0.911602,0.088398,0.000000,0.000000,0.000000,0.000000,0.000000,0.813433,0.164179,0.022388,0.000000,0.000000,0.000000,0.000000,27561,181,330,149
"-13,-17",47,96399,11,1,1037,2,15,394,521,0,4,7,0.811111,0.161111,0.027778,0.000000,0.000000,0.000000,0.000000,0.766129,0.201613,0.032258,0.000000,0.000000,0.000000,0.000000,26725,175,341,161
"-13,-16",40,96486,11,1,1034,2,8,190,425,0,4,6,0.911111,0.083333,0.005556,0.000000,0.000000,0.000000,0.000000,0.831418,0.134100,0.034483,0.000000,0.000000,0.000000,0.000000,27342,179,301,121
"-13,-15",42,96571,11,1,1043,2,11,73,128,0,5,7,0.972222,0.027778,0.000000,0.000000,0.000000,0.000000,0.000000,0.752688,0.189964,0.053763,0.003584,0.000000,0.000000,0.000000,27495,180,315,135
"-13,-14",49,96660,11,1,1048,2,31,512,555,0,4,6,0.700000,0.205556,0.088889,0.005556,0.000000,0.000000,0.000000,0.718182,0.240909,0.040909,0.000000,0.000000,0.000000,0.000000,24794,163,330,165
"-13,-13",48,96750,11,1,1045,2,21,524,816,0,5,8,0.738889,0.183333,0.072222,0.005556,0.000000,0.000000,0.000000,0.730769,0.209402,0.055556,0.004274,0.000000,0.000000,0.000000,25320,166,333,161
"-13,-12",37,96830,11,1,1041,2,11,200,502,0,4,8,0.922222,0.055556,0.022222,0.000000,0.000000,0.000000,0.000000,0.787402,0.181102,0.031496,0.000000,0.000000,0.000000,0.000000,26834,176,285,107
"-13,-11",46,96917,11,1,1038,2,10,326,518,0,4,7,0.872222,0.100000,0.027778,0.000000,0.000000,0.000000,0.000000,0.802372,0.162055,0.031621,0.003953,0.000000,0.000000,0.000000,26717,175,331,154
"-13,-10",42,97002,11,1,1033,2,10,158,364,0,4,7,0.905556,0.094444,0.000000,0.000000,0.000000,0.000000,0.000000,0.778626,0.187023,0.030534,0.003817,0.000000,0.000000,0.000000,27495,180,315,135
"-13,-9",47,97048,10,1,1044,2,20,274,381,0,4,7,0.766667,0.233333,0.000000,0.000000,0.000000,0.000000,0.000000,0.734513,0.225664,0.039823,0.000000,0.000000,0.000000,0.000000,27495,180,344,164
"-13,-8",43,97049,9,1,1034,2,14,519,679,0,4,5,0.816667,0.127778,0.055556,0.000000,0.000000,0.000000,0.000000,0.804255,0.170213,0.021277,0.004255,0.000000,0.000000,0.000000,25891,170,313,136
"-13,-7",42,97051,9,1,1032,2,10,208,386,0,4,5,0.905556,0.094444,0.000000,0.000000,0.000000,0.000000,0.000000,0.800766,0.172414,0.026820,0.000000,0.000000,0.000000,0.000000,27495,180,315,135
"-13,-6",36,97052,9,1,1038,2,8,161,493,0,4,6,0.922222,0.066667,0.011111,0.000000,0.000000,0.000000,0.000000,0.792829,0.187251,0.015936,0.003984,0.000000,0.000000,0.000000,27148,178,282,102
"-13,-5",39,97054,9,1,1047,2,23,508,975,0,5,9,0.783333,0.133333,0.066667,0.016667,0.000000,0.000000,0.000000,0.736607,0.209821,0.040179,0.013393,0.000000,0.000000,0.000000,25308,165,280,110
"-13,-4",37,97055,9,1,1039,2,17,536,628,0,4,6,0.729730,0.162162,0.108108,0.000000,0.000000,0.000000,0.000000,0.838235,0.132353,0.029412,0.000000,0.000000,0.000000,0.000000,25252,165,266,101
"-13,-3",48,97022,8,1,1028,2,10,460,534,0,4,8,0.811518,0.141361,0.047120,0.000000,0.000000,0.000000,0.000000,0.792000,0.184000,0.020000,0.004000,0.000000,0.000000,0.000000,27777,182,356,172
"-13,-2",46,96991,8,1,1045,2,18,535,548,0,4,8,0.755556,0.177778,0.066667,0.000000,0.000000,0.000000,0.000000,0.769912,0.185841,0.039823,0.004425,0.000000,0.000000,0.000000,25756,168,324,152
"-13,-1",40,96919,7,1,1037,2,15,527,642,0,4,6,0.779006,0.149171,0.071823,0.000000,0.000000,0.000000,0.000000,0.773504,0.205128,0.021368,0.000000,0.000000,0.000000,0.000000,25668,168,290,117
"-13,0",0,96919,0,0,980,4,99999,99999,99999,99999,99999,99999,0.000000,0.000000,0.000000,0.000000,0.000000,0.000000,0.000000,0.000000,0.000000,0.000000,0.000000,0.000000,0.000000,0.000000,0,0,0,0
"-13,1",0,96919,0,0,971,4,99999,99999,99999,99999,99999,99999,0.000000,0.000000,0.000000,0.000000,0.000000,0.000000,0.000000,0.000000,0.000000,0.000000,0.000000,0.000000,0.000000,0.000000,0,0,0,0
"-13,2",0,96919,0,0,973,4,99999,99999,99999,99999,99999,99999,0.000000,0.000000,0.000000,0.000000,0.000000,0.000000,0.000000,0.000000,0.000000,0.000000,0.000000,0.000000,0.000000,0.000000,0,0,0,0
"-13,3",0,96919,0,0,968,4,99999,99999,99999,99999,99999,99999,0.000000,0.000000,0.000000,0.000000,0.000000,0.000000,0.000000,0.000000,0.000000,0.000000,0.000000,0.000000,0.000000,0.000000,0,0,0,0
"-13,4",0,96919,0,0,968,4,99999,99999,99999,99999,99999,99999,0.000000,0.000000,0.000000,0.000000,0.000000,0.000000,0.000000,0.000000,0.000000,0.000000,0.000000,0.000000,0.000000,0.000000,0,0,0,0
"-13,5",0,96919,0,0,980,4,99999,99999,99999,99999,99999,99999,0.000000,0.000000,0.000000,0.000000,0.000000,0.000000,0.000000,0.000000,0.000000,0.000000,0.000000,0.000000,0.000000,0.000000,0,0,0,0
"-13,6",0,96919,0,0,975,4,99999,99999,99999,99999,99999,99999,0.000000,0.000000,0.000000,0.000000,0.000000,0.000000,0.000000,0.000000,0.000000,0.000000,0.000000,0.000000,0.000000,0.000000,0,0,0,0
"-13,7",0,96919,0,0,976,4,99999,99999,99999,99999,99999,99999,0.000000,0.000000,0.000000,0.000000,0.000000,0.000000,0.000000,0.000000,0.000000,0.000000,0.000000,0.000000,0.000000,0.000000,0,0,0,0
"-13,8",0,96919,0,0,978,4,99999,99999,99999,99999,99999,99999,0.000000,0.000000,0.000000,0.000000,0.000000,0.000000,0.000000,0.000000,0.000000,0.000000,0.000000,0.000000,0.000000,0.000000,0,0,0,0
"-13,9",0,96919,0,0,976,4,99999,99999,99999,99999,99999,99999,0.000000,0.000000,0.000000,0.000000,0.000000,0.000000,0.000000,0.000000,0.000000,0.000000,0.000000,0.000000,0.000000,0.000000,0,0,0,0
"-13,10",0,96919,0,0,972,4,99999,99999,99999,99999,99999,99999,0.000000,0.000000,0.000000,0.000000,0.000000,0.000000,0.000000,0.000000,0.000000,0.000000,0.000000,0.000000,0.000000,0.000000,0,0,0,0
"-13,11",0,96919,0,0,977,4,99999,99999,99999,99999,99999,99999,0.000000,0.000000,0.000000,0.000000,0.000000,0.000000,0.000000,0.000000,0.000000,0.000000,0.000000,0.000000,0.000000,0.000000,0,0,0,0
"-13,12",0,96919,0,0,979,4,99999,99999,99999,99999,99999,99999,0.000000,0.000000,0.000000,0.000000,0.000000,0.000000,0.000000,0.000000,0.000000,0.000000,0.000000,0.000000,0.000000,0.000000,0,0,0,0
"-13,13",0,96919,0,0,64,4,99999,99999,99999,99999,99999,99999,0.000000,0.000000,0.000000,0.000000,0.000000,0.000000,0.000000,0.000000,0.000000,0.000000,0.000000,0.000000,0.000000,0.000000,0,0,0,0
"-13,14",0,96919,0,0,79,4,99999,99999,99999,99999,99999,99999,0.000000,0.000000,0.000000,0.000000,0.000000,0.000000,0.000000,0.000000,0.000000,0.000000,0.000000,0.000000,0.000000,0.000000,0,0,0,0
"-13,15",0,96919,0,0,67,4,99999,99999,99999,99999,99999,99999,0.000000,0.000000,0.000000,0.000000,0.000000,0.000000,0.000000,0.000000,0.000000,0.000000,0.000000,0.000000,0.000000,0.000000,0,0,0,0
"-13,16",0,96919,0,0,74,4,99999,99999,99999,99999,99999,99999,0.000000,0.000000,0.000000,0.000000,0.000000,0.000000,0.000000,0.000000,0.000000,0.000000,0.000000,0.000000,0.000000,0.000000,0,0,0,0
"-13,17",0,96919,0,0,79,4,99999,99999,99999,99999,99999,99999,0.000000,0.000000,0.000000,0.000000,0.000000,0.000000,0.000000,0.000000,0.000000,0.000000,0.000000,0.000000,0.000000,0.000000,0,0,0,0
"-13,18",0,96919,0,0,75,4,99999,99999,99999,99999,99999,99999,0.000000,0.000000,0.000000,0.000000,0.000000,0.000000,0.000000,0.000000,0.000000,0.000000,0.000000,0.000000,0.000000,0.000000,0,0,0,0
"-13,19",0,96919,0,0,8,4,99999,99999,99999,99999,99999,99999,0.000000,0.000000,0.000000,0.000000,0.000000,0.000000,0.000000,0.000000,0.000000,0.000000,0.000000,0.000000,0.000000,0.000000,0,0,0,0
"-13,20",0,96919,0,0,10,4,99999,99999,99999,99999,99999,99999,0.000000,0.000000,0.000000,0.000000,0.000000,0.000000,0.000000,0.000000,0.000000,0.000000,0.000000,0.000000,0.000000,0.000000,0,0,0,0
"-13,21",0,96919,0,0,10,4,99999,99999,99999,99999,99999,99999,0.000000,0.000000,0.000000,0.000000,0.000000,0.000000,0.000000,0.000000,0.000000,0.000000,0.000000,0.000000,0.000000,0.000000,0,0,0,0
"-13,22",0,96919,0,0,9,4,99999,99999,99999,99999,99999,99999,0.000000,0.000000,0.000000,0.000000,0.000000,0.000000,0.000000,0.000000,0.000000,0.000000,0.000000,0.000000,0.000000,0.000000,0,0,0,0
"-13,23",0,96919,0,0,9,4,99999,99999,99999,99999,99999,99999,0.000000,0.000000,0.000000,0.000000,0.000000,0.000000,0.000000,0.000000,0.000000,0.000000,0.000000,0.000000,0.000000,0.000000,0,0,0,0
"-13,24",0,96919,0,0,4,4,99999,99999,99999,99999,99999,99999,0.000000,0.000000,0.000000,0.000000,0.000000,0.000000,0.000000,0.000000,0.000000,0.000000,0.000000,0.000000,0.000000,0.000000,0,0,0,0
"-13,25",0,96919,0,0,4,4,99999,99999,99999,99999,99999,99999,0.000000,0.000000,0.000000,0.000000,0.000000,0.000000,0.000000,0.000000,0.000000,0.000000,0.000000,0.000000,0.000000,0.000000,0,0,0,0
"-13,26",0,96919,0,0,4,4,99999,99999,99999,99999,99999,99999,0.000000,0.000000,0.000000,0.000000,0.000000,0.000000,0.000000,0.000000,0.000000,0.000000,0.000000,0.000000,0.000000,0.000000,0,0,0,0
"-12,-26",38,96920,9,1,1039,2,24,589,788,0,5,7,0.694444,0.216667,0.083333,0.005556,0.000000,0.000000,0.000000,0.796875,0.135417,0.067708,0.000000,0.000000,0.000000,0.000000,25006,164,288,112
"-12,-25",44,96961,10,1,1040,2,20,527,608,0,4,7,0.696133,0.215470,0.088398,0.000000,0.000000,0.000000,0.000000,0.742105,0.210526,0.042105,0.005263,0.000000,0.000000,0.000000,25184,165,303,134
"-12,-24",42,97041,11,1,1032,2,12,385,526,0,4,6,0.827778,0.144444,0.027778,0.000000,0.000000,0.000000,0.000000,0.764000,0.208000,0.028000,0.000000,0.000000,0.000000,0.000000,26779,175,309,132
"-12,-23",40,97111,11,1,1046,2,17,587,760,0,5,10,0.738889,0.127778,0.133333,0.000000,0.000000,0.000000,0.000000,0.699507,0.216749,0.059113,0.019704,0.004926,0.000000,0.000000,23590,156,279,114
"-12,-22",41,97188,11,1,1041,2,14,209,379,0,4,8,0.866667,0.133333,0.000000,0.000000,0.000000,0.000000,0.000000,0.766393,0.184426,0.049180,0.000000,0.000000,0.000000,0.000000,27495,180,309,129
"-12,-21",41,97266,11,1,1043,2,12,108,162,0,4,6,0.933333,0.066667,0.000000,0.000000,0.000000,0.000000,0.000000,0.780303,0.181818,0.037879,0.000000,0.000000,0.000000,0.000000,27495,180,307,127
"-12,-20",41,97341,11,1,1042,2,11,100,206,0,4,7,0.944444,0.055556,0.000000,0.000000,0.000000,0.000000,0.000000,0.755725,0.209924,0.030534,0.003817,0.000000,0.000000,0.000000,27495,180,307,127
"-12,-19",45,97423,11,1,1039,2,11,377,513,0,4,5,0.822222,0.155556,0.022222,0.000000,0.000000,0.000000,0.000000,0.833333,0.136752,0.025641,0.004274,0.000000,0.000000,0.000000,26973,176,333,153
"-12,-18",36,97498,11,1,1036,2,10,145,317,0,4,6,0.928177,0.071823,0.000000,0.000000,0.000000,0.000000,0.000000,0.833333,0.142276,0.024390,0.000000,0.000000,0.000000,0.000000,27561,181,283,102
"-12,-17",42,97575,11,1,1045,2,10,171,307,0,4,5,0.905556,0.094444,0.000000,0.000000,0.000000,0.000000,0.000000,0.743396,0.237736,0.018868,0.000000,0.000000,0.000000,0.000000,27495,180,314,134
"-12,-16",51,97661,11,1,1035,2,12,310,692,0,4,5,0.861111,0.100000,0.038889,0.000000,0.000000,0.000000,0.000000,0.778986,0.199275,0.014493,0.007246,0.000000,0.000000,0.000000,26343,173,359,184
"-12,-15",40,97730,11,1,1036,2,22,565,701,0,4,5,0.650000,0.200000,0.150000,0.000000,0.000000,0.000000,0.000000,0.772727,0.181818,0.045455,0.000000,0.000000,0.000000,0.000000,23441,153,284,114
"-12,-14",42,97804,11,1,1037,2,14,323,530,0,4,5,0.850000,0.133333,0.016667,0.000000,0.000000,0.000000,0.000000,0.794239,0.185185,0.020576,0.000000,0.000000,0.000000,0.000000,27099,177,310,131
"-12,-13",45,97882,11,1,1045,2,16,317,513,0,5,8,0.841530,0.142077,0.016393,0.000000,0.000000,0.000000,0.000000,0.736434,0.201550,0.058140,0.003876,0.000000,0.000000,0.000000,27495,180,329,149
"-12,-12",44,97953,11,1,1048,2,20,523,759,0,4,8,0.722513,0.167539,0.109948,0.000000,0.000000,0.000000,0.000000,0.797170,0.169811,0.023585,0.009434,0.000000,0.000000,0.000000,25937,170,311,137
"-12,-11",43,98029,11,1,1041,2,15,228,359,0,4,9,0.870968,0.129032,0.000000,0.000000,0.000000,0.000000,0.000000,0.744275,0.206107,0.034351,0.011450,0.003817,0.000000,0.000000,28421,186,323,141
"-12,-10",44,98107,11,1,1047,2,17,445,573,0,4,6,0.788889,0.172222,0.038889,0.000000,0.000000,0.000000,0.000000,0.737069,0.224138,0.034483,0.004310,0.000000,0.000000,0.000000,26415,173,318,141
"-12,-9",46,98141,10,1,1037,2,61,542,861,0,4,7,0.558511,0.308511,0.127660,0.005319,0.000000,0.000000,0.000000,0.764045,0.185393,0.050562,0.000000,0.000000,0.000000,0.000000,24881,163,314,146
"-12,-8",41,98140,9,1,1045,2,19,528,636,0,4,6,0.741935,0.166667,0.091398,0.000000,0.000000,0.000000,0.000000,0.786408,0.194175,0.014563,0.004854,0.000000,0.000000,0.000000,25785,169,301,125
"-12,-7",45,98138,9,1,1042,2,16,533,604,0,4,5,0.761111,0.122222,0.105556,0.011111,0.000000,0.000000,0.000000,0.786957,0.186957,0.021739,0.004348,0.000000,0.000000,0.000000,24344,159,311,140
"-12,-6",40,98136,9,1,1032,2,11,501,620,0,4,7,0.817680,0.121547,0.060773,0.000000,0.000000,0.000000,0.000000,0.824034,0.145923,0.025751,0.004292,0.000000,0.000000,0.000000,26012,170,297,119
"-12,-5",42,98134,9,1,1040,2,14,323,477,0,4,8,0.822222,0.172222,0.005556,0.000000,0.000000,0.000000,0.000000,0.746781,0.214592,0.034335,0.004292,0.000000,0.000000,0.000000,27389,179,313,133
"-12,-4",44,98132,9,1,1037,2,15,368,530,0,4,8,0.838889,0.122222,0.038889,0.000000,0.000000,0.000000,0.000000,0.785992,0.178988,0.027237,0.007782,0.000000,0.000000,0.000000,26384,173,315,140
"-12,-3",39,98127,9,1,1042,2,13,341,509,0,4,7,0.841530,0.136612,0.021858,0.000000,0.000000,0.000000,0.000000,0.814516,0.161290,0.024194,0.000000,0.000000,0.000000,0.000000,27235,179,295,117
"-12,-2",49,98093,8,1,1037,2,16,521,548,0,4,6,0.805556,0.088889,0.100000,0.005556,0.000000,0.000000,0.000000,0.789883,0.182879,0.023346,0.003891,0.000000,0.000000,0.000000,24587,161,332,164
"-12,-1",47,98013,7,1,1033,2,12,435,693,0,4,4,0.851648,0.104396,0.043956,0.000000,0.000000,0.000000,0.000000,0.785441,0.206897,0.007663,0.000000,0.000000,0.000000,0.000000,26617,174,344,165
"-12,0",41,97939,7,1,1047,2,13,236,502,0,4,8,0.888889,0.094444,0.016667,0.000000,0.000000,0.000000,0.000000,0.743083,0.225296,0.031621,0.000000,0.000000,0.000000,0.000000,27044,177,308,128
"-12,1",0,97939,0,0,978,4,99999,99999,99999,99999,99999,99999,0.000000,0.000000,0.000000,0.000000,0.000000,0.000000,0.000000,0.000000,0.000000,0.000000,0.000000,0.000000,0.000000,0.000000,0,0,0,0
"-12,2",0,97939,0,0,975,4,99999,99999,99999,99999,99999,99999,0.000000,0.000000,0.000000,0.000000,0.000000,0.000000,0.000000,0.000000,0.000000,0.000000,0.000000,0.000000,0.000000,0.000000,0,0,0,0
"-12,3",0,97939,0,0,983,4,99999,99999,99999,99999,99999,99999,0.000000,0.000000,0.000000,0.000000,0.000000,0.000000,0.000000,0.000000,0.000000,0.000000,0.000000,0.000000,0.000000,0.000000,0,0,0,0
"-12,4",0,97939,0,0,968,4,99999,99999,99999,99999,99999,99999,0.000000,0.000000,0.000000,0.000000,0.000000,0.000000,0.000000,0.000000,0.000000,0.000000,0.000000,0.000000,0.000000,0.000000,0,0,0,0
"-12,5",0,97939,0,0,971,4,99999,99999,99999,99999,99999,99999,0.000000,0.000000,0.000000,0.000000,0.000000,0.000000,0.000000,0.000000,0.000000,0.000000,0.000000,0.000000,0.000000,0.000000,0,0,0,0
"-12,6",0,97939,0,0,976,4,99999,99999,99999,99999,99999,99999,0.000000,0.000000,0.000000,0.000000,0.000000,0.000000,0.000000,0.000000,0.000000,0.000000,0.000000,0.000000,0.000000,0.000000,0,0,0,0
"-12,7",0,97939,0,0,971,4,99999,99999,99999,99999,99999,99999,0.000000,0.000000,0.000000,0.000000,0.000000,0.000000,0.000000,0.000000,0.000000,0.000000,0.000000,0.000000,0.000000,0.000000,0,0,0,0
"-12,8",0,97939,0,0,983,4,99999,99999,99999,99999,99999,99999,0.000000,0.000000,0.000000,0.000000,0.000000,0.000000,0.000000,0.000000,0.000000,0.000000,0.000000,0.000000,0.000000,0.000000,0,0,0,0
"-12,9",0,97939,0,0,982,4,99999,99999,99999,99999,99999,99999,0.000000,0.000000,0.000000,0.000000,0.000000,0.000000,0.000000,0.000000,0.000000,0.000000,0.000000,0.000000,0.000000,0.000000,0,0,0,0
"-12,10",0,97939,0,0,979,4,99999,99999,99999,99999,99999,99999,0.000000,0.000000,0.000000,0.000000,0.000000,0.000000,0.000000,0.000000,0.000000,0.000000,0.000000,0.000000,0.000000,0.000000,0,0,0,0
"-12,11",0,97939,0,0,980,4,99999,99999,99999,99999,99999,99999,0.000000,0.000000,0.000000,0.000000,0.000000,0.000000,0.000000,0.000000,0.000000,0.000000,0.000000,0.000000,0.000000,0.000000,0,0,0,0
"-12,12",0,97939,0,0,983,4,99999,99999,99999,99999,99999,99999,0.000000,0.000000,0.000000,0.000000,0.000000,0.000000,0.000000,0.000000,0.000000,0.000000,0.000000,0.000000,0.000000,0.000000,0,0,0,0
"-12,13",0,97939,0,0,82,4,99999,99999,99999,99999,99999,99999,0.000000,0.000000,0.000000,0.000000,0.000000,0.000000,0.000000,0.000000,0.000000,0.000000,0.000000,0.000000,0.000000,0.000000,0,0,0,0
"-12,14",0,97939,0,0,86,4,99999,99999,99999,99999,99999,99999,0.000000,0.000000,0.000000,0.000000,0.000000,0.000000,0.000000,0.000000,0.000000,0.000000,0.000000,0.000000,0.000000,0.000000,0,0,0,0
"-12,15",0,97939,0,0,70,4,99999,99999,99999,99999,99999,99999,0.000000,0.000000,0.000000,0.000000,0.000000,0.000000,0.000000,0.000000,0.000000,0.000000,0.000000,0.000000,0.000000,0.000000,0,0,0,0
"-12,16",0,97939,0,0,66,4,99999,99999,99999,99999,99999,99999,0.000000,0.000000,0.000000,0.000000,0.000000,0.000000,0.000000,0.000000,0.000000,0.000000,0.000000,0.000000,0.000000,0.000000,0,0,0,0
"-12,17",0,97939,0,0,85,4,99999,99999,99999,99999,99999,99999,0.000000,0.000000,0.000000,0.000000,0.000000,0.000000,0.000000,0.000000,0.000000,0.000000,0.000000,0.000000,0.000000,0.000000,0,0,0,0
"-12,18",0,97939,0,0,75,4,99999,99999,99999,99999,99999,99999,0.000000,0.000000,0.000000,0.000000,0.000000,0.000000,0.000000,0.000000,0.000000,0.000000,0.000000,0.000000,0.000000,0.000000,0,0,0,0
"-12,19",0,97939,0,0,9,4,99999,99999,99999,99999,99999,99999,0.000000,0.000000,0.000000,0.000000,0.000000,0.000000,0.000000,0.000000,0.000000,0.000000,0.000000,0.000000,0.000000,0.000000,0,0,0,0
"-12,20",0,97939,0,0,8,4,99999,99999,99999,99999,99999,99999,0.000000,0.000000,0.000000,0.000000,0.000000,0.000000,0.000000,0.000000,0.000000,0.000000,0.000000,0.000000,0.000000,0.000000,0,0,0,0
"-12,21",0,97939,0,0,10,4,99999,99999,99999,99999,99999,99999,0.000000,0.000000,0.000000,0.000000,0.000000,0.000000,0.000000,0.000000,0.000000,0.000000,0.000000,0.000000,0.000000,0.000000,0,0,0,0
"-12,22",0,97939,0,0,8,4,99999,99999,99999,99999,99999,99999,0.000000,0.000000,0.000000,0.000000,0.000000,0.000000,0.000000,0.000000,0.000000,0.000000,0.000000,0.000000,0.000000,0.000000,0,0,0,0
"-12,23",0,97939,0,0,8,4,99999,99999,99999,99999,99999,99999,0.000000,0.000000,0.000000,0.000000,0.000000,0.000000,0.000000,0.000000,0.000000,0.000000,0.000000,0.000000,0.000000,0.000000,0,0,0,0
"-12,24",0,97939,0,0,4,4,99999,99999,99999,99999,99999,99999,0.000000,0.000000,0.000000,0.000000,0.000000,0.000000,0.000000,0.000000,0.000000,0.000000,0.000000,0.000000,0.000000,0.000000,0,0,0,0
"-12,25",0,97939,0,0,5,4,99999,99999,99999,99999,99999,99999,0.000000,0.000000,0.000000,0.000000,0.000000,0.000000,0.000000,0.000000,0.000000,0.000000,0.000000,0.000000,0.000000,0.000000,0,0,0,0
"-12,26",0,97939,0,0,4,4,99999,99999,99999,99999,99999,99999,0.000000,0.000000,0.000000,0.000000,0.000000,0.000000,0.000000,0.000000,0.000000,0.000000,0.000000,0.000000,0.000000,0.000000,0,0,0,0
"-11,-26",46,97938,9,1,1035,2,36,500,636,0,4,8,0.661111,0.288889,0.050000,0.000000,0.000000,0.000000,0.000000,0.801020,0.147959,0.040816,0.005102,0.005102,0.000000,0.000000,26268,171,335,155
"-11,-25",39,97970,10,1,1037,2,19,442,525,0,4,8,0.740331,0.226519,0.033149,0.000000,0.000000,0.000000,0.000000,0.810945,0.139303,0.039801,0.009950,0.000000,0.000000,0.000000,26675,175,295,116
"-11,-24",43,98043,11,1,1045,2,13,287,476,0,5,9,0.838889,0.155556,0.005556,0.000000,0.000000,0.000000,0.000000,0.766667,0.175000,0.045833,0.008333,0.004167,0.000000,0.000000,27317,179,321,141
"-11,-23",45,98106,11,1,1050,2,34,546,632,0,4,8,0.610526,0.173684,0.205263,0.010526,0.000000,0.000000,0.000000,0.721649,0.237113,0.030928,0.010309,0.000000,0.000000,0.000000,22872,149,296,134
"-11,-22",40,98174,11,1,1050,2,13,296,521,0,4,6,0.855556,0.127778,0.016667,0.000000,0.000000,0.000000,0.000000,0.790123,0.172840,0.037037,0.000000,0.000000,0.000000,0.000000,27109,177,301,122
"-11,-21",49,98252,11,1,1040,2,10,206,316,0,4,8,0.877778,0.122222,0.000000,0.000000,0.000000,0.000000,0.000000,0.763359,0.198473,0.030534,0.007634,0.000000,0.000000,0.000000,27495,180,355,175
"-11,-20",41,98320,11,1,1042,2,10,93,152,0,4,8,0.962162,0.037838,0.000000,0.000000,0.000000,0.000000,0.000000,0.754513,0.223827,0.010830,0.010830,0.000000,0.000000,0.000000,28283,185,307,127
"-11,-19",47,98394,11,1,1036,2,13,88,191,0,4,5,0.955556,0.044444,0.000000,0.000000,0.000000,0.000000,0.000000,0.747405,0.231834,0.017301,0.003460,0.000000,0.000000,0.000000,27495,180,343,163
"-11,-18",49,98470,11,1,1045,2,19,394,526,0,4,7,0.806630,0.154696,0.038674,0.000000,0.000000,0.000000,0.000000,0.734615,0.223077,0.034615,0.007692,0.000000,0.000000,0.000000,26401,174,356,178
"-11,-17",44,98540,11,1,1041,2,14,344,507,0,4,4,0.824176,0.142857,0.032967,0.000000,0.000000,0.000000,0.000000,0.800000,0.195918,0.004082,0.000000,0.000000,0.000000,0.000000,26740,176,324,143
"-11,-16",39,98604,11,1,1046,2,9,141,260,0,4,8,0.917127,0.082873,0.000000,0.000000,0.000000,0.000000,0.000000,0.756000,0.204000,0.032000,0.004000,0.004000,0.000000,0.000000,27659,181,298,118
"-11,-15",43,98671,11,1,1035,2,12,311,520,0,4,8,0.838889,0.144444,0.016667,0.000000,0.000000,0.000000,0.000000,0.810700,0.164609,0.016461,0.008230,0.000000,0.000000,0.000000,27010,177,315,136
"-11,-14",37,98732,11,1,1035,2,9,198,355,0,4,7,0.911111,0.088889,0.000000,0.000000,0.000000,0.000000,0.000000,0.870445,0.097166,0.028340,0.004049,0.000000,0.000000,0.000000,27495,180,287,107
"-11,-13",38,98792,11,1,1037,2,10,420,519,0,4,8,0.823529,0.133690,0.042781,0.000000,0.000000,0.000000,0.000000,0.836283,0.141593,0.013274,0.008850,0.000000,0.000000,0.000000,27200,179,290,111
"-11,-12",46,98864,11,1,1035,2,18,346,477,0,4,6,0.772222,0.222222,0.005556,0.000000,0.000000,0.000000,0.000000,0.755020,0.220884,0.020080,0.004016,0.000000,0.000000,0.000000,27357,179,337,157
"-11,-11",35,98920,11,1,1037,2,12,524,594,0,4,6,0.755556,0.166667,0.077778,0.000000,0.000000,0.000000,0.000000,0.805970,0.149254,0.039801,0.000000,0.004975,0.000000,0.000000,25329,166,267,95
"-11,-10",40,98983,11,1,1041,2,13,346,512,0,4,8,0.816667,0.150000,0.033333,0.000000,0.000000,0.000000,0.000000,0.762295,0.196721,0.032787,0.004098,0.004098,0.000000,0.000000,26586,174,305,125
"-11,-9",46,99015,10,1,1036,2,11,193,412,0,4,8,0.877778,0.122222,0.000000,0.000000,0.000000,0.000000,0.000000,0.801587,0.158730,0.027778,0.007937,0.003968,0.000000,0.000000,27495,180,335,155
"-11,-8",51,99010,9,1,1034,2,33,505,526,0,4,6,0.681081,0.259459,0.059459,0.000000,0.000000,0.000000,0.000000,0.800000,0.168182,0.031818,0.000000,0.000000,0.000000,0.000000,26655,174,359,185
"-11,-7",48,99006,9,1,1036,2,15,528,696,0,5,8,0.716667,0.205556,0.077778,0.000000,0.000000,0.000000,0.000000,0.725225,0.220721,0.049550,0.000000,0.004505,0.000000,0.000000,25538,167,339,163
"-11,-6",36,99002,9,1,1036,2,13,362,638,0,4,6,0.788889,0.177778,0.033333,0.000000,0.000000,0.000000,0.000000,0.747573,0.223301,0.024272,0.004854,0.000000,0.000000,0.000000,26709,174,278,101
"-11,-5",42,98998,9,1,1048,2,15,344,619,0,4,6,0.827778,0.144444,0.027778,0.000000,0.000000,0.000000,0.000000,0.754237,0.211864,0.033898,0.000000,0.000000,0.000000,0.000000,26802,175,313,134
"-11,-4",42,98994,9,1,1034,2,10,154,351,0,4,6,0.905556,0.094444,0.000000,0.000000,0.000000,0.000000,0.000000,0.801587,0.166667,0.031746,0.000000,0.000000,0.000000,0.000000,27495,180,314,134
"-11,-3",43,98990,9,1,1046,2,13,152,212,0,4,8,0.894444,0.105556,0.000000,0.000000,0.000000,0.000000,0.000000,0.772201,0.185328,0.030888,0.011583,0.000000,0.000000,0.000000,27495,180,320,140
"-11,-2",44,98958,8,1,1040,2,12,281,541,0,4,6,0.900000,0.072222,0.027778,0.000000,0.000000,0.000000,0.000000,0.806950,0.158301,0.034749,0.000000,0.000000,0.000000,0.000000,26834,175,317,140
"-11,-1",44,98885,7,1,1037,2,12,181,258,0,4,8,0.900552,0.099448,0.000000,0.000000,0.000000,0.000000,0.000000,0.768340,0.189189,0.030888,0.007722,0.003861,0.000000,0.000000,27561,181,327,146
"-11,0",43,98812,7,1,1033,2,10,282,575,0,4,7,0.866667,0.100000,0.033333,0.000000,0.000000,0.000000,0.000000,0.764479,0.200772,0.027027,0.007722,0.000000,0.000000,0.000000,26523,174,313,137
"-11,1",0,98812,0,0,982,4,99999,99999,99999,99999,99999,99999,0.000000,0.000000,0.000000,0.000000,0.000000,0.000000,0.000000,0.000000,0.000000,0.000000,0.000000,0.000000,0.000000,0.000000,0,0,0,0
"-11,2",0,98812,0,0,975,4,99999,99999,99999,99999,99999,99999,0.000000,0.000000,0.000000,0.000000,0.000000,0.000000,0.000000,0.000000,0.000000,0.000000,0.000000,0.000000,0.000000,0.000000,0,0,0,0
"-11,3",0,98812,0,0,976,4,99999,99999,99999,99999,99999,99999,0.000000,0.000000,0.000000,0.000000,0.000000,0.000000,0.000000,0.000000,0.000000,0.000000,0.000000,0.000000,0.000000,0.000000,0,0,0,0
"-11,4",0,98812,0,0,968,4,99999,99999,99999,99999,99999,99999,0.000000,0.000000,0.000000,0.000000,0.000000,0.000000,0.000000,0.000000,0.000000,0.000000,0.000000,0.000000,0.000000,0.000000,0,0,0,0
"-11,5",0,98812,0,0,980,4,99999,99999,99999,99999,99999,99999,0.000000,0.000000,0.000000,0.000000,0.000000,0.000000,0.000000,0.000000,0.000000,0.000000,0.000000,0.000000,0.000000,0.000000,0,0,0,0
"-11,6",0,98812,0,0,972,4,99999,99999,99999,99999,99999,99999,0.000000,0.000000,0.000000,0.000000,0.000000,0.000000,0.000000,0.000000,0.000000,0.000000,0.000000,0.000000,0.000000,0.000000,0,0,0,0
"-11,7",0,98812,0,0,979,4,99999,99999,99999,99999,99999,99999,0.000000,0.000000,0.000000,0.000000,0.000000,0.000000,0.000000,0.000000,0.000000,0.000000,0.000000,0.000000,0.000000,0.000000,0,0,0,0
"-11,8",0,98812,0,0,974,4,99999,99999,99999,99999,99999,99999,0.000000,0.000000,0.000000,0.000000,0.000000,0.000000,0.000000,0.000000,0.000000,0.000000,0.000000,0.000000,0.000000,0.000000,0,0,0,0
"-11,9",0,98812,0,0,970,4,99999,99999,99999,99999,99999,99999,0.000000,0.000000,0.000000,0.000000,0.000000,0.000000,0.000000,0.000000,0.000000,0.000000,0.000000,0.000000,0.000000,0.000000,0,0,0,0
"-11,10",0,98812,0,0,973,4,99999,99999,99999,99999,99999,99999,0.000000,0.000000,0.000000,0.000000,0.000000,0.000000,0.000000,0.000000,0.000000,0.000000,0.000000,0.000000,0.000000,0.000000,0,0,0,0
"-11,11",0,98812,0,0,970,4,99999,99999,99999,99999,99999,99999,0.000000,0.000000,0.000000,0.000000,0.000000,0.000000,0.000000,0.000000,0.000000,0.000000,0.000000,0.000000,0.000000,0.000000,0,0,0,0
"-11,12",0,98812,0,0,973,4,99999,99999,99999,99999,99999,99999,0.000000,0.000000,0.000000,0.000000,0.000000,0.000000,0.000000,0.000000,0.000000,0.000000,0.000000,0.000000,0.000000,0.000000,0,0,0,0
"-11,13",0,98812,0,0,75,4,99999,99999,99999,99999,99999,99999,0.000000,0.000000,0.000000,0.000000,0.000000,0.000000,0.000000,0.000000,0.000000,0.000000,0.000000,0.000000,0.000000,0.000000,0,0,0,0
"-11,14",0,98812,0,0,64,4,99999,99999,99999,99999,99999,99999,0.000000,0.000000,0.000000,0.000000,0.000000,0.000000,0.000000,0.000000,0.000000,0.000000,0.000000,0.000000,0.000000,0.000000,0,0,0,0
"-11,15",0,98812,0,0,90,4,99999,99999,99999,99999,99999,99999,0.000000,0.000000,0.000000,0.000000,0.000000,0.000000,0.000000,0.000000,0.000000,0.000000,0.000000,0.000000,0.000000,0.000000,0,0,0,0
"-11,16",0,98812,0,0,74,4,99999,99999,99999,99999,99999,99999,0.000000,0.000000,0.000000,0.000000,0.000000,0.000000,0.000000,0.000000,0.000000,0.000000,0.000000,0.000000,0.000000,0.000000,0,0,0,0
"-11,17",0,98812,0,0,77,4,99999,99999,99999,99999,99999,99999,0.000000,0.000000,0.000000,0.000000,0.000000,0.000000,0.000000,0.000000,0.000000,0.000000,0.000000,0.000000,0.000000,0.000000,0,0,0,0
"-11,18",0,98812,0,0,93,4,99999,99999,99999,99999,99999,99999,0.000000,0.000000,0.000000,0.000000,0.000000,0.000000,0.000000,0.000000,0.000000,0.000000,0.000000,0.000000,0.000000,0.000000,0,0,0,0
"-11,19",0,98812,0,0,8,4,99999,99999,99999,99999,99999,99999,0.000000,0.000000,0.000000,0.000000,0.000000,0.000000,0.000000,0.000000,0.000000,0.000000,0.000000,0.000000,0.000000,0.000000,0,0,0,0
"-11,20",0,98812,0,0,8,4,99999,99999,99999,99999,99999,99999,0.000000,0.000000,0.000000,0.000000,0.000000,0.000000,0.000000,0.000000,0.000000,0.000000,0.000000,0.000000,0.000000,0.000000,0,0,0,0
"-11,21",0,98812,0,0,9,4,99999,99999,99999,99999,99999,99999,0.000000,0.000000,0.000000,0.000000,0.000000,0.000000,0.000000,0.000000,0.000000,0.000000,0.000000,0.000000,0.000000,0.000000,0,0,0,0
"-11,22",0,98812,0,0,9,4,99999,99999,99999,99999,99999,99999,0.000000,0.000000,0.000000,0.000000,0.000000,0.000000,0.000000,0.000000,0.000000,0.000000,0.000000,0.000000,0.000000,0.000000,0,0,0,0
"-11,23",0,98812,0,0,10,4,99999,99999,99999,99999,99999,99999,0.000000,0.000000,0.000000,0.000000,0.000000,0.000000,0.000000,0.000000,0.000000,0.000000,0.000000,0.000000,0.000000,0.000000,0,0,0,0
"-11,24",0,98812,0,0,4,4,99999,99999,99999,99999,99999,99999,0.000000,0.000000,0.000000,0.000000,0.000000,0.000000,0.000000,0.000000,0.000000,0.000000,0.000000,0.000000,0.000000,0.000000,0,0,0,0
"-11,25",0,98812,0,0,4,4,99999,99999,99999,99999,99999,99999,0.000000,0.000000,0.000000,0.000000,0.000000,0.000000,0.000000,0.000000,0.000000,0.000000,0.000000,0.000000,0.000000,0.000000,0,0,0,0
"-11,26",0,98812,0,0,4,4,99999,99999,99999,99999,99999,99999,0.000000,0.000000,0.000000,0.000000,0.000000,0.000000,0.000000,0.000000,0.000000,0.000000,0.000000,0.000000,0.000000,0.000000,0,0,0,0
"-10,-26",45,98841,10,1,1037,2,29,542,814,0,4,6,0.654255,0.191489,0.148936,0.005319,0.000000,0.000000,0.000000,0.770335,0.191388,0.033493,0.004785,0.000000,0.000000,0.000000,24400,159,310,141
"-10,-25",48,98874,10,1,1042,2,15,495,723,0,4,7,0.777778,0.177778,0.044444,0.000000,0.000000,0.000000,0.000000,0.758772,0.206140,0.030702,0.004386,0.000000,0.000000,0.000000,26186,172,351,171
"-10,-24",43,98937,11,1,1043,2,15,334,528,0,4,5,0.823204,0.143646,0.033149,0.000000,0.000000,0.000000,0.000000,0.767241,0.211207,0.021552,0.000000,0.000000,0.000000,0.000000,26819,175,314,137
"-10,-23",46,99002,11,1,1044,2,12,436,544,0,4,8,0.822222,0.133333,0.044444,0.000000,0.000000,0.000000,0.000000,0.759184,0.195918,0.040816,0.004082,0.000000,0.000000,0.000000,26208,172,330,155
"-10,-22",36,99061,11,1,1037,2,12,506,605,0,4,8,0.861111,0.077778,0.061111,0.000000,0.000000,0.000000,0.000000,0.772152,0.181435,0.037975,0.008439,0.000000,0.000000,0.000000,25704,169,280,102
"-10,-21",43,99119,11,1,1038,2,15,529,713,0,4,5,0.794444,0.100000,0.105556,0.000000,0.000000,0.000000,0.000000,0.832579,0.126697,0.040724,0.000000,0.000000,0.000000,0.000000,24647,161,292,126
"-10,-20",50,99187,11,1,1038,2,19,515,765,0,4,7,0.750000,0.194444,0.055556,0.000000,0.000000,0.000000,0.000000,0.737991,0.218341,0.039301,0.000000,0.004367,0.000000,0.000000,26198,170,356,181
"-10,-19",51,99251,11,1,1038,2,21,528,580,0,4,7,0.701657,0.176796,0.110497,0.011050,0.000000,0.000000,0.000000,0.812785,0.164384,0.018265,0.004566,0.000000,0.000000,0.000000,24146,159,331,169
"-10,-18",37,99307,11,1,1031,2,10,437,533,0,4,8,0.878453,0.077348,0.044199,0.000000,0.000000,0.000000,0.000000,0.834025,0.132780,0.029046,0.004149,0.000000,0.000000,0.000000,26369,173,280,105
"-10,-17",41,99366,11,1,1049,2,19,510,589,0,7,9,0.705556,0.222222,0.072222,0.000000,0.000000,0.000000,0.000000,0.732240,0.180328,0.071038,0.016393,0.000000,0.000000,0.000000,25449,167,304,127
"-10,-16",38,99422,11,1,1037,2,12,362,499,0,4,6,0.838889,0.150000,0.011111,0.000000,0.000000,0.000000,0.000000,0.802521,0.180672,0.016807,0.000000,0.000000,0.000000,0.000000,27218,178,292,112
"-10,-15",43,99482,11,1,1041,2,12,171,235,0,4,6,0.905556,0.094444,0.000000,0.000000,0.000000,0.000000,0.000000,0.756654,0.209125,0.030418,0.003802,0.000000,0.000000,0.000000,27495,180,320,140
"-10,-14",44,99549,11,1,1039,2,11,112,228,0,4,6,0.938889,0.061111,0.000000,0.000000,0.000000,0.000000,0.000000,0.808118,0.162362,0.029520,0.000000,0.000000,0.000000,0.000000,27495,180,324,144
"-10,-13",44,99609,11,1,1035,2,11,138,371,0,4,8,0.916667,0.083333,0.000000,0.000000,0.000000,0.000000,0.000000,0.828244,0.137405,0.026718,0.007634,0.000000,0.000000,0.000000,27495,180,324,144
"-10,-12",48,99676,11,1,1043,2,14,365,479,0,4,8,0.805556,0.188889,0.005556,0.000000,0.000000,0.000000,0.000000,0.754098,0.204918,0.032787,0.008197,0.000000,0.000000,0.000000,27370,179,351,171
"-10,-11",45,99733,11,1,1039,2,19,537,608,0,4,6,0.750000,0.144444,0.100000,0.005556,0.000000,0.000000,0.000000,0.746781,0.223176,0.030043,0.000000,0.000000,0.000000,0.000000,24515,161,305,138
"-10,-10",40,99790,11,1,1036,2,11,121,259,0,4,7,0.933333,0.066667,0.000000,0.000000,0.000000,0.000000,0.000000,0.807273,0.152727,0.032727,0.007273,0.000000,0.000000,0.000000,27495,180,304,124
"-10,-9",48,99819,10,1,1032,2,10,293,521,0,4,6,0.844444,0.133333,0.022222,0.000000,0.000000,0.000000,0.000000,0.772926,0.200873,0.026201,0.000000,0.000000,0.000000,0.000000,26891,176,351,171
"-10,-8",38,99841,10,1,1035,2,24,527,662,0,4,6,0.627778,0.266667,0.100000,0.005556,0.000000,0.000000,0.000000,0.846154,0.130178,0.017751,0.005917,0.000000,0.000000,0.000000,24774,161,278,107
"-10,-7",42,99836,9,1,1035,2,23,536,810,0,4,5,0.657459,0.182320,0.160221,0.000000,0.000000,0.000000,0.000000,0.842932,0.130890,0.020942,0.005236,0.000000,0.000000,0.000000,23389,153,291,123
"-10,-6",42,99830,9,1,1031,2,12,164,241,0,4,5,0.877778,0.122222,0.000000,0.000000,0.000000,0.000000,0.000000,0.798450,0.155039,0.046512,0.000000,0.000000,0.000000,0.000000,27495,180,314,134
"-10,-5",42,99824,9,1,1039,2,12,207,326,0,4,6,0.888889,0.111111,0.000000,0.000000,0.000000,0.000000,0.000000,0.766038,0.200000,0.030189,0.000000,0.003774,0.000000,0.000000,27495,180,313,133
"-10,-4",42,99818,9,1,1039,2,11,132,275,0,4,7,0.911111,0.088889,0.000000,0.000000,0.000000,0.000000,0.000000,0.760784,0.200000,0.035294,0.003922,0.000000,0.000000,0.000000,27495,180,314,134
"-10,-3",50,99811,9,1,1045,2,33,529,609,0,4,6,0.652632,0.226316,0.121053,0.000000,0.000000,0.000000,0.000000,0.768868,0.198113,0.028302,0.000000,0.004717,0.000000,0.000000,25434,167,360,181
"-10,-2",40,99781,8,1,1034,2,13,298,523,0,4,5,0.855556,0.122222,0.022222,0.000000,0.000000,0.000000,0.000000,0.778656,0.201581,0.019763,0.000000,0.000000,0.000000,0.000000,26822,176,301,123
"-10,-1",45,99709,7,1,1040,2,13,242,450,0,4,7,0.878453,0.116022,0.005525,0.000000,0.000000,0.000000,0.000000,0.779468,0.190114,0.026616,0.003802,0.000000,0.000000,0.000000,27423,180,334,153
"-10,0",42,99646,7,1,1039,2,18,530,578,0,4,7,0.788043,0.135870,0.076087,0.000000,0.000000,0.000000,0.000000,0.760504,0.205882,0.033613,0.000000,0.000000,0.000000,0.000000,26005,170,301,127
"-10,1",0,99646,0,0,980,4,99999,99999,99999,99999,99999,99999,0.000000,0.000000,0.000000,0.000000,0.000000,0.000000,0.000000,0.000000,0.000000,0.000000,0.000000,0.000000,0.000000,0.000000,0,0,0,0
"-10,2",0,99646,0,0,988,4,99999,99999,99999,99999,99999,99999,0.000000,0.000000,0.000000,0.000000,0.000000,0.000000,0.000000,0.000000,0.000000,0.000000,0.000000,0.000000,0.000000,0.000000,0,0,0,0
"-10,3",0,99646,0,0,966,4,99999,99999,99999,99999,99999,99999,0.000000,0.000000,0.000000,0.000000,0.000000,0.000000,0.000000,0.000000,0.000000,0.000000,0.000000,0.000000,0.000000,0.000000,0,0,0,0
"-10,4",0,99646,0,0,976,4,99999,99999,99999,99999,99999,99999,0.000000,0.000000,0.000000,0.000000,0.000000,0.000000,0.000000,0.000000,0.000000,0.000000,0.000000,0.000000,0.000000,0.000000,0,0,0,0
"-10,5",0,99646,0,0,975,4,99999,99999,99999,99999,99999,99999,0.000000,0.000000,0.000000,0.000000,0.000000,0.000000,0.000000,0.000000,0.000000,0.000000,0.000000,0.000000,0.000000,0.000000,0,0,0,0
"-10,6",0,99646,0,0,976,4,99999,99999,99999,99999,99999,99999,0.000000,0.000000,0.000000,0.000000,0.000000,0.000000,0.000000,0.000000,0.000000,0.000000,0.000000,0.000000,0.000000,0.000000,0,0,0,0
"-10,7",0,99646,0,0,972,4,99999,99999,99999,99999,99999,99999,0.000000,0.000000,0.000000,0.000000,0.000000,0.000000,0.000000,0.000000,0.000000,0.000000,0.000000,0.000000,0.000000,0.000000,0,0,0,0
"-10,8",0,99646,0,0,977,4,99999,99999,99999,99999,99999,99999,0.000000,0.000000,0.000000,0.000000,0.000000,0.000000,0.000000,0.000000,0.000000,0.000000,0.000000,0.000000,0.000000,0.000000,0,0,0,0
"-10,9",0,99646,0,0,978,4,99999,99999,99999,99999,99999,99999,0.000000,0.000000,0.000000,0.000000,0.000000,0.000000,0.000000,0.000000,0.000000,0.000000,0.000000,0.000000,0.000000,0.000000,0,0,0,0
"-10,10",0,99646,0,0,970,4,99999,99999,99999,99999,99999,99999,0.000000,0.000000,0.000000,0.000000,0.000000,0.000000,0.000000,0.000000,0.000000,0.000000,0.000000,0.000000,0.000000,0.000000,0,0,0,0
"-10,11",0,99646,0,0,987,4,99999,99999,99999,99999,99999,99999,0.000000,0.000000,0.000000,0.000000,0.000000,0.000000,0.000000,0.000000,0.000000,0.000000,0.000000,0.000000,0.000000,0.000000,0,0,0,0
"-10,12",0,99646,0,0,970,4,99999,99999,99999,99999,99999,99999,0.000000,0.000000,0.000000,0.000000,0.000000,0.000000,0.000000,0.000000,0.000000,0.000000,0.000000,0.000000,0.000000,0.000000,0,0,0,0
"-10,13",0,99646,0,0,79,4,99999,99999,99999,99999,99999,99999,0.000000,0.000000,0.000000,0.000000,0.000000,0.000000,0.000000,0.000000,0.000000,0.000000,0.000000,0.000000,0.000000,0.000000,0,0,0,0
"-10,14",0,99646,0,0,82,4,99999,99999,99999,99999,99999,99999,0.000000,0.000000,0.000000,0.000000,0.000000,0.000000,0.000000,0.000000,0.000000,0.000000,0.000000,0.000000,0.000000,0.000000,0,0,0,0
"-10,15",0,99646,0,0,68,4,99999,99999,99999,99999,99999,99999,0.000000,0.000000,0.000000,0.000000,0.000000,0.000000,0.000000,0.000000,0.000000,0.000000,0.000000,0.000000,0.000000,0.000000,0,0,0,0
"-10,16",0,99646,0,0,77,4,99999,99999,99999,99999,99999,99999,0.000000,0.000000,0.000000,0.000000,0.000000,0.000000,0.000000,0.000000,0.000000,0.000000,0.000000,0.000000,0.000000,0.000000,0,0,0,0
"-10,17",0,99646,0,0,71,4,99999,99999,99999,99999,99999,99999,0.000000,0.000000,0.000000,0.000000,0.000000,0.000000,0.000000,0.000000,0.000000,0.000000,0.000000,0.000000,0.000000,0.000000,0,0,0,0
"-10,18",0,99646,0,0,84,4,99999,99999,99999,99999,99999,99999,0.000000,0.000000,0.000000,0.000000,0.000000,0.000000,0.000000,0.000000,0.000000,0.000000,0.000000,0.000000,0.000000,0.000000,0,0,0,0
"-10,19",0,99646,0,0,8,4,99999,99999,99999,99999,99999,99999,0.000000,0.000000,0.000000,0.000000,0.000000,0.000000,0.000000,0.000000,0.000000,0.000000,0.000000,0.000000,0.000000,0.000000,0,0,0,0
"-10,20",0,99646,0,0,10,4,99999,99999,99999,99999,99999,99999,0.000000,0.000000,0.000000,0.000000,0.000000,0.000000,0.000000,0.000000,0.000000,0.000000,0.000000,0.000000,0.000000,0.000000,0,0,0,0
"-10,21",0,99646,0,0,9,4,99999,99999,99999,99999,99999,99999,0.000000,0.000000,0.000000,0.000000,0.000000,0.000000,0.000000,0.000000,0.000000,0.000000,0.000000,0.000000,0.000000,0.000000,0,0,0,0
"-10,22",0,99646,0,0,7,4,99999,99999,99999,99999,99999,99999,0.000000,0.000000,0.000000,0.000000,0.000000,0.000000,0.000000,0.000000,0.000000,0.000000,0.000000,0.000000,0.000000,0.000000,0,0,0,0
"-10,23",0,99646,0,0,8,4,99999,99999,99999,99999,99999,99999,0.000000,0.000000,0.000000,0.000000,0.000000,0.000000,0.000000,0.000000,0.000000,0.000000,0.000000,0.000000,0.000000,0.000000,0,0,0,0
"-10,24",0,99646,0,0,4,4,99999,99999,99999,99999,99999,99999,0.000000,0.000000,0.000000,0.000000,0.000000,0.000000,0.000000,0.000000,0.000000,0.000000,0.000000,0.000000,0.000000,0.000000,0,0,0,0
"-10,25",0,99646,0,0,5,4,99999,99999,99999,99999,99999,99999,0.000000,0.000000,0.000000,0.000000,0.000000,0.000000,0.000000,0.000000,0.000000,0.000000,0.000000,0.000000,0.000000,0.000000,0,0,0,0
"-10,26",0,99646,0,0,4,4,99999,99999,99999,99999,99999,99999,0.000000,0.000000,0.000000,0.000000,0.000000,0.000000,0.000000,0.000000,0.000000,0.000000,0.000000,0.000000,0.000000,0.000000,0,0,0,0
"-9,-26",43,99640,9,1,1046,2,32,480,562,0,4,8,0.652632,0.310526,0.036842,0.000000,0.000000,0.000000,0.000000,0.758794,0.201005,0.035176,0.005025,0.000000,0.000000,0.000000,27987,183,330,143
"-9,-25",48,99669,10,1,1038,2,11,342,470,0,4,5,0.805556,0.188889,0.005556,0.000000,0.000000,0.000000,0.000000,0.794979,0.192469,0.012552,0.000000,0.000000,0.000000,0.000000,27345,179,352,172
"-9,-24",46,99729,11,1,1040,2,18,367,519,0,5,6,0.767956,0.215470,0.016575,0.000000,0.000000,0.000000,0.000000,0.740426,0.204255,0.055319,0.000000,0.000000,0.000000,0.000000,27196,178,337,157
"-9,-23",44,99784,11,1,1037,2,13,513,870,0,4,5,0.762431,0.127072,0.099448,0.011050,0.000000,0.000000,0.000000,0.835681,0.136150,0.028169,0.000000,0.000000,0.000000,0.000000,24503,161,305,137
"-9,-22",48,99845,11,1,1038,2,14,521,570,0,4,8,0.755556,0.138889,0.105556,0.000000,0.000000,0.000000,0.000000,0.768182,0.200000,0.027273,0.004545,0.000000,0.000000,0.000000,24496,161,331,162
"-9,-21",45,99903,11,1,1045,2,14,174,350,0,5,8,0.863388,0.136612,0.000000,0.000000,0.000000,0.000000,0.000000,0.758065,0.177419,0.056452,0.008065,0.000000,0.000000,0.000000,27951,183,331,150
"-9,-20",40,99953,11,1,1043,2,14,539,626,0,4,5,0.755556,0.144444,0.100000,0.000000,0.000000,0.000000,0.000000,0.798246,0.179825,0.021930,0.000000,0.000000,0.000000,0.000000,24649,162,282,114
"-9,-19",40,100005,11,1,1041,2,16,503,726,0,4,4,0.772222,0.172222,0.055556,0.000000,0.000000,0.000000,0.000000,0.797414,0.198276,0.004310,0.000000,0.000000,0.000000,0.000000,25966,170,293,118
"-9,-18",43,100062,11,1,1034,2,11,97,227,0,4,8,0.950276,0.049724,0.000000,0.000000,0.000000,0.000000,0.000000,0.783972,0.177700,0.034843,0.003484,0.000000,0.000000,0.000000,27561,181,319,138
"-9,-17",41,100107,11,1,1043,1,36,556,735,0,4,5,0.566667,0.150000,0.283333,0.000000,0.000000,0.000000,0.000000,0.793939,0.187879,0.006061,0.012121,0.000000,0.000000,0.000000,20036,129,260,109
"-9,-16",42,100161,11,1,1041,2,11,138,207,0,4,5,0.927778,0.072222,0.000000,0.000000,0.000000,0.000000,0.000000,0.779468,0.197719,0.022814,0.000000,0.000000,0.000000,0.000000,27495,180,311,131
"-9,-15",41,100214,11,1,1037,2,11,423,541,0,4,6,0.855556,0.111111,0.033333,0.000000,0.000000,0.000000,0.000000,0.789256,0.190083,0.016529,0.004132,0.000000,0.000000,0.000000,26571,174,305,127
"-9,-14",41,100264,11,1,1041,2,17,529,629,0,4,6,0.704918,0.174863,0.120219,0.000000,0.000000,0.000000,0.000000,0.779412,0.196078,0.024510,0.000000,0.000000,0.000000,0.000000,24536,161,286,118
"-9,-13",39,100314,11,1,1041,2,13,477,603,0,4,6,0.838889,0.111111,0.050000,0.000000,0.000000,0.000000,0.000000,0.816733,0.151394,0.031873,0.000000,0.000000,0.000000,0.000000,26040,171,289,114
"-9,-12",46,100370,11,1,1033,2,15,501,586,0,5,9,0.762431,0.176796,0.060773,0.000000,0.000000,0.000000,0.000000,0.739726,0.182648,0.063927,0.013699,0.000000,0.000000,0.000000,25843,170,330,153
"-9,-11",46,100427,11,1,1035,2,12,234,390,0,5,7,0.883333,0.116667,0.000000,0.000000,0.000000,0.000000,0.000000,0.744444,0.203704,0.044444,0.007407,0.000000,0.000000,0.000000,27495,180,338,158
"-9,-10",41,100477,11,1,1048,2,13,384,527,0,4,8,0.861878,0.116022,0.022099,0.000000,0.000000,0.000000,0.000000,0.774590,0.184426,0.032787,0.008197,0.000000,0.000000,0.000000,27059,177,303,125
"-9,-9",37,100498,10,1,1043,2,13,339,500,0,4,8,0.850000,0.133333,0.016667,0.000000,0.000000,0.000000,0.000000,0.795652,0.173913,0.021739,0.008696,0.000000,0.000000,0.000000,27150,177,288,109
"-9,-8",48,100490,9,1,1032,2,17,512,808,0,4,6,0.766667,0.177778,0.050000,0.005556,0.000000,0.000000,0.000000,0.793991,0.184549,0.021459,0.000000,0.000000,0.000000,0.000000,25893,170,346,167
"-9,-7",47,100482,9,1,1040,2,14,196,402,0,4,8,0.895028,0.099448,0.005525,0.000000,0.000000,0.000000,0.000000,0.760148,0.206642,0.022140,0.011070,0.000000,0.000000,0.000000,27530,180,342,162
"-9,-6",46,100474,9,1,1032,2,22,503,548,0,4,8,0.683333,0.261111,0.055556,0.000000,0.000000,0.000000,0.000000,0.816425,0.149758,0.024155,0.009662,0.000000,0.000000,0.000000,25858,170,336,157
"-9,-5",42,100468,9,1,1034,2,13,513,556,0,4,7,0.800000,0.133333,0.055556,0.011111,0.000000,0.000000,0.000000,0.807175,0.147982,0.044843,0.000000,0.000000,0.000000,0.000000,25566,168,301,128
"-9,-4",45,100461,9,1,1046,2,21,527,684,0,5,8,0.805556,0.111111,0.083333,0.000000,0.000000,0.000000,0.000000,0.720833,0.216667,0.058333,0.004167,0.000000,0.000000,0.000000,25412,165,313,142
"-9,-3",37,100454,9,1,1047,2,15,348,510,0,5,9,0.806630,0.176796,0.016575,0.000000,0.000000,0.000000,0.000000,0.756881,0.188073,0.032110,0.022936,0.000000,0.000000,0.000000,27160,178,286,107
"-9,-2",51,100419,8,1,1044,2,15,228,357,0,4,6,0.861878,0.138122,0.000000,0.000000,0.000000,0.000000,0.000000,0.708772,0.252632,0.035088,0.000000,0.003509,0.000000,0.000000,27659,181,369,189
"-9,-1",52,100343,7,1,1055,2,38,518,656,0,4,8,0.674033,0.248619,0.077348,0.000000,0.000000,0.000000,0.000000,0.681034,0.280172,0.030172,0.004310,0.004310,0.000000,0.000000,25557,167,368,194
"-9,0",49,100271,7,1,1035,2,22,399,530,0,4,7,0.744565,0.233696,0.021739,0.000000,0.000000,0.000000,0.000000,0.743697,0.226891,0.029412,0.000000,0.000000,0.000000,0.000000,27440,180,356,175
"-9,1",0,100271,0,0,974,4,99999,99999,99999,99999,99999,99999,0.000000,0.000000,0.000000,0.000000,0.000000,0.000000,0.000000,0.000000,0.000000,0.000000,0.000000,0.000000,0.000000,0.000000,0,0,0,0
"-9,2",0,100271,0,0,978,4,99999,99999,99999,99999,99999,99999,0.000000,0.000000,0.000000,0.000000,0.000000,0.000000,0.000000,0.000000,0.000000,0.000000,0.000000,0.000000,0.000000,0.000000,0,0,0,0
"-9,3",0,100271,0,0,978,4,99999,99999,99999,99999,99999,99999,0.000000,0.000000,0.000000,0.000000,0.000000,0.000000,0.000000,0.000000,0.000000,0.000000,0.000000,0.000000,0.000000,0.000000,0,0,0,0
"-9,4",0,100271,0,0,968,4,99999,99999,99999,99999,99999,99999,0.000000,0.000000,0.000000,0.000000,0.000000,0.000000,0.000000,0.000000,0.000000,0.000000,0.000000,0.000000,0.000000,0.000000,0,0,0,0
"-9,5",0,100271,0,0,980,4,99999,99999,99999,99999,99999,99999,0.000000,0.000000,0.000000,0.000000,0.000000,0.000000,0.000000,0.000000,0.000000,0.000000,0.000000,0.000000,0.000000,0.000000,0,0,0,0
"-9,6",0,100271,0,0,976,4,99999,99999,99999,99999,99999,99999,0.000000,0.000000,0.000000,0.000000,0.000000,0.000000,0.000000,0.000000,0.000000,0.000000,0.000000,0.000000,0.000000,0.000000,0,0,0,0
"-9,7",0,100271,0,0,981,4,99999,99999,99999,99999,99999,99999,0.000000,0.000000,0.000000,0.000000,0.000000,0.000000,0.000000,0.000000,0.000000,0.000000,0.000000,0.000000,0.000000,0.000000,0,0,0,0
"-9,8",0,100271,0,0,971,4,99999,99999,99999,99999,99999,99999,0.000000,0.000000,0.000000,0.000000,0.000000,0.000000,0.000000,0.000000,0.000000,0.000000,0.000000,0.000000,0.000000,0.000000,0,0,0,0
"-9,9",0,100271,0,0,978,4,99999,99999,99999,99999,99999,99999,0.000000,0.000000,0.000000,0.000000,0.000000,0.000000,0.000000,0.000000,0.000000,0.000000,0.000000,0.000000,0.000000,0.000000,0,0,0,0
"-9,10",0,100271,0,0,973,4,99999,99999,99999,99999,99999,99999,0.000000,0.000000,0.000000,0.000000,0.000000,0.000000,0.000000,0.000000,0.000000,0.000000,0.000000,0.000000,0.000000,0.000000,0,0,0,0
"-9,11",0,100271,0,0,967,4,99999,99999,99999,99999,99999,99999,0.000000,0.000000,0.000000,0.000000,0.000000,0.000000,0.000000,0.000000,0.000000,0.000000,0.000000,0.000000,0.000000,0.000000,0,0,0,0
"-9,12",0,100271,0,0,976,4,99999,99999,99999,99999,99999,99999,0.000000,0.000000,0.000000,0.000000,0.000000,0.000000,0.000000,0.000000,0.000000,0.000000,0.000000,0.000000,0.000000,0.000000,0,0,0,0
"-9,13",0,100271,0,0,77,4,99999,99999,99999,99999,99999,99999,0.000000,0.000000,0.000000,0.000000,0.000000,0.000000,0.000000,0.000000,0.000000,0.000000,0.000000,0.000000,0.000000,0.000000,0,0,0,0
"-9,14",0,100271,0,0,70,4,99999,99999,99999,99999,99999,99999,0.000000,0.000000,0.000000,0.000000,0.000000,0.000000,0.000000,0.000000,0.000000,0.000000,0.000000,0.000000,0.000000,0.000000,0,0,0,0
"-9,15",0,100271,0,0,76,4,99999,99999,99999,99999,99999,99999,0.000000,0.000000,0.000000,0.000000,0.000000,0.000000,0.000000,0.000000,0.000000,0.000000,0.000000,0.000000,0.000000,0.000000,0,0,0,0
"-9,16",0,100271,0,0,76,4,99999,99999,99999,99999,99999,99999,0.000000,0.000000,0.000000,0.000000,0.000000,0.000000,0.000000,0.000000,0.000000,0.000000,0.000000,0.000000,0.000000,0.000000,0,0,0,0
"-9,17",0,100271,0,0,79,4,99999,99999,99999,99999,99999,99999,0.000000,0.000000,0.000000,0.000000,0.000000,0.000000,0.000000,0.000000,0.000000,0.000000,0.000000,0.000000,0.000000,0.000000,0,0,0,0
"-9,18",0,100271,0,0,69,4,99999,99999,99999,99999,99999,99999,0.000000,0.000000,0.000000,0.000000,0.000000,0.000000,0.000000,0.000000,0.000000,0.000000,0.000000,0.000000,0.000000,0.000000,0,0,0,0
"-9,19",0,100271,0,0,9,4,99999,99999,99999,99999,99999,99999,0.000000,0.000000,0.000000,0.000000,0.000000,0.000000,0.000000,0.000000,0.000000,0.000000,0.000000,0.000000,0.000000,0.000000,0,0,0,0
"-9,20",0,100271,0,0,8,4,99999,99999,99999,99999,99999,99999,0.000000,0.000000,0.000000,0.000000,0.000000,0.000000,0.000000,0.000000,0.000000,0.000000,0.000000,0.000000,0.000000,0.000000,0,0,0,0
"-9,21",0,100271,0,0,7,4,99999,99999,99999,99999,99999,99999,0.000000,0.000000,0.000000,0.000000,0.000000,0.000000,0.000000,0.000000,0.000000,0.000000,0.000000,0.000000,0.000000,0.000000,0,0,0,0
"-9,22",0,100271,0,0,9,4,99999,99999,99999,99999,99999,99999,0.000000,0.000000,0.000000,0.000000,0.000000,0.000000,0.000000,0.000000,0.000000,0.000000,0.000000,0.000000,0.000000,0.000000,0,0,0,0
"-9,23",0,100271,0,0,10,4,99999,99999,99999,99999,99999,99999,0.000000,0.000000,0.000000,0.000000,0.000000,0.000000,0.000000,0.000000,0.000000,0.000000,0.000000,0.000000,0.000000,0.000000,0,0,0,0
"-9,24",0,100271,0,0,4,4,99999,99999,99999,99999,99999,99999,0.000000,0.000000,0.000000,0.000000,0.000000,0.000000,0.000000,0.000000,0.000000,0.000000,0.000000,0.000000,0.000000,0.000000,0,0,0,0
"-9,25",0,100271,0,0,4,4,99999,99999,99999,99999,99999,99999,0.000000,0.000000,0.000000,0.000000,0.000000,0.000000,0.000000,0.000000,0.000000,0.000000,0.000000,0.000000,0.000000,0.000000,0,0,0,0
"-9,26",0,100271,0,0,4,4,99999,99999,99999,99999,99999,99999,0.000000,0.000000,0.000000,0.000000,0.000000,0.000000,0.000000,0.000000,0.000000,0.000000,0.000000,0.000000,0.000000,0.000000,0,0,0,0
"-8,-26",44,100264,9,1,1036,2,17,340,525,0,4,5,0.800000,0.177778,0.022222,0.000000,0.000000,0.000000,0.000000,0.802632,0.175439,0.021930,0.000000,0.000000,0.000000,0.000000,26934,176,321,143
"-8,-25",37,100285,10,1,1045,2,29,621,817,0,5,8,0.639785,0.241935,0.112903,0.005376,0.000000,0.000000,0.000000,0.751351,0.189189,0.059459,0.000000,0.000000,0.000000,0.000000,25067,164,281,106
"-8,-24",48,100342,11,1,1044,2,22,384,503,0,5,6,0.700000,0.283333,0.016667,0.000000,0.000000,0.000000,0.000000,0.687225,0.255507,0.052863,0.004405,0.000000,0.000000,0.000000,27054,177,350,170
"-8,-23",45,100397,11,1,1036,2,14,321,529,0,4,6,0.863158,0.110526,0.026316,0.000000,0.000000,0.000000,0.000000,0.814815,0.162963,0.018519,0.003704,0.000000,0.000000,0.000000,28283,185,348,160
"-8,-22",36,100442,11,1,1040,2,13,436,551,0,4,7,0.811111,0.144444,0.044444,0.000000,0.000000,0.000000,0.000000,0.776786,0.183036,0.040179,0.000000,0.000000,0.000000,0.000000,26174,172,274,100
"-8,-21",39,100486,11,1,1042,2,16,528,567,0,5,7,0.714286,0.174603,0.111111,0.000000,0.000000,0.000000,0.000000,0.776256,0.159817,0.063927,0.000000,0.000000,0.000000,0.000000,25691,168,281,110
"-8,-20",43,100537,11,1,1039,2,13,485,592,0,4,8,0.805556,0.150000,0.044444,0.000000,0.000000,0.000000,0.000000,0.800000,0.174468,0.017021,0.004255,0.004255,0.000000,0.000000,26148,172,313,135
"-8,-19",45,100584,11,1,1039,2,17,538,593,0,4,5,0.741758,0.120879,0.137363,0.000000,0.000000,0.000000,0.000000,0.809524,0.166667,0.023810,0.000000,0.000000,0.000000,0.000000,23954,157,299,135
"-8,-18",43,100634,11,1,1039,2,18,521,604,0,4,7,0.791209,0.126374,0.082418,0.000000,0.000000,0.000000,0.000000,0.778226,0.185484,0.036290,0.000000,0.000000,0.000000,0.000000,25659,167,309,135
"-8,-17",45,100685,11,1,1045,2,18,564,763,0,4,6,0.700000,0.183333,0.116667,0.000000,0.000000,0.000000,0.000000,0.790476,0.185714,0.023810,0.000000,0.000000,0.000000,0.000000,24227,159,324,147
"-8,-16",48,100737,11,1,1037,2,16,512,606,0,4,8,0.738889,0.183333,0.077778,0.000000,0.000000,0.000000,0.000000,0.780269,0.188341,0.022422,0.008969,0.000000,0.000000,0.000000,25375,166,336,164
"-8,-15",47,100789,11,1,1039,2,16,524,530,0,4,6,0.788889,0.133333,0.077778,0.000000,0.000000,0.000000,0.000000,0.772358,0.195122,0.032520,0.000000,0.000000,0.000000,0.000000,25293,166,321,152
"-8,-14",47,100841,11,1,1040,2,20,504,737,0,4,7,0.716667,0.222222,0.061111,0.000000,0.000000,0.000000,0.000000,0.765258,0.197183,0.032864,0.004695,0.000000,0.000000,0.000000,25970,169,336,160
"-8,-13",44,100888,11,1,1045,2,12,496,555,0,4,5,0.833333,0.116667,0.050000,0.000000,0.000000,0.000000,0.000000,0.774059,0.192469,0.033473,0.000000,0.000000,0.000000,0.000000,26123,171,310,137
"-8,-12",45,100938,11,1,1032,2,15,514,631,0,4,8,0.750000,0.183333,0.066667,0.000000,0.000000,0.000000,0.000000,0.756198,0.202479,0.037190,0.000000,0.004132,0.000000,0.000000,25680,168,322,146
"-8,-11",42,100986,11,1,1043,2,11,170,501,0,4,6,0.911111,0.072222,0.016667,0.000000,0.000000,0.000000,0.000000,0.753788,0.204545,0.037879,0.003788,0.000000,0.000000,0.000000,26991,177,314,135
"-8,-10",40,101032,11,1,1039,2,9,96,212,0,4,6,0.950000,0.050000,0.000000,0.000000,0.000000,0.000000,0.000000,0.814815,0.151852,0.025926,0.007407,0.000000,0.000000,0.000000,27495,180,302,122
"-8,-9",40,101052,10,1,1037,2,13,445,581,0,4,5,0.811111,0.150000,0.038889,0.000000,0.000000,0.000000,0.000000,0.837209,0.144186,0.013953,0.004651,0.000000,0.000000,0.000000,26345,173,303,124
"-8,-8",47,101043,9,1,1038,2,23,610,758,0,4,5,0.721053,0.178947,0.100000,0.000000,0.000000,0.000000,0.000000,0.773333,0.200000,0.022222,0.004444,0.000000,0.000000,0.000000,25970,171,346,166
"-8,-7",42,101035,9,1,1037,2,12,503,548,0,4,9,0.810526,0.126316,0.063158,0.000000,0.000000,0.000000,0.000000,0.739669,0.214876,0.033058,0.012397,0.000000,0.000000,0.000000,27193,178,319,137
"-8,-6",43,101027,9,1,1041,2,14,221,403,0,4,5,0.872222,0.127778,0.000000,0.000000,0.000000,0.000000,0.000000,0.747082,0.233463,0.015564,0.003891,0.000000,0.000000,0.000000,27495,180,316,136
"-8,-5",47,101019,9,1,1039,2,21,527,615,0,4,8,0.705556,0.205556,0.088889,0.000000,0.000000,0.000000,0.000000,0.739910,0.224215,0.031390,0.004484,0.000000,0.000000,0.000000,25164,164,323,152
"-8,-4",39,101011,9,1,1043,2,11,367,598,0,4,6,0.816667,0.155556,0.027778,0.000000,0.000000,0.000000,0.000000,0.797414,0.155172,0.043103,0.004310,0.000000,0.000000,0.000000,26676,175,299,119
"-8,-3",56,100991,9,1,1037,2,22,541,657,0,4,8,0.727778,0.138889,0.133333,0.000000,0.000000,0.000000,0.000000,0.738938,0.230088,0.022124,0.004425,0.004425,0.000000,0.000000,23885,156,390,221
"-8,-2",33,100965,8,1,1038,2,9,64,171,0,4,5,0.966667,0.033333,0.000000,0.000000,0.000000,0.000000,0.000000,0.833992,0.146245,0.015810,0.003953,0.000000,0.000000,0.000000,27495,180,272,92
"-8,-1",41,100903,7,1,1033,2,10,141,408,0,4,6,0.922652,0.071823,0.005525,0.000000,0.000000,0.000000,0.000000,0.768657,0.208955,0.022388,0.000000,0.000000,0.000000,0.000000,27405,180,309,128
"-8,0",51,100828,7,1,1042,3,15,203,293,0,4,8,0.867403,0.132597,0.000000,0.000000,0.000000,0.000000,0.000000,0.761733,0.194946,0.039711,0.000000,0.003610,0.000000,0.000000,27659,181,375,195
"-8,1",0,100828,0,0,974,4,99999,99999,99999,99999,99999,99999,0.000000,0.000000,0.000000,0.000000,0.000000,0.000000,0.000000,0.000000,0.000000,0.000000,0.000000,0.000000,0.000000,0.000000,0,0,0,0
"-8,2",0,100828,0,0,983,4,99999,99999,99999,99999,99999,99999,0.000000,0.000000,0.000000,0.000000,0.000000,0.000000,0.000000,0.000000,0.000000,0.000000,0.000000,0.000000,0.000000,0.000000,0,0,0,0
"-8,3",0,100828,0,0,977,4,99999,99999,99999,99999,99999,99999,0.000000,0.000000,0.000000,0.000000,0.000000,0.000000,0.000000,0.000000,0.000000,0.000000,0.000000,0.000000,0.000000,0.000000,0,0,0,0
"-8,4",0,100828,0,0,973,4,99999,99999,99999,99999,99999,99999,0.000000,0.000000,0.000000,0.000000,0.000000,0.000000,0.000000,0.000000,0.000000,0.000000,0.000000,0.000000,0.000000,0.000000,0,0,0,0
"-8,5",0,100828,0,0,959,4,99999,99999,99999,99999,99999,99999,0.000000,0.000000,0.000000,0.000000,0.000000,0.000000,0.000000,0.000000,0.000000,0.000000,0.000000,0.000000,0.000000,0.000000,0,0,0,0
"-8,6",0,100828,0,0,978,4,99999,99999,99999,99999,99999,99999,0.000000,0.000000,0.000000,0.000000,0.000000,0.000000,0.000000,0.000000,0.000000,0.000000,0.000000,0.000000,0.000000,0.000000,0,0,0,0
"-8,7",0,100828,0,0,971,4,99999,99999,99999,99999,99999,99999,0.000000,0.000000,0.000000,0.000000,0.000000,0.000000,0.000000,0.000000,0.000000,0.000000,0.000000,0.000000,0.000000,0.000000,0,0,0,0
"-8,8",0,100828,0,0,976,4,99999,99999,99999,99999,99999,99999,0.000000,0.000000,0.000000,0.000000,0.000000,0.000000,0.000000,0.000000,0.000000,0.000000,0.000000,0.000000,0.000000,0.000000,0,0,0,0
"-8,9",0,100828,0,0,972,4,99999,99999,99999,99999,99999,99999,0.000000,0.000000,0.000000,0.000000,0.000000,0.000000,0.000000,0.000000,0.000000,0.000000,0.000000,0.000000,0.000000,0.000000,0,0,0,0
"-8,10",0,100828,0,0,982,4,99999,99999,99999,99999,99999,99999,0.000000,0.000000,0.000000,0.000000,0.000000,0.000000,0.000000,0.000000,0.000000,0.000000,0.000000,0.000000,0.000000,0.000000,0,0,0,0
"-8,11",0,100828,0,0,974,4,99999,99999,99999,99999,99999,99999,0.000000,0.000000,0.000000,0.000000,0.000000,0.000000,0.000000,0.000000,0.000000,0.000000,0.000000,0.000000,0.000000,0.000000,0,0,0,0
"-8,12",0,100828,0,0,981,4,99999,99999,99999,99999,99999,99999,0.000000,0.000000,0.000000,0.000000,0.000000,0.000000,0.000000,0.000000,0.000000,0.000000,0.000000,0.000000,0.000000,0.000000,0,0,0,0
"-8,13",0,100828,0,0,70,4,99999,99999,99999,99999,99999,99999,0.000000,0.000000,0.000000,0.000000,0.000000,0.000000,0.000000,0.000000,0.000000,0.000000,0.000000,0.000000,0.000000,0.000000,0,0,0,0
"-8,14",0,100828,0,0,70,4,99999,99999,99999,99999,99999,99999,0.000000,0.000000,0.000000,0.000000,0.000000,0.000000,0.000000,0.000000,0.000000,0.000000,0.000000,0.000000,0.000000,0.000000,0,0,0,0
"-8,15",0,100828,0,0,67,4,99999,99999,99999,99999,99999,99999,0.000000,0.000000,0.000000,0.000000,0.000000,0.000000,0.000000,0.000000,0.000000,0.000000,0.000000,0.000000,0.000000,0.000000,0,0,0,0
"-8,16",0,100828,0,0,73,4,99999,99999,99999,99999,99999,99999,0.000000,0.000000,0.000000,0.000000,0.000000,0.000000,0.000000,0.000000,0.000000,0.000000,0.000000,0.000000,0.000000,0.000000,0,0,0,0
"-8,17",0,100828,0,0,72,4,99999,99999,99999,99999,99999,99999,0.000000,0.000000,0.000000,0.000000,0.000000,0.000000,0.000000,0.000000,0.000000,0.000000,0.000000,0.000000,0.000000,0.000000,0,0,0,0
"-8,18",0,100828,0,0,73,4,99999,99999,99999,99999,99999,99999,0.000000,0.000000,0.000000,0.000000,0.000000,0.000000,0.000000,0.000000,0.000000,0.000000,0.000000,0.000000,0.000000,0.000000,0,0,0,0
"-8,19",0,100828,0,0,9,4,99999,99999,99999,99999,99999,99999,0.000000,0.000000,0.000000,0.000000,0.000000,0.000000,0.000000,0.000000,0.000000,0.000000,0.000000,0.000000,0.000000,0.000000,0,0,0,0
"-8,20",0,100828,0,0,8,4,99999,99999,99999,99999,99999,99999,0.000000,0.000000,0.000000,0.000000,0.000000,0.000000,0.000000,0.000000,0.000000,0.000000,0.000000,0.000000,0.000000,0.000000,0,0,0,0
"-8,21",0,100828,0,0,8,4,99999,99999,99999,99999,99999,99999,0.000000,0.000000,0.000000,0.000000,0.000000,0.000000,0.000000,0.000000,0.000000,0.000000,0.000000,0.000000,0.000000,0.000000,0,0,0,0
"-8,22",0,100828,0,0,9,4,99999,99999,99999,99999,99999,99999,0.000000,0.000000,0.000000,0.000000,0.000000,0.000000,0.000000,0.000000,0.000000,0.000000,0.000000,0.000000,0.000000,0.000000,0,0,0,0
"-8,23",0,100828,0,0,8,4,99999,99999,99999,99999,99999,99999,0.000000,0.000000,0.000000,0.000000,0.000000,0.000000,0.000000,0.000000,0.000000,0.000000,0.000000,0.000000,0.000000,0.000000,0,0,0,0
"-8,24",0,100828,0,0,5,4,99999,99999,99999,99999,99999,99999,0.000000,0.000000,0.000000,0.000000,0.000000,0.000000,0.000000,0.000000,0.000000,0.000000,0.000000,0.000000,0.000000,0.000000,0,0,0,0
"-8,25",0,100828,0,0,4,4,99999,99999,99999,99999,99999,99999,0.000000,0.000000,0.000000,0.000000,0.000000,0.000000,0.000000,0.000000,0.000000,0.000000,0.000000,0.000000,0.000000,0.000000,0,0,0,0
"-8,26",0,100828,0,0,4,4,99999,99999,99999,99999,99999,99999,0.000000,0.000000,0.000000,0.000000,0.000000,0.000000,0.000000,0.000000,0.000000,0.000000,0.000000,0.000000,0.000000,0.000000,0,0,0,0
"-7,-26",47,100820,9,1,1044,2,40,519,635,0,4,8,0.612903,0.279570,0.107527,0.000000,0.000000,0.000000,0.000000,0.741935,0.215054,0.037634,0.000000,0.005376,0.000000,0.000000,25153,166,342,163
"-7,-25",48,100840,10,1,1043,2,18,520,596,0,4,8,0.772222,0.133333,0.083333,0.011111,0.000000,0.000000,0.000000,0.783550,0.186147,0.025974,0.004329,0.000000,0.000000,0.000000,24824,163,328,159
"-7,-24",44,100887,11,1,1045,2,20,512,542,0,5,8,0.761111,0.166667,0.072222,0.000000,0.000000,0.000000,0.000000,0.754386,0.179825,0.057018,0.008772,0.000000,0.000000,0.000000,25551,167,304,135
"-7,-23",43,100934,11,1,1048,2,14,254,387,0,5,8,0.850000,0.150000,0.000000,0.000000,0.000000,0.000000,0.000000,0.730159,0.214286,0.043651,0.007937,0.003968,0.000000,0.000000,27495,180,319,139
"-7,-22",41,100982,11,1,1047,2,11,113,256,0,5,8,0.939227,0.060773,0.000000,0.000000,0.000000,0.000000,0.000000,0.742308,0.203846,0.050000,0.003846,0.000000,0.000000,0.000000,27659,181,308,128
"-7,-21",46,101029,11,1,1041,2,19,476,532,0,5,8,0.777778,0.172222,0.044444,0.005556,0.000000,0.000000,0.000000,0.744939,0.198381,0.048583,0.004049,0.004049,0.000000,0.000000,26258,171,323,150
"-7,-20",53,101085,11,1,1048,2,26,361,514,0,4,7,0.756906,0.220994,0.022099,0.000000,0.000000,0.000000,0.000000,0.718367,0.232653,0.048980,0.000000,0.000000,0.000000,0.000000,27055,177,386,208
"-7,-19",41,101129,11,1,1038,2,9,87,197,0,4,5,0.956044,0.043956,0.000000,0.000000,0.000000,0.000000,0.000000,0.791209,0.172161,0.036630,0.000000,0.000000,0.000000,0.000000,27777,182,308,128
"-7,-18",44,101176,11,1,1036,2,13,513,561,0,4,5,0.817680,0.110497,0.071823,0.000000,0.000000,0.000000,0.000000,0.784483,0.202586,0.012931,0.000000,0.000000,0.000000,0.000000,25683,168,318,142
"-7,-17",43,101224,11,1,1035,2,10,165,522,0,4,6,0.905556,0.066667,0.027778,0.000000,0.000000,0.000000,0.000000,0.829630,0.148148,0.022222,0.000000,0.000000,0.000000,0.000000,26711,175,317,137
"-7,-16",41,101266,11,1,1046,2,15,515,538,0,4,7,0.807692,0.126374,0.065934,0.000000,0.000000,0.000000,0.000000,0.798246,0.171053,0.026316,0.004386,0.000000,0.000000,0.000000,25855,170,292,121
"-7,-15",41,101311,11,1,1031,2,14,407,578,0,4,6,0.850000,0.111111,0.038889,0.000000,0.000000,0.000000,0.000000,0.796748,0.186992,0.016260,0.000000,0.000000,0.000000,0.000000,26417,173,309,129
"-7,-14",38,101353,11,1,1042,2,12,274,419,0,4,8,0.861111,0.133333,0.005556,0.000000,0.000000,0.000000,0.000000,0.767635,0.182573,0.041494,0.008299,0.000000,0.000000,0.000000,27330,179,294,114
"-7,-13",42,101396,11,1,1042,2,23,525,641,0,4,5,0.677596,0.245902,0.076503,0.000000,0.000000,0.000000,0.000000,0.737624,0.242574,0.014851,0.004950,0.000000,0.000000,0.000000,25791,169,300,127
"-7,-12",44,101443,11,1,1046,2,13,295,457,0,4,6,0.861111,0.133333,0.005556,0.000000,0.000000,0.000000,0.000000,0.785992,0.186770,0.023346,0.003891,0.000000,0.000000,0.000000,27380,179,323,143
"-7,-11",40,101487,11,1,1038,2,12,160,308,0,5,8,0.900000,0.100000,0.000000,0.000000,0.000000,0.000000,0.000000,0.769531,0.156250,0.070312,0.003906,0.000000,0.000000,0.000000,27495,180,303,123
"-7,-10",43,101530,11,1,1032,2,14,505,550,0,4,8,0.855556,0.083333,0.050000,0.011111,0.000000,0.000000,0.000000,0.732794,0.222672,0.036437,0.008097,0.000000,0.000000,0.000000,25799,169,307,135
"-7,-9",42,101548,10,1,1042,2,25,674,794,0,4,6,0.650000,0.183333,0.166667,0.000000,0.000000,0.000000,0.000000,0.774011,0.192090,0.028249,0.005650,0.000000,0.000000,0.000000,22676,150,302,127
"-7,-8",40,101539,9,1,1041,2,14,444,533,0,4,6,0.722222,0.250000,0.027778,0.000000,0.000000,0.000000,0.000000,0.770408,0.193878,0.035714,0.000000,0.000000,0.000000,0.000000,26834,175,300,121
"-7,-7",52,101529,9,1,1049,2,20,508,640,0,5,8,0.703297,0.214286,0.071429,0.010989,0.000000,0.000000,0.000000,0.718894,0.216590,0.055300,0.004608,0.004608,0.000000,0.000000,25666,167,358,188
"-7,-6",43,101521,9,1,1039,2,10,230,429,0,5,9,0.900552,0.093923,0.005525,0.000000,0.000000,0.000000,0.000000,0.801619,0.145749,0.036437,0.016194,0.000000,0.000000,0.000000,27506,180,319,139
"-7,-5",43,101512,9,1,1049,2,14,519,746,0,4,8,0.844444,0.077778,0.077778,0.000000,0.000000,0.000000,0.000000,0.797468,0.151899,0.046414,0.004219,0.000000,0.000000,0.000000,25284,166,310,136
"-7,-4",43,101503,9,1,1049,2,12,162,400,0,4,8,0.888889,0.105556,0.005556,0.000000,0.000000,0.000000,0.000000,0.723735,0.233463,0.042802,0.000000,0.000000,0.000000,0.000000,27319,179,321,141
"-7,-3",47,101472,8,1,1041,2,10,389,726,0,4,5,0.855556,0.100000,0.044444,0.000000,0.000000,0.000000,0.000000,0.788462,0.196154,0.011538,0.003846,0.000000,0.000000,0.000000,26236,172,334,159
"-7,-2",45,101442,8,1,1040,2,11,153,262,0,4,8,0.900000,0.100000,0.000000,0.000000,0.000000,0.000000,0.000000,0.778986,0.181159,0.039855,0.000000,0.000000,0.000000,0.000000,27495,180,329,149
"-7,-1",52,101372,7,1,1036,2,14,455,526,0,4,8,0.795580,0.160221,0.044199,0.000000,0.000000,0.000000,0.000000,0.747899,0.222689,0.021008,0.008403,0.000000,0.000000,0.000000,26324,173,372,194
"-7,0",0,101372,0,0,969,4,99999,99999,99999,99999,99999,99999,0.000000,0.000000,0.000000,0.000000,0.000000,0.000000,0.000000,0.000000,0.000000,0.000000,0.000000,0.000000,0.000000,0.000000,0,0,0,0
"-7,1",0,101372,0,0,969,4,99999,99999,99999,99999,99999,99999,0.000000,0.000000,0.000000,0.000000,0.000000,0.000000,0.000000,0.000000,0.000000,0.000000,0.000000,0.000000,0.000000,0.000000,0,0,0,0
"-7,2",0,101372,0,0,983,4,99999,99999,99999,99999,99999,99999,0.000000,0.000000,0.000000,0.000000,0.000000,0.000000,0.000000,0.000000,0.000000,0.000000,0.000000,0.000000,0.000000,0.000000,0,0,0,0
"-7,3",0,101372,0,0,972,4,99999,99999,99999,99999,99999,99999,0.000000,0.000000,0.000000,0.000000,0.000000,0.000000,0.000000,0.000000,0.000000,0.000000,0.000000,0.000000,0.000000,0.000000,0,0,0,0
"-7,4",0,101372,0,0,965,4,99999,99999,99999,99999,99999,99999,0.000000,0.000000,0.000000,0.000000,0.000000,0.000000,0.000000,0.000000,0.000000,0.000000,0.000000,0.000000,0.000000,0.000000,0,0,0,0
"-7,5",0,101372,0,0,969,4,99999,99999,99999,99999,99999,99999,0.000000,0.000000,0.000000,0.000000,0.000000,0.000000,0.000000,0.000000,0.000000,0.000000,0.000000,0.000000,0.000000,0.000000,0,0,0,0
"-7,6",0,101372,0,0,972,4,99999,99999,99999,99999,99999,99999,0.000000,0.000000,0.000000,0.000000,0.000000,0.000000,0.000000,0.000000,0.000000,0.000000,0.000000,0.000000,0.000000,0.000000,0,0,0,0
"-7,7",0,101372,0,0,982,4,99999,99999,99999,99999,99999,99999,0.000000,0.000000,0.000000,0.000000,0.000000,0.000000,0.000000,0.000000,0.000000,0.000000,0.000000,0.000000,0.000000,0.000000,0,0,0,0
"-7,8",0,101372,0,0,975,4,99999,99999,99999,99999,99999,99999,0.000000,0.000000,0.000000,0.000000,0.000000,0.000000,0.000000,0.000000,0.000000,0.000000,0.000000,0.000000,0.000000,0.000000,0,0,0,0
"-7,9",0,101372,0,0,977,4,99999,99999,99999,99999,99999,99999,0.000000,0.000000,0.000000,0.000000,0.000000,0.000000,0.000000,0.000000,0.000000,0.000000,0.000000,0.000000,0.000000,0.000000,0,0,0,0
"-7,10",0,101372,0,0,972,4,99999,99999,99999,99999,99999,99999,0.000000,0.000000,0.000000,0.000000,0.000000,0.000000,0.000000,0.000000,0.000000,0.000000,0.000000,0.000000,0.000000,0.000000,0,0,0,0
"-7,11",0,101372,0,0,978,4,99999,99999,99999,99999,99999,99999,0.000000,0.000000,0.000000,0.000000,0.000000,0.000000,0.000000,0.000000,0.000000,0.000000,0.000000,0.000000,0.000000,0.000000,0,0,0,0
"-7,12",0,101372,0,0,975,4,99999,99999,99999,99999,99999,99999,0.000000,0.000000,0.000000,0.000000,0.000000,0.000000,0.000000,0.000000,0.000000,0.000000,0.000000,0.000000,0.000000,0.000000,0,0,0,0
"-7,13",0,101372,0,0,81,4,99999,99999,99999,99999,99999,99999,0.000000,0.000000,0.000000,0.000000,0.000000,0.000000,0.000000,0.000000,0.000000,0.000000,0.000000,0.000000,0.000000,0.000000,0,0,0,0
"-7,14",0,101372,0,0,73,4,99999,99999,99999,99999,99999,99999,0.000000,0.000000,0.000000,0.000000,0.000000,0.000000,0.000000,0.000000,0.000000,0.000000,0.000000,0.000000,0.000000,0.000000,0,0,0,0
"-7,15",0,101372,0,0,83,4,99999,99999,99999,99999,99999,99999,0.000000,0.000000,0.000000,0.000000,0.000000,0.000000,0.000000,0.000000,0.000000,0.000000,0.000000,0.000000,0.000000,0.000000,0,0,0,0
"-7,16",0,101372,0,0,75,4,99999,99999,99999,99999,99999,99999,0.000000,0.000000,0.000000,0.000000,0.000000,0.000000,0.000000,0.000000,0.000000,0.000000,0.000000,0.000000,0.000000,0.000000,0,0,0,0
"-7,17",0,101372,0,0,78,4,99999,99999,99999,99999,99999,99999,0.000000,0.000000,0.000000,0.000000,0.000000,0.000000,0.000000,0.000000,0.000000,0.000000,0.000000,0.000000,0.000000,0.000000,0,0,0,0
"-7,18",0,101372,0,0,80,4,99999,99999,99999,99999,99999,99999,0.000000,0.000000,0.000000,0.000000,0.000000,0.000000,0.000000,0.000000,0.000000,0.000000,0.000000,0.000000,0.000000,0.000000,0,0,0,0
"-7,19",0,101372,0,0,8,4,99999,99999,99999,99999,99999,99999,0.000000,0.000000,0.000000,0.000000,0.000000,0.000000,0.000000,0.000000,0.000000,0.000000,0.000000,0.000000,0.000000,0.000000,0,0,0,0
"-7,20",0,101372,0,0,9,4,99999,99999,99999,99999,99999,99999,0.000000,0.000000,0.000000,0.000000,0.000000,0.000000,0.000000,0.000000,0.000000,0.000000,0.000000,0.000000,0.000000,0.000000,0,0,0,0
"-7,21",0,101372,0,0,8,4,99999,99999,99999,99999,99999,99999,0.000000,0.000000,0.000000,0.000000,0.000000,0.000000,0.000000,0.000000,0.000000,0.000000,0.000000,0.000000,0.000000,0.000000,0,0,0,0
"-7,22",0,101372,0,0,8,4,99999,99999,99999,99999,99999,99999,0.000000,0.000000,0.000000,0.000000,0.000000,0.000000,0.000000,0.000000,0.000000,0.000000,0.000000,0.000000,0.000000,0.000000,0,0,0,0
"-7,23",0,101372,0,0,8,4,99999,99999,99999,99999,99999,99999,0.000000,0.000000,0.000000,0.000000,0.000000,0.000000,0.000000,0.000000,0.000000,0.000000,0.000000,0.000000,0.000000,0.000000,0,0,0,0
"-7,24",0,101372,0,0,5,4,99999,99999,99999,99999,99999,99999,0.000000,0.000000,0.000000,0.000000,0.000000,0.000000,0.000000,0.000000,0.000000,0.000000,0.000000,0.000000,0.000000,0.000000,0,0,0,0
"-7,25",0,101372,0,0,5,4,99999,99999,99999,99999,99999,99999,0.000000,0.000000,0.000000,0.000000,0.000000,0.000000,0.000000,0.000000,0.000000,0.000000,0.000000,0.000000,0.000000,0.000000,0,0,0,0
"-7,26",0,101372,0,0,4,4,99999,99999,99999,99999,99999,99999,0.000000,0.000000,0.000000,0.000000,0.000000,0.000000,0.000000,0.000000,0.000000,0.000000,0.000000,0.000000,0.000000,0.000000,0,0,0,0
"-6,-26",38,101364,9,1,1042,2,14,503,755,0,4,8,0.780220,0.164835,0.054945,0.000000,0.000000,0.000000,0.000000,0.811321,0.146226,0.037736,0.004717,0.000000,0.000000,0.000000,26165,172,280,107
"-6,-25",44,101383,10,1,1042,2,17,308,419,0,4,6,0.805556,0.194444,0.000000,0.000000,0.000000,0.000000,0.000000,0.779661,0.177966,0.042373,0.000000,0.000000,0.000000,0.000000,27495,180,327,147
"-6,-24",52,101402,10,1,1047,2,44,542,593,0,4,6,0.594444,0.205556,0.200000,0.000000,0.000000,0.000000,0.000000,0.748571,0.228571,0.022857,0.000000,0.000000,0.000000,0.000000,22234,144,322,170
"-6,-23",44,101443,11,1,1044,2,21,532,608,0,4,5,0.727778,0.155556,0.105556,0.011111,0.000000,0.000000,0.000000,0.733333,0.233333,0.033333,0.000000,0.000000,0.000000,0.000000,24401,159,292,129
"-6,-22",49,101492,11,1,1036,2,13,198,299,0,5,7,0.844444,0.155556,0.000000,0.000000,0.000000,0.000000,0.000000,0.751969,0.192913,0.051181,0.000000,0.003937,0.000000,0.000000,27495,180,357,177
"-6,-21",48,101537,11,1,1040,2,18,525,1086,0,5,7,0.750000,0.127778,0.094444,0.027778,0.000000,0.000000,0.000000,0.764957,0.179487,0.051282,0.004274,0.000000,0.000000,0.000000,23959,158,332,161
"-6,-20",43,101580,11,1,1031,2,9,266,457,0,4,5,0.884211,0.105263,0.010526,0.000000,0.000000,0.000000,0.000000,0.784615,0.196154,0.019231,0.000000,0.000000,0.000000,0.000000,28686,188,316,136
"-6,-19",39,101619,11,1,1041,2,12,196,326,0,4,8,0.894444,0.105556,0.000000,0.000000,0.000000,0.000000,0.000000,0.817121,0.143969,0.031128,0.007782,0.000000,0.000000,0.000000,27495,180,300,120
"-6,-18",36,101656,11,1,1040,2,13,501,548,0,4,7,0.845304,0.099448,0.055249,0.000000,0.000000,0.000000,0.000000,0.847826,0.117391,0.034783,0.000000,0.000000,0.000000,0.000000,26031,171,273,100
"-6,-17",39,101696,11,1,1036,2,9,243,347,0,4,6,0.877778,0.122222,0.000000,0.000000,0.000000,0.000000,0.000000,0.815126,0.168067,0.016807,0.000000,0.000000,0.000000,0.000000,27495,180,298,118
"-6,-16",43,101739,11,1,1032,2,9,128,226,0,5,7,0.927778,0.072222,0.000000,0.000000,0.000000,0.000000,0.000000,0.806691,0.141264,0.048327,0.003717,0.000000,0.000000,0.000000,27495,180,317,137
"-6,-15",44,101782,11,1,1042,2,11,264,512,0,5,8,0.873626,0.098901,0.027473,0.000000,0.000000,0.000000,0.000000,0.762295,0.180328,0.057377,0.000000,0.000000,0.000000,0.000000,27028,177,322,142
"-6,-14",43,101823,11,1,1037,2,9,110,227,0,4,6,0.938889,0.061111,0.000000,0.000000,0.000000,0.000000,0.000000,0.794677,0.171103,0.030418,0.003802,0.000000,0.000000,0.000000,27495,180,320,140
"-6,-13",33,101856,11,1,1046,1,14,527,695,0,4,6,0.756906,0.121547,0.121547,0.000000,0.000000,0.000000,0.000000,0.810945,0.159204,0.024876,0.004975,0.000000,0.000000,0.000000,24332,159,244,82
"-6,-12",46,101900,11,1,1034,2,13,171,289,0,4,8,0.900000,0.100000,0.000000,0.000000,0.000000,0.000000,0.000000,0.752727,0.207273,0.032727,0.007273,0.000000,0.000000,0.000000,27495,180,335,155
"-6,-11",43,101942,11,1,1042,2,15,262,414,0,5,8,0.838889,0.155556,0.005556,0.000000,0.000000,0.000000,0.000000,0.738095,0.206349,0.043651,0.007937,0.003968,0.000000,0.000000,27353,179,321,141
"-6,-10",35,101956,10,1,1043,2,12,464,530,0,4,5,0.844444,0.105556,0.050000,0.000000,0.000000,0.000000,0.000000,0.834081,0.143498,0.022422,0.000000,0.000000,0.000000,0.000000,26122,171,269,96
"-6,-9",39,101969,10,1,1037,2,15,544,826,0,4,6,0.759777,0.145251,0.089385,0.005587,0.000000,0.000000,0.000000,0.800000,0.171429,0.019048,0.009524,0.000000,0.000000,0.000000,24548,162,275,109
"-6,-8",33,101961,9,1,1042,2,13,513,546,0,5,8,0.783333,0.150000,0.066667,0.000000,0.000000,0.000000,0.000000,0.789474,0.157895,0.043062,0.009569,0.000000,0.000000,0.000000,25714,168,254,84
"-6,-7",43,101952,9,1,1033,2,11,438,585,0,4,6,0.839572,0.117647,0.042781,0.000000,0.000000,0.000000,0.000000,0.782258,0.181452,0.036290,0.000000,0.000000,0.000000,0.000000,27298,179,317,139
"-6,-6",46,101942,9,1,1033,2,14,303,416,0,4,5,0.854054,0.140541,0.005405,0.000000,0.000000,0.000000,0.000000,0.777778,0.190476,0.031746,0.000000,0.000000,0.000000,0.000000,28100,184,336,156
"-6,-5",42,101935,9,1,1041,2,24,537,721,0,4,6,0.711111,0.116667,0.166667,0.005556,0.000000,0.000000,0.000000,0.786047,0.186047,0.027907,0.000000,0.000000,0.000000,0.000000,22690,149,270,116
"-6,-4",51,101924,9,1,1041,2,13,503,569,0,4,6,0.833333,0.105556,0.061111,0.000000,0.000000,0.000000,0.000000,0.774704,0.197628,0.019763,0.003953,0.003953,0.000000,0.000000,25954,169,361,185
"-6,-3",42,101897,8,1,1037,2,15,509,636,0,4,5,0.811111,0.122222,0.066667,0.000000,0.000000,0.000000,0.000000,0.736626,0.234568,0.024691,0.000000,0.004115,0.000000,0.000000,25671,168,299,127
"-6,-2",40,101841,7,1,1045,2,14,498,669,0,4,8,0.755556,0.194444,0.050000,0.000000,0.000000,0.000000,0.000000,0.795349,0.167442,0.027907,0.004651,0.004651,0.000000,0.000000,26098,171,299,122
"-6,-1",44,101780,7,1,1044,2,15,149,194,0,4,8,0.906593,0.093407,0.000000,0.000000,0.000000,0.000000,0.000000,0.761029,0.202206,0.033088,0.003676,0.000000,0.000000,0.000000,27725,182,326,145
"-6,0",0,101780,0,0,977,4,99999,99999,99999,99999,99999,99999,0.000000,0.000000,0.000000,0.000000,0.000000,0.000000,0.000000,0.000000,0.000000,0.000000,0.000000,0.000000,0.000000,0.000000,0,0,0,0
"-6,1",0,101780,0,0,978,4,99999,99999,99999,99999,99999,99999,0.000000,0.000000,0.000000,0.000000,0.000000,0.000000,0.000000,0.000000,0.000000,0.000000,0.000000,0.000000,0.000000,0.000000,0,0,0,0
"-6,2",0,101780,0,0,980,4,99999,99999,99999,99999,99999,99999,0.000000,0.000000,0.000000,0.000000,0.000000,0.000000,0.000000,0.000000,0.000000,0.000000,0.000000,0.000000,0.000000,0.000000,0,0,0,0
"-6,3",0,101780,0,0,979,4,99999,99999,99999,99999,99999,99999,0.000000,0.000000,0.000000,0.000000,0.000000,0.000000,0.000000,0.000000,0.000000,0.000000,0.000000,0.000000,0.000000,0.000000,0,0,0,0
"-6,4",0,101780,0,0,975,4,99999,99999,99999,99999,99999,99999,0.000000,0.000000,0.000000,0.000000,0.000000,0.000000,0.000000,0.000000,0.000000,0.000000,0.000000,0.000000,0.000000,0.000000,0,0,0,0
"-6,5",0,101780,0,0,973,4,99999,99999,99999,99999,99999,99999,0.000000,0.000000,0.000000,0.000000,0.000000,0.000000,0.000000,0.000000,0.000000,0.000000,0.000000,0.000000,0.000000,0.000000,0,0,0,0
"-6,6",0,101780,0,0,986,4,99999,99999,99999,99999,99999,99999,0.000000,0.000000,0.000000,0.000000,0.000000,0.000000,0.000000,0.000000,0.000000,0.000000,0.000000,0.000000,0.000000,0.000000,0,0,0,0
"-6,7",0,101780,0,0,979,4,99999,99999,99999,99999,99999,99999,0.000000,0.000000,0.000000,0.000000,0.000000,0.000000,0.000000,0.000000,0.000000,0.000000,0.000000,0.000000,0.000000,0.000000,0,0,0,0
"-6,8",0,101780,0,0,982,4,99999,99999,99999,99999,99999,99999,0.000000,0.000000,0.000000,0.000000,0.000000,0.000000,0.000000,0.000000,0.000000,0.000000,0.000000,0.000000,0.000000,0.000000,0,0,0,0
"-6,9",0,101780,0,0,979,4,99999,99999,99999,99999,99999,99999,0.000000,0.000000,0.000000,0.000000,0.000000,0.000000,0.000000,0.000000,0.000000,0.000000,0.000000,0.000000,0.000000,0.000000,0,0,0,0
"-6,10",0,101780,0,0,976,4,99999,99999,99999,99999,99999,99999,0.000000,0.000000,0.000000,0.000000,0.000000,0.000000,0.000000,0.000000,0.000000,0.000000,0.000000,0.000000,0.000000,0.000000,0,0,0,0
"-6,11",0,101780,0,0,983,4,99999,99999,99999,99999,99999,99999,0.000000,0.000000,0.000000,0.000000,0.000000,0.000000,0.000000,0.000000,0.000000,0.000000,0.000000,0.000000,0.000000,0.000000,0,0,0,0
"-6,12",0,101780,0,0,1002,4,99999,99999,99999,99999,99999,99999,0.000000,0.000000,0.000000,0.000000,0.000000,0.000000,0.000000,0.000000,0.000000,0.000000,0.000000,0.000000,0.000000,0.000000,0,0,0,0
"-6,13",0,101780,0,0,83,4,99999,99999,99999,99999,99999,99999,0.000000,0.000000,0.000000,0.000000,0.000000,0.000000,0.000000,0.000000,0.000000,0.000000,0.000000,0.000000,0.000000,0.000000,0,0,0,0
"-6,14",0,101780,0,0,66,4,99999,99999,99999,99999,99999,99999,0.000000,0.000000,0.000000,0.000000,0.000000,0.000000,0.000000,0.000000,0.000000,0.000000,0.000000,0.000000,0.000000,0.000000,0,0,0,0
"-6,15",0,101780,0,0,81,4,99999,99999,99999,99999,99999,99999,0.000000,0.000000,0.000000,0.000000,0.000000,0.000000,0.000000,0.000000,0.000000,0.000000,0.000000,0.000000,0.000000,0.000000,0,0,0,0
"-6,16",0,101780,0,0,77,4,99999,99999,99999,99999,99999,99999,0.000000,0.000000,0.000000,0.000000,0.000000,0.000000,0.000000,0.000000,0.000000,0.000000,0.000000,0.000000,0.000000,0.000000,0,0,0,0
"-6,17",0,101780,0,0,78,4,99999,99999,99999,99999,99999,99999,0.000000,0.000000,0.000000,0.000000,0.000000,0.000000,0.000000,0.000000,0.000000,0.000000,0.000000,0.000000,0.000000,0.000000,0,0,0,0
"-6,18",0,101780,0,0,72,4,99999,99999,99999,99999,99999,99999,0.000000,0.000000,0.000000,0.000000,0.000000,0.000000,0.000000,0.000000,0.000000,0.000000,0.000000,0.000000,0.000000,0.000000,0,0,0,0
"-6,19",0,101780,0,0,8,4,99999,99999,99999,99999,99999,99999,0.000000,0.000000,0.000000,0.000000,0.000000,0.000000,0.000000,0.000000,0.000000,0.000000,0.000000,0.000000,0.000000,0.000000,0,0,0,0
"-6,20",0,101780,0,0,8,4,99999,99999,99999,99999,99999,99999,0.000000,0.000000,0.000000,0.000000,0.000000,0.000000,0.000000,0.000000,0.000000,0.000000,0.000000,0.000000,0.000000,0.000000,0,0,0,0
"-6,21",0,101780,0,0,7,4,99999,99999,99999,99999,99999,99999,0.000000,0.000000,0.000000,0.000000,0.000000,0.000000,0.000000,0.000000,0.000000,0.000000,0.000000,0.000000,0.000000,0.000000,0,0,0,0
"-6,22",0,101780,0,0,8,4,99999,99999,99999,99999,99999,99999,0.000000,0.000000,0.000000,0.000000,0.000000,0.000000,0.000000,0.000000,0.000000,0.000000,0.000000,0.000000,0.000000,0.000000,0,0,0,0
"-6,23",0,101780,0,0,5,4,99999,99999,99999,99999,99999,99999,0.000000,0.000000,0.000000,0.000000,0.000000,0.000000,0.000000,0.000000,0.000000,0.000000,0.000000,0.000000,0.000000,0.000000,0,0,0,0
"-6,24",0,101780,0,0,4,4,99999,99999,99999,99999,99999,99999,0.000000,0.000000,0.000000,0.000000,0.000000,0.000000,0.000000,0.000000,0.000000,0.000000,0.000000,0.000000,0.000000,0.000000,0,0,0,0
"-6,25",0,101780,0,0,4,4,99999,99999,99999,99999,99999,99999,0.000000,0.000000,0.000000,0.000000,0.000000,0.000000,0.000000,0.000000,0.000000,0.000000,0.000000,0.000000,0.000000,0.000000,0,0,0,0
"-6,26",0,101780,0,0,4,4,99999,99999,99999,99999,99999,99999,0.000000,0.000000,0.000000,0.000000,0.000000,0.000000,0.000000,0.000000,0.000000,0.000000,0.000000,0.000000,0.000000,0.000000,0,0,0,0
"-5,-26",42,101772,9,1,1041,2,11,198,374,0,4,8,0.900000,0.100000,0.000000,0.000000,0.000000,0.000000,0.000000,0.828000,0.144000,0.020000,0.008000,0.000000,0.000000,0.000000,27495,180,312,132
"-5,-25",43,101763,9,1,1045,2,16,420,526,0,4,9,0.732620,0.240642,0.026738,0.000000,0.000000,0.000000,0.000000,0.783251,0.182266,0.019704,0.014778,0.000000,0.000000,0.000000,27746,182,325,140
"-5,-24",50,101781,10,1,1038,2,18,352,452,0,4,6,0.772222,0.222222,0.005556,0.000000,0.000000,0.000000,0.000000,0.750000,0.216667,0.029167,0.004167,0.000000,0.000000,0.000000,27310,179,362,182
"-5,-23",45,101822,11,1,1035,2,16,511,625,0,5,8,0.772222,0.161111,0.066667,0.000000,0.000000,0.000000,0.000000,0.738197,0.206009,0.047210,0.008584,0.000000,0.000000,0.000000,25794,168,319,144
"-5,-22",37,101859,11,1,1044,2,10,319,509,0,4,6,0.877778,0.094444,0.027778,0.000000,0.000000,0.000000,0.000000,0.827004,0.143460,0.021097,0.008439,0.000000,0.000000,0.000000,26732,175,285,108
"-5,-21",37,101897,11,1,1043,2,9,135,265,0,4,6,0.916667,0.083333,0.000000,0.000000,0.000000,0.000000,0.000000,0.811024,0.161417,0.023622,0.003937,0.000000,0.000000,0.000000,27495,180,290,110
"-5,-20",51,101939,11,1,1054,2,27,529,766,0,6,9,0.685083,0.165746,0.149171,0.000000,0.000000,0.000000,0.000000,0.673171,0.243902,0.068293,0.014634,0.000000,0.000000,0.000000,23475,154,328,169
"-5,-19",43,101979,11,1,1041,2,13,286,511,0,4,8,0.872222,0.105556,0.022222,0.000000,0.000000,0.000000,0.000000,0.806584,0.156379,0.032922,0.004115,0.000000,0.000000,0.000000,26810,176,317,137
"-5,-18",45,102019,11,1,1048,2,17,534,558,0,4,8,0.761905,0.153439,0.079365,0.005291,0.000000,0.000000,0.000000,0.743590,0.205128,0.047009,0.004274,0.000000,0.000000,0.000000,26240,173,319,144
"-5,-17",47,102060,11,1,1047,2,19,427,578,0,4,8,0.786096,0.176471,0.037433,0.000000,0.000000,0.000000,0.000000,0.745833,0.212500,0.037500,0.000000,0.004167,0.000000,0.000000,27555,180,345,163
"-5,-16",45,102102,11,1,1035,2,10,150,256,0,4,5,0.933333,0.066667,0.000000,0.000000,0.000000,0.000000,0.000000,0.782609,0.199275,0.018116,0.000000,0.000000,0.000000,0.000000,27495,180,330,150
"-5,-15",38,102137,11,1,1042,2,19,531,676,0,4,6,0.690608,0.220994,0.088398,0.000000,0.000000,0.000000,0.000000,0.791878,0.167513,0.040609,0.000000,0.000000,0.000000,0.000000,25165,165,283,109
"-5,-14",46,102179,11,1,1038,2,26,560,651,0,4,7,0.657754,0.203209,0.139037,0.000000,0.000000,0.000000,0.000000,0.760766,0.191388,0.047847,0.000000,0.000000,0.000000,0.000000,24462,161,343,160
"-5,-13",42,102215,11,1,1035,2,13,512,572,0,4,5,0.750000,0.150000,0.100000,0.000000,0.000000,0.000000,0.000000,0.834101,0.152074,0.013825,0.000000,0.000000,0.000000,0.000000,24757,162,297,126
"-5,-12",40,102251,11,1,1051,2,14,517,572,0,4,7,0.783333,0.127778,0.088889,0.000000,0.000000,0.000000,0.000000,0.723982,0.239819,0.031674,0.000000,0.004525,0.000000,0.000000,25175,164,286,116
"-5,-11",43,102289,11,1,1041,2,12,142,235,0,4,6,0.916667,0.083333,0.000000,0.000000,0.000000,0.000000,0.000000,0.758242,0.212454,0.025641,0.003663,0.000000,0.000000,0.000000,27495,180,317,137
"-5,-10",41,102303,10,1,1042,2,14,233,529,0,4,8,0.855556,0.127778,0.016667,0.000000,0.000000,0.000000,0.000000,0.762931,0.185345,0.047414,0.004310,0.000000,0.000000,0.000000,27101,177,306,126
"-5,-9",42,102294,9,1,1045,2,21,555,758,0,4,5,0.688172,0.188172,0.123656,0.000000,0.000000,0.000000,0.000000,0.761658,0.207254,0.025907,0.005181,0.000000,0.000000,0.000000,25104,163,303,129
"-5,-8",37,102286,9,1,1041,2,13,530,541,0,6,8,0.805556,0.116667,0.066667,0.011111,0.000000,0.000000,0.000000,0.728507,0.194570,0.067873,0.000000,0.009050,0.000000,0.000000,25502,166,272,103
"-5,-7",39,102277,9,1,1032,2,11,205,358,0,4,5,0.894444,0.105556,0.000000,0.000000,0.000000,0.000000,0.000000,0.769841,0.210317,0.019841,0.000000,0.000000,0.000000,0.000000,27495,180,300,120
"-5,-6",43,102268,9,1,1035,2,20,400,526,0,4,8,0.761111,0.216667,0.022222,0.000000,0.000000,0.000000,0.000000,0.785408,0.184549,0.025751,0.004292,0.000000,0.000000,0.000000,26927,176,320,140
"-5,-5",38,102260,9,1,1041,1,28,523,1026,0,4,5,0.605556,0.233333,0.144444,0.016667,0.000000,0.000000,0.000000,0.773481,0.209945,0.016575,0.000000,0.000000,0.000000,0.000000,23083,151,259,101
"-5,-4",39,102252,9,1,1041,2,14,451,551,0,4,6,0.811111,0.150000,0.038889,0.000000,0.000000,0.000000,0.000000,0.754630,0.212963,0.032407,0.000000,0.000000,0.000000,0.000000,26413,173,293,116
"-5,-3",33,102227,8,1,1041,2,14,514,606,0,4,4,0.755556,0.150000,0.094444,0.000000,0.000000,0.000000,0.000000,0.819905,0.170616,0.009479,0.000000,0.000000,0.000000,0.000000,24744,163,266,90
"-5,-2",41,102173,7,1,1046,2,17,360,456,0,4,10,0.785714,0.208791,0.005495,0.000000,0.000000,0.000000,0.000000,0.770270,0.189189,0.027027,0.013514,0.000000,0.000000,0.000000,27628,181,308,127
"-5,-1",44,102115,7,1,1043,2,10,116,199,0,4,6,0.933702,0.066298,0.000000,0.000000,0.000000,0.000000,0.000000,0.771536,0.198502,0.018727,0.007491,0.003745,0.000000,0.000000,27561,181,326,145
"-5,0",0,102115,0,0,967,4,99999,99999,99999,99999,99999,99999,0.000000,0.000000,0.000000,0.000000,0.000000,0.000000,0.000000,0.000000,0.000000,0.000000,0.000000,0.000000,0.000000,0.000000,0,0,0,0
"-5,1",0,102115,0,0,975,4,99999,99999,99999,99999,99999,99999,0.000000,0.000000,0.000000,0.000000,0.000000,0.000000,0.000000,0.000000,0.000000,0.000000,0.000000,0.000000,0.000000,0.000000,0,0,0,0
"-5,2",0,102115,0,0,973,4,99999,99999,99999,99999,99999,99999,0.000000,0.000000,0.000000,0.000000,0.000000,0.000000,0.000000,0.000000,0.000000,0.000000,0.000000,0.000000,0.000000,0.000000,0,0,0,0
"-5,3",0,102115,0,0,971,4,99999,99999,99999,99999,99999,99999,0.000000,0.000000,0.000000,0.000000,0.000000,0.000000,0.000000,0.000000,0.000000,0.000000,0.000000,0.000000,0.000000,0.000000,0,0,0,0
"-5,4",0,102115,0,0,986,4,99999,99999,99999,99999,99999,99999,0.000000,0.000000,0.000000,0.000000,0.000000,0.000000,0.000000,0.000000,0.000000,0.000000,0.000000,0.000000,0.000000,0.000000,0,0,0,0
"-5,5",0,102115,0,0,969,4,99999,99999,99999,99999,99999,99999,0.000000,0.000000,0.000000,0.000000,0.000000,0.000000,0.000000,0.000000,0.000000,0.000000,0.000000,0.000000,0.000000,0.000000,0,0,0,0
"-5,6",0,102115,0,0,976,4,99999,99999,99999,99999,99999,99999,0.000000,0.000000,0.000000,0.000000,0.000000,0.000000,0.000000,0.000000,0.000000,0.000000,0.000000,0.000000,0.000000,0.000000,0,0,0,0
"-5,7",0,102115,0,0,976,4,99999,99999,99999,99999,99999,99999,0.000000,0.000000,0.000000,0.000000,0.000000,0.000000,0.000000,0.000000,0.000000,0.000000,0.000000,0.000000,0.000000,0.000000,0,0,0,0
"-5,8",0,102115,0,0,971,4,99999,99999,99999,99999,99999,99999,0.000000,0.000000,0.000000,0.000000,0.000000,0.000000,0.000000,0.000000,0.000000,0.000000,0.000000,0.000000,0.000000,0.000000,0,0,0,0
"-5,9",0,102115,0,0,975,4,99999,99999,99999,99999,99999,99999,0.000000,0.000000,0.000000,0.000000,0.000000,0.000000,0.000000,0.000000,0.000000,0.000000,0.000000,0.000000,0.000000,0.000000,0,0,0,0
"-5,10",0,102115,0,0,980,4,99999,99999,99999,99999,99999,99999,0.000000,0.000000,0.000000,0.000000,0.000000,0.000000,0.000000,0.000000,0.000000,0.000000,0.000000,0.000000,0.000000,0.000000,0,0,0,0
"-5,11",0,102115,0,0,966,4,99999,99999,99999,99999,99999,99999,0.000000,0.000000,0.000000,0.000000,0.000000,0.000000,0.000000,0.000000,0.000000,0.000000,0.000000,0.000000,0.000000,0.000000,0,0,0,0
"-5,12",0,102115,0,0,392,4,99999,99999,99999,99999,99999,99999,0.000000,0.000000,0.000000,0.000000,0.000000,0.000000,0.000000,0.000000,0.000000,0.000000,0.000000,0.000000,0.000000,0.000000,0,0,0,0
"-5,13",0,102115,0,0,72,4,99999,99999,99999,99999,99999,99999,0.000000,0.000000,0.000000,0.000000,0.000000,0.000000,0.000000,0.000000,0.000000,0.000000,0.000000,0.000000,0.000000,0.000000,0,0,0,0
"-5,14",0,102115,0,0,71,4,99999,99999,99999,99999,99999,99999,0.000000,0.000000,0.000000,0.000000,0.000000,0.000000,0.000000,0.000000,0.000000,0.000000,0.000000,0.000000,0.000000,0.000000,0,0,0,0
"-5,15",0,102115,0,0,76,4,99999,99999,99999,99999,99999,99999,0.000000,0.000000,0.000000,0.000000,0.000000,0.000000,0.000000,0.000000,0.000000,0.000000,0.000000,0.000000,0.000000,0.000000,0,0,0,0
"-5,16",0,102115,0,0,77,4,99999,99999,99999,99999,99999,99999,0.000000,0.000000,0.000000,0.000000,0.000000,0.000000,0.000000,0.000000,0.000000,0.000000,0.000000,0.000000,0.000000,0.000000,0,0,0,0
"-5,17",0,102115,0,0,74,4,99999,99999,99999,99999,99999,99999,0.000000,0.000000,0.000000,0.000000,0.000000,0.000000,0.000000,0.000000,0.000000,0.000000,0.000000,0.000000,0.000000,0.000000,0,0,0,0
"-5,18",0,102115,0,0,80,4,99999,99999,99999,99999,99999,99999,0.000000,0.000000,0.000000,0.000000,0.000000,0.000000,0.000000,0.000000,0.000000,0.000000,0.000000,0.000000,0.000000,0.000000,0,0,0,0
"-5,19",0,102115,0,0,9,4,99999,99999,99999,99999,99999,99999,0.000000,0.000000,0.000000,0.000000,0.000000,0.000000,0.000000,0.000000,0.000000,0.000000,0.000000,0.000000,0.000000,0.000000,0,0,0,0
"-5,20",0,102115,0,0,9,4,99999,99999,99999,99999,99999,99999,0.000000,0.000000,0.000000,0.000000,0.000000,0.000000,0.000000,0.000000,0.000000,0.000000,0.000000,0.000000,0.000000,0.000000,0,0,0,0
"-5,21",0,102115,0,0,10,4,99999,99999,99999,99999,99999,99999,0.000000,0.000000,0.000000,0.000000,0.000000,0.000000,0.000000,0.000000,0.000000,0.000000,0.000000,0.000000,0.000000,0.000000,0,0,0,0
"-5,22",0,102115,0,0,8,4,99999,99999,99999,99999,99999,99999,0.000000,0.000000,0.000000,0.000000,0.000000,0.000000,0.000000,0.000000,0.000000,0.000000,0.000000,0.000000,0.000000,0.000000,0,0,0,0
"-5,23",0,102115,0,0,4,4,99999,99999,99999,99999,99999,99999,0.000000,0.000000,0.000000,0.000000,0.000000,0.000000,0.000000,0.000000,0.000000,0.000000,0.000000,0.000000,0.000000,0.000000,0,0,0,0
"-5,24",0,102115,0,0,4,4,99999,99999,99999,99999,99999,99999,0.000000,0.000000,0.000000,0.000000,0.000000,0.000000,0.000000,0.000000,0.000000,0.000000,0.000000,0.000000,0.000000,0.000000,0,0,0,0
"-5,25",0,102115,0,0,4,4,99999,99999,99999,99999,99999,99999,0.000000,0.000000,0.000000,0.000000,0.000000,0.000000,0.000000,0.000000,0.000000,0.000000,0.000000,0.000000,0.000000,0.000000,0,0,0,0
"-5,26",0,102115,0,0,4,4,99999,99999,99999,99999,99999,99999,0.000000,0.000000,0.000000,0.000000,0.000000,0.000000,0.000000,0.000000,0.000000,0.000000,0.000000,0.000000,0.000000,0.000000,0,0,0,0
"-4,-26",45,102106,9,1,1038,2,17,495,546,0,4,8,0.767956,0.182320,0.049724,0.000000,0.000000,0.000000,0.000000,0.764192,0.192140,0.039301,0.004367,0.000000,0.000000,0.000000,26405,172,316,143
"-4,-25",40,102097,9,1,1042,2,16,295,477,0,4,5,0.857143,0.137363,0.005495,0.000000,0.000000,0.000000,0.000000,0.785714,0.184874,0.029412,0.000000,0.000000,0.000000,0.000000,27611,181,304,124
"-4,-24",45,102088,9,1,1036,2,19,562,815,0,4,6,0.755556,0.166667,0.072222,0.005556,0.000000,0.000000,0.000000,0.754310,0.219828,0.025862,0.000000,0.000000,0.000000,0.000000,25498,166,326,148
"-4,-23",44,102103,10,1,1040,2,18,400,618,0,4,6,0.783333,0.183333,0.033333,0.000000,0.000000,0.000000,0.000000,0.746544,0.221198,0.027650,0.004608,0.000000,0.000000,0.000000,26526,174,319,142
"-4,-22",38,102138,11,1,1038,2,10,321,508,0,4,7,0.894444,0.072222,0.033333,0.000000,0.000000,0.000000,0.000000,0.814516,0.161290,0.020161,0.004032,0.000000,0.000000,0.000000,26643,174,287,111
"-4,-21",42,102170,11,1,1040,2,27,559,822,0,4,5,0.657609,0.146739,0.190217,0.005435,0.000000,0.000000,0.000000,0.783505,0.175258,0.041237,0.000000,0.000000,0.000000,0.000000,22574,148,270,114
"-4,-20",47,102208,11,1,1043,2,21,596,734,0,5,8,0.750000,0.150000,0.100000,0.000000,0.000000,0.000000,0.000000,0.700820,0.245902,0.045082,0.004098,0.004098,0.000000,0.000000,24542,162,325,155
"-4,-19",38,102242,11,1,1029,2,11,500,555,0,4,6,0.833333,0.116667,0.050000,0.000000,0.000000,0.000000,0.000000,0.792208,0.181818,0.025974,0.000000,0.000000,0.000000,0.000000,26410,171,282,108
"-4,-18",56,102290,11,1,1039,2,23,422,516,0,4,8,0.729282,0.243094,0.027624,0.000000,0.000000,0.000000,0.000000,0.751037,0.199170,0.041494,0.008299,0.000000,0.000000,0.000000,26680,176,418,237
"-4,-17",41,102323,11,1,1042,2,15,520,720,0,4,6,0.722222,0.144444,0.122222,0.011111,0.000000,0.000000,0.000000,0.774510,0.196078,0.029412,0.000000,0.000000,0.000000,0.000000,23720,156,277,114
"-4,-16",50,102365,11,1,1039,2,17,314,448,0,5,8,0.791444,0.208556,0.000000,0.000000,0.000000,0.000000,0.000000,0.726190,0.214286,0.051587,0.007937,0.000000,0.000000,0.000000,28548,187,365,183
"-4,-15",44,102402,11,1,1034,2,11,357,517,0,4,6,0.868852,0.114754,0.016393,0.000000,0.000000,0.000000,0.000000,0.778656,0.173913,0.043478,0.003953,0.000000,0.000000,0.000000,27544,180,325,144
"-4,-14",49,102443,11,1,1042,2,15,212,318,0,5,8,0.838889,0.161111,0.000000,0.000000,0.000000,0.000000,0.000000,0.773279,0.174089,0.048583,0.004049,0.000000,0.000000,0.000000,27495,180,354,174
"-4,-13",46,102483,11,1,1035,2,11,412,526,0,4,8,0.811111,0.155556,0.033333,0.000000,0.000000,0.000000,0.000000,0.765432,0.197531,0.037037,0.000000,0.000000,0.000000,0.000000,26458,174,327,151
"-4,-12",43,102519,11,1,1046,2,17,516,640,0,4,8,0.842391,0.081522,0.076087,0.000000,0.000000,0.000000,0.000000,0.723320,0.237154,0.031621,0.003953,0.003953,0.000000,0.000000,25845,170,319,139
"-4,-11",41,102532,10,1,1041,2,18,519,683,0,4,8,0.745856,0.165746,0.088398,0.000000,0.000000,0.000000,0.000000,0.758294,0.194313,0.042654,0.004739,0.000000,0.000000,0.000000,25047,165,288,119
"-4,-10",42,102523,9,1,1041,2,17,454,574,0,4,7,0.766667,0.188889,0.044444,0.000000,0.000000,0.000000,0.000000,0.755869,0.201878,0.037559,0.004695,0.000000,0.000000,0.000000,26354,172,311,131
"-4,-9",43,102513,9,1,1050,2,12,157,236,0,5,9,0.905556,0.094444,0.000000,0.000000,0.000000,0.000000,0.000000,0.764463,0.181818,0.041322,0.012397,0.000000,0.000000,0.000000,27495,180,316,136
"-4,-8",44,102504,9,1,1043,2,12,177,424,0,4,7,0.879121,0.115385,0.005495,0.000000,0.000000,0.000000,0.000000,0.751938,0.213178,0.034884,0.000000,0.000000,0.000000,0.000000,27601,181,329,148
"-4,-7",46,102495,9,1,1032,2,15,535,757,0,4,8,0.755556,0.116667,0.116667,0.011111,0.000000,0.000000,0.000000,0.747826,0.221739,0.021739,0.004348,0.004348,0.000000,0.000000,23930,157,299,138
"-4,-6",44,102485,9,1,1043,2,15,170,274,0,4,8,0.877778,0.122222,0.000000,0.000000,0.000000,0.000000,0.000000,0.742188,0.210938,0.046875,0.000000,0.000000,0.000000,0.000000,27495,180,327,147
"-4,-5",44,102476,9,1,1045,2,20,394,583,0,4,8,0.788889,0.188889,0.022222,0.000000,0.000000,0.000000,0.000000,0.786957,0.186957,0.017391,0.008696,0.000000,0.000000,0.000000,26883,176,325,146
"-4,-4",41,102450,8,1,1039,2,17,528,823,0,4,8,0.777778,0.122222,0.094444,0.005556,0.000000,0.000000,0.000000,0.774892,0.181818,0.038961,0.004329,0.000000,0.000000,0.000000,24688,162,299,125
"-4,-3",40,102424,8,1,1038,2,9,179,368,0,4,6,0.888889,0.111111,0.000000,0.000000,0.000000,0.000000,0.000000,0.800000,0.171429,0.028571,0.000000,0.000000,0.000000,0.000000,27495,180,305,125
"-4,-2",36,102376,7,1,1047,2,20,524,642,0,4,7,0.750000,0.155556,0.094444,0.000000,0.000000,0.000000,0.000000,0.828431,0.127451,0.039216,0.004902,0.000000,0.000000,0.000000,24558,163,274,101
"-4,-1",48,102316,7,1,1040,2,10,114,228,0,4,7,0.911602,0.088398,0.000000,0.000000,0.000000,0.000000,0.000000,0.770073,0.204380,0.025547,0.000000,0.000000,0.000000,0.000000,27561,181,353,172
"-4,0",0,102316,0,0,982,4,99999,99999,99999,99999,99999,99999,0.000000,0.000000,0.000000,0.000000,0.000000,0.000000,0.000000,0.000000,0.000000,0.000000,0.000000,0.000000,0.000000,0.000000,0,0,0,0
"-4,1",0,102316,0,0,976,4,99999,99999,99999,99999,99999,99999,0.000000,0.000000,0.000000,0.000000,0.000000,0.000000,0.000000,0.000000,0.000000,0.000000,0.000000,0.000000,0.000000,0.000000,0,0,0,0
"-4,2",0,102316,0,0,969,4,99999,99999,99999,99999,99999,99999,0.000000,0.000000,0.000000,0.000000,0.000000,0.000000,0.000000,0.000000,0.000000,0.000000,0.000000,0.000000,0.000000,0.000000,0,0,0,0
"-4,3",0,102316,0,0,970,4,99999,99999,99999,99999,99999,99999,0.000000,0.000000,0.000000,0.000000,0.000000,0.000000,0.000000,0.000000,0.000000,0.000000,0.000000,0.000000,0.000000,0.000000,0,0,0,0
"-4,4",0,102316,0,0,976,4,99999,99999,99999,99999,99999,99999,0.000000,0.000000,0.000000,0.000000,0.000000,0.000000,0.000000,0.000000,0.000000,0.000000,0.000000,0.000000,0.000000,0.000000,0,0,0,0
"-4,5",0,102316,0,0,981,4,99999,99999,99999,99999,99999,99999,0.000000,0.000000,0.000000,0.000000,0.000000,0.000000,0.000000,0.000000,0.000000,0.000000,0.000000,0.000000,0.000000,0.000000,0,0,0,0
"-4,6",0,102316,0,0,977,4,99999,99999,99999,99999,99999,99999,0.000000,0.000000,0.000000,0.000000,0.000000,0.000000,0.000000,0.000000,0.000000,0.000000,0.000000,0.000000,0.000000,0.000000,0,0,0,0
"-4,7",0,102316,0,0,979,4,99999,99999,99999,99999,99999,99999,0.000000,0.000000,0.000000,0.000000,0.000000,0.000000,0.000000,0.000000,0.000000,0.000000,0.000000,0.000000,0.000000,0.000000,0,0,0,0
"-4,8",0,102316,0,0,975,4,99999,99999,99999,99999,99999,99999,0.000000,0.000000,0.000000,0.000000,0.000000,0.000000,0.000000,0.000000,0.000000,0.000000,0.000000,0.000000,0.000000,0.000000,0,0,0,0
"-4,9",0,102316,0,0,973,4,99999,99999,99999,99999,99999,99999,0.000000,0.000000,0.000000,0.000000,0.000000,0.000000,0.000000,0.000000,0.000000,0.000000,0.000000,0.000000,0.000000,0.000000,0,0,0,0
"-4,10",0,102316,0,0,973,4,99999,99999,99999,99999,99999,99999,0.000000,0.000000,0.000000,0.000000,0.000000,0.000000,0.000000,0.000000,0.000000,0.000000,0.000000,0.000000,0.000000,0.000000,0,0,0,0
"-4,11",0,102316,0,0,967,4,99999,99999,99999,99999,99999,99999,0.000000,0.000000,0.000000,0.000000,0.000000,0.000000,0.000000,0.000000,0.000000,0.000000,0.000000,0.000000,0.000000,0.000000,0,0,0,0
"-4,12",0,102316,0,0,75,4,99999,99999,99999,99999,99999,99999,0.000000,0.000000,0.000000,0.000000,0.000000,0.000000,0.000000,0.000000,0.000000,0.000000,0.000000,0.000000,0.000000,0.000000,0,0,0,0
"-4,13",0,102316,0,0,74,4,99999,99999,99999,99999,99999,99999,0.000000,0.000000,0.000000,0.000000,0.000000,0.000000,0.000000,0.000000,0.000000,0.000000,0.000000,0.000000,0.000000,0.000000,0,0,0,0
"-4,14",0,102316,0,0,79,4,99999,99999,99999,99999,99999,99999,0.000000,0.000000,0.000000,0.000000,0.000000,0.000000,0.000000,0.000000,0.000000,0.000000,0.000000,0.000000,0.000000,0.000000,0,0,0,0
"-4,15",0,102316,0,0,68,4,99999,99999,99999,99999,99999,99999,0.000000,0.000000,0.000000,0.000000,0.000000,0.000000,0.000000,0.000000,0.000000,0.000000,0.000000,0.000000,0.000000,0.000000,0,0,0,0
"-4,16",0,102316,0,0,79,4,99999,99999,99999,99999,99999,99999,0.000000,0.000000,0.000000,0.000000,0.000000,0.000000,0.000000,0.000000,0.000000,0.000000,0.000000,0.000000,0.000000,0.000000,0,0,0,0
"-4,17",0,102316,0,0,71,4,99999,99999,99999,99999,99999,99999,0.000000,0.000000,0.000000,0.000000,0.000000,0.000000,0.000000,0.000000,0.000000,0.000000,0.000000,0.000000,0.000000,0.000000,0,0,0,0
"-4,18",0,102316,0,0,72,4,99999,99999,99999,99999,99999,99999,0.000000,0.000000,0.000000,0.000000,0.000000,0.000000,0.000000,0.000000,0.000000,0.000000,0.000000,0.000000,0.000000,0.000000,0,0,0,0
"-4,19",0,102316,0,0,9,4,99999,99999,99999,99999,99999,99999,0.000000,0.000000,0.000000,0.000000,0.000000,0.000000,0.000000,0.000000,0.000000,0.000000,0.000000,0.000000,0.000000,0.000000,0,0,0,0
"-4,20",0,102316,0,0,8,4,99999,99999,99999,99999,99999,99999,0.000000,0.000000,0.000000,0.000000,0.000000,0.000000,0.000000,0.000000,0.000000,0.000000,0.000000,0.000000,0.000000,0.000000,0,0,0,0
"-4,21",0,102316,0,0,9,4,99999,99999,99999,99999,99999,99999,0.000000,0.000000,0.000000,0.000000,0.000000,0.000000,0.000000,0.000000,0.000000,0.000000,0.000000,0.000000,0.000000,0.000000,0,0,0,0
"-4,22",0,102316,0,0,8,4,99999,99999,99999,99999,99999,99999,0.000000,0.000000,0.000000,0.000000,0.000000,0.000000,0.000000,0.000000,0.000000,0.000000,0.000000,0.000000,0.000000,0.000000,0,0,0,0
"-4,23",0,102316,0,0,4,4,99999,99999,99999,99999,99999,99999,0.000000,0.000000,0.000000,0.000000,0.000000,0.000000,0.000000,0.000000,0.000000,0.000000,0.000000,0.000000,0.000000,0.000000,0,0,0,0
"-4,24",0,102316,0,0,5,4,99999,99999,99999,99999,99999,99999,0.000000,0.000000,0.000000,0.000000,0.000000,0.000000,0.000000,0.000000,0.000000,0.000000,0.000000,0.000000,0.000000,0.000000,0,0,0,0
"-4,25",0,102316,0,0,4,4,99999,99999,99999,99999,99999,99999,0.000000,0.000000,0.000000,0.000000,0.000000,0.000000,0.000000,0.000000,0.000000,0.000000,0.000000,0.000000,0.000000,0.000000,0,0,0,0
"-4,26",0,102316,0,0,5,4,99999,99999,99999,99999,99999,99999,0.000000,0.000000,0.000000,0.000000,0.000000,0.000000,0.000000,0.000000,0.000000,0.000000,0.000000,0.000000,0.000000,0.000000,0,0,0,0
"-3,-26",49,102306,9,1,1042,2,20,485,548,0,4,5,0.711111,0.238889,0.050000,0.000000,0.000000,0.000000,0.000000,0.751152,0.211982,0.036866,0.000000,0.000000,0.000000,0.000000,26014,171,349,172
"-3,-25",37,102298,9,1,1043,2,11,426,547,0,4,6,0.866667,0.088889,0.044444,0.000000,0.000000,0.000000,0.000000,0.781513,0.172269,0.042017,0.004202,0.000000,0.000000,0.000000,26230,172,278,104
"-3,-24",45,102289,9,1,1036,2,11,200,359,0,4,5,0.900000,0.100000,0.000000,0.000000,0.000000,0.000000,0.000000,0.793774,0.178988,0.023346,0.003891,0.000000,0.000000,0.000000,27495,180,332,152
"-3,-23",52,102279,9,1,1041,2,21,515,621,0,4,4,0.710383,0.202186,0.087432,0.000000,0.000000,0.000000,0.000000,0.790000,0.200000,0.005000,0.005000,0.000000,0.000000,0.000000,25324,167,379,200
"-3,-22",41,102292,10,1,1046,2,21,571,794,0,4,5,0.711111,0.177778,0.111111,0.000000,0.000000,0.000000,0.000000,0.779570,0.193548,0.026882,0.000000,0.000000,0.000000,0.000000,24677,160,297,122
"-3,-21",42,102304,10,1,1032,2,13,535,688,0,4,5,0.751323,0.132275,0.116402,0.000000,0.000000,0.000000,0.000000,0.845070,0.131455,0.023474,0.000000,0.000000,0.000000,0.000000,25441,167,293,125
"-3,-20",46,102342,11,1,1032,2,11,158,276,0,4,7,0.900000,0.100000,0.000000,0.000000,0.000000,0.000000,0.000000,0.772563,0.176895,0.046931,0.003610,0.000000,0.000000,0.000000,27495,180,335,155
"-3,-19",49,102381,11,1,1051,2,15,288,379,0,4,6,0.838889,0.161111,0.000000,0.000000,0.000000,0.000000,0.000000,0.742188,0.214844,0.039062,0.003906,0.000000,0.000000,0.000000,27495,180,353,173
"-3,-18",46,102419,11,1,1043,2,14,232,402,0,5,10,0.872928,0.127072,0.000000,0.000000,0.000000,0.000000,0.000000,0.751908,0.167939,0.061069,0.019084,0.000000,0.000000,0.000000,27561,181,336,155
"-3,-17",49,102455,11,1,1042,2,21,512,555,0,5,8,0.690217,0.217391,0.092391,0.000000,0.000000,0.000000,0.000000,0.706422,0.238532,0.050459,0.004587,0.000000,0.000000,0.000000,25351,167,338,166
"-3,-16",37,102487,11,1,1042,2,13,266,505,0,4,7,0.894444,0.083333,0.022222,0.000000,0.000000,0.000000,0.000000,0.778656,0.193676,0.023715,0.003953,0.000000,0.000000,0.000000,26954,176,284,106
"-3,-15",49,102525,11,1,1040,2,14,505,530,0,4,8,0.766667,0.172222,0.061111,0.000000,0.000000,0.000000,0.000000,0.784753,0.192825,0.013453,0.008969,0.000000,0.000000,0.000000,25823,169,354,175
"-3,-14",42,102560,11,1,1037,2,12,200,373,0,4,8,0.875676,0.124324,0.000000,0.000000,0.000000,0.000000,0.000000,0.765152,0.196970,0.034091,0.003788,0.000000,0.000000,0.000000,28283,185,319,136
"-3,-13",42,102573,10,1,1037,2,13,249,453,0,5,7,0.861111,0.127778,0.011111,0.000000,0.000000,0.000000,0.000000,0.800797,0.147410,0.051793,0.000000,0.000000,0.000000,0.000000,27201,178,315,135
"-3,-12",42,102584,10,1,1032,2,18,535,555,0,4,6,0.711111,0.138889,0.150000,0.000000,0.000000,0.000000,0.000000,0.783654,0.201923,0.009615,0.004808,0.000000,0.000000,0.000000,23672,153,275,118
"-3,-11",47,102575,9,1,1043,2,22,524,1071,0,4,8,0.677778,0.183333,0.116667,0.022222,0.000000,0.000000,0.000000,0.736585,0.214634,0.039024,0.009756,0.000000,0.000000,0.000000,23615,155,314,150
"-3,-10",43,102566,9,1,1035,2,11,176,258,0,4,7,0.894444,0.105556,0.000000,0.000000,0.000000,0.000000,0.000000,0.742308,0.211538,0.046154,0.000000,0.000000,0.000000,0.000000,27495,180,319,139
"-3,-9",37,102558,9,1,1041,2,12,402,634,0,4,7,0.816667,0.138889,0.044444,0.000000,0.000000,0.000000,0.000000,0.767857,0.187500,0.044643,0.000000,0.000000,0.000000,0.000000,26274,172,287,109
"-3,-8",39,102550,9,1,1051,2,15,505,555,0,4,7,0.772222,0.166667,0.050000,0.011111,0.000000,0.000000,0.000000,0.762557,0.191781,0.041096,0.004566,0.000000,0.000000,0.000000,25959,169,285,114
"-3,-7",45,102541,9,1,1040,2,15,228,368,0,4,5,0.847826,0.152174,0.000000,0.000000,0.000000,0.000000,0.000000,0.783465,0.181102,0.031496,0.003937,0.000000,0.000000,0.000000,28065,184,331,149
"-3,-6",41,102532,9,1,1041,2,11,356,513,0,4,8,0.879121,0.104396,0.016484,0.000000,0.000000,0.000000,0.000000,0.791339,0.169291,0.039370,0.000000,0.000000,0.000000,0.000000,27250,179,306,126
"-3,-5",44,102523,9,1,1038,2,15,418,527,0,4,5,0.855556,0.100000,0.044444,0.000000,0.000000,0.000000,0.000000,0.760784,0.211765,0.027451,0.000000,0.000000,0.000000,0.000000,26160,172,311,137
"-3,-4",53,102491,8,1,1052,2,18,224,283,0,5,8,0.822222,0.177778,0.000000,0.000000,0.000000,0.000000,0.000000,0.721774,0.225806,0.052419,0.000000,0.000000,0.000000,0.000000,27495,180,388,208
"-3,-3",50,102433,7,1,1043,2,14,508,630,0,4,8,0.783333,0.155556,0.061111,0.000000,0.000000,0.000000,0.000000,0.737778,0.217778,0.040000,0.004444,0.000000,0.000000,0.000000,25926,169,365,185
"-3,-2",53,102372,7,1,1038,3,15,480,663,0,4,8,0.844444,0.105556,0.050000,0.000000,0.000000,0.000000,0.000000,0.735507,0.228261,0.036232,0.000000,0.000000,0.000000,0.000000,26101,171,386,206
"-3,-1",0,102372,0,0,978,4,99999,99999,99999,99999,99999,99999,0.000000,0.000000,0.000000,0.000000,0.000000,0.000000,0.000000,0.000000,0.000000,0.000000,0.000000,0.000000,0.000000,0.000000,0,0,0,0
"-3,0",0,102372,0,0,977,4,99999,99999,99999,99999,99999,99999,0.000000,0.000000,0.000000,0.000000,0.000000,0.000000,0.000000,0.000000,0.000000,0.000000,0.000000,0.000000,0.000000,0.000000,0,0,0,0
"-3,1",0,102372,0,0,978,4,99999,99999,99999,99999,99999,99999,0.000000,0.000000,0.000000,0.000000,0.000000,0.000000,0.000000,0.000000,0.000000,0.000000,0.000000,0.000000,0.000000,0.000000,0,0,0,0
"-3,2",0,102372,0,0,971,4,99999,99999,99999,99999,99999,99999,0.000000,0.000000,0.000000,0.000000,0.000000,0.000000,0.000000,0.000000,0.000000,0.000000,0.000000,0.000000,0.000000,0.000000,0,0,0,0
"-3,3",0,102372,0,0,987,4,99999,99999,99999,99999,99999,99999,0.000000,0.000000,0.000000,0.000000,0.000000,0.000000,0.000000,0.000000,0.000000,0.000000,0.000000,0.000000,0.000000,0.000000,0,0,0,0
"-3,4",0,102372,0,0,976,4,99999,99999,99999,99999,99999,99999,0.000000,0.000000,0.000000,0.000000,0.000000,0.000000,0.000000,0.000000,0.000000,0.000000,0.000000,0.000000,0.000000,0.000000,0,0,0,0
"-3,5",0,102372,0,0,992,4,99999,99999,99999,99999,99999,99999,0.000000,0.000000,0.000000,0.000000,0.000000,0.000000,0.000000,0.000000,0.000000,0.000000,0.000000,0.000000,0.000000,0.000000,0,0,0,0
"-3,6",0,102372,0,0,985,4,99999,99999,99999,99999,99999,99999,0.000000,0.000000,0.000000,0.000000,0.000000,0.000000,0.000000,0.000000,0.000000,0.000000,0.000000,0.000000,0.000000,0.000000,0,0,0,0
"-3,7",0,102372,0,0,975,4,99999,99999,99999,99999,99999,99999,0.000000,0.000000,0.000000,0.000000,0.000000,0.000000,0.000000,0.000000,0.000000,0.000000,0.000000,0.000000,0.000000,0.000000,0,0,0,0
"-3,8",0,102372,0,0,977,4,99999,99999,99999,99999,99999,99999,0.000000,0.000000,0.000000,0.000000,0.000000,0.000000,0.000000,0.000000,0.000000,0.000000,0.000000,0.000000,0.000000,0.000000,0,0,0,0
"-3,9",0,102372,0,0,980,4,99999,99999,99999,99999,99999,99999,0.000000,0.000000,0.000000,0.000000,0.000000,0.000000,0.000000,0.000000,0.000000,0.000000,0.000000,0.000000,0.000000,0.000000,0,0,0,0
"-3,10",0,102372,0,0,973,4,99999,99999,99999,99999,99999,99999,0.000000,0.000000,0.000000,0.000000,0.000000,0.000000,0.000000,0.000000,0.000000,0.000000,0.000000,0.000000,0.000000,0.000000,0,0,0,0
"-3,11",0,102372,0,0,975,4,99999,99999,99999,99999,99999,99999,0.000000,0.000000,0.000000,0.000000,0.000000,0.000000,0.000000,0.000000,0.000000,0.000000,0.000000,0.000000,0.000000,0.000000,0,0,0,0
"-3,12",0,102372,0,0,73,4,99999,99999,99999,99999,99999,99999,0.000000,0.000000,0.000000,0.000000,0.000000,0.000000,0.000000,0.000000,0.000000,0.000000,0.000000,0.000000,0.000000,0.000000,0,0,0,0
"-3,13",0,102372,0,0,82,4,99999,99999,99999,99999,99999,99999,0.000000,0.000000,0.000000,0.000000,0.000000,0.000000,0.000000,0.000000,0.000000,0.000000,0.000000,0.000000,0.000000,0.000000,0,0,0,0
"-3,14",0,102372,0,0,71,4,99999,99999,99999,99999,99999,99999,0.000000,0.000000,0.000000,0.000000,0.000000,0.000000,0.000000,0.000000,0.000000,0.000000,0.000000,0.000000,0.000000,0.000000,0,0,0,0
"-3,15",0,102372,0,0,70,4,99999,99999,99999,99999,99999,99999,0.000000,0.000000,0.000000,0.000000,0.000000,0.000000,0.000000,0.000000,0.000000,0.000000,0.000000,0.000000,0.000000,0.000000,0,0,0,0
"-3,16",0,102372,0,0,78,4,99999,99999,99999,99999,99999,99999,0.000000,0.000000,0.000000,0.000000,0.000000,0.000000,0.000000,0.000000,0.000000,0.000000,0.000000,0.000000,0.000000,0.000000,0,0,0,0
"-3,17",0,102372,0,0,76,4,99999,99999,99999,99999,99999,99999,0.000000,0.000000,0.000000,0.000000,0.000000,0.000000,0.000000,0.000000,0.000000,0.000000,0.000000,0.000000,0.000000,0.000000,0,0,0,0
"-3,18",0,102372,0,0,68,4,99999,99999,99999,99999,99999,99999,0.000000,0.000000,0.000000,0.000000,0.000000,0.000000,0.000000,0.000000,0.000000,0.000000,0.000000,0.000000,0.000000,0.000000,0,0,0,0
"-3,19",0,102372,0,0,9,4,99999,99999,99999,99999,99999,99999,0.000000,0.000000,0.000000,0.000000,0.000000,0.000000,0.000000,0.000000,0.000000,0.000000,0.000000,0.000000,0.000000,0.000000,0,0,0,0
"-3,20",0,102372,0,0,8,4,99999,99999,99999,99999,99999,99999,0.000000,0.000000,0.000000,0.000000,0.000000,0.000000,0.000000,0.000000,0.000000,0.000000,0.000000,0.000000,0.000000,0.000000,0,0,0,0
"-3,21",0,102372,0,0,8,4,99999,99999,99999,99999,99999,99999,0.000000,0.000000,0.000000,0.000000,0.000000,0.000000,0.000000,0.000000,0.000000,0.000000,0.000000,0.000000,0.000000,0.000000,0,0,0,0
"-3,22",0,102372,0,0,9,4,99999,99999,99999,99999,99999,99999,0.000000,0.000000,0.000000,0.000000,0.000000,0.000000,0.000000,0.000000,0.000000,0.000000,0.000000,0.000000,0.000000,0.000000,0,0,0,0
"-3,23",0,102372,0,0,4,4,99999,99999,99999,99999,99999,99999,0.000000,0.000000,0.000000,0.000000,0.000000,0.000000,0.000000,0.000000,0.000000,0.000000,0.000000,0.000000,0.000000,0.000000,0,0,0,0
"-3,24",0,102372,0,0,4,4,99999,99999,99999,99999,99999,99999,0.000000,0.000000,0.000000,0.000000,0.000000,0.000000,0.000000,0.000000,0.000000,0.000000,0.000000,0.000000,0.000000,0.000000,0,0,0,0
"-3,25",0,102372,0,0,4,4,99999,99999,99999,99999,99999,99999,0.000000,0.000000,0.000000,0.000000,0.000000,0.000000,0.000000,0.000000,0.000000,0.000000,0.000000,0.000000,0.000000,0.000000,0,0,0,0
"-3,26",0,102372,0,0,4,4,99999,99999,99999,99999,99999,99999,0.000000,0.000000,0.000000,0.000000,0.000000,0.000000,0.000000,0.000000,0.000000,0.000000,0.000000,0.000000,0.000000,0.000000,0,0,0,0
"-2,-26",40,102364,9,1,1039,2,14,212,359,0,4,6,0.872222,0.127778,0.000000,0.000000,0.000000,0.000000,0.000000,0.793522,0.186235,0.020243,0.000000,0.000000,0.000000,0.000000,27495,180,301,121
"-2,-25",40,102356,9,1,1048,2,17,528,548,0,5,8,0.788889,0.138889,0.066667,0.005556,0.000000,0.000000,0.000000,0.766055,0.169725,0.064220,0.000000,0.000000,0.000000,0.000000,25567,167,291,118
"-2,-24",44,102347,9,1,1040,2,17,493,526,0,4,8,0.770053,0.181818,0.048128,0.000000,0.000000,0.000000,0.000000,0.756522,0.204348,0.030435,0.008696,0.000000,0.000000,0.000000,27111,178,317,141
"-2,-23",39,102339,9,1,1043,2,10,155,232,0,4,8,0.900000,0.100000,0.000000,0.000000,0.000000,0.000000,0.000000,0.788000,0.184000,0.024000,0.004000,0.000000,0.000000,0.000000,27495,180,297,117
"-2,-22",40,102331,9,1,1046,2,14,335,503,0,4,5,0.857895,0.126316,0.015789,0.000000,0.000000,0.000000,0.000000,0.785425,0.186235,0.028340,0.000000,0.000000,0.000000,0.000000,28548,187,312,125
"-2,-21",54,102346,10,1,1036,2,27,581,710,0,4,7,0.688889,0.188889,0.122222,0.000000,0.000000,0.000000,0.000000,0.725581,0.232558,0.037209,0.004651,0.000000,0.000000,0.000000,24271,158,387,210
"-2,-20",52,102361,10,1,1032,2,20,645,741,0,4,6,0.688172,0.155914,0.155914,0.000000,0.000000,0.000000,0.000000,0.800948,0.180095,0.018957,0.000000,0.000000,0.000000,0.000000,23939,157,363,192
"-2,-19",44,102374,10,1,1038,2,14,188,222,0,4,6,0.829670,0.170330,0.000000,0.000000,0.000000,0.000000,0.000000,0.767635,0.203320,0.029046,0.000000,0.000000,0.000000,0.000000,27777,182,325,145
"-2,-18",45,102387,10,1,1039,2,17,385,532,0,4,9,0.801047,0.162304,0.036649,0.000000,0.000000,0.000000,0.000000,0.796748,0.178862,0.012195,0.012195,0.000000,0.000000,0.000000,28017,184,339,155
"-2,-17",38,102399,10,1,1031,2,10,338,434,0,4,6,0.831522,0.163043,0.005435,0.000000,0.000000,0.000000,0.000000,0.812227,0.152838,0.030568,0.004367,0.000000,0.000000,0.000000,27951,183,300,117
"-2,-16",39,102410,10,1,1044,1,44,540,694,0,4,6,0.584699,0.245902,0.169399,0.000000,0.000000,0.000000,0.000000,0.779762,0.190476,0.023810,0.005952,0.000000,0.000000,0.000000,23179,152,278,109
"-2,-15",49,102424,10,1,1045,2,25,516,737,0,4,5,0.722222,0.211111,0.066667,0.000000,0.000000,0.000000,0.000000,0.776744,0.195349,0.027907,0.000000,0.000000,0.000000,0.000000,25619,168,342,168
"-2,-14",43,102436,10,1,1037,2,13,220,333,0,4,7,0.855556,0.144444,0.000000,0.000000,0.000000,0.000000,0.000000,0.780992,0.190083,0.024793,0.004132,0.000000,0.000000,0.000000,27495,180,321,141
"-2,-13",44,102449,10,1,1036,2,12,348,503,0,4,5,0.822222,0.155556,0.022222,0.000000,0.000000,0.000000,0.000000,0.786957,0.173913,0.039130,0.000000,0.000000,0.000000,0.000000,26961,176,327,147
"-2,-12",43,102440,9,1,1040,2,18,515,793,0,4,5,0.745856,0.198895,0.055249,0.000000,0.000000,0.000000,0.000000,0.800926,0.166667,0.032407,0.000000,0.000000,0.000000,0.000000,26222,171,309,133
"-2,-11",44,102432,9,1,1039,2,16,515,534,0,4,5,0.738889,0.183333,0.072222,0.005556,0.000000,0.000000,0.000000,0.760563,0.206573,0.032864,0.000000,0.000000,0.000000,0.000000,25298,166,307,138
"-2,-10",46,102423,9,1,1039,2,9,218,395,0,4,6,0.888889,0.111111,0.000000,0.000000,0.000000,0.000000,0.000000,0.781132,0.173585,0.045283,0.000000,0.000000,0.000000,0.000000,27495,180,336,156
"-2,-9",41,102415,9,1,1043,2,25,506,788,0,4,7,0.744444,0.194444,0.061111,0.000000,0.000000,0.000000,0.000000,0.723982,0.230769,0.036199,0.009050,0.000000,0.000000,0.000000,25807,169,295,121
"-2,-8",43,102407,9,1,1046,2,18,511,637,0,5,7,0.738889,0.177778,0.083333,0.000000,0.000000,0.000000,0.000000,0.755869,0.183099,0.051643,0.009390,0.000000,0.000000,0.000000,25298,166,307,133
"-2,-7",42,102399,9,1,1044,2,14,378,536,0,4,8,0.827778,0.144444,0.027778,0.000000,0.000000,0.000000,0.000000,0.741379,0.224138,0.025862,0.004310,0.004310,0.000000,0.000000,26747,175,314,134
"-2,-6",35,102392,9,1,1041,2,20,527,550,0,4,5,0.727778,0.127778,0.144444,0.000000,0.000000,0.000000,0.000000,0.786070,0.199005,0.014925,0.000000,0.000000,0.000000,0.000000,23451,154,246,87
"-2,-5",38,102369,8,1,1040,2,12,199,335,0,4,8,0.879121,0.120879,0.000000,0.000000,0.000000,0.000000,0.000000,0.800000,0.178723,0.012766,0.008511,0.000000,0.000000,0.000000,27777,182,293,113
"-2,-4",46,102343,8,1,1043,2,15,187,284,0,4,8,0.877778,0.122222,0.000000,0.000000,0.000000,0.000000,0.000000,0.741573,0.220974,0.037453,0.000000,0.000000,0.000000,0.000000,27495,180,335,155
"-2,-3",38,102296,7,1,1044,2,12,292,509,0,4,5,0.833333,0.150000,0.016667,0.000000,0.000000,0.000000,0.000000,0.748954,0.209205,0.037657,0.004184,0.000000,0.000000,0.000000,27028,177,293,114
"-2,-2",43,102247,7,1,1039,2,16,260,430,0,4,8,0.816667,0.177778,0.005556,0.000000,0.000000,0.000000,0.000000,0.725000,0.233333,0.037500,0.004167,0.000000,0.000000,0.000000,27321,179,319,139
"-2,-1",0,102247,0,0,978,4,99999,99999,99999,99999,99999,99999,0.000000,0.000000,0.000000,0.000000,0.000000,0.000000,0.000000,0.000000,0.000000,0.000000,0.000000,0.000000,0.000000,0.000000,0,0,0,0
"-2,0",0,102247,0,0,976,4,99999,99999,99999,99999,99999,99999,0.000000,0.000000,0.000000,0.000000,0.000000,0.000000,0.000000,0.000000,0.000000,0.000000,0.000000,0.000000,0.000000,0.000000,0,0,0,0
"-2,1",0,102247,0,0,970,4,99999,99999,99999,99999,99999,99999,0.000000,0.000000,0.000000,0.000000,0.000000,0.000000,0.000000,0.000000,0.000000,0.000000,0.000000,0.000000,0.000000,0.000000,0,0,0,0
"-2,2",0,102247,0,0,979,4,99999,99999,99999,99999,99999,99999,0.000000,0.000000,0.000000,0.000000,0.000000,0.000000,0.000000,0.000000,0.000000,0.000000,0.000000,0.000000,0.000000,0.000000,0,0,0,0
"-2,3",0,102247,0,0,976,4,99999,99999,99999,99999,99999,99999,0.000000,0.000000,0.000000,0.000000,0.000000,0.000000,0.000000,0.000000,0.000000,0.000000,0.000000,0.000000,0.000000,0.000000,0,0,0,0
"-2,4",0,102247,0,0,975,4,99999,99999,99999,99999,99999,99999,0.000000,0.000000,0.000000,0.000000,0.000000,0.000000,0.000000,0.000000,0.000000,0.000000,0.000000,0.000000,0.000000,0.000000,0,0,0,0
"-2,5",0,102247,0,0,973,4,99999,99999,99999,99999,99999,99999,0.000000,0.000000,0.000000,0.000000,0.000000,0.000000,0.000000,0.000000,0.000000,0.000000,0.000000,0.000000,0.000000,0.000000,0,0,0,0
"-2,6",0,102247,0,0,979,4,99999,99999,99999,99999,99999,99999,0.000000,0.000000,0.000000,0.000000,0.000000,0.000000,0.000000,0.000000,0.000000,0.000000,0.000000,0.000000,0.000000,0.000000,0,0,0,0
"-2,7",0,102247,0,0,975,4,99999,99999,99999,99999,99999,99999,0.000000,0.000000,0.000000,0.000000,0.000000,0.000000,0.000000,0.000000,0.000000,0.000000,0.000000,0.000000,0.000000,0.000000,0,0,0,0
"-2,8",0,102247,0,0,986,4,99999,99999,99999,99999,99999,99999,0.000000,0.000000,0.000000,0.000000,0.000000,0.000000,0.000000,0.000000,0.000000,0.000000,0.000000,0.000000,0.000000,0.000000,0,0,0,0
"-2,9",0,102247,0,0,988,4,99999,99999,99999,99999,99999,99999,0.000000,0.000000,0.000000,0.000000,0.000000,0.000000,0.000000,0.000000,0.000000,0.000000,0.000000,0.000000,0.000000,0.000000,0,0,0,0
"-2,10",0,102247,0,0,975,4,99999,99999,99999,99999,99999,99999,0.000000,0.000000,0.000000,0.000000,0.000000,0.000000,0.000000,0.000000,0.000000,0.000000,0.000000,0.000000,0.000000,0.000000,0,0,0,0
"-2,11",0,102247,0,0,976,4,99999,99999,99999,99999,99999,99999,0.000000,0.000000,0.000000,0.000000,0.000000,0.000000,0.000000,0.000000,0.000000,0.000000,0.000000,0.000000,0.000000,0.000000,0,0,0,0
"-2,12",0,102247,0,0,72,4,99999,99999,99999,99999,99999,99999,0.000000,0.000000,0.000000,0.000000,0.000000,0.000000,0.000000,0.000000,0.000000,0.000000,0.000000,0.000000,0.000000,0.000000,0,0,0,0
"-2,13",0,102247,0,0,77,4,99999,99999,99999,99999,99999,99999,0.000000,0.000000,0.000000,0.000000,0.000000,0.000000,0.000000,0.000000,0.000000,0.000000,0.000000,0.000000,0.000000,0.000000,0,0,0,0
"-2,14",0,102247,0,0,76,4,99999,99999,99999,99999,99999,99999,0.000000,0.000000,0.000000,0.000000,0.000000,0.000000,0.000000,0.000000,0.000000,0.000000,0.000000,0.000000,0.000000,0.000000,0,0,0,0
"-2,15",0,102247,0,0,82,4,99999,99999,99999,99999,99999,99999,0.000000,0.000000,0.000000,0.000000,0.000000,0.000000,0.000000,0.000000,0.000000,0.000000,0.000000,0.000000,0.000000,0.000000,0,0,0,0
"-2,16",0,102247,0,0,72,4,99999,99999,99999,99999,99999,99999,0.000000,0.000000,0.000000,0.000000,0.000000,0.000000,0.000000,0.000000,0.000000,0.000000,0.000000,0.000000,0.000000,0.000000,0,0,0,0
"-2,17",0,102247,0,0,68,4,99999,99999,99999,99999,99999,99999,0.000000,0.000000,0.000000,0.000000,0.000000,0.000000,0.000000,0.000000,0.000000,0.000000,0.000000,0.000000,0.000000,0.000000,0,0,0,0
"-2,18",0,102247,0,0,8,4,99999,99999,99999,99999,99999,99999,0.000000,0.000000,0.000000,0.000000,0.000000,0.000000,0.000000,0.000000,0.000000,0.000000,0.000000,0.000000,0.000000,0.000000,0,0,0,0
"-2,19",0,102247,0,0,10,4,99999,99999,99999,99999,99999,99999,0.000000,0.000000,0.000000,0.000000,0.000000,0.000000,0.000000,0.000000,0.000000,0.000000,0.000000,0.000000,0.000000,0.000000,0,0,0,0
"-2,20",0,102247,0,0,7,4,99999,99999,99999,99999,99999,99999,0.000000,0.000000,0.000000,0.000000,0.000000,0.000000,0.000000,0.000000,0.000000,0.000000,0.000000,0.000000,0.000000,0.000000,0,0,0,0
"-2,21",0,102247,0,0,8,4,99999,99999,99999,99999,99999,99999,0.000000,0.000000,0.000000,0.000000,0.000000,0.000000,0.000000,0.000000,0.000000,0.000000,0.000000,0.000000,0.000000,0.000000,0,0,0,0
"-2,22",0,102247,0,0,8,4,99999,99999,99999,99999,99999,99999,0.000000,0.000000,0.000000,0.000000,0.000000,0.000000,0.000000,0.000000,0.000000,0.000000,0.000000,0.000000,0.000000,0.000000,0,0,0,0
"-2,23",0,102247,0,0,4,4,99999,99999,99999,99999,99999,99999,0.000000,0.000000,0.000000,0.000000,0.000000,0.000000,0.000000,0.000000,0.000000,0.000000,0.000000,0.000000,0.000000,0.000000,0,0,0,0
"-2,24",0,102247,0,0,5,4,99999,99999,99999,99999,99999,99999,0.000000,0.000000,0.000000,0.000000,0.000000,0.000000,0.000000,0.000000,0.000000,0.000000,0.000000,0.000000,0.000000,0.000000,0,0,0,0
"-2,25",0,102247,0,0,4,4,99999,99999,99999,99999,99999,99999,0.000000,0.000000,0.000000,0.000000,0.000000,0.000000,0.000000,0.000000,0.000000,0.000000,0.000000,0.000000,0.000000,0.000000,0,0,0,0
"-2,26",0,102247,0,0,4,4,99999,99999,99999,99999,99999,99999,0.000000,0.000000,0.000000,0.000000,0.000000,0.000000,0.000000,0.000000,0.000000,0.000000,0.000000,0.000000,0.000000,0.000000,0,0,0,0
"-1,-26",38,102239,9,1,1044,2,11,171,362,0,5,6,0.905556,0.094444,0.000000,0.000000,0.000000,0.000000,0.000000,0.775934,0.170124,0.053942,0.000000,0.000000,0.000000,0.000000,27495,180,291,111
"-1,-25",42,102231,9,1,1041,2,16,527,636,0,5,7,0.751295,0.160622,0.088083,0.000000,0.000000,0.000000,0.000000,0.768240,0.167382,0.060086,0.004292,0.000000,0.000000,0.000000,26947,176,325,139
"-1,-24",50,102222,9,1,1032,2,13,405,536,0,4,6,0.811111,0.150000,0.038889,0.000000,0.000000,0.000000,0.000000,0.766798,0.201581,0.027668,0.003953,0.000000,0.000000,0.000000,26430,173,363,185
"-1,-23",45,102215,9,1,1033,2,26,525,652,0,4,5,0.666667,0.209677,0.123656,0.000000,0.000000,0.000000,0.000000,0.763285,0.217391,0.019324,0.000000,0.000000,0.000000,0.000000,25001,163,305,139
"-1,-22",48,102206,9,1,1041,2,14,369,516,0,5,9,0.788889,0.188889,0.022222,0.000000,0.000000,0.000000,0.000000,0.770213,0.165957,0.051064,0.012766,0.000000,0.000000,0.000000,26854,176,349,169
"-1,-21",51,102197,9,1,1035,2,15,283,423,0,4,8,0.794444,0.205556,0.000000,0.000000,0.000000,0.000000,0.000000,0.809717,0.161943,0.020243,0.008097,0.000000,0.000000,0.000000,27495,180,371,191
"-1,-20",47,102189,9,1,1039,2,12,457,521,0,4,6,0.783333,0.177778,0.038889,0.000000,0.000000,0.000000,0.000000,0.807018,0.162281,0.030702,0.000000,0.000000,0.000000,0.000000,26589,173,341,161
"-1,-19",47,102181,9,1,1033,2,11,500,552,0,4,8,0.845304,0.099448,0.055249,0.000000,0.000000,0.000000,0.000000,0.823293,0.136546,0.040161,0.000000,0.000000,0.000000,0.000000,26138,171,327,154
"-1,-18",51,102173,9,1,1027,2,41,472,616,0,5,6,0.640244,0.317073,0.042683,0.000000,0.000000,0.000000,0.000000,0.743017,0.201117,0.055866,0.000000,0.000000,0.000000,0.000000,24124,157,338,175
"-1,-17",41,102184,10,1,1046,2,20,527,687,0,4,6,0.722222,0.172222,0.105556,0.000000,0.000000,0.000000,0.000000,0.822660,0.152709,0.024631,0.000000,0.000000,0.000000,0.000000,24616,161,284,117
"-1,-16",44,102176,9,1,1038,2,44,530,678,0,4,8,0.620879,0.274725,0.104396,0.000000,0.000000,0.000000,0.000000,0.741573,0.207865,0.039326,0.011236,0.000000,0.000000,0.000000,25029,163,313,140
"-1,-15",51,102168,9,1,1041,2,28,513,640,0,4,6,0.700000,0.227778,0.072222,0.000000,0.000000,0.000000,0.000000,0.753555,0.208531,0.037915,0.000000,0.000000,0.000000,0.000000,25570,167,370,192
"-1,-14",42,102160,9,1,1039,2,14,541,668,0,4,5,0.783333,0.100000,0.116667,0.000000,0.000000,0.000000,0.000000,0.803653,0.164384,0.031963,0.000000,0.000000,0.000000,0.000000,24362,159,280,118
"-1,-13",46,102152,9,1,1040,2,16,471,534,0,4,8,0.833333,0.116667,0.044444,0.005556,0.000000,0.000000,0.000000,0.755814,0.197674,0.038760,0.007752,0.000000,0.000000,0.000000,26137,171,325,152
"-1,-12",48,102144,9,1,1043,2,15,504,598,0,5,8,0.794444,0.150000,0.055556,0.000000,0.000000,0.000000,0.000000,0.771930,0.175439,0.052632,0.000000,0.000000,0.000000,0.000000,25949,170,349,169
"-1,-11",45,102137,9,1,1045,2,22,535,639,0,4,8,0.694444,0.205556,0.088889,0.011111,0.000000,0.000000,0.000000,0.746479,0.220657,0.023474,0.009390,0.000000,0.000000,0.000000,24816,162,309,142
"-1,-10",45,102129,9,1,1044,2,18,519,543,0,4,5,0.755556,0.161111,0.077778,0.005556,0.000000,0.000000,0.000000,0.773504,0.205128,0.021368,0.000000,0.000000,0.000000,0.000000,25332,165,310,140
"-1,-9",48,102121,9,1,1044,2,17,376,525,0,4,8,0.817680,0.160221,0.022099,0.000000,0.000000,0.000000,0.000000,0.755814,0.213178,0.023256,0.007752,0.000000,0.000000,0.000000,26914,177,353,172
"-1,-8",41,102113,9,1,1040,2,12,145,308,0,4,7,0.900552,0.099448,0.000000,0.000000,0.000000,0.000000,0.000000,0.777328,0.182186,0.036437,0.004049,0.000000,0.000000,0.000000,27659,181,306,126
"-1,-7",47,102105,9,1,1033,2,13,335,477,0,4,8,0.833333,0.155556,0.011111,0.000000,0.000000,0.000000,0.000000,0.762097,0.205645,0.028226,0.004032,0.000000,0.000000,0.000000,27188,178,343,163
"-1,-6",43,102083,8,1,1047,2,19,523,540,0,4,6,0.800000,0.122222,0.066667,0.011111,0.000000,0.000000,0.000000,0.723849,0.242678,0.029289,0.004184,0.000000,0.000000,0.000000,25518,166,302,131
"-1,-5",37,102062,8,1,1038,2,11,465,588,0,4,6,0.805556,0.155556,0.038889,0.000000,0.000000,0.000000,0.000000,0.811927,0.146789,0.036697,0.004587,0.000000,0.000000,0.000000,26451,173,290,110
"-1,-4",43,102015,7,1,1039,2,15,371,528,0,4,8,0.830601,0.136612,0.032787,0.000000,0.000000,0.000000,0.000000,0.796680,0.178423,0.020747,0.004149,0.000000,0.000000,0.000000,27028,177,315,138
"-1,-3",44,101966,7,1,1036,2,10,390,535,0,4,7,0.844444,0.127778,0.027778,0.000000,0.000000,0.000000,0.000000,0.787500,0.166667,0.041667,0.004167,0.000000,0.000000,0.000000,26816,175,326,146
"-1,-2",0,101966,0,0,976,4,99999,99999,99999,99999,99999,99999,0.000000,0.000000,0.000000,0.000000,0.000000,0.000000,0.000000,0.000000,0.000000,0.000000,0.000000,0.000000,0.000000,0.000000,0,0,0,0
"-1,-1",0,101966,0,0,979,4,99999,99999,99999,99999,99999,99999,0.000000,0.000000,0.000000,0.000000,0.000000,0.000000,0.000000,0.000000,0.000000,0.000000,0.000000,0.000000,0.000000,0.000000,0,0,0,0
"-1,0",0,101966,0,0,982,4,99999,99999,99999,99999,99999,99999,0.000000,0.000000,0.000000,0.000000,0.000000,0.000000,0.000000,0.000000,0.000000,0.000000,0.000000,0.000000,0.000000,0.000000,0,0,0,0
"-1,1",0,101966,0,0,980,4,99999,99999,99999,99999,99999,99999,0.000000,0.000000,0.000000,0.000000,0.000000,0.000000,0.000000,0.000000,0.000000,0.000000,0.000000,0.000000,0.000000,0.000000,0,0,0,0
"-1,2",0,101966,0,0,979,4,99999,99999,99999,99999,99999,99999,0.000000,0.000000,0.000000,0.000000,0.000000,0.000000,0.000000,0.000000,0.000000,0.000000,0.000000,0.000000,0.000000,0.000000,0,0,0,0
"-1,3",0,101966,0,0,983,4,99999,99999,99999,99999,99999,99999,0.000000,0.000000,0.000000,0.000000,0.000000,0.000000,0.000000,0.000000,0.000000,0.000000,0.000000,0.000000,0.000000,0.000000,0,0,0,0
"-1,4",0,101966,0,0,978,4,99999,99999,99999,99999,99999,99999,0.000000,0.000000,0.000000,0.000000,0.000000,0.000000,0.000000,0.000000,0.000000,0.000000,0.000000,0.000000,0.000000,0.000000,0,0,0,0
"-1,5",0,101966,0,0,981,4,99999,99999,99999,99999,99999,99999,0.000000,0.000000,0.000000,0.000000,0.000000,0.000000,0.000000,0.000000,0.000000,0.000000,0.000000,0.000000,0.000000,0.000000,0,0,0,0
"-1,6",0,101966,0,0,978,4,99999,99999,99999,99999,99999,99999,0.000000,0.000000,0.000000,0.000000,0.000000,0.000000,0.000000,0.000000,0.000000,0.000000,0.000000,0.000000,0.000000,0.000000,0,0,0,0
"-1,7",0,101966,0,0,968,4,99999,99999,99999,99999,99999,99999,0.000000,0.000000,0.000000,0.000000,0.000000,0.000000,0.000000,0.000000,0.000000,0.000000,0.000000,0.000000,0.000000,0.000000,0,0,0,0
"-1,8",0,101966,0,0,975,4,99999,99999,99999,99999,99999,99999,0.000000,0.000000,0.000000,0.000000,0.000000,0.000000,0.000000,0.000000,0.000000,0.000000,0.000000,0.000000,0.000000,0.000000,0,0,0,0
"-1,9",0,101966,0,0,965,4,99999,99999,99999,99999,99999,99999,0.000000,0.000000,0.000000,0.000000,0.000000,0.000000,0.000000,0.000000,0.000000,0.000000,0.000000,0.000000,0.000000,0.000000,0,0,0,0
"-1,10",0,101966,0,0,976,4,99999,99999,99999,99999,99999,99999,0.000000,0.000000,0.000000,0.000000,0.000000,0.000000,0.000000,0.000000,0.000000,0.000000,0.000000,0.000000,0.000000,0.000000,0,0,0,0
"-1,11",0,101966,0,0,541,4,99999,99999,99999,99999,99999,99999,0.000000,0.000000,0.000000,0.000000,0.000000,0.000000,0.000000,0.000000,0.000000,0.000000,0.000000,0.000000,0.000000,0.000000,0,0,0,0
"-1,12",0,101966,0,0,70,4,99999,99999,99999,99999,99999,99999,0.000000,0.000000,0.000000,0.000000,0.000000,0.000000,0.000000,0.000000,0.000000,0.000000,0.000000,0.000000,0.000000,0.000000,0,0,0,0
"-1,13",0,101966,0,0,81,4,99999,99999,99999,99999,99999,99999,0.000000,0.000000,0.000000,0.000000,0.000000,0.000000,0.000000,0.000000,0.000000,0.000000,0.000000,0.000000,0.000000,0.000000,0,0,0,0
"-1,14",0,101966,0,0,82,4,99999,99999,99999,99999,99999,99999,0.000000,0.000000,0.000000,0.000000,0.000000,0.000000,0.000000,0.000000,0.000000,0.000000,0.000000,0.000000,0.000000,0.000000,0,0,0,0
"-1,15",0,101966,0,0,72,4,99999,99999,99999,99999,99999,99999,0.000000,0.000000,0.000000,0.000000,0.000000,0.000000,0.000000,0.000000,0.000000,0.000000,0.000000,0.000000,0.000000,0.000000,0,0,0,0
"-1,16",0,101966,0,0,80,4,99999,99999,99999,99999,99999,99999,0.000000,0.000000,0.000000,0.000000,0.000000,0.000000,0.000000,0.000000,0.000000,0.000000,0.000000,0.000000,0.000000,0.000000,0,0,0,0
"-1,17",0,101966,0,0,73,4,99999,99999,99999,99999,99999,99999,0.000000,0.000000,0.000000,0.000000,0.000000,0.000000,0.000000,0.000000,0.000000,0.000000,0.000000,0.000000,0.000000,0.000000,0,0,0,0
"-1,18",0,101966,0,0,9,4,99999,99999,99999,99999,99999,99999,0.000000,0.000000,0.000000,0.000000,0.000000,0.000000,0.000000,0.000000,0.000000,0.000000,0.000000,0.000000,0.000000,0.000000,0,0,0,0
"-1,19",0,101966,0,0,8,4,99999,99999,99999,99999,99999,99999,0.000000,0.000000,0.000000,0.000000,0.000000,0.000000,0.000000,0.000000,0.000000,0.000000,0.000000,0.000000,0.000000,0.000000,0,0,0,0
"-1,20",0,101966,0,0,9,4,99999,99999,99999,99999,99999,99999,0.000000,0.000000,0.000000,0.000000,0.000000,0.000000,0.000000,0.000000,0.000000,0.000000,0.000000,0.000000,0.000000,0.000000,0,0,0,0
"-1,21",0,101966,0,0,9,4,99999,99999,99999,99999,99999,99999,0.000000,0.000000,0.000000,0.000000,0.000000,0.000000,0.000000,0.000000,0.000000,0.000000,0.000000,0.000000,0.000000,0.000000,0,0,0,0
"-1,22",0,101966,0,0,9,4,99999,99999,99999,99999,99999,99999,0.000000,0.000000,0.000000,0.000000,0.000000,0.000000,0.000000,0.000000,0.000000,0.000000,0.000000,0.000000,0.000000,0.000000,0,0,0,0
"-1,23",0,101966,0,0,4,4,99999,99999,99999,99999,99999,99999,0.000000,0.000000,0.000000,0.000000,0.000000,0.000000,0.000000,0.000000,0.000000,0.000000,0.000000,0.000000,0.000000,0.000000,0,0,0,0
"-1,24",0,101966,0,0,4,4,99999,99999,99999,99999,99999,99999,0.000000,0.000000,0.000000,0.000000,0.000000,0.000000,0.000000,0.000000,0.000000,0.000000,0.000000,0.000000,0.000000,0.000000,0,0,0,0
"-1,25",0,101966,0,0,4,4,99999,99999,99999,99999,99999,99999,0.000000,0.000000,0.000000,0.000000,0.000000,0.000000,0.000000,0.000000,0.000000,0.000000,0.000000,0.000000,0.000000,0.000000,0,0,0,0
"-1,26",0,101966,0,0,4,4,99999,99999,99999,99999,99999,99999,0.000000,0.000000,0.000000,0.000000,0.000000,0.000000,0.000000,0.000000,0.000000,0.000000,0.000000,0.000000,0.000000,0.000000,0,0,0,0
"0,-26",43,101959,9,1,1042,2,14,417,616,0,4,8,0.850000,0.105556,0.044444,0.000000,0.000000,0.000000,0.000000,0.779116,0.180723,0.036145,0.004016,0.000000,0.000000,0.000000,26270,172,316,138
"0,-25",43,101952,9,1,1039,2,19,512,680,0,4,5,0.755556,0.177778,0.066667,0.000000,0.000000,0.000000,0.000000,0.768868,0.212264,0.018868,0.000000,0.000000,0.000000,0.000000,25695,168,312,137
"0,-24",48,101944,9,1,1041,2,14,502,532,0,4,8,0.784211,0.163158,0.052632,0.000000,0.000000,0.000000,0.000000,0.804979,0.170124,0.020747,0.004149,0.000000,0.000000,0.000000,27511,180,365,178
"0,-23",52,101936,9,1,1037,2,18,512,561,0,4,5,0.762431,0.165746,0.071823,0.000000,0.000000,0.000000,0.000000,0.746888,0.232365,0.016598,0.004149,0.000000,0.000000,0.000000,25611,168,362,189
"0,-22",43,101929,9,1,1040,2,14,700,934,0,4,5,0.816667,0.088889,0.077778,0.016667,0.000000,0.000000,0.000000,0.750000,0.226190,0.023810,0.000000,0.000000,0.000000,0.000000,24786,163,307,135
"0,-21",47,101922,9,1,1040,2,22,519,895,0,5,7,0.766667,0.155556,0.066667,0.011111,0.000000,0.000000,0.000000,0.731405,0.206612,0.061983,0.000000,0.000000,0.000000,0.000000,25344,166,324,155
"0,-20",40,101915,9,1,1043,2,15,327,530,0,4,7,0.833333,0.138889,0.027778,0.000000,0.000000,0.000000,0.000000,0.765690,0.209205,0.025105,0.000000,0.000000,0.000000,0.000000,26759,175,299,121
"0,-19",49,101907,9,1,1045,2,33,530,588,0,4,6,0.672222,0.216667,0.111111,0.000000,0.000000,0.000000,0.000000,0.690821,0.260870,0.048309,0.000000,0.000000,0.000000,0.000000,24554,160,355,177
"0,-18",45,101900,9,1,1038,2,15,506,602,0,4,6,0.790055,0.143646,0.066298,0.000000,0.000000,0.000000,0.000000,0.768908,0.201681,0.029412,0.000000,0.000000,0.000000,0.000000,25764,169,319,145
"0,-17",52,101891,9,1,1040,2,20,441,530,0,4,7,0.761111,0.205556,0.033333,0.000000,0.000000,0.000000,0.000000,0.751055,0.198312,0.050633,0.000000,0.000000,0.000000,0.000000,26603,174,379,199
"0,-16",42,101885,9,1,1035,2,11,503,555,0,5,6,0.790055,0.154696,0.055249,0.000000,0.000000,0.000000,0.000000,0.787330,0.158371,0.054299,0.000000,0.000000,0.000000,0.000000,26306,171,302,129
"0,-15",40,101878,9,1,1042,2,13,357,537,0,4,8,0.827778,0.150000,0.022222,0.000000,0.000000,0.000000,0.000000,0.796610,0.152542,0.042373,0.008475,0.000000,0.000000,0.000000,26850,176,302,123
"0,-14",49,101871,9,1,1038,2,22,513,635,0,4,6,0.716578,0.208556,0.064171,0.010695,0.000000,0.000000,0.000000,0.770642,0.188073,0.032110,0.009174,0.000000,0.000000,0.000000,26627,173,340,167
"0,-13",48,101864,9,1,1041,2,34,604,995,0,4,9,0.653846,0.170330,0.153846,0.021978,0.000000,0.000000,0.000000,0.777778,0.186869,0.020202,0.015152,0.000000,0.000000,0.000000,22983,150,311,150
"0,-12",43,101857,9,1,1039,2,14,511,650,0,4,9,0.777778,0.161111,0.061111,0.000000,0.000000,0.000000,0.000000,0.816514,0.151376,0.018349,0.013761,0.000000,0.000000,0.000000,25755,169,319,139
"0,-11",40,101850,9,1,1040,2,12,204,394,0,4,6,0.888889,0.111111,0.000000,0.000000,0.000000,0.000000,0.000000,0.742739,0.224066,0.029046,0.004149,0.000000,0.000000,0.000000,27495,180,303,123
"0,-10",45,101843,9,1,1040,2,14,321,524,0,4,7,0.833333,0.138889,0.027778,0.000000,0.000000,0.000000,0.000000,0.776000,0.176000,0.048000,0.000000,0.000000,0.000000,0.000000,26788,175,324,147
"0,-9",42,101837,9,1,1030,2,9,135,208,0,4,7,0.917127,0.082873,0.000000,0.000000,0.000000,0.000000,0.000000,0.812261,0.164751,0.019157,0.003831,0.000000,0.000000,0.000000,27659,181,314,134
"0,-8",44,101830,9,1,1041,2,15,501,669,0,4,8,0.794444,0.150000,0.055556,0.000000,0.000000,0.000000,0.000000,0.763713,0.185654,0.046414,0.004219,0.000000,0.000000,0.000000,25828,170,315,141
"0,-7",41,101820,9,1,1032,2,19,533,694,0,4,8,0.703297,0.175824,0.120879,0.000000,0.000000,0.000000,0.000000,0.781395,0.190698,0.023256,0.004651,0.000000,0.000000,0.000000,24506,160,291,122
"0,-6",41,101800,8,1,1041,2,18,612,844,0,4,5,0.693989,0.163934,0.136612,0.005464,0.000000,0.000000,0.000000,0.777228,0.198020,0.019802,0.004950,0.000000,0.000000,0.000000,23872,157,288,120
"0,-5",48,101752,7,1,1039,2,13,228,441,0,4,7,0.866667,0.127778,0.005556,0.000000,0.000000,0.000000,0.000000,0.808594,0.164062,0.023438,0.003906,0.000000,0.000000,0.000000,27333,179,352,172
"0,-4",45,101706,7,1,1044,2,19,248,398,0,4,6,0.844444,0.155556,0.000000,0.000000,0.000000,0.000000,0.000000,0.759690,0.209302,0.027132,0.000000,0.003876,0.000000,0.000000,27495,180,330,150
"0,-3",0,101706,0,0,976,4,99999,99999,99999,99999,99999,99999,0.000000,0.000000,0.000000,0.000000,0.000000,0.000000,0.000000,0.000000,0.000000,0.000000,0.000000,0.000000,0.000000,0.000000,0,0,0,0
"0,-2",0,101706,0,0,973,4,99999,99999,99999,99999,99999,99999,0.000000,0.000000,0.000000,0.000000,0.000000,0.000000,0.000000,0.000000,0.000000,0.000000,0.000000,0.000000,0.000000,0.000000,0,0,0,0
"0,-1",0,101706,0,0,972,4,99999,99999,99999,99999,99999,99999,0.000000,0.000000,0.000000,0.000000,0.000000,0.000000,0.000000,0.000000,0.000000,0.000000,0.000000,0.000000,0.000000,0.000000,0,0,0,0
"0,0",0,101706,0,0,979,4,99999,99999,99999,99999,99999,99999,0.000000,0.000000,0.000000,0.000000,0.000000,0.000000,0.000000,0.000000,0.000000,0.000000,0.000000,0.000000,0.000000,0.000000,0,0,0,0
"0,1",0,101706,0,0,970,4,99999,99999,99999,99999,99999,99999,0.000000,0.000000,0.000000,0.000000,0.000000,0.000000,0.000000,0.000000,0.000000,0.000000,0.000000,0.000000,0.000000,0.000000,0,0,0,0
"0,2",0,101706,0,0,980,4,99999,99999,99999,99999,99999,99999,0.000000,0.000000,0.000000,0.000000,0.000000,0.000000,0.000000,0.000000,0.000000,0.000000,0.000000,0.000000,0.000000,0.000000,0,0,0,0
"0,3",0,101706,0,0,980,4,99999,99999,99999,99999,99999,99999,0.000000,0.000000,0.000000,0.000000,0.000000,0.000000,0.000000,0.000000,0.000000,0.000000,0.000000,0.000000,0.000000,0.000000,0,0,0,0
"0,4",0,101706,0,0,973,4,99999,99999,99999,99999,99999,99999,0.000000,0.000000,0.000000,0.000000,0.000000,0.000000,0.000000,0.000000,0.000000,0.000000,0.000000,0.000000,0.000000,0.000000,0,0,0,0
"0,5",0,101706,0,0,971,4,99999,99999,99999,99999,99999,99999,0.000000,0.000000,0.000000,0.000000,0.000000,0.000000,0.000000,0.000000,0.000000,0.000000,0.000000,0.000000,0.000000,0.000000,0,0,0,0
"0,6",0,101706,0,0,979,4,99999,99999,99999,99999,99999,99999,0.000000,0.000000,0.000000,0.000000,0.000000,0.000000,0.000000,0.000000,0.000000,0.000000,0.000000,0.000000,0.000000,0.000000,0,0,0,0
"0,7",0,101706,0,0,978,4,99999,99999,99999,99999,99999,99999,0.000000,0.000000,0.000000,0.000000,0.000000,0.000000,0.000000,0.000000,0.000000,0.000000,0.000000,0.000000,0.000000,0.000000,0,0,0,0
"0,8",0,101706,0,0,983,4,99999,99999,99999,99999,99999,99999,0.000000,0.000000,0.000000,0.000000,0.000000,0.000000,0.000000,0.000000,0.000000,0.000000,0.000000,0.000000,0.000000,0.000000,0,0,0,0
"0,9",0,101706,0,0,968,4,99999,99999,99999,99999,99999,99999,0.000000,0.000000,0.000000,0.000000,0.000000,0.000000,0.000000,0.000000,0.000000,0.000000,0.000000,0.000000,0.000000,0.000000,0,0,0,0
"0,10",0,101706,0,0,971,4,99999,99999,99999,99999,99999,99999,0.000000,0.000000,0.000000,0.000000,0.000000,0.000000,0.000000,0.000000,0.000000,0.000000,0.000000,0.000000,0.000000,0.000000,0,0,0,0
"0,11",0,101706,0,0,72,4,99999,99999,99999,99999,99999,99999,0.000000,0.000000,0.000000,0.000000,0.000000,0.000000,0.000000,0.000000,0.000000,0.000000,0.000000,0.000000,0.000000,0.000000,0,0,0,0
"0,12",0,101706,0,0,75,4,99999,99999,99999,99999,99999,99999,0.000000,0.000000,0.000000,0.000000,0.000000,0.000000,0.000000,0.000000,0.000000,0.000000,0.000000,0.000000,0.000000,0.000000,0,0,0,0
"0,13",0,101706,0,0,94,4,99999,99999,99999,99999,99999,99999,0.000000,0.000000,0.000000,0.000000,0.000000,0.000000,0.000000,0.000000,0.000000,0.000000,0.000000,0.000000,0.000000,0.000000,0,0,0,0
"0,14",0,101706,0,0,76,4,99999,99999,99999,99999,99999,99999,0.000000,0.000000,0.000000,0.000000,0.000000,0.000000,0.000000,0.000000,0.000000,0.000000,0.000000,0.000000,0.000000,0.000000,0,0,0,0
"0,15",0,101706,0,0,76,4,99999,99999,99999,99999,99999,99999,0.000000,0.000000,0.000000,0.000000,0.000000,0.000000,0.000000,0.000000,0.000000,0.000000,0.000000,0.000000,0.000000,0.000000,0,0,0,0
"0,16",0,101706,0,0,82,4,99999,99999,99999,99999,99999,99999,0.000000,0.000000,0.000000,0.000000,0.000000,0.000000,0.000000,0.000000,0.000000,0.000000,0.000000,0.000000,0.000000,0.000000,0,0,0,0
"0,17",0,101706,0,0,75,4,99999,99999,99999,99999,99999,99999,0.000000,0.000000,0.000000,0.000000,0.000000,0.000000,0.000000,0.000000,0.000000,0.000000,0.000000,0.000000,0.000000,0.000000,0,0,0,0
"0,18",0,101706,0,0,9,4,99999,99999,99999,99999,99999,99999,0.000000,0.000000,0.000000,0.000000,0.000000,0.000000,0.000000,0.000000,0.000000,0.000000,0.000000,0.000000,0.000000,0.000000,0,0,0,0
"0,19",0,101706,0,0,9,4,99999,99999,99999,99999,99999,99999,0.000000,0.000000,0.000000,0.000000,0.000000,0.000000,0.000000,0.000000,0.000000,0.000000,0.000000,0.000000,0.000000,0.000000,0,0,0,0
"0,20",0,101706,0,0,8,4,99999,99999,99999,99999,99999,99999,0.000000,0.000000,0.000000,0.000000,0.000000,0.000000,0.000000,0.000000,0.000000,0.000000,0.000000,0.000000,0.000000,0.000000,0,0,0,0
"0,21",0,101706,0,0,10,4,99999,99999,99999,99999,99999,99999,0.000000,0.000000,0.000000,0.000000,0.000000,0.000000,0.000000,0.000000,0.000000,0.000000,0.000000,0.000000,0.000000,0.000000,0,0,0,0
"0,22",0,101706,0,0,5,4,99999,99999,99999,99999,99999,99999,0.000000,0.000000,0.000000,0.000000,0.000000,0.000000,0.000000,0.000000,0.000000,0.000000,0.000000,0.000000,0.000000,0.000000,0,0,0,0
"0,23",0,101706,0,0,4,4,99999,99999,99999,99999,99999,99999,0.000000,0.000000,0.000000,0.000000,0.000000,0.000000,0.000000,0.000000,0.000000,0.000000,0.000000,0.000000,0.000000,0.000000,0,0,0,0
"0,24",0,101706,0,0,4,4,99999,99999,99999,99999,99999,99999,0.000000,0.000000,0.000000,0.000000,0.000000,0.000000,0.000000,0.000000,0.000000,0.000000,0.000000,0.000000,0.000000,0.000000,0,0,0,0
"0,25",0,101706,0,0,4,4,99999,99999,99999,99999,99999,99999,0.000000,0.000000,0.000000,0.000000,0.000000,0.000000,0.000000,0.000000,0.000000,0.000000,0.000000,0.000000,0.000000,0.000000,0,0,0,0
"0,26",0,101706,0,0,4,4,99999,99999,99999,99999,99999,99999,0.000000,0.000000,0.000000,0.000000,0.000000,0.000000,0.000000,0.000000,0.000000,0.000000,0.000000,0.000000,0.000000,0.000000,0,0,0,0
"1,-26",45,101683,8,1,1038,2,15,217,306,0,4,8,0.872222,0.127778,0.000000,0.000000,0.000000,0.000000,0.000000,0.759124,0.208029,0.032847,0.000000,0.000000,0.000000,0.000000,27495,180,329,149
"1,-25",42,101676,9,1,1039,2,15,521,544,0,4,8,0.788889,0.150000,0.050000,0.011111,0.000000,0.000000,0.000000,0.779167,0.195833,0.020833,0.004167,0.000000,0.000000,0.000000,25672,169,298,126
"1,-24",38,101670,9,1,1035,2,9,158,332,0,4,5,0.927778,0.072222,0.000000,0.000000,0.000000,0.000000,0.000000,0.850394,0.129921,0.015748,0.003937,0.000000,0.000000,0.000000,27495,180,292,112
"1,-23",40,101664,9,1,1034,2,9,136,225,0,4,8,0.922222,0.077778,0.000000,0.000000,0.000000,0.000000,0.000000,0.772908,0.179283,0.043825,0.003984,0.000000,0.000000,0.000000,27495,180,305,125
"1,-22",56,101656,9,1,1045,2,20,394,513,0,5,8,0.716667,0.261111,0.022222,0.000000,0.000000,0.000000,0.000000,0.700422,0.227848,0.063291,0.008439,0.000000,0.000000,0.000000,26727,176,416,236
"1,-21",38,101650,9,1,1039,2,14,487,532,0,4,5,0.788889,0.161111,0.050000,0.000000,0.000000,0.000000,0.000000,0.800000,0.178723,0.021277,0.000000,0.000000,0.000000,0.000000,26234,171,281,107
"1,-20",39,101644,9,1,1048,2,11,335,577,0,4,7,0.839572,0.139037,0.021390,0.000000,0.000000,0.000000,0.000000,0.786325,0.170940,0.042735,0.000000,0.000000,0.000000,0.000000,27931,183,304,119
"1,-19",36,101638,9,1,1050,2,17,508,561,0,4,8,0.755556,0.166667,0.077778,0.000000,0.000000,0.000000,0.000000,0.785047,0.186916,0.018692,0.004673,0.004673,0.000000,0.000000,25456,166,269,99
"1,-18",41,101632,9,1,1032,2,11,316,503,0,4,8,0.801105,0.182320,0.016575,0.000000,0.000000,0.000000,0.000000,0.748858,0.200913,0.045662,0.004566,0.000000,0.000000,0.000000,27174,178,308,128
"1,-17",39,101626,9,1,1049,2,49,531,682,0,5,8,0.607735,0.287293,0.104972,0.000000,0.000000,0.000000,0.000000,0.644444,0.266667,0.088889,0.000000,0.000000,0.000000,0.000000,24796,162,278,110
"1,-16",42,101620,9,1,1041,2,16,273,582,0,4,8,0.813187,0.164835,0.021978,0.000000,0.000000,0.000000,0.000000,0.808511,0.170213,0.012766,0.004255,0.004255,0.000000,0.000000,27160,178,311,131
"1,-15",39,101614,9,1,1037,2,9,193,298,0,4,7,0.905556,0.094444,0.000000,0.000000,0.000000,0.000000,0.000000,0.824000,0.144000,0.028000,0.004000,0.000000,0.000000,0.000000,27495,180,296,116
"1,-14",44,101608,9,1,1044,2,16,538,609,0,4,8,0.733696,0.146739,0.119565,0.000000,0.000000,0.000000,0.000000,0.788991,0.165138,0.036697,0.009174,0.000000,0.000000,0.000000,24575,162,325,144
"1,-13",50,101601,9,1,1048,2,27,367,626,0,4,8,0.716667,0.255556,0.027778,0.000000,0.000000,0.000000,0.000000,0.733333,0.217778,0.040000,0.004444,0.004444,0.000000,0.000000,26757,175,359,180
"1,-12",42,101595,9,1,1040,2,10,77,173,0,5,7,0.966667,0.033333,0.000000,0.000000,0.000000,0.000000,0.000000,0.770073,0.171533,0.054745,0.000000,0.003650,0.000000,0.000000,27495,180,313,133
"1,-11",40,101589,9,1,1041,2,14,473,548,0,4,7,0.833333,0.116667,0.050000,0.000000,0.000000,0.000000,0.000000,0.820833,0.150000,0.025000,0.004167,0.000000,0.000000,0.000000,26184,171,292,119
"1,-10",46,101583,9,1,1040,2,15,530,1008,0,4,5,0.800000,0.129730,0.048649,0.021622,0.000000,0.000000,0.000000,0.790123,0.185185,0.024691,0.000000,0.000000,0.000000,0.000000,26409,172,330,154
"1,-9",39,101577,9,1,1041,2,15,514,699,0,4,6,0.755556,0.155556,0.088889,0.000000,0.000000,0.000000,0.000000,0.771028,0.186916,0.037383,0.004673,0.000000,0.000000,0.000000,25147,164,285,114
"1,-8",49,101553,8,1,1036,2,12,190,333,0,4,5,0.875000,0.125000,0.000000,0.000000,0.000000,0.000000,0.000000,0.821293,0.159696,0.019011,0.000000,0.000000,0.000000,0.000000,28065,184,359,179
"1,-7",47,101530,8,1,1040,2,12,203,444,0,4,7,0.873016,0.121693,0.005291,0.000000,0.000000,0.000000,0.000000,0.760618,0.208494,0.023166,0.007722,0.000000,0.000000,0.000000,28686,188,345,165
"1,-6",42,101487,7,1,1040,2,12,230,513,0,4,6,0.894444,0.088889,0.016667,0.000000,0.000000,0.000000,0.000000,0.751908,0.221374,0.026718,0.000000,0.000000,0.000000,0.000000,27020,177,312,132
"1,-5",42,101445,7,1,1042,2,19,503,614,0,4,4,0.769634,0.178010,0.052356,0.000000,0.000000,0.000000,0.000000,0.782979,0.208511,0.008511,0.000000,0.000000,0.000000,0.000000,27619,181,324,138
"1,-4",37,101406,7,1,1040,2,9,135,201,0,4,6,0.927778,0.072222,0.000000,0.000000,0.000000,0.000000,0.000000,0.771084,0.180723,0.048193,0.000000,0.000000,0.000000,0.000000,27495,180,287,107
"1,-3",0,101406,0,0,983,4,99999,99999,99999,99999,99999,99999,0.000000,0.000000,0.000000,0.000000,0.000000,0.000000,0.000000,0.000000,0.000000,0.000000,0.000000,0.000000,0.000000,0.000000,0,0,0,0
"1,-2",0,101406,0,0,978,4,99999,99999,99999,99999,99999,99999,0.000000,0.000000,0.000000,0.000000,0.000000,0.000000,0.000000,0.000000,0.000000,0.000000,0.000000,0.000000,0.000000,0.000000,0,0,0,0
"1,-1",0,101406,0,0,982,4,99999,99999,99999,99999,99999,99999,0.000000,0.000000,0.000000,0.000000,0.000000,0.000000,0.000000,0.000000,0.000000,0.000000,0.000000,0.000000,0.000000,0.000000,0,0,0,0
"1,0",0,101406,0,0,975,4,99999,99999,99999,99999,99999,99999,0.000000,0.000000,0.000000,0.000000,0.000000,0.000000,0.000000,0.000000,0.000000,0.000000,0.000000,0.000000,0.000000,0.000000,0,0,0,0
"1,1",0,101406,0,0,974,4,99999,99999,99999,99999,99999,99999,0.000000,0.000000,0.000000,0.000000,0.000000,0.000000,0.000000,0.000000,0.000000,0.000000,0.000000,0.000000,0.000000,0.000000,0,0,0,0
"1,2",0,101406,0,0,985,4,99999,99999,99999,99999,99999,99999,0.000000,0.000000,0.000000,0.000000,0.000000,0.000000,0.000000,0.000000,0.000000,0.000000,0.000000,0.000000,0.000000,0.000000,0,0,0,0
"1,3",0,101406,0,0,962,4,99999,99999,99999,99999,99999,99999,0.000000,0.000000,0.000000,0.000000,0.000000,0.000000,0.000000,0.000000,0.000000,0.000000,0.000000,0.000000,0.000000,0.000000,0,0,0,0
"1,4",0,101406,0,0,964,4,99999,99999,99999,99999,99999,99999,0.000000,0.000000,0.000000,0.000000,0.000000,0.000000,0.000000,0.000000,0.000000,0.000000,0.000000,0.000000,0.000000,0.000000,0,0,0,0
"1,5",0,101406,0,0,979,4,99999,99999,99999,99999,99999,99999,0.000000,0.000000,0.000000,0.000000,0.000000,0.000000,0.000000,0.000000,0.000000,0.000000,0.000000,0.000000,0.000000,0.000000,0,0,0,0
"1,6",0,101406,0,0,968,4,99999,99999,99999,99999,99999,99999,0.000000,0.000000,0.000000,0.000000,0.000000,0.000000,0.000000,0.000000,0.000000,0.000000,0.000000,0.000000,0.000000,0.000000,0,0,0,0
"1,7",0,101406,0,0,969,4,99999,99999,99999,99999,99999,99999,0.000000,0.000000,0.000000,0.000000,0.000000,0.000000,0.000000,0.000000,0.000000,0.000000,0.000000,0.000000,0.000000,0.000000,0,0,0,0
"1,8",0,101406,0,0,969,4,99999,99999,99999,99999,99999,99999,0.000000,0.000000,0.000000,0.000000,0.000000,0.000000,0.000000,0.000000,0.000000,0.000000,0.000000,0.000000,0.000000,0.000000,0,0,0,0
"1,9",0,101406,0,0,969,4,99999,99999,99999,99999,99999,99999,0.000000,0.000000,0.000000,0.000000,0.000000,0.000000,0.000000,0.000000,0.000000,0.000000,0.000000,0.000000,0.000000,0.000000,0,0,0,0
"1,10",0,101406,0,0,970,4,99999,99999,99999,99999,99999,99999,0.000000,0.000000,0.000000,0.000000,0.000000,0.000000,0.000000,0.000000,0.000000,0.000000,0.000000,0.000000,0.000000,0.000000,0,0,0,0
"1,11",0,101406,0,0,83,4,99999,99999,99999,99999,99999,99999,0.000000,0.000000,0.000000,0.000000,0.000000,0.000000,0.000000,0.000000,0.000000,0.000000,0.000000,0.000000,0.000000,0.000000,0,0,0,0
"1,12",0,101406,0,0,86,4,99999,99999,99999,99999,99999,99999,0.000000,0.000000,0.000000,0.000000,0.000000,0.000000,0.000000,0.000000,0.000000,0.000000,0.000000,0.000000,0.000000,0.000000,0,0,0,0
"1,13",0,101406,0,0,76,4,99999,99999,99999,99999,99999,99999,0.000000,0.000000,0.000000,0.000000,0.000000,0.000000,0.000000,0.000000,0.000000,0.000000,0.000000,0.000000,0.000000,0.000000,0,0,0,0
"1,14",0,101406,0,0,72,4,99999,99999,99999,99999,99999,99999,0.000000,0.000000,0.000000,0.000000,0.000000,0.000000,0.000000,0.000000,0.000000,0.000000,0.000000,0.000000,0.000000,0.000000,0,0,0,0
"1,15",0,101406,0,0,81,4,99999,99999,99999,99999,99999,99999,0.000000,0.000000,0.000000,0.000000,0.000000,0.000000,0.000000,0.000000,0.000000,0.000000,0.000000,0.000000,0.000000,0.000000,0,0,0,0
"1,16",0,101406,0,0,73,4,99999,99999,99999,99999,99999,99999,0.000000,0.000000,0.000000,0.000000,0.000000,0.000000,0.000000,0.000000,0.000000,0.000000,0.000000,0.000000,0.000000,0.000000,0,0,0,0
"1,17",0,101406,0,0,62,4,99999,99999,99999,99999,99999,99999,0.000000,0.000000,0.000000,0.000000,0.000000,0.000000,0.000000,0.000000,0.000000,0.000000,0.000000,0.000000,0.000000,0.000000,0,0,0,0
"1,18",0,101406,0,0,8,4,99999,99999,99999,99999,99999,99999,0.000000,0.000000,0.000000,0.000000,0.000000,0.000000,0.000000,0.000000,0.000000,0.000000,0.000000,0.000000,0.000000,0.000000,0,0,0,0
"1,19",0,101406,0,0,7,4,99999,99999,99999,99999,99999,99999,0.000000,0.000000,0.000000,0.000000,0.000000,0.000000,0.000000,0.000000,0.000000,0.000000,0.000000,0.000000,0.000000,0.000000,0,0,0,0
"1,20",0,101406,0,0,10,4,99999,99999,99999,99999,99999,99999,0.000000,0.000000,0.000000,0.000000,0.000000,0.000000,0.000000,0.000000,0.000000,0.000000,0.000000,0.000000,0.000000,0.000000,0,0,0,0
"1,21",0,101406,0,0,8,4,99999,99999,99999,99999,99999,99999,0.000000,0.000000,0.000000,0.000000,0.000000,0.000000,0.000000,0.000000,0.000000,0.000000,0.000000,0.000000,0.000000,0.000000,0,0,0,0
"1,22",0,101406,0,0,4,4,99999,99999,99999,99999,99999,99999,0.000000,0.000000,0.000000,0.000000,0.000000,0.000000,0.000000,0.000000,0.000000,0.000000,0.000000,0.000000,0.000000,0.000000,0,0,0,0
"1,23",0,101406,0,0,4,4,99999,99999,99999,99999,99999,99999,0.000000,0.000000,0.000000,0.000000,0.000000,0.000000,0.000000,0.000000,0.000000,0.000000,0.000000,0.000000,0.000000,0.000000,0,0,0,0
"1,24",0,101406,0,0,4,4,99999,99999,99999,99999,99999,99999,0.000000,0.000000,0.000000,0.000000,0.000000,0.000000,0.000000,0.000000,0.000000,0.000000,0.000000,0.000000,0.000000,0.000000,0,0,0,0
"1,25",0,101406,0,0,4,4,99999,99999,99999,99999,99999,99999,0.000000,0.000000,0.000000,0.000000,0.000000,0.000000,0.000000,0.000000,0.000000,0.000000,0.000000,0.000000,0.000000,0.000000,0,0,0,0
"1,26",0,101406,0,0,4,4,99999,99999,99999,99999,99999,99999,0.000000,0.000000,0.000000,0.000000,0.000000,0.000000,0.000000,0.000000,0.000000,0.000000,0.000000,0.000000,0.000000,0.000000,0,0,0,0
"2,-26",39,101387,8,1,1034,2,9,54,86,0,4,6,0.994444,0.005556,0.000000,0.000000,0.000000,0.000000,0.000000,0.799270,0.175182,0.025547,0.000000,0.000000,0.000000,0.000000,27495,180,297,117
"2,-25",42,101366,8,1,1036,2,10,206,409,0,4,7,0.891304,0.103261,0.005435,0.000000,0.000000,0.000000,0.000000,0.800766,0.172414,0.019157,0.007663,0.000000,0.000000,0.000000,27907,183,313,133
"2,-24",52,101359,9,1,1040,2,23,518,546,0,4,8,0.723757,0.209945,0.066298,0.000000,0.000000,0.000000,0.000000,0.731092,0.218487,0.042017,0.008403,0.000000,0.000000,0.000000,25973,169,358,188
"2,-23",45,101353,9,1,1040,2,17,367,545,0,5,8,0.838889,0.127778,0.033333,0.000000,0.000000,0.000000,0.000000,0.774704,0.166008,0.059289,0.000000,0.000000,0.000000,0.000000,26652,174,328,149
"2,-22",46,101347,9,1,1037,2,14,318,442,0,4,6,0.783333,0.211111,0.005556,0.000000,0.000000,0.000000,0.000000,0.790393,0.183406,0.021834,0.004367,0.000000,0.000000,0.000000,27380,179,335,155
"2,-21",44,101341,9,1,1045,2,13,344,434,0,4,8,0.811111,0.188889,0.000000,0.000000,0.000000,0.000000,0.000000,0.766393,0.196721,0.036885,0.000000,0.000000,0.000000,0.000000,27495,180,325,145
"2,-20",41,101336,9,1,1042,2,12,152,254,0,4,5,0.894444,0.105556,0.000000,0.000000,0.000000,0.000000,0.000000,0.761905,0.198413,0.031746,0.007937,0.000000,0.000000,0.000000,27495,180,309,129
"2,-19",46,101330,9,1,1042,2,15,145,220,0,5,9,0.895028,0.104972,0.000000,0.000000,0.000000,0.000000,0.000000,0.710145,0.231884,0.043478,0.010870,0.003623,0.000000,0.000000,27659,181,335,155
"2,-18",40,101325,9,1,1032,2,10,524,616,0,4,8,0.838150,0.086705,0.075145,0.000000,0.000000,0.000000,0.000000,0.807692,0.162393,0.021368,0.004274,0.004274,0.000000,0.000000,24442,160,279,113
"2,-17",49,101319,9,1,1042,2,35,527,806,0,5,9,0.611111,0.250000,0.127778,0.011111,0.000000,0.000000,0.000000,0.730159,0.211640,0.042328,0.010582,0.005291,0.000000,0.000000,23747,155,322,159
"2,-16",49,101313,9,1,1040,2,79,537,593,0,5,8,0.511111,0.311111,0.177778,0.000000,0.000000,0.000000,0.000000,0.720238,0.226190,0.041667,0.011905,0.000000,0.000000,0.000000,22517,148,323,159
"2,-15",44,101307,9,1,1043,2,16,417,532,0,4,9,0.777778,0.188889,0.033333,0.000000,0.000000,0.000000,0.000000,0.822511,0.151515,0.012987,0.012987,0.000000,0.000000,0.000000,26684,174,319,141
"2,-14",40,101302,9,1,1040,2,27,543,1048,0,4,5,0.688889,0.166667,0.122222,0.022222,0.000000,0.000000,0.000000,0.779412,0.176471,0.044118,0.000000,0.000000,0.000000,0.000000,23545,154,283,116
"2,-13",51,101296,9,1,1041,2,21,474,615,0,4,7,0.733333,0.216667,0.050000,0.000000,0.000000,0.000000,0.000000,0.759825,0.200873,0.039301,0.000000,0.000000,0.000000,0.000000,26127,171,372,193
"2,-12",38,101291,9,1,1044,2,12,423,755,0,4,6,0.888889,0.066667,0.044444,0.000000,0.000000,0.000000,0.000000,0.780083,0.186722,0.033195,0.000000,0.000000,0.000000,0.000000,26478,172,283,108
"2,-11",41,101285,9,1,1038,2,11,90,160,0,4,5,0.955556,0.044444,0.000000,0.000000,0.000000,0.000000,0.000000,0.773723,0.200730,0.021898,0.003650,0.000000,0.000000,0.000000,27495,180,310,130
"2,-10",41,101280,9,1,1048,2,13,239,638,0,4,9,0.888889,0.088889,0.022222,0.000000,0.000000,0.000000,0.000000,0.804688,0.171875,0.000000,0.019531,0.003906,0.000000,0.000000,26881,176,302,124
"2,-9",42,101261,8,1,1037,2,18,553,727,0,4,7,0.761111,0.150000,0.088889,0.000000,0.000000,0.000000,0.000000,0.746725,0.209607,0.039301,0.000000,0.004367,0.000000,0.000000,25027,164,294,125
"2,-8",47,101240,8,1,1037,2,11,134,276,0,4,5,0.922222,0.077778,0.000000,0.000000,0.000000,0.000000,0.000000,0.805755,0.176259,0.014388,0.003597,0.000000,0.000000,0.000000,27495,180,344,164
"2,-7",40,101200,7,1,1037,2,10,148,275,0,4,8,0.922222,0.077778,0.000000,0.000000,0.000000,0.000000,0.000000,0.777778,0.176245,0.042146,0.003831,0.000000,0.000000,0.000000,27495,180,303,123
"2,-6",39,101166,7,1,1040,2,38,619,861,0,4,7,0.577778,0.211111,0.205556,0.005556,0.000000,0.000000,0.000000,0.820359,0.149701,0.023952,0.005988,0.000000,0.000000,0.000000,21795,142,253,100
"2,-5",39,101127,7,1,1045,2,11,286,514,0,4,8,0.883333,0.088889,0.027778,0.000000,0.000000,0.000000,0.000000,0.818182,0.148760,0.024793,0.008264,0.000000,0.000000,0.000000,26789,175,299,119
"2,-4",0,101127,0,0,980,4,99999,99999,99999,99999,99999,99999,0.000000,0.000000,0.000000,0.000000,0.000000,0.000000,0.000000,0.000000,0.000000,0.000000,0.000000,0.000000,0.000000,0.000000,0,0,0,0
"2,-3",0,101127,0,0,973,4,99999,99999,99999,99999,99999,99999,0.000000,0.000000,0.000000,0.000000,0.000000,0.000000,0.000000,0.000000,0.000000,0.000000,0.000000,0.000000,0.000000,0.000000,0,0,0,0
"2,-2",0,101127,0,0,975,4,99999,99999,99999,99999,99999,99999,0.000000,0.000000,0.000000,0.000000,0.000000,0.000000,0.000000,0.000000,0.000000,0.000000,0.000000,0.000000,0.000000,0.000000,0,0,0,0
"2,-1",0,101127,0,0,985,4,99999,99999,99999,99999,99999,99999,0.000000,0.000000,0.000000,0.000000,0.000000,0.000000,0.000000,0.000000,0.000000,0.000000,0.000000,0.000000,0.000000,0.000000,0,0,0,0
"2,0",0,101127,0,0,981,4,99999,99999,99999,99999,99999,99999,0.000000,0.000000,0.000000,0.000000,0.000000,0.000000,0.000000,0.000000,0.000000,0.000000,0.000000,0.000000,0.000000,0.000000,0,0,0,0
"2,1",0,101127,0,0,968,4,99999,99999,99999,99999,99999,99999,0.000000,0.000000,0.000000,0.000000,0.000000,0.000000,0.000000,0.000000,0.000000,0.000000,0.000000,0.000000,0.000000,0.000000,0,0,0,0
"2,2",0,101127,0,0,978,4,99999,99999,99999,99999,99999,99999,0.000000,0.000000,0.000000,0.000000,0.000000,0.000000,0.000000,0.000000,0.000000,0.000000,0.000000,0.000000,0.000000,0.000000,0,0,0,0
"2,3",0,101127,0,0,985,4,99999,99999,99999,99999,99999,99999,0.000000,0.000000,0.000000,0.000000,0.000000,0.000000,0.000000,0.000000,0.000000,0.000000,0.000000,0.000000,0.000000,0.000000,0,0,0,0
"2,4",0,101127,0,0,978,4,99999,99999,99999,99999,99999,99999,0.000000,0.000000,0.000000,0.000000,0.000000,0.000000,0.000000,0.000000,0.000000,0.000000,0.000000,0.000000,0.000000,0.000000,0,0,0,0
"2,5",0,101127,0,0,981,4,99999,99999,99999,99999,99999,99999,0.000000,0.000000,0.000000,0.000000,0.000000,0.000000,0.000000,0.000000,0.000000,0.000000,0.000000,0.000000,0.000000,0.000000,0,0,0,0
"2,6",0,101127,0,0,974,4,99999,99999,99999,99999,99999,99999,0.000000,0.000000,0.000000,0.000000,0.000000,0.000000,0.000000,0.000000,0.000000,0.000000,0.000000,0.000000,0.000000,0.000000,0,0,0,0
"2,7",0,101127,0,0,975,4,99999,99999,99999,99999,99999,99999,0.000000,0.000000,0.000000,0.000000,0.000000,0.000000,0.000000,0.000000,0.000000,0.000000,0.000000,0.000000,0.000000,0.000000,0,0,0,0
"2,8",0,101127,0,0,978,4,99999,99999,99999,99999,99999,99999,0.000000,0.000000,0.000000,0.000000,0.000000,0.000000,0.000000,0.000000,0.000000,0.000000,0.000000,0.000000,0.000000,0.000000,0,0,0,0
"2,9",0,101127,0,0,983,4,99999,99999,99999,99999,99999,99999,0.000000,0.000000,0.000000,0.000000,0.000000,0.000000,0.000000,0.000000,0.000000,0.000000,0.000000,0.000000,0.000000,0.000000,0,0,0,0
"2,10",0,101127,0,0,75,4,99999,99999,99999,99999,99999,99999,0.000000,0.000000,0.000000,0.000000,0.000000,0.000000,0.000000,0.000000,0.000000,0.000000,0.000000,0.000000,0.000000,0.000000,0,0,0,0
"2,11",0,101127,0,0,71,4,99999,99999,99999,99999,99999,99999,0.000000,0.000000,0.000000,0.000000,0.000000,0.000000,0.000000,0.000000,0.000000,0.000000,0.000000,0.000000,0.000000,0.000000,0,0,0,0
"2,12",0,101127,0,0,81,4,99999,99999,99999,99999,99999,99999,0.000000,0.000000,0.000000,0.000000,0.000000,0.000000,0.000000,0.000000,0.000000,0.000000,0.000000,0.000000,0.000000,0.000000,0,0,0,0
"2,13",0,101127,0,0,69,4,99999,99999,99999,99999,99999,99999,0.000000,0.000000,0.000000,0.000000,0.000000,0.000000,0.000000,0.000000,0.000000,0.000000,0.000000,0.000000,0.000000,0.000000,0,0,0,0
"2,14",0,101127,0,0,86,4,99999,99999,99999,99999,99999,99999,0.000000,0.000000,0.000000,0.000000,0.000000,0.000000,0.000000,0.000000,0.000000,0.000000,0.000000,0.000000,0.000000,0.000000,0,0,0,0
"2,15",0,101127,0,0,75,4,99999,99999,99999,99999,99999,99999,0.000000,0.000000,0.000000,0.000000,0.000000,0.000000,0.000000,0.000000,0.000000,0.000000,0.000000,0.000000,0.000000,0.000000,0,0,0,0
"2,16",0,101127,0,0,73,4,99999,99999,99999,99999,99999,99999,0.000000,0.000000,0.000000,0.000000,0.000000,0.000000,0.000000,0.000000,0.000000,0.000000,0.000000,0.000000,0.000000,0.000000,0,0,0,0
"2,17",0,101127,0,0,8,4,99999,99999,99999,99999,99999,99999,0.000000,0.000000,0.000000,0.000000,0.000000,0.000000,0.000000,0.000000,0.000000,0.000000,0.000000,0.000000,0.000000,0.000000,0,0,0,0
"2,18",0,101127,0,0,8,4,99999,99999,99999,99999,99999,99999,0.000000,0.000000,0.000000,0.000000,0.000000,0.000000,0.000000,0.000000,0.000000,0.000000,0.000000,0.000000,0.000000,0.000000,0,0,0,0
"2,19",0,101127,0,0,10,4,99999,99999,99999,99999,99999,99999,0.000000,0.000000,0.000000,0.000000,0.000000,0.000000,0.000000,0.000000,0.000000,0.000000,0.000000,0.000000,0.000000,0.000000,0,0,0,0
"2,20",0,101127,0,0,8,4,99999,99999,99999,99999,99999,99999,0.000000,0.000000,0.000000,0.000000,0.000000,0.000000,0.000000,0.000000,0.000000,0.000000,0.000000,0.000000,0.000000,0.000000,0,0,0,0
"2,21",0,101127,0,0,10,4,99999,99999,99999,99999,99999,99999,0.000000,0.000000,0.000000,0.000000,0.000000,0.000000,0.000000,0.000000,0.000000,0.000000,0.000000,0.000000,0.000000,0.000000,0,0,0,0
"2,22",0,101127,0,0,5,4,99999,99999,99999,99999,99999,99999,0.000000,0.000000,0.000000,0.000000,0.000000,0.000000,0.000000,0.000000,0.000000,0.000000,0.000000,0.000000,0.000000,0.000000,0,0,0,0
"2,23",0,101127,0,0,4,4,99999,99999,99999,99999,99999,99999,0.000000,0.000000,0.000000,0.000000,0.000000,0.000000,0.000000,0.000000,0.000000,0.000000,0.000000,0.000000,0.000000,0.000000,0,0,0,0
"2,24",0,101127,0,0,4,4,99999,99999,99999,99999,99999,99999,0.000000,0.000000,0.000000,0.000000,0.000000,0.000000,0.000000,0.000000,0.000000,0.000000,0.000000,0.000000,0.000000,0.000000,0,0,0,0
"2,25",0,101127,0,0,4,4,99999,99999,99999,99999,99999,99999,0.000000,0.000000,0.000000,0.000000,0.000000,0.000000,0.000000,0.000000,0.000000,0.000000,0.000000,0.000000,0.000000,0.000000,0,0,0,0
"2,26",0,101127,0,0,4,4,99999,99999,99999,99999,99999,99999,0.000000,0.000000,0.000000,0.000000,0.000000,0.000000,0.000000,0.000000,0.000000,0.000000,0.000000,0.000000,0.000000,0.000000,0,0,0,0
"3,-26",43,101091,7,1,1040,2,18,522,596,0,4,8,0.710383,0.213115,0.076503,0.000000,0.000000,0.000000,0.000000,0.768868,0.202830,0.023585,0.004717,0.000000,0.000000,0.000000,25637,169,306,133
"3,-25",48,101070,8,1,1036,2,13,513,554,0,4,6,0.766667,0.155556,0.077778,0.000000,0.000000,0.000000,0.000000,0.805430,0.176471,0.018100,0.000000,0.000000,0.000000,0.000000,25237,166,336,164
"3,-24",41,101051,8,1,1037,2,13,186,255,0,4,6,0.883333,0.116667,0.000000,0.000000,0.000000,0.000000,0.000000,0.747082,0.221790,0.031128,0.000000,0.000000,0.000000,0.000000,27495,180,306,126
"3,-23",46,101034,8,1,1039,2,29,537,977,0,4,9,0.679558,0.154696,0.149171,0.016575,0.000000,0.000000,0.000000,0.729358,0.224771,0.027523,0.018349,0.000000,0.000000,0.000000,22982,151,295,136
"3,-22",47,101028,9,1,1043,2,15,354,492,0,4,6,0.827957,0.166667,0.005376,0.000000,0.000000,0.000000,0.000000,0.748031,0.208661,0.039370,0.003937,0.000000,0.000000,0.000000,28283,185,348,164
"3,-21",41,101023,9,1,1039,2,10,76,126,0,4,5,0.972222,0.027778,0.000000,0.000000,0.000000,0.000000,0.000000,0.790614,0.191336,0.018051,0.000000,0.000000,0.000000,0.000000,27495,180,309,129
"3,-20",41,101018,9,1,1042,2,13,502,683,0,5,6,0.796703,0.148352,0.054945,0.000000,0.000000,0.000000,0.000000,0.732143,0.205357,0.062500,0.000000,0.000000,0.000000,0.000000,26176,172,299,125
"3,-19",41,101013,9,1,1039,2,14,575,898,0,4,5,0.827778,0.100000,0.061111,0.011111,0.000000,0.000000,0.000000,0.773663,0.205761,0.020576,0.000000,0.000000,0.000000,0.000000,25431,167,293,122
"3,-18",43,101008,9,1,1039,2,12,159,306,0,4,7,0.895604,0.104396,0.000000,0.000000,0.000000,0.000000,0.000000,0.776062,0.189189,0.034749,0.000000,0.000000,0.000000,0.000000,27725,182,319,138
"3,-17",42,101003,9,1,1044,2,13,242,453,0,4,8,0.868132,0.120879,0.010989,0.000000,0.000000,0.000000,0.000000,0.760163,0.211382,0.028455,0.000000,0.000000,0.000000,0.000000,27528,180,314,134
"3,-16",47,100998,9,1,1044,2,30,541,717,0,4,8,0.622222,0.155556,0.222222,0.000000,0.000000,0.000000,0.000000,0.736318,0.228856,0.029851,0.004975,0.000000,0.000000,0.000000,21569,140,296,140
"3,-15",35,100994,9,1,1042,2,12,324,511,0,4,8,0.894444,0.088889,0.016667,0.000000,0.000000,0.000000,0.000000,0.822785,0.126582,0.046414,0.004219,0.000000,0.000000,0.000000,27007,177,279,100
"3,-14",46,100989,9,1,1043,2,22,529,581,0,5,8,0.705556,0.172222,0.116667,0.005556,0.000000,0.000000,0.000000,0.746411,0.191388,0.052632,0.009569,0.000000,0.000000,0.000000,24218,158,302,139
"3,-13",37,100984,9,1,1039,2,11,279,493,0,4,6,0.872222,0.116667,0.011111,0.000000,0.000000,0.000000,0.000000,0.796610,0.173729,0.025424,0.004237,0.000000,0.000000,0.000000,27158,178,289,109
"3,-12",42,100979,9,1,1040,2,13,240,418,0,4,8,0.861111,0.138889,0.000000,0.000000,0.000000,0.000000,0.000000,0.778226,0.193548,0.020161,0.008065,0.000000,0.000000,0.000000,27495,180,312,132
"3,-11",45,100961,8,1,1044,2,20,534,992,0,5,8,0.707182,0.171271,0.093923,0.027624,0.000000,0.000000,0.000000,0.708920,0.225352,0.061033,0.004695,0.000000,0.000000,0.000000,24126,159,302,137
"3,-10",42,100945,8,1,1047,2,20,540,908,0,4,5,0.672222,0.138889,0.172222,0.016667,0.000000,0.000000,0.000000,0.803191,0.175532,0.021277,0.000000,0.000000,0.000000,0.000000,22587,146,267,114
"3,-9",41,100927,8,1,1038,2,10,143,234,0,4,6,0.903955,0.096045,0.000000,0.000000,0.000000,0.000000,0.000000,0.793651,0.166667,0.039683,0.000000,0.000000,0.000000,0.000000,27029,177,303,126
"3,-8",49,100885,7,1,1043,2,27,514,607,0,4,6,0.685083,0.226519,0.088398,0.000000,0.000000,0.000000,0.000000,0.723618,0.246231,0.030151,0.000000,0.000000,0.000000,0.000000,25157,165,342,168
"3,-7",45,100844,7,1,1041,2,16,281,386,0,4,8,0.844444,0.155556,0.000000,0.000000,0.000000,0.000000,0.000000,0.766129,0.201613,0.024194,0.008065,0.000000,0.000000,0.000000,27495,180,332,152
"3,-6",42,100805,7,1,1038,2,9,106,211,0,4,8,0.938889,0.061111,0.000000,0.000000,0.000000,0.000000,0.000000,0.768657,0.194030,0.026119,0.007463,0.003731,0.000000,0.000000,27495,180,311,131
"3,-5",0,100805,0,0,973,4,99999,99999,99999,99999,99999,99999,0.000000,0.000000,0.000000,0.000000,0.000000,0.000000,0.000000,0.000000,0.000000,0.000000,0.000000,0.000000,0.000000,0.000000,0,0,0,0
"3,-4",0,100805,0,0,971,4,99999,99999,99999,99999,99999,99999,0.000000,0.000000,0.000000,0.000000,0.000000,0.000000,0.000000,0.000000,0.000000,0.000000,0.000000,0.000000,0.000000,0.000000,0,0,0,0
"3,-3",0,100805,0,0,975,4,99999,99999,99999,99999,99999,99999,0.000000,0.000000,0.000000,0.000000,0.000000,0.000000,0.000000,0.000000,0.000000,0.000000,0.000000,0.000000,0.000000,0.000000,0,0,0,0
"3,-2",0,100805,0,0,976,4,99999,99999,99999,99999,99999,99999,0.000000,0.000000,0.000000,0.000000,0.000000,0.000000,0.000000,0.000000,0.000000,0.000000,0.000000,0.000000,0.000000,0.000000,0,0,0,0
"3,-1",0,100805,0,0,965,4,99999,99999,99999,99999,99999,99999,0.000000,0.000000,0.000000,0.000000,0.000000,0.000000,0.000000,0.000000,0.000000,0.000000,0.000000,0.000000,0.000000,0.000000,0,0,0,0
"3,0",0,100805,0,0,970,4,99999,99999,99999,99999,99999,99999,0.000000,0.000000,0.000000,0.000000,0.000000,0.000000,0.000000,0.000000,0.000000,0.000000,0.000000,0.000000,0.000000,0.000000,0,0,0,0
"3,1",0,100805,0,0,976,4,99999,99999,99999,99999,99999,99999,0.000000,0.000000,0.000000,0.000000,0.000000,0.000000,0.000000,0.000000,0.000000,0.000000,0.000000,0.000000,0.000000,0.000000,0,0,0,0
"3,2",0,100805,0,0,976,4,99999,99999,99999,99999,99999,99999,0.000000,0.000000,0.000000,0.000000,0.000000,0.000000,0.000000,0.000000,0.000000,0.000000,0.000000,0.000000,0.000000,0.000000,0,0,0,0
"3,3",0,100805,0,0,978,4,99999,99999,99999,99999,99999,99999,0.000000,0.000000,0.000000,0.000000,0.000000,0.000000,0.000000,0.000000,0.000000,0.000000,0.000000,0.000000,0.000000,0.000000,0,0,0,0
"3,4",0,100805,0,0,972,4,99999,99999,99999,99999,99999,99999,0.000000,0.000000,0.000000,0.000000,0.000000,0.000000,0.000000,0.000000,0.000000,0.000000,0.000000,0.000000,0.000000,0.000000,0,0,0,0
"3,5",0,100805,0,0,974,4,99999,99999,99999,99999,99999,99999,0.000000,0.000000,0.000000,0.000000,0.000000,0.000000,0.000000,0.000000,0.000000,0.000000,0.000000,0.000000,0.000000,0.000000,0,0,0,0
"3,6",0,100805,0,0,975,4,99999,99999,99999,99999,99999,99999,0.000000,0.000000,0.000000,0.000000,0.000000,0.000000,0.000000,0.000000,0.000000,0.000000,0.000000,0.000000,0.000000,0.000000,0,0,0,0
"3,7",0,100805,0,0,977,4,99999,99999,99999,99999,99999,99999,0.000000,0.000000,0.000000,0.000000,0.000000,0.000000,0.000000,0.000000,0.000000,0.000000,0.000000,0.000000,0.000000,0.000000,0,0,0,0
"3,8",0,100805,0,0,973,4,99999,99999,99999,99999,99999,99999,0.000000,0.000000,0.000000,0.000000,0.000000,0.000000,0.000000,0.000000,0.000000,0.000000,0.000000,0.000000,0.000000,0.000000,0,0,0,0
"3,9",0,100805,0,0,969,4,99999,99999,99999,99999,99999,99999,0.000000,0.000000,0.000000,0.000000,0.000000,0.000000,0.000000,0.000000,0.000000,0.000000,0.000000,0.000000,0.000000,0.000000,0,0,0,0
"3,10",0,100805,0,0,83,4,99999,99999,99999,99999,99999,99999,0.000000,0.000000,0.000000,0.000000,0.000000,0.000000,0.000000,0.000000,0.000000,0.000000,0.000000,0.000000,0.000000,0.000000,0,0,0,0
"3,11",0,100805,0,0,72,4,99999,99999,99999,99999,99999,99999,0.000000,0.000000,0.000000,0.000000,0.000000,0.000000,0.000000,0.000000,0.000000,0.000000,0.000000,0.000000,0.000000,0.000000,0,0,0,0
"3,12",0,100805,0,0,80,4,99999,99999,99999,99999,99999,99999,0.000000,0.000000,0.000000,0.000000,0.000000,0.000000,0.000000,0.000000,0.000000,0.000000,0.000000,0.000000,0.000000,0.000000,0,0,0,0
"3,13",0,100805,0,0,75,4,99999,99999,99999,99999,99999,99999,0.000000,0.000000,0.000000,0.000000,0.000000,0.000000,0.000000,0.000000,0.000000,0.000000,0.000000,0.000000,0.000000,0.000000,0,0,0,0
"3,14",0,100805,0,0,75,4,99999,99999,99999,99999,99999,99999,0.000000,0.000000,0.000000,0.000000,0.000000,0.000000,0.000000,0.000000,0.000000,0.000000,0.000000,0.000000,0.000000,0.000000,0,0,0,0
"3,15",0,100805,0,0,95,4,99999,99999,99999,99999,99999,99999,0.000000,0.000000,0.000000,0.000000,0.000000,0.000000,0.000000,0.000000,0.000000,0.000000,0.000000,0.000000,0.000000,0.000000,0,0,0,0
"3,16",0,100805,0,0,77,4,99999,99999,99999,99999,99999,99999,0.000000,0.000000,0.000000,0.000000,0.000000,0.000000,0.000000,0.000000,0.000000,0.000000,0.000000,0.000000,0.000000,0.000000,0,0,0,0
"3,17",0,100805,0,0,10,4,99999,99999,99999,99999,99999,99999,0.000000,0.000000,0.000000,0.000000,0.000000,0.000000,0.000000,0.000000,0.000000,0.000000,0.000000,0.000000,0.000000,0.000000,0,0,0,0
"3,18",0,100805,0,0,7,4,99999,99999,99999,99999,99999,99999,0.000000,0.000000,0.000000,0.000000,0.000000,0.000000,0.000000,0.000000,0.000000,0.000000,0.000000,0.000000,0.000000,0.000000,0,0,0,0
"3,19",0,100805,0,0,9,4,99999,99999,99999,99999,99999,99999,0.000000,0.000000,0.000000,0.000000,0.000000,0.000000,0.000000,0.000000,0.000000,0.000000,0.000000,0.000000,0.000000,0.000000,0,0,0,0
"3,20",0,100805,0,0,9,4,99999,99999,99999,99999,99999,99999,0.000000,0.000000,0.000000,0.000000,0.000000,0.000000,0.000000,0.000000,0.000000,0.000000,0.000000,0.000000,0.000000,0.000000,0,0,0,0
"3,21",0,100805,0,0,7,4,99999,99999,99999,99999,99999,99999,0.000000,0.000000,0.000000,0.000000,0.000000,0.000000,0.000000,0.000000,0.000000,0.000000,0.000000,0.000000,0.000000,0.000000,0,0,0,0
"3,22",0,100805,0,0,4,4,99999,99999,99999,99999,99999,99999,0.000000,0.000000,0.000000,0.000000,0.000000,0.000000,0.000000,0.000000,0.000000,0.000000,0.000000,0.000000,0.000000,0.000000,0,0,0,0
"3,23",0,100805,0,0,4,4,99999,99999,99999,99999,99999,99999,0.000000,0.000000,0.000000,0.000000,0.000000,0.000000,0.000000,0.000000,0.000000,0.000000,0.000000,0.000000,0.000000,0.000000,0,0,0,0
"3,24",0,100805,0,0,5,4,99999,99999,99999,99999,99999,99999,0.000000,0.000000,0.000000,0.000000,0.000000,0.000000,0.000000,0.000000,0.000000,0.000000,0.000000,0.000000,0.000000,0.000000,0,0,0,0
"3,25",0,100805,0,0,4,4,99999,99999,99999,99999,99999,99999,0.000000,0.000000,0.000000,0.000000,0.000000,0.000000,0.000000,0.000000,0.000000,0.000000,0.000000,0.000000,0.000000,0.000000,0,0,0,0
"3,26",0,100805,0,0,4,4,99999,99999,99999,99999,99999,99999,0.000000,0.000000,0.000000,0.000000,0.000000,0.000000,0.000000,0.000000,0.000000,0.000000,0.000000,0.000000,0.000000,0.000000,0,0,0,0
"4,-26",45,100767,7,1,1044,2,20,533,690,0,4,10,0.705556,0.172222,0.122222,0.000000,0.000000,0.000000,0.000000,0.721154,0.254808,0.009615,0.004808,0.009615,0.000000,0.000000,23849,158,308,140
"4,-25",43,100728,7,1,1038,2,11,150,221,0,4,5,0.900552,0.099448,0.000000,0.000000,0.000000,0.000000,0.000000,0.820312,0.160156,0.019531,0.000000,0.000000,0.000000,0.000000,27659,181,317,137
"4,-24",46,100688,7,1,1042,2,17,487,550,0,4,7,0.794444,0.155556,0.050000,0.000000,0.000000,0.000000,0.000000,0.760331,0.194215,0.041322,0.004132,0.000000,0.000000,0.000000,26150,171,325,152
"4,-23",42,100670,8,1,1033,2,9,158,258,0,4,8,0.917582,0.082418,0.000000,0.000000,0.000000,0.000000,0.000000,0.810811,0.166023,0.019305,0.003861,0.000000,0.000000,0.000000,27777,182,313,133
"4,-22",39,100653,8,1,1042,2,14,306,528,0,4,5,0.879121,0.087912,0.032967,0.000000,0.000000,0.000000,0.000000,0.816733,0.167331,0.015936,0.000000,0.000000,0.000000,0.000000,26872,176,289,113
"4,-21",39,100636,8,1,1041,2,15,520,686,0,4,8,0.766667,0.144444,0.088889,0.000000,0.000000,0.000000,0.000000,0.780822,0.178082,0.036530,0.004566,0.000000,0.000000,0.000000,25005,164,288,114
"4,-20",47,100616,8,1,1036,2,17,340,584,0,4,5,0.766667,0.194444,0.038889,0.000000,0.000000,0.000000,0.000000,0.798283,0.188841,0.012876,0.000000,0.000000,0.000000,0.000000,26418,173,342,162
"4,-19",47,100607,9,1,1036,2,12,502,553,0,4,5,0.811111,0.122222,0.066667,0.000000,0.000000,0.000000,0.000000,0.795652,0.186957,0.017391,0.000000,0.000000,0.000000,0.000000,25610,168,339,162
"4,-18",45,100602,9,1,1044,2,16,262,393,0,4,10,0.812155,0.187845,0.000000,0.000000,0.000000,0.000000,0.000000,0.777778,0.176955,0.028807,0.016461,0.000000,0.000000,0.000000,27561,181,333,152
"4,-17",33,100599,9,1,1038,2,25,549,679,0,4,8,0.655556,0.222222,0.122222,0.000000,0.000000,0.000000,0.000000,0.798883,0.162011,0.039106,0.000000,0.000000,0.000000,0.000000,24291,158,261,87
"4,-16",49,100594,9,1,1035,2,25,517,596,0,4,5,0.683333,0.222222,0.094444,0.000000,0.000000,0.000000,0.000000,0.738739,0.247748,0.013514,0.000000,0.000000,0.000000,0.000000,25192,163,346,170
"4,-15",43,100588,9,1,1039,2,12,159,258,0,4,8,0.900000,0.100000,0.000000,0.000000,0.000000,0.000000,0.000000,0.776062,0.177606,0.038610,0.003861,0.003861,0.000000,0.000000,27495,180,320,140
"4,-14",43,100570,8,1,1047,2,14,317,551,0,4,7,0.822222,0.144444,0.033333,0.000000,0.000000,0.000000,0.000000,0.782979,0.200000,0.012766,0.000000,0.004255,0.000000,0.000000,26601,174,319,139
"4,-13",42,100552,8,1,1043,2,15,347,452,0,4,8,0.814208,0.180328,0.005464,0.000000,0.000000,0.000000,0.000000,0.788136,0.177966,0.029661,0.004237,0.000000,0.000000,0.000000,27802,182,316,135
"4,-12",47,100535,8,1,1048,2,82,555,762,0,4,7,0.537234,0.202128,0.260638,0.000000,0.000000,0.000000,0.000000,0.722892,0.234940,0.036145,0.006024,0.000000,0.000000,0.000000,21113,139,292,138
"4,-11",41,100518,8,1,1040,2,12,279,398,0,4,7,0.861111,0.138889,0.000000,0.000000,0.000000,0.000000,0.000000,0.827869,0.135246,0.028689,0.008197,0.000000,0.000000,0.000000,27495,180,307,127
"4,-10",45,100479,7,1,1041,2,11,342,462,0,4,8,0.813187,0.181319,0.005495,0.000000,0.000000,0.000000,0.000000,0.820276,0.142857,0.036866,0.000000,0.000000,0.000000,0.000000,27614,181,329,149
"4,-9",45,100439,7,1,1048,2,13,162,216,0,4,8,0.895028,0.104972,0.000000,0.000000,0.000000,0.000000,0.000000,0.716418,0.242537,0.037313,0.003731,0.000000,0.000000,0.000000,27659,181,332,152
"4,-8",51,100398,7,1,1043,2,19,531,587,0,4,7,0.761111,0.144444,0.088889,0.005556,0.000000,0.000000,0.000000,0.768240,0.193133,0.034335,0.000000,0.004292,0.000000,0.000000,24775,163,354,181
"4,-7",0,100398,0,0,977,4,99999,99999,99999,99999,99999,99999,0.000000,0.000000,0.000000,0.000000,0.000000,0.000000,0.000000,0.000000,0.000000,0.000000,0.000000,0.000000,0.000000,0.000000,0,0,0,0
"4,-6",0,100398,0,0,979,4,99999,99999,99999,99999,99999,99999,0.000000,0.000000,0.000000,0.000000,0.000000,0.000000,0.000000,0.000000,0.000000,0.000000,0.000000,0.000000,0.000000,0.000000,0,0,0,0
"4,-5",0,100398,0,0,977,4,99999,99999,99999,99999,99999,99999,0.000000,0.000000,0.000000,0.000000,0.000000,0.000000,0.000000,0.000000,0.000000,0.000000,0.000000,0.000000,0.000000,0.000000,0,0,0,0
"4,-4",0,100398,0,0,982,4,99999,99999,99999,99999,99999,99999,0.000000,0.000000,0.000000,0.000000,0.000000,0.000000,0.000000,0.000000,0.000000,0.000000,0.000000,0.000000,0.000000,0.000000,0,0,0,0
"4,-3",0,100398,0,0,982,4,99999,99999,99999,99999,99999,99999,0.000000,0.000000,0.000000,0.000000,0.000000,0.000000,0.000000,0.000000,0.000000,0.000000,0.000000,0.000000,0.000000,0.000000,0,0,0,0
"4,-2",0,100398,0,0,982,4,99999,99999,99999,99999,99999,99999,0.000000,0.000000,0.000000,0.000000,0.000000,0.000000,0.000000,0.000000,0.000000,0.000000,0.000000,0.000000,0.000000,0.000000,0,0,0,0
"4,-1",0,100398,0,0,973,4,99999,99999,99999,99999,99999,99999,0.000000,0.000000,0.000000,0.000000,0.000000,0.000000,0.000000,0.000000,0.000000,0.000000,0.000000,0.000000,0.000000,0.000000,0,0,0,0
"4,0",0,100398,0,0,970,4,99999,99999,99999,99999,99999,99999,0.000000,0.000000,0.000000,0.000000,0.000000,0.000000,0.000000,0.000000,0.000000,0.000000,0.000000,0.000000,0.000000,0.000000,0,0,0,0
"4,1",0,100398,0,0,972,4,99999,99999,99999,99999,99999,99999,0.000000,0.000000,0.000000,0.000000,0.000000,0.000000,0.000000,0.000000,0.000000,0.000000,0.000000,0.000000,0.000000,0.000000,0,0,0,0
"4,2",0,100398,0,0,972,4,99999,99999,99999,99999,99999,99999,0.000000,0.000000,0.000000,0.000000,0.000000,0.000000,0.000000,0.000000,0.000000,0.000000,0.000000,0.000000,0.000000,0.000000,0,0,0,0
"4,3",0,100398,0,0,973,4,99999,99999,99999,99999,99999,99999,0.000000,0.000000,0.000000,0.000000,0.000000,0.000000,0.000000,0.000000,0.000000,0.000000,0.000000,0.000000,0.000000,0.000000,0,0,0,0
"4,4",0,100398,0,0,981,4,99999,99999,99999,99999,99999,99999,0.000000,0.000000,0.000000,0.000000,0.000000,0.000000,0.000000,0.000000,0.000000,0.000000,0.000000,0.000000,0.000000,0.000000,0,0,0,0
"4,5",0,100398,0,0,978,4,99999,99999,99999,99999,99999,99999,0.000000,0.000000,0.000000,0.000000,0.000000,0.000000,0.000000,0.000000,0.000000,0.000000,0.000000,0.000000,0.000000,0.000000,0,0,0,0
"4,6",0,100398,0,0,968,4,99999,99999,99999,99999,99999,99999,0.000000,0.000000,0.000000,0.000000,0.000000,0.000000,0.000000,0.000000,0.000000,0.000000,0.000000,0.000000,0.000000,0.000000,0,0,0,0
"4,7",0,100398,0,0,979,4,99999,99999,99999,99999,99999,99999,0.000000,0.000000,0.000000,0.000000,0.000000,0.000000,0.000000,0.000000,0.000000,0.000000,0.000000,0.000000,0.000000,0.000000,0,0,0,0
"4,8",0,100398,0,0,975,4,99999,99999,99999,99999,99999,99999,0.000000,0.000000,0.000000,0.000000,0.000000,0.000000,0.000000,0.000000,0.000000,0.000000,0.000000,0.000000,0.000000,0.000000,0,0,0,0
"4,9",0,100398,0,0,224,4,99999,99999,99999,99999,99999,99999,0.000000,0.000000,0.000000,0.000000,0.000000,0.000000,0.000000,0.000000,0.000000,0.000000,0.000000,0.000000,0.000000,0.000000,0,0,0,0
"4,10",0,100398,0,0,80,4,99999,99999,99999,99999,99999,99999,0.000000,0.000000,0.000000,0.000000,0.000000,0.000000,0.000000,0.000000,0.000000,0.000000,0.000000,0.000000,0.000000,0.000000,0,0,0,0
"4,11",0,100398,0,0,80,4,99999,99999,99999,99999,99999,99999,0.000000,0.000000,0.000000,0.000000,0.000000,0.000000,0.000000,0.000000,0.000000,0.000000,0.000000,0.000000,0.000000,0.000000,0,0,0,0
"4,12",0,100398,0,0,71,4,99999,99999,99999,99999,99999,99999,0.000000,0.000000,0.000000,0.000000,0.000000,0.000000,0.000000,0.000000,0.000000,0.000000,0.000000,0.000000,0.000000,0.000000,0,0,0,0
"4,13",0,100398,0,0,74,4,99999,99999,99999,99999,99999,99999,0.000000,0.000000,0.000000,0.000000,0.000000,0.000000,0.000000,0.000000,0.000000,0.000000,0.000000,0.000000,0.000000,0.000000,0,0,0,0
"4,14",0,100398,0,0,76,4,99999,99999,99999,99999,99999,99999,0.000000,0.000000,0.000000,0.000000,0.000000,0.000000,0.000000,0.000000,0.000000,0.000000,0.000000,0.000000,0.000000,0.000000,0,0,0,0
"4,15",0,100398,0,0,74,4,99999,99999,99999,99999,99999,99999,0.000000,0.000000,0.000000,0.000000,0.000000,0.000000,0.000000,0.000000,0.000000,0.000000,0.000000,0.000000,0.000000,0.000000,0,0,0,0
"4,16",0,100398,0,0,31,4,99999,99999,99999,99999,99999,99999,0.000000,0.000000,0.000000,0.000000,0.000000,0.000000,0.000000,0.000000,0.000000,0.000000,0.000000,0.000000,0.000000,0.000000,0,0,0,0
"4,17",0,100398,0,0,10,4,99999,99999,99999,99999,99999,99999,0.000000,0.000000,0.000000,0.000000,0.000000,0.000000,0.000000,0.000000,0.000000,0.000000,0.000000,0.000000,0.000000,0.000000,0,0,0,0
"4,18",0,100398,0,0,9,4,99999,99999,99999,99999,99999,99999,0.000000,0.000000,0.000000,0.000000,0.000000,0.000000,0.000000,0.000000,0.000000,0.000000,0.000000,0.000000,0.000000,0.000000,0,0,0,0
"4,19",0,100398,0,0,10,4,99999,99999,99999,99999,99999,99999,0.000000,0.000000,0.000000,0.000000,0.000000,0.000000,0.000000,0.000000,0.000000,0.000000,0.000000,0.000000,0.000000,0.000000,0,0,0,0
"4,20",0,100398,0,0,9,4,99999,99999,99999,99999,99999,99999,0.000000,0.000000,0.000000,0.000000,0.000000,0.000000,0.000000,0.000000,0.000000,0.000000,0.000000,0.000000,0.000000,0.000000,0,0,0,0
"4,21",0,100398,0,0,4,4,99999,99999,99999,99999,99999,99999,0.000000,0.000000,0.000000,0.000000,0.000000,0.000000,0.000000,0.000000,0.000000,0.000000,0.000000,0.000000,0.000000,0.000000,0,0,0,0
"4,22",0,100398,0,0,4,4,99999,99999,99999,99999,99999,99999,0.000000,0.000000,0.000000,0.000000,0.000000,0.000000,0.000000,0.000000,0.000000,0.000000,0.000000,0.000000,0.000000,0.000000,0,0,0,0
"4,23",0,100398,0,0,4,4,99999,99999,99999,99999,99999,99999,0.000000,0.000000,0.000000,0.000000,0.000000,0.000000,0.000000,0.000000,0.000000,0.000000,0.000000,0.000000,0.000000,0.000000,0,0,0,0
"4,24",0,100398,0,0,5,4,99999,99999,99999,99999,99999,99999,0.000000,0.000000,0.000000,0.000000,0.000000,0.000000,0.000000,0.000000,0.000000,0.000000,0.000000,0.000000,0.000000,0.000000,0,0,0,0
"4,25",0,100398,0,0,4,4,99999,99999,99999,99999,99999,99999,0.000000,0.000000,0.000000,0.000000,0.000000,0.000000,0.000000,0.000000,0.000000,0.000000,0.000000,0.000000,0.000000,0.000000,0,0,0,0
"4,26",0,100398,0,0,4,4,99999,99999,99999,99999,99999,99999,0.000000,0.000000,0.000000,0.000000,0.000000,0.000000,0.000000,0.000000,0.000000,0.000000,0.000000,0.000000,0.000000,0.000000,0,0,0,0
"5,-26",0,100398,0,0,976,4,99999,99999,99999,99999,99999,99999,0.000000,0.000000,0.000000,0.000000,0.000000,0.000000,0.000000,0.000000,0.000000,0.000000,0.000000,0.000000,0.000000,0.000000,0,0,0,0
"5,-25",36,100364,7,1,1044,2,12,524,734,0,4,6,0.855556,0.066667,0.077778,0.000000,0.000000,0.000000,0.000000,0.796537,0.164502,0.038961,0.000000,0.000000,0.000000,0.000000,25351,166,268,97
"5,-24",45,100327,7,1,1040,2,21,423,528,0,4,8,0.754098,0.213115,0.032787,0.000000,0.000000,0.000000,0.000000,0.783550,0.186147,0.021645,0.008658,0.000000,0.000000,0.000000,27028,177,326,149
"5,-23",49,100286,7,1,1040,2,21,501,537,0,4,5,0.711111,0.233333,0.055556,0.000000,0.000000,0.000000,0.000000,0.786667,0.191111,0.022222,0.000000,0.000000,0.000000,0.000000,26047,170,349,174
"5,-22",40,100252,7,1,1045,2,25,562,861,0,4,5,0.711111,0.166667,0.116667,0.005556,0.000000,0.000000,0.000000,0.768116,0.207729,0.024155,0.000000,0.000000,0.000000,0.000000,24197,158,284,116
"5,-21",38,100221,7,1,1036,2,15,531,808,0,4,4,0.733333,0.138889,0.122222,0.005556,0.000000,0.000000,0.000000,0.866337,0.123762,0.009901,0.000000,0.000000,0.000000,0.000000,23928,157,262,101
"5,-20",37,100205,8,1,1032,2,9,237,498,0,4,8,0.911111,0.077778,0.011111,0.000000,0.000000,0.000000,0.000000,0.837945,0.142292,0.015810,0.003953,0.000000,0.000000,0.000000,27210,178,288,108
"5,-19",46,100187,8,1,1035,2,13,419,595,0,4,6,0.850000,0.111111,0.038889,0.000000,0.000000,0.000000,0.000000,0.766038,0.211321,0.022642,0.000000,0.000000,0.000000,0.000000,26298,173,329,152
"5,-18",43,100172,8,1,1038,2,59,542,615,0,4,5,0.552083,0.244792,0.203125,0.000000,0.000000,0.000000,0.000000,0.754386,0.222222,0.023392,0.000000,0.000000,0.000000,0.000000,23289,153,290,125
"5,-17",43,100156,8,1,1037,2,17,465,549,0,4,6,0.765363,0.184358,0.050279,0.000000,0.000000,0.000000,0.000000,0.791855,0.167421,0.040724,0.000000,0.000000,0.000000,0.000000,26150,171,310,134
"5,-16",41,100139,8,1,1040,2,12,511,606,0,4,6,0.872222,0.066667,0.061111,0.000000,0.000000,0.000000,0.000000,0.818533,0.162162,0.019305,0.000000,0.000000,0.000000,0.000000,25787,169,304,126
"5,-15",39,100124,8,1,1036,2,14,500,547,0,4,7,0.816667,0.127778,0.055556,0.000000,0.000000,0.000000,0.000000,0.780172,0.181034,0.034483,0.004310,0.000000,0.000000,0.000000,26031,170,289,115
"5,-14",37,100109,8,1,1032,2,10,212,361,0,4,5,0.900552,0.099448,0.000000,0.000000,0.000000,0.000000,0.000000,0.840000,0.148000,0.008000,0.004000,0.000000,0.000000,0.000000,27659,181,287,107
"5,-13",47,100071,7,1,1032,2,20,592,868,0,4,6,0.727778,0.194444,0.066667,0.011111,0.000000,0.000000,0.000000,0.764192,0.192140,0.043668,0.000000,0.000000,0.000000,0.000000,25339,166,325,154
"5,-12",40,100035,7,1,1038,2,12,173,276,0,4,5,0.900000,0.100000,0.000000,0.000000,0.000000,0.000000,0.000000,0.789062,0.187500,0.023438,0.000000,0.000000,0.000000,0.000000,27495,180,302,122
"5,-11",43,100001,7,1,1043,2,14,540,696,0,4,5,0.805556,0.100000,0.094444,0.000000,0.000000,0.000000,0.000000,0.808036,0.178571,0.013393,0.000000,0.000000,0.000000,0.000000,24705,163,293,126
"5,-10",50,99962,7,1,1046,2,16,512,830,0,4,5,0.827778,0.116667,0.050000,0.005556,0.000000,0.000000,0.000000,0.754941,0.229249,0.015810,0.000000,0.000000,0.000000,0.000000,25990,170,351,177
"5,-9",41,99927,7,1,1042,2,17,501,832,0,4,9,0.733333,0.211111,0.050000,0.005556,0.000000,0.000000,0.000000,0.809756,0.146341,0.024390,0.014634,0.004878,0.000000,0.000000,25829,170,296,122
"5,-8",0,99927,0,0,974,4,99999,99999,99999,99999,99999,99999,0.000000,0.000000,0.000000,0.000000,0.000000,0.000000,0.000000,0.000000,0.000000,0.000000,0.000000,0.000000,0.000000,0.000000,0,0,0,0
"5,-7",0,99927,0,0,978,4,99999,99999,99999,99999,99999,99999,0.000000,0.000000,0.000000,0.000000,0.000000,0.000000,0.000000,0.000000,0.000000,0.000000,0.000000,0.000000,0.000000,0.000000,0,0,0,0
"5,-6",0,99927,0,0,973,4,99999,99999,99999,99999,99999,99999,0.000000,0.000000,0.000000,0.000000,0.000000,0.000000,0.000000,0.000000,0.000000,0.000000,0.000000,0.000000,0.000000,0.000000,0,0,0,0
"5,-5",0,99927,0,0,977,4,99999,99999,99999,99999,99999,99999,0.000000,0.000000,0.000000,0.000000,0.000000,0.000000,0.000000,0.000000,0.000000,0.000000,0.000000,0.000000,0.000000,0.000000,0,0,0,0
"5,-4",0,99927,0,0,970,4,99999,99999,99999,99999,99999,99999,0.000000,0.000000,0.000000,0.000000,0.000000,0.000000,0.000000,0.000000,0.000000,0.000000,0.000000,0.000000,0.000000,0.000000,0,0,0,0
"5,-3",0,99927,0,0,968,4,99999,99999,99999,99999,99999,99999,0.000000,0.000000,0.000000,0.000000,0.000000,0.000000,0.000000,0.000000,0.000000,0.000000,0.000000,0.000000,0.000000,0.000000,0,0,0,0
"5,-2",0,99927,0,0,972,4,99999,99999,99999,99999,99999,99999,0.000000,0.000000,0.000000,0.000000,0.000000,0.000000,0.000000,0.000000,0.000000,0.000000,0.000000,0.000000,0.000000,0.000000,0,0,0,0
"5,-1",0,99927,0,0,971,4,99999,99999,99999,99999,99999,99999,0.000000,0.000000,0.000000,0.000000,0.000000,0.000000,0.000000,0.000000,0.000000,0.000000,0.000000,0.000000,0.000000,0.000000,0,0,0,0
"5,0",0,99927,0,0,983,4,99999,99999,99999,99999,99999,99999,0.000000,0.000000,0.000000,0.000000,0.000000,0.000000,0.000000,0.000000,0.000000,0.000000,0.000000,0.000000,0.000000,0.000000,0,0,0,0
"5,1",0,99927,0,0,974,4,99999,99999,99999,99999,99999,99999,0.000000,0.000000,0.000000,0.000000,0.000000,0.000000,0.000000,0.000000,0.000000,0.000000,0.000000,0.000000,0.000000,0.000000,0,0,0,0
"5,2",0,99927,0,0,990,4,99999,99999,99999,99999,99999,99999,0.000000,0.000000,0.000000,0.000000,0.000000,0.000000,0.000000,0.000000,0.000000,0.000000,0.000000,0.000000,0.000000,0.000000,0,0,0,0
"5,3",0,99927,0,0,978,4,99999,99999,99999,99999,99999,99999,0.000000,0.000000,0.000000,0.000000,0.000000,0.000000,0.000000,0.000000,0.000000,0.000000,0.000000,0.000000,0.000000,0.000000,0,0,0,0
"5,4",0,99927,0,0,979,4,99999,99999,99999,99999,99999,99999,0.000000,0.000000,0.000000,0.000000,0.000000,0.000000,0.000000,0.000000,0.000000,0.000000,0.000000,0.000000,0.000000,0.000000,0,0,0,0
"5,5",0,99927,0,0,976,4,99999,99999,99999,99999,99999,99999,0.000000,0.000000,0.000000,0.000000,0.000000,0.000000,0.000000,0.000000,0.000000,0.000000,0.000000,0.000000,0.000000,0.000000,0,0,0,0
"5,6",0,99927,0,0,973,4,99999,99999,99999,99999,99999,99999,0.000000,0.000000,0.000000,0.000000,0.000000,0.000000,0.000000,0.000000,0.000000,0.000000,0.000000,0.000000,0.000000,0.000000,0,0,0,0
"5,7",0,99927,0,0,981,4,99999,99999,99999,99999,99999,99999,0.000000,0.000000,0.000000,0.000000,0.000000,0.000000,0.000000,0.000000,0.000000,0.000000,0.000000,0.000000,0.000000,0.000000,0,0,0,0
"5,8",0,99927,0,0,974,4,99999,99999,99999,99999,99999,99999,0.000000,0.000000,0.000000,0.000000,0.000000,0.000000,0.000000,0.000000,0.000000,0.000000,0.000000,0.000000,0.000000,0.000000,0,0,0,0
"5,9",0,99927,0,0,69,4,99999,99999,99999,99999,99999,99999,0.000000,0.000000,0.000000,0.000000,0.000000,0.000000,0.000000,0.000000,0.000000,0.000000,0.000000,0.000000,0.000000,0.000000,0,0,0,0
"5,10",0,99927,0,0,67,4,99999,99999,99999,99999,99999,99999,0.000000,0.000000,0.000000,0.000000,0.000000,0.000000,0.000000,0.000000,0.000000,0.000000,0.000000,0.000000,0.000000,0.000000,0,0,0,0
"5,11",0,99927,0,0,79,4,99999,99999,99999,99999,99999,99999,0.000000,0.000000,0.000000,0.000000,0.000000,0.000000,0.000000,0.000000,0.000000,0.000000,0.000000,0.000000,0.000000,0.000000,0,0,0,0
"5,12",0,99927,0,0,68,4,99999,99999,99999,99999,99999,99999,0.000000,0.000000,0.000000,0.000000,0.000000,0.000000,0.000000,0.000000,0.000000,0.000000,0.000000,0.000000,0.000000,0.000000,0,0,0,0
"5,13",0,99927,0,0,78,4,99999,99999,99999,99999,99999,99999,0.000000,0.000000,0.000000,0.000000,0.000000,0.000000,0.000000,0.000000,0.000000,0.000000,0.000000,0.000000,0.000000,0.000000,0,0,0,0
"5,14",0,99927,0,0,80,4,99999,99999,99999,99999,99999,99999,0.000000,0.000000,0.000000,0.000000,0.000000,0.000000,0.000000,0.000000,0.000000,0.000000,0.000000,0.000000,0.000000,0.000000,0,0,0,0
"5,15",0,99927,0,0,79,4,99999,99999,99999,99999,99999,99999,0.000000,0.000000,0.000000,0.000000,0.000000,0.000000,0.000000,0.000000,0.000000,0.000000,0.000000,0.000000,0.000000,0.000000,0,0,0,0
"5,16",0,99927,0,0,9,4,99999,99999,99999,99999,99999,99999,0.000000,0.000000,0.000000,0.000000,0.000000,0.000000,0.000000,0.000000,0.000000,0.000000,0.000000,0.000000,0.000000,0.000000,0,0,0,0
"5,17",0,99927,0,0,9,4,99999,99999,99999,99999,99999,99999,0.000000,0.000000,0.000000,0.000000,0.000000,0.000000,0.000000,0.000000,0.000000,0.000000,0.000000,0.000000,0.000000,0.000000,0,0,0,0
"5,18",0,99927,0,0,8,4,99999,99999,99999,99999,99999,99999,0.000000,0.000000,0.000000,0.000000,0.000000,0.000000,0.000000,0.000000,0.000000,0.000000,0.000000,0.000000,0.000000,0.000000,0,0,0,0
"5,19",0,99927,0,0,10,4,99999,99999,99999,99999,99999,99999,0.000000,0.000000,0.000000,0.000000,0.000000,0.000000,0.000000,0.000000,0.000000,0.000000,0.000000,0.000000,0.000000,0.000000,0,0,0,0
"5,20",0,99927,0,0,9,4,99999,99999,99999,99999,99999,99999,0.000000,0.000000,0.000000,0.000000,0.000000,0.000000,0.000000,0.000000,0.000000,0.000000,0.000000,0.000000,0.000000,0.000000,0,0,0,0
"5,21",0,99927,0,0,4,4,99999,99999,99999,99999,99999,99999,0.000000,0.000000,0.000000,0.000000,0.000000,0.000000,0.000000,0.000000,0.000000,0.000000,0.000000,0.000000,0.000000,0.000000,0,0,0,0
"5,22",0,99927,0,0,4,4,99999,99999,99999,99999,99999,99999,0.000000,0.000000,0.000000,0.000000,0.000000,0.000000,0.000000,0.000000,0.000000,0.000000,0.000000,0.000000,0.000000,0.000000,0,0,0,0
"5,23",0,99927,0,0,4,4,99999,99999,99999,99999,99999,99999,0.000000,0.000000,0.000000,0.000000,0.000000,0.000000,0.000000,0.000000,0.000000,0.000000,0.000000,0.000000,0.000000,0.000000,0,0,0,0
"5,24",0,99927,0,0,4,4,99999,99999,99999,99999,99999,99999,0.000000,0.000000,0.000000,0.000000,0.000000,0.000000,0.000000,0.000000,0.000000,0.000000,0.000000,0.000000,0.000000,0.000000,0,0,0,0
"5,25",0,99927,0,0,4,4,99999,99999,99999,99999,99999,99999,0.000000,0.000000,0.000000,0.000000,0.000000,0.000000,0.000000,0.000000,0.000000,0.000000,0.000000,0.000000,0.000000,0.000000,0,0,0,0
"5,26",0,99927,0,0,4,4,99999,99999,99999,99999,99999,99999,0.000000,0.000000,0.000000,0.000000,0.000000,0.000000,0.000000,0.000000,0.000000,0.000000,0.000000,0.000000,0.000000,0.000000,0,0,0,0
"6,-26",0,99927,0,0,975,4,99999,99999,99999,99999,99999,99999,0.000000,0.000000,0.000000,0.000000,0.000000,0.000000,0.000000,0.000000,0.000000,0.000000,0.000000,0.000000,0.000000,0.000000,0,0,0,0
"6,-25",0,99927,0,0,963,4,99999,99999,99999,99999,99999,99999,0.000000,0.000000,0.000000,0.000000,0.000000,0.000000,0.000000,0.000000,0.000000,0.000000,0.000000,0.000000,0.000000,0.000000,0,0,0,0
"6,-24",0,99927,0,0,975,4,99999,99999,99999,99999,99999,99999,0.000000,0.000000,0.000000,0.000000,0.000000,0.000000,0.000000,0.000000,0.000000,0.000000,0.000000,0.000000,0.000000,0.000000,0,0,0,0
"6,-23",42,99893,7,1,1039,2,19,525,760,0,4,7,0.726776,0.163934,0.109290,0.000000,0.000000,0.000000,0.000000,0.805556,0.171296,0.018519,0.004630,0.000000,0.000000,0.000000,24537,163,295,125
"6,-22",41,99857,7,1,1042,2,13,194,513,0,4,5,0.905556,0.077778,0.016667,0.000000,0.000000,0.000000,0.000000,0.789474,0.191729,0.015038,0.003759,0.000000,0.000000,0.000000,26987,177,309,129
"6,-21",44,99821,7,1,1036,2,16,523,730,0,4,8,0.734807,0.182320,0.082873,0.000000,0.000000,0.000000,0.000000,0.748858,0.205479,0.036530,0.009132,0.000000,0.000000,0.000000,25325,166,315,141
"6,-20",42,99787,7,1,1035,2,12,402,537,0,4,5,0.837838,0.124324,0.037838,0.000000,0.000000,0.000000,0.000000,0.798419,0.173913,0.023715,0.003953,0.000000,0.000000,0.000000,27214,178,308,130
"6,-19",47,99748,7,1,1042,2,21,417,539,0,4,5,0.766667,0.205556,0.027778,0.000000,0.000000,0.000000,0.000000,0.780702,0.197368,0.021930,0.000000,0.000000,0.000000,0.000000,26594,175,346,166
"6,-18",46,99715,7,1,1045,2,25,830,1016,0,4,8,0.672222,0.150000,0.144444,0.033333,0.000000,0.000000,0.000000,0.750000,0.210000,0.035000,0.005000,0.000000,0.000000,0.000000,22312,148,294,136
"6,-17",44,99677,7,1,1041,2,17,479,544,0,4,6,0.777778,0.177778,0.044444,0.000000,0.000000,0.000000,0.000000,0.813853,0.168831,0.012987,0.004329,0.000000,0.000000,0.000000,26278,172,314,140
"6,-16",47,99642,7,1,1039,2,28,538,847,0,5,8,0.627778,0.194444,0.177778,0.000000,0.000000,0.000000,0.000000,0.773481,0.171271,0.055249,0.000000,0.000000,0.000000,0.000000,22422,148,303,145
"6,-15",40,99609,7,1,1041,2,10,350,524,0,4,5,0.839779,0.143646,0.016575,0.000000,0.000000,0.000000,0.000000,0.828194,0.145374,0.026432,0.000000,0.000000,0.000000,0.000000,27041,178,302,121
"6,-14",42,99572,7,1,1041,2,16,293,504,0,4,7,0.838889,0.144444,0.016667,0.000000,0.000000,0.000000,0.000000,0.764706,0.192157,0.043137,0.000000,0.000000,0.000000,0.000000,27045,177,312,133
"6,-13",42,99539,7,1,1036,2,17,562,756,0,4,5,0.738889,0.127778,0.133333,0.000000,0.000000,0.000000,0.000000,0.761261,0.225225,0.013514,0.000000,0.000000,0.000000,0.000000,23676,156,300,127
"6,-12",41,99506,7,1,1040,2,11,132,216,0,4,8,0.916667,0.083333,0.000000,0.000000,0.000000,0.000000,0.000000,0.779923,0.177606,0.038610,0.003861,0.000000,0.000000,0.000000,27495,180,309,129
"6,-11",46,99467,7,1,1034,2,16,421,673,0,4,6,0.783333,0.172222,0.044444,0.000000,0.000000,0.000000,0.000000,0.792157,0.176471,0.027451,0.003922,0.000000,0.000000,0.000000,26165,172,332,155
"6,-10",0,99467,0,0,971,4,99999,99999,99999,99999,99999,99999,0.000000,0.000000,0.000000,0.000000,0.000000,0.000000,0.000000,0.000000,0.000000,0.000000,0.000000,0.000000,0.000000,0.000000,0,0,0,0
"6,-9",0,99467,0,0,978,4,99999,99999,99999,99999,99999,99999,0.000000,0.000000,0.000000,0.000000,0.000000,0.000000,0.000000,0.000000,0.000000,0.000000,0.000000,0.000000,0.000000,0.000000,0,0,0,0
"6,-8",0,99467,0,0,970,4,99999,99999,99999,99999,99999,99999,0.000000,0.000000,0.000000,0.000000,0.000000,0.000000,0.000000,0.000000,0.000000,0.000000,0.000000,0.000000,0.000000,0.000000,0,0,0,0
"6,-7",0,99467,0,0,979,4,99999,99999,99999,99999,99999,99999,0.000000,0.000000,0.000000,0.000000,0.000000,0.000000,0.000000,0.000000,0.000000,0.000000,0.000000,0.000000,0.000000,0.000000,0,0,0,0
"6,-6",0,99467,0,0,973,4,99999,99999,99999,99999,99999,99999,0.000000,0.000000,0.000000,0.000000,0.000000,0.000000,0.000000,0.000000,0.000000,0.000000,0.000000,0.000000,0.000000,0.000000,0,0,0,0
"6,-5",0,99467,0,0,971,4,99999,99999,99999,99999,99999,99999,0.000000,0.000000,0.000000,0.000000,0.000000,0.000000,0.000000,0.000000,0.000000,0.000000,0.000000,0.000000,0.000000,0.000000,0,0,0,0
"6,-4",0,99467,0,0,976,4,99999,99999,99999,99999,99999,99999,0.000000,0.000000,0.000000,0.000000,0.000000,0.000000,0.000000,0.000000,0.000000,0.000000,0.000000,0.000000,0.000000,0.000000,0,0,0,0
"6,-3",0,99467,0,0,981,4,99999,99999,99999,99999,99999,99999,0.000000,0.000000,0.000000,0.000000,0.000000,0.000000,0.000000,0.000000,0.000000,0.000000,0.000000,0.000000,0.000000,0.000000,0,0,0,0
"6,-2",0,99467,0,0,966,4,99999,99999,99999,99999,99999,99999,0.000000,0.000000,0.000000,0.000000,0.000000,0.000000,0.000000,0.000000,0.000000,0.000000,0.000000,0.000000,0.000000,0.000000,0,0,0,0
"6,-1",0,99467,0,0,968,4,99999,99999,99999,99999,99999,99999,0.000000,0.000000,0.000000,0.000000,0.000000,0.000000,0.000000,0.000000,0.000000,0.000000,0.000000,0.000000,0.000000,0.000000,0,0,0,0
"6,0",0,99467,0,0,971,4,99999,99999,99999,99999,99999,99999,0.000000,0.000000,0.000000,0.000000,0.000000,0.000000,0.000000,0.000000,0.000000,0.000000,0.000000,0.000000,0.000000,0.000000,0,0,0,0
"6,1",0,99467,0,0,970,4,99999,99999,99999,99999,99999,99999,0.000000,0.000000,0.000000,0.000000,0.000000,0.000000,0.000000,0.000000,0.000000,0.000000,0.000000,0.000000,0.000000,0.000000,0,0,0,0
"6,2",0,99467,0,0,975,4,99999,99999,99999,99999,99999,99999,0.000000,0.000000,0.000000,0.000000,0.000000,0.000000,0.000000,0.000000,0.000000,0.000000,0.000000,0.000000,0.000000,0.000000,0,0,0,0
"6,3",0,99467,0,0,982,4,99999,99999,99999,99999,99999,99999,0.000000,0.000000,0.000000,0.000000,0.000000,0.000000,0.000000,0.000000,0.000000,0.000000,0.000000,0.000000,0.000000,0.000000,0,0,0,0
"6,4",0,99467,0,0,972,4,99999,99999,99999,99999,99999,99999,0.000000,0.000000,0.000000,0.000000,0.000000,0.000000,0.000000,0.000000,0.000000,0.000000,0.000000,0.000000,0.000000,0.000000,0,0,0,0
"6,5",0,99467,0,0,975,4,99999,99999,99999,99999,99999,99999,0.000000,0.000000,0.000000,0.000000,0.000000,0.000000,0.000000,0.000000,0.000000,0.000000,0.000000,0.000000,0.000000,0.000000,0,0,0,0
"6,6",0,99467,0,0,978,4,99999,99999,99999,99999,99999,99999,0.000000,0.000000,0.000000,0.000000,0.000000,0.000000,0.000000,0.000000,0.000000,0.000000,0.000000,0.000000,0.000000,0.000000,0,0,0,0
"6,7",0,99467,0,0,978,4,99999,99999,99999,99999,99999,99999,0.000000,0.000000,0.000000,0.000000,0.000000,0.000000,0.000000,0.000000,0.000000,0.000000,0.000000,0.000000,0.000000,0.000000,0,0,0,0
"6,8",0,99467,0,0,76,4,99999,99999,99999,99999,99999,99999,0.000000,0.000000,0.000000,0.000000,0.000000,0.000000,0.000000,0.000000,0.000000,0.000000,0.000000,0.000000,0.000000,0.000000,0,0,0,0
"6,9",0,99467,0,0,73,4,99999,99999,99999,99999,99999,99999,0.000000,0.000000,0.000000,0.000000,0.000000,0.000000,0.000000,0.000000,0.000000,0.000000,0.000000,0.000000,0.000000,0.000000,0,0,0,0
"6,10",0,99467,0,0,75,4,99999,99999,99999,99999,99999,99999,0.000000,0.000000,0.000000,0.000000,0.000000,0.000000,0.000000,0.000000,0.000000,0.000000,0.000000,0.000000,0.000000,0.000000,0,0,0,0
"6,11",0,99467,0,0,76,4,99999,99999,99999,99999,99999,99999,0.000000,0.000000,0.000000,0.000000,0.000000,0.000000,0.000000,0.000000,0.000000,0.000000,0.000000,0.000000,0.000000,0.000000,0,0,0,0
"6,12",0,99467,0,0,74,4,99999,99999,99999,99999,99999,99999,0.000000,0.000000,0.000000,0.000000,0.000000,0.000000,0.000000,0.000000,0.000000,0.000000,0.000000,0.000000,0.000000,0.000000,0,0,0,0
"6,13",0,99467,0,0,76,4,99999,99999,99999,99999,99999,99999,0.000000,0.000000,0.000000,0.000000,0.000000,0.000000,0.000000,0.000000,0.000000,0.000000,0.000000,0.000000,0.000000,0.000000,0,0,0,0
"6,14",0,99467,0,0,77,4,99999,99999,99999,99999,99999,99999,0.000000,0.000000,0.000000,0.000000,0.000000,0.000000,0.000000,0.000000,0.000000,0.000000,0.000000,0.000000,0.000000,0.000000,0,0,0,0
"6,15",0,99467,0,0,65,4,99999,99999,99999,99999,99999,99999,0.000000,0.000000,0.000000,0.000000,0.000000,0.000000,0.000000,0.000000,0.000000,0.000000,0.000000,0.000000,0.000000,0.000000,0,0,0,0
"6,16",0,99467,0,0,10,4,99999,99999,99999,99999,99999,99999,0.000000,0.000000,0.000000,0.000000,0.000000,0.000000,0.000000,0.000000,0.000000,0.000000,0.000000,0.000000,0.000000,0.000000,0,0,0,0
"6,17",0,99467,0,0,8,4,99999,99999,99999,99999,99999,99999,0.000000,0.000000,0.000000,0.000000,0.000000,0.000000,0.000000,0.000000,0.000000,0.000000,0.000000,0.000000,0.000000,0.000000,0,0,0,0
"6,18",0,99467,0,0,7,4,99999,99999,99999,99999,99999,99999,0.000000,0.000000,0.000000,0.000000,0.000000,0.000000,0.000000,0.000000,0.000000,0.000000,0.000000,0.000000,0.000000,0.000000,0,0,0,0
"6,19",0,99467,0,0,7,4,99999,99999,99999,99999,99999,99999,0.000000,0.000000,0.000000,0.000000,0.000000,0.000000,0.000000,0.000000,0.000000,0.000000,0.000000,0.000000,0.000000,0.000000,0,0,0,0
"6,20",0,99467,0,0,5,4,99999,99999,99999,99999,99999,99999,0.000000,0.000000,0.000000,0.000000,0.000000,0.000000,0.000000,0.000000,0.000000,0.000000,0.000000,0.000000,0.000000,0.000000,0,0,0,0
"6,21",0,99467,0,0,4,4,99999,99999,99999,99999,99999,99999,0.000000,0.000000,0.000000,0.000000,0.000000,0.000000,0.000000,0.000000,0.000000,0.000000,0.000000,0.000000,0.000000,0.000000,0,0,0,0
"6,22",0,99467,0,0,5,4,99999,99999,99999,99999,99999,99999,0.000000,0.000000,0.000000,0.000000,0.000000,0.000000,0.000000,0.000000,0.000000,0.000000,0.000000,0.000000,0.000000,0.000000,0,0,0,0
"6,23",0,99467,0,0,4,4,99999,99999,99999,99999,99999,99999,0.000000,0.000000,0.000000,0.000000,0.000000,0.000000,0.000000,0.000000,0.000000,0.000000,0.000000,0.000000,0.000000,0.000000,0,0,0,0
"6,24",0,99467,0,0,4,4,99999,99999,99999,99999,99999,99999,0.000000,0.000000,0.000000,0.000000,0.000000,0.000000,0.000000,0.000000,0.000000,0.000000,0.000000,0.000000,0.000000,0.000000,0,0,0,0
"6,25",0,99467,0,0,4,4,99999,99999,99999,99999,99999,99999,0.000000,0.000000,0.000000,0.000000,0.000000,0.000000,0.000000,0.000000,0.000000,0.000000,0.000000,0.000000,0.000000,0.000000,0,0,0,0
"6,26",0,99467,0,0,4,4,99999,99999,99999,99999,99999,99999,0.000000,0.000000,0.000000,0.000000,0.000000,0.000000,0.000000,0.000000,0.000000,0.000000,0.000000,0.000000,0.000000,0.000000,0,0,0,0
"7,-26",0,99467,0,0,979,4,99999,99999,99999,99999,99999,99999,0.000000,0.000000,0.000000,0.000000,0.000000,0.000000,0.000000,0.000000,0.000000,0.000000,0.000000,0.000000,0.000000,0.000000,0,0,0,0
"7,-25",0,99467,0,0,978,4,99999,99999,99999,99999,99999,99999,0.000000,0.000000,0.000000,0.000000,0.000000,0.000000,0.000000,0.000000,0.000000,0.000000,0.000000,0.000000,0.000000,0.000000,0,0,0,0
"7,-24",0,99467,0,0,977,4,99999,99999,99999,99999,99999,99999,0.000000,0.000000,0.000000,0.000000,0.000000,0.000000,0.000000,0.000000,0.000000,0.000000,0.000000,0.000000,0.000000,0.000000,0,0,0,0
"7,-23",0,99467,0,0,978,4,99999,99999,99999,99999,99999,99999,0.000000,0.000000,0.000000,0.000000,0.000000,0.000000,0.000000,0.000000,0.000000,0.000000,0.000000,0.000000,0.000000,0.000000,0,0,0,0
"7,-22",0,99467,0,0,975,4,99999,99999,99999,99999,99999,99999,0.000000,0.000000,0.000000,0.000000,0.000000,0.000000,0.000000,0.000000,0.000000,0.000000,0.000000,0.000000,0.000000,0.000000,0,0,0,0
"7,-21",0,99467,0,0,968,4,99999,99999,99999,99999,99999,99999,0.000000,0.000000,0.000000,0.000000,0.000000,0.000000,0.000000,0.000000,0.000000,0.000000,0.000000,0.000000,0.000000,0.000000,0,0,0,0
"7,-20",0,99467,0,0,976,4,99999,99999,99999,99999,99999,99999,0.000000,0.000000,0.000000,0.000000,0.000000,0.000000,0.000000,0.000000,0.000000,0.000000,0.000000,0.000000,0.000000,0.000000,0,0,0,0
"7,-19",42,99433,7,1,1049,2,16,340,504,0,4,6,0.802139,0.181818,0.016043,0.000000,0.000000,0.000000,0.000000,0.795918,0.171429,0.024490,0.004082,0.004082,0.000000,0.000000,27922,184,320,136
"7,-18",46,99400,7,1,1041,2,24,655,973,0,4,8,0.727778,0.138889,0.111111,0.022222,0.000000,0.000000,0.000000,0.743243,0.220721,0.036036,0.000000,0.000000,0.000000,0.000000,23843,156,303,142
"7,-17",39,99369,7,1,1041,2,13,797,1039,0,4,8,0.800000,0.083333,0.083333,0.033333,0.000000,0.000000,0.000000,0.813559,0.165254,0.021186,0.000000,0.000000,0.000000,0.000000,24293,159,281,110
"7,-16",40,99335,7,1,1043,2,14,220,392,0,4,8,0.872222,0.127778,0.000000,0.000000,0.000000,0.000000,0.000000,0.806202,0.151163,0.038760,0.000000,0.003876,0.000000,0.000000,27495,180,301,121
"7,-15",46,99299,7,1,1036,2,16,304,470,0,4,8,0.816667,0.172222,0.011111,0.000000,0.000000,0.000000,0.000000,0.795082,0.172131,0.024590,0.008197,0.000000,0.000000,0.000000,27175,178,339,159
"7,-14",0,99299,0,0,980,4,99999,99999,99999,99999,99999,99999,0.000000,0.000000,0.000000,0.000000,0.000000,0.000000,0.000000,0.000000,0.000000,0.000000,0.000000,0.000000,0.000000,0.000000,0,0,0,0
"7,-13",0,99299,0,0,981,4,99999,99999,99999,99999,99999,99999,0.000000,0.000000,0.000000,0.000000,0.000000,0.000000,0.000000,0.000000,0.000000,0.000000,0.000000,0.000000,0.000000,0.000000,0,0,0,0
"7,-12",0,99299,0,0,985,4,99999,99999,99999,99999,99999,99999,0.000000,0.000000,0.000000,0.000000,0.000000,0.000000,0.000000,0.000000,0.000000,0.000000,0.000000,0.000000,0.000000,0.000000,0,0,0,0
"7,-11",0,99299,0,0,971,4,99999,99999,99999,99999,99999,99999,0.000000,0.000000,0.000000,0.000000,0.000000,0.000000,0.000000,0.000000,0.000000,0.000000,0.000000,0.000000,0.000000,0.000000,0,0,0,0
"7,-10",0,99299,0,0,978,4,99999,99999,99999,99999,99999,99999,0.000000,0.000000,0.000000,0.000000,0.000000,0.000000,0.000000,0.000000,0.000000,0.000000,0.000000,0.000000,0.000000,0.000000,0,0,0,0
"7,-9",0,99299,0,0,964,4,99999,99999,99999,99999,99999,99999,0.000000,0.000000,0.000000,0.000000,0.000000,0.000000,0.000000,0.000000,0.000000,0.000000,0.000000,0.000000,0.000000,0.000000,0,0,0,0
"7,-8",0,99299,0,0,973,4,99999,99999,99999,99999,99999,99999,0.000000,0.000000,0.000000,0.000000,0.000000,0.000000,0.000000,0.000000,0.000000,0.000000,0.000000,0.000000,0.000000,0.000000,0,0,0,0
"7,-7",0,99299,0,0,979,4,99999,99999,99999,99999,99999,99999,0.000000,0.000000,0.000000,0.000000,0.000000,0.000000,0.000000,0.000000,0.000000,0.000000,0.000000,0.000000,0.000000,0.000000,0,0,0,0
"7,-6",0,99299,0,0,979,4,99999,99999,99999,99999,99999,99999,0.000000,0.000000,0.000000,0.000000,0.000000,0.000000,0.000000,0.000000,0.000000,0.000000,0.000000,0.000000,0.000000,0.000000,0,0,0,0
"7,-5",0,99299,0,0,980,4,99999,99999,99999,99999,99999,99999,0.000000,0.000000,0.000000,0.000000,0.000000,0.000000,0.000000,0.000000,0.000000,0.000000,0.000000,0.000000,0.000000,0.000000,0,0,0,0
"7,-4",0,99299,0,0,975,4,99999,99999,99999,99999,99999,99999,0.000000,0.000000,0.000000,0.000000,0.000000,0.000000,0.000000,0.000000,0.000000,0.000000,0.000000,0.000000,0.000000,0.000000,0,0,0,0
"7,-3",0,99299,0,0,975,4,99999,99999,99999,99999,99999,99999,0.000000,0.000000,0.000000,0.000000,0.000000,0.000000,0.000000,0.000000,0.000000,0.000000,0.000000,0.000000,0.000000,0.000000,0,0,0,0
"7,-2",0,99299,0,0,973,4,99999,99999,99999,99999,99999,99999,0.000000,0.000000,0.000000,0.000000,0.000000,0.000000,0.000000,0.000000,0.000000,0.000000,0.000000,0.000000,0.000000,0.000000,0,0,0,0
"7,-1",0,99299,0,0,978,4,99999,99999,99999,99999,99999,99999,0.000000,0.000000,0.000000,0.000000,0.000000,0.000000,0.000000,0.000000,0.000000,0.000000,0.000000,0.000000,0.000000,0.000000,0,0,0,0
"7,0",0,99299,0,0,973,4,99999,99999,99999,99999,99999,99999,0.000000,0.000000,0.000000,0.000000,0.000000,0.000000,0.000000,0.000000,0.000000,0.000000,0.000000,0.000000,0.000000,0.000000,0,0,0,0
"7,1",0,99299,0,0,976,4,99999,99999,99999,99999,99999,99999,0.000000,0.000000,0.000000,0.000000,0.000000,0.000000,0.000000,0.000000,0.000000,0.000000,0.000000,0.000000,0.000000,0.000000,0,0,0,0
"7,2",0,99299,0,0,982,4,99999,99999,99999,99999,99999,99999,0.000000,0.000000,0.000000,0.000000,0.000000,0.000000,0.000000,0.000000,0.000000,0.000000,0.000000,0.000000,0.000000,0.000000,0,0,0,0
"7,3",0,99299,0,0,981,4,99999,99999,99999,99999,99999,99999,0.000000,0.000000,0.000000,0.000000,0.000000,0.000000,0.000000,0.000000,0.000000,0.000000,0.000000,0.000000,0.000000,0.000000,0,0,0,0
"7,4",0,99299,0,0,973,4,99999,99999,99999,99999,99999,99999,0.000000,0.000000,0.000000,0.000000,0.000000,0.000000,0.000000,0.000000,0.000000,0.000000,0.000000,0.000000,0.000000,0.000000,0,0,0,0
"7,5",0,99299,0,0,975,4,99999,99999,99999,99999,99999,99999,0.000000,0.000000,0.000000,0.000000,0.000000,0.000000,0.000000,0.000000,0.000000,0.000000,0.000000,0.000000,0.000000,0.000000,0,0,0,0
"7,6",0,99299,0,0,970,4,99999,99999,99999,99999,99999,99999,0.000000,0.000000,0.000000,0.000000,0.000000,0.000000,0.000000,0.000000,0.000000,0.000000,0.000000,0.000000,0.000000,0.000000,0,0,0,0
"7,7",0,99299,0,0,633,4,99999,99999,99999,99999,99999,99999,0.000000,0.000000,0.000000,0.000000,0.000000,0.000000,0.000000,0.000000,0.000000,0.000000,0.000000,0.000000,0.000000,0.000000,0,0,0,0
"7,8",0,99299,0,0,88,4,99999,99999,99999,99999,99999,99999,0.000000,0.000000,0.000000,0.000000,0.000000,0.000000,0.000000,0.000000,0.000000,0.000000,0.000000,0.000000,0.000000,0.000000,0,0,0,0
"7,9",0,99299,0,0,81,4,99999,99999,99999,99999,99999,99999,0.000000,0.000000,0.000000,0.000000,0.000000,0.000000,0.000000,0.000000,0.000000,0.000000,0.000000,0.000000,0.000000,0.000000,0,0,0,0
"7,10",0,99299,0,0,84,4,99999,99999,99999,99999,99999,99999,0.000000,0.000000,0.000000,0.000000,0.000000,0.000000,0.000000,0.000000,0.000000,0.000000,0.000000,0.000000,0.000000,0.000000,0,0,0,0
"7,11",0,99299,0,0,85,4,99999,99999,99999,99999,99999,99999,0.000000,0.000000,0.000000,0.000000,0.000000,0.000000,0.000000,0.000000,0.000000,0.000000,0.000000,0.000000,0.000000,0.000000,0,0,0,0
"7,12",0,99299,0,0,78,4,99999,99999,99999,99999,99999,99999,0.000000,0.000000,0.000000,0.000000,0.000000,0.000000,0.000000,0.000000,0.000000,0.000000,0.000000,0.000000,0.000000,0.000000,0,0,0,0
"7,13",0,99299,0,0,73,4,99999,99999,99999,99999,99999,99999,0.000000,0.000000,0.000000,0.000000,0.000000,0.000000,0.000000,0.000000,0.000000,0.000000,0.000000,0.000000,0.000000,0.000000,0,0,0,0
"7,14",0,99299,0,0,72,4,99999,99999,99999,99999,99999,99999,0.000000,0.000000,0.000000,0.000000,0.000000,0.000000,0.000000,0.000000,0.000000,0.000000,0.000000,0.000000,0.000000,0.000000,0,0,0,0
"7,15",0,99299,0,0,8,4,99999,99999,99999,99999,99999,99999,0.000000,0.000000,0.000000,0.000000,0.000000,0.000000,0.000000,0.000000,0.000000,0.000000,0.000000,0.000000,0.000000,0.000000,0,0,0,0
"7,16",0,99299,0,0,8,4,99999,99999,99999,99999,99999,99999,0.000000,0.000000,0.000000,0.000000,0.000000,0.000000,0.000000,0.000000,0.000000,0.000000,0.000000,0.000000,0.000000,0.000000,0,0,0,0
"7,17",0,99299,0,0,8,4,99999,99999,99999,99999,99999,99999,0.000000,0.000000,0.000000,0.000000,0.000000,0.000000,0.000000,0.000000,0.000000,0.000000,0.000000,0.000000,0.000000,0.000000,0,0,0,0
"7,18",0,99299,0,0,9,4,99999,99999,99999,99999,99999,99999,0.000000,0.000000,0.000000,0.000000,0.000000,0.000000,0.000000,0.000000,0.000000,0.000000,0.000000,0.000000,0.000000,0.000000,0,0,0,0
"7,19",0,99299,0,0,9,4,99999,99999,99999,99999,99999,99999,0.000000,0.000000,0.000000,0.000000,0.000000,0.000000,0.000000,0.000000,0.000000,0.000000,0.000000,0.000000,0.000000,0.000000,0,0,0,0
"7,20",0,99299,0,0,5,4,99999,99999,99999,99999,99999,99999,0.000000,0.000000,0.000000,0.000000,0.000000,0.000000,0.000000,0.000000,0.000000,0.000000,0.000000,0.000000,0.000000,0.000000,0,0,0,0
"7,21",0,99299,0,0,4,4,99999,99999,99999,99999,99999,99999,0.000000,0.000000,0.000000,0.000000,0.000000,0.000000,0.000000,0.000000,0.000000,0.000000,0.000000,0.000000,0.000000,0.000000,0,0,0,0
"7,22",0,99299,0,0,4,4,99999,99999,99999,99999,99999,99999,0.000000,0.000000,0.000000,0.000000,0.000000,0.000000,0.000000,0.000000,0.000000,0.000000,0.000000,0.000000,0.000000,0.000000,0,0,0,0
"7,23",0,99299,0,0,4,4,99999,99999,99999,99999,99999,99999,0.000000,0.000000,0.000000,0.000000,0.000000,0.000000,0.000000,0.000000,0.000000,0.000000,0.000000,0.000000,0.000000,0.000000,0,0,0,0
"7,24",0,99299,0,0,4,4,99999,99999,99999,99999,99999,99999,0.000000,0.000000,0.000000,0.000000,0.000000,0.000000,0.000000,0.000000,0.000000,0.000000,0.000000,0.000000,0.000000,0.000000,0,0,0,0
"7,25",0,99299,0,0,4,4,99999,99999,99999,99999,99999,99999,0.000000,0.000000,0.000000,0.000000,0.000000,0.000000,0.000000,0.000000,0.000000,0.000000,0.000000,0.000000,0.000000,0.000000,0,0,0,0
"7,26",0,99299,0,0,4,4,99999,99999,99999,99999,99999,99999,0.000000,0.000000,0.000000,0.000000,0.000000,0.000000,0.000000,0.000000,0.000000,0.000000,0.000000,0.000000,0.000000,0.000000,0,0,0,0
"8,-26",0,99299,0,0,972,4,99999,99999,99999,99999,99999,99999,0.000000,0.000000,0.000000,0.000000,0.000000,0.000000,0.000000,0.000000,0.000000,0.000000,0.000000,0.000000,0.000000,0.000000,0,0,0,0
"8,-25",0,99299,0,0,979,4,99999,99999,99999,99999,99999,99999,0.000000,0.000000,0.000000,0.000000,0.000000,0.000000,0.000000,0.000000,0.000000,0.000000,0.000000,0.000000,0.000000,0.000000,0,0,0,0
"8,-24",0,99299,0,0,981,4,99999,99999,99999,99999,99999,99999,0.000000,0.000000,0.000000,0.000000,0.000000,0.000000,0.000000,0.000000,0.000000,0.000000,0.000000,0.000000,0.000000,0.000000,0,0,0,0
"8,-23",0,99299,0,0,973,4,99999,99999,99999,99999,99999,99999,0.000000,0.000000,0.000000,0.000000,0.000000,0.000000,0.000000,0.000000,0.000000,0.000000,0.000000,0.000000,0.000000,0.000000,0,0,0,0
"8,-22",0,99299,0,0,974,4,99999,99999,99999,99999,99999,99999,0.000000,0.000000,0.000000,0.000000,0.000000,0.000000,0.000000,0.000000,0.000000,0.000000,0.000000,0.000000,0.000000,0.000000,0,0,0,0
"8,-21",0,99299,0,0,983,4,99999,99999,99999,99999,99999,99999,0.000000,0.000000,0.000000,0.000000,0.000000,0.000000,0.000000,0.000000,0.000000,0.000000,0.000000,0.000000,0.000000,0.000000,0,0,0,0
"8,-20",0,99299,0,0,972,4,99999,99999,99999,99999,99999,99999,0.000000,0.000000,0.000000,0.000000,0.000000,0.000000,0.000000,0.000000,0.000000,0.000000,0.000000,0.000000,0.000000,0.000000,0,0,0,0
"8,-19",0,99299,0,0,975,4,99999,99999,99999,99999,99999,99999,0.000000,0.000000,0.000000,0.000000,0.000000,0.000000,0.000000,0.000000,0.000000,0.000000,0.000000,0.000000,0.000000,0.000000,0,0,0,0
"8,-18",0,99299,0,0,977,4,99999,99999,99999,99999,99999,99999,0.000000,0.000000,0.000000,0.000000,0.000000,0.000000,0.000000,0.000000,0.000000,0.000000,0.000000,0.000000,0.000000,0.000000,0,0,0,0
"8,-17",0,99299,0,0,987,4,99999,99999,99999,99999,99999,99999,0.000000,0.000000,0.000000,0.000000,0.000000,0.000000,0.000000,0.000000,0.000000,0.000000,0.000000,0.000000,0.000000,0.000000,0,0,0,0
"8,-16",0,99299,0,0,979,4,99999,99999,99999,99999,99999,99999,0.000000,0.000000,0.000000,0.000000,0.000000,0.000000,0.000000,0.000000,0.000000,0.000000,0.000000,0.000000,0.000000,0.000000,0,0,0,0
"8,-15",0,99299,0,0,974,4,99999,99999,99999,99999,99999,99999,0.000000,0.000000,0.000000,0.000000,0.000000,0.000000,0.000000,0.000000,0.000000,0.000000,0.000000,0.000000,0.000000,0.000000,0,0,0,0
"8,-14",0,99299,0,0,975,4,99999,99999,99999,99999,99999,99999,0.000000,0.000000,0.000000,0.000000,0.000000,0.000000,0.000000,0.000000,0.000000,0.000000,0.000000,0.000000,0.000000,0.000000,0,0,0,0
"8,-13",0,99299,0,0,976,4,99999,99999,99999,99999,99999,99999,0.000000,0.000000,0.000000,0.000000,0.000000,0.000000,0.000000,0.000000,0.000000,0.000000,0.000000,0.000000,0.000000,0.000000,0,0,0,0
"8,-12",0,99299,0,0,974,4,99999,99999,99999,99999,99999,99999,0.000000,0.000000,0.000000,0.000000,0.000000,0.000000,0.000000,0.000000,0.000000,0.000000,0.000000,0.000000,0.000000,0.000000,0,0,0,0
"8,-11",0,99299,0,0,971,4,99999,99999,99999,99999,99999,99999,0.000000,0.000000,0.000000,0.000000,0.000000,0.000000,0.000000,0.000000,0.000000,0.000000,0.000000,0.000000,0.000000,0.000000,0,0,0,0
"8,-10",0,99299,0,0,974,4,99999,99999,99999,99999,99999,99999,0.000000,0.000000,0.000000,0.000000,0.000000,0.000000,0.000000,0.000000,0.000000,0.000000,0.000000,0.000000,0.000000,0.000000,0,0,0,0
"8,-9",0,99299,0,0,965,4,99999,99999,99999,99999,99999,99999,0.000000,0.000000,0.000000,0.000000,0.000000,0.000000,0.000000,0.000000,0.000000,0.000000,0.000000,0.000000,0.000000,0.000000,0,0,0,0
"8,-8",0,99299,0,0,973,4,99999,99999,99999,99999,99999,99999,0.000000,0.000000,0.000000,0.000000,0.000000,0.000000,0.000000,0.000000,0.000000,0.000000,0.000000,0.000000,0.000000,0.000000,0,0,0,0
"8,-7",0,99299,0,0,974,4,99999,99999,99999,99999,99999,99999,0.000000,0.000000,0.000000,0.000000,0.000000,0.000000,0.000000,0.000000,0.000000,0.000000,0.000000,0.000000,0.000000,0.000000,0,0,0,0
"8,-6",0,99299,0,0,981,4,99999,99999,99999,99999,99999,99999,0.000000,0.000000,0.000000,0.000000,0.000000,0.000000,0.000000,0.000000,0.000000,0.000000,0.000000,0.000000,0.000000,0.000000,0,0,0,0
"8,-5",0,99299,0,0,964,4,99999,99999,99999,99999,99999,99999,0.000000,0.000000,0.000000,0.000000,0.000000,0.000000,0.000000,0.000000,0.000000,0.000000,0.000000,0.000000,0.000000,0.000000,0,0,0,0
"8,-4",0,99299,0,0,964,4,99999,99999,99999,99999,99999,99999,0.000000,0.000000,0.000000,0.000000,0.000000,0.000000,0.000000,0.000000,0.000000,0.000000,0.000000,0.000000,0.000000,0.000000,0,0,0,0
"8,-3",0,99299,0,0,977,4,99999,99999,99999,99999,99999,99999,0.000000,0.000000,0.000000,0.000000,0.000000,0.000000,0.000000,0.000000,0.000000,0.000000,0.000000,0.000000,0.000000,0.000000,0,0,0,0
"8,-2",0,99299,0,0,978,4,99999,99999,99999,99999,99999,99999,0.000000,0.000000,0.000000,0.000000,0.000000,0.000000,0.000000,0.000000,0.000000,0.000000,0.000000,0.000000,0.000000,0.000000,0,0,0,0
"8,-1",0,99299,0,0,972,4,99999,99999,99999,99999,99999,99999,0.000000,0.000000,0.000000,0.000000,0.000000,0.000000,0.000000,0.000000,0.000000,0.000000,0.000000,0.000000,0.000000,0.000000,0,0,0,0
"8,0",0,99299,0,0,974,4,99999,99999,99999,99999,99999,99999,0.000000,0.000000,0.000000,0.000000,0.000000,0.000000,0.000000,0.000000,0.000000,0.000000,0.000000,0.000000,0.000000,0.000000,0,0,0,0
"8,1",0,99299,0,0,976,4,99999,99999,99999,99999,99999,99999,0.000000,0.000000,0.000000,0.000000,0.000000,0.000000,0.000000,0.000000,0.000000,0.000000,0.000000,0.000000,0.000000,0.000000,0,0,0,0
"8,2",0,99299,0,0,980,4,99999,99999,99999,99999,99999,99999,0.000000,0.000000,0.000000,0.000000,0.000000,0.000000,0.000000,0.000000,0.000000,0.000000,0.000000,0.000000,0.000000,0.000000,0,0,0,0
"8,3",0,99299,0,0,971,4,99999,99999,99999,99999,99999,99999,0.000000,0.000000,0.000000,0.000000,0.000000,0.000000,0.000000,0.000000,0.000000,0.000000,0.000000,0.000000,0.000000,0.000000,0,0,0,0
"8,4",0,99299,0,0,977,4,99999,99999,99999,99999,99999,99999,0.000000,0.000000,0.000000,0.000000,0.000000,0.000000,0.000000,0.000000,0.000000,0.000000,0.000000,0.000000,0.000000,0.000000,0,0,0,0
"8,5",0,99299,0,0,975,4,99999,99999,99999,99999,99999,99999,0.000000,0.000000,0.000000,0.000000,0.000000,0.000000,0.000000,0.000000,0.000000,0.000000,0.000000,0.000000,0.000000,0.000000,0,0,0,0
"8,6",0,99299,0,0,1011,4,99999,99999,99999,99999,99999,99999,0.000000,0.000000,0.000000,0.000000,0.000000,0.000000,0.000000,0.000000,0.000000,0.000000,0.000000,0.000000,0.000000,0.000000,0,0,0,0
"8,7",0,99299,0,0,72,4,99999,99999,99999,99999,99999,99999,0.000000,0.000000,0.000000,0.000000,0.000000,0.000000,0.000000,0.000000,0.000000,0.000000,0.000000,0.000000,0.000000,0.000000,0,0,0,0
"8,8",0,99299,0,0,71,4,99999,99999,99999,99999,99999,99999,0.000000,0.000000,0.000000,0.000000,0.000000,0.000000,0.000000,0.000000,0.000000,0.000000,0.000000,0.000000,0.000000,0.000000,0,0,0,0
"8,9",0,99299,0,0,71,4,99999,99999,99999,99999,99999,99999,0.000000,0.000000,0.000000,0.000000,0.000000,0.000000,0.000000,0.000000,0.000000,0.000000,0.000000,0.000000,0.000000,0.000000,0,0,0,0
"8,10",0,99299,0,0,75,4,99999,99999,99999,99999,99999,99999,0.000000,0.000000,0.000000,0.000000,0.000000,0.000000,0.000000,0.000000,0.000000,0.000000,0.000000,0.000000,0.000000,0.000000,0,0,0,0
"8,11",0,99299,0,0,79,4,99999,99999,99999,99999,99999,99999,0.000000,0.000000,0.000000,0.000000,0.000000,0.000000,0.000000,0.000000,0.000000,0.000000,0.000000,0.000000,0.000000,0.000000,0,0,0,0
"8,12",0,99299,0,0,68,4,99999,99999,99999,99999,99999,99999,0.000000,0.000000,0.000000,0.000000,0.000000,0.000000,0.000000,0.000000,0.000000,0.000000,0.000000,0.000000,0.000000,0.000000,0,0,0,0
"8,13",0,99299,0,0,74,4,99999,99999,99999,99999,99999,99999,0.000000,0.000000,0.000000,0.000000,0.000000,0.000000,0.000000,0.000000,0.000000,0.000000,0.000000,0.000000,0.000000,0.000000,0,0,0,0
"8,14",0,99299,0,0,34,4,99999,99999,99999,99999,99999,99999,0.000000,0.000000,0.000000,0.000000,0.000000,0.000000,0.000000,0.000000,0.000000,0.000000,0.000000,0.000000,0.000000,0.000000,0,0,0,0
"8,15",0,99299,0,0,9,4,99999,99999,99999,99999,99999,99999,0.000000,0.000000,0.000000,0.000000,0.000000,0.000000,0.000000,0.000000,0.000000,0.000000,0.000000,0.000000,0.000000,0.000000,0,0,0,0
"8,16",0,99299,0,0,8,4,99999,99999,99999,99999,99999,99999,0.000000,0.000000,0.000000,0.000000,0.000000,0.000000,0.000000,0.000000,0.000000,0.000000,0.000000,0.000000,0.000000,0.000000,0,0,0,0
"8,17",0,99299,0,0,9,4,99999,99999,99999,99999,99999,99999,0.000000,0.000000,0.000000,0.000000,0.000000,0.000000,0.000000,0.000000,0.000000,0.000000,0.000000,0.000000,0.000000,0.000000,0,0,0,0
"8,18",0,99299,0,0,8,4,99999,99999,99999,99999,99999,99999,0.000000,0.000000,0.000000,0.000000,0.000000,0.000000,0.000000,0.000000,0.000000,0.000000,0.000000,0.000000,0.000000,0.000000,0,0,0,0
"8,19",0,99299,0,0,5,4,99999,99999,99999,99999,99999,99999,0.000000,0.000000,0.000000,0.000000,0.000000,0.000000,0.000000,0.000000,0.000000,0.000000,0.000000,0.000000,0.000000,0.000000,0,0,0,0
"8,20",0,99299,0,0,4,4,99999,99999,99999,99999,99999,99999,0.000000,0.000000,0.000000,0.000000,0.000000,0.000000,0.000000,0.000000,0.000000,0.000000,0.000000,0.000000,0.000000,0.000000,0,0,0,0
"8,21",0,99299,0,0,4,4,99999,99999,99999,99999,99999,99999,0.000000,0.000000,0.000000,0.000000,0.000000,0.000000,0.000000,0.000000,0.000000,0.000000,0.000000,0.000000,0.000000,0.000000,0,0,0,0
"8,22",0,99299,0,0,4,4,99999,99999,99999,99999,99999,99999,0.000000,0.000000,0.000000,0.000000,0.000000,0.000000,0.000000,0.000000,0.000000,0.000000,0.000000,0.000000,0.000000,0.000000,0,0,0,0
"8,23",0,99299,0,0,4,4,99999,99999,99999,99999,99999,99999,0.000000,0.000000,0.000000,0.000000,0.000000,0.000000,0.000000,0.000000,0.000000,0.000000,0.000000,0.000000,0.000000,0.000000,0,0,0,0
"8,24",0,99299,0,0,4,4,99999,99999,99999,99999,99999,99999,0.000000,0.000000,0.000000,0.000000,0.000000,0.000000,0.000000,0.000000,0.000000,0.000000,0.000000,0.000000,0.000000,0.000000,0,0,0,0
"8,25",0,99299,0,0,4,4,99999,99999,99999,99999,99999,99999,0.000000,0.000000,0.000000,0.000000,0.000000,0.000000,0.000000,0.000000,0.000000,0.000000,0.000000,0.000000,0.000000,0.000000,0,0,0,0
"8,26",0,99299,0,0,4,4,99999,99999,99999,99999,99999,99999,0.000000,0.000000,0.000000,0.000000,0.000000,0.000000,0.000000,0.000000,0.000000,0.000000,0.000000,0.000000,0.000000,0.000000,0,0,0,0
"9,-26",0,99299,0,0,975,4,99999,99999,99999,99999,99999,99999,0.000000,0.000000,0.000000,0.000000,0.000000,0.000000,0.000000,0.000000,0.000000,0.000000,0.000000,0.000000,0.000000,0.000000,0,0,0,0
"9,-25",0,99299,0,0,975,4,99999,99999,99999,99999,99999,99999,0.000000,0.000000,0.000000,0.000000,0.000000,0.000000,0.000000,0.000000,0.000000,0.000000,0.000000,0.000000,0.000000,0.000000,0,0,0,0
"9,-24",0,99299,0,0,972,4,99999,99999,99999,99999,99999,99999,0.000000,0.000000,0.000000,0.000000,0.000000,0.000000,0.000000,0.000000,0.000000,0.000000,0.000000,0.000000,0.000000,0.000000,0,0,0,0
"9,-23",0,99299,0,0,971,4,99999,99999,99999,99999,99999,99999,0.000000,0.000000,0.000000,0.000000,0.000000,0.000000,0.000000,0.000000,0.000000,0.000000,0.000000,0.000000,0.000000,0.000000,0,0,0,0
"9,-22",0,99299,0,0,970,4,99999,99999,99999,99999,99999,99999,0.000000,0.000000,0.000000,0.000000,0.000000,0.000000,0.000000,0.000000,0.000000,0.000000,0.000000,0.000000,0.000000,0.000000,0,0,0,0
"9,-21",0,99299,0,0,964,4,99999,99999,99999,99999,99999,99999,0.000000,0.000000,0.000000,0.000000,0.000000,0.000000,0.000000,0.000000,0.000000,0.000000,0.000000,0.000000,0.000000,0.000000,0,0,0,0
"9,-20",0,99299,0,0,981,4,99999,99999,99999,99999,99999,99999,0.000000,0.000000,0.000000,0.000000,0.000000,0.000000,0.000000,0.000000,0.000000,0.000000,0.000000,0.000000,0.000000,0.000000,0,0,0,0
"9,-19",0,99299,0,0,986,4,99999,99999,99999,99999,99999,99999,0.000000,0.000000,0.000000,0.000000,0.000000,0.000000,0.000000,0.000000,0.000000,0.000000,0.000000,0.000000,0.000000,0.000000,0,0,0,0
"9,-18",0,99299,0,0,973,4,99999,99999,99999,99999,99999,99999,0.000000,0.000000,0.000000,0.000000,0.000000,0.000000,0.000000,0.000000,0.000000,0.000000,0.000000,0.000000,0.000000,0.000000,0,0,0,0
"9,-17",0,99299,0,0,982,4,99999,99999,99999,99999,99999,99999,0.000000,0.000000,0.000000,0.000000,0.000000,0.000000,0.000000,0.000000,0.000000,0.000000,0.000000,0.000000,0.000000,0.000000,0,0,0,0
"9,-16",0,99299,0,0,979,4,99999,99999,99999,99999,99999,99999,0.000000,0.000000,0.000000,0.000000,0.000000,0.000000,0.000000,0.000000,0.000000,0.000000,0.000000,0.000000,0.000000,0.000000,0,0,0,0
"9,-15",0,99299,0,0,968,4,99999,99999,99999,99999,99999,99999,0.000000,0.000000,0.000000,0.000000,0.000000,0.000000,0.000000,0.000000,0.000000,0.000000,0.000000,0.000000,0.000000,0.000000,0,0,0,0
"9,-14",0,99299,0,0,972,4,99999,99999,99999,99999,99999,99999,0.000000,0.000000,0.000000,0.000000,0.000000,0.000000,0.000000,0.000000,0.000000,0.000000,0.000000,0.000000,0.000000,0.000000,0,0,0,0
"9,-13",0,99299,0,0,974,4,99999,99999,99999,99999,99999,99999,0.000000,0.000000,0.000000,0.000000,0.000000,0.000000,0.000000,0.000000,0.000000,0.000000,0.000000,0.000000,0.000000,0.000000,0,0,0,0
"9,-12",0,99299,0,0,981,4,99999,99999,99999,99999,99999,99999,0.000000,0.000000,0.000000,0.000000,0.000000,0.000000,0.000000,0.000000,0.000000,0.000000,0.000000,0.000000,0.000000,0.000000,0,0,0,0
"9,-11",0,99299,0,0,976,4,99999,99999,99999,99999,99999,99999,0.000000,0.000000,0.000000,0.000000,0.000000,0.000000,0.000000,0.000000,0.000000,0.000000,0.000000,0.000000,0.000000,0.000000,0,0,0,0
"9,-10",0,99299,0,0,972,4,99999,99999,99999,99999,99999,99999,0.000000,0.000000,0.000000,0.000000,0.000000,0.000000,0.000000,0.000000,0.000000,0.000000,0.000000,0.000000,0.000000,0.000000,0,0,0,0
"9,-9",0,99299,0,0,980,4,99999,99999,99999,99999,99999,99999,0.000000,0.000000,0.000000,0.000000,0.000000,0.000000,0.000000,0.000000,0.000000,0.000000,0.000000,0.000000,0.000000,0.000000,0,0,0,0
"9,-8",0,99299,0,0,979,4,99999,99999,99999,99999,99999,99999,0.000000,0.000000,0.000000,0.000000,0.000000,0.000000,0.000000,0.000000,0.000000,0.000000,0.000000,0.000000,0.000000,0.000000,0,0,0,0
"9,-7",0,99299,0,0,968,4,99999,99999,99999,99999,99999,99999,0.000000,0.000000,0.000000,0.000000,0.000000,0.000000,0.000000,0.000000,0.000000,0.000000,0.000000,0.000000,0.000000,0.000000,0,0,0,0
"9,-6",0,99299,0,0,969,4,99999,99999,99999,99999,99999,99999,0.000000,0.000000,0.000000,0.000000,0.000000,0.000000,0.000000,0.000000,0.000000,0.000000,0.000000,0.000000,0.000000,0.000000,0,0,0,0
"9,-5",0,99299,0,0,968,4,99999,99999,99999,99999,99999,99999,0.000000,0.000000,0.000000,0.000000,0.000000,0.000000,0.000000,0.000000,0.000000,0.000000,0.000000,0.000000,0.000000,0.000000,0,0,0,0
"9,-4",0,99299,0,0,986,4,99999,99999,99999,99999,99999,99999,0.000000,0.000000,0.000000,0.000000,0.000000,0.000000,0.000000,0.000000,0.000000,0.000000,0.000000,0.000000,0.000000,0.000000,0,0,0,0
"9,-3",0,99299,0,0,975,4,99999,99999,99999,99999,99999,99999,0.000000,0.000000,0.000000,0.000000,0.000000,0.000000,0.000000,0.000000,0.000000,0.000000,0.000000,0.000000,0.000000,0.000000,0,0,0,0
"9,-2",0,99299,0,0,980,4,99999,99999,99999,99999,99999,99999,0.000000,0.000000,0.000000,0.000000,0.000000,0.000000,0.000000,0.000000,0.000000,0.000000,0.000000,0.000000,0.000000,0.000000,0,0,0,0
"9,-1",0,99299,0,0,974,4,99999,99999,99999,99999,99999,99999,0.000000,0.000000,0.000000,0.000000,0.000000,0.000000,0.000000,0.000000,0.000000,0.000000,0.000000,0.000000,0.000000,0.000000,0,0,0,0
"9,0",0,99299,0,0,975,4,99999,99999,99999,99999,99999,99999,0.000000,0.000000,0.000000,0.000000,0.000000,0.000000,0.000000,0.000000,0.000000,0.000000,0.000000,0.000000,0.000000,0.000000,0,0,0,0
"9,1",0,99299,0,0,971,4,99999,99999,99999,99999,99999,99999,0.000000,0.000000,0.000000,0.000000,0.000000,0.000000,0.000000,0.000000,0.000000,0.000000,0.000000,0.000000,0.000000,0.000000,0,0,0,0
"9,2",0,99299,0,0,968,4,99999,99999,99999,99999,99999,99999,0.000000,0.000000,0.000000,0.000000,0.000000,0.000000,0.000000,0.000000,0.000000,0.000000,0.000000,0.000000,0.000000,0.000000,0,0,0,0
"9,3",0,99299,0,0,970,4,99999,99999,99999,99999,99999,99999,0.000000,0.000000,0.000000,0.000000,0.000000,0.000000,0.000000,0.000000,0.000000,0.000000,0.000000,0.000000,0.000000,0.000000,0,0,0,0
"9,4",0,99299,0,0,976,4,99999,99999,99999,99999,99999,99999,0.000000,0.000000,0.000000,0.000000,0.000000,0.000000,0.000000,0.000000,0.000000,0.000000,0.000000,0.000000,0.000000,0.000000,0,0,0,0
"9,5",0,99299,0,0,975,4,99999,99999,99999,99999,99999,99999,0.000000,0.000000,0.000000,0.000000,0.000000,0.000000,0.000000,0.000000,0.000000,0.000000,0.000000,0.000000,0.000000,0.000000,0,0,0,0
"9,6",0,99299,0,0,76,4,99999,99999,99999,99999,99999,99999,0.000000,0.000000,0.000000,0.000000,0.000000,0.000000,0.000000,0.000000,0.000000,0.000000,0.000000,0.000000,0.000000,0.000000,0,0,0,0
"9,7",0,99299,0,0,78,4,99999,99999,99999,99999,99999,99999,0.000000,0.000000,0.000000,0.000000,0.000000,0.000000,0.000000,0.000000,0.000000,0.000000,0.000000,0.000000,0.000000,0.000000,0,0,0,0
"9,8",0,99299,0,0,72,4,99999,99999,99999,99999,99999,99999,0.000000,0.000000,0.000000,0.000000,0.000000,0.000000,0.000000,0.000000,0.000000,0.000000,0.000000,0.000000,0.000000,0.000000,0,0,0,0
"9,9",0,99299,0,0,70,4,99999,99999,99999,99999,99999,99999,0.000000,0.000000,0.000000,0.000000,0.000000,0.000000,0.000000,0.000000,0.000000,0.000000,0.000000,0.000000,0.000000,0.000000,0,0,0,0
"9,10",0,99299,0,0,84,4,99999,99999,99999,99999,99999,99999,0.000000,0.000000,0.000000,0.000000,0.000000,0.000000,0.000000,0.000000,0.000000,0.000000,0.000000,0.000000,0.000000,0.000000,0,0,0,0
"9,11",0,99299,0,0,74,4,99999,99999,99999,99999,99999,99999,0.000000,0.000000,0.000000,0.000000,0.000000,0.000000,0.000000,0.000000,0.000000,0.000000,0.000000,0.000000,0.000000,0.000000,0,0,0,0
"9,12",0,99299,0,0,75,4,99999,99999,99999,99999,99999,99999,0.000000,0.000000,0.000000,0.000000,0.000000,0.000000,0.000000,0.000000,0.000000,0.000000,0.000000,0.000000,0.000000,0.000000,0,0,0,0
"9,13",0,99299,0,0,72,4,99999,99999,99999,99999,99999,99999,0.000000,0.000000,0.000000,0.000000,0.000000,0.000000,0.000000,0.000000,0.000000,0.000000,0.000000,0.000000,0.000000,0.000000,0,0,0,0
"9,14",0,99299,0,0,9,4,99999,99999,99999,99999,99999,99999,0.000000,0.000000,0.000000,0.000000,0.000000,0.000000,0.000000,0.000000,0.000000,0.000000,0.000000,0.000000,0.000000,0.000000,0,0,0,0
"9,15",0,99299,0,0,8,4,99999,99999,99999,99999,99999,99999,0.000000,0.000000,0.000000,0.000000,0.000000,0.000000,0.000000,0.000000,0.000000,0.000000,0.000000,0.000000,0.000000,0.000000,0,0,0,0
"9,16",0,99299,0,0,8,4,99999,99999,99999,99999,99999,99999,0.000000,0.000000,0.000000,0.000000,0.000000,0.000000,0.000000,0.000000,0.000000,0.000000,0.000000,0.000000,0.000000,0.000000,0,0,0,0
"9,17",0,99299,0,0,8,4,99999,99999,99999,99999,99999,99999,0.000000,0.000000,0.000000,0.000000,0.000000,0.000000,0.000000,0.000000,0.000000,0.000000,0.000000,0.000000,0.000000,0.000000,0,0,0,0
"9,18",0,99299,0,0,9,4,99999,99999,99999,99999,99999,99999,0.000000,0.000000,0.000000,0.000000,0.000000,0.000000,0.000000,0.000000,0.000000,0.000000,0.000000,0.000000,0.000000,0.000000,0,0,0,0
"9,19",0,99299,0,0,4,4,99999,99999,99999,99999,99999,99999,0.000000,0.000000,0.000000,0.000000,0.000000,0.000000,0.000000,0.000000,0.000000,0.000000,0.000000,0.000000,0.000000,0.000000,0,0,0,0
"9,20",0,99299,0,0,4,4,99999,99999,99999,99999,99999,99999,0.000000,0.000000,0.000000,0.000000,0.000000,0.000000,0.000000,0.000000,0.000000,0.000000,0.000000,0.000000,0.000000,0.000000,0,0,0,0
"9,21",0,99299,0,0,5,4,99999,99999,99999,99999,99999,99999,0.000000,0.000000,0.000000,0.000000,0.000000,0.000000,0.000000,0.000000,0.000000,0.000000,0.000000,0.000000,0.000000,0.000000,0,0,0,0
"9,22",0,99299,0,0,5,4,99999,99999,99999,99999,99999,99999,0.000000,0.000000,0.000000,0.000000,0.000000,0.000000,0.000000,0.000000,0.000000,0.000000,0.000000,0.000000,0.000000,0.000000,0,0,0,0
"9,23",0,99299,0,0,4,4,99999,99999,99999,99999,99999,99999,0.000000,0.000000,0.000000,0.000000,0.000000,0.000000,0.000000,0.000000,0.000000,0.000000,0.000000,0.000000,0.000000,0.000000,0,0,0,0
"9,24",0,99299,0,0,4,4,99999,99999,99999,99999,99999,99999,0.000000,0.000000,0.000000,0.000000,0.000000,0.000000,0.000000,0.000000,0.000000,0.000000,0.000000,0.000000,0.000000,0.000000,0,0,0,0
"9,25",0,99299,0,0,4,4,99999,99999,99999,99999,99999,99999,0.000000,0.000000,0.000000,0.000000,0.000000,0.000000,0.000000,0.000000,0.000000,0.000000,0.000000,0.000000,0.000000,0.000000,0,0,0,0
"9,26",0,99299,0,0,4,4,99999,99999,99999,99999,99999,99999,0.000000,0.000000,0.000000,0.000000,0.000000,0.000000,0.000000,0.000000,0.000000,0.000000,0.000000,0.000000,0.000000,0.000000,0,0,0,0
"10,-26",0,99299,0,0,978,4,99999,99999,99999,99999,99999,99999,0.000000,0.000000,0.000000,0.000000,0.000000,0.000000,0.000000,0.000000,0.000000,0.000000,0.000000,0.000000,0.000000,0.000000,0,0,0,0
"10,-25",0,99299,0,0,962,4,99999,99999,99999,99999,99999,99999,0.000000,0.000000,0.000000,0.000000,0.000000,0.000000,0.000000,0.000000,0.000000,0.000000,0.000000,0.000000,0.000000,0.000000,0,0,0,0
"10,-24",0,99299,0,0,968,4,99999,99999,99999,99999,99999,99999,0.000000,0.000000,0.000000,0.000000,0.000000,0.000000,0.000000,0.000000,0.000000,0.000000,0.000000,0.000000,0.000000,0.000000,0,0,0,0
"10,-23",0,99299,0,0,972,4,99999,99999,99999,99999,99999,99999,0.000000,0.000000,0.000000,0.000000,0.000000,0.000000,0.000000,0.000000,0.000000,0.000000,0.000000,0.000000,0.000000,0.000000,0,0,0,0
"10,-22",0,99299,0,0,976,4,99999,99999,99999,99999,99999,99999,0.000000,0.000000,0.000000,0.000000,0.000000,0.000000,0.000000,0.000000,0.000000,0.000000,0.000000,0.000000,0.000000,0.000000,0,0,0,0
"10,-21",0,99299,0,0,975,4,99999,99999,99999,99999,99999,99999,0.000000,0.000000,0.000000,0.000000,0.000000,0.000000,0.000000,0.000000,0.000000,0.000000,0.000000,0.000000,0.000000,0.000000,0,0,0,0
"10,-20",0,99299,0,0,967,4,99999,99999,99999,99999,99999,99999,0.000000,0.000000,0.000000,0.000000,0.000000,0.000000,0.000000,0.000000,0.000000,0.000000,0.000000,0.000000,0.000000,0.000000,0,0,0,0
"10,-19",0,99299,0,0,977,4,99999,99999,99999,99999,99999,99999,0.000000,0.000000,0.000000,0.000000,0.000000,0.000000,0.000000,0.000000,0.000000,0.000000,0.000000,0.000000,0.000000,0.000000,0,0,0,0
"10,-18",0,99299,0,0,979,4,99999,99999,99999,99999,99999,99999,0.000000,0.000000,0.000000,0.000000,0.000000,0.000000,0.000000,0.000000,0.000000,0.000000,0.000000,0.000000,0.000000,0.000000,0,0,0,0
"10,-17",0,99299,0,0,965,4,99999,99999,99999,99999,99999,99999,0.000000,0.000000,0.000000,0.000000,0.000000,0.000000,0.000000,0.000000,0.000000,0.000000,0.000000,0.000000,0.000000,0.000000,0,0,0,0
"10,-16",0,99299,0,0,973,4,99999,99999,99999,99999,99999,99999,0.000000,0.000000,0.000000,0.000000,0.000000,0.000000,0.000000,0.000000,0.000000,0.000000,0.000000,0.000000,0.000000,0.000000,0,0,0,0
"10,-15",0,99299,0,0,970,4,99999,99999,99999,99999,99999,99999,0.000000,0.000000,0.000000,0.000000,0.000000,0.000000,0.000000,0.000000,0.000000,0.000000,0.000000,0.000000,0.000000,0.000000,0,0,0,0
"10,-14",0,99299,0,0,976,4,99999,99999,99999,99999,99999,99999,0.000000,0.000000,0.000000,0.000000,0.000000,0.000000,0.000000,0.000000,0.000000,0.000000,0.000000,0.000000,0.000000,0.000000,0,0,0,0
"10,-13",0,99299,0,0,976,4,99999,99999,99999,99999,99999,99999,0.000000,0.000000,0.000000,0.000000,0.000000,0.000000,0.000000,0.000000,0.000000,0.000000,0.000000,0.000000,0.000000,0.000000,0,0,0,0
"10,-12",0,99299,0,0,964,4,99999,99999,99999,99999,99999,99999,0.000000,0.000000,0.000000,0.000000,0.000000,0.000000,0.000000,0.000000,0.000000,0.000000,0.000000,0.000000,0.000000,0.000000,0,0,0,0
"10,-11",0,99299,0,0,973,4,99999,99999,99999,99999,99999,99999,0.000000,0.000000,0.000000,0.000000,0.000000,0.000000,0.000000,0.000000,0.000000,0.000000,0.000000,0.000000,0.000000,0.000000,0,0,0,0
"10,-10",0,99299,0,0,980,4,99999,99999,99999,99999,99999,99999,0.000000,0.000000,0.000000,0.000000,0.000000,0.000000,0.000000,0.000000,0.000000,0.000000,0.000000,0.000000,0.000000,0.000000,0,0,0,0
"10,-9",0,99299,0,0,970,4,99999,99999,99999,99999,99999,99999,0.000000,0.000000,0.000000,0.000000,0.000000,0.000000,0.000000,0.000000,0.000000,0.000000,0.000000,0.000000,0.000000,0.000000,0,0,0,0
"10,-8",0,99299,0,0,968,4,99999,99999,99999,99999,99999,99999,0.000000,0.000000,0.000000,0.000000,0.000000,0.000000,0.000000,0.000000,0.000000,0.000000,0.000000,0.000000,0.000000,0.000000,0,0,0,0
"10,-7",0,99299,0,0,977,4,99999,99999,99999,99999,99999,99999,0.000000,0.000000,0.000000,0.000000,0.000000,0.000000,0.000000,0.000000,0.000000,0.000000,0.000000,0.000000,0.000000,0.000000,0,0,0,0
"10,-6",0,99299,0,0,974,4,99999,99999,99999,99999,99999,99999,0.000000,0.000000,0.000000,0.000000,0.000000,0.000000,0.000000,0.000000,0.000000,0.000000,0.000000,0.000000,0.000000,0.000000,0,0,0,0
"10,-5",0,99299,0,0,976,4,99999,99999,99999,99999,99999,99999,0.000000,0.000000,0.000000,0.000000,0.000000,0.000000,0.000000,0.000000,0.000000,0.000000,0.000000,0.000000,0.000000,0.000000,0,0,0,0
"10,-4",0,99299,0,0,986,4,99999,99999,99999,99999,99999,99999,0.000000,0.000000,0.000000,0.000000,0.000000,0.000000,0.000000,0.000000,0.000000,0.000000,0.000000,0.000000,0.000000,0.000000,0,0,0,0
"10,-3",0,99299,0,0,968,4,99999,99999,99999,99999,99999,99999,0.000000,0.000000,0.000000,0.000000,0.000000,0.000000,0.000000,0.000000,0.000000,0.000000,0.000000,0.000000,0.000000,0.000000,0,0,0,0
"10,-2",0,99299,0,0,975,4,99999,99999,99999,99999,99999,99999,0.000000,0.000000,0.000000,0.000000,0.000000,0.000000,0.000000,0.000000,0.000000,0.000000,0.000000,0.000000,0.000000,0.000000,0,0,0,0
"10,-1",0,99299,0,0,972,4,99999,99999,99999,99999,99999,99999,0.000000,0.000000,0.000000,0.000000,0.000000,0.000000,0.000000,0.000000,0.000000,0.000000,0.000000,0.000000,0.000000,0.000000,0,0,0,0
"10,0",0,99299,0,0,967,4,99999,99999,99999,99999,99999,99999,0.000000,0.000000,0.000000,0.000000,0.000000,0.000000,0.000000,0.000000,0.000000,0.000000,0.000000,0.000000,0.000000,0.000000,0,0,0,0
"10,1",0,99299,0,0,973,4,99999,99999,99999,99999,99999,99999,0.000000,0.000000,0.000000,0.000000,0.000000,0.000000,0.000000,0.000000,0.000000,0.000000,0.000000,0.000000,0.000000,0.000000,0,0,0,0
"10,2",0,99299,0,0,982,4,99999,99999,99999,99999,99999,99999,0.000000,0.000000,0.000000,0.000000,0.000000,0.000000,0.000000,0.000000,0.000000,0.000000,0.000000,0.000000,0.000000,0.000000,0,0,0,0
"10,3",0,99299,0,0,980,4,99999,99999,99999,99999,99999,99999,0.000000,0.000000,0.000000,0.000000,0.000000,0.000000,0.000000,0.000000,0.000000,0.000000,0.000000,0.000000,0.000000,0.000000,0,0,0,0
"10,4",0,99299,0,0,980,4,99999,99999,99999,99999,99999,99999,0.000000,0.000000,0.000000,0.000000,0.000000,0.000000,0.000000,0.000000,0.000000,0.000000,0.000000,0.000000,0.000000,0.000000,0,0,0,0
"10,5",0,99299,0,0,82,4,99999,99999,99999,99999,99999,99999,0.000000,0.000000,0.000000,0.000000,0.000000,0.000000,0.000000,0.000000,0.000000,0.000000,0.000000,0.000000,0.000000,0.000000,0,0,0,0
"10,6",0,99299,0,0,81,4,99999,99999,99999,99999,99999,99999,0.000000,0.000000,0.000000,0.000000,0.000000,0.000000,0.000000,0.000000,0.000000,0.000000,0.000000,0.000000,0.000000,0.000000,0,0,0,0
"10,7",0,99299,0,0,71,4,99999,99999,99999,99999,99999,99999,0.000000,0.000000,0.000000,0.000000,0.000000,0.000000,0.000000,0.000000,0.000000,0.000000,0.000000,0.000000,0.000000,0.000000,0,0,0,0
"10,8",0,99299,0,0,71,4,99999,99999,99999,99999,99999,99999,0.000000,0.000000,0.000000,0.000000,0.000000,0.000000,0.000000,0.000000,0.000000,0.000000,0.000000,0.000000,0.000000,0.000000,0,0,0,0
"10,9",0,99299,0,0,86,4,99999,99999,99999,99999,99999,99999,0.000000,0.000000,0.000000,0.000000,0.000000,0.000000,0.000000,0.000000,0.000000,0.000000,0.000000,0.000000,0.000000,0.000000,0,0,0,0
"10,10",0,99299,0,0,80,4,99999,99999,99999,99999,99999,99999,0.000000,0.000000,0.000000,0.000000,0.000000,0.000000,0.000000,0.000000,0.000000,0.000000,0.000000,0.000000,0.000000,0.000000,0,0,0,0
"10,11",0,99299,0,0,71,4,99999,99999,99999,99999,99999,99999,0.000000,0.000000,0.000000,0.000000,0.000000,0.000000,0.000000,0.000000,0.000000,0.000000,0.000000,0.000000,0.000000,0.000000,0,0,0,0
"10,12",0,99299,0,0,81,4,99999,99999,99999,99999,99999,99999,0.000000,0.000000,0.000000,0.000000,0.000000,0.000000,0.000000,0.000000,0.000000,0.000000,0.000000,0.000000,0.000000,0.000000,0,0,0,0
"10,13",0,99299,0,0,9,4,99999,99999,99999,99999,99999,99999,0.000000,0.000000,0.000000,0.000000,0.000000,0.000000,0.000000,0.000000,0.000000,0.000000,0.000000,0.000000,0.000000,0.000000,0,0,0,0
"10,14",0,99299,0,0,10,4,99999,99999,99999,99999,99999,99999,0.000000,0.000000,0.000000,0.000000,0.000000,0.000000,0.000000,0.000000,0.000000,0.000000,0.000000,0.000000,0.000000,0.000000,0,0,0,0
"10,15",0,99299,0,0,9,4,99999,99999,99999,99999,99999,99999,0.000000,0.000000,0.000000,0.000000,0.000000,0.000000,0.000000,0.000000,0.000000,0.000000,0.000000,0.000000,0.000000,0.000000,0,0,0,0
"10,16",0,99299,0,0,9,4,99999,99999,99999,99999,99999,99999,0.000000,0.000000,0.000000,0.000000,0.000000,0.000000,0.000000,0.000000,0.000000,0.000000,0.000000,0.000000,0.000000,0.000000,0,0,0,0
"10,17",0,99299,0,0,9,4,99999,99999,99999,99999,99999,99999,0.000000,0.000000,0.000000,0.000000,0.000000,0.000000,0.000000,0.000000,0.000000,0.000000,0.000000,0.000000,0.000000,0.000000,0,0,0,0
"10,18",0,99299,0,0,5,4,99999,99999,99999,99999,99999,99999,0.000000,0.000000,0.000000,0.000000,0.000000,0.000000,0.000000,0.000000,0.000000,0.000000,0.000000,0.000000,0.000000,0.000000,0,0,0,0
"10,19",0,99299,0,0,4,4,99999,99999,99999,99999,99999,99999,0.000000,0.000000,0.000000,0.000000,0.000000,0.000000,0.000000,0.000000,0.000000,0.000000,0.000000,0.000000,0.000000,0.000000,0,0,0,0
"10,20",0,99299,0,0,4,4,99999,99999,99999,99999,99999,99999,0.000000,0.000000,0.000000,0.000000,0.000000,0.000000,0.000000,0.000000,0.000000,0.000000,0.000000,0.000000,0.000000,0.000000,0,0,0,0
"10,21",0,99299,0,0,4,4,99999,99999,99999,99999,99999,99999,0.000000,0.000000,0.000000,0.000000,0.000000,0.000000,0.000000,0.000000,0.000000,0.000000,0.000000,0.000000,0.000000,0.000000,0,0,0,0
"10,22",0,99299,0,0,4,4,99999,99999,99999,99999,99999,99999,0.000000,0.000000,0.000000,0.000000,0.000000,0.000000,0.000000,0.000000,0.000000,0.000000,0.000000,0.000000,0.000000,0.000000,0,0,0,0
"10,23",0,99299,0,0,4,4,99999,99999,99999,99999,99999,99999,0.000000,0.000000,0.000000,0.000000,0.000000,0.000000,0.000000,0.000000,0.000000,0.000000,0.000000,0.000000,0.000000,0.000000,0,0,0,0
"10,24",0,99299,0,0,4,4,99999,99999,99999,99999,99999,99999,0.000000,0.000000,0.000000,0.000000,0.000000,0.000000,0.000000,0.000000,0.000000,0.000000,0.000000,0.000000,0.000000,0.000000,0,0,0,0
"10,25",0,99299,0,0,4,4,99999,99999,99999,99999,99999,99999,0.000000,0.000000,0.000000,0.000000,0.000000,0.000000,0.000000,0.000000,0.000000,0.000000,0.000000,0.000000,0.000000,0.000000,0,0,0,0
"10,26",0,99299,0,0,4,4,99999,99999,99999,99999,99999,99999,0.000000,0.000000,0.000000,0.000000,0.000000,0.000000,0.000000,0.000000,0.000000,0.000000,0.000000,0.000000,0.000000,0.000000,0,0,0,0
"11,-26",0,99299,0,0,966,4,99999,99999,99999,99999,99999,99999,0.000000,0.000000,0.000000,0.000000,0.000000,0.000000,0.000000,0.000000,0.000000,0.000000,0.000000,0.000000,0.000000,0.000000,0,0,0,0
"11,-25",0,99299,0,0,973,4,99999,99999,99999,99999,99999,99999,0.000000,0.000000,0.000000,0.000000,0.000000,0.000000,0.000000,0.000000,0.000000,0.000000,0.000000,0.000000,0.000000,0.000000,0,0,0,0
"11,-24",0,99299,0,0,977,4,99999,99999,99999,99999,99999,99999,0.000000,0.000000,0.000000,0.000000,0.000000,0.000000,0.000000,0.000000,0.000000,0.000000,0.000000,0.000000,0.000000,0.000000,0,0,0,0
"11,-23",0,99299,0,0,979,4,99999,99999,99999,99999,99999,99999,0.000000,0.000000,0.000000,0.000000,0.000000,0.000000,0.000000,0.000000,0.000000,0.000000,0.000000,0.000000,0.000000,0.000000,0,0,0,0
"11,-22",0,99299,0,0,975,4,99999,99999,99999,99999,99999,99999,0.000000,0.000000,0.000000,0.000000,0.000000,0.000000,0.000000,0.000000,0.000000,0.000000,0.000000,0.000000,0.000000,0.000000,0,0,0,0
"11,-21",0,99299,0,0,981,4,99999,99999,99999,99999,99999,99999,0.000000,0.000000,0.000000,0.000000,0.000000,0.000000,0.000000,0.000000,0.000000,0.000000,0.000000,0.000000,0.000000,0.000000,0,0,0,0
"11,-20",0,99299,0,0,978,4,99999,99999,99999,99999,99999,99999,0.000000,0.000000,0.000000,0.000000,0.000000,0.000000,0.000000,0.000000,0.000000,0.000000,0.000000,0.000000,0.000000,0.000000,0,0,0,0
"11,-19",0,99299,0,0,972,4,99999,99999,99999,99999,99999,99999,0.000000,0.000000,0.000000,0.000000,0.000000,0.000000,0.000000,0.000000,0.000000,0.000000,0.000000,0.000000,0.000000,0.000000,0,0,0,0
"11,-18",0,99299,0,0,961,4,99999,99999,99999,99999,99999,99999,0.000000,0.000000,0.000000,0.000000,0.000000,0.000000,0.000000,0.000000,0.000000,0.000000,0.000000,0.000000,0.000000,0.000000,0,0,0,0
"11,-17",0,99299,0,0,980,4,99999,99999,99999,99999,99999,99999,0.000000,0.000000,0.000000,0.000000,0.000000,0.000000,0.000000,0.000000,0.000000,0.000000,0.000000,0.000000,0.000000,0.000000,0,0,0,0
"11,-16",0,99299,0,0,988,4,99999,99999,99999,99999,99999,99999,0.000000,0.000000,0.000000,0.000000,0.000000,0.000000,0.000000,0.000000,0.000000,0.000000,0.000000,0.000000,0.000000,0.000000,0,0,0,0
"11,-15",0,99299,0,0,982,4,99999,99999,99999,99999,99999,99999,0.000000,0.000000,0.000000,0.000000,0.000000,0.000000,0.000000,0.000000,0.000000,0.000000,0.000000,0.000000,0.000000,0.000000,0,0,0,0
"11,-14",0,99299,0,0,970,4,99999,99999,99999,99999,99999,99999,0.000000,0.000000,0.000000,0.000000,0.000000,0.000000,0.000000,0.000000,0.000000,0.000000,0.000000,0.000000,0.000000,0.000000,0,0,0,0
"11,-13",0,99299,0,0,973,4,99999,99999,99999,99999,99999,99999,0.000000,0.000000,0.000000,0.000000,0.000000,0.000000,0.000000,0.000000,0.000000,0.000000,0.000000,0.000000,0.000000,0.000000,0,0,0,0
"11,-12",0,99299,0,0,981,4,99999,99999,99999,99999,99999,99999,0.000000,0.000000,0.000000,0.000000,0.000000,0.000000,0.000000,0.000000,0.000000,0.000000,0.000000,0.000000,0.000000,0.000000,0,0,0,0
"11,-11",0,99299,0,0,985,4,99999,99999,99999,99999,99999,99999,0.000000,0.000000,0.000000,0.000000,0.000000,0.000000,0.000000,0.000000,0.000000,0.000000,0.000000,0.000000,0.000000,0.000000,0,0,0,0
"11,-10",0,99299,0,0,973,4,99999,99999,99999,99999,99999,99999,0.000000,0.000000,0.000000,0.000000,0.000000,0.000000,0.000000,0.000000,0.000000,0.000000,0.000000,0.000000,0.000000,0.000000,0,0,0,0
"11,-9",0,99299,0,0,976,4,99999,99999,99999,99999,99999,99999,0.000000,0.000000,0.000000,0.000000,0.000000,0.000000,0.000000,0.000000,0.000000,0.000000,0.000000,0.000000,0.000000,0.000000,0,0,0,0
"11,-8",0,99299,0,0,971,4,99999,99999,99999,99999,99999,99999,0.000000,0.000000,0.000000,0.000000,0.000000,0.000000,0.000000,0.000000,0.000000,0.000000,0.000000,0.000000,0.000000,0.000000,0,0,0,0
"11,-7",0,99299,0,0,972,4,99999,99999,99999,99999,99999,99999,0.000000,0.000000,0.000000,0.000000,0.000000,0.000000,0.000000,0.000000,0.000000,0.000000,0.000000,0.000000,0.000000,0.000000,0,0,0,0
"11,-6",0,99299,0,0,974,4,99999,99999,99999,99999,99999,99999,0.000000,0.000000,0.000000,0.000000,0.000000,0.000000,0.000000,0.000000,0.000000,0.000000,0.000000,0.000000,0.000000,0.000000,0,0,0,0
"11,-5",0,99299,0,0,972,4,99999,99999,99999,99999,99999,99999,0.000000,0.000000,0.000000,0.000000,0.000000,0.000000,0.000000,0.000000,0.000000,0.000000,0.000000,0.000000,0.000000,0.000000,0,0,0,0
"11,-4",0,99299,0,0,965,4,99999,99999,99999,99999,99999,99999,0.000000,0.000000,0.000000,0.000000,0.000000,0.000000,0.000000,0.000000,0.000000,0.000000,0.000000,0.000000,0.000000,0.000000,0,0,0,0
"11,-3",0,99299,0,0,977,4,99999,99999,99999,99999,99999,99999,0.000000,0.000000,0.000000,0.000000,0.000000,0.000000,0.000000,0.000000,0.000000,0.000000,0.000000,0.000000,0.000000,0.000000,0,0,0,0
"11,-2",0,99299,0,0,971,4,99999,99999,99999,99999,99999,99999,0.000000,0.000000,0.000000,0.000000,0.000000,0.000000,0.000000,0.000000,0.000000,0.000000,0.000000,0.000000,0.000000,0.000000,0,0,0,0
"11,-1",0,99299,0,0,981,4,99999,99999,99999,99999,99999,99999,0.000000,0.000000,0.000000,0.000000,0.000000,0.000000,0.000000,0.000000,0.000000,0.000000,0.000000,0.000000,0.000000,0.000000,0,0,0,0
"11,0",0,99299,0,0,967,4,99999,99999,99999,99999,99999,99999,0.000000,0.000000,0.000000,0.000000,0.000000,0.000000,0.000000,0.000000,0.000000,0.000000,0.000000,0.000000,0.000000,0.000000,0,0,0,0
"11,1",0,99299,0,0,985,4,99999,99999,99999,99999,99999,99999,0.000000,0.000000,0.000000,0.000000,0.000000,0.000000,0.000000,0.000000,0.000000,0.000000,0.000000,0.000000,0.000000,0.000000,0,0,0,0
"11,2",0,99299,0,0,970,4,99999,99999,99999,99999,99999,99999,0.000000,0.000000,0.000000,0.000000,0.000000,0.000000,0.000000,0.000000,0.000000,0.000000,0.000000,0.000000,0.000000,0.000000,0,0,0,0
"11,3",0,99299,0,0,972,4,99999,99999,99999,99999,99999,99999,0.000000,0.000000,0.000000,0.000000,0.000000,0.000000,0.000000,0.000000,0.000000,0.000000,0.000000,0.000000,0.000000,0.000000,0,0,0,0
"11,4",0,99299,0,0,80,4,99999,99999,99999,99999,99999,99999,0.000000,0.000000,0.000000,0.000000,0.000000,0.000000,0.000000,0.000000,0.000000,0.000000,0.000000,0.000000,0.000000,0.000000,0,0,0,0
"11,5",0,99299,0,0,79,4,99999,99999,99999,99999,99999,99999,0.000000,0.000000,0.000000,0.000000,0.000000,0.000000,0.000000,0.000000,0.000000,0.000000,0.000000,0.000000,0.000000,0.000000,0,0,0,0
"11,6",0,99299,0,0,82,4,99999,99999,99999,99999,99999,99999,0.000000,0.000000,0.000000,0.000000,0.000000,0.000000,0.000000,0.000000,0.000000,0.000000,0.000000,0.000000,0.000000,0.000000,0,0,0,0
"11,7",0,99299,0,0,71,4,99999,99999,99999,99999,99999,99999,0.000000,0.000000,0.000000,0.000000,0.000000,0.000000,0.000000,0.000000,0.000000,0.000000,0.000000,0.000000,0.000000,0.000000,0,0,0,0
"11,8",0,99299,0,0,74,4,99999,99999,99999,99999,99999,99999,0.000000,0.000000,0.000000,0.000000,0.000000,0.000000,0.000000,0.000000,0.000000,0.000000,0.000000,0.000000,0.000000,0.000000,0,0,0,0
"11,9",0,99299,0,0,72,4,99999,99999,99999,99999,99999,99999,0.000000,0.000000,0.000000,0.000000,0.000000,0.000000,0.000000,0.000000,0.000000,0.000000,0.000000,0.000000,0.000000,0.000000,0,0,0,0
"11,10",0,99299,0,0,78,4,99999,99999,99999,99999,99999,99999,0.000000,0.000000,0.000000,0.000000,0.000000,0.000000,0.000000,0.000000,0.000000,0.000000,0.000000,0.000000,0.000000,0.000000,0,0,0,0
"11,11",0,99299,0,0,66,4,99999,99999,99999,99999,99999,99999,0.000000,0.000000,0.000000,0.000000,0.000000,0.000000,0.000000,0.000000,0.000000,0.000000,0.000000,0.000000,0.000000,0.000000,0,0,0,0
"11,12",0,99299,0,0,56,4,99999,99999,99999,99999,99999,99999,0.000000,0.000000,0.000000,0.000000,0.000000,0.000000,0.000000,0.000000,0.000000,0.000000,0.000000,0.000000,0.000000,0.000000,0,0,0,0
"11,13",0,99299,0,0,9,4,99999,99999,99999,99999,99999,99999,0.000000,0.000000,0.000000,0.000000,0.000000,0.000000,0.000000,0.000000,0.000000,0.000000,0.000000,0.000000,0.000000,0.000000,0,0,0,0
"11,14",0,99299,0,0,8,4,99999,99999,99999,99999,99999,99999,0.000000,0.000000,0.000000,0.000000,0.000000,0.000000,0.000000,0.000000,0.000000,0.000000,0.000000,0.000000,0.000000,0.000000,0,0,0,0
"11,15",0,99299,0,0,10,4,99999,99999,99999,99999,99999,99999,0.000000,0.000000,0.000000,0.000000,0.000000,0.000000,0.000000,0.000000,0.000000,0.000000,0.000000,0.000000,0.000000,0.000000,0,0,0,0
"11,16",0,99299,0,0,8,4,99999,99999,99999,99999,99999,99999,0.000000,0.000000,0.000000,0.000000,0.000000,0.000000,0.000000,0.000000,0.000000,0.000000,0.000000,0.000000,0.000000,0.000000,0,0,0,0
"11,17",0,99299,0,0,9,4,99999,99999,99999,99999,99999,99999,0.000000,0.000000,0.000000,0.000000,0.000000,0.000000,0.000000,0.000000,0.000000,0.000000,0.000000,0.000000,0.000000,0.000000,0,0,0,0
"11,18",0,99299,0,0,4,4,99999,99999,99999,99999,99999,99999,0.000000,0.000000,0.000000,0.000000,0.000000,0.000000,0.000000,0.000000,0.000000,0.000000,0.000000,0.000000,0.000000,0.000000,0,0,0,0
"11,19",0,99299,0,0,4,4,99999,99999,99999,99999,99999,99999,0.000000,0.000000,0.000000,0.000000,0.000000,0.000000,0.000000,0.000000,0.000000,0.000000,0.000000,0.000000,0.000000,0.000000,0,0,0,0
"11,20",0,99299,0,0,4,4,99999,99999,99999,99999,99999,99999,0.000000,0.000000,0.000000,0.000000,0.000000,0.000000,0.000000,0.000000,0.000000,0.000000,0.000000,0.000000,0.000000,0.000000,0,0,0,0
"11,21",0,99299,0,0,4,4,99999,99999,99999,99999,99999,99999,0.000000,0.000000,0.000000,0.000000,0.000000,0.000000,0.000000,0.000000,0.000000,0.000000,0.000000,0.000000,0.000000,0.000000,0,0,0,0
"11,22",0,99299,0,0,4,4,99999,99999,99999,99999,99999,99999,0.000000,0.000000,0.000000,0.000000,0.000000,0.000000,0.000000,0.000000,0.000000,0.000000,0.000000,0.000000,0.000000,0.000000,0,0,0,0
"11,23",0,99299,0,0,4,4,99999,99999,99999,99999,99999,99999,0.000000,0.000000,0.000000,0.000000,0.000000,0.000000,0.000000,0.000000,0.000000,0.000000,0.000000,0.000000,0.000000,0.000000,0,0,0,0
"11,24",0,99299,0,0,4,4,99999,99999,99999,99999,99999,99999,0.000000,0.000000,0.000000,0.000000,0.000000,0.000000,0.000000,0.000000,0.000000,0.000000,0.000000,0.000000,0.000000,0.000000,0,0,0,0
"11,25",0,99299,0,0,4,4,99999,99999,99999,99999,99999,99999,0.000000,0.000000,0.000000,0.000000,0.000000,0.000000,0.000000,0.000000,0.000000,0.000000,0.000000,0.000000,0.000000,0.000000,0,0,0,0
"11,26",0,99299,0,0,4,4,99999,99999,99999,99999,99999,99999,0.000000,0.000000,0.000000,0.000000,0.000000,0.000000,0.000000,0.000000,0.000000,0.000000,0.000000,0.000000,0.000000,0.000000,0,0,0,0
"12,-26",0,99299,0,0,980,4,99999,99999,99999,99999,99999,99999,0.000000,0.000000,0.000000,0.000000,0.000000,0.000000,0.000000,0.000000,0.000000,0.000000,0.000000,0.000000,0.000000,0.000000,0,0,0,0
"12,-25",0,99299,0,0,969,4,99999,99999,99999,99999,99999,99999,0.000000,0.000000,0.000000,0.000000,0.000000,0.000000,0.000000,0.000000,0.000000,0.000000,0.000000,0.000000,0.000000,0.000000,0,0,0,0
"12,-24",0,99299,0,0,980,4,99999,99999,99999,99999,99999,99999,0.000000,0.000000,0.000000,0.000000,0.000000,0.000000,0.000000,0.000000,0.000000,0.000000,0.000000,0.000000,0.000000,0.000000,0,0,0,0
"12,-23",0,99299,0,0,976,4,99999,99999,99999,99999,99999,99999,0.000000,0.000000,0.000000,0.000000,0.000000,0.000000,0.000000,0.000000,0.000000,0.000000,0.000000,0.000000,0.000000,0.000000,0,0,0,0
"12,-22",0,99299,0,0,966,4,99999,99999,99999,99999,99999,99999,0.000000,0.000000,0.000000,0.000000,0.000000,0.000000,0.000000,0.000000,0.000000,0.000000,0.000000,0.000000,0.000000,0.000000,0,0,0,0
"12,-21",0,99299,0,0,978,4,99999,99999,99999,99999,99999,99999,0.000000,0.000000,0.000000,0.000000,0.000000,0.000000,0.000000,0.000000,0.000000,0.000000,0.000000,0.000000,0.000000,0.000000,0,0,0,0
"12,-20",0,99299,0,0,972,4,99999,99999,99999,99999,99999,99999,0.000000,0.000000,0.000000,0.000000,0.000000,0.000000,0.000000,0.000000,0.000000,0.000000,0.000000,0.000000,0.000000,0.000000,0,0,0,0
"12,-19",0,99299,0,0,979,4,99999,99999,99999,99999,99999,99999,0.000000,0.000000,0.000000,0.000000,0.000000,0.000000,0.000000,0.000000,0.000000,0.000000,0.000000,0.000000,0.000000,0.000000,0,0,0,0
"12,-18",0,99299,0,0,980,4,99999,99999,99999,99999,99999,99999,0.000000,0.000000,0.000000,0.000000,0.000000,0.000000,0.000000,0.000000,0.000000,0.000000,0.000000,0.000000,0.000000,0.000000,0,0,0,0
"12,-17",0,99299,0,0,978,4,99999,99999,99999,99999,99999,99999,0.000000,0.000000,0.000000,0.000000,0.000000,0.000000,0.000000,0.000000,0.000000,0.000000,0.000000,0.000000,0.000000,0.000000,0,0,0,0
"12,-16",0,99299,0,0,977,4,99999,99999,99999,99999,99999,99999,0.000000,0.000000,0.000000,0.000000,0.000000,0.000000,0.000000,0.000000,0.000000,0.000000,0.000000,0.000000,0.000000,0.000000,0,0,0,0
"12,-15",0,99299,0,0,974,4,99999,99999,99999,99999,99999,99999,0.000000,0.000000,0.000000,0.000000,0.000000,0.000000,0.000000,0.000000,0.000000,0.000000,0.000000,0.000000,0.000000,0.000000,0,0,0,0
"12,-14",0,99299,0,0,979,4,99999,99999,99999,99999,99999,99999,0.000000,0.000000,0.000000,0.000000,0.000000,0.000000,0.000000,0.000000,0.000000,0.000000,0.000000,0.000000,0.000000,0.000000,0,0,0,0
"12,-13",0,99299,0,0,985,4,99999,99999,99999,99999,99999,99999,0.000000,0.000000,0.000000,0.000000,0.000000,0.000000,0.000000,0.000000,0.000000,0.000000,0.000000,0.000000,0.000000,0.000000,0,0,0,0
"12,-12",0,99299,0,0,974,4,99999,99999,99999,99999,99999,99999,0.000000,0.000000,0.000000,0.000000,0.000000,0.000000,0.000000,0.000000,0.000000,0.000000,0.000000,0.000000,0.000000,0.000000,0,0,0,0
"12,-11",0,99299,0,0,976,4,99999,99999,99999,99999,99999,99999,0.000000,0.000000,0.000000,0.000000,0.000000,0.000000,0.000000,0.000000,0.000000,0.000000,0.000000,0.000000,0.000000,0.000000,0,0,0,0
"12,-10",0,99299,0,0,982,4,99999,99999,99999,99999,99999,99999,0.000000,0.000000,0.000000,0.000000,0.000000,0.000000,0.000000,0.000000,0.000000,0.000000,0.000000,0.000000,0.000000,0.000000,0,0,0,0
"12,-9",0,99299,0,0,986,4,99999,99999,99999,99999,99999,99999,0.000000,0.000000,0.000000,0.000000,0.000000,0.000000,0.000000,0.000000,0.000000,0.000000,0.000000,0.000000,0.000000,0.000000,0,0,0,0
"12,-8",0,99299,0,0,976,4,99999,99999,99999,99999,99999,99999,0.000000,0.000000,0.000000,0.000000,0.000000,0.000000,0.000000,0.000000,0.000000,0.000000,0.000000,0.000000,0.000000,0.000000,0,0,0,0
"12,-7",0,99299,0,0,965,4,99999,99999,99999,99999,99999,99999,0.000000,0.000000,0.000000,0.000000,0.000000,0.000000,0.000000,0.000000,0.000000,0.000000,0.000000,0.000000,0.000000,0.000000,0,0,0,0
"12,-6",0,99299,0,0,974,4,99999,99999,99999,99999,99999,99999,0.000000,0.000000,0.000000,0.000000,0.000000,0.000000,0.000000,0.000000,0.000000,0.000000,0.000000,0.000000,0.000000,0.000000,0,0,0,0
"12,-5",0,99299,0,0,983,4,99999,99999,99999,99999,99999,99999,0.000000,0.000000,0.000000,0.000000,0.000000,0.000000,0.000000,0.000000,0.000000,0.000000,0.000000,0.000000,0.000000,0.000000,0,0,0,0
"12,-4",0,99299,0,0,981,4,99999,99999,99999,99999,99999,99999,0.000000,0.000000,0.000000,0.000000,0.000000,0.000000,0.000000,0.000000,0.000000,0.000000,0.000000,0.000000,0.000000,0.000000,0,0,0,0
"12,-3",0,99299,0,0,971,4,99999,99999,99999,99999,99999,99999,0.000000,0.000000,0.000000,0.000000,0.000000,0.000000,0.000000,0.000000,0.000000,0.000000,0.000000,0.000000,0.000000,0.000000,0,0,0,0
"12,-2",0,99299,0,0,967,4,99999,99999,99999,99999,99999,99999,0.000000,0.000000,0.000000,0.000000,0.000000,0.000000,0.000000,0.000000,0.000000,0.000000,0.000000,0.000000,0.000000,0.000000,0,0,0,0
"12,-1",0,99299,0,0,978,4,99999,99999,99999,99999,99999,99999,0.000000,0.000000,0.000000,0.000000,0.000000,0.000000,0.000000,0.000000,0.000000,0.000000,0.000000,0.000000,0.000000,0.000000,0,0,0,0
"12,0",0,99299,0,0,975,4,99999,99999,99999,99999,99999,99999,0.000000,0.000000,0.000000,0.000000,0.000000,0.000000,0.000000,0.000000,0.000000,0.000000,0.000000,0.000000,0.000000,0.000000,0,0,0,0
"12,1",0,99299,0,0,966,4,99999,99999,99999,99999,99999,99999,0.000000,0.000000,0.000000,0.000000,0.000000,0.000000,0.000000,0.000000,0.000000,0.000000,0.000000,0.000000,0.000000,0.000000,0,0,0,0
"12,2",0,99299,0,0,976,4,99999,99999,99999,99999,99999,99999,0.000000,0.000000,0.000000,0.000000,0.000000,0.000000,0.000000,0.000000,0.000000,0.000000,0.000000,0.000000,0.000000,0.000000,0,0,0,0
"12,3",0,99299,0,0,78,4,99999,99999,99999,99999,99999,99999,0.000000,0.000000,0.000000,0.000000,0.000000,0.000000,0.000000,0.000000,0.000000,0.000000,0.000000,0.000000,0.000000,0.000000,0,0,0,0
"12,4",0,99299,0,0,69,4,99999,99999,99999,99999,99999,99999,0.000000,0.000000,0.000000,0.000000,0.000000,0.000000,0.000000,0.000000,0.000000,0.000000,0.000000,0.000000,0.000000,0.000000,0,0,0,0
"12,5",0,99299,0,0,71,4,99999,99999,99999,99999,99999,99999,0.000000,0.000000,0.000000,0.000000,0.000000,0.000000,0.000000,0.000000,0.000000,0.000000,0.000000,0.000000,0.000000,0.000000,0,0,0,0
"12,6",0,99299,0,0,68,4,99999,99999,99999,99999,99999,99999,0.000000,0.000000,0.000000,0.000000,0.000000,0.000000,0.000000,0.000000,0.000000,0.000000,0.000000,0.000000,0.000000,0.000000,0,0,0,0
"12,7",0,99299,0,0,70,4,99999,99999,99999,99999,99999,99999,0.000000,0.000000,0.000000,0.000000,0.000000,0.000000,0.000000,0.000000,0.000000,0.000000,0.000000,0.000000,0.000000,0.000000,0,0,0,0
"12,8",0,99299,0,0,80,4,99999,99999,99999,99999,99999,99999,0.000000,0.000000,0.000000,0.000000,0.000000,0.000000,0.000000,0.000000,0.000000,0.000000,0.000000,0.000000,0.000000,0.000000,0,0,0,0
"12,9",0,99299,0,0,73,4,99999,99999,99999,99999,99999,99999,0.000000,0.000000,0.000000,0.000000,0.000000,0.000000,0.000000,0.000000,0.000000,0.000000,0.000000,0.000000,0.000000,0.000000,0,0,0,0
"12,10",0,99299,0,0,72,4,99999,99999,99999,99999,99999,99999,0.000000,0.000000,0.000000,0.000000,0.000000,0.000000,0.000000,0.000000,0.000000,0.000000,0.000000,0.000000,0.000000,0.000000,0,0,0,0
"12,11",0,99299,0,0,70,4,99999,99999,99999,99999,99999,99999,0.000000,0.000000,0.000000,0.000000,0.000000,0.000000,0.000000,0.000000,0.000000,0.000000,0.000000,0.000000,0.000000,0.000000,0,0,0,0
"12,12",0,99299,0,0,10,4,99999,99999,99999,99999,99999,99999,0.000000,0.000000,0.000000,0.000000,0.000000,0.000000,0.000000,0.000000,0.000000,0.000000,0.000000,0.000000,0.000000,0.000000,0,0,0,0
"12,13",0,99299,0,0,9,4,99999,99999,99999,99999,99999,99999,0.000000,0.000000,0.000000,0.000000,0.000000,0.000000,0.000000,0.000000,0.000000,0.000000,0.000000,0.000000,0.000000,0.000000,0,0,0,0
"12,14",0,99299,0,0,10,4,99999,99999,99999,99999,99999,99999,0.000000,0.000000,0.000000,0.000000,0.000000,0.000000,0.000000,0.000000,0.000000,0.000000,0.000000,0.000000,0.000000,0.000000,0,0,0,0
"12,15",0,99299,0,0,9,4,99999,99999,99999,99999,99999,99999,0.000000,0.000000,0.000000,0.000000,0.000000,0.000000,0.000000,0.000000,0.000000,0.000000,0.000000,0.000000,0.000000,0.000000,0,0,0,0
"12,16",0,99299,0,0,9,4,99999,99999,99999,99999,99999,99999,0.000000,0.000000,0.000000,0.000000,0.000000,0.000000,0.000000,0.000000,0.000000,0.000000,0.000000,0.000000,0.000000,0.000000,0,0,0,0
"12,17",0,99299,0,0,4,4,99999,99999,99999,99999,99999,99999,0.000000,0.000000,0.000000,0.000000,0.000000,0.000000,0.000000,0.000000,0.000000,0.000000,0.000000,0.000000,0.000000,0.000000,0,0,0,0
"12,18",0,99299,0,0,4,4,99999,99999,99999,99999,99999,99999,0.000000,0.000000,0.000000,0.000000,0.000000,0.000000,0.000000,0.000000,0.000000,0.000000,0.000000,0.000000,0.000000,0.000000,0,0,0,0
"12,19",0,99299,0,0,5,4,99999,99999,99999,99999,99999,99999,0.000000,0.000000,0.000000,0.000000,0.000000,0.000000,0.000000,0.000000,0.000000,0.000000,0.000000,0.000000,0.000000,0.000000,0,0,0,0
"12,20",0,99299,0,0,4,4,99999,99999,99999,99999,99999,99999,0.000000,0.000000,0.000000,0.000000,0.000000,0.000000,0.000000,0.000000,0.000000,0.000000,0.000000,0.000000,0.000000,0.000000,0,0,0,0
"12,21",0,99299,0,0,4,4,99999,99999,99999,99999,99999,99999,0.000000,0.000000,0.000000,0.000000,0.000000,0.000000,0.000000,0.000000,0.000000,0.000000,0.000000,0.000000,0.000000,0.000000,0,0,0,0
"12,22",0,99299,0,0,4,4,99999,99999,99999,99999,99999,99999,0.000000,0.000000,0.000000,0.000000,0.000000,0.000000,0.000000,0.000000,0.000000,0.000000,0.000000,0.000000,0.000000,0.000000,0,0,0,0
"12,23",0,99299,0,0,4,4,99999,99999,99999,99999,99999,99999,0.000000,0.000000,0.000000,0.000000,0.000000,0.000000,0.000000,0.000000,0.000000,0.000000,0.000000,0.000000,0.000000,0.000000,0,0,0,0
"12,24",0,99299,0,0,4,4,99999,99999,99999,99999,99999,99999,0.000000,0.000000,0.000000,0.000000,0.000000,0.000000,0.000000,0.000000,0.000000,0.000000,0.000000,0.000000,0.000000,0.000000,0,0,0,0
"12,25",0,99299,0,0,4,4,99999,99999,99999,99999,99999,99999,0.000000,0.000000,0.000000,0.000000,0.000000,0.000000,0.000000,0.000000,0.000000,0.000000,0.000000,0.000000,0.000000,0.000000,0,0,0,0
"12,26",0,99299,0,0,4,4,99999,99999,99999,99999,99999,99999,0.000000,0.000000,0.000000,0.000000,0.000000,0.000000,0.000000,0.000000,0.000000,0.000000,0.000000,0.000000,0.000000,0.000000,0,0,0,0
"13,-26",0,99299,0,0,981,4,99999,99999,99999,99999,99999,99999,0.000000,0.000000,0.000000,0.000000,0.000000,0.000000,0.000000,0.000000,0.000000,0.000000,0.000000,0.000000,0.000000,0.000000,0,0,0,0
"13,-25",0,99299,0,0,978,4,99999,99999,99999,99999,99999,99999,0.000000,0.000000,0.000000,0.000000,0.000000,0.000000,0.000000,0.000000,0.000000,0.000000,0.000000,0.000000,0.000000,0.000000,0,0,0,0
"13,-24",0,99299,0,0,976,4,99999,99999,99999,99999,99999,99999,0.000000,0.000000,0.000000,0.000000,0.000000,0.000000,0.000000,0.000000,0.000000,0.000000,0.000000,0.000000,0.000000,0.000000,0,0,0,0
"13,-23",0,99299,0,0,982,4,99999,99999,99999,99999,99999,99999,0.000000,0.000000,0.000000,0.000000,0.000000,0.000000,0.000000,0.000000,0.000000,0.000000,0.000000,0.000000,0.000000,0.000000,0,0,0,0
"13,-22",0,99299,0,0,972,4,99999,99999,99999,99999,99999,99999,0.000000,0.000000,0.000000,0.000000,0.000000,0.000000,0.000000,0.000000,0.000000,0.000000,0.000000,0.000000,0.000000,0.000000,0,0,0,0
"13,-21",0,99299,0,0,967,4,99999,99999,99999,99999,99999,99999,0.000000,0.000000,0.000000,0.000000,0.000000,0.000000,0.000000,0.000000,0.000000,0.000000,0.000000,0.000000,0.000000,0.000000,0,0,0,0
"13,-20",0,99299,0,0,977,4,99999,99999,99999,99999,99999,99999,0.000000,0.000000,0.000000,0.000000,0.000000,0.000000,0.000000,0.000000,0.000000,0.000000,0.000000,0.000000,0.000000,0.000000,0,0,0,0
"13,-19",0,99299,0,0,978,4,99999,99999,99999,99999,99999,99999,0.000000,0.000000,0.000000,0.000000,0.000000,0.000000,0.000000,0.000000,0.000000,0.000000,0.000000,0.000000,0.000000,0.000000,0,0,0,0
"13,-18",0,99299,0,0,987,4,99999,99999,99999,99999,99999,99999,0.000000,0.000000,0.000000,0.000000,0.000000,0.000000,0.000000,0.000000,0.000000,0.000000,0.000000,0.000000,0.000000,0.000000,0,0,0,0
"13,-17",0,99299,0,0,983,4,99999,99999,99999,99999,99999,99999,0.000000,0.000000,0.000000,0.000000,0.000000,0.000000,0.000000,0.000000,0.000000,0.000000,0.000000,0.000000,0.000000,0.000000,0,0,0,0
"13,-16",0,99299,0,0,974,4,99999,99999,99999,99999,99999,99999,0.000000,0.000000,0.000000,0.000000,0.000000,0.000000,0.000000,0.000000,0.000000,0.000000,0.000000,0.000000,0.000000,0.000000,0,0,0,0
"13,-15",0,99299,0,0,983,4,99999,99999,99999,99999,99999,99999,0.000000,0.000000,0.000000,0.000000,0.000000,0.000000,0.000000,0.000000,0.000000,0.000000,0.000000,0.000000,0.000000,0.000000,0,0,0,0
"13,-14",0,99299,0,0,971,4,99999,99999,99999,99999,99999,99999,0.000000,0.000000,0.000000,0.000000,0.000000,0.000000,0.000000,0.000000,0.000000,0.000000,0.000000,0.000000,0.000000,0.000000,0,0,0,0
"13,-13",0,99299,0,0,977,4,99999,99999,99999,99999,99999,99999,0.000000,0.000000,0.000000,0.000000,0.000000,0.000000,0.000000,0.000000,0.000000,0.000000,0.000000,0.000000,0.000000,0.000000,0,0,0,0
"13,-12",0,99299,0,0,981,4,99999,99999,99999,99999,99999,99999,0.000000,0.000000,0.000000,0.000000,0.000000,0.000000,0.000000,0.000000,0.000000,0.000000,0.000000,0.000000,0.000000,0.000000,0,0,0,0
"13,-11",0,99299,0,0,973,4,99999,99999,99999,99999,99999,99999,0.000000,0.000000,0.000000,0.000000,0.000000,0.000000,0.000000,0.000000,0.000000,0.000000,0.000000,0.000000,0.000000,0.000000,0,0,0,0
"13,-10",0,99299,0,0,973,4,99999,99999,99999,99999,99999,99999,0.000000,0.000000,0.000000,0.000000,0.000000,0.000000,0.000000,0.000000,0.000000,0.000000,0.000000,0.000000,0.000000,0.000000,0,0,0,0
"13,-9",0,99299,0,0,983,4,99999,99999,99999,99999,99999,99999,0.000000,0.000000,0.000000,0.000000,0.000000,0.000000,0.000000,0.000000,0.000000,0.000000,0.000000,0.000000,0.000000,0.000000,0,0,0,0
"13,-8",0,99299,0,0,979,4,99999,99999,99999,99999,99999,99999,0.000000,0.000000,0.000000,0.000000,0.000000,0.000000,0.000000,0.000000,0.000000,0.000000,0.000000,0.000000,0.000000,0.000000,0,0,0,0
"13,-7",0,99299,0,0,975,4,99999,99999,99999,99999,99999,99999,0.000000,0.000000,0.000000,0.000000,0.000000,0.000000,0.000000,0.000000,0.000000,0.000000,0.000000,0.000000,0.000000,0.000000,0,0,0,0
"13,-6",0,99299,0,0,974,4,99999,99999,99999,99999,99999,99999,0.000000,0.000000,0.000000,0.000000,0.000000,0.000000,0.000000,0.000000,0.000000,0.000000,0.000000,0.000000,0.000000,0.000000,0,0,0,0
"13,-5",0,99299,0,0,985,4,99999,99999,99999,99999,99999,99999,0.000000,0.000000,0.000000,0.000000,0.000000,0.000000,0.000000,0.000000,0.000000,0.000000,0.000000,0.000000,0.000000,0.000000,0,0,0,0
"13,-4",0,99299,0,0,972,4,99999,99999,99999,99999,99999,99999,0.000000,0.000000,0.000000,0.000000,0.000000,0.000000,0.000000,0.000000,0.000000,0.000000,0.000000,0.000000,0.000000,0.000000,0,0,0,0
"13,-3",0,99299,0,0,979,4,99999,99999,99999,99999,99999,99999,0.000000,0.000000,0.000000,0.000000,0.000000,0.000000,0.000000,0.000000,0.000000,0.000000,0.000000,0.000000,0.000000,0.000000,0,0,0,0
"13,-2",0,99299,0,0,976,4,99999,99999,99999,99999,99999,99999,0.000000,0.000000,0.000000,0.000000,0.000000,0.000000,0.000000,0.000000,0.000000,0.000000,0.000000,0.000000,0.000000,0.000000,0,0,0,0
"13,-1",0,99299,0,0,974,4,99999,99999,99999,99999,99999,99999,0.000000,0.000000,0.000000,0.000000,0.000000,0.000000,0.000000,0.000000,0.000000,0.000000,0.000000,0.000000,0.000000,0.000000,0,0,0,0
"13,0",0,99299,0,0,976,4,99999,99999,99999,99999,99999,99999,0.000000,0.000000,0.000000,0.000000,0.000000,0.000000,0.000000,0.000000,0.000000,0.000000,0.000000,0.000000,0.000000,0.000000,0,0,0,0
"13,1",0,99299,0,0,1003,4,99999,99999,99999,99999,99999,99999,0.000000,0.000000,0.000000,0.000000,0.000000,0.000000,0.000000,0.000000,0.000000,0.000000,0.000000,0.000000,0.000000,0.000000,0,0,0,0
"13,2",0,99299,0,0,77,4,99999,99999,99999,99999,99999,99999,0.000000,0.000000,0.000000,0.000000,0.000000,0.000000,0.000000,0.000000,0.000000,0.000000,0.000000,0.000000,0.000000,0.000000,0,0,0,0
"13,3",0,99299,0,0,78,4,99999,99999,99999,99999,99999,99999,0.000000,0.000000,0.000000,0.000000,0.000000,0.000000,0.000000,0.000000,0.000000,0.000000,0.000000,0.000000,0.000000,0.000000,0,0,0,0
"13,4",0,99299,0,0,84,4,99999,99999,99999,99999,99999,99999,0.000000,0.000000,0.000000,0.000000,0.000000,0.000000,0.000000,0.000000,0.000000,0.000000,0.000000,0.000000,0.000000,0.000000,0,0,0,0
"13,5",0,99299,0,0,87,4,99999,99999,99999,99999,99999,99999,0.000000,0.000000,0.000000,0.000000,0.000000,0.000000,0.000000,0.000000,0.000000,0.000000,0.000000,0.000000,0.000000,0.000000,0,0,0,0
"13,6",0,99299,0,0,72,4,99999,99999,99999,99999,99999,99999,0.000000,0.000000,0.000000,0.000000,0.000000,0.000000,0.000000,0.000000,0.000000,0.000000,0.000000,0.000000,0.000000,0.000000,0,0,0,0
"13,7",0,99299,0,0,73,4,99999,99999,99999,99999,99999,99999,0.000000,0.000000,0.000000,0.000000,0.000000,0.000000,0.000000,0.000000,0.000000,0.000000,0.000000,0.000000,0.000000,0.000000,0,0,0,0
"13,8",0,99299,0,0,71,4,99999,99999,99999,99999,99999,99999,0.000000,0.000000,0.000000,0.000000,0.000000,0.000000,0.000000,0.000000,0.000000,0.000000,0.000000,0.000000,0.000000,0.000000,0,0,0,0
"13,9",0,99299,0,0,73,4,99999,99999,99999,99999,99999,99999,0.000000,0.000000,0.000000,0.000000,0.000000,0.000000,0.000000,0.000000,0.000000,0.000000,0.000000,0.000000,0.000000,0.000000,0,0,0,0
"13,10",0,99299,0,0,69,4,99999,99999,99999,99999,99999,99999,0.000000,0.000000,0.000000,0.000000,0.000000,0.000000,0.000000,0.000000,0.000000,0.000000,0.000000,0.000000,0.000000,0.000000,0,0,0,0
"13,11",0,99299,0,0,9,4,99999,99999,99999,99999,99999,99999,0.000000,0.000000,0.000000,0.000000,0.000000,0.000000,0.000000,0.000000,0.000000,0.000000,0.000000,0.000000,0.000000,0.000000,0,0,0,0
"13,12",0,99299,0,0,10,4,99999,99999,99999,99999,99999,99999,0.000000,0.000000,0.000000,0.000000,0.000000,0.000000,0.000000,0.000000,0.000000,0.000000,0.000000,0.000000,0.000000,0.000000,0,0,0,0
"13,13",0,99299,0,0,8,4,99999,99999,99999,99999,99999,99999,0.000000,0.000000,0.000000,0.000000,0.000000,0.000000,0.000000,0.000000,0.000000,0.000000,0.000000,0.000000,0.000000,0.000000,0,0,0,0
"13,14",0,99299,0,0,8,4,99999,99999,99999,99999,99999,99999,0.000000,0.000000,0.000000,0.000000,0.000000,0.000000,0.000000,0.000000,0.000000,0.000000,0.000000,0.000000,0.000000,0.000000,0,0,0,0
"13,15",0,99299,0,0,9,4,99999,99999,99999,99999,99999,99999,0.000000,0.000000,0.000000,0.000000,0.000000,0.000000,0.000000,0.000000,0.000000,0.000000,0.000000,0.000000,0.000000,0.000000,0,0,0,0
"13,16",0,99299,0,0,6,4,99999,99999,99999,99999,99999,99999,0.000000,0.000000,0.000000,0.000000,0.000000,0.000000,0.000000,0.000000,0.000000,0.000000,0.000000,0.000000,0.000000,0.000000,0,0,0,0
"13,17",0,99299,0,0,4,4,99999,99999,99999,99999,99999,99999,0.000000,0.000000,0.000000,0.000000,0.000000,0.000000,0.000000,0.000000,0.000000,0.000000,0.000000,0.000000,0.000000,0.000000,0,0,0,0
"13,18",0,99299,0,0,4,4,99999,99999,99999,99999,99999,99999,0.000000,0.000000,0.000000,0.000000,0.000000,0.000000,0.000000,0.000000,0.000000,0.000000,0.000000,0.000000,0.000000,0.000000,0,0,0,0
"13,19",0,99299,0,0,5,4,99999,99999,99999,99999,99999,99999,0.000000,0.000000,0.000000,0.000000,0.000000,0.000000,0.000000,0.000000,0.000000,0.000000,0.000000,0.000000,0.000000,0.000000,0,0,0,0
"13,20",0,99299,0,0,5,4,99999,99999,99999,99999,99999,99999,0.000000,0.000000,0.000000,0.000000,0.000000,0.000000,0.000000,0.000000,0.000000,0.000000,0.000000,0.000000,0.000000,0.000000,0,0,0,0
"13,21",0,99299,0,0,4,4,99999,99999,99999,99999,99999,99999,0.000000,0.000000,0.000000,0.000000,0.000000,0.000000,0.000000,0.000000,0.000000,0.000000,0.000000,0.000000,0.000000,0.000000,0,0,0,0
"13,22",0,99299,0,0,4,4,99999,99999,99999,99999,99999,99999,0.000000,0.000000,0.000000,0.000000,0.000000,0.000000,0.000000,0.000000,0.000000,0.000000,0.000000,0.000000,0.000000,0.000000,0,0,0,0
"13,23",0,99299,0,0,4,4,99999,99999,99999,99999,99999,99999,0.000000,0.000000,0.000000,0.000000,0.000000,0.000000,0.000000,0.000000,0.000000,0.000000,0.000000,0.000000,0.000000,0.000000,0,0,0,0
"13,24",0,99299,0,0,4,4,99999,99999,99999,99999,99999,99999,0.000000,0.000000,0.000000,0.000000,0.000000,0.000000,0.000000,0.000000,0.000000,0.000000,0.000000,0.000000,0.000000,0.000000,0,0,0,0
"13,25",0,99299,0,0,4,4,99999,99999,99999,99999,99999,99999,0.000000,0.000000,0.000000,0.000000,0.000000,0.000000,0.000000,0.000000,0.000000,0.000000,0.000000,0.000000,0.000000,0.000000,0,0,0,0
"13,26",0,99299,0,0,4,4,99999,99999,99999,99999,99999,99999,0.000000,0.000000,0.000000,0.000000,0.000000,0.000000,0.000000,0.000000,0.000000,0.000000,0.000000,0.000000,0.000000,0.000000,0,0,0,0
"14,-26",0,99299,0,0,974,4,99999,99999,99999,99999,99999,99999,0.000000,0.000000,0.000000,0.000000,0.000000,0.000000,0.000000,0.000000,0.000000,0.000000,0.000000,0.000000,0.000000,0.000000,0,0,0,0
"14,-25",0,99299,0,0,975,4,99999,99999,99999,99999,99999,99999,0.000000,0.000000,0.000000,0.000000,0.000000,0.000000,0.000000,0.000000,0.000000,0.000000,0.000000,0.000000,0.000000,0.000000,0,0,0,0
"14,-24",0,99299,0,0,972,4,99999,99999,99999,99999,99999,99999,0.000000,0.000000,0.000000,0.000000,0.000000,0.000000,0.000000,0.000000,0.000000,0.000000,0.000000,0.000000,0.000000,0.000000,0,0,0,0
"14,-23",0,99299,0,0,964,4,99999,99999,99999,99999,99999,99999,0.000000,0.000000,0.000000,0.000000,0.000000,0.000000,0.000000,0.000000,0.000000,0.000000,0.000000,0.000000,0.000000,0.000000,0,0,0,0
"14,-22",0,99299,0,0,966,4,99999,99999,99999,99999,99999,99999,0.000000,0.000000,0.000000,0.000000,0.000000,0.000000,0.000000,0.000000,0.000000,0.000000,0.000000,0.000000,0.000000,0.000000,0,0,0,0
"14,-21",0,99299,0,0,979,4,99999,99999,99999,99999,99999,99999,0.000000,0.000000,0.000000,0.000000,0.000000,0.000000,0.000000,0.000000,0.000000,0.000000,0.000000,0.000000,0.000000,0.000000,0,0,0,0
"14,-20",0,99299,0,0,976,4,99999,99999,99999,99999,99999,99999,0.000000,0.000000,0.000000,0.000000,0.000000,0.000000,0.000000,0.000000,0.000000,0.000000,0.000000,0.000000,0.000000,0.000000,0,0,0,0
"14,-19",0,99299,0,0,971,4,99999,99999,99999,99999,99999,99999,0.000000,0.000000,0.000000,0.000000,0.000000,0.000000,0.000000,0.000000,0.000000,0.000000,0.000000,0.000000,0.000000,0.000000,0,0,0,0
"14,-18",0,99299,0,0,972,4,99999,99999,99999,99999,99999,99999,0.000000,0.000000,0.000000,0.000000,0.000000,0.000000,0.000000,0.000000,0.000000,0.000000,0.000000,0.000000,0.000000,0.000000,0,0,0,0
"14,-17",0,99299,0,0,976,4,99999,99999,99999,99999,99999,99999,0.000000,0.000000,0.000000,0.000000,0.000000,0.000000,0.000000,0.000000,0.000000,0.000000,0.000000,0.000000,0.000000,0.000000,0,0,0,0
"14,-13",0,99299,0,0,987,4,99999,99999,99999,99999,99999,99999,0.000000,0.000000,0.000000,0.000000,0.000000,0.000000,0.000000,0.000000,0.000000,0.000000,0.000000,0.000000,0.000000,0.000000,0,0,0,0
"14,-12",0,99299,0,0,977,4,99999,99999,99999,99999,99999,99999,0.000000,0.000000,0.000000,0.000000,0.000000,0.000000,0.000000,0.000000,0.000000,0.000000,0.000000,0.000000,0.000000,0.000000,0,0,0,0
"14,-11",0,99299,0,0,972,4,99999,99999,99999,99999,99999,99999,0.000000,0.000000,0.000000,0.000000,0.000000,0.000000,0.000000,0.000000,0.000000,0.000000,0.000000,0.000000,0.000000,0.000000,0,0,0,0
"14,-10",0,99299,0,0,978,4,99999,99999,99999,99999,99999,99999,0.000000,0.000000,0.000000,0.000000,0.000000,0.000000,0.000000,0.000000,0.000000,0.000000,0.000000,0.000000,0.000000,0.000000,0,0,0,0
"14,-9",0,99299,0,0,981,4,99999,99999,99999,99999,99999,99999,0.000000,0.000000,0.000000,0.000000,0.000000,0.000000,0.000000,0.000000,0.000000,0.000000,0.000000,0.000000,0.000000,0.000000,0,0,0,0
"14,-8",0,99299,0,0,971,4,99999,99999,99999,99999,99999,99999,0.000000,0.000000,0.000000,0.000000,0.000000,0.000000,0.000000,0.000000,0.000000,0.000000,0.000000,0.000000,0.000000,0.000000,0,0,0,0
"14,-7",0,99299,0,0,979,4,99999,99999,99999,99999,99999,99999,0.000000,0.000000,0.000000,0.000000,0.000000,0.000000,0.000000,0.000000,0.000000,0.000000,0.000000,0.000000,0.000000,0.000000,0,0,0,0
"14,-6",0,99299,0,0,975,4,99999,99999,99999,99999,99999,99999,0.000000,0.000000,0.000000,0.000000,0.000000,0.000000,0.000000,0.000000,0.000000,0.000000,0.000000,0.000000,0.000000,0.000000,0,0,0,0
"14,-5",0,99299,0,0,971,4,99999,99999,99999,99999,99999,99999,0.000000,0.000000,0.000000,0.000000,0.000000,0.000000,0.000000,0.000000,0.000000,0.000000,0.000000,0.000000,0.000000,0.000000,0,0,0,0
"14,-4",0,99299,0,0,983,4,99999,99999,99999,99999,99999,99999,0.000000,0.000000,0.000000,0.000000,0.000000,0.000000,0.000000,0.000000,0.000000,0.000000,0.000000,0.000000,0.000000,0.000000,0,0,0,0
"14,-3",0,99299,0,0,974,4,99999,99999,99999,99999,99999,99999,0.000000,0.000000,0.000000,0.000000,0.000000,0.000000,0.000000,0.000000,0.000000,0.000000,0.000000,0.000000,0.000000,0.000000,0,0,0,0
"14,-2",0,99299,0,0,972,4,99999,99999,99999,99999,99999,99999,0.000000,0.000000,0.000000,0.000000,0.000000,0.000000,0.000000,0.000000,0.000000,0.000000,0.000000,0.000000,0.000000,0.000000,0,0,0,0
"14,-1",0,99299,0,0,982,4,99999,99999,99999,99999,99999,99999,0.000000,0.000000,0.000000,0.000000,0.000000,0.000000,0.000000,0.000000,0.000000,0.000000,0.000000,0.000000,0.000000,0.000000,0,0,0,0
"14,0",0,99299,0,0,617,4,99999,99999,99999,99999,99999,99999,0.000000,0.000000,0.000000,0.000000,0.000000,0.000000,0.000000,0.000000,0.000000,0.000000,0.000000,0.000000,0.000000,0.000000,0,0,0,0
"14,1",0,99299,0,0,65,4,99999,99999,99999,99999,99999,99999,0.000000,0.000000,0.000000,0.000000,0.000000,0.000000,0.000000,0.000000,0.000000,0.000000,0.000000,0.000000,0.000000,0.000000,0,0,0,0
"14,2",0,99299,0,0,79,4,99999,99999,99999,99999,99999,99999,0.000000,0.000000,0.000000,0.000000,0.000000,0.000000,0.000000,0.000000,0.000000,0.000000,0.000000,0.000000,0.000000,0.000000,0,0,0,0
"14,3",0,99299,0,0,67,4,99999,99999,99999,99999,99999,99999,0.000000,0.000000,0.000000,0.000000,0.000000,0.000000,0.000000,0.000000,0.000000,0.000000,0.000000,0.000000,0.000000,0.000000,0,0,0,0
"14,4",0,99299,0,0,78,4,99999,99999,99999,99999,99999,99999,0.000000,0.000000,0.000000,0.000000,0.000000,0.000000,0.000000,0.000000,0.000000,0.000000,0.000000,0.000000,0.000000,0.000000,0,0,0,0
"14,5",0,99299,0,0,73,4,99999,99999,99999,99999,99999,99999,0.000000,0.000000,0.000000,0.000000,0.000000,0.000000,0.000000,0.000000,0.000000,0.000000,0.000000,0.000000,0.000000,0.000000,0,0,0,0
"14,6",0,99299,0,0,78,4,99999,99999,99999,99999,99999,99999,0.000000,0.000000,0.000000,0.000000,0.000000,0.000000,0.000000,0.000000,0.000000,0.000000,0.000000,0.000000,0.000000,0.000000,0,0,0,0
"14,7",0,99299,0,0,82,4,99999,99999,99999,99999,99999,99999,0.000000,0.000000,0.000000,0.000000,0.000000,0.000000,0.000000,0.000000,0.000000,0.000000,0.000000,0.000000,0.000000,0.000000,0,0,0,0
"14,8",0,99299,0,0,79,4,99999,99999,99999,99999,99999,99999,0.000000,0.000000,0.000000,0.000000,0.000000,0.000000,0.000000,0.000000,0.000000,0.000000,0.000000,0.000000,0.000000,0.000000,0,0,0,0
"14,9",0,99299,0,0,72,4,99999,99999,99999,99999,99999,99999,0.000000,0.000000,0.000000,0.000000,0.000000,0.000000,0.000000,0.000000,0.000000,0.000000,0.000000,0.000000,0.000000,0.000000,0,0,0,0
"14,10",0,99299,0,0,9,4,99999,99999,99999,99999,99999,99999,0.000000,0.000000,0.000000,0.000000,0.000000,0.000000,0.000000,0.000000,0.000000,0.000000,0.000000,0.000000,0.000000,0.000000,0,0,0,0
"14,11",0,99299,0,0,10,4,99999,99999,99999,99999,99999,99999,0.000000,0.000000,0.000000,0.000000,0.000000,0.000000,0.000000,0.000000,0.000000,0.000000,0.000000,0.000000,0.000000,0.000000,0,0,0,0
"14,12",0,99299,0,0,9,4,99999,99999,99999,99999,99999,99999,0.000000,0.000000,0.000000,0.000000,0.000000,0.000000,0.000000,0.000000,0.000000,0.000000,0.000000,0.000000,0.000000,0.000000,0,0,0,0
"14,13",0,99299,0,0,9,4,99999,99999,99999,99999,99999,99999,0.000000,0.000000,0.000000,0.000000,0.000000,0.000000,0.000000,0.000000,0.000000,0.000000,0.000000,0.000000,0.000000,0.000000,0,0,0,0
"14,17",0,99299,0,0,4,4,99999,99999,99999,99999,99999,99999,0.000000,0.000000,0.000000,0.000000,0.000000,0.000000,0.000000,0.000000,0.000000,0.000000,0.000000,0.000000,0.000000,0.000000,0,0,0,0
"14,18",0,99299,0,0,4,4,99999,99999,99999,99999,99999,99999,0.000000,0.000000,0.000000,0.000000,0.000000,0.000000,0.000000,0.000000,0.000000,0.000000,0.000000,0.000000,0.000000,0.000000,0,0,0,0
"14,19",0,99299,0,0,4,4,99999,99999,99999,99999,99999,99999,0.000000,0.000000,0.000000,0.000000,0.000000,0.000000,0.000000,0.000000,0.000000,0.000000,0.000000,0.000000,0.000000,0.000000,0,0,0,0
"14,20",0,99299,0,0,4,4,99999,99999,99999,99999,99999,99999,0.000000,0.000000,0.000000,0.000000,0.000000,0.000000,0.000000,0.000000,0.000000,0.000000,0.000000,0.000000,0.000000,0.000000,0,0,0,0
"14,21",0,99299,0,0,4,4,99999,99999,99999,99999,99999,99999,0.000000,0.000000,0.000000,0.000000,0.000000,0.000000,0.000000,0.000000,0.000000,0.000000,0.000000,0.000000,0.000000,0.000000,0,0,0,0
"14,22",0,99299,0,0,4,4,99999,99999,99999,99999,99999,99999,0.000000,0.000000,0.000000,0.000000,0.000000,0.000000,0.000000,0.000000,0.000000,0.000000,0.000000,0.000000,0.000000,0.000000,0,0,0,0
"14,23",0,99299,0,0,4,4,99999,99999,99999,99999,99999,99999,0.000000,0.000000,0.000000,0.000000,0.000000,0.000000,0.000000,0.000000,0.000000,0.000000,0.000000,0.000000,0.000000,0.000000,0,0,0,0
"14,24",0,99299,0,0,4,4,99999,99999,99999,99999,99999,99999,0.000000,0.000000,0.000000,0.000000,0.000000,0.000000,0.000000,0.000000,0.000000,0.000000,0.000000,0.000000,0.000000,0.000000,0,0,0,0
"14,25",0,99299,0,0,4,4,99999,99999,99999,99999,99999,99999,0.000000,0.000000,0.000000,0.000000,0.000000,0.000000,0.000000,0.000000,0.000000,0.000000,0.000000,0.000000,0.000000,0.000000,0,0,0,0
"14,26",0,99299,0,0,4,4,99999,99999,99999,99999,99999,99999,0.000000,0.000000,0.000000,0.000000,0.000000,0.000000,0.000000,0.000000,0.000000,0.000000,0.000000,0.000000,0.000000,0.000000,0,0,0,0
"15,-26",0,99299,0,0,975,4,99999,99999,99999,99999,99999,99999,0.000000,0.000000,0.000000,0.000000,0.000000,0.000000,0.000000,0.000000,0.000000,0.000000,0.000000,0.000000,0.000000,0.000000,0,0,0,0
"15,-25",0,99299,0,0,972,4,99999,99999,99999,99999,99999,99999,0.000000,0.000000,0.000000,0.000000,0.000000,0.000000,0.000000,0.000000,0.000000,0.000000,0.000000,0.000000,0.000000,0.000000,0,0,0,0
"15,-24",0,99299,0,0,984,4,99999,99999,99999,99999,99999,99999,0.000000,0.000000,0.000000,0.000000,0.000000,0.000000,0.000000,0.000000,0.000000,0.000000,0.000000,0.000000,0.000000,0.000000,0,0,0,0
"15,-23",0,99299,0,0,973,4,99999,99999,99999,99999,99999,99999,0.000000,0.000000,0.000000,0.000000,0.000000,0.000000,0.000000,0.000000,0.000000,0.000000,0.000000,0.000000,0.000000,0.000000,0,0,0,0
"15,-22",0,99299,0,0,984,4,99999,99999,99999,99999,99999,99999,0.000000,0.000000,0.000000,0.000000,0.000000,0.000000,0.000000,0.000000,0.000000,0.000000,0.000000,0.000000,0.000000,0.000000,0,0,0,0
"15,-21",0,99299,0,0,970,4,99999,99999,99999,99999,99999,99999,0.000000,0.000000,0.000000,0.000000,0.000000,0.000000,0.000000,0.000000,0.000000,0.000000,0.000000,0.000000,0.000000,0.000000,0,0,0,0
"15,-20",0,99299,0,0,972,4,99999,99999,99999,99999,99999,99999,0.000000,0.000000,0.000000,0.000000,0.000000,0.000000,0.000000,0.000000,0.000000,0.000000,0.000000,0.000000,0.000000,0.000000,0,0,0,0
"15,-19",0,99299,0,0,979,4,99999,99999,99999,99999,99999,99999,0.000000,0.000000,0.000000,0.000000,0.000000,0.000000,0.000000,0.000000,0.000000,0.000000,0.000000,0.000000,0.000000,0.000000,0,0,0,0
"15,-18",0,99299,0,0,988,4,99999,99999,99999,99999,99999,99999,0.000000,0.000000,0.000000,0.000000,0.000000,0.000000,0.000000,0.000000,0.000000,0.000000,0.000000,0.000000,0.000000,0.000000,0,0,0,0
"15,-17",0,99299,0,0,979,4,99999,99999,99999,99999,99999,99999,0.000000,0.000000,0.000000,0.000000,0.000000,0.000000,0.000000,0.000000,0.000000,0.000000,0.000000,0.000000,0.000000,0.000000,0,0,0,0
"15,-13",0,99299,0,0,972,4,99999,99999,99999,99999,99999,99999,0.000000,0.000000,0.000000,0.000000,0.000000,0.000000,0.000000,0.000000,0.000000,0.000000,0.000000,0.000000,0.000000,0.000000,0,0,0,0
"15,-12",0,99299,0,0,975,4,99999,99999,99999,99999,99999,99999,0.000000,0.000000,0.000000,0.000000,0.000000,0.000000,0.000000,0.000000,0.000000,0.000000,0.000000,0.000000,0.000000,0.000000,0,0,0,0
"15,-11",0,99299,0,0,985,4,99999,99999,99999,99999,99999,99999,0.000000,0.000000,0.000000,0.000000,0.000000,0.000000,0.000000,0.000000,0.000000,0.000000,0.000000,0.000000,0.000000,0.000000,0,0,0,0
"15,-10",0,99299,0,0,972,4,99999,99999,99999,99999,99999,99999,0.000000,0.000000,0.000000,0.000000,0.000000,0.000000,0.000000,0.000000,0.000000,0.000000,0.000000,0.000000,0.000000,0.000000,0,0,0,0
"15,-9",0,99299,0,0,970,4,99999,99999,99999,99999,99999,99999,0.000000,0.000000,0.000000,0.000000,0.000000,0.000000,0.000000,0.000000,0.000000,0.000000,0.000000,0.000000,0.000000,0.000000,0,0,0,0
"15,-8",0,99299,0,0,970,4,99999,99999,99999,99999,99999,99999,0.000000,0.000000,0.000000,0.000000,0.000000,0.000000,0.000000,0.000000,0.000000,0.000000,0.000000,0.000000,0.000000,0.000000,0,0,0,0
"15,-7",0,99299,0,0,977,4,99999,99999,99999,99999,99999,99999,0.000000,0.000000,0.000000,0.000000,0.000000,0.000000,0.000000,0.000000,0.000000,0.000000,0.000000,0.000000,0.000000,0.000000,0,0,0,0
"15,-6",0,99299,0,0,972,4,99999,99999,99999,99999,99999,99999,0.000000,0.000000,0.000000,0.000000,0.000000,0.000000,0.000000,0.000000,0.000000,0.000000,0.000000,0.000000,0.000000,0.000000,0,0,0,0
"15,-5",0,99299,0,0,978,4,99999,99999,99999,99999,99999,99999,0.000000,0.000000,0.000000,0.000000,0.000000,0.000000,0.000000,0.000000,0.000000,0.000000,0.000000,0.000000,0.000000,0.000000,0,0,0,0
"15,-4",0,99299,0,0,984,4,99999,99999,99999,99999,99999,99999,0.000000,0.000000,0.000000,0.000000,0.000000,0.000000,0.000000,0.000000,0.000000,0.000000,0.000000,0.000000,0.000000,0.000000,0,0,0,0
"15,-3",0,99299,0,0,976,4,99999,99999,99999,99999,99999,99999,0.000000,0.000000,0.000000,0.000000,0.000000,0.000000,0.000000,0.000000,0.000000,0.000000,0.000000,0.000000,0.000000,0.000000,0,0,0,0
"15,-2",0,99299,0,0,974,4,99999,99999,99999,99999,99999,99999,0.000000,0.000000,0.000000,0.000000,0.000000,0.000000,0.000000,0.000000,0.000000,0.000000,0.000000,0.000000,0.000000,0.000000,0,0,0,0
"15,-1",0,99299,0,0,79,4,99999,99999,99999,99999,99999,99999,0.000000,0.000000,0.000000,0.000000,0.000000,0.000000,0.000000,0.000000,0.000000,0.000000,0.000000,0.000000,0.000000,0.000000,0,0,0,0
"15,0",0,99299,0,0,76,4,99999,99999,99999,99999,99999,99999,0.000000,0.000000,0.000000,0.000000,0.000000,0.000000,0.000000,0.000000,0.000000,0.000000,0.000000,0.000000,0.000000,0.000000,0,0,0,0
"15,1",0,99299,0,0,71,4,99999,99999,99999,99999,99999,99999,0.000000,0.000000,0.000000,0.000000,0.000000,0.000000,0.000000,0.000000,0.000000,0.000000,0.000000,0.000000,0.000000,0.000000,0,0,0,0
"15,2",0,99299,0,0,70,4,99999,99999,99999,99999,99999,99999,0.000000,0.000000,0.000000,0.000000,0.000000,0.000000,0.000000,0.000000,0.000000,0.000000,0.000000,0.000000,0.000000,0.000000,0,0,0,0
"15,3",0,99299,0,0,77,4,99999,99999,99999,99999,99999,99999,0.000000,0.000000,0.000000,0.000000,0.000000,0.000000,0.000000,0.000000,0.000000,0.000000,0.000000,0.000000,0.000000,0.000000,0,0,0,0
"15,4",0,99299,0,0,69,4,99999,99999,99999,99999,99999,99999,0.000000,0.000000,0.000000,0.000000,0.000000,0.000000,0.000000,0.000000,0.000000,0.000000,0.000000,0.000000,0.000000,0.000000,0,0,0,0
"15,5",0,99299,0,0,79,4,99999,99999,99999,99999,99999,99999,0.000000,0.000000,0.000000,0.000000,0.000000,0.000000,0.000000,0.000000,0.000000,0.000000,0.000000,0.000000,0.000000,0.000000,0,0,0,0
"15,6",0,99299,0,0,73,4,99999,99999,99999,99999,99999,99999,0.000000,0.000000,0.000000,0.000000,0.000000,0.000000,0.000000,0.000000,0.000000,0.000000,0.000000,0.000000,0.000000,0.000000,0,0,0,0
"15,7",0,99299,0,0,82,4,99999,99999,99999,99999,99999,99999,0.000000,0.000000,0.000000,0.000000,0.000000,0.000000,0.000000,0.000000,0.000000,0.000000,0.000000,0.000000,0.000000,0.000000,0,0,0,0
"15,8",0,99299,0,0,80,4,99999,99999,99999,99999,99999,99999,0.000000,0.000000,0.000000,0.000000,0.000000,0.000000,0.000000,0.000000,0.000000,0.000000,0.000000,0.000000,0.000000,0.000000,0,0,0,0
"15,9",0,99299,0,0,8,4,99999,99999,99999,99999,99999,99999,0.000000,0.000000,0.000000,0.000000,0.000000,0.000000,0.000000,0.000000,0.000000,0.000000,0.000000,0.000000,0.000000,0.000000,0,0,0,0
"15,10",0,99299,0,0,9,4,99999,99999,99999,99999,99999,99999,0.000000,0.000000,0.000000,0.000000,0.000000,0.000000,0.000000,0.000000,0.000000,0.000000,0.000000,0.000000,0.000000,0.000000,0,0,0,0
"15,11",0,99299,0,0,9,4,99999,99999,99999,99999,99999,99999,0.000000,0.000000,0.000000,0.000000,0.000000,0.000000,0.000000,0.000000,0.000000,0.000000,0.000000,0.000000,0.000000,0.000000,0,0,0,0
"15,12",0,99299,0,0,9,4,99999,99999,99999,99999,99999,99999,0.000000,0.000000,0.000000,0.000000,0.000000,0.000000,0.000000,0.000000,0.000000,0.000000,0.000000,0.000000,0.000000,0.000000,0,0,0,0
"15,13",0,99299,0,0,8,4,99999,99999,99999,99999,99999,99999,0.000000,0.000000,0.000000,0.000000,0.000000,0.000000,0.000000,0.000000,0.000000,0.000000,0.000000,0.000000,0.000000,0.000000,0,0,0,0
"15,17",0,99299,0,0,4,4,99999,99999,99999,99999,99999,99999,0.000000,0.000000,0.000000,0.000000,0.000000,0.000000,0.000000,0.000000,0.000000,0.000000,0.000000,0.000000,0.000000,0.000000,0,0,0,0
"15,18",0,99299,0,0,4,4,99999,99999,99999,99999,99999,99999,0.000000,0.000000,0.000000,0.000000,0.000000,0.000000,0.000000,0.000000,0.000000,0.000000,0.000000,0.000000,0.000000,0.000000,0,0,0,0
"15,19",0,99299,0,0,4,4,99999,99999,99999,99999,99999,99999,0.000000,0.000000,0.000000,0.000000,0.000000,0.000000,0.000000,0.000000,0.000000,0.000000,0.000000,0.000000,0.000000,0.000000,0,0,0,0
"15,20",0,99299,0,0,4,4,99999,99999,99999,99999,99999,99999,0.000000,0.000000,0.000000,0.000000,0.000000,0.000000,0.000000,0.000000,0.000000,0.000000,0.000000,0.000000,0.000000,0.000000,0,0,0,0
"15,21",0,99299,0,0,4,4,99999,99999,99999,99999,99999,99999,0.000000,0.000000,0.000000,0.000000,0.000000,0.000000,0.000000,0.000000,0.000000,0.000000,0.000000,0.000000,0.000000,0.000000,0,0,0,0
"15,22",0,99299,0,0,4,4,99999,99999,99999,99999,99999,99999,0.000000,0.000000,0.000000,0.000000,0.000000,0.000000,0.000000,0.000000,0.000000,0.000000,0.000000,0.000000,0.000000,0.000000,0,0,0,0
"15,23",0,99299,0,0,4,4,99999,99999,99999,99999,99999,99999,0.000000,0.000000,0.000000,0.000000,0.000000,0.000000,0.000000,0.000000,0.000000,0.000000,0.000000,0.000000,0.000000,0.000000,0,0,0,0
"15,24",0,99299,0,0,4,4,99999,99999,99999,99999,99999,99999,0.000000,0.000000,0.000000,0.000000,0.000000,0.000000,0.000000,0.000000,0.000000,0.000000,0.000000,0.000000,0.000000,0.000000,0,0,0,0
"15,25",0,99299,0,0,4,4,99999,99999,99999,99999,99999,99999,0.000000,0.000000,0.000000,0.000000,0.000000,0.000000,0.000000,0.000000,0.000000,0.000000,0.000000,0.000000,0.000000,0.000000,0,0,0,0
"15,26",0,99299,0,0,4,4,99999,99999,99999,99999,99999,99999,0.000000,0.000000,0.000000,0.000000,0.000000,0.000000,0.000000,0.000000,0.000000,0.000000,0.000000,0.000000,0.000000,0.000000,0,0,0,0
"16,-26",0,99299,0,0,974,4,99999,99999,99999,99999,99999,99999,0.000000,0.000000,0.000000,0.000000,0.000000,0.000000,0.000000,0.000000,0.000000,0.000000,0.000000,0.000000,0.000000,0.000000,0,0,0,0
"16,-25",0,99299,0,0,972,4,99999,99999,99999,99999,99999,99999,0.000000,0.000000,0.000000,0.000000,0.000000,0.000000,0.000000,0.000000,0.000000,0.000000,0.000000,0.000000,0.000000,0.000000,0,0,0,0
"16,-24",0,99299,0,0,978,4,99999,99999,99999,99999,99999,99999,0.000000,0.000000,0.000000,0.000000,0.000000,0.000000,0.000000,0.000000,0.000000,0.000000,0.000000,0.000000,0.000000,0.000000,0,0,0,0
"16,-23",0,99299,0,0,981,4,99999,99999,99999,99999,99999,99999,0.000000,0.000000,0.000000,0.000000,0.000000,0.000000,0.000000,0.000000,0.000000,0.000000,0.000000,0.000000,0.000000,0.000000,0,0,0,0
"16,-22",0,99299,0,0,970,4,99999,99999,99999,99999,99999,99999,0.000000,0.000000,0.000000,0.000000,0.000000,0.000000,0.000000,0.000000,0.000000,0.000000,0.000000,0.000000,0.000000,0.000000,0,0,0,0
"16,-21",0,99299,0,0,975,4,99999,99999,99999,99999,99999,99999,0.000000,0.000000,0.000000,0.000000,0.000000,0.000000,0.000000,0.000000,0.000000,0.000000,0.000000,0.000000,0.000000,0.000000,0,0,0,0
"16,-20",0,99299,0,0,978,4,99999,99999,99999,99999,99999,99999,0.000000,0.000000,0.000000,0.000000,0.000000,0.000000,0.000000,0.000000,0.000000,0.000000,0.000000,0.000000,0.000000,0.000000,0,0,0,0
"16,-19",0,99299,0,0,971,4,99999,99999,99999,99999,99999,99999,0.000000,0.000000,0.000000,0.000000,0.000000,0.000000,0.000000,0.000000,0.000000,0.000000,0.000000,0.000000,0.000000,0.000000,0,0,0,0
"16,-18",0,99299,0,0,971,4,99999,99999,99999,99999,99999,99999,0.000000,0.000000,0.000000,0.000000,0.000000,0.000000,0.000000,0.000000,0.000000,0.000000,0.000000,0.000000,0.000000,0.000000,0,0,0,0
"16,-17",0,99299,0,0,984,4,99999,99999,99999,99999,99999,99999,0.000000,0.000000,0.000000,0.000000,0.000000,0.000000,0.000000,0.000000,0.000000,0.000000,0.000000,0.000000,0.000000,0.000000,0,0,0,0
"16,-13",0,99299,0,0,975,4,99999,99999,99999,99999,99999,99999,0.000000,0.000000,0.000000,0.000000,0.000000,0.000000,0.000000,0.000000,0.000000,0.000000,0.000000,0.000000,0.000000,0.000000,0,0,0,0
"16,-12",0,99299,0,0,975,4,99999,99999,99999,99999,99999,99999,0.000000,0.000000,0.000000,0.000000,0.000000,0.000000,0.000000,0.000000,0.000000,0.000000,0.000000,0.000000,0.000000,0.000000,0,0,0,0
"16,-11",0,99299,0,0,969,4,99999,99999,99999,99999,99999,99999,0.000000,0.000000,0.000000,0.000000,0.000000,0.000000,0.000000,0.000000,0.000000,0.000000,0.000000,0.000000,0.000000,0.000000,0,0,0,0
"16,-10",0,99299,0,0,977,4,99999,99999,99999,99999,99999,99999,0.000000,0.000000,0.000000,0.000000,0.000000,0.000000,0.000000,0.000000,0.000000,0.000000,0.000000,0.000000,0.000000,0.000000,0,0,0,0
"16,-9",0,99299,0,0,981,4,99999,99999,99999,99999,99999,99999,0.000000,0.000000,0.000000,0.000000,0.000000,0.000000,0.000000,0.000000,0.000000,0.000000,0.000000,0.000000,0.000000,0.000000,0,0,0,0
"16,-8",0,99299,0,0,978,4,99999,99999,99999,99999,99999,99999,0.000000,0.000000,0.000000,0.000000,0.000000,0.000000,0.000000,0.000000,0.000000,0.000000,0.000000,0.000000,0.000000,0.000000,0,0,0,0
"16,-7",0,99299,0,0,977,4,99999,99999,99999,99999,99999,99999,0.000000,0.000000,0.000000,0.000000,0.000000,0.000000,0.000000,0.000000,0.000000,0.000000,0.000000,0.000000,0.000000,0.000000,0,0,0,0
"16,-6",0,99299,0,0,974,4,99999,99999,99999,99999,99999,99999,0.000000,0.000000,0.000000,0.000000,0.000000,0.000000,0.000000,0.000000,0.000000,0.000000,0.000000,0.000000,0.000000,0.000000,0,0,0,0
"16,-5",0,99299,0,0,986,4,99999,99999,99999,99999,99999,99999,0.000000,0.000000,0.000000,0.000000,0.000000,0.000000,0.000000,0.000000,0.000000,0.000000,0.000000,0.000000,0.000000,0.000000,0,0,0,0
"16,-4",0,99299,0,0,976,4,99999,99999,99999,99999,99999,99999,0.000000,0.000000,0.000000,0.000000,0.000000,0.000000,0.000000,0.000000,0.000000,0.000000,0.000000,0.000000,0.000000,0.000000,0,0,0,0
"16,-3",0,99299,0,0,311,4,99999,99999,99999,99999,99999,99999,0.000000,0.000000,0.000000,0.000000,0.000000,0.000000,0.000000,0.000000,0.000000,0.000000,0.000000,0.000000,0.000000,0.000000,0,0,0,0
"16,-2",0,99299,0,0,73,4,99999,99999,99999,99999,99999,99999,0.000000,0.000000,0.000000,0.000000,0.000000,0.000000,0.000000,0.000000,0.000000,0.000000,0.000000,0.000000,0.000000,0.000000,0,0,0,0
"16,-1",0,99299,0,0,77,4,99999,99999,99999,99999,99999,99999,0.000000,0.000000,0.000000,0.000000,0.000000,0.000000,0.000000,0.000000,0.000000,0.000000,0.000000,0.000000,0.000000,0.000000,0,0,0,0
"16,0",0,99299,0,0,65,4,99999,99999,99999,99999,99999,99999,0.000000,0.000000,0.000000,0.000000,0.000000,0.000000,0.000000,0.000000,0.000000,0.000000,0.000000,0.000000,0.000000,0.000000,0,0,0,0
"16,1",0,99299,0,0,76,4,99999,99999,99999,99999,99999,99999,0.000000,0.000000,0.000000,0.000000,0.000000,0.000000,0.000000,0.000000,0.000000,0.000000,0.000000,0.000000,0.000000,0.000000,0,0,0,0
"16,2",0,99299,0,0,83,4,99999,99999,99999,99999,99999,99999,0.000000,0.000000,0.000000,0.000000,0.000000,0.000000,0.000000,0.000000,0.000000,0.000000,0.000000,0.000000,0.000000,0.000000,0,0,0,0
"16,3",0,99299,0,0,78,4,99999,99999,99999,99999,99999,99999,0.000000,0.000000,0.000000,0.000000,0.000000,0.000000,0.000000,0.000000,0.000000,0.000000,0.000000,0.000000,0.000000,0.000000,0,0,0,0
"16,4",0,99299,0,0,71,4,99999,99999,99999,99999,99999,99999,0.000000,0.000000,0.000000,0.000000,0.000000,0.000000,0.000000,0.000000,0.000000,0.000000,0.000000,0.000000,0.000000,0.000000,0,0,0,0
"16,5",0,99299,0,0,77,4,99999,99999,99999,99999,99999,99999,0.000000,0.000000,0.000000,0.000000,0.000000,0.000000,0.000000,0.000000,0.000000,0.000000,0.000000,0.000000,0.000000,0.000000,0,0,0,0
"16,6",0,99299,0,0,79,4,99999,99999,99999,99999,99999,99999,0.000000,0.000000,0.000000,0.000000,0.000000,0.000000,0.000000,0.000000,0.000000,0.000000,0.000000,0.000000,0.000000,0.000000,0,0,0,0
"16,7",0,99299,0,0,78,4,99999,99999,99999,99999,99999,99999,0.000000,0.000000,0.000000,0.000000,0.000000,0.000000,0.000000,0.000000,0.000000,0.000000,0.000000,0.000000,0.000000,0.000000,0,0,0,0
"16,8",0,99299,0,0,8,4,99999,99999,99999,99999,99999,99999,0.000000,0.000000,0.000000,0.000000,0.000000,0.000000,0.000000,0.000000,0.000000,0.000000,0.000000,0.000000,0.000000,0.000000,0,0,0,0
"16,9",0,99299,0,0,8,4,99999,99999,99999,99999,99999,99999,0.000000,0.000000,0.000000,0.000000,0.000000,0.000000,0.000000,0.000000,0.000000,0.000000,0.000000,0.000000,0.000000,0.000000,0,0,0,0
"16,10",0,99299,0,0,8,4,99999,99999,99999,99999,99999,99999,0.000000,0.000000,0.000000,0.000000,0.000000,0.000000,0.000000,0.000000,0.000000,0.000000,0.000000,0.000000,0.000000,0.000000,0,0,0,0
"16,11",0,99299,0,0,9,4,99999,99999,99999,99999,99999,99999,0.000000,0.000000,0.000000,0.000000,0.000000,0.000000,0.000000,0.000000,0.000000,0.000000,0.000000,0.000000,0.000000,0.000000,0,0,0,0
"16,12",0,99299,0,0,10,4,99999,99999,99999,99999,99999,99999,0.000000,0.000000,0.000000,0.000000,0.000000,0.000000,0.000000,0.000000,0.000000,0.000000,0.000000,0.000000,0.000000,0.000000,0,0,0,0
"16,13",0,99299,0,0,10,4,99999,99999,99999,99999,99999,99999,0.000000,0.000000,0.000000,0.000000,0.000000,0.000000,0.000000,0.000000,0.000000,0.000000,0.000000,0.000000,0.000000,0.000000,0,0,0,0
"16,17",0,99299,0,0,4,4,99999,99999,99999,99999,99999,99999,0.000000,0.000000,0.000000,0.000000,0.000000,0.000000,0.000000,0.000000,0.000000,0.000000,0.000000,0.000000,0.000000,0.000000,0,0,0,0
"16,18",0,99299,0,0,4,4,99999,99999,99999,99999,99999,99999,0.000000,0.000000,0.000000,0.000000,0.000000,0.000000,0.000000,0.000000,0.000000,0.000000,0.000000,0.000000,0.000000,0.000000,0,0,0,0
"16,19",0,99299,0,0,4,4,99999,99999,99999,99999,99999,99999,0.000000,0.000000,0.000000,0.000000,0.000000,0.000000,0.000000,0.000000,0.000000,0.000000,0.000000,0.000000,0.000000,0.000000,0,0,0,0
"16,20",0,99299,0,0,4,4,99999,99999,99999,99999,99999,99999,0.000000,0.000000,0.000000,0.000000,0.000000,0.000000,0.000000,0.000000,0.000000,0.000000,0.000000,0.000000,0.000000,0.000000,0,0,0,0
"16,21",0,99299,0,0,4,4,99999,99999,99999,99999,99999,99999,0.000000,0.000000,0.000000,0.000000,0.000000,0.000000,0.000000,0.000000,0.000000,0.000000,0.000000,0.000000,0.000000,0.000000,0,0,0,0
"16,22",0,99299,0,0,4,4,99999,99999,99999,99999,99999,99999,0.000000,0.000000,0.000000,0.000000,0.000000,0.000000,0.000000,0.000000,0.000000,0.000000,0.000000,0.000000,0.000000,0.000000,0,0,0,0
"16,23",0,99299,0,0,4,4,99999,99999,99999,99999,99999,99999,0.000000,0.000000,0.000000,0.000000,0.000000,0.000000,0.000000,0.000000,0.000000,0.000000,0.000000,0.000000,0.000000,0.000000,0,0,0,0
"16,24",0,99299,0,0,4,4,99999,99999,99999,99999,99999,99999,0.000000,0.000000,0.000000,0.000000,0.000000,0.000000,0.000000,0.000000,0.000000,0.000000,0.000000,0.000000,0.000000,0.000000,0,0,0,0
"16,25",0,99299,0,0,4,4,99999,99999,99999,99999,99999,99999,0.000000,0.000000,0.000000,0.000000,0.000000,0.000000,0.000000,0.000000,0.000000,0.000000,0.000000,0.000000,0.000000,0.000000,0,0,0,0
"16,26",0,99299,0,0,4,4,99999,99999,99999,99999,99999,99999,0.000000,0.000000,0.000000,0.000000,0.000000,0.000000,0.000000,0.000000,0.000000,0.000000,0.000000,0.000000,0.000000,0.000000,0,0,0,0
"17,-26",0,99299,0,0,984,4,99999,99999,99999,99999,99999,99999,0.000000,0.000000,0.000000,0.000000,0.000000,0.000000,0.000000,0.000000,0.000000,0.000000,0.000000,0.000000,0.000000,0.000000,0,0,0,0
"17,-25",0,99299,0,0,984,4,99999,99999,99999,99999,99999,99999,0.000000,0.000000,0.000000,0.000000,0.000000,0.000000,0.000000,0.000000,0.000000,0.000000,0.000000,0.000000,0.000000,0.000000,0,0,0,0
"17,-24",0,99299,0,0,984,4,99999,99999,99999,99999,99999,99999,0.000000,0.000000,0.000000,0.000000,0.000000,0.000000,0.000000,0.000000,0.000000,0.000000,0.000000,0.000000,0.000000,0.000000,0,0,0,0
"17,-23",0,99299,0,0,984,4,99999,99999,99999,99999,99999,99999,0.000000,0.000000,0.000000,0.000000,0.000000,0.000000,0.000000,0.000000,0.000000,0.000000,0.000000,0.000000,0.000000,0.000000,0,0,0,0
"17,-22",0,99299,0,0,981,4,99999,99999,99999,99999,99999,99999,0.000000,0.000000,0.000000,0.000000,0.000000,0.000000,0.000000,0.000000,0.000000,0.000000,0.000000,0.000000,0.000000,0.000000,0,0,0,0
"17,-21",0,99299,0,0,975,4,99999,99999,99999,99999,99999,99999,0.000000,0.000000,0.000000,0.000000,0.000000,0.000000,0.000000,0.000000,0.000000,0.000000,0.000000,0.000000,0.000000,0.000000,0,0,0,0
"17,-20",0,99299,0,0,967,4,99999,99999,99999,99999,99999,99999,0.000000,0.000000,0.000000,0.000000,0.000000,0.000000,0.000000,0.000000,0.000000,0.000000,0.000000,0.000000,0.000000,0.000000,0,0,0,0
"17,-19",0,99299,0,0,978,4,99999,99999,99999,99999,99999,99999,0.000000,0.000000,0.000000,0.000000,0.000000,0.000000,0.000000,0.000000,0.000000,0.000000,0.000000,0.000000,0.000000,0.000000,0,0,0,0
"17,-18",0,99299,0,0,964,4,99999,99999,99999,99999,99999,99999,0.000000,0.000000,0.000000,0.000000,0.000000,0.000000,0.000000,0.000000,0.000000,0.000000,0.000000,0.000000,0.000000,0.000000,0,0,0,0
"17,-17",0,99299,0,0,972,4,99999,99999,99999,99999,99999,99999,0.000000,0.000000,0.000000,0.000000,0.000000,0.000000,0.000000,0.000000,0.000000,0.000000,0.000000,0.000000,0.000000,0.000000,0,0,0,0
"17,-16",0,99299,0,0,967,4,99999,99999,99999,99999,99999,99999,0.000000,0.000000,0.000000,0.000000,0.000000,0.000000,0.000000,0.000000,0.000000,0.000000,0.000000,0.000000,0.000000,0.000000,0,0,0,0
"17,-15",0,99299,0,0,978,4,99999,99999,99999,99999,99999,99999,0.000000,0.000000,0.000000,0.000000,0.000000,0.000000,0.000000,0.000000,0.000000,0.000000,0.000000,0.000000,0.000000,0.000000,0,0,0,0
"17,-14",0,99299,0,0,976,4,99999,99999,99999,99999,99999,99999,0.000000,0.000000,0.000000,0.000000,0.000000,0.000000,0.000000,0.000000,0.000000,0.000000,0.000000,0.000000,0.000000,0.000000,0,0,0,0
"17,-13",0,99299,0,0,975,4,99999,99999,99999,99999,99999,99999,0.000000,0.000000,0.000000,0.000000,0.000000,0.000000,0.000000,0.000000,0.000000,0.000000,0.000000,0.000000,0.000000,0.000000,0,0,0,0
"17,-12",0,99299,0,0,966,4,99999,99999,99999,99999,99999,99999,0.000000,0.000000,0.000000,0.000000,0.000000,0.000000,0.000000,0.000000,0.000000,0.000000,0.000000,0.000000,0.000000,0.000000,0,0,0,0
"17,-11",0,99299,0,0,966,4,99999,99999,99999,99999,99999,99999,0.000000,0.000000,0.000000,0.000000,0.000000,0.000000,0.000000,0.000000,0.000000,0.000000,0.000000,0.000000,0.000000,0.000000,0,0,0,0
"17,-10",0,99299,0,0,975,4,99999,99999,99999,99999,99999,99999,0.000000,0.000000,0.000000,0.000000,0.000000,0.000000,0.000000,0.000000,0.000000,0.000000,0.000000,0.000000,0.000000,0.000000,0,0,0,0
"17,-9",0,99299,0,0,978,4,99999,99999,99999,99999,99999,99999,0.000000,0.000000,0.000000,0.000000,0.000000,0.000000,0.000000,0.000000,0.000000,0.000000,0.000000,0.000000,0.000000,0.000000,0,0,0,0
"17,-8",0,99299,0,0,975,4,99999,99999,99999,99999,99999,99999,0.000000,0.000000,0.000000,0.000000,0.000000,0.000000,0.000000,0.000000,0.000000,0.000000,0.000000,0.000000,0.000000,0.000000,0,0,0,0
"17,-7",0,99299,0,0,977,4,99999,99999,99999,99999,99999,99999,0.000000,0.000000,0.000000,0.000000,0.000000,0.000000,0.000000,0.000000,0.000000,0.000000,0.000000,0.000000,0.000000,0.000000,0,0,0,0
"17,-6",0,99299,0,0,974,4,99999,99999,99999,99999,99999,99999,0.000000,0.000000,0.000000,0.000000,0.000000,0.000000,0.000000,0.000000,0.000000,0.000000,0.000000,0.000000,0.000000,0.000000,0,0,0,0
"17,-5",0,99299,0,0,316,4,99999,99999,99999,99999,99999,99999,0.000000,0.000000,0.000000,0.000000,0.000000,0.000000,0.000000,0.000000,0.000000,0.000000,0.000000,0.000000,0.000000,0.000000,0,0,0,0
"17,-4",0,99299,0,0,76,4,99999,99999,99999,99999,99999,99999,0.000000,0.000000,0.000000,0.000000,0.000000,0.000000,0.000000,0.000000,0.000000,0.000000,0.000000,0.000000,0.000000,0.000000,0,0,0,0
"17,-3",0,99299,0,0,80,4,99999,99999,99999,99999,99999,99999,0.000000,0.000000,0.000000,0.000000,0.000000,0.000000,0.000000,0.000000,0.000000,0.000000,0.000000,0.000000,0.000000,0.000000,0,0,0,0
"17,-2",0,99299,0,0,67,4,99999,99999,99999,99999,99999,99999,0.000000,0.000000,0.000000,0.000000,0.000000,0.000000,0.000000,0.000000,0.000000,0.000000,0.000000,0.000000,0.000000,0.000000,0,0,0,0
"17,-1",0,99299,0,0,72,4,99999,99999,99999,99999,99999,99999,0.000000,0.000000,0.000000,0.000000,0.000000,0.000000,0.000000,0.000000,0.000000,0.000000,0.000000,0.000000,0.000000,0.000000,0,0,0,0
"17,0",0,99299,0,0,74,4,99999,99999,99999,99999,99999,99999,0.000000,0.000000,0.000000,0.000000,0.000000,0.000000,0.000000,0.000000,0.000000,0.000000,0.000000,0.000000,0.000000,0.000000,0,0,0,0
"17,1",0,99299,0,0,82,4,99999,99999,99999,99999,99999,99999,0.000000,0.000000,0.000000,0.000000,0.000000,0.000000,0.000000,0.000000,0.000000,0.000000,0.000000,0.000000,0.000000,0.000000,0,0,0,0
"17,2",0,99299,0,0,72,4,99999,99999,99999,99999,99999,99999,0.000000,0.000000,0.000000,0.000000,0.000000,0.000000,0.000000,0.000000,0.000000,0.000000,0.000000,0.000000,0.000000,0.000000,0,0,0,0
"17,3",0,99299,0,0,77,4,99999,99999,99999,99999,99999,99999,0.000000,0.000000,0.000000,0.000000,0.000000,0.000000,0.000000,0.000000,0.000000,0.000000,0.000000,0.000000,0.000000,0.000000,0,0,0,0
"17,4",0,99299,0,0,81,4,99999,99999,99999,99999,99999,99999,0.000000,0.000000,0.000000,0.000000,0.000000,0.000000,0.000000,0.000000,0.000000,0.000000,0.000000,0.000000,0.000000,0.000000,0,0,0,0
"17,5",0,99299,0,0,78,4,99999,99999,99999,99999,99999,99999,0.000000,0.000000,0.000000,0.000000,0.000000,0.000000,0.000000,0.000000,0.000000,0.000000,0.000000,0.000000,0.000000,0.000000,0,0,0,0
"17,6",0,99299,0,0,67,4,99999,99999,99999,99999,99999,99999,0.000000,0.000000,0.000000,0.000000,0.000000,0.000000,0.000000,0.000000,0.000000,0.000000,0.000000,0.000000,0.000000,0.000000,0,0,0,0
"17,7",0,99299,0,0,7,4,99999,99999,99999,99999,99999,99999,0.000000,0.000000,0.000000,0.000000,0.000000,0.000000,0.000000,0.000000,0.000000,0.000000,0.000000,0.000000,0.000000,0.000000,0,0,0,0
"17,8",0,99299,0,0,9,4,99999,99999,99999,99999,99999,99999,0.000000,0.000000,0.000000,0.000000,0.000000,0.000000,0.000000,0.000000,0.000000,0.000000,0.000000,0.000000,0.000000,0.000000,0,0,0,0
"17,9",0,99299,0,0,8,4,99999,99999,99999,99999,99999,99999,0.000000,0.000000,0.000000,0.000000,0.000000,0.000000,0.000000,0.000000,0.000000,0.000000,0.000000,0.000000,0.000000,0.000000,0,0,0,0
"17,10",0,99299,0,0,8,4,99999,99999,99999,99999,99999,99999,0.000000,0.000000,0.000000,0.000000,0.000000,0.000000,0.000000,0.000000,0.000000,0.000000,0.000000,0.000000,0.000000,0.000000,0,0,0,0
"17,11",0,99299,0,0,10,4,99999,99999,99999,99999,99999,99999,0.000000,0.000000,0.000000,0.000000,0.000000,0.000000,0.000000,0.000000,0.000000,0.000000,0.000000,0.000000,0.000000,0.000000,0,0,0,0
"17,12",0,99299,0,0,10,4,99999,99999,99999,99999,99999,99999,0.000000,0.000000,0.000000,0.000000,0.000000,0.000000,0.000000,0.000000,0.000000,0.000000,0.000000,0.000000,0.000000,0.000000,0,0,0,0
"17,13",0,99299,0,0,4,4,99999,99999,99999,99999,99999,99999,0.000000,0.000000,0.000000,0.000000,0.000000,0.000000,0.000000,0.000000,0.000000,0.000000,0.000000,0.000000,0.000000,0.000000,0,0,0,0
"17,14",0,99299,0,0,4,4,99999,99999,99999,99999,99999,99999,0.000000,0.000000,0.000000,0.000000,0.000000,0.000000,0.000000,0.000000,0.000000,0.000000,0.000000,0.000000,0.000000,0.000000,0,0,0,0
"17,15",0,99299,0,0,4,4,99999,99999,99999,99999,99999,99999,0.000000,0.000000,0.000000,0.000000,0.000000,0.000000,0.000000,0.000000,0.000000,0.000000,0.000000,0.000000,0.000000,0.000000,0,0,0,0
"17,16",0,99299,0,0,4,4,99999,99999,99999,99999,99999,99999,0.000000,0.000000,0.000000,0.000000,0.000000,0.000000,0.000000,0.000000,0.000000,0.000000,0.000000,0.000000,0.000000,0.000000,0,0,0,0
"17,17",0,99299,0,0,4,4,99999,99999,99999,99999,99999,99999,0.000000,0.000000,0.000000,0.000000,0.000000,0.000000,0.000000,0.000000,0.000000,0.000000,0.000000,0.000000,0.000000,0.000000,0,0,0,0
"17,18",0,99299,0,0,4,4,99999,99999,99999,99999,99999,99999,0.000000,0.000000,0.000000,0.000000,0.000000,0.000000,0.000000,0.000000,0.000000,0.000000,0.000000,0.000000,0.000000,0.000000,0,0,0,0
"17,19",0,99299,0,0,4,4,99999,99999,99999,99999,99999,99999,0.000000,0.000000,0.000000,0.000000,0.000000,0.000000,0.000000,0.000000,0.000000,0.000000,0.000000,0.000000,0.000000,0.000000,0,0,0,0
"17,20",0,99299,0,0,4,4,99999,99999,99999,99999,99999,99999,0.000000,0.000000,0.000000,0.000000,0.000000,0.000000,0.000000,0.000000,0.000000,0.000000,0.000000,0.000000,0.000000,0.000000,0,0,0,0
"17,21",0,99299,0,0,4,4,99999,99999,99999,99999,99999,99999,0.000000,0.000000,0.000000,0.000000,0.000000,0.000000,0.000000,0.000000,0.000000,0.000000,0.000000,0.000000,0.000000,0.000000,0,0,0,0
"17,22",0,99299,0,0,4,4,99999,99999,99999,99999,99999,99999,0.000000,0.000000,0.000000,0.000000,0.000000,0.000000,0.000000,0.000000,0.000000,0.000000,0.000000,0.000000,0.000000,0.000000,0,0,0,0
"17,23",0,99299,0,0,4,4,99999,99999,99999,99999,99999,99999,0.000000,0.000000,0.000000,0.000000,0.000000,0.000000,0.000000,0.000000,0.000000,0.000000,0.000000,0.000000,0.000000,0.000000,0,0,0,0
"17,24",0,99299,0,0,4,4,99999,99999,99999,99999,99999,99999,0.000000,0.000000,0.000000,0.000000,0.000000,0.000000,0.000000,0.000000,0.000000,0.000000,0.000000,0.000000,0.000000,0.000000,0,0,0,0
"17,25",0,99299,0,0,4,4,99999,99999,99999,99999,99999,99999,0.000000,0.000000,0.000000,0.000000,0.000000,0.000000,0.000000,0.000000,0.000000,0.000000,0.000000,0.000000,0.000000,0.000000,0,0,0,0
"17,26",0,99299,0,0,4,4,99999,99999,99999,99999,99999,99999,0.000000,0.000000,0.000000,0.000000,0.000000,0.000000,0.000000,0.000000,0.000000,0.000000,0.000000,0.000000,0.000000,0.000000,0,0,0,0
"18,-26",0,99299,0,0,461,4,99999,99999,99999,99999,99999,99999,0.000000,0.000000,0.000000,0.000000,0.000000,0.000000,0.000000,0.000000,0.000000,0.000000,0.000000,0.000000,0.000000,0.000000,0,0,0,0
"18,-25",0,99299,0,0,975,4,99999,99999,99999,99999,99999,99999,0.000000,0.000000,0.000000,0.000000,0.000000,0.000000,0.000000,0.000000,0.000000,0.000000,0.000000,0.000000,0.000000,0.000000,0,0,0,0
"18,-24",0,99299,0,0,976,4,99999,99999,99999,99999,99999,99999,0.000000,0.000000,0.000000,0.000000,0.000000,0.000000,0.000000,0.000000,0.000000,0.000000,0.000000,0.000000,0.000000,0.000000,0,0,0,0
"18,-23",0,99299,0,0,983,4,99999,99999,99999,99999,99999,99999,0.000000,0.000000,0.000000,0.000000,0.000000,0.000000,0.000000,0.000000,0.000000,0.000000,0.000000,0.000000,0.000000,0.000000,0,0,0,0
"18,-22",0,99299,0,0,983,4,99999,99999,99999,99999,99999,99999,0.000000,0.000000,0.000000,0.000000,0.000000,0.000000,0.000000,0.000000,0.000000,0.000000,0.000000,0.000000,0.000000,0.000000,0,0,0,0
"18,-21",0,99299,0,0,975,4,99999,99999,99999,99999,99999,99999,0.000000,0.000000,0.000000,0.000000,0.000000,0.000000,0.000000,0.000000,0.000000,0.000000,0.000000,0.000000,0.000000,0.000000,0,0,0,0
"18,-20",0,99299,0,0,970,4,99999,99999,99999,99999,99999,99999,0.000000,0.000000,0.000000,0.000000,0.000000,0.000000,0.000000,0.000000,0.000000,0.000000,0.000000,0.000000,0.000000,0.000000,0,0,0,0
"18,-19",0,99299,0,0,986,4,99999,99999,99999,99999,99999,99999,0.000000,0.000000,0.000000,0.000000,0.000000,0.000000,0.000000,0.000000,0.000000,0.000000,0.000000,0.000000,0.000000,0.000000,0,0,0,0
"18,-18",0,99299,0,0,975,4,99999,99999,99999,99999,99999,99999,0.000000,0.000000,0.000000,0.000000,0.000000,0.000000,0.000000,0.000000,0.000000,0.000000,0.000000,0.000000,0.000000,0.000000,0,0,0,0
"18,-17",0,99299,0,0,979,4,99999,99999,99999,99999,99999,99999,0.000000,0.000000,0.000000,0.000000,0.000000,0.000000,0.000000,0.000000,0.000000,0.000000,0.000000,0.000000,0.000000,0.000000,0,0,0,0
"18,-16",0,99299,0,0,978,4,99999,99999,99999,99999,99999,99999,0.000000,0.000000,0.000000,0.000000,0.000000,0.000000,0.000000,0.000000,0.000000,0.000000,0.000000,0.000000,0.000000,0.000000,0,0,0,0
"18,-15",0,99299,0,0,975,4,99999,99999,99999,99999,99999,99999,0.000000,0.000000,0.000000,0.000000,0.000000,0.000000,0.000000,0.000000,0.000000,0.000000,0.000000,0.000000,0.000000,0.000000,0,0,0,0
"18,-14",0,99299,0,0,977,4,99999,99999,99999,99999,99999,99999,0.000000,0.000000,0.000000,0.000000,0.000000,0.000000,0.000000,0.000000,0.000000,0.000000,0.000000,0.000000,0.000000,0.000000,0,0,0,0
"18,-13",0,99299,0,0,977,4,99999,99999,99999,99999,99999,99999,0.000000,0.000000,0.000000,0.000000,0.000000,0.000000,0.000000,0.000000,0.000000,0.000000,0.000000,0.000000,0.000000,0.000000,0,0,0,0
"18,-12",0,99299,0,0,977,4,99999,99999,99999,99999,99999,99999,0.000000,0.000000,0.000000,0.000000,0.000000,0.000000,0.000000,0.000000,0.000000,0.000000,0.000000,0.000000,0.000000,0.000000,0,0,0,0
"18,-11",0,99299,0,0,964,4,99999,99999,99999,99999,99999,99999,0.000000,0.000000,0.000000,0.000000,0.000000,0.000000,0.000000,0.000000,0.000000,0.000000,0.000000,0.000000,0.000000,0.000000,0,0,0,0
"18,-10",0,99299,0,0,985,4,99999,99999,99999,99999,99999,99999,0.000000,0.000000,0.000000,0.000000,0.000000,0.000000,0.000000,0.000000,0.000000,0.000000,0.000000,0.000000,0.000000,0.000000,0,0,0,0
"18,-9",0,99299,0,0,975,4,99999,99999,99999,99999,99999,99999,0.000000,0.000000,0.000000,0.000000,0.000000,0.000000,0.000000,0.000000,0.000000,0.000000,0.000000,0.000000,0.000000,0.000000,0,0,0,0
"18,-8",0,99299,0,0,622,4,99999,99999,99999,99999,99999,99999,0.000000,0.000000,0.000000,0.000000,0.000000,0.000000,0.000000,0.000000,0.000000,0.000000,0.000000,0.000000,0.000000,0.000000,0,0,0,0
"18,-7",0,99299,0,0,76,4,99999,99999,99999,99999,99999,99999,0.000000,0.000000,0.000000,0.000000,0.000000,0.000000,0.000000,0.000000,0.000000,0.000000,0.000000,0.000000,0.000000,0.000000,0,0,0,0
"18,-6",0,99299,0,0,72,4,99999,99999,99999,99999,99999,99999,0.000000,0.000000,0.000000,0.000000,0.000000,0.000000,0.000000,0.000000,0.000000,0.000000,0.000000,0.000000,0.000000,0.000000,0,0,0,0
"18,-5",0,99299,0,0,71,4,99999,99999,99999,99999,99999,99999,0.000000,0.000000,0.000000,0.000000,0.000000,0.000000,0.000000,0.000000,0.000000,0.000000,0.000000,0.000000,0.000000,0.000000,0,0,0,0
"18,-4",0,99299,0,0,76,4,99999,99999,99999,99999,99999,99999,0.000000,0.000000,0.000000,0.000000,0.000000,0.000000,0.000000,0.000000,0.000000,0.000000,0.000000,0.000000,0.000000,0.000000,0,0,0,0
"18,-3",0,99299,0,0,76,4,99999,99999,99999,99999,99999,99999,0.000000,0.000000,0.000000,0.000000,0.000000,0.000000,0.000000,0.000000,0.000000,0.000000,0.000000,0.000000,0.000000,0.000000,0,0,0,0
"18,-2",0,99299,0,0,81,4,99999,99999,99999,99999,99999,99999,0.000000,0.000000,0.000000,0.000000,0.000000,0.000000,0.000000,0.000000,0.000000,0.000000,0.000000,0.000000,0.000000,0.000000,0,0,0,0
"18,-1",0,99299,0,0,80,4,99999,99999,99999,99999,99999,99999,0.000000,0.000000,0.000000,0.000000,0.000000,0.000000,0.000000,0.000000,0.000000,0.000000,0.000000,0.000000,0.000000,0.000000,0,0,0,0
"18,0",0,99299,0,0,79,4,99999,99999,99999,99999,99999,99999,0.000000,0.000000,0.000000,0.000000,0.000000,0.000000,0.000000,0.000000,0.000000,0.000000,0.000000,0.000000,0.000000,0.000000,0,0,0,0
"18,1",0,99299,0,0,80,4,99999,99999,99999,99999,99999,99999,0.000000,0.000000,0.000000,0.000000,0.000000,0.000000,0.000000,0.000000,0.000000,0.000000,0.000000,0.000000,0.000000,0.000000,0,0,0,0
"18,2",0,99299,0,0,77,4,99999,99999,99999,99999,99999,99999,0.000000,0.000000,0.000000,0.000000,0.000000,0.000000,0.000000,0.000000,0.000000,0.000000,0.000000,0.000000,0.000000,0.000000,0,0,0,0
"18,3",0,99299,0,0,80,4,99999,99999,99999,99999,99999,99999,0.000000,0.000000,0.000000,0.000000,0.000000,0.000000,0.000000,0.000000,0.000000,0.000000,0.000000,0.000000,0.000000,0.000000,0,0,0,0
"18,4",0,99299,0,0,70,4,99999,99999,99999,99999,99999,99999,0.000000,0.000000,0.000000,0.000000,0.000000,0.000000,0.000000,0.000000,0.000000,0.000000,0.000000,0.000000,0.000000,0.000000,0,0,0,0
"18,5",0,99299,0,0,69,4,99999,99999,99999,99999,99999,99999,0.000000,0.000000,0.000000,0.000000,0.000000,0.000000,0.000000,0.000000,0.000000,0.000000,0.000000,0.000000,0.000000,0.000000,0,0,0,0
"18,6",0,99299,0,0,8,4,99999,99999,99999,99999,99999,99999,0.000000,0.000000,0.000000,0.000000,0.000000,0.000000,0.000000,0.000000,0.000000,0.000000,0.000000,0.000000,0.000000,0.000000,0,0,0,0
"18,7",0,99299,0,0,9,4,99999,99999,99999,99999,99999,99999,0.000000,0.000000,0.000000,0.000000,0.000000,0.000000,0.000000,0.000000,0.000000,0.000000,0.000000,0.000000,0.000000,0.000000,0,0,0,0
"18,8",0,99299,0,0,8,4,99999,99999,99999,99999,99999,99999,0.000000,0.000000,0.000000,0.000000,0.000000,0.000000,0.000000,0.000000,0.000000,0.000000,0.000000,0.000000,0.000000,0.000000,0,0,0,0
"18,9",0,99299,0,0,8,4,99999,99999,99999,99999,99999,99999,0.000000,0.000000,0.000000,0.000000,0.000000,0.000000,0.000000,0.000000,0.000000,0.000000,0.000000,0.000000,0.000000,0.000000,0,0,0,0
"18,10",0,99299,0,0,9,4,99999,99999,99999,99999,99999,99999,0.000000,0.000000,0.000000,0.000000,0.000000,0.000000,0.000000,0.000000,0.000000,0.000000,0.000000,0.000000,0.000000,0.000000,0,0,0,0
"18,11",0,99299,0,0,10,4,99999,99999,99999,99999,99999,99999,0.000000,0.000000,0.000000,0.000000,0.000000,0.000000,0.000000,0.000000,0.000000,0.000000,0.000000,0.000000,0.000000,0.000000,0,0,0,0
"18,12",0,99299,0,0,5,4,99999,99999,99999,99999,99999,99999,0.000000,0.000000,0.000000,0.000000,0.000000,0.000000,0.000000,0.000000,0.000000,0.000000,0.000000,0.000000,0.000000,0.000000,0,0,0,0
"18,13",0,99299,0,0,4,4,99999,99999,99999,99999,99999,99999,0.000000,0.000000,0.000000,0.000000,0.000000,0.000000,0.000000,0.000000,0.000000,0.000000,0.000000,0.000000,0.000000,0.000000,0,0,0,0
"18,14",0,99299,0,0,5,4,99999,99999,99999,99999,99999,99999,0.000000,0.000000,0.000000,0.000000,0.000000,0.000000,0.000000,0.000000,0.000000,0.000000,0.000000,0.000000,0.000000,0.000000,0,0,0,0
"18,15",0,99299,0,0,4,4,99999,99999,99999,99999,99999,99999,0.000000,0.000000,0.000000,0.000000,0.000000,0.000000,0.000000,0.000000,0.000000,0.000000,0.000000,0.000000,0.000000,0.000000,0,0,0,0
"18,16",0,99299,0,0,4,4,99999,99999,99999,99999,99999,99999,0.000000,0.000000,0.000000,0.000000,0.000000,0.000000,0.000000,0.000000,0.000000,0.000000,0.000000,0.000000,0.000000,0.000000,0,0,0,0
"18,17",0,99299,0,0,4,4,99999,99999,99999,99999,99999,99999,0.000000,0.000000,0.000000,0.000000,0.000000,0.000000,0.000000,0.000000,0.000000,0.000000,0.000000,0.000000,0.000000,0.000000,0,0,0,0
"18,18",0,99299,0,0,4,4,99999,99999,99999,99999,99999,99999,0.000000,0.000000,0.000000,0.000000,0.000000,0.000000,0.000000,0.000000,0.000000,0.000000,0.000000,0.000000,0.000000,0.000000,0,0,0,0
"18,19",0,99299,0,0,4,4,99999,99999,99999,99999,99999,99999,0.000000,0.000000,0.000000,0.000000,0.000000,0.000000,0.000000,0.000000,0.000000,0.000000,0.000000,0.000000,0.000000,0.000000,0,0,0,0
"18,20",0,99299,0,0,4,4,99999,99999,99999,99999,99999,99999,0.000000,0.000000,0.000000,0.000000,0.000000,0.000000,0.000000,0.000000,0.000000,0.000000,0.000000,0.000000,0.000000,0.000000,0,0,0,0
"18,21",0,99299,0,0,4,4,99999,99999,99999,99999,99999,99999,0.000000,0.000000,0.000000,0.000000,0.000000,0.000000,0.000000,0.000000,0.000000,0.000000,0.000000,0.000000,0.000000,0.000000,0,0,0,0
"18,22",0,99299,0,0,4,4,99999,99999,99999,99999,99999,99999,0.000000,0.000000,0.000000,0.000000,0.000000,0.000000,0.000000,0.000000,0.000000,0.000000,0.000000,0.000000,0.000000,0.000000,0,0,0,0
"18,23",0,99299,0,0,4,4,99999,99999,99999,99999,99999,99999,0.000000,0.000000,0.000000,0.000000,0.000000,0.000000,0.000000,0.000000,0.000000,0.000000,0.000000,0.000000,0.000000,0.000000,0,0,0,0
"18,24",0,99299,0,0,4,4,99999,99999,99999,99999,99999,99999,0.000000,0.000000,0.000000,0.000000,0.000000,0.000000,0.000000,0.000000,0.000000,0.000000,0.000000,0.000000,0.000000,0.000000,0,0,0,0
"18,25",0,99299,0,0,4,4,99999,99999,99999,99999,99999,99999,0.000000,0.000000,0.000000,0.000000,0.000000,0.000000,0.000000,0.000000,0.000000,0.000000,0.000000,0.000000,0.000000,0.000000,0,0,0,0
"18,26",0,99299,0,0,4,4,99999,99999,99999,99999,99999,99999,0.000000,0.000000,0.000000,0.000000,0.000000,0.000000,0.000000,0.000000,0.000000,0.000000,0.000000,0.000000,0.000000,0.000000,0,0,0,0
"19,-26",0,99299,0,0,74,4,99999,99999,99999,99999,99999,99999,0.000000,0.000000,0.000000,0.000000,0.000000,0.000000,0.000000,0.000000,0.000000,0.000000,0.000000,0.000000,0.000000,0.000000,0,0,0,0
"19,-25",0,99299,0,0,83,4,99999,99999,99999,99999,99999,99999,0.000000,0.000000,0.000000,0.000000,0.000000,0.000000,0.000000,0.000000,0.000000,0.000000,0.000000,0.000000,0.000000,0.000000,0,0,0,0
"19,-24",0,99299,0,0,75,4,99999,99999,99999,99999,99999,99999,0.000000,0.000000,0.000000,0.000000,0.000000,0.000000,0.000000,0.000000,0.000000,0.000000,0.000000,0.000000,0.000000,0.000000,0,0,0,0
"19,-23",0,99299,0,0,77,4,99999,99999,99999,99999,99999,99999,0.000000,0.000000,0.000000,0.000000,0.000000,0.000000,0.000000,0.000000,0.000000,0.000000,0.000000,0.000000,0.000000,0.000000,0,0,0,0
"19,-22",0,99299,0,0,477,4,99999,99999,99999,99999,99999,99999,0.000000,0.000000,0.000000,0.000000,0.000000,0.000000,0.000000,0.000000,0.000000,0.000000,0.000000,0.000000,0.000000,0.000000,0,0,0,0
"19,-21",0,99299,0,0,1012,4,99999,99999,99999,99999,99999,99999,0.000000,0.000000,0.000000,0.000000,0.000000,0.000000,0.000000,0.000000,0.000000,0.000000,0.000000,0.000000,0.000000,0.000000,0,0,0,0
"19,-20",0,99299,0,0,977,4,99999,99999,99999,99999,99999,99999,0.000000,0.000000,0.000000,0.000000,0.000000,0.000000,0.000000,0.000000,0.000000,0.000000,0.000000,0.000000,0.000000,0.000000,0,0,0,0
"19,-19",0,99299,0,0,974,4,99999,99999,99999,99999,99999,99999,0.000000,0.000000,0.000000,0.000000,0.000000,0.000000,0.000000,0.000000,0.000000,0.000000,0.000000,0.000000,0.000000,0.000000,0,0,0,0
"19,-18",0,99299,0,0,972,4,99999,99999,99999,99999,99999,99999,0.000000,0.000000,0.000000,0.000000,0.000000,0.000000,0.000000,0.000000,0.000000,0.000000,0.000000,0.000000,0.000000,0.000000,0,0,0,0
"19,-17",0,99299,0,0,978,4,99999,99999,99999,99999,99999,99999,0.000000,0.000000,0.000000,0.000000,0.000000,0.000000,0.000000,0.000000,0.000000,0.000000,0.000000,0.000000,0.000000,0.000000,0,0,0,0
"19,-16",0,99299,0,0,981,4,99999,99999,99999,99999,99999,99999,0.000000,0.000000,0.000000,0.000000,0.000000,0.000000,0.000000,0.000000,0.000000,0.000000,0.000000,0.000000,0.000000,0.000000,0,0,0,0
"19,-15",0,99299,0,0,972,4,99999,99999,99999,99999,99999,99999,0.000000,0.000000,0.000000,0.000000,0.000000,0.000000,0.000000,0.000000,0.000000,0.000000,0.000000,0.000000,0.000000,0.000000,0,0,0,0
"19,-14",0,99299,0,0,973,4,99999,99999,99999,99999,99999,99999,0.000000,0.000000,0.000000,0.000000,0.000000,0.000000,0.000000,0.000000,0.000000,0.000000,0.000000,0.000000,0.000000,0.000000,0,0,0,0
"19,-13",0,99299,0,0,1022,4,99999,99999,99999,99999,99999,99999,0.000000,0.000000,0.000000,0.000000,0.000000,0.000000,0.000000,0.000000,0.000000,0.000000,0.000000,0.000000,0.000000,0.000000,0,0,0,0
"19,-12",0,99299,0,0,544,4,99999,99999,99999,99999,99999,99999,0.000000,0.000000,0.000000,0.000000,0.000000,0.000000,0.000000,0.000000,0.000000,0.000000,0.000000,0.000000,0.000000,0.000000,0,0,0,0
"19,-11",0,99299,0,0,77,4,99999,99999,99999,99999,99999,99999,0.000000,0.000000,0.000000,0.000000,0.000000,0.000000,0.000000,0.000000,0.000000,0.000000,0.000000,0.000000,0.000000,0.000000,0,0,0,0
"19,-10",0,99299,0,0,65,4,99999,99999,99999,99999,99999,99999,0.000000,0.000000,0.000000,0.000000,0.000000,0.000000,0.000000,0.000000,0.000000,0.000000,0.000000,0.000000,0.000000,0.000000,0,0,0,0
"19,-9",0,99299,0,0,85,4,99999,99999,99999,99999,99999,99999,0.000000,0.000000,0.000000,0.000000,0.000000,0.000000,0.000000,0.000000,0.000000,0.000000,0.000000,0.000000,0.000000,0.000000,0,0,0,0
"19,-8",0,99299,0,0,78,4,99999,99999,99999,99999,99999,99999,0.000000,0.000000,0.000000,0.000000,0.000000,0.000000,0.000000,0.000000,0.000000,0.000000,0.000000,0.000000,0.000000,0.000000,0,0,0,0
"19,-7",0,99299,0,0,77,4,99999,99999,99999,99999,99999,99999,0.000000,0.000000,0.000000,0.000000,0.000000,0.000000,0.000000,0.000000,0.000000,0.000000,0.000000,0.000000,0.000000,0.000000,0,0,0,0
"19,-6",0,99299,0,0,79,4,99999,99999,99999,99999,99999,99999,0.000000,0.000000,0.000000,0.000000,0.000000,0.000000,0.000000,0.000000,0.000000,0.000000,0.000000,0.000000,0.000000,0.000000,0,0,0,0
"19,-5",0,99299,0,0,73,4,99999,99999,99999,99999,99999,99999,0.000000,0.000000,0.000000,0.000000,0.000000,0.000000,0.000000,0.000000,0.000000,0.000000,0.000000,0.000000,0.000000,0.000000,0,0,0,0
"19,-4",0,99299,0,0,92,4,99999,99999,99999,99999,99999,99999,0.000000,0.000000,0.000000,0.000000,0.000000,0.000000,0.000000,0.000000,0.000000,0.000000,0.000000,0.000000,0.000000,0.000000,0,0,0,0
"19,-3",0,99299,0,0,80,4,99999,99999,99999,99999,99999,99999,0.000000,0.000000,0.000000,0.000000,0.000000,0.000000,0.000000,0.000000,0.000000,0.000000,0.000000,0.000000,0.000000,0.000000,0,0,0,0
"19,-2",0,99299,0,0,70,4,99999,99999,99999,99999,99999,99999,0.000000,0.000000,0.000000,0.000000,0.000000,0.000000,0.000000,0.000000,0.000000,0.000000,0.000000,0.000000,0.000000,0.000000,0,0,0,0
"19,-1",0,99299,0,0,80,4,99999,99999,99999,99999,99999,99999,0.000000,0.000000,0.000000,0.000000,0.000000,0.000000,0.000000,0.000000,0.000000,0.000000,0.000000,0.000000,0.000000,0.000000,0,0,0,0
"19,0",0,99299,0,0,75,4,99999,99999,99999,99999,99999,99999,0.000000,0.000000,0.000000,0.000000,0.000000,0.000000,0.000000,0.000000,0.000000,0.000000,0.000000,0.000000,0.000000,0.000000,0,0,0,0
"19,1",0,99299,0,0,67,4,99999,99999,99999,99999,99999,99999,0.000000,0.000000,0.000000,0.000000,0.000000,0.000000,0.000000,0.000000,0.000000,0.000000,0.000000,0.000000,0.000000,0.000000,0,0,0,0
"19,2",0,99299,0,0,92,4,99999,99999,99999,99999,99999,99999,0.000000,0.000000,0.000000,0.000000,0.000000,0.000000,0.000000,0.000000,0.000000,0.000000,0.000000,0.000000,0.000000,0.000000,0,0,0,0
"19,3",0,99299,0,0,76,4,99999,99999,99999,99999,99999,99999,0.000000,0.000000,0.000000,0.000000,0.000000,0.000000,0.000000,0.000000,0.000000,0.000000,0.000000,0.000000,0.000000,0.000000,0,0,0,0
"19,4",0,99299,0,0,53,4,99999,99999,99999,99999,99999,99999,0.000000,0.000000,0.000000,0.000000,0.000000,0.000000,0.000000,0.000000,0.000000,0.000000,0.000000,0.000000,0.000000,0.000000,0,0,0,0
"19,5",0,99299,0,0,8,4,99999,99999,99999,99999,99999,99999,0.000000,0.000000,0.000000,0.000000,0.000000,0.000000,0.000000,0.000000,0.000000,0.000000,0.000000,0.000000,0.000000,0.000000,0,0,0,0
"19,6",0,99299,0,0,10,4,99999,99999,99999,99999,99999,99999,0.000000,0.000000,0.000000,0.000000,0.000000,0.000000,0.000000,0.000000,0.000000,0.000000,0.000000,0.000000,0.000000,0.000000,0,0,0,0
"19,7",0,99299,0,0,8,4,99999,99999,99999,99999,99999,99999,0.000000,0.000000,0.000000,0.000000,0.000000,0.000000,0.000000,0.000000,0.000000,0.000000,0.000000,0.000000,0.000000,0.000000,0,0,0,0
"19,8",0,99299,0,0,10,4,99999,99999,99999,99999,99999,99999,0.000000,0.000000,0.000000,0.000000,0.000000,0.000000,0.000000,0.000000,0.000000,0.000000,0.000000,0.000000,0.000000,0.000000,0,0,0,0
"19,9",0,99299,0,0,10,4,99999,99999,99999,99999,99999,99999,0.000000,0.000000,0.000000,0.000000,0.000000,0.000000,0.000000,0.000000,0.000000,0.000000,0.000000,0.000000,0.000000,0.000000,0,0,0,0
"19,10",0,99299,0,0,9,4,99999,99999,99999,99999,99999,99999,0.000000,0.000000,0.000000,0.000000,0.000000,0.000000,0.000000,0.000000,0.000000,0.000000,0.000000,0.000000,0.000000,0.000000,0,0,0,0
"19,11",0,99299,0,0,4,4,99999,99999,99999,99999,99999,99999,0.000000,0.000000,0.000000,0.000000,0.000000,0.000000,0.000000,0.000000,0.000000,0.000000,0.000000,0.000000,0.000000,0.000000,0,0,0,0
"19,12",0,99299,0,0,4,4,99999,99999,99999,99999,99999,99999,0.000000,0.000000,0.000000,0.000000,0.000000,0.000000,0.000000,0.000000,0.000000,0.000000,0.000000,0.000000,0.000000,0.000000,0,0,0,0
"19,13",0,99299,0,0,4,4,99999,99999,99999,99999,99999,99999,0.000000,0.000000,0.000000,0.000000,0.000000,0.000000,0.000000,0.000000,0.000000,0.000000,0.000000,0.000000,0.000000,0.000000,0,0,0,0
"19,14",0,99299,0,0,4,4,99999,99999,99999,99999,99999,99999,0.000000,0.000000,0.000000,0.000000,0.000000,0.000000,0.000000,0.000000,0.000000,0.000000,0.000000,0.000000,0.000000,0.000000,0,0,0,0
"19,15",0,99299,0,0,5,4,99999,99999,99999,99999,99999,99999,0.000000,0.000000,0.000000,0.000000,0.000000,0.000000,0.000000,0.000000,0.000000,0.000000,0.000000,0.000000,0.000000,0.000000,0,0,0,0
"19,16",0,99299,0,0,4,4,99999,99999,99999,99999,99999,99999,0.000000,0.000000,0.000000,0.000000,0.000000,0.000000,0.000000,0.000000,0.000000,0.000000,0.000000,0.000000,0.000000,0.000000,0,0,0,0
"19,17",0,99299,0,0,4,4,99999,99999,99999,99999,99999,99999,0.000000,0.000000,0.000000,0.000000,0.000000,0.000000,0.000000,0.000000,0.000000,0.000000,0.000000,0.000000,0.000000,0.000000,0,0,0,0
"19,18",0,99299,0,0,4,4,99999,99999,99999,99999,99999,99999,0.000000,0.000000,0.000000,0.000000,0.000000,0.000000,0.000000,0.000000,0.000000,0.000000,0.000000,0.000000,0.000000,0.000000,0,0,0,0
"19,19",0,99299,0,0,4,4,99999,99999,99999,99999,99999,99999,0.000000,0.000000,0.000000,0.000000,0.000000,0.000000,0.000000,0.000000,0.000000,0.000000,0.000000,0.000000,0.000000,0.000000,0,0,0,0
"19,20",0,99299,0,0,4,4,99999,99999,99999,99999,99999,99999,0.000000,0.000000,0.000000,0.000000,0.000000,0.000000,0.000000,0.000000,0.000000,0.000000,0.000000,0.000000,0.000000,0.000000,0,0,0,0
"19,21",0,99299,0,0,4,4,99999,99999,99999,99999,99999,99999,0.000000,0.000000,0.000000,0.000000,0.000000,0.000000,0.000000,0.000000,0.000000,0.000000,0.000000,0.000000,0.000000,0.000000,0,0,0,0
"19,22",0,99299,0,0,4,4,99999,99999,99999,99999,99999,99999,0.000000,0.000000,0.000000,0.000000,0.000000,0.000000,0.000000,0.000000,0.000000,0.000000,0.000000,0.000000,0.000000,0.000000,0,0,0,0
"19,23",0,99299,0,0,4,4,99999,99999,99999,99999,99999,99999,0.000000,0.000000,0.000000,0.000000,0.000000,0.000000,0.000000,0.000000,0.000000,0.000000,0.000000,0.000000,0.000000,0.000000,0,0,0,0
"19,24",0,99299,0,0,4,4,99999,99999,99999,99999,99999,99999,0.000000,0.000000,0.000000,0.000000,0.000000,0.000000,0.000000,0.000000,0.000000,0.000000,0.000000,0.000000,0.000000,0.000000,0,0,0,0
"19,25",0,99299,0,0,4,4,99999,99999,99999,99999,99999,99999,0.000000,0.000000,0.000000,0.000000,0.000000,0.000000,0.000000,0.000000,0.000000,0.000000,0.000000,0.000000,0.000000,0.000000,0,0,0,0
"19,26",0,99299,0,0,4,4,99999,99999,99999,99999,99999,99999,0.000000,0.000000,0.000000,0.000000,0.000000,0.000000,0.000000,0.000000,0.000000,0.000000,0.000000,0.000000,0.000000,0.000000,0,0,0,0
"20,-26",0,0,0,0,78,4,99999,99999,99999,99999,99999,99999,0.000000,0.000000,0.000000,0.000000,0.000000,0.000000,0.000000,0.000000,0.000000,0.000000,0.000000,0.000000,0.000000,0.000000,0,0,0,0
"20,-25",0,0,0,0,80,4,99999,99999,99999,99999,99999,99999,0.000000,0.000000,0.000000,0.000000,0.000000,0.000000,0.000000,0.000000,0.000000,0.000000,0.000000,0.000000,0.000000,0.000000,0,0,0,0
"20,-24",0,0,0,0,69,4,99999,99999,99999,99999,99999,99999,0.000000,0.000000,0.000000,0.000000,0.000000,0.000000,0.000000,0.000000,0.000000,0.000000,0.000000,0.000000,0.000000,0.000000,0,0,0,0
"20,-23",0,0,0,0,73,4,99999,99999,99999,99999,99999,99999,0.000000,0.000000,0.000000,0.000000,0.000000,0.000000,0.000000,0.000000,0.000000,0.000000,0.000000,0.000000,0.000000,0.000000,0,0,0,0
"20,-22",0,0,0,0,80,4,99999,99999,99999,99999,99999,99999,0.000000,0.000000,0.000000,0.000000,0.000000,0.000000,0.000000,0.000000,0.000000,0.000000,0.000000,0.000000,0.000000,0.000000,0,0,0,0
"20,-21",0,0,0,0,71,4,99999,99999,99999,99999,99999,99999,0.000000,0.000000,0.000000,0.000000,0.000000,0.000000,0.000000,0.000000,0.000000,0.000000,0.000000,0.000000,0.000000,0.000000,0,0,0,0
"20,-20",0,0,0,0,73,4,99999,99999,99999,99999,99999,99999,0.000000,0.000000,0.000000,0.000000,0.000000,0.000000,0.000000,0.000000,0.000000,0.000000,0.000000,0.000000,0.000000,0.000000,0,0,0,0
"20,-19",0,0,0,0,75,4,99999,99999,99999,99999,99999,99999,0.000000,0.000000,0.000000,0.000000,0.000000,0.000000,0.000000,0.000000,0.000000,0.000000,0.000000,0.000000,0.000000,0.000000,0,0,0,0
"20,-18",0,0,0,0,75,4,99999,99999,99999,99999,99999,99999,0.000000,0.000000,0.000000,0.000000,0.000000,0.000000,0.000000,0.000000,0.000000,0.000000,0.000000,0.000000,0.000000,0.000000,0,0,0,0
"20,-17",0,0,0,0,68,4,99999,99999,99999,99999,99999,99999,0.000000,0.000000,0.000000,0.000000,0.000000,0.000000,0.000000,0.000000,0.000000,0.000000,0.000000,0.000000,0.000000,0.000000,0,0,0,0
"20,-16",0,0,0,0,70,4,99999,99999,99999,99999,99999,99999,0.000000,0.000000,0.000000,0.000000,0.000000,0.000000,0.000000,0.000000,0.000000,0.000000,0.000000,0.000000,0.000000,0.000000,0,0,0,0
"20,-15",0,0,0,0,78,4,99999,99999,99999,99999,99999,99999,0.000000,0.000000,0.000000,0.000000,0.000000,0.000000,0.000000,0.000000,0.000000,0.000000,0.000000,0.000000,0.000000,0.000000,0,0,0,0
"20,-14",0,0,0,0,77,4,99999,99999,99999,99999,99999,99999,0.000000,0.000000,0.000000,0.000000,0.000000,0.000000,0.000000,0.000000,0.000000,0.000000,0.000000,0.000000,0.000000,0.000000,0,0,0,0
"20,-13",0,0,0,0,71,4,99999,99999,99999,99999,99999,99999,0.000000,0.000000,0.000000,0.000000,0.000000,0.000000,0.000000,0.000000,0.000000,0.000000,0.000000,0.000000,0.000000,0.000000,0,0,0,0
"20,-12",0,0,0,0,76,4,99999,99999,99999,99999,99999,99999,0.000000,0.000000,0.000000,0.000000,0.000000,0.000000,0.000000,0.000000,0.000000,0.000000,0.000000,0.000000,0.000000,0.000000,0,0,0,0
"20,-11",0,0,0,0,91,4,99999,99999,99999,99999,99999,99999,0.000000,0.000000,0.000000,0.000000,0.000000,0.000000,0.000000,0.000000,0.000000,0.000000,0.000000,0.000000,0.000000,0.000000,0,0,0,0
"20,-10",0,0,0,0,72,4,99999,99999,99999,99999,99999,99999,0.000000,0.000000,0.000000,0.000000,0.000000,0.000000,0.000000,0.000000,0.000000,0.000000,0.000000,0.000000,0.000000,0.000000,0,0,0,0
"20,-9",0,0,0,0,71,4,99999,99999,99999,99999,99999,99999,0.000000,0.000000,0.000000,0.000000,0.000000,0.000000,0.000000,0.000000,0.000000,0.000000,0.000000,0.000000,0.000000,0.000000,0,0,0,0
"20,-8",0,0,0,0,76,4,99999,99999,99999,99999,99999,99999,0.000000,0.000000,0.000000,0.000000,0.000000,0.000000,0.000000,0.000000,0.000000,0.000000,0.000000,0.000000,0.000000,0.000000,0,0,0,0
"20,-7",0,0,0,0,74,4,99999,99999,99999,99999,99999,99999,0.000000,0.000000,0.000000,0.000000,0.000000,0.000000,0.000000,0.000000,0.000000,0.000000,0.000000,0.000000,0.000000,0.000000,0,0,0,0
"20,-6",0,0,0,0,69,4,99999,99999,99999,99999,99999,99999,0.000000,0.000000,0.000000,0.000000,0.000000,0.000000,0.000000,0.000000,0.000000,0.000000,0.000000,0.000000,0.000000,0.000000,0,0,0,0
"20,-5",0,0,0,0,79,4,99999,99999,99999,99999,99999,99999,0.000000,0.000000,0.000000,0.000000,0.000000,0.000000,0.000000,0.000000,0.000000,0.000000,0.000000,0.000000,0.000000,0.000000,0,0,0,0
"20,-4",0,0,0,0,73,4,99999,99999,99999,99999,99999,99999,0.000000,0.000000,0.000000,0.000000,0.000000,0.000000,0.000000,0.000000,0.000000,0.000000,0.000000,0.000000,0.000000,0.000000,0,0,0,0
"20,-3",0,0,0,0,80,4,99999,99999,99999,99999,99999,99999,0.000000,0.000000,0.000000,0.000000,0.000000,0.000000,0.000000,0.000000,0.000000,0.000000,0.000000,0.000000,0.000000,0.000000,0,0,0,0
"20,-2",0,0,0,0,71,4,99999,99999,99999,99999,99999,99999,0.000000,0.000000,0.000000,0.000000,0.000000,0.000000,0.000000,0.000000,0.000000,0.000000,0.000000,0.000000,0.000000,0.000000,0,0,0,0
"20,-1",0,0,0,0,78,4,99999,99999,99999,99999,99999,99999,0.000000,0.000000,0.000000,0.000000,0.000000,0.000000,0.000000,0.000000,0.000000,0.000000,0.000000,0.000000,0.000000,0.000000,0,0,0,0
"20,0",0,0,0,0,85,4,99999,99999,99999,99999,99999,99999,0.000000,0.000000,0.000000,0.000000,0.000000,0.000000,0.000000,0.000000,0.000000,0.000000,0.000000,0.000000,0.000000,0.000000,0,0,0,0
"20,1",0,0,0,0,79,4,99999,99999,99999,99999,99999,99999,0.000000,0.000000,0.000000,0.000000,0.000000,0.000000,0.000000,0.000000,0.000000,0.000000,0.000000,0.000000,0.000000,0.000000,0,0,0,0
"20,2",0,0,0,0,85,4,99999,99999,99999,99999,99999,99999,0.000000,0.000000,0.000000,0.000000,0.000000,0.000000,0.000000,0.000000,0.000000,0.000000,0.000000,0.000000,0.000000,0.000000,0,0,0,0
"20,3",0,0,0,0,10,4,99999,99999,99999,99999,99999,99999,0.000000,0.000000,0.000000,0.000000,0.000000,0.000000,0.000000,0.000000,0.000000,0.000000,0.000000,0.000000,0.000000,0.000000,0,0,0,0
"20,4",0,0,0,0,9,4,99999,99999,99999,99999,99999,99999,0.000000,0.000000,0.000000,0.000000,0.000000,0.000000,0.000000,0.000000,0.000000,0.000000,0.000000,0.000000,0.000000,0.000000,0,0,0,0
"20,5",0,0,0,0,8,4,99999,99999,99999,99999,99999,99999,0.000000,0.000000,0.000000,0.000000,0.000000,0.000000,0.000000,0.000000,0.000000,0.000000,0.000000,0.000000,0.000000,0.000000,0,0,0,0
"20,6",0,0,0,0,8,4,99999,99999,99999,99999,99999,99999,0.000000,0.000000,0.000000,0.000000,0.000000,0.000000,0.000000,0.000000,0.000000,0.000000,0.000000,0.000000,0.000000,0.000000,0,0,0,0
"20,7",0,0,0,0,9,4,99999,99999,99999,99999,99999,99999,0.000000,0.000000,0.000000,0.000000,0.000000,0.000000,0.000000,0.000000,0.000000,0.000000,0.000000,0.000000,0.000000,0.000000,0,0,0,0
"20,8",0,0,0,0,8,4,99999,99999,99999,99999,99999,99999,0.000000,0.000000,0.000000,0.000000,0.000000,0.000000,0.000000,0.000000,0.000000,0.000000,0.000000,0.000000,0.000000,0.000000,0,0,0,0
"20,9",0,0,0,0,9,4,99999,99999,99999,99999,99999,99999,0.000000,0.000000,0.000000,0.000000,0.000000,0.000000,0.000000,0.000000,0.000000,0.000000,0.000000,0.000000,0.000000,0.000000,0,0,0,0
"20,10",0,0,0,0,4,4,99999,99999,99999,99999,99999,99999,0.000000,0.000000,0.000000,0.000000,0.000000,0.000000,0.000000,0.000000,0.000000,0.000000,0.000000,0.000000,0.000000,0.000000,0,0,0,0
"20,11",0,0,0,0,4,4,99999,99999,99999,99999,99999,99999,0.000000,0.000000,0.000000,0.000000,0.000000,0.000000,0.000000,0.000000,0.000000,0.000000,0.000000,0.000000,0.000000,0.000000,0,0,0,0
"20,12",0,0,0,0,4,4,99999,99999,99999,99999,99999,99999,0.000000,0.000000,0.000000,0.000000,0.000000,0.000000,0.000000,0.000000,0.000000,0.000000,0.000000,0.000000,0.000000,0.000000,0,0,0,0
"20,13",0,0,0,0,4,4,99999,99999,99999,99999,99999,99999,0.000000,0.000000,0.000000,0.000000,0.000000,0.000000,0.000000,0.000000,0.000000,0.000000,0.000000,0.000000,0.000000,0.000000,0,0,0,0
"20,14",0,0,0,0,4,4,99999,99999,99999,99999,99999,99999,0.000000,0.000000,0.000000,0.000000,0.000000,0.000000,0.000000,0.000000,0.000000,0.000000,0.000000,0.000000,0.000000,0.000000,0,0,0,0
"20,15",0,0,0,0,4,4,99999,99999,99999,99999,99999,99999,0.000000,0.000000,0.000000,0.000000,0.000000,0.000000,0.000000,0.000000,0.000000,0.000000,0.000000,0.000000,0.000000,0.000000,0,0,0,0
"20,16",0,0,0,0,4,4,99999,99999,99999,99999,99999,99999,0.000000,0.000000,0.000000,0.000000,0.000000,0.000000,0.000000,0.000000,0.000000,0.000000,0.000000,0.000000,0.000000,0.000000,0,0,0,0
"20,17",0,0,0,0,4,4,99999,99999,99999,99999,99999,99999,0.000000,0.000000,0.000000,0.000000,0.000000,0.000000,0.000000,0.000000,0.000000,0.000000,0.000000,0.000000,0.000000,0.000000,0,0,0,0
"20,18",0,0,0,0,4,4,99999,99999,99999,99999,99999,99999,0.000000,0.000000,0.000000,0.000000,0.000000,0.000000,0.000000,0.000000,0.000000,0.000000,0.000000,0.000000,0.000000,0.000000,0,0,0,0
"20,19",0,0,0,0,4,4,99999,99999,99999,99999,99999,99999,0.000000,0.000000,0.000000,0.000000,0.000000,0.000000,0.000000,0.000000,0.000000,0.000000,0.000000,0.000000,0.000000,0.000000,0,0,0,0
"20,20",0,0,0,0,4,4,99999,99999,99999,99999,99999,99999,0.000000,0.000000,0.000000,0.000000,0.000000,0.000000,0.000000,0.000000,0.000000,0.000000,0.000000,0.000000,0.000000,0.000000,0,0,0,0
"20,21",0,0,0,0,4,4,99999,99999,99999,99999,99999,99999,0.000000,0.000000,0.000000,0.000000,0.000000,0.000000,0.000000,0.000000,0.000000,0.000000,0.000000,0.000000,0.000000,0.000000,0,0,0,0
"20,22",0,0,0,0,4,4,99999,99999,99999,99999,99999,99999,0.000000,0.000000,0.000000,0.000000,0.000000,0.000000,0.000000,0.000000,0.000000,0.000000,0.000000,0.000000,0.000000,0.000000,0,0,0,0
"20,23",0,0,0,0,4,4,99999,99999,99999,99999,99999,99999,0.000000,0.000000,0.000000,0.000000,0.000000,0.000000,0.000000,0.000000,0.000000,0.000000,0.000000,0.000000,0.000000,0.000000,0,0,0,0
"20,24",0,0,0,0,4,4,99999,99999,99999,99999,99999,99999,0.000000,0.000000,0.000000,0.000000,0.000000,0.000000,0.000000,0.000000,0.000000,0.000000,0.000000,0.000000,0.000000,0.000000,0,0,0,0
"20,25",0,0,0,0,4,4,99999,99999,99999,99999,99999,99999,0.000000,0.000000,0.000000,0.000000,0.000000,0.000000,0.000000,0.000000,0.000000,0.000000,0.000000,0.000000,0.000000,0.000000,0,0,0,0
"20,26",0,0,0,0,4,4,99999,99999,99999,99999,99999,99999,0.000000,0.000000,0.000000,0.000000,0.000000,0.000000,0.000000,0.000000,0.000000,0.000000,0.000000,0.000000,0.000000,0.000000,0,0,0,0
"21,-26",0,0,0,0,67,4,99999,99999,99999,99999,99999,99999,0.000000,0.000000,0.000000,0.000000,0.000000,0.000000,0.000000,0.000000,0.000000,0.000000,0.000000,0.000000,0.000000,0.000000,0,0,0,0
"21,-25",0,0,0,0,67,4,99999,99999,99999,99999,99999,99999,0.000000,0.000000,0.000000,0.000000,0.000000,0.000000,0.000000,0.000000,0.000000,0.000000,0.000000,0.000000,0.000000,0.000000,0,0,0,0
"21,-24",0,0,0,0,81,4,99999,99999,99999,99999,99999,99999,0.000000,0.000000,0.000000,0.000000,0.000000,0.000000,0.000000,0.000000,0.000000,0.000000,0.000000,0.000000,0.000000,0.000000,0,0,0,0
"21,-23",0,0,0,0,70,4,99999,99999,99999,99999,99999,99999,0.000000,0.000000,0.000000,0.000000,0.000000,0.000000,0.000000,0.000000,0.000000,0.000000,0.000000,0.000000,0.000000,0.000000,0,0,0,0
"21,-22",0,0,0,0,84,4,99999,99999,99999,99999,99999,99999,0.000000,0.000000,0.000000,0.000000,0.000000,0.000000,0.000000,0.000000,0.000000,0.000000,0.000000,0.000000,0.000000,0.000000,0,0,0,0
"21,-21",0,0,0,0,75,4,99999,99999,99999,99999,99999,99999,0.000000,0.000000,0.000000,0.000000,0.000000,0.000000,0.000000,0.000000,0.000000,0.000000,0.000000,0.000000,0.000000,0.000000,0,0,0,0
"21,-20",0,0,0,0,75,4,99999,99999,99999,99999,99999,99999,0.000000,0.000000,0.000000,0.000000,0.000000,0.000000,0.000000,0.000000,0.000000,0.000000,0.000000,0.000000,0.000000,0.000000,0,0,0,0
"21,-19",0,0,0,0,79,4,99999,99999,99999,99999,99999,99999,0.000000,0.000000,0.000000,0.000000,0.000000,0.000000,0.000000,0.000000,0.000000,0.000000,0.000000,0.000000,0.000000,0.000000,0,0,0,0
"21,-18",0,0,0,0,76,4,99999,99999,99999,99999,99999,99999,0.000000,0.000000,0.000000,0.000000,0.000000,0.000000,0.000000,0.000000,0.000000,0.000000,0.000000,0.000000,0.000000,0.000000,0,0,0,0
"21,-17",0,0,0,0,85,4,99999,99999,99999,99999,99999,99999,0.000000,0.000000,0.000000,0.000000,0.000000,0.000000,0.000000,0.000000,0.000000,0.000000,0.000000,0.000000,0.000000,0.000000,0,0,0,0
"21,-16",0,0,0,0,71,4,99999,99999,99999,99999,99999,99999,0.000000,0.000000,0.000000,0.000000,0.000000,0.000000,0.000000,0.000000,0.000000,0.000000,0.000000,0.000000,0.000000,0.000000,0,0,0,0
"21,-15",0,0,0,0,69,4,99999,99999,99999,99999,99999,99999,0.000000,0.000000,0.000000,0.000000,0.000000,0.000000,0.000000,0.000000,0.000000,0.000000,0.000000,0.000000,0.000000,0.000000,0,0,0,0
"21,-14",0,0,0,0,81,4,99999,99999,99999,99999,99999,99999,0.000000,0.000000,0.000000,0.000000,0.000000,0.000000,0.000000,0.000000,0.000000,0.000000,0.000000,0.000000,0.000000,0.000000,0,0,0,0
"21,-13",0,0,0,0,72,4,99999,99999,99999,99999,99999,99999,0.000000,0.000000,0.000000,0.000000,0.000000,0.000000,0.000000,0.000000,0.000000,0.000000,0.000000,0.000000,0.000000,0.000000,0,0,0,0
"21,-12",0,0,0,0,84,4,99999,99999,99999,99999,99999,99999,0.000000,0.000000,0.000000,0.000000,0.000000,0.000000,0.000000,0.000000,0.000000,0.000000,0.000000,0.000000,0.000000,0.000000,0,0,0,0
"21,-11",0,0,0,0,79,4,99999,99999,99999,99999,99999,99999,0.000000,0.000000,0.000000,0.000000,0.000000,0.000000,0.000000,0.000000,0.000000,0.000000,0.000000,0.000000,0.000000,0.000000,0,0,0,0
"21,-10",0,0,0,0,68,4,99999,99999,99999,99999,99999,99999,0.000000,0.000000,0.000000,0.000000,0.000000,0.000000,0.000000,0.000000,0.000000,0.000000,0.000000,0.000000,0.000000,0.000000,0,0,0,0
"21,-9",0,0,0,0,85,4,99999,99999,99999,99999,99999,99999,0.000000,0.000000,0.000000,0.000000,0.000000,0.000000,0.000000,0.000000,0.000000,0.000000,0.000000,0.000000,0.000000,0.000000,0,0,0,0
"21,-8",0,0,0,0,80,4,99999,99999,99999,99999,99999,99999,0.000000,0.000000,0.000000,0.000000,0.000000,0.000000,0.000000,0.000000,0.000000,0.000000,0.000000,0.000000,0.000000,0.000000,0,0,0,0
"21,-7",0,0,0,0,75,4,99999,99999,99999,99999,99999,99999,0.000000,0.000000,0.000000,0.000000,0.000000,0.000000,0.000000,0.000000,0.000000,0.000000,0.000000,0.000000,0.000000,0.000000,0,0,0,0
"21,-6",0,0,0,0,83,4,99999,99999,99999,99999,99999,99999,0.000000,0.000000,0.000000,0.000000,0.000000,0.000000,0.000000,0.000000,0.000000,0.000000,0.000000,0.000000,0.000000,0.000000,0,0,0,0
"21,-5",0,0,0,0,72,4,99999,99999,99999,99999,99999,99999,0.000000,0.000000,0.000000,0.000000,0.000000,0.000000,0.000000,0.000000,0.000000,0.000000,0.000000,0.000000,0.000000,0.000000,0,0,0,0
"21,-4",0,0,0,0,91,4,99999,99999,99999,99999,99999,99999,0.000000,0.000000,0.000000,0.000000,0.000000,0.000000,0.000000,0.000000,0.000000,0.000000,0.000000,0.000000,0.000000,0.000000,0,0,0,0
"21,-3",0,0,0,0,76,4,99999,99999,99999,99999,99999,99999,0.000000,0.000000,0.000000,0.000000,0.000000,0.000000,0.000000,0.000000,0.000000,0.000000,0.000000,0.000000,0.000000,0.000000,0,0,0,0
"21,-2",0,0,0,0,79,4,99999,99999,99999,99999,99999,99999,0.000000,0.000000,0.000000,0.000000,0.000000,0.000000,0.000000,0.000000,0.000000,0.000000,0.000000,0.000000,0.000000,0.000000,0,0,0,0
"21,-1",0,0,0,0,77,4,99999,99999,99999,99999,99999,99999,0.000000,0.000000,0.000000,0.000000,0.000000,0.000000,0.000000,0.000000,0.000000,0.000000,0.000000,0.000000,0.000000,0.000000,0,0,0,0
"21,0",0,0,0,0,87,4,99999,99999,99999,99999,99999,99999,0.000000,0.000000,0.000000,0.000000,0.000000,0.000000,0.000000,0.000000,0.000000,0.000000,0.000000,0.000000,0.000000,0.000000,0,0,0,0
"21,1",0,0,0,0,47,4,99999,99999,99999,99999,99999,99999,0.000000,0.000000,0.000000,0.000000,0.000000,0.000000,0.000000,0.000000,0.000000,0.000000,0.000000,0.000000,0.000000,0.000000,0,0,0,0
"21,2",0,0,0,0,9,4,99999,99999,99999,99999,99999,99999,0.000000,0.000000,0.000000,0.000000,0.000000,0.000000,0.000000,0.000000,0.000000,0.000000,0.000000,0.000000,0.000000,0.000000,0,0,0,0
"21,3",0,0,0,0,9,4,99999,99999,99999,99999,99999,99999,0.000000,0.000000,0.000000,0.000000,0.000000,0.000000,0.000000,0.000000,0.000000,0.000000,0.000000,0.000000,0.000000,0.000000,0,0,0,0
"21,4",0,0,0,0,9,4,99999,99999,99999,99999,99999,99999,0.000000,0.000000,0.000000,0.000000,0.000000,0.000000,0.000000,0.000000,0.000000,0.000000,0.000000,0.000000,0.000000,0.000000,0,0,0,0
"21,5",0,0,0,0,8,4,99999,99999,99999,99999,99999,99999,0.000000,0.000000,0.000000,0.000000,0.000000,0.000000,0.000000,0.000000,0.000000,0.000000,0.000000,0.000000,0.000000,0.000000,0,0,0,0
"21,6",0,0,0,0,8,4,99999,99999,99999,99999,99999,99999,0.000000,0.000000,0.000000,0.000000,0.000000,0.000000,0.000000,0.000000,0.000000,0.000000,0.000000,0.000000,0.000000,0.000000,0,0,0,0
"21,7",0,0,0,0,8,4,99999,99999,99999,99999,99999,99999,0.000000,0.000000,0.000000,0.000000,0.000000,0.000000,0.000000,0.000000,0.000000,0.000000,0.000000,0.000000,0.000000,0.000000,0,0,0,0
"21,8",0,0,0,0,10,4,99999,99999,99999,99999,99999,99999,0.000000,0.000000,0.000000,0.000000,0.000000,0.000000,0.000000,0.000000,0.000000,0.000000,0.000000,0.000000,0.000000,0.000000,0,0,0,0
"21,9",0,0,0,0,4,4,99999,99999,99999,99999,99999,99999,0.000000,0.000000,0.000000,0.000000,0.000000,0.000000,0.000000,0.000000,0.000000,0.000000,0.000000,0.000000,0.000000,0.000000,0,0,0,0
"21,10",0,0,0,0,4,4,99999,99999,99999,99999,99999,99999,0.000000,0.000000,0.000000,0.000000,0.000000,0.000000,0.000000,0.000000,0.000000,0.000000,0.000000,0.000000,0.000000,0.000000,0,0,0,0
"21,11",0,0,0,0,4,4,99999,99999,99999,99999,99999,99999,0.000000,0.000000,0.000000,0.000000,0.000000,0.000000,0.000000,0.000000,0.000000,0.000000,0.000000,0.000000,0.000000,0.000000,0,0,0,0
"21,12",0,0,0,0,5,4,99999,99999,99999,99999,99999,99999,0.000000,0.000000,0.000000,0.000000,0.000000,0.000000,0.000000,0.000000,0.000000,0.000000,0.000000,0.000000,0.000000,0.000000,0,0,0,0
"21,13",0,0,0,0,4,4,99999,99999,99999,99999,99999,99999,0.000000,0.000000,0.000000,0.000000,0.000000,0.000000,0.000000,0.000000,0.000000,0.000000,0.000000,0.000000,0.000000,0.000000,0,0,0,0
"21,14",0,0,0,0,4,4,99999,99999,99999,99999,99999,99999,0.000000,0.000000,0.000000,0.000000,0.000000,0.000000,0.000000,0.000000,0.000000,0.000000,0.000000,0.000000,0.000000,0.000000,0,0,0,0
"21,15",0,0,0,0,4,4,99999,99999,99999,99999,99999,99999,0.000000,0.000000,0.000000,0.000000,0.000000,0.000000,0.000000,0.000000,0.000000,0.000000,0.000000,0.000000,0.000000,0.000000,0,0,0,0
"21,16",0,0,0,0,4,4,99999,99999,99999,99999,99999,99999,0.000000,0.000000,0.000000,0.000000,0.000000,0.000000,0.000000,0.000000,0.000000,0.000000,0.000000,0.000000,0.000000,0.000000,0,0,0,0
"21,17",0,0,0,0,4,4,99999,99999,99999,99999,99999,99999,0.000000,0.000000,0.000000,0.000000,0.000000,0.000000,0.000000,0.000000,0.000000,0.000000,0.000000,0.000000,0.000000,0.000000,0,0,0,0
"21,18",0,0,0,0,4,4,99999,99999,99999,99999,99999,99999,0.000000,0.000000,0.000000,0.000000,0.000000,0.000000,0.000000,0.000000,0.000000,0.000000,0.000000,0.000000,0.000000,0.000000,0,0,0,0
"21,19",0,0,0,0,4,4,99999,99999,99999,99999,99999,99999,0.000000,0.000000,0.000000,0.000000,0.000000,0.000000,0.000000,0.000000,0.000000,0.000000,0.000000,0.000000,0.000000,0.000000,0,0,0,0
"21,20",0,0,0,0,4,4,99999,99999,99999,99999,99999,99999,0.000000,0.000000,0.000000,0.000000,0.000000,0.000000,0.000000,0.000000,0.000000,0.000000,0.000000,0.000000,0.000000,0.000000,0,0,0,0
"21,21",0,0,0,0,4,4,99999,99999,99999,99999,99999,99999,0.000000,0.000000,0.000000,0.000000,0.000000,0.000000,0.000000,0.000000,0.000000,0.000000,0.000000,0.000000,0.000000,0.000000,0,0,0,0
"21,22",0,0,0,0,4,4,99999,99999,99999,99999,99999,99999,0.000000,0.000000,0.000000,0.000000,0.000000,0.000000,0.000000,0.000000,0.000000,0.000000,0.000000,0.000000,0.000000,0.000000,0,0,0,0
"21,23",0,0,0,0,4,4,99999,99999,99999,99999,99999,99999,0.000000,0.000000,0.000000,0.000000,0.000000,0.000000,0.000000,0.000000,0.000000,0.000000,0.000000,0.000000,0.000000,0.000000,0,0,0,0
"21,24",0,0,0,0,4,4,99999,99999,99999,99999,99999,99999,0.000000,0.000000,0.000000,0.000000,0.000000,0.000000,0.000000,0.000000,0.000000,0.000000,0.000000,0.000000,0.000000,0.000000,0,0,0,0
"21,25",0,0,0,0,4,4,99999,99999,99999,99999,99999,99999,0.000000,0.000000,0.000000,0.000000,0.000000,0.000000,0.000000,0.000000,0.000000,0.000000,0.000000,0.000000,0.000000,0.000000,0,0,0,0
"21,26",0,0,0,0,4,4,99999,99999,99999,99999,99999,99999,0.000000,0.000000,0.000000,0.000000,0.000000,0.000000,0.000000,0.000000,0.000000,0.000000,0.000000,0.000000,0.000000,0.000000,0,0,0,0
"22,-26",0,0,0,0,77,4,99999,99999,99999,99999,99999,99999,0.000000,0.000000,0.000000,0.000000,0.000000,0.000000,0.000000,0.000000,0.000000,0.000000,0.000000,0.000000,0.000000,0.000000,0,0,0,0
"22,-25",0,0,0,0,81,4,99999,99999,99999,99999,99999,99999,0.000000,0.000000,0.000000,0.000000,0.000000,0.000000,0.000000,0.000000,0.000000,0.000000,0.000000,0.000000,0.000000,0.000000,0,0,0,0
"22,-24",0,0,0,0,72,4,99999,99999,99999,99999,99999,99999,0.000000,0.000000,0.000000,0.000000,0.000000,0.000000,0.000000,0.000000,0.000000,0.000000,0.000000,0.000000,0.000000,0.000000,0,0,0,0
"22,-23",0,0,0,0,73,4,99999,99999,99999,99999,99999,99999,0.000000,0.000000,0.000000,0.000000,0.000000,0.000000,0.000000,0.000000,0.000000,0.000000,0.000000,0.000000,0.000000,0.000000,0,0,0,0
"22,-22",0,0,0,0,73,4,99999,99999,99999,99999,99999,99999,0.000000,0.000000,0.000000,0.000000,0.000000,0.000000,0.000000,0.000000,0.000000,0.000000,0.000000,0.000000,0.000000,0.000000,0,0,0,0
"22,-21",0,0,0,0,77,4,99999,99999,99999,99999,99999,99999,0.000000,0.000000,0.000000,0.000000,0.000000,0.000000,0.000000,0.000000,0.000000,0.000000,0.000000,0.000000,0.000000,0.000000,0,0,0,0
"22,-20",0,0,0,0,79,4,99999,99999,99999,99999,99999,99999,0.000000,0.000000,0.000000,0.000000,0.000000,0.000000,0.000000,0.000000,0.000000,0.000000,0.000000,0.000000,0.000000,0.000000,0,0,0,0
"22,-19",0,0,0,0,69,4,99999,99999,99999,99999,99999,99999,0.000000,0.000000,0.000000,0.000000,0.000000,0.000000,0.000000,0.000000,0.000000,0.000000,0.000000,0.000000,0.000000,0.000000,0,0,0,0
"22,-18",0,0,0,0,76,4,99999,99999,99999,99999,99999,99999,0.000000,0.000000,0.000000,0.000000,0.000000,0.000000,0.000000,0.000000,0.000000,0.000000,0.000000,0.000000,0.000000,0.000000,0,0,0,0
"22,-17",0,0,0,0,78,4,99999,99999,99999,99999,99999,99999,0.000000,0.000000,0.000000,0.000000,0.000000,0.000000,0.000000,0.000000,0.000000,0.000000,0.000000,0.000000,0.000000,0.000000,0,0,0,0
"22,-16",0,0,0,0,71,4,99999,99999,99999,99999,99999,99999,0.000000,0.000000,0.000000,0.000000,0.000000,0.000000,0.000000,0.000000,0.000000,0.000000,0.000000,0.000000,0.000000,0.000000,0,0,0,0
"22,-15",0,0,0,0,87,4,99999,99999,99999,99999,99999,99999,0.000000,0.000000,0.000000,0.000000,0.000000,0.000000,0.000000,0.000000,0.000000,0.000000,0.000000,0.000000,0.000000,0.000000,0,0,0,0
"22,-14",0,0,0,0,78,4,99999,99999,99999,99999,99999,99999,0.000000,0.000000,0.000000,0.000000,0.000000,0.000000,0.000000,0.000000,0.000000,0.000000,0.000000,0.000000,0.000000,0.000000,0,0,0,0
"22,-13",0,0,0,0,68,4,99999,99999,99999,99999,99999,99999,0.000000,0.000000,0.000000,0.000000,0.000000,0.000000,0.000000,0.000000,0.000000,0.000000,0.000000,0.000000,0.000000,0.000000,0,0,0,0
"22,-12",0,0,0,0,88,4,99999,99999,99999,99999,99999,99999,0.000000,0.000000,0.000000,0.000000,0.000000,0.000000,0.000000,0.000000,0.000000,0.000000,0.000000,0.000000,0.000000,0.000000,0,0,0,0
"22,-11",0,0,0,0,78,4,99999,99999,99999,99999,99999,99999,0.000000,0.000000,0.000000,0.000000,0.000000,0.000000,0.000000,0.000000,0.000000,0.000000,0.000000,0.000000,0.000000,0.000000,0,0,0,0
"22,-10",0,0,0,0,76,4,99999,99999,99999,99999,99999,99999,0.000000,0.000000,0.000000,0.000000,0.000000,0.000000,0.000000,0.000000,0.000000,0.000000,0.000000,0.000000,0.000000,0.000000,0,0,0,0
"22,-9",0,0,0,0,72,4,99999,99999,99999,99999,99999,99999,0.000000,0.000000,0.000000,0.000000,0.000000,0.000000,0.000000,0.000000,0.000000,0.000000,0.000000,0.000000,0.000000,0.000000,0,0,0,0
"22,-8",0,0,0,0,73,4,99999,99999,99999,99999,99999,99999,0.000000,0.000000,0.000000,0.000000,0.000000,0.000000,0.000000,0.000000,0.000000,0.000000,0.000000,0.000000,0.000000,0.000000,0,0,0,0
"22,-7",0,0,0,0,75,4,99999,99999,99999,99999,99999,99999,0.000000,0.000000,0.000000,0.000000,0.000000,0.000000,0.000000,0.000000,0.000000,0.000000,0.000000,0.000000,0.000000,0.000000,0,0,0,0
"22,-6",0,0,0,0,75,4,99999,99999,99999,99999,99999,99999,0.000000,0.000000,0.000000,0.000000,0.000000,0.000000,0.000000,0.000000,0.000000,0.000000,0.000000,0.000000,0.000000,0.000000,0,0,0,0
"22,-5",0,0,0,0,76,4,99999,99999,99999,99999,99999,99999,0.000000,0.000000,0.000000,0.000000,0.000000,0.000000,0.000000,0.000000,0.000000,0.000000,0.000000,0.000000,0.000000,0.000000,0,0,0,0
"22,-4",0,0,0,0,74,4,99999,99999,99999,99999,99999,99999,0.000000,0.000000,0.000000,0.000000,0.000000,0.000000,0.000000,0.000000,0.000000,0.000000,0.000000,0.000000,0.000000,0.000000,0,0,0,0
"22,-3",0,0,0,0,75,4,99999,99999,99999,99999,99999,99999,0.000000,0.000000,0.000000,0.000000,0.000000,0.000000,0.000000,0.000000,0.000000,0.000000,0.000000,0.000000,0.000000,0.000000,0,0,0,0
"22,-2",0,0,0,0,67,4,99999,99999,99999,99999,99999,99999,0.000000,0.000000,0.000000,0.000000,0.000000,0.000000,0.000000,0.000000,0.000000,0.000000,0.000000,0.000000,0.000000,0.000000,0,0,0,0
"22,-1",0,0,0,0,76,4,99999,99999,99999,99999,99999,99999,0.000000,0.000000,0.000000,0.000000,0.000000,0.000000,0.000000,0.000000,0.000000,0.000000,0.000000,0.000000,0.000000,0.000000,0,0,0,0
"22,0",0,0,0,0,9,4,99999,99999,99999,99999,99999,99999,0.000000,0.000000,0.000000,0.000000,0.000000,0.000000,0.000000,0.000000,0.000000,0.000000,0.000000,0.000000,0.000000,0.000000,0,0,0,0
"22,1",0,0,0,0,9,4,99999,99999,99999,99999,99999,99999,0.000000,0.000000,0.000000,0.000000,0.000000,0.000000,0.000000,0.000000,0.000000,0.000000,0.000000,0.000000,0.000000,0.000000,0,0,0,0
"22,2",0,0,0,0,8,4,99999,99999,99999,99999,99999,99999,0.000000,0.000000,0.000000,0.000000,0.000000,0.000000,0.000000,0.000000,0.000000,0.000000,0.000000,0.000000,0.000000,0.000000,0,0,0,0
"22,3",0,0,0,0,9,4,99999,99999,99999,99999,99999,99999,0.000000,0.000000,0.000000,0.000000,0.000000,0.000000,0.000000,0.000000,0.000000,0.000000,0.000000,0.000000,0.000000,0.000000,0,0,0,0
"22,4",0,0,0,0,9,4,99999,99999,99999,99999,99999,99999,0.000000,0.000000,0.000000,0.000000,0.000000,0.000000,0.000000,0.000000,0.000000,0.000000,0.000000,0.000000,0.000000,0.000000,0,0,0,0
"22,5",0,0,0,0,8,4,99999,99999,99999,99999,99999,99999,0.000000,0.000000,0.000000,0.000000,0.000000,0.000000,0.000000,0.000000,0.000000,0.000000,0.000000,0.000000,0.000000,0.000000,0,0,0,0
"22,6",0,0,0,0,8,4,99999,99999,99999,99999,99999,99999,0.000000,0.000000,0.000000,0.000000,0.000000,0.000000,0.000000,0.000000,0.000000,0.000000,0.000000,0.000000,0.000000,0.000000,0,0,0,0
"22,7",0,0,0,0,8,4,99999,99999,99999,99999,99999,99999,0.000000,0.000000,0.000000,0.000000,0.000000,0.000000,0.000000,0.000000,0.000000,0.000000,0.000000,0.000000,0.000000,0.000000,0,0,0,0
"22,8",0,0,0,0,5,4,99999,99999,99999,99999,99999,99999,0.000000,0.000000,0.000000,0.000000,0.000000,0.000000,0.000000,0.000000,0.000000,0.000000,0.000000,0.000000,0.000000,0.000000,0,0,0,0
"22,9",0,0,0,0,4,4,99999,99999,99999,99999,99999,99999,0.000000,0.000000,0.000000,0.000000,0.000000,0.000000,0.000000,0.000000,0.000000,0.000000,0.000000,0.000000,0.000000,0.000000,0,0,0,0
"22,10",0,0,0,0,4,4,99999,99999,99999,99999,99999,99999,0.000000,0.000000,0.000000,0.000000,0.000000,0.000000,0.000000,0.000000,0.000000,0.000000,0.000000,0.000000,0.000000,0.000000,0,0,0,0
"22,11",0,0,0,0,4,4,99999,99999,99999,99999,99999,99999,0.000000,0.000000,0.000000,0.000000,0.000000,0.000000,0.000000,0.000000,0.000000,0.000000,0.000000,0.000000,0.000000,0.000000,0,0,0,0
"22,12",0,0,0,0,4,4,99999,99999,99999,99999,99999,99999,0.000000,0.000000,0.000000,0.000000,0.000000,0.000000,0.000000,0.000000,0.000000,0.000000,0.000000,0.000000,0.000000,0.000000,0,0,0,0
"22,13",0,0,0,0,4,4,99999,99999,99999,99999,99999,99999,0.000000,0.000000,0.000000,0.000000,0.000000,0.000000,0.000000,0.000000,0.000000,0.000000,0.000000,0.000000,0.000000,0.000000,0,0,0,0
"22,14",0,0,0,0,4,4,99999,99999,99999,99999,99999,99999,0.000000,0.000000,0.000000,0.000000,0.000000,0.000000,0.000000,0.000000,0.000000,0.000000,0.000000,0.000000,0.000000,0.000000,0,0,0,0
"22,15",0,0,0,0,4,4,99999,99999,99999,99999,99999,99999,0.000000,0.000000,0.000000,0.000000,0.000000,0.000000,0.000000,0.000000,0.000000,0.000000,0.000000,0.000000,0.000000,0.000000,0,0,0,0
"22,16",0,0,0,0,4,4,99999,99999,99999,99999,99999,99999,0.000000,0.000000,0.000000,0.000000,0.000000,0.000000,0.000000,0.000000,0.000000,0.000000,0.000000,0.000000,0.000000,0.000000,0,0,0,0
"22,17",0,0,0,0,4,4,99999,99999,99999,99999,99999,99999,0.000000,0.000000,0.000000,0.000000,0.000000,0.000000,0.000000,0.000000,0.000000,0.000000,0.000000,0.000000,0.000000,0.000000,0,0,0,0
"22,18",0,0,0,0,4,4,99999,99999,99999,99999,99999,99999,0.000000,0.000000,0.000000,0.000000,0.000000,0.000000,0.000000,0.000000,0.000000,0.000000,0.000000,0.000000,0.000000,0.000000,0,0,0,0
"22,19",0,0,0,0,4,4,99999,99999,99999,99999,99999,99999,0.000000,0.000000,0.000000,0.000000,0.000000,0.000000,0.000000,0.000000,0.000000,0.000000,0.000000,0.000000,0.000000,0.000000,0,0,0,0
"22,20",0,0,0,0,4,4,99999,99999,99999,99999,99999,99999,0.000000,0.000000,0.000000,0.000000,0.000000,0.000000,0.000000,0.000000,0.000000,0.000000,0.000000,0.000000,0.000000,0.000000,0,0,0,0
"22,21",0,0,0,0,4,4,99999,99999,99999,99999,99999,99999,0.000000,0.000000,0.000000,0.000000,0.000000,0.000000,0.000000,0.000000,0.000000,0.000000,0.000000,0.000000,0.000000,0.000000,0,0,0,0
"22,22",0,0,0,0,4,4,99999,99999,99999,99999,99999,99999,0.000000,0.000000,0.000000,0.000000,0.000000,0.000000,0.000000,0.000000,0.000000,0.000000,0.000000,0.000000,0.000000,0.000000,0,0,0,0
"22,23",0,0,0,0,4,4,99999,99999,99999,99999,99999,99999,0.000000,0.000000,0.000000,0.000000,0.000000,0.000000,0.000000,0.000000,0.000000,0.000000,0.000000,0.000000,0.000000,0.000000,0,0,0,0
"22,24",0,0,0,0,4,4,99999,99999,99999,99999,99999,99999,0.000000,0.000000,0.000000,0.000000,0.000000,0.000000,0.000000,0.000000,0.000000,0.000000,0.000000,0.000000,0.000000,0.000000,0,0,0,0
"22,25",0,0,0,0,4,4,99999,99999,99999,99999,99999,99999,0.000000,0.000000,0.000000,0.000000,0.000000,0.000000,0.000000,0.000000,0.000000,0.000000,0.000000,0.000000,0.000000,0.000000,0,0,0,0
"22,26",0,0,0,0,4,4,99999,99999,99999,99999,99999,99999,0.000000,0.000000,0.000000,0.000000,0.000000,0.000000,0.000000,0.000000,0.000000,0.000000,0.000000,0.000000,0.000000,0.000000,0,0,0,0
"23,-26",0,0,0,0,93,4,99999,99999,99999,99999,99999,99999,0.000000,0.000000,0.000000,0.000000,0.000000,0.000000,0.000000,0.000000,0.000000,0.000000,0.000000,0.000000,0.000000,0.000000,0,0,0,0
"23,-25",0,0,0,0,67,4,99999,99999,99999,99999,99999,99999,0.000000,0.000000,0.000000,0.000000,0.000000,0.000000,0.000000,0.000000,0.000000,0.000000,0.000000,0.000000,0.000000,0.000000,0,0,0,0
"23,-24",0,0,0,0,73,4,99999,99999,99999,99999,99999,99999,0.000000,0.000000,0.000000,0.000000,0.000000,0.000000,0.000000,0.000000,0.000000,0.000000,0.000000,0.000000,0.000000,0.000000,0,0,0,0
"23,-23",0,0,0,0,75,4,99999,99999,99999,99999,99999,99999,0.000000,0.000000,0.000000,0.000000,0.000000,0.000000,0.000000,0.000000,0.000000,0.000000,0.000000,0.000000,0.000000,0.000000,0,0,0,0
"23,-22",0,0,0,0,72,4,99999,99999,99999,99999,99999,99999,0.000000,0.000000,0.000000,0.000000,0.000000,0.000000,0.000000,0.000000,0.000000,0.000000,0.000000,0.000000,0.000000,0.000000,0,0,0,0
"23,-21",0,0,0,0,73,4,99999,99999,99999,99999,99999,99999,0.000000,0.000000,0.000000,0.000000,0.000000,0.000000,0.000000,0.000000,0.000000,0.000000,0.000000,0.000000,0.000000,0.000000,0,0,0,0
"23,-20",0,0,0,0,76,4,99999,99999,99999,99999,99999,99999,0.000000,0.000000,0.000000,0.000000,0.000000,0.000000,0.000000,0.000000,0.000000,0.000000,0.000000,0.000000,0.000000,0.000000,0,0,0,0
"23,-19",0,0,0,0,68,4,99999,99999,99999,99999,99999,99999,0.000000,0.000000,0.000000,0.000000,0.000000,0.000000,0.000000,0.000000,0.000000,0.000000,0.000000,0.000000,0.000000,0.000000,0,0,0,0
"23,-18",0,0,0,0,82,4,99999,99999,99999,99999,99999,99999,0.000000,0.000000,0.000000,0.000000,0.000000,0.000000,0.000000,0.000000,0.000000,0.000000,0.000000,0.000000,0.000000,0.000000,0,0,0,0
"23,-17",0,0,0,0,72,4,99999,99999,99999,99999,99999,99999,0.000000,0.000000,0.000000,0.000000,0.000000,0.000000,0.000000,0.000000,0.000000,0.000000,0.000000,0.000000,0.000000,0.000000,0,0,0,0
"23,-16",0,0,0,0,79,4,99999,99999,99999,99999,99999,99999,0.000000,0.000000,0.000000,0.000000,0.000000,0.000000,0.000000,0.000000,0.000000,0.000000,0.000000,0.000000,0.000000,0.000000,0,0,0,0
"23,-15",0,0,0,0,66,4,99999,99999,99999,99999,99999,99999,0.000000,0.000000,0.000000,0.000000,0.000000,0.000000,0.000000,0.000000,0.000000,0.000000,0.000000,0.000000,0.000000,0.000000,0,0,0,0
"23,-14",0,0,0,0,72,4,99999,99999,99999,99999,99999,99999,0.000000,0.000000,0.000000,0.000000,0.000000,0.000000,0.000000,0.000000,0.000000,0.000000,0.000000,0.000000,0.000000,0.000000,0,0,0,0
"23,-13",0,0,0,0,83,4,99999,99999,99999,99999,99999,99999,0.000000,0.000000,0.000000,0.000000,0.000000,0.000000,0.000000,0.000000,0.000000,0.000000,0.000000,0.000000,0.000000,0.000000,0,0,0,0
"23,-12",0,0,0,0,76,4,99999,99999,99999,99999,99999,99999,0.000000,0.000000,0.000000,0.000000,0.000000,0.000000,0.000000,0.000000,0.000000,0.000000,0.000000,0.000000,0.000000,0.000000,0,0,0,0
"23,-11",0,0,0,0,78,4,99999,99999,99999,99999,99999,99999,0.000000,0.000000,0.000000,0.000000,0.000000,0.000000,0.000000,0.000000,0.000000,0.000000,0.000000,0.000000,0.000000,0.000000,0,0,0,0
"23,-10",0,0,0,0,77,4,99999,99999,99999,99999,99999,99999,0.000000,0.000000,0.000000,0.000000,0.000000,0.000000,0.000000,0.000000,0.000000,0.000000,0.000000,0.000000,0.000000,0.000000,0,0,0,0
"23,-9",0,0,0,0,80,4,99999,99999,99999,99999,99999,99999,0.000000,0.000000,0.000000,0.000000,0.000000,0.000000,0.000000,0.000000,0.000000,0.000000,0.000000,0.000000,0.000000,0.000000,0,0,0,0
"23,-8",0,0,0,0,78,4,99999,99999,99999,99999,99999,99999,0.000000,0.000000,0.000000,0.000000,0.000000,0.000000,0.000000,0.000000,0.000000,0.000000,0.000000,0.000000,0.000000,0.000000,0,0,0,0
"23,-7",0,0,0,0,72,4,99999,99999,99999,99999,99999,99999,0.000000,0.000000,0.000000,0.000000,0.000000,0.000000,0.000000,0.000000,0.000000,0.000000,0.000000,0.000000,0.000000,0.000000,0,0,0,0
"23,-6",0,0,0,0,82,4,99999,99999,99999,99999,99999,99999,0.000000,0.000000,0.000000,0.000000,0.000000,0.000000,0.000000,0.000000,0.000000,0.000000,0.000000,0.000000,0.000000,0.000000,0,0,0,0
"23,-5",0,0,0,0,87,4,99999,99999,99999,99999,99999,99999,0.000000,0.000000,0.000000,0.000000,0.000000,0.000000,0.000000,0.000000,0.000000,0.000000,0.000000,0.000000,0.000000,0.000000,0,0,0,0
"23,-4",0,0,0,0,75,4,99999,99999,99999,99999,99999,99999,0.000000,0.000000,0.000000,0.000000,0.000000,0.000000,0.000000,0.000000,0.000000,0.000000,0.000000,0.000000,0.000000,0.000000,0,0,0,0
"23,-3",0,0,0,0,47,4,99999,99999,99999,99999,99999,99999,0.000000,0.000000,0.000000,0.000000,0.000000,0.000000,0.000000,0.000000,0.000000,0.000000,0.000000,0.000000,0.000000,0.000000,0,0,0,0
"23,-2",0,0,0,0,8,4,99999,99999,99999,99999,99999,99999,0.000000,0.000000,0.000000,0.000000,0.000000,0.000000,0.000000,0.000000,0.000000,0.000000,0.000000,0.000000,0.000000,0.000000,0,0,0,0
"23,-1",0,0,0,0,9,4,99999,99999,99999,99999,99999,99999,0.000000,0.000000,0.000000,0.000000,0.000000,0.000000,0.000000,0.000000,0.000000,0.000000,0.000000,0.000000,0.000000,0.000000,0,0,0,0
"23,0",0,0,0,0,9,4,99999,99999,99999,99999,99999,99999,0.000000,0.000000,0.000000,0.000000,0.000000,0.000000,0.000000,0.000000,0.000000,0.000000,0.000000,0.000000,0.000000,0.000000,0,0,0,0
"23,1",0,0,0,0,8,4,99999,99999,99999,99999,99999,99999,0.000000,0.000000,0.000000,0.000000,0.000000,0.000000,0.000000,0.000000,0.000000,0.000000,0.000000,0.000000,0.000000,0.000000,0,0,0,0
"23,2",0,0,0,0,9,4,99999,99999,99999,99999,99999,99999,0.000000,0.000000,0.000000,0.000000,0.000000,0.000000,0.000000,0.000000,0.000000,0.000000,0.000000,0.000000,0.000000,0.000000,0,0,0,0
"23,3",0,0,0,0,9,4,99999,99999,99999,99999,99999,99999,0.000000,0.000000,0.000000,0.000000,0.000000,0.000000,0.000000,0.000000,0.000000,0.000000,0.000000,0.000000,0.000000,0.000000,0,0,0,0
"23,4",0,0,0,0,7,4,99999,99999,99999,99999,99999,99999,0.000000,0.000000,0.000000,0.000000,0.000000,0.000000,0.000000,0.000000,0.000000,0.000000,0.000000,0.000000,0.000000,0.000000,0,0,0,0
"23,5",0,0,0,0,9,4,99999,99999,99999,99999,99999,99999,0.000000,0.000000,0.000000,0.000000,0.000000,0.000000,0.000000,0.000000,0.000000,0.000000,0.000000,0.000000,0.000000,0.000000,0,0,0,0
"23,6",0,0,0,0,7,4,99999,99999,99999,99999,99999,99999,0.000000,0.000000,0.000000,0.000000,0.000000,0.000000,0.000000,0.000000,0.000000,0.000000,0.000000,0.000000,0.000000,0.000000,0,0,0,0
"23,7",0,0,0,0,4,4,99999,99999,99999,99999,99999,99999,0.000000,0.000000,0.000000,0.000000,0.000000,0.000000,0.000000,0.000000,0.000000,0.000000,0.000000,0.000000,0.000000,0.000000,0,0,0,0
"23,8",0,0,0,0,4,4,99999,99999,99999,99999,99999,99999,0.000000,0.000000,0.000000,0.000000,0.000000,0.000000,0.000000,0.000000,0.000000,0.000000,0.000000,0.000000,0.000000,0.000000,0,0,0,0
"23,9",0,0,0,0,5,4,99999,99999,99999,99999,99999,99999,0.000000,0.000000,0.000000,0.000000,0.000000,0.000000,0.000000,0.000000,0.000000,0.000000,0.000000,0.000000,0.000000,0.000000,0,0,0,0
"23,10",0,0,0,0,4,4,99999,99999,99999,99999,99999,99999,0.000000,0.000000,0.000000,0.000000,0.000000,0.000000,0.000000,0.000000,0.000000,0.000000,0.000000,0.000000,0.000000,0.000000,0,0,0,0
"23,11",0,0,0,0,4,4,99999,99999,99999,99999,99999,99999,0.000000,0.000000,0.000000,0.000000,0.000000,0.000000,0.000000,0.000000,0.000000,0.000000,0.000000,0.000000,0.000000,0.000000,0,0,0,0
"23,12",0,0,0,0,4,4,99999,99999,99999,99999,99999,99999,0.000000,0.000000,0.000000,0.000000,0.000000,0.000000,0.000000,0.000000,0.000000,0.000000,0.000000,0.000000,0.000000,0.000000,0,0,0,0
"23,13",0,0,0,0,4,4,99999,99999,99999,99999,99999,99999,0.000000,0.000000,0.000000,0.000000,0.000000,0.000000,0.000000,0.000000,0.000000,0.000000,0.000000,0.000000,0.000000,0.000000,0,0,0,0
"23,14",0,0,0,0,4,4,99999,99999,99999,99999,99999,99999,0.000000,0.000000,0.000000,0.000000,0.000000,0.000000,0.000000,0.000000,0.000000,0.000000,0.000000,0.000000,0.000000,0.000000,0,0,0,0
"23,15",0,0,0,0,4,4,99999,99999,99999,99999,99999,99999,0.000000,0.000000,0.000000,0.000000,0.000000,0.000000,0.000000,0.000000,0.000000,0.000000,0.000000,0.000000,0.000000,0.000000,0,0,0,0
"23,16",0,0,0,0,4,4,99999,99999,99999,99999,99999,99999,0.000000,0.000000,0.000000,0.000000,0.000000,0.000000,0.000000,0.000000,0.000000,0.000000,0.000000,0.000000,0.000000,0.000000,0,0,0,0
"23,17",0,0,0,0,4,4,99999,99999,99999,99999,99999,99999,0.000000,0.000000,0.000000,0.000000,0.000000,0.000000,0.000000,0.000000,0.000000,0.000000,0.000000,0.000000,0.000000,0.000000,0,0,0,0
"23,18",0,0,0,0,4,4,99999,99999,99999,99999,99999,99999,0.000000,0.000000,0.000000,0.000000,0.000000,0.000000,0.000000,0.000000,0.000000,0.000000,0.000000,0.000000,0.000000,0.000000,0,0,0,0
"23,19",0,0,0,0,4,4,99999,99999,99999,99999,99999,99999,0.000000,0.000000,0.000000,0.000000,0.000000,0.000000,0.000000,0.000000,0.000000,0.000000,0.000000,0.000000,0.000000,0.000000,0,0,0,0
"23,20",0,0,0,0,4,4,99999,99999,99999,99999,99999,99999,0.000000,0.000000,0.000000,0.000000,0.000000,0.000000,0.000000,0.000000,0.000000,0.000000,0.000000,0.000000,0.000000,0.000000,0,0,0,0
"23,21",0,0,0,0,4,4,99999,99999,99999,99999,99999,99999,0.000000,0.000000,0.000000,0.000000,0.000000,0.000000,0.000000,0.000000,0.000000,0.000000,0.000000,0.000000,0.000000,0.000000,0,0,0,0
"23,22",0,0,0,0,4,4,99999,99999,99999,99999,99999,99999,0.000000,0.000000,0.000000,0.000000,0.000000,0.000000,0.000000,0.000000,0.000000,0.000000,0.000000,0.000000,0.000000,0.000000,0,0,0,0
"23,23",0,0,0,0,4,4,99999,99999,99999,99999,99999,99999,0.000000,0.000000,0.000000,0.000000,0.000000,0.000000,0.000000,0.000000,0.000000,0.000000,0.000000,0.000000,0.000000,0.000000,0,0,0,0
"23,24",0,0,0,0,4,4,99999,99999,99999,99999,99999,99999,0.000000,0.000000,0.000000,0.000000,0.000000,0.000000,0.000000,0.000000,0.000000,0.000000,0.000000,0.000000,0.000000,0.000000,0,0,0,0
"23,25",0,0,0,0,4,4,99999,99999,99999,99999,99999,99999,0.000000,0.000000,0.000000,0.000000,0.000000,0.000000,0.000000,0.000000,0.000000,0.000000,0.000000,0.000000,0.000000,0.000000,0,0,0,0
"23,26",0,0,0,0,4,4,99999,99999,99999,99999,99999,99999,0.000000,0.000000,0.000000,0.000000,0.000000,0.000000,0.000000,0.000000,0.000000,0.000000,0.000000,0.000000,0.000000,0.000000,0,0,0,0
"24,-26",0,0,0,0,78,4,99999,99999,99999,99999,99999,99999,0.000000,0.000000,0.000000,0.000000,0.000000,0.000000,0.000000,0.000000,0.000000,0.000000,0.000000,0.000000,0.000000,0.000000,0,0,0,0
"24,-25",0,0,0,0,74,4,99999,99999,99999,99999,99999,99999,0.000000,0.000000,0.000000,0.000000,0.000000,0.000000,0.000000,0.000000,0.000000,0.000000,0.000000,0.000000,0.000000,0.000000,0,0,0,0
"24,-24",0,0,0,0,73,4,99999,99999,99999,99999,99999,99999,0.000000,0.000000,0.000000,0.000000,0.000000,0.000000,0.000000,0.000000,0.000000,0.000000,0.000000,0.000000,0.000000,0.000000,0,0,0,0
"24,-23",0,0,0,0,71,4,99999,99999,99999,99999,99999,99999,0.000000,0.000000,0.000000,0.000000,0.000000,0.000000,0.000000,0.000000,0.000000,0.000000,0.000000,0.000000,0.000000,0.000000,0,0,0,0
"24,-22",0,0,0,0,69,4,99999,99999,99999,99999,99999,99999,0.000000,0.000000,0.000000,0.000000,0.000000,0.000000,0.000000,0.000000,0.000000,0.000000,0.000000,0.000000,0.000000,0.000000,0,0,0,0
"24,-21",0,0,0,0,80,4,99999,99999,99999,99999,99999,99999,0.000000,0.000000,0.000000,0.000000,0.000000,0.000000,0.000000,0.000000,0.000000,0.000000,0.000000,0.000000,0.000000,0.000000,0,0,0,0
"24,-20",0,0,0,0,78,4,99999,99999,99999,99999,99999,99999,0.000000,0.000000,0.000000,0.000000,0.000000,0.000000,0.000000,0.000000,0.000000,0.000000,0.000000,0.000000,0.000000,0.000000,0,0,0,0
"24,-19",0,0,0,0,88,4,99999,99999,99999,99999,99999,99999,0.000000,0.000000,0.000000,0.000000,0.000000,0.000000,0.000000,0.000000,0.000000,0.000000,0.000000,0.000000,0.000000,0.000000,0,0,0,0
"24,-18",0,0,0,0,85,4,99999,99999,99999,99999,99999,99999,0.000000,0.000000,0.000000,0.000000,0.000000,0.000000,0.000000,0.000000,0.000000,0.000000,0.000000,0.000000,0.000000,0.000000,0,0,0,0
"24,-17",0,0,0,0,80,4,99999,99999,99999,99999,99999,99999,0.000000,0.000000,0.000000,0.000000,0.000000,0.000000,0.000000,0.000000,0.000000,0.000000,0.000000,0.000000,0.000000,0.000000,0,0,0,0
"24,-16",0,0,0,0,75,4,99999,99999,99999,99999,99999,99999,0.000000,0.000000,0.000000,0.000000,0.000000,0.000000,0.000000,0.000000,0.000000,0.000000,0.000000,0.000000,0.000000,0.000000,0,0,0,0
"24,-15",0,0,0,0,78,4,99999,99999,99999,99999,99999,99999,0.000000,0.000000,0.000000,0.000000,0.000000,0.000000,0.000000,0.000000,0.000000,0.000000,0.000000,0.000000,0.000000,0.000000,0,0,0,0
"24,-14",0,0,0,0,72,4,99999,99999,99999,99999,99999,99999,0.000000,0.000000,0.000000,0.000000,0.000000,0.000000,0.000000,0.000000,0.000000,0.000000,0.000000,0.000000,0.000000,0.000000,0,0,0,0
"24,-13",0,0,0,0,83,4,99999,99999,99999,99999,99999,99999,0.000000,0.000000,0.000000,0.000000,0.000000,0.000000,0.000000,0.000000,0.000000,0.000000,0.000000,0.000000,0.000000,0.000000,0,0,0,0
"24,-12",0,0,0,0,85,4,99999,99999,99999,99999,99999,99999,0.000000,0.000000,0.000000,0.000000,0.000000,0.000000,0.000000,0.000000,0.000000,0.000000,0.000000,0.000000,0.000000,0.000000,0,0,0,0
"24,-11",0,0,0,0,73,4,99999,99999,99999,99999,99999,99999,0.000000,0.000000,0.000000,0.000000,0.000000,0.000000,0.000000,0.000000,0.000000,0.000000,0.000000,0.000000,0.000000,0.000000,0,0,0,0
"24,-10",0,0,0,0,76,4,99999,99999,99999,99999,99999,99999,0.000000,0.000000,0.000000,0.000000,0.000000,0.000000,0.000000,0.000000,0.000000,0.000000,0.000000,0.000000,0.000000,0.000000,0,0,0,0
"24,-9",0,0,0,0,76,4,99999,99999,99999,99999,99999,99999,0.000000,0.000000,0.000000,0.000000,0.000000,0.000000,0.000000,0.000000,0.000000,0.000000,0.000000,0.000000,0.000000,0.000000,0,0,0,0
"24,-8",0,0,0,0,69,4,99999,99999,99999,99999,99999,99999,0.000000,0.000000,0.000000,0.000000,0.000000,0.000000,0.000000,0.000000,0.000000,0.000000,0.000000,0.000000,0.000000,0.000000,0,0,0,0
"24,-7",0,0,0,0,68,4,99999,99999,99999,99999,99999,99999,0.000000,0.000000,0.000000,0.000000,0.000000,0.000000,0.000000,0.000000,0.000000,0.000000,0.000000,0.000000,0.000000,0.000000,0,0,0,0
"24,-6",0,0,0,0,80,4,99999,99999,99999,99999,99999,99999,0.000000,0.000000,0.000000,0.000000,0.000000,0.000000,0.000000,0.000000,0.000000,0.000000,0.000000,0.000000,0.000000,0.000000,0,0,0,0
"24,-5",0,0,0,0,9,4,99999,99999,99999,99999,99999,99999,0.000000,0.000000,0.000000,0.000000,0.000000,0.000000,0.000000,0.000000,0.000000,0.000000,0.000000,0.000000,0.000000,0.000000,0,0,0,0
"24,-4",0,0,0,0,9,4,99999,99999,99999,99999,99999,99999,0.000000,0.000000,0.000000,0.000000,0.000000,0.000000,0.000000,0.000000,0.000000,0.000000,0.000000,0.000000,0.000000,0.000000,0,0,0,0
"24,-3",0,0,0,0,9,4,99999,99999,99999,99999,99999,99999,0.000000,0.000000,0.000000,0.000000,0.000000,0.000000,0.000000,0.000000,0.000000,0.000000,0.000000,0.000000,0.000000,0.000000,0,0,0,0
"24,-2",0,0,0,0,9,4,99999,99999,99999,99999,99999,99999,0.000000,0.000000,0.000000,0.000000,0.000000,0.000000,0.000000,0.000000,0.000000,0.000000,0.000000,0.000000,0.000000,0.000000,0,0,0,0
"24,-1",0,0,0,0,9,4,99999,99999,99999,99999,99999,99999,0.000000,0.000000,0.000000,0.000000,0.000000,0.000000,0.000000,0.000000,0.000000,0.000000,0.000000,0.000000,0.000000,0.000000,0,0,0,0
"24,0",0,0,0,0,10,4,99999,99999,99999,99999,99999,99999,0.000000,0.000000,0.000000,0.000000,0.000000,0.000000,0.000000,0.000000,0.000000,0.000000,0.000000,0.000000,0.000000,0.000000,0,0,0,0
"24,1",0,0,0,0,8,4,99999,99999,99999,99999,99999,99999,0.000000,0.000000,0.000000,0.000000,0.000000,0.000000,0.000000,0.000000,0.000000,0.000000,0.000000,0.000000,0.000000,0.000000,0,0,0,0
"24,2",0,0,0,0,8,4,99999,99999,99999,99999,99999,99999,0.000000,0.000000,0.000000,0.000000,0.000000,0.000000,0.000000,0.000000,0.000000,0.000000,0.000000,0.000000,0.000000,0.000000,0,0,0,0
"24,3",0,0,0,0,8,4,99999,99999,99999,99999,99999,99999,0.000000,0.000000,0.000000,0.000000,0.000000,0.000000,0.000000,0.000000,0.000000,0.000000,0.000000,0.000000,0.000000,0.000000,0,0,0,0
"24,4",0,0,0,0,7,4,99999,99999,99999,99999,99999,99999,0.000000,0.000000,0.000000,0.000000,0.000000,0.000000,0.000000,0.000000,0.000000,0.000000,0.000000,0.000000,0.000000,0.000000,0,0,0,0
"24,5",0,0,0,0,4,4,99999,99999,99999,99999,99999,99999,0.000000,0.000000,0.000000,0.000000,0.000000,0.000000,0.000000,0.000000,0.000000,0.000000,0.000000,0.000000,0.000000,0.000000,0,0,0,0
"24,6",0,0,0,0,4,4,99999,99999,99999,99999,99999,99999,0.000000,0.000000,0.000000,0.000000,0.000000,0.000000,0.000000,0.000000,0.000000,0.000000,0.000000,0.000000,0.000000,0.000000,0,0,0,0
"24,7",0,0,0,0,4,4,99999,99999,99999,99999,99999,99999,0.000000,0.000000,0.000000,0.000000,0.000000,0.000000,0.000000,0.000000,0.000000,0.000000,0.000000,0.000000,0.000000,0.000000,0,0,0,0
"24,8",0,0,0,0,4,4,99999,99999,99999,99999,99999,99999,0.000000,0.000000,0.000000,0.000000,0.000000,0.000000,0.000000,0.000000,0.000000,0.000000,0.000000,0.000000,0.000000,0.000000,0,0,0,0
"24,9",0,0,0,0,4,4,99999,99999,99999,99999,99999,99999,0.000000,0.000000,0.000000,0.000000,0.000000,0.000000,0.000000,0.000000,0.000000,0.000000,0.000000,0.000000,0.000000,0.000000,0,0,0,0
"24,10",0,0,0,0,4,4,99999,99999,99999,99999,99999,99999,0.000000,0.000000,0.000000,0.000000,0.000000,0.000000,0.000000,0.000000,0.000000,0.000000,0.000000,0.000000,0.000000,0.000000,0,0,0,0
"24,11",0,0,0,0,4,4,99999,99999,99999,99999,99999,99999,0.000000,0.000000,0.000000,0.000000,0.000000,0.000000,0.000000,0.000000,0.000000,0.000000,0.000000,0.000000,0.000000,0.000000,0,0,0,0
"24,12",0,0,0,0,4,4,99999,99999,99999,99999,99999,99999,0.000000,0.000000,0.000000,0.000000,0.000000,0.000000,0.000000,0.000000,0.000000,0.000000,0.000000,0.000000,0.000000,0.000000,0,0,0,0
"24,13",0,0,0,0,4,4,99999,99999,99999,99999,99999,99999,0.000000,0.000000,0.000000,0.000000,0.000000,0.000000,0.000000,0.000000,0.000000,0.000000,0.000000,0.000000,0.000000,0.000000,0,0,0,0
"24,14",0,0,0,0,4,4,99999,99999,99999,99999,99999,99999,0.000000,0.000000,0.000000,0.000000,0.000000,0.000000,0.000000,0.000000,0.000000,0.000000,0.000000,0.000000,0.000000,0.000000,0,0,0,0
"24,15",0,0,0,0,4,4,99999,99999,99999,99999,99999,99999,0.000000,0.000000,0.000000,0.000000,0.000000,0.000000,0.000000,0.000000,0.000000,0.000000,0.000000,0.000000,0.000000,0.000000,0,0,0,0
"24,16",0,0,0,0,4,4,99999,99999,99999,99999,99999,99999,0.000000,0.000000,0.000000,0.000000,0.000000,0.000000,0.000000,0.000000,0.000000,0.000000,0.000000,0.000000,0.000000,0.000000,0,0,0,0
"24,17",0,0,0,0,4,4,99999,99999,99999,99999,99999,99999,0.000000,0.000000,0.000000,0.000000,0.000000,0.000000,0.000000,0.000000,0.000000,0.000000,0.000000,0.000000,0.000000,0.000000,0,0,0,0
"24,18",0,0,0,0,4,4,99999,99999,99999,99999,99999,99999,0.000000,0.000000,0.000000,0.000000,0.000000,0.000000,0.000000,0.000000,0.000000,0.000000,0.000000,0.000000,0.000000,0.000000,0,0,0,0
"24,19",0,0,0,0,4,4,99999,99999,99999,99999,99999,99999,0.000000,0.000000,0.000000,0.000000,0.000000,0.000000,0.000000,0.000000,0.000000,0.000000,0.000000,0.000000,0.000000,0.000000,0,0,0,0
"24,20",0,0,0,0,4,4,99999,99999,99999,99999,99999,99999,0.000000,0.000000,0.000000,0.000000,0.000000,0.000000,0.000000,0.000000,0.000000,0.000000,0.000000,0.000000,0.000000,0.000000,0,0,0,0
"24,21",0,0,0,0,4,4,99999,99999,99999,99999,99999,99999,0.000000,0.000000,0.000000,0.000000,0.000000,0.000000,0.000000,0.000000,0.000000,0.000000,0.000000,0.000000,0.000000,0.000000,0,0,0,0
"24,22",0,0,0,0,4,4,99999,99999,99999,99999,99999,99999,0.000000,0.000000,0.000000,0.000000,0.000000,0.000000,0.000000,0.000000,0.000000,0.000000,0.000000,0.000000,0.000000,0.000000,0,0,0,0
"24,23",0,0,0,0,4,4,99999,99999,99999,99999,99999,99999,0.000000,0.000000,0.000000,0.000000,0.000000,0.000000,0.000000,0.000000,0.000000,0.000000,0.000000,0.000000,0.000000,0.000000,0,0,0,0
"24,24",0,0,0,0,4,4,99999,99999,99999,99999,99999,99999,0.000000,0.000000,0.000000,0.000000,0.000000,0.000000,0.000000,0.000000,0.000000,0.000000,0.000000,0.000000,0.000000,0.000000,0,0,0,0
"24,25",0,0,0,0,4,4,99999,99999,99999,99999,99999,99999,0.000000,0.000000,0.000000,0.000000,0.000000,0.000000,0.000000,0.000000,0.000000,0.000000,0.000000,0.000000,0.000000,0.000000,0,0,0,0
"24,26",0,0,0,0,4,4,99999,99999,99999,99999,99999,99999,0.000000,0.000000,0.000000,0.000000,0.000000,0.000000,0.000000,0.000000,0.000000,0.000000,0.000000,0.000000,0.000000,0.000000,0,0,0,0
"25,-26",0,0,0,0,9,4,99999,99999,99999,99999,99999,99999,0.000000,0.000000,0.000000,0.000000,0.000000,0.000000,0.000000,0.000000,0.000000,0.000000,0.000000,0.000000,0.000000,0.000000,0,0,0,0
"25,-25",0,0,0,0,9,4,99999,99999,99999,99999,99999,99999,0.000000,0.000000,0.000000,0.000000,0.000000,0.000000,0.000000,0.000000,0.000000,0.000000,0.000000,0.000000,0.000000,0.000000,0,0,0,0
"25,-24",0,0,0,0,76,4,99999,99999,99999,99999,99999,99999,0.000000,0.000000,0.000000,0.000000,0.000000,0.000000,0.000000,0.000000,0.000000,0.000000,0.000000,0.000000,0.000000,0.000000,0,0,0,0
"25,-23",0,0,0,0,76,4,99999,99999,99999,99999,99999,99999,0.000000,0.000000,0.000000,0.000000,0.000000,0.000000,0.000000,0.000000,0.000000,0.000000,0.000000,0.000000,0.000000,0.000000,0,0,0,0
"25,-22",0,0,0,0,74,4,99999,99999,99999,99999,99999,99999,0.000000,0.000000,0.000000,0.000000,0.000000,0.000000,0.000000,0.000000,0.000000,0.000000,0.000000,0.000000,0.000000,0.000000,0,0,0,0
"25,-21",0,0,0,0,89,4,99999,99999,99999,99999,99999,99999,0.000000,0.000000,0.000000,0.000000,0.000000,0.000000,0.000000,0.000000,0.000000,0.000000,0.000000,0.000000,0.000000,0.000000,0,0,0,0
"25,-20",0,0,0,0,81,4,99999,99999,99999,99999,99999,99999,0.000000,0.000000,0.000000,0.000000,0.000000,0.000000,0.000000,0.000000,0.000000,0.000000,0.000000,0.000000,0.000000,0.000000,0,0,0,0
"25,-19",0,0,0,0,81,4,99999,99999,99999,99999,99999,99999,0.000000,0.000000,0.000000,0.000000,0.000000,0.000000,0.000000,0.000000,0.000000,0.000000,0.000000,0.000000,0.000000,0.000000,0,0,0,0
"25,-18",0,0,0,0,83,4,99999,99999,99999,99999,99999,99999,0.000000,0.000000,0.000000,0.000000,0.000000,0.000000,0.000000,0.000000,0.000000,0.000000,0.000000,0.000000,0.000000,0.000000,0,0,0,0
"25,-17",0,0,0,0,85,4,99999,99999,99999,99999,99999,99999,0.000000,0.000000,0.000000,0.000000,0.000000,0.000000,0.000000,0.000000,0.000000,0.000000,0.000000,0.000000,0.000000,0.000000,0,0,0,0
"25,-16",0,0,0,0,77,4,99999,99999,99999,99999,99999,99999,0.000000,0.000000,0.000000,0.000000,0.000000,0.000000,0.000000,0.000000,0.000000,0.000000,0.000000,0.000000,0.000000,0.000000,0,0,0,0
"25,-15",0,0,0,0,87,4,99999,99999,99999,99999,99999,99999,0.000000,0.000000,0.000000,0.000000,0.000000,0.000000,0.000000,0.000000,0.000000,0.000000,0.000000,0.000000,0.000000,0.000000,0,0,0,0
"25,-14",0,0,0,0,72,4,99999,99999,99999,99999,99999,99999,0.000000,0.000000,0.000000,0.000000,0.000000,0.000000,0.000000,0.000000,0.000000,0.000000,0.000000,0.000000,0.000000,0.000000,0,0,0,0
"25,-13",0,0,0,0,73,4,99999,99999,99999,99999,99999,99999,0.000000,0.000000,0.000000,0.000000,0.000000,0.000000,0.000000,0.000000,0.000000,0.000000,0.000000,0.000000,0.000000,0.000000,0,0,0,0
"25,-12",0,0,0,0,78,4,99999,99999,99999,99999,99999,99999,0.000000,0.000000,0.000000,0.000000,0.000000,0.000000,0.000000,0.000000,0.000000,0.000000,0.000000,0.000000,0.000000,0.000000,0,0,0,0
"25,-11",0,0,0,0,71,4,99999,99999,99999,99999,99999,99999,0.000000,0.000000,0.000000,0.000000,0.000000,0.000000,0.000000,0.000000,0.000000,0.000000,0.000000,0.000000,0.000000,0.000000,0,0,0,0
"25,-10",0,0,0,0,79,4,99999,99999,99999,99999,99999,99999,0.000000,0.000000,0.000000,0.000000,0.000000,0.000000,0.000000,0.000000,0.000000,0.000000,0.000000,0.000000,0.000000,0.000000,0,0,0,0
"25,-9",0,0,0,0,25,4,99999,99999,99999,99999,99999,99999,0.000000,0.000000,0.000000,0.000000,0.000000,0.000000,0.000000,0.000000,0.000000,0.000000,0.000000,0.000000,0.000000,0.000000,0,0,0,0
"25,-8",0,0,0,0,10,4,99999,99999,99999,99999,99999,99999,0.000000,0.000000,0.000000,0.000000,0.000000,0.000000,0.000000,0.000000,0.000000,0.000000,0.000000,0.000000,0.000000,0.000000,0,0,0,0
"25,-7",0,0,0,0,10,4,99999,99999,99999,99999,99999,99999,0.000000,0.000000,0.000000,0.000000,0.000000,0.000000,0.000000,0.000000,0.000000,0.000000,0.000000,0.000000,0.000000,0.000000,0,0,0,0
"25,-6",0,0,0,0,9,4,99999,99999,99999,99999,99999,99999,0.000000,0.000000,0.000000,0.000000,0.000000,0.000000,0.000000,0.000000,0.000000,0.000000,0.000000,0.000000,0.000000,0.000000,0,0,0,0
"25,-5",0,0,0,0,8,4,99999,99999,99999,99999,99999,99999,0.000000,0.000000,0.000000,0.000000,0.000000,0.000000,0.000000,0.000000,0.000000,0.000000,0.000000,0.000000,0.000000,0.000000,0,0,0,0
"25,-4",0,0,0,0,9,4,99999,99999,99999,99999,99999,99999,0.000000,0.000000,0.000000,0.000000,0.000000,0.000000,0.000000,0.000000,0.000000,0.000000,0.000000,0.000000,0.000000,0.000000,0,0,0,0
"25,-3",0,0,0,0,8,4,99999,99999,99999,99999,99999,99999,0.000000,0.000000,0.000000,0.000000,0.000000,0.000000,0.000000,0.000000,0.000000,0.000000,0.000000,0.000000,0.000000,0.000000,0,0,0,0
"25,-2",0,0,0,0,9,4,99999,99999,99999,99999,99999,99999,0.000000,0.000000,0.000000,0.000000,0.000000,0.000000,0.000000,0.000000,0.000000,0.000000,0.000000,0.000000,0.000000,0.000000,0,0,0,0
"25,-1",0,0,0,0,8,4,99999,99999,99999,99999,99999,99999,0.000000,0.000000,0.000000,0.000000,0.000000,0.000000,0.000000,0.000000,0.000000,0.000000,0.000000,0.000000,0.000000,0.000000,0,0,0,0
"25,0",0,0,0,0,9,4,99999,99999,99999,99999,99999,99999,0.000000,0.000000,0.000000,0.000000,0.000000,0.000000,0.000000,0.000000,0.000000,0.000000,0.000000,0.000000,0.000000,0.000000,0,0,0,0
"25,1",0,0,0,0,8,4,99999,99999,99999,99999,99999,99999,0.000000,0.000000,0.000000,0.000000,0.000000,0.000000,0.000000,0.000000,0.000000,0.000000,0.000000,0.000000,0.000000,0.000000,0,0,0,0
"25,2",0,0,0,0,8,4,99999,99999,99999,99999,99999,99999,0.000000,0.000000,0.000000,0.000000,0.000000,0.000000,0.000000,0.000000,0.000000,0.000000,0.000000,0.000000,0.000000,0.000000,0,0,0,0
"25,3",0,0,0,0,5,4,99999,99999,99999,99999,99999,99999,0.000000,0.000000,0.000000,0.000000,0.000000,0.000000,0.000000,0.000000,0.000000,0.000000,0.000000,0.000000,0.000000,0.000000,0,0,0,0
"25,4",0,0,0,0,4,4,99999,99999,99999,99999,99999,99999,0.000000,0.000000,0.000000,0.000000,0.000000,0.000000,0.000000,0.000000,0.000000,0.000000,0.000000,0.000000,0.000000,0.000000,0,0,0,0
"25,5",0,0,0,0,4,4,99999,99999,99999,99999,99999,99999,0.000000,0.000000,0.000000,0.000000,0.000000,0.000000,0.000000,0.000000,0.000000,0.000000,0.000000,0.000000,0.000000,0.000000,0,0,0,0
"25,6",0,0,0,0,4,4,99999,99999,99999,99999,99999,99999,0.000000,0.000000,0.000000,0.000000,0.000000,0.000000,0.000000,0.000000,0.000000,0.000000,0.000000,0.000000,0.000000,0.000000,0,0,0,0
"25,7",0,0,0,0,5,4,99999,99999,99999,99999,99999,99999,0.000000,0.000000,0.000000,0.000000,0.000000,0.000000,0.000000,0.000000,0.000000,0.000000,0.000000,0.000000,0.000000,0.000000,0,0,0,0
"25,8",0,0,0,0,5,4,99999,99999,99999,99999,99999,99999,0.000000,0.000000,0.000000,0.000000,0.000000,0.000000,0.000000,0.000000,0.000000,0.000000,0.000000,0.000000,0.000000,0.000000,0,0,0,0
"25,9",0,0,0,0,4,4,99999,99999,99999,99999,99999,99999,0.000000,0.000000,0.000000,0.000000,0.000000,0.000000,0.000000,0.000000,0.000000,0.000000,0.000000,0.000000,0.000000,0.000000,0,0,0,0
"25,10",0,0,0,0,4,4,99999,99999,99999,99999,99999,99999,0.000000,0.000000,0.000000,0.000000,0.000000,0.000000,0.000000,0.000000,0.000000,0.000000,0.000000,0.000000,0.000000,0.000000,0,0,0,0
"25,11",0,0,0,0,4,4,99999,99999,99999,99999,99999,99999,0.000000,0.000000,0.000000,0.000000,0.000000,0.000000,0.000000,0.000000,0.000000,0.000000,0.000000,0.000000,0.000000,0.000000,0,0,0,0
"25,12",0,0,0,0,4,4,99999,99999,99999,99999,99999,99999,0.000000,0.000000,0.000000,0.000000,0.000000,0.000000,0.000000,0.000000,0.000000,0.000000,0.000000,0.000000,0.000000,0.000000,0,0,0,0
"25,13",0,0,0,0,4,4,99999,99999,99999,99999,99999,99999,0.000000,0.000000,0.000000,0.000000,0.000000,0.000000,0.000000,0.000000,0.000000,0.000000,0.000000,0.000000,0.000000,0.000000,0,0,0,0
"25,14",0,0,0,0,4,4,99999,99999,99999,99999,99999,99999,0.000000,0.000000,0.000000,0.000000,0.000000,0.000000,0.000000,0.000000,0.000000,0.000000,0.000000,0.000000,0.000000,0.000000,0,0,0,0
"25,15",0,0,0,0,4,4,99999,99999,99999,99999,99999,99999,0.000000,0.000000,0.000000,0.000000,0.000000,0.000000,0.000000,0.000000,0.000000,0.000000,0.000000,0.000000,0.000000,0.000000,0,0,0,0
"25,16",0,0,0,0,4,4,99999,99999,99999,99999,99999,99999,0.000000,0.000000,0.000000,0.000000,0.000000,0.000000,0.000000,0.000000,0.000000,0.000000,0.000000,0.000000,0.000000,0.000000,0,0,0,0
"25,17",0,0,0,0,4,4,99999,99999,99999,99999,99999,99999,0.000000,0.000000,0.000000,0.000000,0.000000,0.000000,0.000000,0.000000,0.000000,0.000000,0.000000,0.000000,0.000000,0.000000,0,0,0,0
"25,18",0,0,0,0,4,4,99999,99999,99999,99999,99999,99999,0.000000,0.000000,0.000000,0.000000,0.000000,0.000000,0.000000,0.000000,0.000000,0.000000,0.000000,0.000000,0.000000,0.000000,0,0,0,0
"25,19",0,0,0,0,4,4,99999,99999,99999,99999,99999,99999,0.000000,0.000000,0.000000,0.000000,0.000000,0.000000,0.000000,0.000000,0.000000,0.000000,0.000000,0.000000,0.000000,0.000000,0,0,0,0
"25,20",0,0,0,0,4,4,99999,99999,99999,99999,99999,99999,0.000000,0.000000,0.000000,0.000000,0.000000,0.000000,0.000000,0.000000,0.000000,0.000000,0.000000,0.000000,0.000000,0.000000,0,0,0,0
"25,21",0,0,0,0,4,4,99999,99999,99999,99999,99999,99999,0.000000,0.000000,0.000000,0.000000,0.000000,0.000000,0.000000,0.000000,0.000000,0.000000,0.000000,0.000000,0.000000,0.000000,0,0,0,0
"25,22",0,0,0,0,4,4,99999,99999,99999,99999,99999,99999,0.000000,0.000000,0.000000,0.000000,0.000000,0.000000,0.000000,0.000000,0.000000,0.000000,0.000000,0.000000,0.000000,0.000000,0,0,0,0
"25,23",0,0,0,0,4,4,99999,99999,99999,99999,99999,99999,0.000000,0.000000,0.000000,0.000000,0.000000,0.000000,0.000000,0.000000,0.000000,0.000000,0.000000,0.000000,0.000000,0.000000,0,0,0,0
"25,24",0,0,0,0,4,4,99999,99999,99999,99999,99999,99999,0.000000,0.000000,0.000000,0.000000,0.000000,0.000000,0.000000,0.000000,0.000000,0.000000,0.000000,0.000000,0.000000,0.000000,0,0,0,0
"25,25",0,0,0,0,4,4,99999,99999,99999,99999,99999,99999,0.000000,0.000000,0.000000,0.000000,0.000000,0.000000,0.000000,0.000000,0.000000,0.000000,0.000000,0.000000,0.000000,0.000000,0,0,0,0
"25,26",0,0,0,0,4,4,99999,99999,99999,99999,99999,99999,0.000000,0.000000,0.000000,0.000000,0.000000,0.000000,0.000000,0.000000,0.000000,0.000000,0.000000,0.000000,0.000000,0.000000,0,0,0,0
"26,-26",0,0,0,0,8,4,99999,99999,99999,99999,99999,99999,0.000000,0.000000,0.000000,0.000000,0.000000,0.000000,0.000000,0.000000,0.000000,0.000000,0.000000,0.000000,0.000000,0.000000,0,0,0,0
"26,-25",0,0,0,0,8,4,99999,99999,99999,99999,99999,99999,0.000000,0.000000,0.000000,0.000000,0.000000,0.000000,0.000000,0.000000,0.000000,0.000000,0.000000,0.000000,0.000000,0.000000,0,0,0,0
"26,-24",0,0,0,0,8,4,99999,99999,99999,99999,99999,99999,0.000000,0.000000,0.000000,0.000000,0.000000,0.000000,0.000000,0.000000,0.000000,0.000000,0.000000,0.000000,0.000000,0.000000,0,0,0,0
"26,-23",0,0,0,0,7,4,99999,99999,99999,99999,99999,99999,0.000000,0.000000,0.000000,0.000000,0.000000,0.000000,0.000000,0.000000,0.000000,0.000000,0.000000,0.000000,0.000000,0.000000,0,0,0,0
"26,-22",0,0,0,0,9,4,99999,99999,99999,99999,99999,99999,0.000000,0.000000,0.000000,0.000000,0.000000,0.000000,0.000000,0.000000,0.000000,0.000000,0.000000,0.000000,0.000000,0.000000,0,0,0,0
"26,-21",0,0,0,0,8,4,99999,99999,99999,99999,99999,99999,0.000000,0.000000,0.000000,0.000000,0.000000,0.000000,0.000000,0.000000,0.000000,0.000000,0.000000,0.000000,0.000000,0.000000,0,0,0,0
"26,-20",0,0,0,0,8,4,99999,99999,99999,99999,99999,99999,0.000000,0.000000,0.000000,0.000000,0.000000,0.000000,0.000000,0.000000,0.000000,0.000000,0.000000,0.000000,0.000000,0.000000,0,0,0,0
"26,-19",0,0,0,0,7,4,99999,99999,99999,99999,99999,99999,0.000000,0.000000,0.000000,0.000000,0.000000,0.000000,0.000000,0.000000,0.000000,0.000000,0.000000,0.000000,0.000000,0.000000,0,0,0,0
"26,-18",0,0,0,0,8,4,99999,99999,99999,99999,99999,99999,0.000000,0.000000,0.000000,0.000000,0.000000,0.000000,0.000000,0.000000,0.000000,0.000000,0.000000,0.000000,0.000000,0.000000,0,0,0,0
"26,-17",0,0,0,0,8,4,99999,99999,99999,99999,99999,99999,0.000000,0.000000,0.000000,0.000000,0.000000,0.000000,0.000000,0.000000,0.000000,0.000000,0.000000,0.000000,0.000000,0.000000,0,0,0,0
"26,-16",0,0,0,0,9,4,99999,99999,99999,99999,99999,99999,0.000000,0.000000,0.000000,0.000000,0.000000,0.000000,0.000000,0.000000,0.000000,0.000000,0.000000,0.000000,0.000000,0.000000,0,0,0,0
"26,-15",0,0,0,0,9,4,99999,99999,99999,99999,99999,99999,0.000000,0.000000,0.000000,0.000000,0.000000,0.000000,0.000000,0.000000,0.000000,0.000000,0.000000,0.000000,0.000000,0.000000,0,0,0,0
"26,-14",0,0,0,0,9,4,99999,99999,99999,99999,99999,99999,0.000000,0.000000,0.000000,0.000000,0.000000,0.000000,0.000000,0.000000,0.000000,0.000000,0.000000,0.000000,0.000000,0.000000,0,0,0,0
"26,-13",0,0,0,0,9,4,99999,99999,99999,99999,99999,99999,0.000000,0.000000,0.000000,0.000000,0.000000,0.000000,0.000000,0.000000,0.000000,0.000000,0.000000,0.000000,0.000000,0.000000,0,0,0,0
"26,-12",0,0,0,0,9,4,99999,99999,99999,99999,99999,99999,0.000000,0.000000,0.000000,0.000000,0.000000,0.000000,0.000000,0.000000,0.000000,0.000000,0.000000,0.000000,0.000000,0.000000,0,0,0,0
"26,-11",0,0,0,0,9,4,99999,99999,99999,99999,99999,99999,0.000000,0.000000,0.000000,0.000000,0.000000,0.000000,0.000000,0.000000,0.000000,0.000000,0.000000,0.000000,0.000000,0.000000,0,0,0,0
"26,-10",0,0,0,0,9,4,99999,99999,99999,99999,99999,99999,0.000000,0.000000,0.000000,0.000000,0.000000,0.000000,0.000000,0.000000,0.000000,0.000000,0.000000,0.000000,0.000000,0.000000,0,0,0,0
"26,-9",0,0,0,0,9,4,99999,99999,99999,99999,99999,99999,0.000000,0.000000,0.000000,0.000000,0.000000,0.000000,0.000000,0.000000,0.000000,0.000000,0.000000,0.000000,0.000000,0.000000,0,0,0,0
"26,-8",0,0,0,0,10,4,99999,99999,99999,99999,99999,99999,0.000000,0.000000,0.000000,0.000000,0.000000,0.000000,0.000000,0.000000,0.000000,0.000000,0.000000,0.000000,0.000000,0.000000,0,0,0,0
"26,-7",0,0,0,0,8,4,99999,99999,99999,99999,99999,99999,0.000000,0.000000,0.000000,0.000000,0.000000,0.000000,0.000000,0.000000,0.000000,0.000000,0.000000,0.000000,0.000000,0.000000,0,0,0,0
"26,-6",0,0,0,0,10,4,99999,99999,99999,99999,99999,99999,0.000000,0.000000,0.000000,0.000000,0.000000,0.000000,0.000000,0.000000,0.000000,0.000000,0.000000,0.000000,0.000000,0.000000,0,0,0,0
"26,-5",0,0,0,0,8,4,99999,99999,99999,99999,99999,99999,0.000000,0.000000,0.000000,0.000000,0.000000,0.000000,0.000000,0.000000,0.000000,0.000000,0.000000,0.000000,0.000000,0.000000,0,0,0,0
"26,-4",0,0,0,0,9,4,99999,99999,99999,99999,99999,99999,0.000000,0.000000,0.000000,0.000000,0.000000,0.000000,0.000000,0.000000,0.000000,0.000000,0.000000,0.000000,0.000000,0.000000,0,0,0,0
"26,-3",0,0,0,0,10,4,99999,99999,99999,99999,99999,99999,0.000000,0.000000,0.000000,0.000000,0.000000,0.000000,0.000000,0.000000,0.000000,0.000000,0.000000,0.000000,0.000000,0.000000,0,0,0,0
"26,-2",0,0,0,0,9,4,99999,99999,99999,99999,99999,99999,0.000000,0.000000,0.000000,0.000000,0.000000,0.000000,0.000000,0.000000,0.000000,0.000000,0.000000,0.000000,0.000000,0.000000,0,0,0,0
"26,-1",0,0,0,0,8,4,99999,99999,99999,99999,99999,99999,0.000000,0.000000,0.000000,0.000000,0.000000,0.000000,0.000000,0.000000,0.000000,0.000000,0.000000,0.000000,0.000000,0.000000,0,0,0,0
"26,0",0,0,0,0,9,4,99999,99999,99999,99999,99999,99999,0.000000,0.000000,0.000000,0.000000,0.000000,0.000000,0.000000,0.000000,0.000000,0.000000,0.000000,0.000000,0.000000,0.000000,0,0,0,0
"26,1",0,0,0,0,7,4,99999,99999,99999,99999,99999,99999,0.000000,0.000000,0.000000,0.000000,0.000000,0.000000,0.000000,0.000000,0.000000,0.000000,0.000000,0.000000,0.000000,0.000000,0,0,0,0
"26,2",0,0,0,0,4,4,99999,99999,99999,99999,99999,99999,0.000000,0.000000,0.000000,0.000000,0.000000,0.000000,0.000000,0.000000,0.000000,0.000000,0.000000,0.000000,0.000000,0.000000,0,0,0,0
"26,3",0,0,0,0,5,4,99999,99999,99999,99999,99999,99999,0.000000,0.000000,0.000000,0.000000,0.000000,0.000000,0.000000,0.000000,0.000000,0.000000,0.000000,0.000000,0.000000,0.000000,0,0,0,0
"26,4",0,0,0,0,4,4,99999,99999,99999,99999,99999,99999,0.000000,0.000000,0.000000,0.000000,0.000000,0.000000,0.000000,0.000000,0.000000,0.000000,0.000000,0.000000,0.000000,0.000000,0,0,0,0
"26,5",0,0,0,0,5,4,99999,99999,99999,99999,99999,99999,0.000000,0.000000,0.000000,0.000000,0.000000,0.000000,0.000000,0.000000,0.000000,0.000000,0.000000,0.000000,0.000000,0.000000,0,0,0,0
"26,6",0,0,0,0,5,4,99999,99999,99999,99999,99999,99999,0.000000,0.000000,0.000000,0.000000,0.000000,0.000000,0.000000,0.000000,0.000000,0.000000,0.000000,0.000000,0.000000,0.000000,0,0,0,0
"26,7",0,0,0,0,4,4,99999,99999,99999,99999,99999,99999,0.000000,0.000000,0.000000,0.000000,0.000000,0.000000,0.000000,0.000000,0.000000,0.000000,0.000000,0.000000,0.000000,0.000000,0,0,0,0
"26,8",0,0,0,0,4,4,99999,99999,99999,99999,99999,99999,0.000000,0.000000,0.000000,0.000000,0.000000,0.000000,0.000000,0.000000,0.000000,0.000000,0.000000,0.000000,0.000000,0.000000,0,0,0,0
"26,9",0,0,0,0,4,4,99999,99999,99999,99999,99999,99999,0.000000,0.000000,0.000000,0.000000,0.000000,0.000000,0.000000,0.000000,0.000000,0.000000,0.000000,0.000000,0.000000,0.000000,0,0,0,0
"26,10",0,0,0,0,4,4,99999,99999,99999,99999,99999,99999,0.000000,0.000000,0.000000,0.000000,0.000000,0.000000,0.000000,0.000000,0.000000,0.000000,0.000000,0.000000,0.000000,0.000000,0,0,0,0
"26,11",0,0,0,0,4,4,99999,99999,99999,99999,99999,99999,0.000000,0.000000,0.000000,0.000000,0.000000,0.000000,0.000000,0.000000,0.000000,0.000000,0.000000,0.000000,0.000000,0.000000,0,0,0,0
"26,12",0,0,0,0,4,4,99999,99999,99999,99999,99999,99999,0.000000,0.000000,0.000000,0.000000,0.000000,0.000000,0.000000,0.000000,0.000000,0.000000,0.000000,0.000000,0.000000,0.000000,0,0,0,0
"26,13",0,0,0,0,4,4,99999,99999,99999,99999,99999,99999,0.000000,0.000000,0.000000,0.000000,0.000000,0.000000,0.000000,0.000000,0.000000,0.000000,0.000000,0.000000,0.000000,0.000000,0,0,0,0
"26,14",0,0,0,0,4,4,99999,99999,99999,99999,99999,99999,0.000000,0.000000,0.000000,0.000000,0.000000,0.000000,0.000000,0.000000,0.000000,0.000000,0.000000,0.000000,0.000000,0.000000,0,0,0,0
"26,15",0,0,0,0,4,4,99999,99999,99999,99999,99999,99999,0.000000,0.000000,0.000000,0.000000,0.000000,0.000000,0.000000,0.000000,0.000000,0.000000,0.000000,0.000000,0.000000,0.000000,0,0,0,0
"26,16",0,0,0,0,4,4,99999,99999,99999,99999,99999,99999,0.000000,0.000000,0.000000,0.000000,0.000000,0.000000,0.000000,0.000000,0.000000,0.000000,0.000000,0.000000,0.000000,0.000000,0,0,0,0
"26,17",0,0,0,0,4,4,99999,99999,99999,99999,99999,99999,0.000000,0.000000,0.000000,0.000000,0.000000,0.000000,0.000000,0.000000,0.000000,0.000000,0.000000,0.000000,0.000000,0.000000,0,0,0,0
"26,18",0,0,0,0,4,4,99999,99999,99999,99999,99999,99999,0.000000,0.000000,0.000000,0.000000,0.000000,0.000000,0.000000,0.000000,0.000000,0.000000,0.000000,0.000000,0.000000,0.000000,0,0,0,0
"26,19",0,0,0,0,4,4,99999,99999,99999,99999,99999,99999,0.000000,0.000000,0.000000,0.000000,0.000000,0.000000,0.000000,0.000000,0.000000,0.000000,0.000000,0.000000,0.000000,0.000000,0,0,0,0
"26,20",0,0,0,0,4,4,99999,99999,99999,99999,99999,99999,0.000000,0.000000,0.000000,0.000000,0.000000,0.000000,0.000000,0.000000,0.000000,0.000000,0.000000,0.000000,0.000000,0.000000,0,0,0,0
"26,21",0,0,0,0,4,4,99999,99999,99999,99999,99999,99999,0.000000,0.000000,0.000000,0.000000,0.000000,0.000000,0.000000,0.000000,0.000000,0.000000,0.000000,0.000000,0.000000,0.000000,0,0,0,0
"26,22",0,0,0,0,4,4,99999,99999,99999,99999,99999,99999,0.000000,0.000000,0.000000,0.000000,0.000000,0.000000,0.000000,0.000000,0.000000,0.000000,0.000000,0.000000,0.000000,0.000000,0,0,0,0
"26,23",0,0,0,0,4,4,99999,99999,99999,99999,99999,99999,0.000000,0.000000,0.000000,0.000000,0.000000,0.000000,0.000000,0.000000,0.000000,0.000000,0.000000,0.000000,0.000000,0.000000,0,0,0,0
"26,24",0,0,0,0,4,4,99999,99999,99999,99999,99999,99999,0.000000,0.000000,0.000000,0.000000,0.000000,0.000000,0.000000,0.000000,0.000000,0.000000,0.000000,0.000000,0.000000,0.000000,0,0,0,0
"26,25",0,0,0,0,4,4,99999,99999,99999,99999,99999,99999,0.000000,0.000000,0.000000,0.000000,0.000000,0.000000,0.000000,0.000000,0.000000,0.000000,0.000000,0.000000,0.000000,0.000000,0,0,0,0
"26,26",0,0,0,0,4,4,99999,99999,99999,99999,99999,99999,0.000000,0.000000,0.000000,0.000000,0.000000,0.000000,0.000000,0.000000,0.000000,0.000000,0.000000,0.000000,0.000000,0.000000,0,0,0,0
