position,per,tx phyrate,tx mcs,tx nss,chload,chload self,total_latency_50_percent,total_latency_95_percent,total_latency_99_percent,txtime_latency_50_percent,txtime_latency_95_percent,txtime_latency_99_percent,uldelay <100ms,uldelay 100-500ms,uldelay 500-900ms,uldelay 900-1300ms,uldelay 1300-1700ms,uldelay 1700-2100ms,uldelay >2100ms,txtime <1ms,txtime 1-5ms,txtime 5-9ms,txtime 9-13ms,txtime 13-17ms,txtime 17-21ms,txtime >21ms,diff tx bytes,diff tx packets,diff tx ppdu cnt,diff tx ppdu retry cnt
"-26,-26",0,0,0,0,8,4,99999,99999,99999,99999,99999,99999,0.000000,0.000000,0.000000,0.000000,0.000000,0.000000,0.000000,0.000000,0.000000,0.000000,0.000000,0.000000,0.000000,0.000000,0,0,0,0
"-26,-25",0,0,0,0,7,4,99999,99999,99999,99999,99999,99999,0.000000,0.000000,0.000000,0.000000,0.000000,0.000000,0.000000,0.000000,0.000000,0.000000,0.000000,0.000000,0.000000,0.000000,0,0,0,0
"-26,-24",0,0,0,0,7,4,99999,99999,99999,99999,99999,99999,0.000000,0.000000,0.000000,0.000000,0.000000,0.000000,0.000000,0.000000,0.000000,0.000000,0.000000,0.000000,0.000000,0.000000,0,0,0,0
"-26,-23",0,0,0,0,8,4,99999,99999,99999,99999,99999,99999,0.000000,0.000000,0.000000,0.000000,0.000000,0.000000,0.000000,0.000000,0.000000,0.000000,0.000000,0.000000,0.000000,0.000000,0,0,0,0
"-26,-22",0,0,0,0,8,4,99999,99999,99999,99999,99999,99999,0.000000,0.000000,0.000000,0.000000,0.000000,0.000000,0.000000,0.000000,0.000000,0.000000,0.000000,0.000000,0.000000,0.000000,0,0,0,0
"-26,-21",0,0,0,0,8,4,99999,99999,99999,99999,99999,99999,0.000000,0.000000,0.000000,0.000000,0.000000,0.000000,0.000000,0.000000,0.000000,0.000000,0.000000,0.000000,0.000000,0.000000,0,0,0,0
"-26,-20",0,0,0,0,8,4,99999,99999,99999,99999,99999,99999,0.000000,0.000000,0.000000,0.000000,0.000000,0.000000,0.000000,0.000000,0.000000,0.000000,0.000000,0.000000,0.000000,0.000000,0,0,0,0
"-26,-19",0,0,0,0,8,4,99999,99999,99999,99999,99999,99999,0.000000,0.000000,0.000000,0.000000,0.000000,0.000000,0.000000,0.000000,0.000000,0.000000,0.000000,0.000000,0.000000,0.000000,0,0,0,0
"-26,-18",0,0,0,0,7,4,99999,99999,99999,99999,99999,99999,0.000000,0.000000,0.000000,0.000000,0.000000,0.000000,0.000000,0.000000,0.000000,0.000000,0.000000,0.000000,0.000000,0.000000,0,0,0,0
"-26,-17",0,0,0,0,7,4,99999,99999,99999,99999,99999,99999,0.000000,0.000000,0.000000,0.000000,0.000000,0.000000,0.000000,0.000000,0.000000,0.000000,0.000000,0.000000,0.000000,0.000000,0,0,0,0
"-26,-16",0,0,0,0,8,4,99999,99999,99999,99999,99999,99999,0.000000,0.000000,0.000000,0.000000,0.000000,0.000000,0.000000,0.000000,0.000000,0.000000,0.000000,0.000000,0.000000,0.000000,0,0,0,0
"-26,-15",0,0,0,0,8,4,99999,99999,99999,99999,99999,99999,0.000000,0.000000,0.000000,0.000000,0.000000,0.000000,0.000000,0.000000,0.000000,0.000000,0.000000,0.000000,0.000000,0.000000,0,0,0,0
"-26,-14",0,0,0,0,8,4,99999,99999,99999,99999,99999,99999,0.000000,0.000000,0.000000,0.000000,0.000000,0.000000,0.000000,0.000000,0.000000,0.000000,0.000000,0.000000,0.000000,0.000000,0,0,0,0
"-26,-13",0,0,0,0,7,4,99999,99999,99999,99999,99999,99999,0.000000,0.000000,0.000000,0.000000,0.000000,0.000000,0.000000,0.000000,0.000000,0.000000,0.000000,0.000000,0.000000,0.000000,0,0,0,0
"-26,-12",0,0,0,0,7,4,99999,99999,99999,99999,99999,99999,0.000000,0.000000,0.000000,0.000000,0.000000,0.000000,0.000000,0.000000,0.000000,0.000000,0.000000,0.000000,0.000000,0.000000,0,0,0,0
"-26,-11",0,0,0,0,8,4,99999,99999,99999,99999,99999,99999,0.000000,0.000000,0.000000,0.000000,0.000000,0.000000,0.000000,0.000000,0.000000,0.000000,0.000000,0.000000,0.000000,0.000000,0,0,0,0
"-26,-10",0,0,0,0,8,4,99999,99999,99999,99999,99999,99999,0.000000,0.000000,0.000000,0.000000,0.000000,0.000000,0.000000,0.000000,0.000000,0.000000,0.000000,0.000000,0.000000,0.000000,0,0,0,0
"-26,-9",0,0,0,0,8,4,99999,99999,99999,99999,99999,99999,0.000000,0.000000,0.000000,0.000000,0.000000,0.000000,0.000000,0.000000,0.000000,0.000000,0.000000,0.000000,0.000000,0.000000,0,0,0,0
"-26,-8",0,0,0,0,8,4,99999,99999,99999,99999,99999,99999,0.000000,0.000000,0.000000,0.000000,0.000000,0.000000,0.000000,0.000000,0.000000,0.000000,0.000000,0.000000,0.000000,0.000000,0,0,0,0
"-26,-7",0,0,0,0,8,4,99999,99999,99999,99999,99999,99999,0.000000,0.000000,0.000000,0.000000,0.000000,0.000000,0.000000,0.000000,0.000000,0.000000,0.000000,0.000000,0.000000,0.000000,0,0,0,0
"-26,-6",0,0,0,0,8,4,99999,99999,99999,99999,99999,99999,0.000000,0.000000,0.000000,0.000000,0.000000,0.000000,0.000000,0.000000,0.000000,0.000000,0.000000,0.000000,0.000000,0.000000,0,0,0,0
"-26,-5",0,0,0,0,8,4,99999,99999,99999,99999,99999,99999,0.000000,0.000000,0.000000,0.000000,0.000000,0.000000,0.000000,0.000000,0.000000,0.000000,0.000000,0.000000,0.000000,0.000000,0,0,0,0
"-26,-4",0,0,0,0,8,4,99999,99999,99999,99999,99999,99999,0.000000,0.000000,0.000000,0.000000,0.000000,0.000000,0.000000,0.000000,0.000000,0.000000,0.000000,0.000000,0.000000,0.000000,0,0,0,0
"-26,-3",0,0,0,0,7,4,99999,99999,99999,99999,99999,99999,0.000000,0.000000,0.000000,0.000000,0.000000,0.000000,0.000000,0.000000,0.000000,0.000000,0.000000,0.000000,0.000000,0.000000,0,0,0,0
"-26,-2",0,0,0,0,7,4,99999,99999,99999,99999,99999,99999,0.000000,0.000000,0.000000,0.000000,0.000000,0.000000,0.000000,0.000000,0.000000,0.000000,0.000000,0.000000,0.000000,0.000000,0,0,0,0
"-26,-1",0,0,0,0,7,4,99999,99999,99999,99999,99999,99999,0.000000,0.000000,0.000000,0.000000,0.000000,0.000000,0.000000,0.000000,0.000000,0.000000,0.000000,0.000000,0.000000,0.000000,0,0,0,0
"-26,0",0,0,0,0,8,4,99999,99999,99999,99999,99999,99999,0.000000,0.000000,0.000000,0.000000,0.000000,0.000000,0.000000,0.000000,0.000000,0.000000,0.000000,0.000000,0.000000,0.000000,0,0,0,0
"-26,1",0,0,0,0,4,4,99999,99999,99999,99999,99999,99999,0.000000,0.000000,0.000000,0.000000,0.000000,0.000000,0.000000,0.000000,0.000000,0.000000,0.000000,0.000000,0.000000,0.000000,0,0,0,0
"-26,2",0,0,0,0,4,4,99999,99999,99999,99999,99999,99999,0.000000,0.000000,0.000000,0.000000,0.000000,0.000000,0.000000,0.000000,0.000000,0.000000,0.000000,0.000000,0.000000,0.000000,0,0,0,0
"-26,3",0,0,0,0,4,4,99999,99999,99999,99999,99999,99999,0.000000,0.000000,0.000000,0.000000,0.000000,0.000000,0.000000,0.000000,0.000000,0.000000,0.000000,0.000000,0.000000,0.000000,0,0,0,0
"-26,4",0,0,0,0,4,4,99999,99999,99999,99999,99999,99999,0.000000,0.000000,0.000000,0.000000,0.000000,0.000000,0.000000,0.000000,0.000000,0.000000,0.000000,0.000000,0.000000,0.000000,0,0,0,0
"-26,5",0,0,0,0,4,4,99999,99999,99999,99999,99999,99999,0.000000,0.000000,0.000000,0.000000,0.000000,0.000000,0.000000,0.000000,0.000000,0.000000,0.000000,0.000000,0.000000,0.000000,0,0,0,0
"-26,6",0,0,0,0,4,4,99999,99999,99999,99999,99999,99999,0.000000,0.000000,0.000000,0.000000,0.000000,0.000000,0.000000,0.000000,0.000000,0.000000,0.000000,0.000000,0.000000,0.000000,0,0,0,0
"-26,7",0,0,0,0,4,4,99999,99999,99999,99999,99999,99999,0.000000,0.000000,0.000000,0.000000,0.000000,0.000000,0.000000,0.000000,0.000000,0.000000,0.000000,0.000000,0.000000,0.000000,0,0,0,0
"-26,8",0,0,0,0,4,4,99999,99999,99999,99999,99999,99999,0.000000,0.000000,0.000000,0.000000,0.000000,0.000000,0.000000,0.000000,0.000000,0.000000,0.000000,0.000000,0.000000,0.000000,0,0,0,0
"-26,9",0,0,0,0,4,4,99999,99999,99999,99999,99999,99999,0.000000,0.000000,0.000000,0.000000,0.000000,0.000000,0.000000,0.000000,0.000000,0.000000,0.000000,0.000000,0.000000,0.000000,0,0,0,0
"-26,10",0,0,0,0,4,4,99999,99999,99999,99999,99999,99999,0.000000,0.000000,0.000000,0.000000,0.000000,0.000000,0.000000,0.000000,0.000000,0.000000,0.000000,0.000000,0.000000,0.000000,0,0,0,0
"-26,11",0,0,0,0,4,4,99999,99999,99999,99999,99999,99999,0.000000,0.000000,0.000000,0.000000,0.000000,0.000000,0.000000,0.000000,0.000000,0.000000,0.000000,0.000000,0.000000,0.000000,0,0,0,0
"-26,12",0,0,0,0,4,4,99999,99999,99999,99999,99999,99999,0.000000,0.000000,0.000000,0.000000,0.000000,0.000000,0.000000,0.000000,0.000000,0.000000,0.000000,0.000000,0.000000,0.000000,0,0,0,0
"-26,13",0,0,0,0,4,4,99999,99999,99999,99999,99999,99999,0.000000,0.000000,0.000000,0.000000,0.000000,0.000000,0.000000,0.000000,0.000000,0.000000,0.000000,0.000000,0.000000,0.000000,0,0,0,0
"-26,14",0,0,0,0,4,4,99999,99999,99999,99999,99999,99999,0.000000,0.000000,0.000000,0.000000,0.000000,0.000000,0.000000,0.000000,0.000000,0.000000,0.000000,0.000000,0.000000,0.000000,0,0,0,0
"-26,15",0,0,0,0,4,4,99999,99999,99999,99999,99999,99999,0.000000,0.000000,0.000000,0.000000,0.000000,0.000000,0.000000,0.000000,0.000000,0.000000,0.000000,0.000000,0.000000,0.000000,0,0,0,0
"-26,16",0,0,0,0,4,4,99999,99999,99999,99999,99999,99999,0.000000,0.000000,0.000000,0.000000,0.000000,0.000000,0.000000,0.000000,0.000000,0.000000,0.000000,0.000000,0.000000,0.000000,0,0,0,0
"-26,17",0,0,0,0,4,4,99999,99999,99999,99999,99999,99999,0.000000,0.000000,0.000000,0.000000,0.000000,0.000000,0.000000,0.000000,0.000000,0.000000,0.000000,0.000000,0.000000,0.000000,0,0,0,0
"-26,18",0,0,0,0,4,4,99999,99999,99999,99999,99999,99999,0.000000,0.000000,0.000000,0.000000,0.000000,0.000000,0.000000,0.000000,0.000000,0.000000,0.000000,0.000000,0.000000,0.000000,0,0,0,0
"-26,19",0,0,0,0,4,4,99999,99999,99999,99999,99999,99999,0.000000,0.000000,0.000000,0.000000,0.000000,0.000000,0.000000,0.000000,0.000000,0.000000,0.000000,0.000000,0.000000,0.000000,0,0,0,0
"-26,20",0,0,0,0,4,4,99999,99999,99999,99999,99999,99999,0.000000,0.000000,0.000000,0.000000,0.000000,0.000000,0.000000,0.000000,0.000000,0.000000,0.000000,0.000000,0.000000,0.000000,0,0,0,0
"-26,21",0,0,0,0,4,4,99999,99999,99999,99999,99999,99999,0.000000,0.000000,0.000000,0.000000,0.000000,0.000000,0.000000,0.000000,0.000000,0.000000,0.000000,0.000000,0.000000,0.000000,0,0,0,0
"-26,22",0,0,0,0,4,4,99999,99999,99999,99999,99999,99999,0.000000,0.000000,0.000000,0.000000,0.000000,0.000000,0.000000,0.000000,0.000000,0.000000,0.000000,0.000000,0.000000,0.000000,0,0,0,0
"-26,23",0,0,0,0,4,4,99999,99999,99999,99999,99999,99999,0.000000,0.000000,0.000000,0.000000,0.000000,0.000000,0.000000,0.000000,0.000000,0.000000,0.000000,0.000000,0.000000,0.000000,0,0,0,0
"-26,24",0,0,0,0,4,4,99999,99999,99999,99999,99999,99999,0.000000,0.000000,0.000000,0.000000,0.000000,0.000000,0.000000,0.000000,0.000000,0.000000,0.000000,0.000000,0.000000,0.000000,0,0,0,0
"-26,25",0,0,0,0,4,4,99999,99999,99999,99999,99999,99999,0.000000,0.000000,0.000000,0.000000,0.000000,0.000000,0.000000,0.000000,0.000000,0.000000,0.000000,0.000000,0.000000,0.000000,0,0,0,0
"-26,26",0,0,0,0,4,4,99999,99999,99999,99999,99999,99999,0.000000,0.000000,0.000000,0.000000,0.000000,0.000000,0.000000,0.000000,0.000000,0.000000,0.000000,0.000000,0.000000,0.000000,0,0,0,0
"-25,-26",0,0,0,0,8,4,99999,99999,99999,99999,99999,99999,0.000000,0.000000,0.000000,0.000000,0.000000,0.000000,0.000000,0.000000,0.000000,0.000000,0.000000,0.000000,0.000000,0.000000,0,0,0,0
"-25,-25",0,0,0,0,8,4,99999,99999,99999,99999,99999,99999,0.000000,0.000000,0.000000,0.000000,0.000000,0.000000,0.000000,0.000000,0.000000,0.000000,0.000000,0.000000,0.000000,0.000000,0,0,0,0
"-25,-24",0,0,0,0,7,4,99999,99999,99999,99999,99999,99999,0.000000,0.000000,0.000000,0.000000,0.000000,0.000000,0.000000,0.000000,0.000000,0.000000,0.000000,0.000000,0.000000,0.000000,0,0,0,0
"-25,-23",0,0,0,0,55,4,99999,99999,99999,99999,99999,99999,0.000000,0.000000,0.000000,0.000000,0.000000,0.000000,0.000000,0.000000,0.000000,0.000000,0.000000,0.000000,0.000000,0.000000,0,0,0,0
"-25,-22",0,0,0,0,55,4,99999,99999,99999,99999,99999,99999,0.000000,0.000000,0.000000,0.000000,0.000000,0.000000,0.000000,0.000000,0.000000,0.000000,0.000000,0.000000,0.000000,0.000000,0,0,0,0
"-25,-21",0,0,0,0,57,4,99999,99999,99999,99999,99999,99999,0.000000,0.000000,0.000000,0.000000,0.000000,0.000000,0.000000,0.000000,0.000000,0.000000,0.000000,0.000000,0.000000,0.000000,0,0,0,0
"-25,-20",0,0,0,0,56,4,99999,99999,99999,99999,99999,99999,0.000000,0.000000,0.000000,0.000000,0.000000,0.000000,0.000000,0.000000,0.000000,0.000000,0.000000,0.000000,0.000000,0.000000,0,0,0,0
"-25,-19",0,0,0,0,55,4,99999,99999,99999,99999,99999,99999,0.000000,0.000000,0.000000,0.000000,0.000000,0.000000,0.000000,0.000000,0.000000,0.000000,0.000000,0.000000,0.000000,0.000000,0,0,0,0
"-25,-18",0,0,0,0,54,4,99999,99999,99999,99999,99999,99999,0.000000,0.000000,0.000000,0.000000,0.000000,0.000000,0.000000,0.000000,0.000000,0.000000,0.000000,0.000000,0.000000,0.000000,0,0,0,0
"-25,-17",0,0,0,0,54,4,99999,99999,99999,99999,99999,99999,0.000000,0.000000,0.000000,0.000000,0.000000,0.000000,0.000000,0.000000,0.000000,0.000000,0.000000,0.000000,0.000000,0.000000,0,0,0,0
"-25,-16",0,0,0,0,55,4,99999,99999,99999,99999,99999,99999,0.000000,0.000000,0.000000,0.000000,0.000000,0.000000,0.000000,0.000000,0.000000,0.000000,0.000000,0.000000,0.000000,0.000000,0,0,0,0
"-25,-15",0,0,0,0,55,4,99999,99999,99999,99999,99999,99999,0.000000,0.000000,0.000000,0.000000,0.000000,0.000000,0.000000,0.000000,0.000000,0.000000,0.000000,0.000000,0.000000,0.000000,0,0,0,0
"-25,-14",0,0,0,0,54,4,99999,99999,99999,99999,99999,99999,0.000000,0.000000,0.000000,0.000000,0.000000,0.000000,0.000000,0.000000,0.000000,0.000000,0.000000,0.000000,0.000000,0.000000,0,0,0,0
"-25,-13",0,0,0,0,56,4,99999,99999,99999,99999,99999,99999,0.000000,0.000000,0.000000,0.000000,0.000000,0.000000,0.000000,0.000000,0.000000,0.000000,0.000000,0.000000,0.000000,0.000000,0,0,0,0
"-25,-12",0,0,0,0,55,4,99999,99999,99999,99999,99999,99999,0.000000,0.000000,0.000000,0.000000,0.000000,0.000000,0.000000,0.000000,0.000000,0.000000,0.000000,0.000000,0.000000,0.000000,0,0,0,0
"-25,-11",0,0,0,0,55,4,99999,99999,99999,99999,99999,99999,0.000000,0.000000,0.000000,0.000000,0.000000,0.000000,0.000000,0.000000,0.000000,0.000000,0.000000,0.000000,0.000000,0.000000,0,0,0,0
"-25,-10",0,0,0,0,8,4,99999,99999,99999,99999,99999,99999,0.000000,0.000000,0.000000,0.000000,0.000000,0.000000,0.000000,0.000000,0.000000,0.000000,0.000000,0.000000,0.000000,0.000000,0,0,0,0
"-25,-9",0,0,0,0,8,4,99999,99999,99999,99999,99999,99999,0.000000,0.000000,0.000000,0.000000,0.000000,0.000000,0.000000,0.000000,0.000000,0.000000,0.000000,0.000000,0.000000,0.000000,0,0,0,0
"-25,-8",0,0,0,0,8,4,99999,99999,99999,99999,99999,99999,0.000000,0.000000,0.000000,0.000000,0.000000,0.000000,0.000000,0.000000,0.000000,0.000000,0.000000,0.000000,0.000000,0.000000,0,0,0,0
"-25,-7",0,0,0,0,7,4,99999,99999,99999,99999,99999,99999,0.000000,0.000000,0.000000,0.000000,0.000000,0.000000,0.000000,0.000000,0.000000,0.000000,0.000000,0.000000,0.000000,0.000000,0,0,0,0
"-25,-6",0,0,0,0,8,4,99999,99999,99999,99999,99999,99999,0.000000,0.000000,0.000000,0.000000,0.000000,0.000000,0.000000,0.000000,0.000000,0.000000,0.000000,0.000000,0.000000,0.000000,0,0,0,0
"-25,-5",0,0,0,0,8,4,99999,99999,99999,99999,99999,99999,0.000000,0.000000,0.000000,0.000000,0.000000,0.000000,0.000000,0.000000,0.000000,0.000000,0.000000,0.000000,0.000000,0.000000,0,0,0,0
"-25,-4",0,0,0,0,7,4,99999,99999,99999,99999,99999,99999,0.000000,0.000000,0.000000,0.000000,0.000000,0.000000,0.000000,0.000000,0.000000,0.000000,0.000000,0.000000,0.000000,0.000000,0,0,0,0
"-25,-3",0,0,0,0,8,4,99999,99999,99999,99999,99999,99999,0.000000,0.000000,0.000000,0.000000,0.000000,0.000000,0.000000,0.000000,0.000000,0.000000,0.000000,0.000000,0.000000,0.000000,0,0,0,0
"-25,-2",0,0,0,0,8,4,99999,99999,99999,99999,99999,99999,0.000000,0.000000,0.000000,0.000000,0.000000,0.000000,0.000000,0.000000,0.000000,0.000000,0.000000,0.000000,0.000000,0.000000,0,0,0,0
"-25,-1",0,0,0,0,8,4,99999,99999,99999,99999,99999,99999,0.000000,0.000000,0.000000,0.000000,0.000000,0.000000,0.000000,0.000000,0.000000,0.000000,0.000000,0.000000,0.000000,0.000000,0,0,0,0
"-25,0",0,0,0,0,8,4,99999,99999,99999,99999,99999,99999,0.000000,0.000000,0.000000,0.000000,0.000000,0.000000,0.000000,0.000000,0.000000,0.000000,0.000000,0.000000,0.000000,0.000000,0,0,0,0
"-25,1",0,0,0,0,8,4,99999,99999,99999,99999,99999,99999,0.000000,0.000000,0.000000,0.000000,0.000000,0.000000,0.000000,0.000000,0.000000,0.000000,0.000000,0.000000,0.000000,0.000000,0,0,0,0
"-25,2",0,0,0,0,8,4,99999,99999,99999,99999,99999,99999,0.000000,0.000000,0.000000,0.000000,0.000000,0.000000,0.000000,0.000000,0.000000,0.000000,0.000000,0.000000,0.000000,0.000000,0,0,0,0
"-25,3",0,0,0,0,4,4,99999,99999,99999,99999,99999,99999,0.000000,0.000000,0.000000,0.000000,0.000000,0.000000,0.000000,0.000000,0.000000,0.000000,0.000000,0.000000,0.000000,0.000000,0,0,0,0
"-25,4",0,0,0,0,4,4,99999,99999,99999,99999,99999,99999,0.000000,0.000000,0.000000,0.000000,0.000000,0.000000,0.000000,0.000000,0.000000,0.000000,0.000000,0.000000,0.000000,0.000000,0,0,0,0
"-25,5",0,0,0,0,4,4,99999,99999,99999,99999,99999,99999,0.000000,0.000000,0.000000,0.000000,0.000000,0.000000,0.000000,0.000000,0.000000,0.000000,0.000000,0.000000,0.000000,0.000000,0,0,0,0
"-25,6",0,0,0,0,4,4,99999,99999,99999,99999,99999,99999,0.000000,0.000000,0.000000,0.000000,0.000000,0.000000,0.000000,0.000000,0.000000,0.000000,0.000000,0.000000,0.000000,0.000000,0,0,0,0
"-25,7",0,0,0,0,4,4,99999,99999,99999,99999,99999,99999,0.000000,0.000000,0.000000,0.000000,0.000000,0.000000,0.000000,0.000000,0.000000,0.000000,0.000000,0.000000,0.000000,0.000000,0,0,0,0
"-25,8",0,0,0,0,4,4,99999,99999,99999,99999,99999,99999,0.000000,0.000000,0.000000,0.000000,0.000000,0.000000,0.000000,0.000000,0.000000,0.000000,0.000000,0.000000,0.000000,0.000000,0,0,0,0
"-25,9",0,0,0,0,4,4,99999,99999,99999,99999,99999,99999,0.000000,0.000000,0.000000,0.000000,0.000000,0.000000,0.000000,0.000000,0.000000,0.000000,0.000000,0.000000,0.000000,0.000000,0,0,0,0
"-25,10",0,0,0,0,4,4,99999,99999,99999,99999,99999,99999,0.000000,0.000000,0.000000,0.000000,0.000000,0.000000,0.000000,0.000000,0.000000,0.000000,0.000000,0.000000,0.000000,0.000000,0,0,0,0
"-25,11",0,0,0,0,4,4,99999,99999,99999,99999,99999,99999,0.000000,0.000000,0.000000,0.000000,0.000000,0.000000,0.000000,0.000000,0.000000,0.000000,0.000000,0.000000,0.000000,0.000000,0,0,0,0
"-25,12",0,0,0,0,4,4,99999,99999,99999,99999,99999,99999,0.000000,0.000000,0.000000,0.000000,0.000000,0.000000,0.000000,0.000000,0.000000,0.000000,0.000000,0.000000,0.000000,0.000000,0,0,0,0
"-25,13",0,0,0,0,4,4,99999,99999,99999,99999,99999,99999,0.000000,0.000000,0.000000,0.000000,0.000000,0.000000,0.000000,0.000000,0.000000,0.000000,0.000000,0.000000,0.000000,0.000000,0,0,0,0
"-25,14",0,0,0,0,4,4,99999,99999,99999,99999,99999,99999,0.000000,0.000000,0.000000,0.000000,0.000000,0.000000,0.000000,0.000000,0.000000,0.000000,0.000000,0.000000,0.000000,0.000000,0,0,0,0
"-25,15",0,0,0,0,4,4,99999,99999,99999,99999,99999,99999,0.000000,0.000000,0.000000,0.000000,0.000000,0.000000,0.000000,0.000000,0.000000,0.000000,0.000000,0.000000,0.000000,0.000000,0,0,0,0
"-25,16",0,0,0,0,4,4,99999,99999,99999,99999,99999,99999,0.000000,0.000000,0.000000,0.000000,0.000000,0.000000,0.000000,0.000000,0.000000,0.000000,0.000000,0.000000,0.000000,0.000000,0,0,0,0
"-25,17",0,0,0,0,4,4,99999,99999,99999,99999,99999,99999,0.000000,0.000000,0.000000,0.000000,0.000000,0.000000,0.000000,0.000000,0.000000,0.000000,0.000000,0.000000,0.000000,0.000000,0,0,0,0
"-25,18",0,0,0,0,4,4,99999,99999,99999,99999,99999,99999,0.000000,0.000000,0.000000,0.000000,0.000000,0.000000,0.000000,0.000000,0.000000,0.000000,0.000000,0.000000,0.000000,0.000000,0,0,0,0
"-25,19",0,0,0,0,4,4,99999,99999,99999,99999,99999,99999,0.000000,0.000000,0.000000,0.000000,0.000000,0.000000,0.000000,0.000000,0.000000,0.000000,0.000000,0.000000,0.000000,0.000000,0,0,0,0
"-25,20",0,0,0,0,4,4,99999,99999,99999,99999,99999,99999,0.000000,0.000000,0.000000,0.000000,0.000000,0.000000,0.000000,0.000000,0.000000,0.000000,0.000000,0.000000,0.000000,0.000000,0,0,0,0
"-25,21",0,0,0,0,4,4,99999,99999,99999,99999,99999,99999,0.000000,0.000000,0.000000,0.000000,0.000000,0.000000,0.000000,0.000000,0.000000,0.000000,0.000000,0.000000,0.000000,0.000000,0,0,0,0
"-25,22",0,0,0,0,4,4,99999,99999,99999,99999,99999,99999,0.000000,0.000000,0.000000,0.000000,0.000000,0.000000,0.000000,0.000000,0.000000,0.000000,0.000000,0.000000,0.000000,0.000000,0,0,0,0
"-25,23",0,0,0,0,4,4,99999,99999,99999,99999,99999,99999,0.000000,0.000000,0.000000,0.000000,0.000000,0.000000,0.000000,0.000000,0.000000,0.000000,0.000000,0.000000,0.000000,0.000000,0,0,0,0
"-25,24",0,0,0,0,4,4,99999,99999,99999,99999,99999,99999,0.000000,0.000000,0.000000,0.000000,0.000000,0.000000,0.000000,0.000000,0.000000,0.000000,0.000000,0.000000,0.000000,0.000000,0,0,0,0
"-25,25",0,0,0,0,4,4,99999,99999,99999,99999,99999,99999,0.000000,0.000000,0.000000,0.000000,0.000000,0.000000,0.000000,0.000000,0.000000,0.000000,0.000000,0.000000,0.000000,0.000000,0,0,0,0
"-25,26",0,0,0,0,4,4,99999,99999,99999,99999,99999,99999,0.000000,0.000000,0.000000,0.000000,0.000000,0.000000,0.000000,0.000000,0.000000,0.000000,0.000000,0.000000,0.000000,0.000000,0,0,0,0
"-24,-26",0,0,0,0,55,4,99999,99999,99999,99999,99999,99999,0.000000,0.000000,0.000000,0.000000,0.000000,0.000000,0.000000,0.000000,0.000000,0.000000,0.000000,0.000000,0.000000,0.000000,0,0,0,0
"-24,-25",0,0,0,0,55,4,99999,99999,99999,99999,99999,99999,0.000000,0.000000,0.000000,0.000000,0.000000,0.000000,0.000000,0.000000,0.000000,0.000000,0.000000,0.000000,0.000000,0.000000,0,0,0,0
"-24,-24",0,0,0,0,55,4,99999,99999,99999,99999,99999,99999,0.000000,0.000000,0.000000,0.000000,0.000000,0.000000,0.000000,0.000000,0.000000,0.000000,0.000000,0.000000,0.000000,0.000000,0,0,0,0
"-24,-23",0,0,0,0,55,4,99999,99999,99999,99999,99999,99999,0.000000,0.000000,0.000000,0.000000,0.000000,0.000000,0.000000,0.000000,0.000000,0.000000,0.000000,0.000000,0.000000,0.000000,0,0,0,0
"-24,-22",0,0,0,0,56,4,99999,99999,99999,99999,99999,99999,0.000000,0.000000,0.000000,0.000000,0.000000,0.000000,0.000000,0.000000,0.000000,0.000000,0.000000,0.000000,0.000000,0.000000,0,0,0,0
"-24,-21",0,0,0,0,56,4,99999,99999,99999,99999,99999,99999,0.000000,0.000000,0.000000,0.000000,0.000000,0.000000,0.000000,0.000000,0.000000,0.000000,0.000000,0.000000,0.000000,0.000000,0,0,0,0
"-24,-20",0,0,0,0,56,4,99999,99999,99999,99999,99999,99999,0.000000,0.000000,0.000000,0.000000,0.000000,0.000000,0.000000,0.000000,0.000000,0.000000,0.000000,0.000000,0.000000,0.000000,0,0,0,0
"-24,-19",0,0,0,0,55,4,99999,99999,99999,99999,99999,99999,0.000000,0.000000,0.000000,0.000000,0.000000,0.000000,0.000000,0.000000,0.000000,0.000000,0.000000,0.000000,0.000000,0.000000,0,0,0,0
"-24,-18",0,0,0,0,56,4,99999,99999,99999,99999,99999,99999,0.000000,0.000000,0.000000,0.000000,0.000000,0.000000,0.000000,0.000000,0.000000,0.000000,0.000000,0.000000,0.000000,0.000000,0,0,0,0
"-24,-17",0,0,0,0,55,4,99999,99999,99999,99999,99999,99999,0.000000,0.000000,0.000000,0.000000,0.000000,0.000000,0.000000,0.000000,0.000000,0.000000,0.000000,0.000000,0.000000,0.000000,0,0,0,0
"-24,-16",0,0,0,0,55,4,99999,99999,99999,99999,99999,99999,0.000000,0.000000,0.000000,0.000000,0.000000,0.000000,0.000000,0.000000,0.000000,0.000000,0.000000,0.000000,0.000000,0.000000,0,0,0,0
"-24,-15",0,0,0,0,55,4,99999,99999,99999,99999,99999,99999,0.000000,0.000000,0.000000,0.000000,0.000000,0.000000,0.000000,0.000000,0.000000,0.000000,0.000000,0.000000,0.000000,0.000000,0,0,0,0
"-24,-14",0,0,0,0,55,4,99999,99999,99999,99999,99999,99999,0.000000,0.000000,0.000000,0.000000,0.000000,0.000000,0.000000,0.000000,0.000000,0.000000,0.000000,0.000000,0.000000,0.000000,0,0,0,0
"-24,-13",0,0,0,0,56,4,99999,99999,99999,99999,99999,99999,0.000000,0.000000,0.000000,0.000000,0.000000,0.000000,0.000000,0.000000,0.000000,0.000000,0.000000,0.000000,0.000000,0.000000,0,0,0,0
"-24,-12",0,0,0,0,57,4,99999,99999,99999,99999,99999,99999,0.000000,0.000000,0.000000,0.000000,0.000000,0.000000,0.000000,0.000000,0.000000,0.000000,0.000000,0.000000,0.000000,0.000000,0,0,0,0
"-24,-11",0,0,0,0,55,4,99999,99999,99999,99999,99999,99999,0.000000,0.000000,0.000000,0.000000,0.000000,0.000000,0.000000,0.000000,0.000000,0.000000,0.000000,0.000000,0.000000,0.000000,0,0,0,0
"-24,-10",0,0,0,0,55,4,99999,99999,99999,99999,99999,99999,0.000000,0.000000,0.000000,0.000000,0.000000,0.000000,0.000000,0.000000,0.000000,0.000000,0.000000,0.000000,0.000000,0.000000,0,0,0,0
"-24,-9",0,0,0,0,55,4,99999,99999,99999,99999,99999,99999,0.000000,0.000000,0.000000,0.000000,0.000000,0.000000,0.000000,0.000000,0.000000,0.000000,0.000000,0.000000,0.000000,0.000000,0,0,0,0
"-24,-8",0,0,0,0,56,4,99999,99999,99999,99999,99999,99999,0.000000,0.000000,0.000000,0.000000,0.000000,0.000000,0.000000,0.000000,0.000000,0.000000,0.000000,0.000000,0.000000,0.000000,0,0,0,0
"-24,-7",0,0,0,0,56,4,99999,99999,99999,99999,99999,99999,0.000000,0.000000,0.000000,0.000000,0.000000,0.000000,0.000000,0.000000,0.000000,0.000000,0.000000,0.000000,0.000000,0.000000,0,0,0,0
"-24,-6",0,0,0,0,8,4,99999,99999,99999,99999,99999,99999,0.000000,0.000000,0.000000,0.000000,0.000000,0.000000,0.000000,0.000000,0.000000,0.000000,0.000000,0.000000,0.000000,0.000000,0,0,0,0
"-24,-5",0,0,0,0,8,4,99999,99999,99999,99999,99999,99999,0.000000,0.000000,0.000000,0.000000,0.000000,0.000000,0.000000,0.000000,0.000000,0.000000,0.000000,0.000000,0.000000,0.000000,0,0,0,0
"-24,-4",0,0,0,0,8,4,99999,99999,99999,99999,99999,99999,0.000000,0.000000,0.000000,0.000000,0.000000,0.000000,0.000000,0.000000,0.000000,0.000000,0.000000,0.000000,0.000000,0.000000,0,0,0,0
"-24,-3",0,0,0,0,8,4,99999,99999,99999,99999,99999,99999,0.000000,0.000000,0.000000,0.000000,0.000000,0.000000,0.000000,0.000000,0.000000,0.000000,0.000000,0.000000,0.000000,0.000000,0,0,0,0
"-24,-2",0,0,0,0,8,4,99999,99999,99999,99999,99999,99999,0.000000,0.000000,0.000000,0.000000,0.000000,0.000000,0.000000,0.000000,0.000000,0.000000,0.000000,0.000000,0.000000,0.000000,0,0,0,0
"-24,-1",0,0,0,0,8,4,99999,99999,99999,99999,99999,99999,0.000000,0.000000,0.000000,0.000000,0.000000,0.000000,0.000000,0.000000,0.000000,0.000000,0.000000,0.000000,0.000000,0.000000,0,0,0,0
"-24,0",0,0,0,0,7,4,99999,99999,99999,99999,99999,99999,0.000000,0.000000,0.000000,0.000000,0.000000,0.000000,0.000000,0.000000,0.000000,0.000000,0.000000,0.000000,0.000000,0.000000,0,0,0,0
"-24,1",0,0,0,0,7,4,99999,99999,99999,99999,99999,99999,0.000000,0.000000,0.000000,0.000000,0.000000,0.000000,0.000000,0.000000,0.000000,0.000000,0.000000,0.000000,0.000000,0.000000,0,0,0,0
"-24,2",0,0,0,0,7,4,99999,99999,99999,99999,99999,99999,0.000000,0.000000,0.000000,0.000000,0.000000,0.000000,0.000000,0.000000,0.000000,0.000000,0.000000,0.000000,0.000000,0.000000,0,0,0,0
"-24,3",0,0,0,0,8,4,99999,99999,99999,99999,99999,99999,0.000000,0.000000,0.000000,0.000000,0.000000,0.000000,0.000000,0.000000,0.000000,0.000000,0.000000,0.000000,0.000000,0.000000,0,0,0,0
"-24,4",0,0,0,0,8,4,99999,99999,99999,99999,99999,99999,0.000000,0.000000,0.000000,0.000000,0.000000,0.000000,0.000000,0.000000,0.000000,0.000000,0.000000,0.000000,0.000000,0.000000,0,0,0,0
"-24,5",0,0,0,0,4,4,99999,99999,99999,99999,99999,99999,0.000000,0.000000,0.000000,0.000000,0.000000,0.000000,0.000000,0.000000,0.000000,0.000000,0.000000,0.000000,0.000000,0.000000,0,0,0,0
"-24,6",0,0,0,0,4,4,99999,99999,99999,99999,99999,99999,0.000000,0.000000,0.000000,0.000000,0.000000,0.000000,0.000000,0.000000,0.000000,0.000000,0.000000,0.000000,0.000000,0.000000,0,0,0,0
"-24,7",0,0,0,0,4,4,99999,99999,99999,99999,99999,99999,0.000000,0.000000,0.000000,0.000000,0.000000,0.000000,0.000000,0.000000,0.000000,0.000000,0.000000,0.000000,0.000000,0.000000,0,0,0,0
"-24,8",0,0,0,0,4,4,99999,99999,99999,99999,99999,99999,0.000000,0.000000,0.000000,0.000000,0.000000,0.000000,0.000000,0.000000,0.000000,0.000000,0.000000,0.000000,0.000000,0.000000,0,0,0,0
"-24,9",0,0,0,0,4,4,99999,99999,99999,99999,99999,99999,0.000000,0.000000,0.000000,0.000000,0.000000,0.000000,0.000000,0.000000,0.000000,0.000000,0.000000,0.000000,0.000000,0.000000,0,0,0,0
"-24,10",0,0,0,0,4,4,99999,99999,99999,99999,99999,99999,0.000000,0.000000,0.000000,0.000000,0.000000,0.000000,0.000000,0.000000,0.000000,0.000000,0.000000,0.000000,0.000000,0.000000,0,0,0,0
"-24,11",0,0,0,0,4,4,99999,99999,99999,99999,99999,99999,0.000000,0.000000,0.000000,0.000000,0.000000,0.000000,0.000000,0.000000,0.000000,0.000000,0.000000,0.000000,0.000000,0.000000,0,0,0,0
"-24,12",0,0,0,0,4,4,99999,99999,99999,99999,99999,99999,0.000000,0.000000,0.000000,0.000000,0.000000,0.000000,0.000000,0.000000,0.000000,0.000000,0.000000,0.000000,0.000000,0.000000,0,0,0,0
"-24,13",0,0,0,0,4,4,99999,99999,99999,99999,99999,99999,0.000000,0.000000,0.000000,0.000000,0.000000,0.000000,0.000000,0.000000,0.000000,0.000000,0.000000,0.000000,0.000000,0.000000,0,0,0,0
"-24,14",0,0,0,0,4,4,99999,99999,99999,99999,99999,99999,0.000000,0.000000,0.000000,0.000000,0.000000,0.000000,0.000000,0.000000,0.000000,0.000000,0.000000,0.000000,0.000000,0.000000,0,0,0,0
"-24,15",0,0,0,0,4,4,99999,99999,99999,99999,99999,99999,0.000000,0.000000,0.000000,0.000000,0.000000,0.000000,0.000000,0.000000,0.000000,0.000000,0.000000,0.000000,0.000000,0.000000,0,0,0,0
"-24,16",0,0,0,0,4,4,99999,99999,99999,99999,99999,99999,0.000000,0.000000,0.000000,0.000000,0.000000,0.000000,0.000000,0.000000,0.000000,0.000000,0.000000,0.000000,0.000000,0.000000,0,0,0,0
"-24,17",0,0,0,0,4,4,99999,99999,99999,99999,99999,99999,0.000000,0.000000,0.000000,0.000000,0.000000,0.000000,0.000000,0.000000,0.000000,0.000000,0.000000,0.000000,0.000000,0.000000,0,0,0,0
"-24,18",0,0,0,0,4,4,99999,99999,99999,99999,99999,99999,0.000000,0.000000,0.000000,0.000000,0.000000,0.000000,0.000000,0.000000,0.000000,0.000000,0.000000,0.000000,0.000000,0.000000,0,0,0,0
"-24,19",0,0,0,0,4,4,99999,99999,99999,99999,99999,99999,0.000000,0.000000,0.000000,0.000000,0.000000,0.000000,0.000000,0.000000,0.000000,0.000000,0.000000,0.000000,0.000000,0.000000,0,0,0,0
"-24,20",0,0,0,0,4,4,99999,99999,99999,99999,99999,99999,0.000000,0.000000,0.000000,0.000000,0.000000,0.000000,0.000000,0.000000,0.000000,0.000000,0.000000,0.000000,0.000000,0.000000,0,0,0,0
"-24,21",0,0,0,0,4,4,99999,99999,99999,99999,99999,99999,0.000000,0.000000,0.000000,0.000000,0.000000,0.000000,0.000000,0.000000,0.000000,0.000000,0.000000,0.000000,0.000000,0.000000,0,0,0,0
"-24,22",0,0,0,0,4,4,99999,99999,99999,99999,99999,99999,0.000000,0.000000,0.000000,0.000000,0.000000,0.000000,0.000000,0.000000,0.000000,0.000000,0.000000,0.000000,0.000000,0.000000,0,0,0,0
"-24,23",0,0,0,0,4,4,99999,99999,99999,99999,99999,99999,0.000000,0.000000,0.000000,0.000000,0.000000,0.000000,0.000000,0.000000,0.000000,0.000000,0.000000,0.000000,0.000000,0.000000,0,0,0,0
"-24,24",0,0,0,0,4,4,99999,99999,99999,99999,99999,99999,0.000000,0.000000,0.000000,0.000000,0.000000,0.000000,0.000000,0.000000,0.000000,0.000000,0.000000,0.000000,0.000000,0.000000,0,0,0,0
"-24,25",0,0,0,0,4,4,99999,99999,99999,99999,99999,99999,0.000000,0.000000,0.000000,0.000000,0.000000,0.000000,0.000000,0.000000,0.000000,0.000000,0.000000,0.000000,0.000000,0.000000,0,0,0,0
"-24,26",0,0,0,0,4,4,99999,99999,99999,99999,99999,99999,0.000000,0.000000,0.000000,0.000000,0.000000,0.000000,0.000000,0.000000,0.000000,0.000000,0.000000,0.000000,0.000000,0.000000,0,0,0,0
"-23,-26",0,0,0,0,55,4,99999,99999,99999,99999,99999,99999,0.000000,0.000000,0.000000,0.000000,0.000000,0.000000,0.000000,0.000000,0.000000,0.000000,0.000000,0.000000,0.000000,0.000000,0,0,0,0
"-23,-25",0,0,0,0,55,4,99999,99999,99999,99999,99999,99999,0.000000,0.000000,0.000000,0.000000,0.000000,0.000000,0.000000,0.000000,0.000000,0.000000,0.000000,0.000000,0.000000,0.000000,0,0,0,0
"-23,-24",0,0,0,0,56,4,99999,99999,99999,99999,99999,99999,0.000000,0.000000,0.000000,0.000000,0.000000,0.000000,0.000000,0.000000,0.000000,0.000000,0.000000,0.000000,0.000000,0.000000,0,0,0,0
"-23,-23",0,0,0,0,56,4,99999,99999,99999,99999,99999,99999,0.000000,0.000000,0.000000,0.000000,0.000000,0.000000,0.000000,0.000000,0.000000,0.000000,0.000000,0.000000,0.000000,0.000000,0,0,0,0
"-23,-22",0,0,0,0,56,4,99999,99999,99999,99999,99999,99999,0.000000,0.000000,0.000000,0.000000,0.000000,0.000000,0.000000,0.000000,0.000000,0.000000,0.000000,0.000000,0.000000,0.000000,0,0,0,0
"-23,-21",0,0,0,0,55,4,99999,99999,99999,99999,99999,99999,0.000000,0.000000,0.000000,0.000000,0.000000,0.000000,0.000000,0.000000,0.000000,0.000000,0.000000,0.000000,0.000000,0.000000,0,0,0,0
"-23,-20",0,0,0,0,56,4,99999,99999,99999,99999,99999,99999,0.000000,0.000000,0.000000,0.000000,0.000000,0.000000,0.000000,0.000000,0.000000,0.000000,0.000000,0.000000,0.000000,0.000000,0,0,0,0
"-23,-19",0,0,0,0,56,4,99999,99999,99999,99999,99999,99999,0.000000,0.000000,0.000000,0.000000,0.000000,0.000000,0.000000,0.000000,0.000000,0.000000,0.000000,0.000000,0.000000,0.000000,0,0,0,0
"-23,-18",0,0,0,0,55,4,99999,99999,99999,99999,99999,99999,0.000000,0.000000,0.000000,0.000000,0.000000,0.000000,0.000000,0.000000,0.000000,0.000000,0.000000,0.000000,0.000000,0.000000,0,0,0,0
"-23,-17",0,0,0,0,56,4,99999,99999,99999,99999,99999,99999,0.000000,0.000000,0.000000,0.000000,0.000000,0.000000,0.000000,0.000000,0.000000,0.000000,0.000000,0.000000,0.000000,0.000000,0,0,0,0
"-23,-16",0,0,0,0,56,4,99999,99999,99999,99999,99999,99999,0.000000,0.000000,0.000000,0.000000,0.000000,0.000000,0.000000,0.000000,0.000000,0.000000,0.000000,0.000000,0.000000,0.000000,0,0,0,0
"-23,-15",0,0,0,0,56,4,99999,99999,99999,99999,99999,99999,0.000000,0.000000,0.000000,0.000000,0.000000,0.000000,0.000000,0.000000,0.000000,0.000000,0.000000,0.000000,0.000000,0.000000,0,0,0,0
"-23,-14",0,0,0,0,55,4,99999,99999,99999,99999,99999,99999,0.000000,0.000000,0.000000,0.000000,0.000000,0.000000,0.000000,0.000000,0.000000,0.000000,0.000000,0.000000,0.000000,0.000000,0,0,0,0
"-23,-13",0,0,0,0,56,4,99999,99999,99999,99999,99999,99999,0.000000,0.000000,0.000000,0.000000,0.000000,0.000000,0.000000,0.000000,0.000000,0.000000,0.000000,0.000000,0.000000,0.000000,0,0,0,0
"-23,-12",0,0,0,0,56,4,99999,99999,99999,99999,99999,99999,0.000000,0.000000,0.000000,0.000000,0.000000,0.000000,0.000000,0.000000,0.000000,0.000000,0.000000,0.000000,0.000000,0.000000,0,0,0,0
"-23,-11",0,0,0,0,54,4,99999,99999,99999,99999,99999,99999,0.000000,0.000000,0.000000,0.000000,0.000000,0.000000,0.000000,0.000000,0.000000,0.000000,0.000000,0.000000,0.000000,0.000000,0,0,0,0
"-23,-10",0,0,0,0,56,4,99999,99999,99999,99999,99999,99999,0.000000,0.000000,0.000000,0.000000,0.000000,0.000000,0.000000,0.000000,0.000000,0.000000,0.000000,0.000000,0.000000,0.000000,0,0,0,0
"-23,-9",0,0,0,0,54,4,99999,99999,99999,99999,99999,99999,0.000000,0.000000,0.000000,0.000000,0.000000,0.000000,0.000000,0.000000,0.000000,0.000000,0.000000,0.000000,0.000000,0.000000,0,0,0,0
"-23,-8",0,0,0,0,55,4,99999,99999,99999,99999,99999,99999,0.000000,0.000000,0.000000,0.000000,0.000000,0.000000,0.000000,0.000000,0.000000,0.000000,0.000000,0.000000,0.000000,0.000000,0,0,0,0
"-23,-7",0,0,0,0,56,4,99999,99999,99999,99999,99999,99999,0.000000,0.000000,0.000000,0.000000,0.000000,0.000000,0.000000,0.000000,0.000000,0.000000,0.000000,0.000000,0.000000,0.000000,0,0,0,0
"-23,-6",0,0,0,0,55,4,99999,99999,99999,99999,99999,99999,0.000000,0.000000,0.000000,0.000000,0.000000,0.000000,0.000000,0.000000,0.000000,0.000000,0.000000,0.000000,0.000000,0.000000,0,0,0,0
"-23,-5",0,0,0,0,55,4,99999,99999,99999,99999,99999,99999,0.000000,0.000000,0.000000,0.000000,0.000000,0.000000,0.000000,0.000000,0.000000,0.000000,0.000000,0.000000,0.000000,0.000000,0,0,0,0
"-23,-4",0,0,0,0,54,4,99999,99999,99999,99999,99999,99999,0.000000,0.000000,0.000000,0.000000,0.000000,0.000000,0.000000,0.000000,0.000000,0.000000,0.000000,0.000000,0.000000,0.000000,0,0,0,0
"-23,-3",0,0,0,0,7,4,99999,99999,99999,99999,99999,99999,0.000000,0.000000,0.000000,0.000000,0.000000,0.000000,0.000000,0.000000,0.000000,0.000000,0.000000,0.000000,0.000000,0.000000,0,0,0,0
"-23,-2",0,0,0,0,8,4,99999,99999,99999,99999,99999,99999,0.000000,0.000000,0.000000,0.000000,0.000000,0.000000,0.000000,0.000000,0.000000,0.000000,0.000000,0.000000,0.000000,0.000000,0,0,0,0
"-23,-1",0,0,0,0,7,4,99999,99999,99999,99999,99999,99999,0.000000,0.000000,0.000000,0.000000,0.000000,0.000000,0.000000,0.000000,0.000000,0.000000,0.000000,0.000000,0.000000,0.000000,0,0,0,0
"-23,0",0,0,0,0,7,4,99999,99999,99999,99999,99999,99999,0.000000,0.000000,0.000000,0.000000,0.000000,0.000000,0.000000,0.000000,0.000000,0.000000,0.000000,0.000000,0.000000,0.000000,0,0,0,0
"-23,1",0,0,0,0,8,4,99999,99999,99999,99999,99999,99999,0.000000,0.000000,0.000000,0.000000,0.000000,0.000000,0.000000,0.000000,0.000000,0.000000,0.000000,0.000000,0.000000,0.000000,0,0,0,0
"-23,2",0,0,0,0,7,4,99999,99999,99999,99999,99999,99999,0.000000,0.000000,0.000000,0.000000,0.000000,0.000000,0.000000,0.000000,0.000000,0.000000,0.000000,0.000000,0.000000,0.000000,0,0,0,0
"-23,3",0,0,0,0,8,4,99999,99999,99999,99999,99999,99999,0.000000,0.000000,0.000000,0.000000,0.000000,0.000000,0.000000,0.000000,0.000000,0.000000,0.000000,0.000000,0.000000,0.000000,0,0,0,0
"-23,4",0,0,0,0,8,4,99999,99999,99999,99999,99999,99999,0.000000,0.000000,0.000000,0.000000,0.000000,0.000000,0.000000,0.000000,0.000000,0.000000,0.000000,0.000000,0.000000,0.000000,0,0,0,0
"-23,5",0,0,0,0,7,4,99999,99999,99999,99999,99999,99999,0.000000,0.000000,0.000000,0.000000,0.000000,0.000000,0.000000,0.000000,0.000000,0.000000,0.000000,0.000000,0.000000,0.000000,0,0,0,0
"-23,6",0,0,0,0,4,4,99999,99999,99999,99999,99999,99999,0.000000,0.000000,0.000000,0.000000,0.000000,0.000000,0.000000,0.000000,0.000000,0.000000,0.000000,0.000000,0.000000,0.000000,0,0,0,0
"-23,7",0,0,0,0,4,4,99999,99999,99999,99999,99999,99999,0.000000,0.000000,0.000000,0.000000,0.000000,0.000000,0.000000,0.000000,0.000000,0.000000,0.000000,0.000000,0.000000,0.000000,0,0,0,0
"-23,8",0,0,0,0,4,4,99999,99999,99999,99999,99999,99999,0.000000,0.000000,0.000000,0.000000,0.000000,0.000000,0.000000,0.000000,0.000000,0.000000,0.000000,0.000000,0.000000,0.000000,0,0,0,0
"-23,9",0,0,0,0,4,4,99999,99999,99999,99999,99999,99999,0.000000,0.000000,0.000000,0.000000,0.000000,0.000000,0.000000,0.000000,0.000000,0.000000,0.000000,0.000000,0.000000,0.000000,0,0,0,0
"-23,10",0,0,0,0,4,4,99999,99999,99999,99999,99999,99999,0.000000,0.000000,0.000000,0.000000,0.000000,0.000000,0.000000,0.000000,0.000000,0.000000,0.000000,0.000000,0.000000,0.000000,0,0,0,0
"-23,11",0,0,0,0,4,4,99999,99999,99999,99999,99999,99999,0.000000,0.000000,0.000000,0.000000,0.000000,0.000000,0.000000,0.000000,0.000000,0.000000,0.000000,0.000000,0.000000,0.000000,0,0,0,0
"-23,12",0,0,0,0,4,4,99999,99999,99999,99999,99999,99999,0.000000,0.000000,0.000000,0.000000,0.000000,0.000000,0.000000,0.000000,0.000000,0.000000,0.000000,0.000000,0.000000,0.000000,0,0,0,0
"-23,13",0,0,0,0,4,4,99999,99999,99999,99999,99999,99999,0.000000,0.000000,0.000000,0.000000,0.000000,0.000000,0.000000,0.000000,0.000000,0.000000,0.000000,0.000000,0.000000,0.000000,0,0,0,0
"-23,14",0,0,0,0,4,4,99999,99999,99999,99999,99999,99999,0.000000,0.000000,0.000000,0.000000,0.000000,0.000000,0.000000,0.000000,0.000000,0.000000,0.000000,0.000000,0.000000,0.000000,0,0,0,0
"-23,15",0,0,0,0,4,4,99999,99999,99999,99999,99999,99999,0.000000,0.000000,0.000000,0.000000,0.000000,0.000000,0.000000,0.000000,0.000000,0.000000,0.000000,0.000000,0.000000,0.000000,0,0,0,0
"-23,16",0,0,0,0,4,4,99999,99999,99999,99999,99999,99999,0.000000,0.000000,0.000000,0.000000,0.000000,0.000000,0.000000,0.000000,0.000000,0.000000,0.000000,0.000000,0.000000,0.000000,0,0,0,0
"-23,17",0,0,0,0,4,4,99999,99999,99999,99999,99999,99999,0.000000,0.000000,0.000000,0.000000,0.000000,0.000000,0.000000,0.000000,0.000000,0.000000,0.000000,0.000000,0.000000,0.000000,0,0,0,0
"-23,18",0,0,0,0,4,4,99999,99999,99999,99999,99999,99999,0.000000,0.000000,0.000000,0.000000,0.000000,0.000000,0.000000,0.000000,0.000000,0.000000,0.000000,0.000000,0.000000,0.000000,0,0,0,0
"-23,19",0,0,0,0,4,4,99999,99999,99999,99999,99999,99999,0.000000,0.000000,0.000000,0.000000,0.000000,0.000000,0.000000,0.000000,0.000000,0.000000,0.000000,0.000000,0.000000,0.000000,0,0,0,0
"-23,20",0,0,0,0,4,4,99999,99999,99999,99999,99999,99999,0.000000,0.000000,0.000000,0.000000,0.000000,0.000000,0.000000,0.000000,0.000000,0.000000,0.000000,0.000000,0.000000,0.000000,0,0,0,0
"-23,21",0,0,0,0,4,4,99999,99999,99999,99999,99999,99999,0.000000,0.000000,0.000000,0.000000,0.000000,0.000000,0.000000,0.000000,0.000000,0.000000,0.000000,0.000000,0.000000,0.000000,0,0,0,0
"-23,22",0,0,0,0,4,4,99999,99999,99999,99999,99999,99999,0.000000,0.000000,0.000000,0.000000,0.000000,0.000000,0.000000,0.000000,0.000000,0.000000,0.000000,0.000000,0.000000,0.000000,0,0,0,0
"-23,23",0,0,0,0,4,4,99999,99999,99999,99999,99999,99999,0.000000,0.000000,0.000000,0.000000,0.000000,0.000000,0.000000,0.000000,0.000000,0.000000,0.000000,0.000000,0.000000,0.000000,0,0,0,0
"-23,24",0,0,0,0,4,4,99999,99999,99999,99999,99999,99999,0.000000,0.000000,0.000000,0.000000,0.000000,0.000000,0.000000,0.000000,0.000000,0.000000,0.000000,0.000000,0.000000,0.000000,0,0,0,0
"-23,25",0,0,0,0,4,4,99999,99999,99999,99999,99999,99999,0.000000,0.000000,0.000000,0.000000,0.000000,0.000000,0.000000,0.000000,0.000000,0.000000,0.000000,0.000000,0.000000,0.000000,0,0,0,0
"-23,26",0,0,0,0,4,4,99999,99999,99999,99999,99999,99999,0.000000,0.000000,0.000000,0.000000,0.000000,0.000000,0.000000,0.000000,0.000000,0.000000,0.000000,0.000000,0.000000,0.000000,0,0,0,0
"-22,-26",0,0,0,0,55,4,99999,99999,99999,99999,99999,99999,0.000000,0.000000,0.000000,0.000000,0.000000,0.000000,0.000000,0.000000,0.000000,0.000000,0.000000,0.000000,0.000000,0.000000,0,0,0,0
"-22,-25",0,0,0,0,55,4,99999,99999,99999,99999,99999,99999,0.000000,0.000000,0.000000,0.000000,0.000000,0.000000,0.000000,0.000000,0.000000,0.000000,0.000000,0.000000,0.000000,0.000000,0,0,0,0
"-22,-24",0,0,0,0,55,4,99999,99999,99999,99999,99999,99999,0.000000,0.000000,0.000000,0.000000,0.000000,0.000000,0.000000,0.000000,0.000000,0.000000,0.000000,0.000000,0.000000,0.000000,0,0,0,0
"-22,-23",0,0,0,0,54,4,99999,99999,99999,99999,99999,99999,0.000000,0.000000,0.000000,0.000000,0.000000,0.000000,0.000000,0.000000,0.000000,0.000000,0.000000,0.000000,0.000000,0.000000,0,0,0,0
"-22,-22",0,0,0,0,56,4,99999,99999,99999,99999,99999,99999,0.000000,0.000000,0.000000,0.000000,0.000000,0.000000,0.000000,0.000000,0.000000,0.000000,0.000000,0.000000,0.000000,0.000000,0,0,0,0
"-22,-21",0,0,0,0,55,4,99999,99999,99999,99999,99999,99999,0.000000,0.000000,0.000000,0.000000,0.000000,0.000000,0.000000,0.000000,0.000000,0.000000,0.000000,0.000000,0.000000,0.000000,0,0,0,0
"-22,-20",0,0,0,0,56,4,99999,99999,99999,99999,99999,99999,0.000000,0.000000,0.000000,0.000000,0.000000,0.000000,0.000000,0.000000,0.000000,0.000000,0.000000,0.000000,0.000000,0.000000,0,0,0,0
"-22,-19",0,0,0,0,56,4,99999,99999,99999,99999,99999,99999,0.000000,0.000000,0.000000,0.000000,0.000000,0.000000,0.000000,0.000000,0.000000,0.000000,0.000000,0.000000,0.000000,0.000000,0,0,0,0
"-22,-18",0,0,0,0,55,4,99999,99999,99999,99999,99999,99999,0.000000,0.000000,0.000000,0.000000,0.000000,0.000000,0.000000,0.000000,0.000000,0.000000,0.000000,0.000000,0.000000,0.000000,0,0,0,0
"-22,-17",0,0,0,0,55,4,99999,99999,99999,99999,99999,99999,0.000000,0.000000,0.000000,0.000000,0.000000,0.000000,0.000000,0.000000,0.000000,0.000000,0.000000,0.000000,0.000000,0.000000,0,0,0,0
"-22,-16",0,0,0,0,56,4,99999,99999,99999,99999,99999,99999,0.000000,0.000000,0.000000,0.000000,0.000000,0.000000,0.000000,0.000000,0.000000,0.000000,0.000000,0.000000,0.000000,0.000000,0,0,0,0
"-22,-15",0,0,0,0,55,4,99999,99999,99999,99999,99999,99999,0.000000,0.000000,0.000000,0.000000,0.000000,0.000000,0.000000,0.000000,0.000000,0.000000,0.000000,0.000000,0.000000,0.000000,0,0,0,0
"-22,-14",0,0,0,0,55,4,99999,99999,99999,99999,99999,99999,0.000000,0.000000,0.000000,0.000000,0.000000,0.000000,0.000000,0.000000,0.000000,0.000000,0.000000,0.000000,0.000000,0.000000,0,0,0,0
"-22,-13",0,0,0,0,55,4,99999,99999,99999,99999,99999,99999,0.000000,0.000000,0.000000,0.000000,0.000000,0.000000,0.000000,0.000000,0.000000,0.000000,0.000000,0.000000,0.000000,0.000000,0,0,0,0
"-22,-12",0,0,0,0,56,4,99999,99999,99999,99999,99999,99999,0.000000,0.000000,0.000000,0.000000,0.000000,0.000000,0.000000,0.000000,0.000000,0.000000,0.000000,0.000000,0.000000,0.000000,0,0,0,0
"-22,-11",0,0,0,0,55,4,99999,99999,99999,99999,99999,99999,0.000000,0.000000,0.000000,0.000000,0.000000,0.000000,0.000000,0.000000,0.000000,0.000000,0.000000,0.000000,0.000000,0.000000,0,0,0,0
"-22,-10",0,0,0,0,56,4,99999,99999,99999,99999,99999,99999,0.000000,0.000000,0.000000,0.000000,0.000000,0.000000,0.000000,0.000000,0.000000,0.000000,0.000000,0.000000,0.000000,0.000000,0,0,0,0
"-22,-9",0,0,0,0,55,4,99999,99999,99999,99999,99999,99999,0.000000,0.000000,0.000000,0.000000,0.000000,0.000000,0.000000,0.000000,0.000000,0.000000,0.000000,0.000000,0.000000,0.000000,0,0,0,0
"-22,-8",0,0,0,0,55,4,99999,99999,99999,99999,99999,99999,0.000000,0.000000,0.000000,0.000000,0.000000,0.000000,0.000000,0.000000,0.000000,0.000000,0.000000,0.000000,0.000000,0.000000,0,0,0,0
"-22,-7",0,0,0,0,54,4,99999,99999,99999,99999,99999,99999,0.000000,0.000000,0.000000,0.000000,0.000000,0.000000,0.000000,0.000000,0.000000,0.000000,0.000000,0.000000,0.000000,0.000000,0,0,0,0
"-22,-6",0,0,0,0,55,4,99999,99999,99999,99999,99999,99999,0.000000,0.000000,0.000000,0.000000,0.000000,0.000000,0.000000,0.000000,0.000000,0.000000,0.000000,0.000000,0.000000,0.000000,0,0,0,0
"-22,-5",0,0,0,0,55,4,99999,99999,99999,99999,99999,99999,0.000000,0.000000,0.000000,0.000000,0.000000,0.000000,0.000000,0.000000,0.000000,0.000000,0.000000,0.000000,0.000000,0.000000,0,0,0,0
"-22,-4",0,0,0,0,55,4,99999,99999,99999,99999,99999,99999,0.000000,0.000000,0.000000,0.000000,0.000000,0.000000,0.000000,0.000000,0.000000,0.000000,0.000000,0.000000,0.000000,0.000000,0,0,0,0
"-22,-3",0,0,0,0,55,4,99999,99999,99999,99999,99999,99999,0.000000,0.000000,0.000000,0.000000,0.000000,0.000000,0.000000,0.000000,0.000000,0.000000,0.000000,0.000000,0.000000,0.000000,0,0,0,0
"-22,-2",0,0,0,0,55,4,99999,99999,99999,99999,99999,99999,0.000000,0.000000,0.000000,0.000000,0.000000,0.000000,0.000000,0.000000,0.000000,0.000000,0.000000,0.000000,0.000000,0.000000,0,0,0,0
"-22,-1",0,0,0,0,8,4,99999,99999,99999,99999,99999,99999,0.000000,0.000000,0.000000,0.000000,0.000000,0.000000,0.000000,0.000000,0.000000,0.000000,0.000000,0.000000,0.000000,0.000000,0,0,0,0
"-22,0",0,0,0,0,8,4,99999,99999,99999,99999,99999,99999,0.000000,0.000000,0.000000,0.000000,0.000000,0.000000,0.000000,0.000000,0.000000,0.000000,0.000000,0.000000,0.000000,0.000000,0,0,0,0
"-22,1",0,0,0,0,8,4,99999,99999,99999,99999,99999,99999,0.000000,0.000000,0.000000,0.000000,0.000000,0.000000,0.000000,0.000000,0.000000,0.000000,0.000000,0.000000,0.000000,0.000000,0,0,0,0
"-22,2",0,0,0,0,7,4,99999,99999,99999,99999,99999,99999,0.000000,0.000000,0.000000,0.000000,0.000000,0.000000,0.000000,0.000000,0.000000,0.000000,0.000000,0.000000,0.000000,0.000000,0,0,0,0
"-22,3",0,0,0,0,8,4,99999,99999,99999,99999,99999,99999,0.000000,0.000000,0.000000,0.000000,0.000000,0.000000,0.000000,0.000000,0.000000,0.000000,0.000000,0.000000,0.000000,0.000000,0,0,0,0
"-22,4",0,0,0,0,8,4,99999,99999,99999,99999,99999,99999,0.000000,0.000000,0.000000,0.000000,0.000000,0.000000,0.000000,0.000000,0.000000,0.000000,0.000000,0.000000,0.000000,0.000000,0,0,0,0
"-22,5",0,0,0,0,8,4,99999,99999,99999,99999,99999,99999,0.000000,0.000000,0.000000,0.000000,0.000000,0.000000,0.000000,0.000000,0.000000,0.000000,0.000000,0.000000,0.000000,0.000000,0,0,0,0
"-22,6",0,0,0,0,8,4,99999,99999,99999,99999,99999,99999,0.000000,0.000000,0.000000,0.000000,0.000000,0.000000,0.000000,0.000000,0.000000,0.000000,0.000000,0.000000,0.000000,0.000000,0,0,0,0
"-22,7",0,0,0,0,7,4,99999,99999,99999,99999,99999,99999,0.000000,0.000000,0.000000,0.000000,0.000000,0.000000,0.000000,0.000000,0.000000,0.000000,0.000000,0.000000,0.000000,0.000000,0,0,0,0
"-22,8",0,0,0,0,4,4,99999,99999,99999,99999,99999,99999,0.000000,0.000000,0.000000,0.000000,0.000000,0.000000,0.000000,0.000000,0.000000,0.000000,0.000000,0.000000,0.000000,0.000000,0,0,0,0
"-22,9",0,0,0,0,4,4,99999,99999,99999,99999,99999,99999,0.000000,0.000000,0.000000,0.000000,0.000000,0.000000,0.000000,0.000000,0.000000,0.000000,0.000000,0.000000,0.000000,0.000000,0,0,0,0
"-22,10",0,0,0,0,4,4,99999,99999,99999,99999,99999,99999,0.000000,0.000000,0.000000,0.000000,0.000000,0.000000,0.000000,0.000000,0.000000,0.000000,0.000000,0.000000,0.000000,0.000000,0,0,0,0
"-22,11",0,0,0,0,4,4,99999,99999,99999,99999,99999,99999,0.000000,0.000000,0.000000,0.000000,0.000000,0.000000,0.000000,0.000000,0.000000,0.000000,0.000000,0.000000,0.000000,0.000000,0,0,0,0
"-22,12",0,0,0,0,4,4,99999,99999,99999,99999,99999,99999,0.000000,0.000000,0.000000,0.000000,0.000000,0.000000,0.000000,0.000000,0.000000,0.000000,0.000000,0.000000,0.000000,0.000000,0,0,0,0
"-22,13",0,0,0,0,4,4,99999,99999,99999,99999,99999,99999,0.000000,0.000000,0.000000,0.000000,0.000000,0.000000,0.000000,0.000000,0.000000,0.000000,0.000000,0.000000,0.000000,0.000000,0,0,0,0
"-22,14",0,0,0,0,4,4,99999,99999,99999,99999,99999,99999,0.000000,0.000000,0.000000,0.000000,0.000000,0.000000,0.000000,0.000000,0.000000,0.000000,0.000000,0.000000,0.000000,0.000000,0,0,0,0
"-22,15",0,0,0,0,4,4,99999,99999,99999,99999,99999,99999,0.000000,0.000000,0.000000,0.000000,0.000000,0.000000,0.000000,0.000000,0.000000,0.000000,0.000000,0.000000,0.000000,0.000000,0,0,0,0
"-22,16",0,0,0,0,4,4,99999,99999,99999,99999,99999,99999,0.000000,0.000000,0.000000,0.000000,0.000000,0.000000,0.000000,0.000000,0.000000,0.000000,0.000000,0.000000,0.000000,0.000000,0,0,0,0
"-22,17",0,0,0,0,4,4,99999,99999,99999,99999,99999,99999,0.000000,0.000000,0.000000,0.000000,0.000000,0.000000,0.000000,0.000000,0.000000,0.000000,0.000000,0.000000,0.000000,0.000000,0,0,0,0
"-22,18",0,0,0,0,4,4,99999,99999,99999,99999,99999,99999,0.000000,0.000000,0.000000,0.000000,0.000000,0.000000,0.000000,0.000000,0.000000,0.000000,0.000000,0.000000,0.000000,0.000000,0,0,0,0
"-22,19",0,0,0,0,4,4,99999,99999,99999,99999,99999,99999,0.000000,0.000000,0.000000,0.000000,0.000000,0.000000,0.000000,0.000000,0.000000,0.000000,0.000000,0.000000,0.000000,0.000000,0,0,0,0
"-22,20",0,0,0,0,4,4,99999,99999,99999,99999,99999,99999,0.000000,0.000000,0.000000,0.000000,0.000000,0.000000,0.000000,0.000000,0.000000,0.000000,0.000000,0.000000,0.000000,0.000000,0,0,0,0
"-22,21",0,0,0,0,4,4,99999,99999,99999,99999,99999,99999,0.000000,0.000000,0.000000,0.000000,0.000000,0.000000,0.000000,0.000000,0.000000,0.000000,0.000000,0.000000,0.000000,0.000000,0,0,0,0
"-22,22",0,0,0,0,4,4,99999,99999,99999,99999,99999,99999,0.000000,0.000000,0.000000,0.000000,0.000000,0.000000,0.000000,0.000000,0.000000,0.000000,0.000000,0.000000,0.000000,0.000000,0,0,0,0
"-22,23",0,0,0,0,4,4,99999,99999,99999,99999,99999,99999,0.000000,0.000000,0.000000,0.000000,0.000000,0.000000,0.000000,0.000000,0.000000,0.000000,0.000000,0.000000,0.000000,0.000000,0,0,0,0
"-22,24",0,0,0,0,4,4,99999,99999,99999,99999,99999,99999,0.000000,0.000000,0.000000,0.000000,0.000000,0.000000,0.000000,0.000000,0.000000,0.000000,0.000000,0.000000,0.000000,0.000000,0,0,0,0
"-22,25",0,0,0,0,4,4,99999,99999,99999,99999,99999,99999,0.000000,0.000000,0.000000,0.000000,0.000000,0.000000,0.000000,0.000000,0.000000,0.000000,0.000000,0.000000,0.000000,0.000000,0,0,0,0
"-22,26",0,0,0,0,4,4,99999,99999,99999,99999,99999,99999,0.000000,0.000000,0.000000,0.000000,0.000000,0.000000,0.000000,0.000000,0.000000,0.000000,0.000000,0.000000,0.000000,0.000000,0,0,0,0
"-21,-26",0,0,0,0,55,4,99999,99999,99999,99999,99999,99999,0.000000,0.000000,0.000000,0.000000,0.000000,0.000000,0.000000,0.000000,0.000000,0.000000,0.000000,0.000000,0.000000,0.000000,0,0,0,0
"-21,-25",0,0,0,0,56,4,99999,99999,99999,99999,99999,99999,0.000000,0.000000,0.000000,0.000000,0.000000,0.000000,0.000000,0.000000,0.000000,0.000000,0.000000,0.000000,0.000000,0.000000,0,0,0,0
"-21,-24",0,0,0,0,55,4,99999,99999,99999,99999,99999,99999,0.000000,0.000000,0.000000,0.000000,0.000000,0.000000,0.000000,0.000000,0.000000,0.000000,0.000000,0.000000,0.000000,0.000000,0,0,0,0
"-21,-23",0,0,0,0,56,4,99999,99999,99999,99999,99999,99999,0.000000,0.000000,0.000000,0.000000,0.000000,0.000000,0.000000,0.000000,0.000000,0.000000,0.000000,0.000000,0.000000,0.000000,0,0,0,0
"-21,-22",0,0,0,0,55,4,99999,99999,99999,99999,99999,99999,0.000000,0.000000,0.000000,0.000000,0.000000,0.000000,0.000000,0.000000,0.000000,0.000000,0.000000,0.000000,0.000000,0.000000,0,0,0,0
"-21,-21",0,0,0,0,54,4,99999,99999,99999,99999,99999,99999,0.000000,0.000000,0.000000,0.000000,0.000000,0.000000,0.000000,0.000000,0.000000,0.000000,0.000000,0.000000,0.000000,0.000000,0,0,0,0
"-21,-20",0,0,0,0,55,4,99999,99999,99999,99999,99999,99999,0.000000,0.000000,0.000000,0.000000,0.000000,0.000000,0.000000,0.000000,0.000000,0.000000,0.000000,0.000000,0.000000,0.000000,0,0,0,0
"-21,-19",0,0,0,0,57,4,99999,99999,99999,99999,99999,99999,0.000000,0.000000,0.000000,0.000000,0.000000,0.000000,0.000000,0.000000,0.000000,0.000000,0.000000,0.000000,0.000000,0.000000,0,0,0,0
"-21,-18",0,0,0,0,55,4,99999,99999,99999,99999,99999,99999,0.000000,0.000000,0.000000,0.000000,0.000000,0.000000,0.000000,0.000000,0.000000,0.000000,0.000000,0.000000,0.000000,0.000000,0,0,0,0
"-21,-17",0,0,0,0,55,4,99999,99999,99999,99999,99999,99999,0.000000,0.000000,0.000000,0.000000,0.000000,0.000000,0.000000,0.000000,0.000000,0.000000,0.000000,0.000000,0.000000,0.000000,0,0,0,0
"-21,-16",0,0,0,0,55,4,99999,99999,99999,99999,99999,99999,0.000000,0.000000,0.000000,0.000000,0.000000,0.000000,0.000000,0.000000,0.000000,0.000000,0.000000,0.000000,0.000000,0.000000,0,0,0,0
"-21,-15",0,0,0,0,56,4,99999,99999,99999,99999,99999,99999,0.000000,0.000000,0.000000,0.000000,0.000000,0.000000,0.000000,0.000000,0.000000,0.000000,0.000000,0.000000,0.000000,0.000000,0,0,0,0
"-21,-14",0,0,0,0,55,4,99999,99999,99999,99999,99999,99999,0.000000,0.000000,0.000000,0.000000,0.000000,0.000000,0.000000,0.000000,0.000000,0.000000,0.000000,0.000000,0.000000,0.000000,0,0,0,0
"-21,-13",0,0,0,0,54,4,99999,99999,99999,99999,99999,99999,0.000000,0.000000,0.000000,0.000000,0.000000,0.000000,0.000000,0.000000,0.000000,0.000000,0.000000,0.000000,0.000000,0.000000,0,0,0,0
"-21,-12",0,0,0,0,55,4,99999,99999,99999,99999,99999,99999,0.000000,0.000000,0.000000,0.000000,0.000000,0.000000,0.000000,0.000000,0.000000,0.000000,0.000000,0.000000,0.000000,0.000000,0,0,0,0
"-21,-11",0,0,0,0,56,4,99999,99999,99999,99999,99999,99999,0.000000,0.000000,0.000000,0.000000,0.000000,0.000000,0.000000,0.000000,0.000000,0.000000,0.000000,0.000000,0.000000,0.000000,0,0,0,0
"-21,-10",0,0,0,0,54,4,99999,99999,99999,99999,99999,99999,0.000000,0.000000,0.000000,0.000000,0.000000,0.000000,0.000000,0.000000,0.000000,0.000000,0.000000,0.000000,0.000000,0.000000,0,0,0,0
"-21,-9",0,0,0,0,55,4,99999,99999,99999,99999,99999,99999,0.000000,0.000000,0.000000,0.000000,0.000000,0.000000,0.000000,0.000000,0.000000,0.000000,0.000000,0.000000,0.000000,0.000000,0,0,0,0
"-21,-8",0,0,0,0,57,4,99999,99999,99999,99999,99999,99999,0.000000,0.000000,0.000000,0.000000,0.000000,0.000000,0.000000,0.000000,0.000000,0.000000,0.000000,0.000000,0.000000,0.000000,0,0,0,0
"-21,-7",0,0,0,0,56,4,99999,99999,99999,99999,99999,99999,0.000000,0.000000,0.000000,0.000000,0.000000,0.000000,0.000000,0.000000,0.000000,0.000000,0.000000,0.000000,0.000000,0.000000,0,0,0,0
"-21,-6",0,0,0,0,55,4,99999,99999,99999,99999,99999,99999,0.000000,0.000000,0.000000,0.000000,0.000000,0.000000,0.000000,0.000000,0.000000,0.000000,0.000000,0.000000,0.000000,0.000000,0,0,0,0
"-21,-5",0,0,0,0,57,4,99999,99999,99999,99999,99999,99999,0.000000,0.000000,0.000000,0.000000,0.000000,0.000000,0.000000,0.000000,0.000000,0.000000,0.000000,0.000000,0.000000,0.000000,0,0,0,0
"-21,-4",0,0,0,0,55,4,99999,99999,99999,99999,99999,99999,0.000000,0.000000,0.000000,0.000000,0.000000,0.000000,0.000000,0.000000,0.000000,0.000000,0.000000,0.000000,0.000000,0.000000,0,0,0,0
"-21,-3",0,0,0,0,56,4,99999,99999,99999,99999,99999,99999,0.000000,0.000000,0.000000,0.000000,0.000000,0.000000,0.000000,0.000000,0.000000,0.000000,0.000000,0.000000,0.000000,0.000000,0,0,0,0
"-21,-2",0,0,0,0,54,4,99999,99999,99999,99999,99999,99999,0.000000,0.000000,0.000000,0.000000,0.000000,0.000000,0.000000,0.000000,0.000000,0.000000,0.000000,0.000000,0.000000,0.000000,0,0,0,0
"-21,-1",0,0,0,0,55,4,99999,99999,99999,99999,99999,99999,0.000000,0.000000,0.000000,0.000000,0.000000,0.000000,0.000000,0.000000,0.000000,0.000000,0.000000,0.000000,0.000000,0.000000,0,0,0,0
"-21,0",0,0,0,0,56,4,99999,99999,99999,99999,99999,99999,0.000000,0.000000,0.000000,0.000000,0.000000,0.000000,0.000000,0.000000,0.000000,0.000000,0.000000,0.000000,0.000000,0.000000,0,0,0,0
"-21,1",0,0,0,0,8,4,99999,99999,99999,99999,99999,99999,0.000000,0.000000,0.000000,0.000000,0.000000,0.000000,0.000000,0.000000,0.000000,0.000000,0.000000,0.000000,0.000000,0.000000,0,0,0,0
"-21,2",0,0,0,0,8,4,99999,99999,99999,99999,99999,99999,0.000000,0.000000,0.000000,0.000000,0.000000,0.000000,0.000000,0.000000,0.000000,0.000000,0.000000,0.000000,0.000000,0.000000,0,0,0,0
"-21,3",0,0,0,0,8,4,99999,99999,99999,99999,99999,99999,0.000000,0.000000,0.000000,0.000000,0.000000,0.000000,0.000000,0.000000,0.000000,0.000000,0.000000,0.000000,0.000000,0.000000,0,0,0,0
"-21,4",0,0,0,0,8,4,99999,99999,99999,99999,99999,99999,0.000000,0.000000,0.000000,0.000000,0.000000,0.000000,0.000000,0.000000,0.000000,0.000000,0.000000,0.000000,0.000000,0.000000,0,0,0,0
"-21,5",0,0,0,0,8,4,99999,99999,99999,99999,99999,99999,0.000000,0.000000,0.000000,0.000000,0.000000,0.000000,0.000000,0.000000,0.000000,0.000000,0.000000,0.000000,0.000000,0.000000,0,0,0,0
"-21,6",0,0,0,0,8,4,99999,99999,99999,99999,99999,99999,0.000000,0.000000,0.000000,0.000000,0.000000,0.000000,0.000000,0.000000,0.000000,0.000000,0.000000,0.000000,0.000000,0.000000,0,0,0,0
"-21,7",0,0,0,0,7,4,99999,99999,99999,99999,99999,99999,0.000000,0.000000,0.000000,0.000000,0.000000,0.000000,0.000000,0.000000,0.000000,0.000000,0.000000,0.000000,0.000000,0.000000,0,0,0,0
"-21,8",0,0,0,0,8,4,99999,99999,99999,99999,99999,99999,0.000000,0.000000,0.000000,0.000000,0.000000,0.000000,0.000000,0.000000,0.000000,0.000000,0.000000,0.000000,0.000000,0.000000,0,0,0,0
"-21,9",0,0,0,0,4,4,99999,99999,99999,99999,99999,99999,0.000000,0.000000,0.000000,0.000000,0.000000,0.000000,0.000000,0.000000,0.000000,0.000000,0.000000,0.000000,0.000000,0.000000,0,0,0,0
"-21,10",0,0,0,0,4,4,99999,99999,99999,99999,99999,99999,0.000000,0.000000,0.000000,0.000000,0.000000,0.000000,0.000000,0.000000,0.000000,0.000000,0.000000,0.000000,0.000000,0.000000,0,0,0,0
"-21,11",0,0,0,0,4,4,99999,99999,99999,99999,99999,99999,0.000000,0.000000,0.000000,0.000000,0.000000,0.000000,0.000000,0.000000,0.000000,0.000000,0.000000,0.000000,0.000000,0.000000,0,0,0,0
"-21,12",0,0,0,0,4,4,99999,99999,99999,99999,99999,99999,0.000000,0.000000,0.000000,0.000000,0.000000,0.000000,0.000000,0.000000,0.000000,0.000000,0.000000,0.000000,0.000000,0.000000,0,0,0,0
"-21,13",0,0,0,0,4,4,99999,99999,99999,99999,99999,99999,0.000000,0.000000,0.000000,0.000000,0.000000,0.000000,0.000000,0.000000,0.000000,0.000000,0.000000,0.000000,0.000000,0.000000,0,0,0,0
"-21,14",0,0,0,0,4,4,99999,99999,99999,99999,99999,99999,0.000000,0.000000,0.000000,0.000000,0.000000,0.000000,0.000000,0.000000,0.000000,0.000000,0.000000,0.000000,0.000000,0.000000,0,0,0,0
"-21,15",0,0,0,0,4,4,99999,99999,99999,99999,99999,99999,0.000000,0.000000,0.000000,0.000000,0.000000,0.000000,0.000000,0.000000,0.000000,0.000000,0.000000,0.000000,0.000000,0.000000,0,0,0,0
"-21,16",0,0,0,0,4,4,99999,99999,99999,99999,99999,99999,0.000000,0.000000,0.000000,0.000000,0.000000,0.000000,0.000000,0.000000,0.000000,0.000000,0.000000,0.000000,0.000000,0.000000,0,0,0,0
"-21,17",0,0,0,0,4,4,99999,99999,99999,99999,99999,99999,0.000000,0.000000,0.000000,0.000000,0.000000,0.000000,0.000000,0.000000,0.000000,0.000000,0.000000,0.000000,0.000000,0.000000,0,0,0,0
"-21,18",0,0,0,0,4,4,99999,99999,99999,99999,99999,99999,0.000000,0.000000,0.000000,0.000000,0.000000,0.000000,0.000000,0.000000,0.000000,0.000000,0.000000,0.000000,0.000000,0.000000,0,0,0,0
"-21,19",0,0,0,0,4,4,99999,99999,99999,99999,99999,99999,0.000000,0.000000,0.000000,0.000000,0.000000,0.000000,0.000000,0.000000,0.000000,0.000000,0.000000,0.000000,0.000000,0.000000,0,0,0,0
"-21,20",0,0,0,0,4,4,99999,99999,99999,99999,99999,99999,0.000000,0.000000,0.000000,0.000000,0.000000,0.000000,0.000000,0.000000,0.000000,0.000000,0.000000,0.000000,0.000000,0.000000,0,0,0,0
"-21,21",0,0,0,0,4,4,99999,99999,99999,99999,99999,99999,0.000000,0.000000,0.000000,0.000000,0.000000,0.000000,0.000000,0.000000,0.000000,0.000000,0.000000,0.000000,0.000000,0.000000,0,0,0,0
"-21,22",0,0,0,0,4,4,99999,99999,99999,99999,99999,99999,0.000000,0.000000,0.000000,0.000000,0.000000,0.000000,0.000000,0.000000,0.000000,0.000000,0.000000,0.000000,0.000000,0.000000,0,0,0,0
"-21,23",0,0,0,0,4,4,99999,99999,99999,99999,99999,99999,0.000000,0.000000,0.000000,0.000000,0.000000,0.000000,0.000000,0.000000,0.000000,0.000000,0.000000,0.000000,0.000000,0.000000,0,0,0,0
"-21,24",0,0,0,0,4,4,99999,99999,99999,99999,99999,99999,0.000000,0.000000,0.000000,0.000000,0.000000,0.000000,0.000000,0.000000,0.000000,0.000000,0.000000,0.000000,0.000000,0.000000,0,0,0,0
"-21,25",0,0,0,0,4,4,99999,99999,99999,99999,99999,99999,0.000000,0.000000,0.000000,0.000000,0.000000,0.000000,0.000000,0.000000,0.000000,0.000000,0.000000,0.000000,0.000000,0.000000,0,0,0,0
"-21,26",0,0,0,0,4,4,99999,99999,99999,99999,99999,99999,0.000000,0.000000,0.000000,0.000000,0.000000,0.000000,0.000000,0.000000,0.000000,0.000000,0.000000,0.000000,0.000000,0.000000,0,0,0,0
"-20,-26",0,0,0,0,55,4,99999,99999,99999,99999,99999,99999,0.000000,0.000000,0.000000,0.000000,0.000000,0.000000,0.000000,0.000000,0.000000,0.000000,0.000000,0.000000,0.000000,0.000000,0,0,0,0
"-20,-25",0,0,0,0,55,4,99999,99999,99999,99999,99999,99999,0.000000,0.000000,0.000000,0.000000,0.000000,0.000000,0.000000,0.000000,0.000000,0.000000,0.000000,0.000000,0.000000,0.000000,0,0,0,0
"-20,-24",0,0,0,0,56,4,99999,99999,99999,99999,99999,99999,0.000000,0.000000,0.000000,0.000000,0.000000,0.000000,0.000000,0.000000,0.000000,0.000000,0.000000,0.000000,0.000000,0.000000,0,0,0,0
"-20,-23",0,0,0,0,54,4,99999,99999,99999,99999,99999,99999,0.000000,0.000000,0.000000,0.000000,0.000000,0.000000,0.000000,0.000000,0.000000,0.000000,0.000000,0.000000,0.000000,0.000000,0,0,0,0
"-20,-22",0,0,0,0,56,4,99999,99999,99999,99999,99999,99999,0.000000,0.000000,0.000000,0.000000,0.000000,0.000000,0.000000,0.000000,0.000000,0.000000,0.000000,0.000000,0.000000,0.000000,0,0,0,0
"-20,-21",0,0,0,0,56,4,99999,99999,99999,99999,99999,99999,0.000000,0.000000,0.000000,0.000000,0.000000,0.000000,0.000000,0.000000,0.000000,0.000000,0.000000,0.000000,0.000000,0.000000,0,0,0,0
"-20,-20",0,0,0,0,54,4,99999,99999,99999,99999,99999,99999,0.000000,0.000000,0.000000,0.000000,0.000000,0.000000,0.000000,0.000000,0.000000,0.000000,0.000000,0.000000,0.000000,0.000000,0,0,0,0
"-20,-19",0,0,0,0,56,4,99999,99999,99999,99999,99999,99999,0.000000,0.000000,0.000000,0.000000,0.000000,0.000000,0.000000,0.000000,0.000000,0.000000,0.000000,0.000000,0.000000,0.000000,0,0,0,0
"-20,-18",0,0,0,0,55,4,99999,99999,99999,99999,99999,99999,0.000000,0.000000,0.000000,0.000000,0.000000,0.000000,0.000000,0.000000,0.000000,0.000000,0.000000,0.000000,0.000000,0.000000,0,0,0,0
"-20,-17",0,0,0,0,56,4,99999,99999,99999,99999,99999,99999,0.000000,0.000000,0.000000,0.000000,0.000000,0.000000,0.000000,0.000000,0.000000,0.000000,0.000000,0.000000,0.000000,0.000000,0,0,0,0
"-20,-16",0,0,0,0,56,4,99999,99999,99999,99999,99999,99999,0.000000,0.000000,0.000000,0.000000,0.000000,0.000000,0.000000,0.000000,0.000000,0.000000,0.000000,0.000000,0.000000,0.000000,0,0,0,0
"-20,-15",0,0,0,0,55,4,99999,99999,99999,99999,99999,99999,0.000000,0.000000,0.000000,0.000000,0.000000,0.000000,0.000000,0.000000,0.000000,0.000000,0.000000,0.000000,0.000000,0.000000,0,0,0,0
"-20,-14",0,0,0,0,56,4,99999,99999,99999,99999,99999,99999,0.000000,0.000000,0.000000,0.000000,0.000000,0.000000,0.000000,0.000000,0.000000,0.000000,0.000000,0.000000,0.000000,0.000000,0,0,0,0
"-20,-13",0,0,0,0,55,4,99999,99999,99999,99999,99999,99999,0.000000,0.000000,0.000000,0.000000,0.000000,0.000000,0.000000,0.000000,0.000000,0.000000,0.000000,0.000000,0.000000,0.000000,0,0,0,0
"-20,-12",0,0,0,0,55,4,99999,99999,99999,99999,99999,99999,0.000000,0.000000,0.000000,0.000000,0.000000,0.000000,0.000000,0.000000,0.000000,0.000000,0.000000,0.000000,0.000000,0.000000,0,0,0,0
"-20,-11",0,0,0,0,54,4,99999,99999,99999,99999,99999,99999,0.000000,0.000000,0.000000,0.000000,0.000000,0.000000,0.000000,0.000000,0.000000,0.000000,0.000000,0.000000,0.000000,0.000000,0,0,0,0
"-20,-10",0,0,0,0,55,4,99999,99999,99999,99999,99999,99999,0.000000,0.000000,0.000000,0.000000,0.000000,0.000000,0.000000,0.000000,0.000000,0.000000,0.000000,0.000000,0.000000,0.000000,0,0,0,0
"-20,-9",0,0,0,0,55,4,99999,99999,99999,99999,99999,99999,0.000000,0.000000,0.000000,0.000000,0.000000,0.000000,0.000000,0.000000,0.000000,0.000000,0.000000,0.000000,0.000000,0.000000,0,0,0,0
"-20,-8",0,0,0,0,56,4,99999,99999,99999,99999,99999,99999,0.000000,0.000000,0.000000,0.000000,0.000000,0.000000,0.000000,0.000000,0.000000,0.000000,0.000000,0.000000,0.000000,0.000000,0,0,0,0
"-20,-7",0,0,0,0,55,4,99999,99999,99999,99999,99999,99999,0.000000,0.000000,0.000000,0.000000,0.000000,0.000000,0.000000,0.000000,0.000000,0.000000,0.000000,0.000000,0.000000,0.000000,0,0,0,0
"-20,-6",0,0,0,0,55,4,99999,99999,99999,99999,99999,99999,0.000000,0.000000,0.000000,0.000000,0.000000,0.000000,0.000000,0.000000,0.000000,0.000000,0.000000,0.000000,0.000000,0.000000,0,0,0,0
"-20,-5",0,0,0,0,56,4,99999,99999,99999,99999,99999,99999,0.000000,0.000000,0.000000,0.000000,0.000000,0.000000,0.000000,0.000000,0.000000,0.000000,0.000000,0.000000,0.000000,0.000000,0,0,0,0
"-20,-4",0,0,0,0,54,4,99999,99999,99999,99999,99999,99999,0.000000,0.000000,0.000000,0.000000,0.000000,0.000000,0.000000,0.000000,0.000000,0.000000,0.000000,0.000000,0.000000,0.000000,0,0,0,0
"-20,-3",0,0,0,0,55,4,99999,99999,99999,99999,99999,99999,0.000000,0.000000,0.000000,0.000000,0.000000,0.000000,0.000000,0.000000,0.000000,0.000000,0.000000,0.000000,0.000000,0.000000,0,0,0,0
"-20,-2",0,0,0,0,55,4,99999,99999,99999,99999,99999,99999,0.000000,0.000000,0.000000,0.000000,0.000000,0.000000,0.000000,0.000000,0.000000,0.000000,0.000000,0.000000,0.000000,0.000000,0,0,0,0
"-20,-1",0,0,0,0,55,4,99999,99999,99999,99999,99999,99999,0.000000,0.000000,0.000000,0.000000,0.000000,0.000000,0.000000,0.000000,0.000000,0.000000,0.000000,0.000000,0.000000,0.000000,0,0,0,0
"-20,0",0,0,0,0,55,4,99999,99999,99999,99999,99999,99999,0.000000,0.000000,0.000000,0.000000,0.000000,0.000000,0.000000,0.000000,0.000000,0.000000,0.000000,0.000000,0.000000,0.000000,0,0,0,0
"-20,1",0,0,0,0,56,4,99999,99999,99999,99999,99999,99999,0.000000,0.000000,0.000000,0.000000,0.000000,0.000000,0.000000,0.000000,0.000000,0.000000,0.000000,0.000000,0.000000,0.000000,0,0,0,0
"-20,2",0,0,0,0,56,4,99999,99999,99999,99999,99999,99999,0.000000,0.000000,0.000000,0.000000,0.000000,0.000000,0.000000,0.000000,0.000000,0.000000,0.000000,0.000000,0.000000,0.000000,0,0,0,0
"-20,3",0,0,0,0,8,4,99999,99999,99999,99999,99999,99999,0.000000,0.000000,0.000000,0.000000,0.000000,0.000000,0.000000,0.000000,0.000000,0.000000,0.000000,0.000000,0.000000,0.000000,0,0,0,0
"-20,4",0,0,0,0,7,4,99999,99999,99999,99999,99999,99999,0.000000,0.000000,0.000000,0.000000,0.000000,0.000000,0.000000,0.000000,0.000000,0.000000,0.000000,0.000000,0.000000,0.000000,0,0,0,0
"-20,5",0,0,0,0,8,4,99999,99999,99999,99999,99999,99999,0.000000,0.000000,0.000000,0.000000,0.000000,0.000000,0.000000,0.000000,0.000000,0.000000,0.000000,0.000000,0.000000,0.000000,0,0,0,0
"-20,6",0,0,0,0,8,4,99999,99999,99999,99999,99999,99999,0.000000,0.000000,0.000000,0.000000,0.000000,0.000000,0.000000,0.000000,0.000000,0.000000,0.000000,0.000000,0.000000,0.000000,0,0,0,0
"-20,7",0,0,0,0,8,4,99999,99999,99999,99999,99999,99999,0.000000,0.000000,0.000000,0.000000,0.000000,0.000000,0.000000,0.000000,0.000000,0.000000,0.000000,0.000000,0.000000,0.000000,0,0,0,0
"-20,8",0,0,0,0,8,4,99999,99999,99999,99999,99999,99999,0.000000,0.000000,0.000000,0.000000,0.000000,0.000000,0.000000,0.000000,0.000000,0.000000,0.000000,0.000000,0.000000,0.000000,0,0,0,0
"-20,9",0,0,0,0,8,4,99999,99999,99999,99999,99999,99999,0.000000,0.000000,0.000000,0.000000,0.000000,0.000000,0.000000,0.000000,0.000000,0.000000,0.000000,0.000000,0.000000,0.000000,0,0,0,0
"-20,10",0,0,0,0,4,4,99999,99999,99999,99999,99999,99999,0.000000,0.000000,0.000000,0.000000,0.000000,0.000000,0.000000,0.000000,0.000000,0.000000,0.000000,0.000000,0.000000,0.000000,0,0,0,0
"-20,11",0,0,0,0,4,4,99999,99999,99999,99999,99999,99999,0.000000,0.000000,0.000000,0.000000,0.000000,0.000000,0.000000,0.000000,0.000000,0.000000,0.000000,0.000000,0.000000,0.000000,0,0,0,0
"-20,12",0,0,0,0,4,4,99999,99999,99999,99999,99999,99999,0.000000,0.000000,0.000000,0.000000,0.000000,0.000000,0.000000,0.000000,0.000000,0.000000,0.000000,0.000000,0.000000,0.000000,0,0,0,0
"-20,13",0,0,0,0,4,4,99999,99999,99999,99999,99999,99999,0.000000,0.000000,0.000000,0.000000,0.000000,0.000000,0.000000,0.000000,0.000000,0.000000,0.000000,0.000000,0.000000,0.000000,0,0,0,0
"-20,14",0,0,0,0,4,4,99999,99999,99999,99999,99999,99999,0.000000,0.000000,0.000000,0.000000,0.000000,0.000000,0.000000,0.000000,0.000000,0.000000,0.000000,0.000000,0.000000,0.000000,0,0,0,0
"-20,15",0,0,0,0,4,4,99999,99999,99999,99999,99999,99999,0.000000,0.000000,0.000000,0.000000,0.000000,0.000000,0.000000,0.000000,0.000000,0.000000,0.000000,0.000000,0.000000,0.000000,0,0,0,0
"-20,16",0,0,0,0,4,4,99999,99999,99999,99999,99999,99999,0.000000,0.000000,0.000000,0.000000,0.000000,0.000000,0.000000,0.000000,0.000000,0.000000,0.000000,0.000000,0.000000,0.000000,0,0,0,0
"-20,17",0,0,0,0,4,4,99999,99999,99999,99999,99999,99999,0.000000,0.000000,0.000000,0.000000,0.000000,0.000000,0.000000,0.000000,0.000000,0.000000,0.000000,0.000000,0.000000,0.000000,0,0,0,0
"-20,18",0,0,0,0,4,4,99999,99999,99999,99999,99999,99999,0.000000,0.000000,0.000000,0.000000,0.000000,0.000000,0.000000,0.000000,0.000000,0.000000,0.000000,0.000000,0.000000,0.000000,0,0,0,0
"-20,19",0,0,0,0,4,4,99999,99999,99999,99999,99999,99999,0.000000,0.000000,0.000000,0.000000,0.000000,0.000000,0.000000,0.000000,0.000000,0.000000,0.000000,0.000000,0.000000,0.000000,0,0,0,0
"-20,20",0,0,0,0,4,4,99999,99999,99999,99999,99999,99999,0.000000,0.000000,0.000000,0.000000,0.000000,0.000000,0.000000,0.000000,0.000000,0.000000,0.000000,0.000000,0.000000,0.000000,0,0,0,0
"-20,21",0,0,0,0,4,4,99999,99999,99999,99999,99999,99999,0.000000,0.000000,0.000000,0.000000,0.000000,0.000000,0.000000,0.000000,0.000000,0.000000,0.000000,0.000000,0.000000,0.000000,0,0,0,0
"-20,22",0,0,0,0,4,4,99999,99999,99999,99999,99999,99999,0.000000,0.000000,0.000000,0.000000,0.000000,0.000000,0.000000,0.000000,0.000000,0.000000,0.000000,0.000000,0.000000,0.000000,0,0,0,0
"-20,23",0,0,0,0,4,4,99999,99999,99999,99999,99999,99999,0.000000,0.000000,0.000000,0.000000,0.000000,0.000000,0.000000,0.000000,0.000000,0.000000,0.000000,0.000000,0.000000,0.000000,0,0,0,0
"-20,24",0,0,0,0,4,4,99999,99999,99999,99999,99999,99999,0.000000,0.000000,0.000000,0.000000,0.000000,0.000000,0.000000,0.000000,0.000000,0.000000,0.000000,0.000000,0.000000,0.000000,0,0,0,0
"-20,25",0,0,0,0,4,4,99999,99999,99999,99999,99999,99999,0.000000,0.000000,0.000000,0.000000,0.000000,0.000000,0.000000,0.000000,0.000000,0.000000,0.000000,0.000000,0.000000,0.000000,0,0,0,0
"-20,26",0,0,0,0,4,4,99999,99999,99999,99999,99999,99999,0.000000,0.000000,0.000000,0.000000,0.000000,0.000000,0.000000,0.000000,0.000000,0.000000,0.000000,0.000000,0.000000,0.000000,0,0,0,0
"-19,-26",0,0,0,0,55,4,99999,99999,99999,99999,99999,99999,0.000000,0.000000,0.000000,0.000000,0.000000,0.000000,0.000000,0.000000,0.000000,0.000000,0.000000,0.000000,0.000000,0.000000,0,0,0,0
"-19,-25",0,0,0,0,56,4,99999,99999,99999,99999,99999,99999,0.000000,0.000000,0.000000,0.000000,0.000000,0.000000,0.000000,0.000000,0.000000,0.000000,0.000000,0.000000,0.000000,0.000000,0,0,0,0
"-19,-24",0,0,0,0,56,4,99999,99999,99999,99999,99999,99999,0.000000,0.000000,0.000000,0.000000,0.000000,0.000000,0.000000,0.000000,0.000000,0.000000,0.000000,0.000000,0.000000,0.000000,0,0,0,0
"-19,-23",0,0,0,0,55,4,99999,99999,99999,99999,99999,99999,0.000000,0.000000,0.000000,0.000000,0.000000,0.000000,0.000000,0.000000,0.000000,0.000000,0.000000,0.000000,0.000000,0.000000,0,0,0,0
"-19,-22",0,0,0,0,56,4,99999,99999,99999,99999,99999,99999,0.000000,0.000000,0.000000,0.000000,0.000000,0.000000,0.000000,0.000000,0.000000,0.000000,0.000000,0.000000,0.000000,0.000000,0,0,0,0
"-19,-21",0,0,0,0,56,4,99999,99999,99999,99999,99999,99999,0.000000,0.000000,0.000000,0.000000,0.000000,0.000000,0.000000,0.000000,0.000000,0.000000,0.000000,0.000000,0.000000,0.000000,0,0,0,0
"-19,-20",0,0,0,0,369,4,99999,99999,99999,99999,99999,99999,0.000000,0.000000,0.000000,0.000000,0.000000,0.000000,0.000000,0.000000,0.000000,0.000000,0.000000,0.000000,0.000000,0.000000,0,0,0,0
"-19,-19",0,0,0,0,678,4,99999,99999,99999,99999,99999,99999,0.000000,0.000000,0.000000,0.000000,0.000000,0.000000,0.000000,0.000000,0.000000,0.000000,0.000000,0.000000,0.000000,0.000000,0,0,0,0
"-19,-18",0,0,0,0,686,4,99999,99999,99999,99999,99999,99999,0.000000,0.000000,0.000000,0.000000,0.000000,0.000000,0.000000,0.000000,0.000000,0.000000,0.000000,0.000000,0.000000,0.000000,0,0,0,0
"-19,-17",0,0,0,0,684,4,99999,99999,99999,99999,99999,99999,0.000000,0.000000,0.000000,0.000000,0.000000,0.000000,0.000000,0.000000,0.000000,0.000000,0.000000,0.000000,0.000000,0.000000,0,0,0,0
"-19,-16",0,0,0,0,685,4,99999,99999,99999,99999,99999,99999,0.000000,0.000000,0.000000,0.000000,0.000000,0.000000,0.000000,0.000000,0.000000,0.000000,0.000000,0.000000,0.000000,0.000000,0,0,0,0
"-19,-15",0,0,0,0,683,4,99999,99999,99999,99999,99999,99999,0.000000,0.000000,0.000000,0.000000,0.000000,0.000000,0.000000,0.000000,0.000000,0.000000,0.000000,0.000000,0.000000,0.000000,0,0,0,0
"-19,-14",0,0,0,0,470,4,99999,99999,99999,99999,99999,99999,0.000000,0.000000,0.000000,0.000000,0.000000,0.000000,0.000000,0.000000,0.000000,0.000000,0.000000,0.000000,0.000000,0.000000,0,0,0,0
"-19,-13",0,0,0,0,55,4,99999,99999,99999,99999,99999,99999,0.000000,0.000000,0.000000,0.000000,0.000000,0.000000,0.000000,0.000000,0.000000,0.000000,0.000000,0.000000,0.000000,0.000000,0,0,0,0
"-19,-12",0,0,0,0,54,4,99999,99999,99999,99999,99999,99999,0.000000,0.000000,0.000000,0.000000,0.000000,0.000000,0.000000,0.000000,0.000000,0.000000,0.000000,0.000000,0.000000,0.000000,0,0,0,0
"-19,-11",0,0,0,0,55,4,99999,99999,99999,99999,99999,99999,0.000000,0.000000,0.000000,0.000000,0.000000,0.000000,0.000000,0.000000,0.000000,0.000000,0.000000,0.000000,0.000000,0.000000,0,0,0,0
"-19,-10",0,0,0,0,55,4,99999,99999,99999,99999,99999,99999,0.000000,0.000000,0.000000,0.000000,0.000000,0.000000,0.000000,0.000000,0.000000,0.000000,0.000000,0.000000,0.000000,0.000000,0,0,0,0
"-19,-9",0,0,0,0,56,4,99999,99999,99999,99999,99999,99999,0.000000,0.000000,0.000000,0.000000,0.000000,0.000000,0.000000,0.000000,0.000000,0.000000,0.000000,0.000000,0.000000,0.000000,0,0,0,0
"-19,-8",0,0,0,0,57,4,99999,99999,99999,99999,99999,99999,0.000000,0.000000,0.000000,0.000000,0.000000,0.000000,0.000000,0.000000,0.000000,0.000000,0.000000,0.000000,0.000000,0.000000,0,0,0,0
"-19,-7",0,0,0,0,56,4,99999,99999,99999,99999,99999,99999,0.000000,0.000000,0.000000,0.000000,0.000000,0.000000,0.000000,0.000000,0.000000,0.000000,0.000000,0.000000,0.000000,0.000000,0,0,0,0
"-19,-6",0,0,0,0,55,4,99999,99999,99999,99999,99999,99999,0.000000,0.000000,0.000000,0.000000,0.000000,0.000000,0.000000,0.000000,0.000000,0.000000,0.000000,0.000000,0.000000,0.000000,0,0,0,0
"-19,-5",0,0,0,0,55,4,99999,99999,99999,99999,99999,99999,0.000000,0.000000,0.000000,0.000000,0.000000,0.000000,0.000000,0.000000,0.000000,0.000000,0.000000,0.000000,0.000000,0.000000,0,0,0,0
"-19,-4",0,0,0,0,55,4,99999,99999,99999,99999,99999,99999,0.000000,0.000000,0.000000,0.000000,0.000000,0.000000,0.000000,0.000000,0.000000,0.000000,0.000000,0.000000,0.000000,0.000000,0,0,0,0
"-19,-3",0,0,0,0,56,4,99999,99999,99999,99999,99999,99999,0.000000,0.000000,0.000000,0.000000,0.000000,0.000000,0.000000,0.000000,0.000000,0.000000,0.000000,0.000000,0.000000,0.000000,0,0,0,0
"-19,-2",0,0,0,0,55,4,99999,99999,99999,99999,99999,99999,0.000000,0.000000,0.000000,0.000000,0.000000,0.000000,0.000000,0.000000,0.000000,0.000000,0.000000,0.000000,0.000000,0.000000,0,0,0,0
"-19,-1",0,0,0,0,56,4,99999,99999,99999,99999,99999,99999,0.000000,0.000000,0.000000,0.000000,0.000000,0.000000,0.000000,0.000000,0.000000,0.000000,0.000000,0.000000,0.000000,0.000000,0,0,0,0
"-19,0",0,0,0,0,55,4,99999,99999,99999,99999,99999,99999,0.000000,0.000000,0.000000,0.000000,0.000000,0.000000,0.000000,0.000000,0.000000,0.000000,0.000000,0.000000,0.000000,0.000000,0,0,0,0
"-19,1",0,0,0,0,56,4,99999,99999,99999,99999,99999,99999,0.000000,0.000000,0.000000,0.000000,0.000000,0.000000,0.000000,0.000000,0.000000,0.000000,0.000000,0.000000,0.000000,0.000000,0,0,0,0
"-19,2",0,0,0,0,55,4,99999,99999,99999,99999,99999,99999,0.000000,0.000000,0.000000,0.000000,0.000000,0.000000,0.000000,0.000000,0.000000,0.000000,0.000000,0.000000,0.000000,0.000000,0,0,0,0
"-19,3",0,0,0,0,55,4,99999,99999,99999,99999,99999,99999,0.000000,0.000000,0.000000,0.000000,0.000000,0.000000,0.000000,0.000000,0.000000,0.000000,0.000000,0.000000,0.000000,0.000000,0,0,0,0
"-19,4",0,0,0,0,8,4,99999,99999,99999,99999,99999,99999,0.000000,0.000000,0.000000,0.000000,0.000000,0.000000,0.000000,0.000000,0.000000,0.000000,0.000000,0.000000,0.000000,0.000000,0,0,0,0
"-19,5",0,0,0,0,8,4,99999,99999,99999,99999,99999,99999,0.000000,0.000000,0.000000,0.000000,0.000000,0.000000,0.000000,0.000000,0.000000,0.000000,0.000000,0.000000,0.000000,0.000000,0,0,0,0
"-19,6",0,0,0,0,7,4,99999,99999,99999,99999,99999,99999,0.000000,0.000000,0.000000,0.000000,0.000000,0.000000,0.000000,0.000000,0.000000,0.000000,0.000000,0.000000,0.000000,0.000000,0,0,0,0
"-19,7",0,0,0,0,8,4,99999,99999,99999,99999,99999,99999,0.000000,0.000000,0.000000,0.000000,0.000000,0.000000,0.000000,0.000000,0.000000,0.000000,0.000000,0.000000,0.000000,0.000000,0,0,0,0
"-19,8",0,0,0,0,8,4,99999,99999,99999,99999,99999,99999,0.000000,0.000000,0.000000,0.000000,0.000000,0.000000,0.000000,0.000000,0.000000,0.000000,0.000000,0.000000,0.000000,0.000000,0,0,0,0
"-19,9",0,0,0,0,8,4,99999,99999,99999,99999,99999,99999,0.000000,0.000000,0.000000,0.000000,0.000000,0.000000,0.000000,0.000000,0.000000,0.000000,0.000000,0.000000,0.000000,0.000000,0,0,0,0
"-19,10",0,0,0,0,7,4,99999,99999,99999,99999,99999,99999,0.000000,0.000000,0.000000,0.000000,0.000000,0.000000,0.000000,0.000000,0.000000,0.000000,0.000000,0.000000,0.000000,0.000000,0,0,0,0
"-19,11",0,0,0,0,4,4,99999,99999,99999,99999,99999,99999,0.000000,0.000000,0.000000,0.000000,0.000000,0.000000,0.000000,0.000000,0.000000,0.000000,0.000000,0.000000,0.000000,0.000000,0,0,0,0
"-19,12",0,0,0,0,4,4,99999,99999,99999,99999,99999,99999,0.000000,0.000000,0.000000,0.000000,0.000000,0.000000,0.000000,0.000000,0.000000,0.000000,0.000000,0.000000,0.000000,0.000000,0,0,0,0
"-19,13",0,0,0,0,4,4,99999,99999,99999,99999,99999,99999,0.000000,0.000000,0.000000,0.000000,0.000000,0.000000,0.000000,0.000000,0.000000,0.000000,0.000000,0.000000,0.000000,0.000000,0,0,0,0
"-19,14",0,0,0,0,4,4,99999,99999,99999,99999,99999,99999,0.000000,0.000000,0.000000,0.000000,0.000000,0.000000,0.000000,0.000000,0.000000,0.000000,0.000000,0.000000,0.000000,0.000000,0,0,0,0
"-19,15",0,0,0,0,4,4,99999,99999,99999,99999,99999,99999,0.000000,0.000000,0.000000,0.000000,0.000000,0.000000,0.000000,0.000000,0.000000,0.000000,0.000000,0.000000,0.000000,0.000000,0,0,0,0
"-19,16",0,0,0,0,4,4,99999,99999,99999,99999,99999,99999,0.000000,0.000000,0.000000,0.000000,0.000000,0.000000,0.000000,0.000000,0.000000,0.000000,0.000000,0.000000,0.000000,0.000000,0,0,0,0
"-19,17",0,0,0,0,4,4,99999,99999,99999,99999,99999,99999,0.000000,0.000000,0.000000,0.000000,0.000000,0.000000,0.000000,0.000000,0.000000,0.000000,0.000000,0.000000,0.000000,0.000000,0,0,0,0
"-19,18",0,0,0,0,4,4,99999,99999,99999,99999,99999,99999,0.000000,0.000000,0.000000,0.000000,0.000000,0.000000,0.000000,0.000000,0.000000,0.000000,0.000000,0.000000,0.000000,0.000000,0,0,0,0
"-19,19",0,0,0,0,4,4,99999,99999,99999,99999,99999,99999,0.000000,0.000000,0.000000,0.000000,0.000000,0.000000,0.000000,0.000000,0.000000,0.000000,0.000000,0.000000,0.000000,0.000000,0,0,0,0
"-19,20",0,0,0,0,4,4,99999,99999,99999,99999,99999,99999,0.000000,0.000000,0.000000,0.000000,0.000000,0.000000,0.000000,0.000000,0.000000,0.000000,0.000000,0.000000,0.000000,0.000000,0,0,0,0
"-19,21",0,0,0,0,4,4,99999,99999,99999,99999,99999,99999,0.000000,0.000000,0.000000,0.000000,0.000000,0.000000,0.000000,0.000000,0.000000,0.000000,0.000000,0.000000,0.000000,0.000000,0,0,0,0
"-19,22",0,0,0,0,4,4,99999,99999,99999,99999,99999,99999,0.000000,0.000000,0.000000,0.000000,0.000000,0.000000,0.000000,0.000000,0.000000,0.000000,0.000000,0.000000,0.000000,0.000000,0,0,0,0
"-19,23",0,0,0,0,4,4,99999,99999,99999,99999,99999,99999,0.000000,0.000000,0.000000,0.000000,0.000000,0.000000,0.000000,0.000000,0.000000,0.000000,0.000000,0.000000,0.000000,0.000000,0,0,0,0
"-19,24",0,0,0,0,4,4,99999,99999,99999,99999,99999,99999,0.000000,0.000000,0.000000,0.000000,0.000000,0.000000,0.000000,0.000000,0.000000,0.000000,0.000000,0.000000,0.000000,0.000000,0,0,0,0
"-19,25",0,0,0,0,4,4,99999,99999,99999,99999,99999,99999,0.000000,0.000000,0.000000,0.000000,0.000000,0.000000,0.000000,0.000000,0.000000,0.000000,0.000000,0.000000,0.000000,0.000000,0,0,0,0
"-19,26",0,0,0,0,4,4,99999,99999,99999,99999,99999,99999,0.000000,0.000000,0.000000,0.000000,0.000000,0.000000,0.000000,0.000000,0.000000,0.000000,0.000000,0.000000,0.000000,0.000000,0,0,0,0
"-18,-26",0,0,0,0,56,4,99999,99999,99999,99999,99999,99999,0.000000,0.000000,0.000000,0.000000,0.000000,0.000000,0.000000,0.000000,0.000000,0.000000,0.000000,0.000000,0.000000,0.000000,0,0,0,0
"-18,-25",0,0,0,0,469,4,99999,99999,99999,99999,99999,99999,0.000000,0.000000,0.000000,0.000000,0.000000,0.000000,0.000000,0.000000,0.000000,0.000000,0.000000,0.000000,0.000000,0.000000,0,0,0,0
"-18,-24",0,0,0,0,685,4,99999,99999,99999,99999,99999,99999,0.000000,0.000000,0.000000,0.000000,0.000000,0.000000,0.000000,0.000000,0.000000,0.000000,0.000000,0.000000,0.000000,0.000000,0,0,0,0
"-18,-23",0,0,0,0,686,4,99999,99999,99999,99999,99999,99999,0.000000,0.000000,0.000000,0.000000,0.000000,0.000000,0.000000,0.000000,0.000000,0.000000,0.000000,0.000000,0.000000,0.000000,0,0,0,0
"-18,-22",0,0,0,0,689,4,99999,99999,99999,99999,99999,99999,0.000000,0.000000,0.000000,0.000000,0.000000,0.000000,0.000000,0.000000,0.000000,0.000000,0.000000,0.000000,0.000000,0.000000,0,0,0,0
"-18,-21",0,0,0,0,682,4,99999,99999,99999,99999,99999,99999,0.000000,0.000000,0.000000,0.000000,0.000000,0.000000,0.000000,0.000000,0.000000,0.000000,0.000000,0.000000,0.000000,0.000000,0,0,0,0
"-18,-20",0,0,0,0,678,4,99999,99999,99999,99999,99999,99999,0.000000,0.000000,0.000000,0.000000,0.000000,0.000000,0.000000,0.000000,0.000000,0.000000,0.000000,0.000000,0.000000,0.000000,0,0,0,0
"-18,-19",0,0,0,0,687,4,99999,99999,99999,99999,99999,99999,0.000000,0.000000,0.000000,0.000000,0.000000,0.000000,0.000000,0.000000,0.000000,0.000000,0.000000,0.000000,0.000000,0.000000,0,0,0,0
"-18,-18",0,0,0,0,678,4,99999,99999,99999,99999,99999,99999,0.000000,0.000000,0.000000,0.000000,0.000000,0.000000,0.000000,0.000000,0.000000,0.000000,0.000000,0.000000,0.000000,0.000000,0,0,0,0
"-18,-17",0,0,0,0,683,4,99999,99999,99999,99999,99999,99999,0.000000,0.000000,0.000000,0.000000,0.000000,0.000000,0.000000,0.000000,0.000000,0.000000,0.000000,0.000000,0.000000,0.000000,0,0,0,0
"-18,-16",0,0,0,0,683,4,99999,99999,99999,99999,99999,99999,0.000000,0.000000,0.000000,0.000000,0.000000,0.000000,0.000000,0.000000,0.000000,0.000000,0.000000,0.000000,0.000000,0.000000,0,0,0,0
"-18,-15",0,0,0,0,685,4,99999,99999,99999,99999,99999,99999,0.000000,0.000000,0.000000,0.000000,0.000000,0.000000,0.000000,0.000000,0.000000,0.000000,0.000000,0.000000,0.000000,0.000000,0,0,0,0
"-18,-14",0,0,0,0,685,4,99999,99999,99999,99999,99999,99999,0.000000,0.000000,0.000000,0.000000,0.000000,0.000000,0.000000,0.000000,0.000000,0.000000,0.000000,0.000000,0.000000,0.000000,0,0,0,0
"-18,-13",0,0,0,0,683,4,99999,99999,99999,99999,99999,99999,0.000000,0.000000,0.000000,0.000000,0.000000,0.000000,0.000000,0.000000,0.000000,0.000000,0.000000,0.000000,0.000000,0.000000,0,0,0,0
"-18,-12",0,0,0,0,674,4,99999,99999,99999,99999,99999,99999,0.000000,0.000000,0.000000,0.000000,0.000000,0.000000,0.000000,0.000000,0.000000,0.000000,0.000000,0.000000,0.000000,0.000000,0,0,0,0
"-18,-11",0,0,0,0,683,4,99999,99999,99999,99999,99999,99999,0.000000,0.000000,0.000000,0.000000,0.000000,0.000000,0.000000,0.000000,0.000000,0.000000,0.000000,0.000000,0.000000,0.000000,0,0,0,0
"-18,-10",0,0,0,0,686,4,99999,99999,99999,99999,99999,99999,0.000000,0.000000,0.000000,0.000000,0.000000,0.000000,0.000000,0.000000,0.000000,0.000000,0.000000,0.000000,0.000000,0.000000,0,0,0,0
"-18,-9",0,0,0,0,684,4,99999,99999,99999,99999,99999,99999,0.000000,0.000000,0.000000,0.000000,0.000000,0.000000,0.000000,0.000000,0.000000,0.000000,0.000000,0.000000,0.000000,0.000000,0,0,0,0
"-18,-8",0,0,0,0,55,4,99999,99999,99999,99999,99999,99999,0.000000,0.000000,0.000000,0.000000,0.000000,0.000000,0.000000,0.000000,0.000000,0.000000,0.000000,0.000000,0.000000,0.000000,0,0,0,0
"-18,-7",0,0,0,0,56,4,99999,99999,99999,99999,99999,99999,0.000000,0.000000,0.000000,0.000000,0.000000,0.000000,0.000000,0.000000,0.000000,0.000000,0.000000,0.000000,0.000000,0.000000,0,0,0,0
"-18,-6",0,0,0,0,54,4,99999,99999,99999,99999,99999,99999,0.000000,0.000000,0.000000,0.000000,0.000000,0.000000,0.000000,0.000000,0.000000,0.000000,0.000000,0.000000,0.000000,0.000000,0,0,0,0
"-18,-5",0,0,0,0,55,4,99999,99999,99999,99999,99999,99999,0.000000,0.000000,0.000000,0.000000,0.000000,0.000000,0.000000,0.000000,0.000000,0.000000,0.000000,0.000000,0.000000,0.000000,0,0,0,0
"-18,-4",0,0,0,0,56,4,99999,99999,99999,99999,99999,99999,0.000000,0.000000,0.000000,0.000000,0.000000,0.000000,0.000000,0.000000,0.000000,0.000000,0.000000,0.000000,0.000000,0.000000,0,0,0,0
"-18,-3",0,0,0,0,55,4,99999,99999,99999,99999,99999,99999,0.000000,0.000000,0.000000,0.000000,0.000000,0.000000,0.000000,0.000000,0.000000,0.000000,0.000000,0.000000,0.000000,0.000000,0,0,0,0
"-18,-2",0,0,0,0,56,4,99999,99999,99999,99999,99999,99999,0.000000,0.000000,0.000000,0.000000,0.000000,0.000000,0.000000,0.000000,0.000000,0.000000,0.000000,0.000000,0.000000,0.000000,0,0,0,0
"-18,-1",0,0,0,0,56,4,99999,99999,99999,99999,99999,99999,0.000000,0.000000,0.000000,0.000000,0.000000,0.000000,0.000000,0.000000,0.000000,0.000000,0.000000,0.000000,0.000000,0.000000,0,0,0,0
"-18,0",0,0,0,0,56,4,99999,99999,99999,99999,99999,99999,0.000000,0.000000,0.000000,0.000000,0.000000,0.000000,0.000000,0.000000,0.000000,0.000000,0.000000,0.000000,0.000000,0.000000,0,0,0,0
"-18,1",0,0,0,0,56,4,99999,99999,99999,99999,99999,99999,0.000000,0.000000,0.000000,0.000000,0.000000,0.000000,0.000000,0.000000,0.000000,0.000000,0.000000,0.000000,0.000000,0.000000,0,0,0,0
"-18,2",0,0,0,0,56,4,99999,99999,99999,99999,99999,99999,0.000000,0.000000,0.000000,0.000000,0.000000,0.000000,0.000000,0.000000,0.000000,0.000000,0.000000,0.000000,0.000000,0.000000,0,0,0,0
"-18,3",0,0,0,0,56,4,99999,99999,99999,99999,99999,99999,0.000000,0.000000,0.000000,0.000000,0.000000,0.000000,0.000000,0.000000,0.000000,0.000000,0.000000,0.000000,0.000000,0.000000,0,0,0,0
"-18,4",0,0,0,0,55,4,99999,99999,99999,99999,99999,99999,0.000000,0.000000,0.000000,0.000000,0.000000,0.000000,0.000000,0.000000,0.000000,0.000000,0.000000,0.000000,0.000000,0.000000,0,0,0,0
"-18,5",0,0,0,0,53,4,99999,99999,99999,99999,99999,99999,0.000000,0.000000,0.000000,0.000000,0.000000,0.000000,0.000000,0.000000,0.000000,0.000000,0.000000,0.000000,0.000000,0.000000,0,0,0,0
"-18,6",0,0,0,0,7,4,99999,99999,99999,99999,99999,99999,0.000000,0.000000,0.000000,0.000000,0.000000,0.000000,0.000000,0.000000,0.000000,0.000000,0.000000,0.000000,0.000000,0.000000,0,0,0,0
"-18,7",0,0,0,0,8,4,99999,99999,99999,99999,99999,99999,0.000000,0.000000,0.000000,0.000000,0.000000,0.000000,0.000000,0.000000,0.000000,0.000000,0.000000,0.000000,0.000000,0.000000,0,0,0,0
"-18,8",0,0,0,0,8,4,99999,99999,99999,99999,99999,99999,0.000000,0.000000,0.000000,0.000000,0.000000,0.000000,0.000000,0.000000,0.000000,0.000000,0.000000,0.000000,0.000000,0.000000,0,0,0,0
"-18,9",0,0,0,0,8,4,99999,99999,99999,99999,99999,99999,0.000000,0.000000,0.000000,0.000000,0.000000,0.000000,0.000000,0.000000,0.000000,0.000000,0.000000,0.000000,0.000000,0.000000,0,0,0,0
"-18,10",0,0,0,0,8,4,99999,99999,99999,99999,99999,99999,0.000000,0.000000,0.000000,0.000000,0.000000,0.000000,0.000000,0.000000,0.000000,0.000000,0.000000,0.000000,0.000000,0.000000,0,0,0,0
"-18,11",0,0,0,0,8,4,99999,99999,99999,99999,99999,99999,0.000000,0.000000,0.000000,0.000000,0.000000,0.000000,0.000000,0.000000,0.000000,0.000000,0.000000,0.000000,0.000000,0.000000,0,0,0,0
"-18,12",0,0,0,0,4,4,99999,99999,99999,99999,99999,99999,0.000000,0.000000,0.000000,0.000000,0.000000,0.000000,0.000000,0.000000,0.000000,0.000000,0.000000,0.000000,0.000000,0.000000,0,0,0,0
"-18,13",0,0,0,0,4,4,99999,99999,99999,99999,99999,99999,0.000000,0.000000,0.000000,0.000000,0.000000,0.000000,0.000000,0.000000,0.000000,0.000000,0.000000,0.000000,0.000000,0.000000,0,0,0,0
"-18,14",0,0,0,0,4,4,99999,99999,99999,99999,99999,99999,0.000000,0.000000,0.000000,0.000000,0.000000,0.000000,0.000000,0.000000,0.000000,0.000000,0.000000,0.000000,0.000000,0.000000,0,0,0,0
"-18,15",0,0,0,0,4,4,99999,99999,99999,99999,99999,99999,0.000000,0.000000,0.000000,0.000000,0.000000,0.000000,0.000000,0.000000,0.000000,0.000000,0.000000,0.000000,0.000000,0.000000,0,0,0,0
"-18,16",0,0,0,0,4,4,99999,99999,99999,99999,99999,99999,0.000000,0.000000,0.000000,0.000000,0.000000,0.000000,0.000000,0.000000,0.000000,0.000000,0.000000,0.000000,0.000000,0.000000,0,0,0,0
"-18,17",0,0,0,0,4,4,99999,99999,99999,99999,99999,99999,0.000000,0.000000,0.000000,0.000000,0.000000,0.000000,0.000000,0.000000,0.000000,0.000000,0.000000,0.000000,0.000000,0.000000,0,0,0,0
"-18,18",0,0,0,0,4,4,99999,99999,99999,99999,99999,99999,0.000000,0.000000,0.000000,0.000000,0.000000,0.000000,0.000000,0.000000,0.000000,0.000000,0.000000,0.000000,0.000000,0.000000,0,0,0,0
"-18,19",0,0,0,0,4,4,99999,99999,99999,99999,99999,99999,0.000000,0.000000,0.000000,0.000000,0.000000,0.000000,0.000000,0.000000,0.000000,0.000000,0.000000,0.000000,0.000000,0.000000,0,0,0,0
"-18,20",0,0,0,0,4,4,99999,99999,99999,99999,99999,99999,0.000000,0.000000,0.000000,0.000000,0.000000,0.000000,0.000000,0.000000,0.000000,0.000000,0.000000,0.000000,0.000000,0.000000,0,0,0,0
"-18,21",0,0,0,0,4,4,99999,99999,99999,99999,99999,99999,0.000000,0.000000,0.000000,0.000000,0.000000,0.000000,0.000000,0.000000,0.000000,0.000000,0.000000,0.000000,0.000000,0.000000,0,0,0,0
"-18,22",0,0,0,0,4,4,99999,99999,99999,99999,99999,99999,0.000000,0.000000,0.000000,0.000000,0.000000,0.000000,0.000000,0.000000,0.000000,0.000000,0.000000,0.000000,0.000000,0.000000,0,0,0,0
"-18,23",0,0,0,0,4,4,99999,99999,99999,99999,99999,99999,0.000000,0.000000,0.000000,0.000000,0.000000,0.000000,0.000000,0.000000,0.000000,0.000000,0.000000,0.000000,0.000000,0.000000,0,0,0,0
"-18,24",0,0,0,0,4,4,99999,99999,99999,99999,99999,99999,0.000000,0.000000,0.000000,0.000000,0.000000,0.000000,0.000000,0.000000,0.000000,0.000000,0.000000,0.000000,0.000000,0.000000,0,0,0,0
"-18,25",0,0,0,0,4,4,99999,99999,99999,99999,99999,99999,0.000000,0.000000,0.000000,0.000000,0.000000,0.000000,0.000000,0.000000,0.000000,0.000000,0.000000,0.000000,0.000000,0.000000,0,0,0,0
"-18,26",0,0,0,0,4,4,99999,99999,99999,99999,99999,99999,0.000000,0.000000,0.000000,0.000000,0.000000,0.000000,0.000000,0.000000,0.000000,0.000000,0.000000,0.000000,0.000000,0.000000,0,0,0,0
"-17,-26",0,0,0,0,683,4,99999,99999,99999,99999,99999,99999,0.000000,0.000000,0.000000,0.000000,0.000000,0.000000,0.000000,0.000000,0.000000,0.000000,0.000000,0.000000,0.000000,0.000000,0,0,0,0
"-17,-25",0,0,0,0,685,4,99999,99999,99999,99999,99999,99999,0.000000,0.000000,0.000000,0.000000,0.000000,0.000000,0.000000,0.000000,0.000000,0.000000,0.000000,0.000000,0.000000,0.000000,0,0,0,0
"-17,-24",0,0,0,0,677,4,99999,99999,99999,99999,99999,99999,0.000000,0.000000,0.000000,0.000000,0.000000,0.000000,0.000000,0.000000,0.000000,0.000000,0.000000,0.000000,0.000000,0.000000,0,0,0,0
"-17,-23",0,0,0,0,684,4,99999,99999,99999,99999,99999,99999,0.000000,0.000000,0.000000,0.000000,0.000000,0.000000,0.000000,0.000000,0.000000,0.000000,0.000000,0.000000,0.000000,0.000000,0,0,0,0
"-17,-22",0,0,0,0,686,4,99999,99999,99999,99999,99999,99999,0.000000,0.000000,0.000000,0.000000,0.000000,0.000000,0.000000,0.000000,0.000000,0.000000,0.000000,0.000000,0.000000,0.000000,0,0,0,0
"-17,-21",0,0,0,0,684,4,99999,99999,99999,99999,99999,99999,0.000000,0.000000,0.000000,0.000000,0.000000,0.000000,0.000000,0.000000,0.000000,0.000000,0.000000,0.000000,0.000000,0.000000,0,0,0,0
"-17,-20",0,0,0,0,682,4,99999,99999,99999,99999,99999,99999,0.000000,0.000000,0.000000,0.000000,0.000000,0.000000,0.000000,0.000000,0.000000,0.000000,0.000000,0.000000,0.000000,0.000000,0,0,0,0
"-17,-19",0,0,0,0,681,4,99999,99999,99999,99999,99999,99999,0.000000,0.000000,0.000000,0.000000,0.000000,0.000000,0.000000,0.000000,0.000000,0.000000,0.000000,0.000000,0.000000,0.000000,0,0,0,0
"-17,-18",0,0,0,0,594,4,99999,99999,99999,99999,99999,99999,0.000000,0.000000,0.000000,0.000000,0.000000,0.000000,0.000000,0.000000,0.000000,0.000000,0.000000,0.000000,0.000000,0.000000,0,0,0,0
"-17,-17",0,0,0,0,598,4,99999,99999,99999,99999,99999,99999,0.000000,0.000000,0.000000,0.000000,0.000000,0.000000,0.000000,0.000000,0.000000,0.000000,0.000000,0.000000,0.000000,0.000000,0,0,0,0
"-17,-16",0,0,0,0,594,4,99999,99999,99999,99999,99999,99999,0.000000,0.000000,0.000000,0.000000,0.000000,0.000000,0.000000,0.000000,0.000000,0.000000,0.000000,0.000000,0.000000,0.000000,0,0,0,0
"-17,-15",0,0,0,0,597,4,99999,99999,99999,99999,99999,99999,0.000000,0.000000,0.000000,0.000000,0.000000,0.000000,0.000000,0.000000,0.000000,0.000000,0.000000,0.000000,0.000000,0.000000,0,0,0,0
"-17,-14",0,0,0,0,595,4,99999,99999,99999,99999,99999,99999,0.000000,0.000000,0.000000,0.000000,0.000000,0.000000,0.000000,0.000000,0.000000,0.000000,0.000000,0.000000,0.000000,0.000000,0,0,0,0
"-17,-13",0,0,0,0,596,4,99999,99999,99999,99999,99999,99999,0.000000,0.000000,0.000000,0.000000,0.000000,0.000000,0.000000,0.000000,0.000000,0.000000,0.000000,0.000000,0.000000,0.000000,0,0,0,0
"-17,-12",0,0,0,0,598,4,99999,99999,99999,99999,99999,99999,0.000000,0.000000,0.000000,0.000000,0.000000,0.000000,0.000000,0.000000,0.000000,0.000000,0.000000,0.000000,0.000000,0.000000,0,0,0,0
"-17,-11",0,0,0,0,595,4,99999,99999,99999,99999,99999,99999,0.000000,0.000000,0.000000,0.000000,0.000000,0.000000,0.000000,0.000000,0.000000,0.000000,0.000000,0.000000,0.000000,0.000000,0,0,0,0
"-17,-10",0,0,0,0,591,4,99999,99999,99999,99999,99999,99999,0.000000,0.000000,0.000000,0.000000,0.000000,0.000000,0.000000,0.000000,0.000000,0.000000,0.000000,0.000000,0.000000,0.000000,0,0,0,0
"-17,-9",0,0,0,0,598,4,99999,99999,99999,99999,99999,99999,0.000000,0.000000,0.000000,0.000000,0.000000,0.000000,0.000000,0.000000,0.000000,0.000000,0.000000,0.000000,0.000000,0.000000,0,0,0,0
"-17,-8",0,0,0,0,595,4,99999,99999,99999,99999,99999,99999,0.000000,0.000000,0.000000,0.000000,0.000000,0.000000,0.000000,0.000000,0.000000,0.000000,0.000000,0.000000,0.000000,0.000000,0,0,0,0
"-17,-7",0,0,0,0,598,4,99999,99999,99999,99999,99999,99999,0.000000,0.000000,0.000000,0.000000,0.000000,0.000000,0.000000,0.000000,0.000000,0.000000,0.000000,0.000000,0.000000,0.000000,0,0,0,0
"-17,-6",0,0,0,0,491,4,99999,99999,99999,99999,99999,99999,0.000000,0.000000,0.000000,0.000000,0.000000,0.000000,0.000000,0.000000,0.000000,0.000000,0.000000,0.000000,0.000000,0.000000,0,0,0,0
"-17,-5",0,0,0,0,52,4,99999,99999,99999,99999,99999,99999,0.000000,0.000000,0.000000,0.000000,0.000000,0.000000,0.000000,0.000000,0.000000,0.000000,0.000000,0.000000,0.000000,0.000000,0,0,0,0
"-17,-4",0,0,0,0,51,4,99999,99999,99999,99999,99999,99999,0.000000,0.000000,0.000000,0.000000,0.000000,0.000000,0.000000,0.000000,0.000000,0.000000,0.000000,0.000000,0.000000,0.000000,0,0,0,0
"-17,-3",0,0,0,0,55,4,99999,99999,99999,99999,99999,99999,0.000000,0.000000,0.000000,0.000000,0.000000,0.000000,0.000000,0.000000,0.000000,0.000000,0.000000,0.000000,0.000000,0.000000,0,0,0,0
"-17,-2",0,0,0,0,55,4,99999,99999,99999,99999,99999,99999,0.000000,0.000000,0.000000,0.000000,0.000000,0.000000,0.000000,0.000000,0.000000,0.000000,0.000000,0.000000,0.000000,0.000000,0,0,0,0
"-17,-1",0,0,0,0,55,4,99999,99999,99999,99999,99999,99999,0.000000,0.000000,0.000000,0.000000,0.000000,0.000000,0.000000,0.000000,0.000000,0.000000,0.000000,0.000000,0.000000,0.000000,0,0,0,0
"-17,0",0,0,0,0,54,4,99999,99999,99999,99999,99999,99999,0.000000,0.000000,0.000000,0.000000,0.000000,0.000000,0.000000,0.000000,0.000000,0.000000,0.000000,0.000000,0.000000,0.000000,0,0,0,0
"-17,1",0,0,0,0,54,4,99999,99999,99999,99999,99999,99999,0.000000,0.000000,0.000000,0.000000,0.000000,0.000000,0.000000,0.000000,0.000000,0.000000,0.000000,0.000000,0.000000,0.000000,0,0,0,0
"-17,2",0,0,0,0,56,4,99999,99999,99999,99999,99999,99999,0.000000,0.000000,0.000000,0.000000,0.000000,0.000000,0.000000,0.000000,0.000000,0.000000,0.000000,0.000000,0.000000,0.000000,0,0,0,0
"-17,3",0,0,0,0,56,4,99999,99999,99999,99999,99999,99999,0.000000,0.000000,0.000000,0.000000,0.000000,0.000000,0.000000,0.000000,0.000000,0.000000,0.000000,0.000000,0.000000,0.000000,0,0,0,0
"-17,4",0,0,0,0,56,4,99999,99999,99999,99999,99999,99999,0.000000,0.000000,0.000000,0.000000,0.000000,0.000000,0.000000,0.000000,0.000000,0.000000,0.000000,0.000000,0.000000,0.000000,0,0,0,0
"-17,5",0,0,0,0,55,4,99999,99999,99999,99999,99999,99999,0.000000,0.000000,0.000000,0.000000,0.000000,0.000000,0.000000,0.000000,0.000000,0.000000,0.000000,0.000000,0.000000,0.000000,0,0,0,0
"-17,6",0,0,0,0,56,4,99999,99999,99999,99999,99999,99999,0.000000,0.000000,0.000000,0.000000,0.000000,0.000000,0.000000,0.000000,0.000000,0.000000,0.000000,0.000000,0.000000,0.000000,0,0,0,0
"-17,7",0,0,0,0,8,4,99999,99999,99999,99999,99999,99999,0.000000,0.000000,0.000000,0.000000,0.000000,0.000000,0.000000,0.000000,0.000000,0.000000,0.000000,0.000000,0.000000,0.000000,0,0,0,0
"-17,8",0,0,0,0,8,4,99999,99999,99999,99999,99999,99999,0.000000,0.000000,0.000000,0.000000,0.000000,0.000000,0.000000,0.000000,0.000000,0.000000,0.000000,0.000000,0.000000,0.000000,0,0,0,0
"-17,9",0,0,0,0,8,4,99999,99999,99999,99999,99999,99999,0.000000,0.000000,0.000000,0.000000,0.000000,0.000000,0.000000,0.000000,0.000000,0.000000,0.000000,0.000000,0.000000,0.000000,0,0,0,0
"-17,10",0,0,0,0,7,4,99999,99999,99999,99999,99999,99999,0.000000,0.000000,0.000000,0.000000,0.000000,0.000000,0.000000,0.000000,0.000000,0.000000,0.000000,0.000000,0.000000,0.000000,0,0,0,0
"-17,11",0,0,0,0,8,4,99999,99999,99999,99999,99999,99999,0.000000,0.000000,0.000000,0.000000,0.000000,0.000000,0.000000,0.000000,0.000000,0.000000,0.000000,0.000000,0.000000,0.000000,0,0,0,0
"-17,12",0,0,0,0,7,4,99999,99999,99999,99999,99999,99999,0.000000,0.000000,0.000000,0.000000,0.000000,0.000000,0.000000,0.000000,0.000000,0.000000,0.000000,0.000000,0.000000,0.000000,0,0,0,0
"-17,13",0,0,0,0,4,4,99999,99999,99999,99999,99999,99999,0.000000,0.000000,0.000000,0.000000,0.000000,0.000000,0.000000,0.000000,0.000000,0.000000,0.000000,0.000000,0.000000,0.000000,0,0,0,0
"-17,14",0,0,0,0,4,4,99999,99999,99999,99999,99999,99999,0.000000,0.000000,0.000000,0.000000,0.000000,0.000000,0.000000,0.000000,0.000000,0.000000,0.000000,0.000000,0.000000,0.000000,0,0,0,0
"-17,15",0,0,0,0,4,4,99999,99999,99999,99999,99999,99999,0.000000,0.000000,0.000000,0.000000,0.000000,0.000000,0.000000,0.000000,0.000000,0.000000,0.000000,0.000000,0.000000,0.000000,0,0,0,0
"-17,16",0,0,0,0,4,4,99999,99999,99999,99999,99999,99999,0.000000,0.000000,0.000000,0.000000,0.000000,0.000000,0.000000,0.000000,0.000000,0.000000,0.000000,0.000000,0.000000,0.000000,0,0,0,0
"-17,17",0,0,0,0,4,4,99999,99999,99999,99999,99999,99999,0.000000,0.000000,0.000000,0.000000,0.000000,0.000000,0.000000,0.000000,0.000000,0.000000,0.000000,0.000000,0.000000,0.000000,0,0,0,0
"-17,18",0,0,0,0,4,4,99999,99999,99999,99999,99999,99999,0.000000,0.000000,0.000000,0.000000,0.000000,0.000000,0.000000,0.000000,0.000000,0.000000,0.000000,0.000000,0.000000,0.000000,0,0,0,0
"-17,19",0,0,0,0,4,4,99999,99999,99999,99999,99999,99999,0.000000,0.000000,0.000000,0.000000,0.000000,0.000000,0.000000,0.000000,0.000000,0.000000,0.000000,0.000000,0.000000,0.000000,0,0,0,0
"-17,20",0,0,0,0,4,4,99999,99999,99999,99999,99999,99999,0.000000,0.000000,0.000000,0.000000,0.000000,0.000000,0.000000,0.000000,0.000000,0.000000,0.000000,0.000000,0.000000,0.000000,0,0,0,0
"-17,21",0,0,0,0,4,4,99999,99999,99999,99999,99999,99999,0.000000,0.000000,0.000000,0.000000,0.000000,0.000000,0.000000,0.000000,0.000000,0.000000,0.000000,0.000000,0.000000,0.000000,0,0,0,0
"-17,22",0,0,0,0,4,4,99999,99999,99999,99999,99999,99999,0.000000,0.000000,0.000000,0.000000,0.000000,0.000000,0.000000,0.000000,0.000000,0.000000,0.000000,0.000000,0.000000,0.000000,0,0,0,0
"-17,23",0,0,0,0,4,4,99999,99999,99999,99999,99999,99999,0.000000,0.000000,0.000000,0.000000,0.000000,0.000000,0.000000,0.000000,0.000000,0.000000,0.000000,0.000000,0.000000,0.000000,0,0,0,0
"-17,24",0,0,0,0,4,4,99999,99999,99999,99999,99999,99999,0.000000,0.000000,0.000000,0.000000,0.000000,0.000000,0.000000,0.000000,0.000000,0.000000,0.000000,0.000000,0.000000,0.000000,0,0,0,0
"-17,25",0,0,0,0,4,4,99999,99999,99999,99999,99999,99999,0.000000,0.000000,0.000000,0.000000,0.000000,0.000000,0.000000,0.000000,0.000000,0.000000,0.000000,0.000000,0.000000,0.000000,0,0,0,0
"-17,26",0,0,0,0,4,4,99999,99999,99999,99999,99999,99999,0.000000,0.000000,0.000000,0.000000,0.000000,0.000000,0.000000,0.000000,0.000000,0.000000,0.000000,0.000000,0.000000,0.000000,0,0,0,0
"-16,-26",0,0,0,0,685,4,99999,99999,99999,99999,99999,99999,0.000000,0.000000,0.000000,0.000000,0.000000,0.000000,0.000000,0.000000,0.000000,0.000000,0.000000,0.000000,0.000000,0.000000,0,0,0,0
"-16,-25",0,0,0,0,685,4,99999,99999,99999,99999,99999,99999,0.000000,0.000000,0.000000,0.000000,0.000000,0.000000,0.000000,0.000000,0.000000,0.000000,0.000000,0.000000,0.000000,0.000000,0,0,0,0
"-16,-24",0,0,0,0,677,4,99999,99999,99999,99999,99999,99999,0.000000,0.000000,0.000000,0.000000,0.000000,0.000000,0.000000,0.000000,0.000000,0.000000,0.000000,0.000000,0.000000,0.000000,0,0,0,0
"-16,-23",0,0,0,0,689,4,99999,99999,99999,99999,99999,99999,0.000000,0.000000,0.000000,0.000000,0.000000,0.000000,0.000000,0.000000,0.000000,0.000000,0.000000,0.000000,0.000000,0.000000,0,0,0,0
"-16,-22",0,0,0,0,598,4,99999,99999,99999,99999,99999,99999,0.000000,0.000000,0.000000,0.000000,0.000000,0.000000,0.000000,0.000000,0.000000,0.000000,0.000000,0.000000,0.000000,0.000000,0,0,0,0
"-16,-21",0,0,0,0,595,4,99999,99999,99999,99999,99999,99999,0.000000,0.000000,0.000000,0.000000,0.000000,0.000000,0.000000,0.000000,0.000000,0.000000,0.000000,0.000000,0.000000,0.000000,0,0,0,0
"-16,-20",0,0,0,0,590,4,99999,99999,99999,99999,99999,99999,0.000000,0.000000,0.000000,0.000000,0.000000,0.000000,0.000000,0.000000,0.000000,0.000000,0.000000,0.000000,0.000000,0.000000,0,0,0,0
"-16,-19",0,0,0,0,595,4,99999,99999,99999,99999,99999,99999,0.000000,0.000000,0.000000,0.000000,0.000000,0.000000,0.000000,0.000000,0.000000,0.000000,0.000000,0.000000,0.000000,0.000000,0,0,0,0
"-16,-18",0,0,0,0,594,4,99999,99999,99999,99999,99999,99999,0.000000,0.000000,0.000000,0.000000,0.000000,0.000000,0.000000,0.000000,0.000000,0.000000,0.000000,0.000000,0.000000,0.000000,0,0,0,0
"-16,-17",0,0,0,0,592,4,99999,99999,99999,99999,99999,99999,0.000000,0.000000,0.000000,0.000000,0.000000,0.000000,0.000000,0.000000,0.000000,0.000000,0.000000,0.000000,0.000000,0.000000,0,0,0,0
"-16,-13",0,0,0,0,599,4,99999,99999,99999,99999,99999,99999,0.000000,0.000000,0.000000,0.000000,0.000000,0.000000,0.000000,0.000000,0.000000,0.000000,0.000000,0.000000,0.000000,0.000000,0,0,0,0
"-16,-12",0,0,0,0,593,4,99999,99999,99999,99999,99999,99999,0.000000,0.000000,0.000000,0.000000,0.000000,0.000000,0.000000,0.000000,0.000000,0.000000,0.000000,0.000000,0.000000,0.000000,0,0,0,0
"-16,-11",0,0,0,0,596,4,99999,99999,99999,99999,99999,99999,0.000000,0.000000,0.000000,0.000000,0.000000,0.000000,0.000000,0.000000,0.000000,0.000000,0.000000,0.000000,0.000000,0.000000,0,0,0,0
"-16,-10",0,0,0,0,596,4,99999,99999,99999,99999,99999,99999,0.000000,0.000000,0.000000,0.000000,0.000000,0.000000,0.000000,0.000000,0.000000,0.000000,0.000000,0.000000,0.000000,0.000000,0,0,0,0
"-16,-9",0,0,0,0,589,4,99999,99999,99999,99999,99999,99999,0.000000,0.000000,0.000000,0.000000,0.000000,0.000000,0.000000,0.000000,0.000000,0.000000,0.000000,0.000000,0.000000,0.000000,0,0,0,0
"-16,-8",0,0,0,0,595,4,99999,99999,99999,99999,99999,99999,0.000000,0.000000,0.000000,0.000000,0.000000,0.000000,0.000000,0.000000,0.000000,0.000000,0.000000,0.000000,0.000000,0.000000,0,0,0,0
"-16,-7",0,0,0,0,593,4,99999,99999,99999,99999,99999,99999,0.000000,0.000000,0.000000,0.000000,0.000000,0.000000,0.000000,0.000000,0.000000,0.000000,0.000000,0.000000,0.000000,0.000000,0,0,0,0
"-16,-6",0,0,0,0,595,4,99999,99999,99999,99999,99999,99999,0.000000,0.000000,0.000000,0.000000,0.000000,0.000000,0.000000,0.000000,0.000000,0.000000,0.000000,0.000000,0.000000,0.000000,0,0,0,0
"-16,-5",0,0,0,0,596,4,99999,99999,99999,99999,99999,99999,0.000000,0.000000,0.000000,0.000000,0.000000,0.000000,0.000000,0.000000,0.000000,0.000000,0.000000,0.000000,0.000000,0.000000,0,0,0,0
"-16,-4",0,0,0,0,597,4,99999,99999,99999,99999,99999,99999,0.000000,0.000000,0.000000,0.000000,0.000000,0.000000,0.000000,0.000000,0.000000,0.000000,0.000000,0.000000,0.000000,0.000000,0,0,0,0
"-16,-3",0,0,0,0,51,4,99999,99999,99999,99999,99999,99999,0.000000,0.000000,0.000000,0.000000,0.000000,0.000000,0.000000,0.000000,0.000000,0.000000,0.000000,0.000000,0.000000,0.000000,0,0,0,0
"-16,-2",0,0,0,0,51,4,99999,99999,99999,99999,99999,99999,0.000000,0.000000,0.000000,0.000000,0.000000,0.000000,0.000000,0.000000,0.000000,0.000000,0.000000,0.000000,0.000000,0.000000,0,0,0,0
"-16,-1",0,0,0,0,51,4,99999,99999,99999,99999,99999,99999,0.000000,0.000000,0.000000,0.000000,0.000000,0.000000,0.000000,0.000000,0.000000,0.000000,0.000000,0.000000,0.000000,0.000000,0,0,0,0
"-16,0",0,0,0,0,51,4,99999,99999,99999,99999,99999,99999,0.000000,0.000000,0.000000,0.000000,0.000000,0.000000,0.000000,0.000000,0.000000,0.000000,0.000000,0.000000,0.000000,0.000000,0,0,0,0
"-16,1",0,0,0,0,52,4,99999,99999,99999,99999,99999,99999,0.000000,0.000000,0.000000,0.000000,0.000000,0.000000,0.000000,0.000000,0.000000,0.000000,0.000000,0.000000,0.000000,0.000000,0,0,0,0
"-16,2",0,0,0,0,51,4,99999,99999,99999,99999,99999,99999,0.000000,0.000000,0.000000,0.000000,0.000000,0.000000,0.000000,0.000000,0.000000,0.000000,0.000000,0.000000,0.000000,0.000000,0,0,0,0
"-16,3",0,0,0,0,55,4,99999,99999,99999,99999,99999,99999,0.000000,0.000000,0.000000,0.000000,0.000000,0.000000,0.000000,0.000000,0.000000,0.000000,0.000000,0.000000,0.000000,0.000000,0,0,0,0
"-16,4",0,0,0,0,55,4,99999,99999,99999,99999,99999,99999,0.000000,0.000000,0.000000,0.000000,0.000000,0.000000,0.000000,0.000000,0.000000,0.000000,0.000000,0.000000,0.000000,0.000000,0,0,0,0
"-16,5",0,0,0,0,54,4,99999,99999,99999,99999,99999,99999,0.000000,0.000000,0.000000,0.000000,0.000000,0.000000,0.000000,0.000000,0.000000,0.000000,0.000000,0.000000,0.000000,0.000000,0,0,0,0
"-16,6",0,0,0,0,55,4,99999,99999,99999,99999,99999,99999,0.000000,0.000000,0.000000,0.000000,0.000000,0.000000,0.000000,0.000000,0.000000,0.000000,0.000000,0.000000,0.000000,0.000000,0,0,0,0
"-16,7",0,0,0,0,55,4,99999,99999,99999,99999,99999,99999,0.000000,0.000000,0.000000,0.000000,0.000000,0.000000,0.000000,0.000000,0.000000,0.000000,0.000000,0.000000,0.000000,0.000000,0,0,0,0
"-16,8",0,0,0,0,8,4,99999,99999,99999,99999,99999,99999,0.000000,0.000000,0.000000,0.000000,0.000000,0.000000,0.000000,0.000000,0.000000,0.000000,0.000000,0.000000,0.000000,0.000000,0,0,0,0
"-16,9",0,0,0,0,8,4,99999,99999,99999,99999,99999,99999,0.000000,0.000000,0.000000,0.000000,0.000000,0.000000,0.000000,0.000000,0.000000,0.000000,0.000000,0.000000,0.000000,0.000000,0,0,0,0
"-16,10",0,0,0,0,7,4,99999,99999,99999,99999,99999,99999,0.000000,0.000000,0.000000,0.000000,0.000000,0.000000,0.000000,0.000000,0.000000,0.000000,0.000000,0.000000,0.000000,0.000000,0,0,0,0
"-16,11",0,0,0,0,8,4,99999,99999,99999,99999,99999,99999,0.000000,0.000000,0.000000,0.000000,0.000000,0.000000,0.000000,0.000000,0.000000,0.000000,0.000000,0.000000,0.000000,0.000000,0,0,0,0
"-16,12",0,0,0,0,8,4,99999,99999,99999,99999,99999,99999,0.000000,0.000000,0.000000,0.000000,0.000000,0.000000,0.000000,0.000000,0.000000,0.000000,0.000000,0.000000,0.000000,0.000000,0,0,0,0
"-16,13",0,0,0,0,8,4,99999,99999,99999,99999,99999,99999,0.000000,0.000000,0.000000,0.000000,0.000000,0.000000,0.000000,0.000000,0.000000,0.000000,0.000000,0.000000,0.000000,0.000000,0,0,0,0
"-16,17",0,0,0,0,4,4,99999,99999,99999,99999,99999,99999,0.000000,0.000000,0.000000,0.000000,0.000000,0.000000,0.000000,0.000000,0.000000,0.000000,0.000000,0.000000,0.000000,0.000000,0,0,0,0
"-16,18",0,0,0,0,4,4,99999,99999,99999,99999,99999,99999,0.000000,0.000000,0.000000,0.000000,0.000000,0.000000,0.000000,0.000000,0.000000,0.000000,0.000000,0.000000,0.000000,0.000000,0,0,0,0
"-16,19",0,0,0,0,4,4,99999,99999,99999,99999,99999,99999,0.000000,0.000000,0.000000,0.000000,0.000000,0.000000,0.000000,0.000000,0.000000,0.000000,0.000000,0.000000,0.000000,0.000000,0,0,0,0
"-16,20",0,0,0,0,4,4,99999,99999,99999,99999,99999,99999,0.000000,0.000000,0.000000,0.000000,0.000000,0.000000,0.000000,0.000000,0.000000,0.000000,0.000000,0.000000,0.000000,0.000000,0,0,0,0
"-16,21",0,0,0,0,4,4,99999,99999,99999,99999,99999,99999,0.000000,0.000000,0.000000,0.000000,0.000000,0.000000,0.000000,0.000000,0.000000,0.000000,0.000000,0.000000,0.000000,0.000000,0,0,0,0
"-16,22",0,0,0,0,4,4,99999,99999,99999,99999,99999,99999,0.000000,0.000000,0.000000,0.000000,0.000000,0.000000,0.000000,0.000000,0.000000,0.000000,0.000000,0.000000,0.000000,0.000000,0,0,0,0
"-16,23",0,0,0,0,4,4,99999,99999,99999,99999,99999,99999,0.000000,0.000000,0.000000,0.000000,0.000000,0.000000,0.000000,0.000000,0.000000,0.000000,0.000000,0.000000,0.000000,0.000000,0,0,0,0
"-16,24",0,0,0,0,4,4,99999,99999,99999,99999,99999,99999,0.000000,0.000000,0.000000,0.000000,0.000000,0.000000,0.000000,0.000000,0.000000,0.000000,0.000000,0.000000,0.000000,0.000000,0,0,0,0
"-16,25",0,0,0,0,4,4,99999,99999,99999,99999,99999,99999,0.000000,0.000000,0.000000,0.000000,0.000000,0.000000,0.000000,0.000000,0.000000,0.000000,0.000000,0.000000,0.000000,0.000000,0,0,0,0
"-16,26",0,0,0,0,4,4,99999,99999,99999,99999,99999,99999,0.000000,0.000000,0.000000,0.000000,0.000000,0.000000,0.000000,0.000000,0.000000,0.000000,0.000000,0.000000,0.000000,0.000000,0,0,0,0
"-15,-26",0,0,0,0,682,4,99999,99999,99999,99999,99999,99999,0.000000,0.000000,0.000000,0.000000,0.000000,0.000000,0.000000,0.000000,0.000000,0.000000,0.000000,0.000000,0.000000,0.000000,0,0,0,0
"-15,-25",0,0,0,0,666,4,99999,99999,99999,99999,99999,99999,0.000000,0.000000,0.000000,0.000000,0.000000,0.000000,0.000000,0.000000,0.000000,0.000000,0.000000,0.000000,0.000000,0.000000,0,0,0,0
"-15,-24",0,0,0,0,681,4,99999,99999,99999,99999,99999,99999,0.000000,0.000000,0.000000,0.000000,0.000000,0.000000,0.000000,0.000000,0.000000,0.000000,0.000000,0.000000,0.000000,0.000000,0,0,0,0
"-15,-23",0,0,0,0,685,4,99999,99999,99999,99999,99999,99999,0.000000,0.000000,0.000000,0.000000,0.000000,0.000000,0.000000,0.000000,0.000000,0.000000,0.000000,0.000000,0.000000,0.000000,0,0,0,0
"-15,-22",0,0,0,0,646,4,99999,99999,99999,99999,99999,99999,0.000000,0.000000,0.000000,0.000000,0.000000,0.000000,0.000000,0.000000,0.000000,0.000000,0.000000,0.000000,0.000000,0.000000,0,0,0,0
"-15,-21",0,0,0,0,595,4,99999,99999,99999,99999,99999,99999,0.000000,0.000000,0.000000,0.000000,0.000000,0.000000,0.000000,0.000000,0.000000,0.000000,0.000000,0.000000,0.000000,0.000000,0,0,0,0
"-15,-20",0,0,0,0,596,4,99999,99999,99999,99999,99999,99999,0.000000,0.000000,0.000000,0.000000,0.000000,0.000000,0.000000,0.000000,0.000000,0.000000,0.000000,0.000000,0.000000,0.000000,0,0,0,0
"-15,-19",0,0,0,0,595,4,99999,99999,99999,99999,99999,99999,0.000000,0.000000,0.000000,0.000000,0.000000,0.000000,0.000000,0.000000,0.000000,0.000000,0.000000,0.000000,0.000000,0.000000,0,0,0,0
"-15,-18",0,0,0,0,595,4,99999,99999,99999,99999,99999,99999,0.000000,0.000000,0.000000,0.000000,0.000000,0.000000,0.000000,0.000000,0.000000,0.000000,0.000000,0.000000,0.000000,0.000000,0,0,0,0
"-15,-17",0,0,0,0,595,4,99999,99999,99999,99999,99999,99999,0.000000,0.000000,0.000000,0.000000,0.000000,0.000000,0.000000,0.000000,0.000000,0.000000,0.000000,0.000000,0.000000,0.000000,0,0,0,0
"-15,-13",0,0,0,0,584,4,99999,99999,99999,99999,99999,99999,0.000000,0.000000,0.000000,0.000000,0.000000,0.000000,0.000000,0.000000,0.000000,0.000000,0.000000,0.000000,0.000000,0.000000,0,0,0,0
"-15,-12",0,0,0,0,596,4,99999,99999,99999,99999,99999,99999,0.000000,0.000000,0.000000,0.000000,0.000000,0.000000,0.000000,0.000000,0.000000,0.000000,0.000000,0.000000,0.000000,0.000000,0,0,0,0
"-15,-11",0,0,0,0,598,4,99999,99999,99999,99999,99999,99999,0.000000,0.000000,0.000000,0.000000,0.000000,0.000000,0.000000,0.000000,0.000000,0.000000,0.000000,0.000000,0.000000,0.000000,0,0,0,0
"-15,-10",0,0,0,0,594,4,99999,99999,99999,99999,99999,99999,0.000000,0.000000,0.000000,0.000000,0.000000,0.000000,0.000000,0.000000,0.000000,0.000000,0.000000,0.000000,0.000000,0.000000,0,0,0,0
"-15,-9",0,0,0,0,594,4,99999,99999,99999,99999,99999,99999,0.000000,0.000000,0.000000,0.000000,0.000000,0.000000,0.000000,0.000000,0.000000,0.000000,0.000000,0.000000,0.000000,0.000000,0,0,0,0
"-15,-8",0,0,0,0,595,4,99999,99999,99999,99999,99999,99999,0.000000,0.000000,0.000000,0.000000,0.000000,0.000000,0.000000,0.000000,0.000000,0.000000,0.000000,0.000000,0.000000,0.000000,0,0,0,0
"-15,-7",0,0,0,0,594,4,99999,99999,99999,99999,99999,99999,0.000000,0.000000,0.000000,0.000000,0.000000,0.000000,0.000000,0.000000,0.000000,0.000000,0.000000,0.000000,0.000000,0.000000,0,0,0,0
"-15,-6",0,0,0,0,601,4,99999,99999,99999,99999,99999,99999,0.000000,0.000000,0.000000,0.000000,0.000000,0.000000,0.000000,0.000000,0.000000,0.000000,0.000000,0.000000,0.000000,0.000000,0,0,0,0
"-15,-5",0,0,0,0,587,4,99999,99999,99999,99999,99999,99999,0.000000,0.000000,0.000000,0.000000,0.000000,0.000000,0.000000,0.000000,0.000000,0.000000,0.000000,0.000000,0.000000,0.000000,0,0,0,0
"-15,-4",0,0,0,0,597,4,99999,99999,99999,99999,99999,99999,0.000000,0.000000,0.000000,0.000000,0.000000,0.000000,0.000000,0.000000,0.000000,0.000000,0.000000,0.000000,0.000000,0.000000,0,0,0,0
"-15,-3",0,0,0,0,599,4,99999,99999,99999,99999,99999,99999,0.000000,0.000000,0.000000,0.000000,0.000000,0.000000,0.000000,0.000000,0.000000,0.000000,0.000000,0.000000,0.000000,0.000000,0,0,0,0
"-15,-2",0,0,0,0,595,4,99999,99999,99999,99999,99999,99999,0.000000,0.000000,0.000000,0.000000,0.000000,0.000000,0.000000,0.000000,0.000000,0.000000,0.000000,0.000000,0.000000,0.000000,0,0,0,0
"-15,-1",0,0,0,0,52,4,99999,99999,99999,99999,99999,99999,0.000000,0.000000,0.000000,0.000000,0.000000,0.000000,0.000000,0.000000,0.000000,0.000000,0.000000,0.000000,0.000000,0.000000,0,0,0,0
"-15,0",0,0,0,0,52,4,99999,99999,99999,99999,99999,99999,0.000000,0.000000,0.000000,0.000000,0.000000,0.000000,0.000000,0.000000,0.000000,0.000000,0.000000,0.000000,0.000000,0.000000,0,0,0,0
"-15,1",0,0,0,0,52,4,99999,99999,99999,99999,99999,99999,0.000000,0.000000,0.000000,0.000000,0.000000,0.000000,0.000000,0.000000,0.000000,0.000000,0.000000,0.000000,0.000000,0.000000,0,0,0,0
"-15,2",0,0,0,0,52,4,99999,99999,99999,99999,99999,99999,0.000000,0.000000,0.000000,0.000000,0.000000,0.000000,0.000000,0.000000,0.000000,0.000000,0.000000,0.000000,0.000000,0.000000,0,0,0,0
"-15,3",0,0,0,0,52,4,99999,99999,99999,99999,99999,99999,0.000000,0.000000,0.000000,0.000000,0.000000,0.000000,0.000000,0.000000,0.000000,0.000000,0.000000,0.000000,0.000000,0.000000,0,0,0,0
"-15,4",0,0,0,0,56,4,99999,99999,99999,99999,99999,99999,0.000000,0.000000,0.000000,0.000000,0.000000,0.000000,0.000000,0.000000,0.000000,0.000000,0.000000,0.000000,0.000000,0.000000,0,0,0,0
"-15,5",0,0,0,0,56,4,99999,99999,99999,99999,99999,99999,0.000000,0.000000,0.000000,0.000000,0.000000,0.000000,0.000000,0.000000,0.000000,0.000000,0.000000,0.000000,0.000000,0.000000,0,0,0,0
"-15,6",0,0,0,0,56,4,99999,99999,99999,99999,99999,99999,0.000000,0.000000,0.000000,0.000000,0.000000,0.000000,0.000000,0.000000,0.000000,0.000000,0.000000,0.000000,0.000000,0.000000,0,0,0,0
"-15,7",0,0,0,0,56,4,99999,99999,99999,99999,99999,99999,0.000000,0.000000,0.000000,0.000000,0.000000,0.000000,0.000000,0.000000,0.000000,0.000000,0.000000,0.000000,0.000000,0.000000,0,0,0,0
"-15,8",0,0,0,0,55,4,99999,99999,99999,99999,99999,99999,0.000000,0.000000,0.000000,0.000000,0.000000,0.000000,0.000000,0.000000,0.000000,0.000000,0.000000,0.000000,0.000000,0.000000,0,0,0,0
"-15,9",0,0,0,0,8,4,99999,99999,99999,99999,99999,99999,0.000000,0.000000,0.000000,0.000000,0.000000,0.000000,0.000000,0.000000,0.000000,0.000000,0.000000,0.000000,0.000000,0.000000,0,0,0,0
"-15,10",0,0,0,0,8,4,99999,99999,99999,99999,99999,99999,0.000000,0.000000,0.000000,0.000000,0.000000,0.000000,0.000000,0.000000,0.000000,0.000000,0.000000,0.000000,0.000000,0.000000,0,0,0,0
"-15,11",0,0,0,0,8,4,99999,99999,99999,99999,99999,99999,0.000000,0.000000,0.000000,0.000000,0.000000,0.000000,0.000000,0.000000,0.000000,0.000000,0.000000,0.000000,0.000000,0.000000,0,0,0,0
"-15,12",0,0,0,0,8,4,99999,99999,99999,99999,99999,99999,0.000000,0.000000,0.000000,0.000000,0.000000,0.000000,0.000000,0.000000,0.000000,0.000000,0.000000,0.000000,0.000000,0.000000,0,0,0,0
"-15,13",0,0,0,0,8,4,99999,99999,99999,99999,99999,99999,0.000000,0.000000,0.000000,0.000000,0.000000,0.000000,0.000000,0.000000,0.000000,0.000000,0.000000,0.000000,0.000000,0.000000,0,0,0,0
"-15,17",0,0,0,0,4,4,99999,99999,99999,99999,99999,99999,0.000000,0.000000,0.000000,0.000000,0.000000,0.000000,0.000000,0.000000,0.000000,0.000000,0.000000,0.000000,0.000000,0.000000,0,0,0,0
"-15,18",0,0,0,0,4,4,99999,99999,99999,99999,99999,99999,0.000000,0.000000,0.000000,0.000000,0.000000,0.000000,0.000000,0.000000,0.000000,0.000000,0.000000,0.000000,0.000000,0.000000,0,0,0,0
"-15,19",0,0,0,0,4,4,99999,99999,99999,99999,99999,99999,0.000000,0.000000,0.000000,0.000000,0.000000,0.000000,0.000000,0.000000,0.000000,0.000000,0.000000,0.000000,0.000000,0.000000,0,0,0,0
"-15,20",0,0,0,0,4,4,99999,99999,99999,99999,99999,99999,0.000000,0.000000,0.000000,0.000000,0.000000,0.000000,0.000000,0.000000,0.000000,0.000000,0.000000,0.000000,0.000000,0.000000,0,0,0,0
"-15,21",0,0,0,0,4,4,99999,99999,99999,99999,99999,99999,0.000000,0.000000,0.000000,0.000000,0.000000,0.000000,0.000000,0.000000,0.000000,0.000000,0.000000,0.000000,0.000000,0.000000,0,0,0,0
"-15,22",0,0,0,0,4,4,99999,99999,99999,99999,99999,99999,0.000000,0.000000,0.000000,0.000000,0.000000,0.000000,0.000000,0.000000,0.000000,0.000000,0.000000,0.000000,0.000000,0.000000,0,0,0,0
"-15,23",0,0,0,0,4,4,99999,99999,99999,99999,99999,99999,0.000000,0.000000,0.000000,0.000000,0.000000,0.000000,0.000000,0.000000,0.000000,0.000000,0.000000,0.000000,0.000000,0.000000,0,0,0,0
"-15,24",0,0,0,0,4,4,99999,99999,99999,99999,99999,99999,0.000000,0.000000,0.000000,0.000000,0.000000,0.000000,0.000000,0.000000,0.000000,0.000000,0.000000,0.000000,0.000000,0.000000,0,0,0,0
"-15,25",0,0,0,0,4,4,99999,99999,99999,99999,99999,99999,0.000000,0.000000,0.000000,0.000000,0.000000,0.000000,0.000000,0.000000,0.000000,0.000000,0.000000,0.000000,0.000000,0.000000,0,0,0,0
"-15,26",0,0,0,0,4,4,99999,99999,99999,99999,99999,99999,0.000000,0.000000,0.000000,0.000000,0.000000,0.000000,0.000000,0.000000,0.000000,0.000000,0.000000,0.000000,0.000000,0.000000,0,0,0,0
"-14,-26",0,0,0,0,683,4,99999,99999,99999,99999,99999,99999,0.000000,0.000000,0.000000,0.000000,0.000000,0.000000,0.000000,0.000000,0.000000,0.000000,0.000000,0.000000,0.000000,0.000000,0,0,0,0
"-14,-25",0,0,0,0,685,4,99999,99999,99999,99999,99999,99999,0.000000,0.000000,0.000000,0.000000,0.000000,0.000000,0.000000,0.000000,0.000000,0.000000,0.000000,0.000000,0.000000,0.000000,0,0,0,0
"-14,-24",0,0,0,0,682,4,99999,99999,99999,99999,99999,99999,0.000000,0.000000,0.000000,0.000000,0.000000,0.000000,0.000000,0.000000,0.000000,0.000000,0.000000,0.000000,0.000000,0.000000,0,0,0,0
"-14,-23",0,0,0,0,682,4,99999,99999,99999,99999,99999,99999,0.000000,0.000000,0.000000,0.000000,0.000000,0.000000,0.000000,0.000000,0.000000,0.000000,0.000000,0.000000,0.000000,0.000000,0,0,0,0
"-14,-22",0,0,0,0,675,4,99999,99999,99999,99999,99999,99999,0.000000,0.000000,0.000000,0.000000,0.000000,0.000000,0.000000,0.000000,0.000000,0.000000,0.000000,0.000000,0.000000,0.000000,0,0,0,0
"-14,-21",0,0,0,0,604,4,99999,99999,99999,99999,99999,99999,0.000000,0.000000,0.000000,0.000000,0.000000,0.000000,0.000000,0.000000,0.000000,0.000000,0.000000,0.000000,0.000000,0.000000,0,0,0,0
"-14,-20",0,0,0,0,600,4,99999,99999,99999,99999,99999,99999,0.000000,0.000000,0.000000,0.000000,0.000000,0.000000,0.000000,0.000000,0.000000,0.000000,0.000000,0.000000,0.000000,0.000000,0,0,0,0
"-14,-19",0,0,0,0,593,4,99999,99999,99999,99999,99999,99999,0.000000,0.000000,0.000000,0.000000,0.000000,0.000000,0.000000,0.000000,0.000000,0.000000,0.000000,0.000000,0.000000,0.000000,0,0,0,0
"-14,-18",0,0,0,0,596,4,99999,99999,99999,99999,99999,99999,0.000000,0.000000,0.000000,0.000000,0.000000,0.000000,0.000000,0.000000,0.000000,0.000000,0.000000,0.000000,0.000000,0.000000,0,0,0,0
"-14,-17",0,0,0,0,597,4,99999,99999,99999,99999,99999,99999,0.000000,0.000000,0.000000,0.000000,0.000000,0.000000,0.000000,0.000000,0.000000,0.000000,0.000000,0.000000,0.000000,0.000000,0,0,0,0
"-14,-13",0,0,0,0,596,4,99999,99999,99999,99999,99999,99999,0.000000,0.000000,0.000000,0.000000,0.000000,0.000000,0.000000,0.000000,0.000000,0.000000,0.000000,0.000000,0.000000,0.000000,0,0,0,0
"-14,-12",0,0,0,0,596,4,99999,99999,99999,99999,99999,99999,0.000000,0.000000,0.000000,0.000000,0.000000,0.000000,0.000000,0.000000,0.000000,0.000000,0.000000,0.000000,0.000000,0.000000,0,0,0,0
"-14,-11",0,0,0,0,595,4,99999,99999,99999,99999,99999,99999,0.000000,0.000000,0.000000,0.000000,0.000000,0.000000,0.000000,0.000000,0.000000,0.000000,0.000000,0.000000,0.000000,0.000000,0,0,0,0
"-14,-10",0,0,0,0,597,4,99999,99999,99999,99999,99999,99999,0.000000,0.000000,0.000000,0.000000,0.000000,0.000000,0.000000,0.000000,0.000000,0.000000,0.000000,0.000000,0.000000,0.000000,0,0,0,0
"-14,-9",0,0,0,0,588,4,99999,99999,99999,99999,99999,99999,0.000000,0.000000,0.000000,0.000000,0.000000,0.000000,0.000000,0.000000,0.000000,0.000000,0.000000,0.000000,0.000000,0.000000,0,0,0,0
"-14,-8",0,0,0,0,596,4,99999,99999,99999,99999,99999,99999,0.000000,0.000000,0.000000,0.000000,0.000000,0.000000,0.000000,0.000000,0.000000,0.000000,0.000000,0.000000,0.000000,0.000000,0,0,0,0
"-14,-7",0,0,0,0,597,4,99999,99999,99999,99999,99999,99999,0.000000,0.000000,0.000000,0.000000,0.000000,0.000000,0.000000,0.000000,0.000000,0.000000,0.000000,0.000000,0.000000,0.000000,0,0,0,0
"-14,-6",0,0,0,0,599,4,99999,99999,99999,99999,99999,99999,0.000000,0.000000,0.000000,0.000000,0.000000,0.000000,0.000000,0.000000,0.000000,0.000000,0.000000,0.000000,0.000000,0.000000,0,0,0,0
"-14,-5",0,0,0,0,595,4,99999,99999,99999,99999,99999,99999,0.000000,0.000000,0.000000,0.000000,0.000000,0.000000,0.000000,0.000000,0.000000,0.000000,0.000000,0.000000,0.000000,0.000000,0,0,0,0
"-14,-4",0,0,0,0,595,4,99999,99999,99999,99999,99999,99999,0.000000,0.000000,0.000000,0.000000,0.000000,0.000000,0.000000,0.000000,0.000000,0.000000,0.000000,0.000000,0.000000,0.000000,0,0,0,0
"-14,-3",0,0,0,0,599,4,99999,99999,99999,99999,99999,99999,0.000000,0.000000,0.000000,0.000000,0.000000,0.000000,0.000000,0.000000,0.000000,0.000000,0.000000,0.000000,0.000000,0.000000,0,0,0,0
"-14,-2",0,0,0,0,595,4,99999,99999,99999,99999,99999,99999,0.000000,0.000000,0.000000,0.000000,0.000000,0.000000,0.000000,0.000000,0.000000,0.000000,0.000000,0.000000,0.000000,0.000000,0,0,0,0
"-14,-1",0,0,0,0,598,4,99999,99999,99999,99999,99999,99999,0.000000,0.000000,0.000000,0.000000,0.000000,0.000000,0.000000,0.000000,0.000000,0.000000,0.000000,0.000000,0.000000,0.000000,0,0,0,0
"-14,0",0,0,0,0,52,4,99999,99999,99999,99999,99999,99999,0.000000,0.000000,0.000000,0.000000,0.000000,0.000000,0.000000,0.000000,0.000000,0.000000,0.000000,0.000000,0.000000,0.000000,0,0,0,0
"-14,1",0,0,0,0,51,4,99999,99999,99999,99999,99999,99999,0.000000,0.000000,0.000000,0.000000,0.000000,0.000000,0.000000,0.000000,0.000000,0.000000,0.000000,0.000000,0.000000,0.000000,0,0,0,0
"-14,2",0,0,0,0,52,4,99999,99999,99999,99999,99999,99999,0.000000,0.000000,0.000000,0.000000,0.000000,0.000000,0.000000,0.000000,0.000000,0.000000,0.000000,0.000000,0.000000,0.000000,0,0,0,0
"-14,3",0,0,0,0,51,4,99999,99999,99999,99999,99999,99999,0.000000,0.000000,0.000000,0.000000,0.000000,0.000000,0.000000,0.000000,0.000000,0.000000,0.000000,0.000000,0.000000,0.000000,0,0,0,0
"-14,4",0,0,0,0,56,4,99999,99999,99999,99999,99999,99999,0.000000,0.000000,0.000000,0.000000,0.000000,0.000000,0.000000,0.000000,0.000000,0.000000,0.000000,0.000000,0.000000,0.000000,0,0,0,0
"-14,5",0,0,0,0,55,4,99999,99999,99999,99999,99999,99999,0.000000,0.000000,0.000000,0.000000,0.000000,0.000000,0.000000,0.000000,0.000000,0.000000,0.000000,0.000000,0.000000,0.000000,0,0,0,0
"-14,6",0,0,0,0,55,4,99999,99999,99999,99999,99999,99999,0.000000,0.000000,0.000000,0.000000,0.000000,0.000000,0.000000,0.000000,0.000000,0.000000,0.000000,0.000000,0.000000,0.000000,0,0,0,0
"-14,7",0,0,0,0,55,4,99999,99999,99999,99999,99999,99999,0.000000,0.000000,0.000000,0.000000,0.000000,0.000000,0.000000,0.000000,0.000000,0.000000,0.000000,0.000000,0.000000,0.000000,0,0,0,0
"-14,8",0,0,0,0,56,4,99999,99999,99999,99999,99999,99999,0.000000,0.000000,0.000000,0.000000,0.000000,0.000000,0.000000,0.000000,0.000000,0.000000,0.000000,0.000000,0.000000,0.000000,0,0,0,0
"-14,9",0,0,0,0,56,4,99999,99999,99999,99999,99999,99999,0.000000,0.000000,0.000000,0.000000,0.000000,0.000000,0.000000,0.000000,0.000000,0.000000,0.000000,0.000000,0.000000,0.000000,0,0,0,0
"-14,10",0,0,0,0,8,4,99999,99999,99999,99999,99999,99999,0.000000,0.000000,0.000000,0.000000,0.000000,0.000000,0.000000,0.000000,0.000000,0.000000,0.000000,0.000000,0.000000,0.000000,0,0,0,0
"-14,11",0,0,0,0,7,4,99999,99999,99999,99999,99999,99999,0.000000,0.000000,0.000000,0.000000,0.000000,0.000000,0.000000,0.000000,0.000000,0.000000,0.000000,0.000000,0.000000,0.000000,0,0,0,0
"-14,12",0,0,0,0,8,4,99999,99999,99999,99999,99999,99999,0.000000,0.000000,0.000000,0.000000,0.000000,0.000000,0.000000,0.000000,0.000000,0.000000,0.000000,0.000000,0.000000,0.000000,0,0,0,0
"-14,13",0,0,0,0,8,4,99999,99999,99999,99999,99999,99999,0.000000,0.000000,0.000000,0.000000,0.000000,0.000000,0.000000,0.000000,0.000000,0.000000,0.000000,0.000000,0.000000,0.000000,0,0,0,0
"-14,17",0,0,0,0,4,4,99999,99999,99999,99999,99999,99999,0.000000,0.000000,0.000000,0.000000,0.000000,0.000000,0.000000,0.000000,0.000000,0.000000,0.000000,0.000000,0.000000,0.000000,0,0,0,0
"-14,18",0,0,0,0,4,4,99999,99999,99999,99999,99999,99999,0.000000,0.000000,0.000000,0.000000,0.000000,0.000000,0.000000,0.000000,0.000000,0.000000,0.000000,0.000000,0.000000,0.000000,0,0,0,0
"-14,19",0,0,0,0,4,4,99999,99999,99999,99999,99999,99999,0.000000,0.000000,0.000000,0.000000,0.000000,0.000000,0.000000,0.000000,0.000000,0.000000,0.000000,0.000000,0.000000,0.000000,0,0,0,0
"-14,20",0,0,0,0,4,4,99999,99999,99999,99999,99999,99999,0.000000,0.000000,0.000000,0.000000,0.000000,0.000000,0.000000,0.000000,0.000000,0.000000,0.000000,0.000000,0.000000,0.000000,0,0,0,0
"-14,21",0,0,0,0,4,4,99999,99999,99999,99999,99999,99999,0.000000,0.000000,0.000000,0.000000,0.000000,0.000000,0.000000,0.000000,0.000000,0.000000,0.000000,0.000000,0.000000,0.000000,0,0,0,0
"-14,22",0,0,0,0,4,4,99999,99999,99999,99999,99999,99999,0.000000,0.000000,0.000000,0.000000,0.000000,0.000000,0.000000,0.000000,0.000000,0.000000,0.000000,0.000000,0.000000,0.000000,0,0,0,0
"-14,23",0,0,0,0,4,4,99999,99999,99999,99999,99999,99999,0.000000,0.000000,0.000000,0.000000,0.000000,0.000000,0.000000,0.000000,0.000000,0.000000,0.000000,0.000000,0.000000,0.000000,0,0,0,0
"-14,24",0,0,0,0,4,4,99999,99999,99999,99999,99999,99999,0.000000,0.000000,0.000000,0.000000,0.000000,0.000000,0.000000,0.000000,0.000000,0.000000,0.000000,0.000000,0.000000,0.000000,0,0,0,0
"-14,25",0,0,0,0,4,4,99999,99999,99999,99999,99999,99999,0.000000,0.000000,0.000000,0.000000,0.000000,0.000000,0.000000,0.000000,0.000000,0.000000,0.000000,0.000000,0.000000,0.000000,0,0,0,0
"-14,26",0,0,0,0,4,4,99999,99999,99999,99999,99999,99999,0.000000,0.000000,0.000000,0.000000,0.000000,0.000000,0.000000,0.000000,0.000000,0.000000,0.000000,0.000000,0.000000,0.000000,0,0,0,0
"-13,-26",0,0,0,0,680,4,99999,99999,99999,99999,99999,99999,0.000000,0.000000,0.000000,0.000000,0.000000,0.000000,0.000000,0.000000,0.000000,0.000000,0.000000,0.000000,0.000000,0.000000,0,0,0,0
"-13,-25",0,0,0,0,668,4,99999,99999,99999,99999,99999,99999,0.000000,0.000000,0.000000,0.000000,0.000000,0.000000,0.000000,0.000000,0.000000,0.000000,0.000000,0.000000,0.000000,0.000000,0,0,0,0
"-13,-24",0,0,0,0,682,4,99999,99999,99999,99999,99999,99999,0.000000,0.000000,0.000000,0.000000,0.000000,0.000000,0.000000,0.000000,0.000000,0.000000,0.000000,0.000000,0.000000,0.000000,0,0,0,0
"-13,-23",0,0,0,0,688,4,99999,99999,99999,99999,99999,99999,0.000000,0.000000,0.000000,0.000000,0.000000,0.000000,0.000000,0.000000,0.000000,0.000000,0.000000,0.000000,0.000000,0.000000,0,0,0,0
"-13,-22",0,0,0,0,686,4,99999,99999,99999,99999,99999,99999,0.000000,0.000000,0.000000,0.000000,0.000000,0.000000,0.000000,0.000000,0.000000,0.000000,0.000000,0.000000,0.000000,0.000000,0,0,0,0
"-13,-21",0,0,0,0,683,4,99999,99999,99999,99999,99999,99999,0.000000,0.000000,0.000000,0.000000,0.000000,0.000000,0.000000,0.000000,0.000000,0.000000,0.000000,0.000000,0.000000,0.000000,0,0,0,0
"-13,-20",0,0,0,0,597,4,99999,99999,99999,99999,99999,99999,0.000000,0.000000,0.000000,0.000000,0.000000,0.000000,0.000000,0.000000,0.000000,0.000000,0.000000,0.000000,0.000000,0.000000,0,0,0,0
"-13,-19",0,0,0,0,597,4,99999,99999,99999,99999,99999,99999,0.000000,0.000000,0.000000,0.000000,0.000000,0.000000,0.000000,0.000000,0.000000,0.000000,0.000000,0.000000,0.000000,0.000000,0,0,0,0
"-13,-18",0,0,0,0,596,4,99999,99999,99999,99999,99999,99999,0.000000,0.000000,0.000000,0.000000,0.000000,0.000000,0.000000,0.000000,0.000000,0.000000,0.000000,0.000000,0.000000,0.000000,0,0,0,0
"-13,-17",0,0,0,0,596,4,99999,99999,99999,99999,99999,99999,0.000000,0.000000,0.000000,0.000000,0.000000,0.000000,0.000000,0.000000,0.000000,0.000000,0.000000,0.000000,0.000000,0.000000,0,0,0,0
"-13,-16",0,0,0,0,599,4,99999,99999,99999,99999,99999,99999,0.000000,0.000000,0.000000,0.000000,0.000000,0.000000,0.000000,0.000000,0.000000,0.000000,0.000000,0.000000,0.000000,0.000000,0,0,0,0
"-13,-15",0,0,0,0,598,4,99999,99999,99999,99999,99999,99999,0.000000,0.000000,0.000000,0.000000,0.000000,0.000000,0.000000,0.000000,0.000000,0.000000,0.000000,0.000000,0.000000,0.000000,0,0,0,0
"-13,-14",0,0,0,0,595,4,99999,99999,99999,99999,99999,99999,0.000000,0.000000,0.000000,0.000000,0.000000,0.000000,0.000000,0.000000,0.000000,0.000000,0.000000,0.000000,0.000000,0.000000,0,0,0,0
"-13,-13",0,0,0,0,598,4,99999,99999,99999,99999,99999,99999,0.000000,0.000000,0.000000,0.000000,0.000000,0.000000,0.000000,0.000000,0.000000,0.000000,0.000000,0.000000,0.000000,0.000000,0,0,0,0
"-13,-12",0,0,0,0,601,4,99999,99999,99999,99999,99999,99999,0.000000,0.000000,0.000000,0.000000,0.000000,0.000000,0.000000,0.000000,0.000000,0.000000,0.000000,0.000000,0.000000,0.000000,0,0,0,0
"-13,-11",0,0,0,0,594,4,99999,99999,99999,99999,99999,99999,0.000000,0.000000,0.000000,0.000000,0.000000,0.000000,0.000000,0.000000,0.000000,0.000000,0.000000,0.000000,0.000000,0.000000,0,0,0,0
"-13,-10",0,0,0,0,594,4,99999,99999,99999,99999,99999,99999,0.000000,0.000000,0.000000,0.000000,0.000000,0.000000,0.000000,0.000000,0.000000,0.000000,0.000000,0.000000,0.000000,0.000000,0,0,0,0
"-13,-9",0,0,0,0,594,4,99999,99999,99999,99999,99999,99999,0.000000,0.000000,0.000000,0.000000,0.000000,0.000000,0.000000,0.000000,0.000000,0.000000,0.000000,0.000000,0.000000,0.000000,0,0,0,0
"-13,-8",0,0,0,0,588,4,99999,99999,99999,99999,99999,99999,0.000000,0.000000,0.000000,0.000000,0.000000,0.000000,0.000000,0.000000,0.000000,0.000000,0.000000,0.000000,0.000000,0.000000,0,0,0,0
"-13,-7",0,0,0,0,595,4,99999,99999,99999,99999,99999,99999,0.000000,0.000000,0.000000,0.000000,0.000000,0.000000,0.000000,0.000000,0.000000,0.000000,0.000000,0.000000,0.000000,0.000000,0,0,0,0
"-13,-6",0,0,0,0,599,4,99999,99999,99999,99999,99999,99999,0.000000,0.000000,0.000000,0.000000,0.000000,0.000000,0.000000,0.000000,0.000000,0.000000,0.000000,0.000000,0.000000,0.000000,0,0,0,0
"-13,-5",0,0,0,0,596,4,99999,99999,99999,99999,99999,99999,0.000000,0.000000,0.000000,0.000000,0.000000,0.000000,0.000000,0.000000,0.000000,0.000000,0.000000,0.000000,0.000000,0.000000,0,0,0,0
"-13,-4",0,0,0,0,594,4,99999,99999,99999,99999,99999,99999,0.000000,0.000000,0.000000,0.000000,0.000000,0.000000,0.000000,0.000000,0.000000,0.000000,0.000000,0.000000,0.000000,0.000000,0,0,0,0
"-13,-3",0,0,0,0,597,4,99999,99999,99999,99999,99999,99999,0.000000,0.000000,0.000000,0.000000,0.000000,0.000000,0.000000,0.000000,0.000000,0.000000,0.000000,0.000000,0.000000,0.000000,0,0,0,0
"-13,-2",0,0,0,0,594,4,99999,99999,99999,99999,99999,99999,0.000000,0.000000,0.000000,0.000000,0.000000,0.000000,0.000000,0.000000,0.000000,0.000000,0.000000,0.000000,0.000000,0.000000,0,0,0,0
"-13,-1",0,0,0,0,601,4,99999,99999,99999,99999,99999,99999,0.000000,0.000000,0.000000,0.000000,0.000000,0.000000,0.000000,0.000000,0.000000,0.000000,0.000000,0.000000,0.000000,0.000000,0,0,0,0
"-13,0",0,0,0,0,596,4,99999,99999,99999,99999,99999,99999,0.000000,0.000000,0.000000,0.000000,0.000000,0.000000,0.000000,0.000000,0.000000,0.000000,0.000000,0.000000,0.000000,0.000000,0,0,0,0
"-13,1",0,0,0,0,490,4,99999,99999,99999,99999,99999,99999,0.000000,0.000000,0.000000,0.000000,0.000000,0.000000,0.000000,0.000000,0.000000,0.000000,0.000000,0.000000,0.000000,0.000000,0,0,0,0
"-13,2",0,0,0,0,55,4,99999,99999,99999,99999,99999,99999,0.000000,0.000000,0.000000,0.000000,0.000000,0.000000,0.000000,0.000000,0.000000,0.000000,0.000000,0.000000,0.000000,0.000000,0,0,0,0
"-13,3",0,0,0,0,54,4,99999,99999,99999,99999,99999,99999,0.000000,0.000000,0.000000,0.000000,0.000000,0.000000,0.000000,0.000000,0.000000,0.000000,0.000000,0.000000,0.000000,0.000000,0,0,0,0
"-13,4",0,0,0,0,55,4,99999,99999,99999,99999,99999,99999,0.000000,0.000000,0.000000,0.000000,0.000000,0.000000,0.000000,0.000000,0.000000,0.000000,0.000000,0.000000,0.000000,0.000000,0,0,0,0
"-13,5",0,0,0,0,54,4,99999,99999,99999,99999,99999,99999,0.000000,0.000000,0.000000,0.000000,0.000000,0.000000,0.000000,0.000000,0.000000,0.000000,0.000000,0.000000,0.000000,0.000000,0,0,0,0
"-13,6",0,0,0,0,55,4,99999,99999,99999,99999,99999,99999,0.000000,0.000000,0.000000,0.000000,0.000000,0.000000,0.000000,0.000000,0.000000,0.000000,0.000000,0.000000,0.000000,0.000000,0,0,0,0
"-13,7",0,0,0,0,56,4,99999,99999,99999,99999,99999,99999,0.000000,0.000000,0.000000,0.000000,0.000000,0.000000,0.000000,0.000000,0.000000,0.000000,0.000000,0.000000,0.000000,0.000000,0,0,0,0
"-13,8",0,0,0,0,55,4,99999,99999,99999,99999,99999,99999,0.000000,0.000000,0.000000,0.000000,0.000000,0.000000,0.000000,0.000000,0.000000,0.000000,0.000000,0.000000,0.000000,0.000000,0,0,0,0
"-13,9",0,0,0,0,55,4,99999,99999,99999,99999,99999,99999,0.000000,0.000000,0.000000,0.000000,0.000000,0.000000,0.000000,0.000000,0.000000,0.000000,0.000000,0.000000,0.000000,0.000000,0,0,0,0
"-13,10",0,0,0,0,56,4,99999,99999,99999,99999,99999,99999,0.000000,0.000000,0.000000,0.000000,0.000000,0.000000,0.000000,0.000000,0.000000,0.000000,0.000000,0.000000,0.000000,0.000000,0,0,0,0
"-13,11",0,0,0,0,8,4,99999,99999,99999,99999,99999,99999,0.000000,0.000000,0.000000,0.000000,0.000000,0.000000,0.000000,0.000000,0.000000,0.000000,0.000000,0.000000,0.000000,0.000000,0,0,0,0
"-13,12",0,0,0,0,8,4,99999,99999,99999,99999,99999,99999,0.000000,0.000000,0.000000,0.000000,0.000000,0.000000,0.000000,0.000000,0.000000,0.000000,0.000000,0.000000,0.000000,0.000000,0,0,0,0
"-13,13",0,0,0,0,8,4,99999,99999,99999,99999,99999,99999,0.000000,0.000000,0.000000,0.000000,0.000000,0.000000,0.000000,0.000000,0.000000,0.000000,0.000000,0.000000,0.000000,0.000000,0,0,0,0
"-13,14",0,0,0,0,8,4,99999,99999,99999,99999,99999,99999,0.000000,0.000000,0.000000,0.000000,0.000000,0.000000,0.000000,0.000000,0.000000,0.000000,0.000000,0.000000,0.000000,0.000000,0,0,0,0
"-13,15",0,0,0,0,7,4,99999,99999,99999,99999,99999,99999,0.000000,0.000000,0.000000,0.000000,0.000000,0.000000,0.000000,0.000000,0.000000,0.000000,0.000000,0.000000,0.000000,0.000000,0,0,0,0
"-13,16",0,0,0,0,4,4,99999,99999,99999,99999,99999,99999,0.000000,0.000000,0.000000,0.000000,0.000000,0.000000,0.000000,0.000000,0.000000,0.000000,0.000000,0.000000,0.000000,0.000000,0,0,0,0
"-13,17",0,0,0,0,4,4,99999,99999,99999,99999,99999,99999,0.000000,0.000000,0.000000,0.000000,0.000000,0.000000,0.000000,0.000000,0.000000,0.000000,0.000000,0.000000,0.000000,0.000000,0,0,0,0
"-13,18",0,0,0,0,4,4,99999,99999,99999,99999,99999,99999,0.000000,0.000000,0.000000,0.000000,0.000000,0.000000,0.000000,0.000000,0.000000,0.000000,0.000000,0.000000,0.000000,0.000000,0,0,0,0
"-13,19",0,0,0,0,4,4,99999,99999,99999,99999,99999,99999,0.000000,0.000000,0.000000,0.000000,0.000000,0.000000,0.000000,0.000000,0.000000,0.000000,0.000000,0.000000,0.000000,0.000000,0,0,0,0
"-13,20",0,0,0,0,4,4,99999,99999,99999,99999,99999,99999,0.000000,0.000000,0.000000,0.000000,0.000000,0.000000,0.000000,0.000000,0.000000,0.000000,0.000000,0.000000,0.000000,0.000000,0,0,0,0
"-13,21",0,0,0,0,4,4,99999,99999,99999,99999,99999,99999,0.000000,0.000000,0.000000,0.000000,0.000000,0.000000,0.000000,0.000000,0.000000,0.000000,0.000000,0.000000,0.000000,0.000000,0,0,0,0
"-13,22",0,0,0,0,4,4,99999,99999,99999,99999,99999,99999,0.000000,0.000000,0.000000,0.000000,0.000000,0.000000,0.000000,0.000000,0.000000,0.000000,0.000000,0.000000,0.000000,0.000000,0,0,0,0
"-13,23",0,0,0,0,4,4,99999,99999,99999,99999,99999,99999,0.000000,0.000000,0.000000,0.000000,0.000000,0.000000,0.000000,0.000000,0.000000,0.000000,0.000000,0.000000,0.000000,0.000000,0,0,0,0
"-13,24",0,0,0,0,4,4,99999,99999,99999,99999,99999,99999,0.000000,0.000000,0.000000,0.000000,0.000000,0.000000,0.000000,0.000000,0.000000,0.000000,0.000000,0.000000,0.000000,0.000000,0,0,0,0
"-13,25",0,0,0,0,4,4,99999,99999,99999,99999,99999,99999,0.000000,0.000000,0.000000,0.000000,0.000000,0.000000,0.000000,0.000000,0.000000,0.000000,0.000000,0.000000,0.000000,0.000000,0,0,0,0
"-13,26",0,0,0,0,4,4,99999,99999,99999,99999,99999,99999,0.000000,0.000000,0.000000,0.000000,0.000000,0.000000,0.000000,0.000000,0.000000,0.000000,0.000000,0.000000,0.000000,0.000000,0,0,0,0
"-12,-26",0,0,0,0,646,4,99999,99999,99999,99999,99999,99999,0.000000,0.000000,0.000000,0.000000,0.000000,0.000000,0.000000,0.000000,0.000000,0.000000,0.000000,0.000000,0.000000,0.000000,0,0,0,0
"-12,-25",0,0,0,0,596,4,99999,99999,99999,99999,99999,99999,0.000000,0.000000,0.000000,0.000000,0.000000,0.000000,0.000000,0.000000,0.000000,0.000000,0.000000,0.000000,0.000000,0.000000,0,0,0,0
"-12,-24",0,0,0,0,594,4,99999,99999,99999,99999,99999,99999,0.000000,0.000000,0.000000,0.000000,0.000000,0.000000,0.000000,0.000000,0.000000,0.000000,0.000000,0.000000,0.000000,0.000000,0,0,0,0
"-12,-23",0,0,0,0,597,4,99999,99999,99999,99999,99999,99999,0.000000,0.000000,0.000000,0.000000,0.000000,0.000000,0.000000,0.000000,0.000000,0.000000,0.000000,0.000000,0.000000,0.000000,0,0,0,0
"-12,-22",0,0,0,0,593,4,99999,99999,99999,99999,99999,99999,0.000000,0.000000,0.000000,0.000000,0.000000,0.000000,0.000000,0.000000,0.000000,0.000000,0.000000,0.000000,0.000000,0.000000,0,0,0,0
"-12,-21",0,0,0,0,596,4,99999,99999,99999,99999,99999,99999,0.000000,0.000000,0.000000,0.000000,0.000000,0.000000,0.000000,0.000000,0.000000,0.000000,0.000000,0.000000,0.000000,0.000000,0,0,0,0
"-12,-20",0,0,0,0,594,4,99999,99999,99999,99999,99999,99999,0.000000,0.000000,0.000000,0.000000,0.000000,0.000000,0.000000,0.000000,0.000000,0.000000,0.000000,0.000000,0.000000,0.000000,0,0,0,0
"-12,-19",0,0,0,0,594,4,99999,99999,99999,99999,99999,99999,0.000000,0.000000,0.000000,0.000000,0.000000,0.000000,0.000000,0.000000,0.000000,0.000000,0.000000,0.000000,0.000000,0.000000,0,0,0,0
"-12,-18",0,0,0,0,680,4,99999,99999,99999,99999,99999,99999,0.000000,0.000000,0.000000,0.000000,0.000000,0.000000,0.000000,0.000000,0.000000,0.000000,0.000000,0.000000,0.000000,0.000000,0,0,0,0
"-12,-17",0,0,0,0,680,4,99999,99999,99999,99999,99999,99999,0.000000,0.000000,0.000000,0.000000,0.000000,0.000000,0.000000,0.000000,0.000000,0.000000,0.000000,0.000000,0.000000,0.000000,0,0,0,0
"-12,-16",0,0,0,0,683,4,99999,99999,99999,99999,99999,99999,0.000000,0.000000,0.000000,0.000000,0.000000,0.000000,0.000000,0.000000,0.000000,0.000000,0.000000,0.000000,0.000000,0.000000,0,0,0,0
"-12,-15",0,0,0,0,683,4,99999,99999,99999,99999,99999,99999,0.000000,0.000000,0.000000,0.000000,0.000000,0.000000,0.000000,0.000000,0.000000,0.000000,0.000000,0.000000,0.000000,0.000000,0,0,0,0
"-12,-14",0,0,0,0,685,4,99999,99999,99999,99999,99999,99999,0.000000,0.000000,0.000000,0.000000,0.000000,0.000000,0.000000,0.000000,0.000000,0.000000,0.000000,0.000000,0.000000,0.000000,0,0,0,0
"-12,-13",0,0,0,0,680,4,99999,99999,99999,99999,99999,99999,0.000000,0.000000,0.000000,0.000000,0.000000,0.000000,0.000000,0.000000,0.000000,0.000000,0.000000,0.000000,0.000000,0.000000,0,0,0,0
"-12,-12",0,0,0,0,675,4,99999,99999,99999,99999,99999,99999,0.000000,0.000000,0.000000,0.000000,0.000000,0.000000,0.000000,0.000000,0.000000,0.000000,0.000000,0.000000,0.000000,0.000000,0,0,0,0
"-12,-11",0,0,0,0,684,4,99999,99999,99999,99999,99999,99999,0.000000,0.000000,0.000000,0.000000,0.000000,0.000000,0.000000,0.000000,0.000000,0.000000,0.000000,0.000000,0.000000,0.000000,0,0,0,0
"-12,-10",0,0,0,0,673,4,99999,99999,99999,99999,99999,99999,0.000000,0.000000,0.000000,0.000000,0.000000,0.000000,0.000000,0.000000,0.000000,0.000000,0.000000,0.000000,0.000000,0.000000,0,0,0,0
"-12,-9",0,0,0,0,688,4,99999,99999,99999,99999,99999,99999,0.000000,0.000000,0.000000,0.000000,0.000000,0.000000,0.000000,0.000000,0.000000,0.000000,0.000000,0.000000,0.000000,0.000000,0,0,0,0
"-12,-8",0,0,0,0,683,4,99999,99999,99999,99999,99999,99999,0.000000,0.000000,0.000000,0.000000,0.000000,0.000000,0.000000,0.000000,0.000000,0.000000,0.000000,0.000000,0.000000,0.000000,0,0,0,0
"-12,-7",0,0,0,0,683,4,99999,99999,99999,99999,99999,99999,0.000000,0.000000,0.000000,0.000000,0.000000,0.000000,0.000000,0.000000,0.000000,0.000000,0.000000,0.000000,0.000000,0.000000,0,0,0,0
"-12,-6",0,0,0,0,684,4,99999,99999,99999,99999,99999,99999,0.000000,0.000000,0.000000,0.000000,0.000000,0.000000,0.000000,0.000000,0.000000,0.000000,0.000000,0.000000,0.000000,0.000000,0,0,0,0
"-12,-5",0,0,0,0,687,4,99999,99999,99999,99999,99999,99999,0.000000,0.000000,0.000000,0.000000,0.000000,0.000000,0.000000,0.000000,0.000000,0.000000,0.000000,0.000000,0.000000,0.000000,0,0,0,0
"-12,-4",0,0,0,0,680,4,99999,99999,99999,99999,99999,99999,0.000000,0.000000,0.000000,0.000000,0.000000,0.000000,0.000000,0.000000,0.000000,0.000000,0.000000,0.000000,0.000000,0.000000,0,0,0,0
"-12,-3",0,0,0,0,687,4,99999,99999,99999,99999,99999,99999,0.000000,0.000000,0.000000,0.000000,0.000000,0.000000,0.000000,0.000000,0.000000,0.000000,0.000000,0.000000,0.000000,0.000000,0,0,0,0
"-12,-2",0,0,0,0,680,4,99999,99999,99999,99999,99999,99999,0.000000,0.000000,0.000000,0.000000,0.000000,0.000000,0.000000,0.000000,0.000000,0.000000,0.000000,0.000000,0.000000,0.000000,0,0,0,0
"-12,-1",0,0,0,0,682,4,99999,99999,99999,99999,99999,99999,0.000000,0.000000,0.000000,0.000000,0.000000,0.000000,0.000000,0.000000,0.000000,0.000000,0.000000,0.000000,0.000000,0.000000,0,0,0,0
"-12,0",0,0,0,0,679,4,99999,99999,99999,99999,99999,99999,0.000000,0.000000,0.000000,0.000000,0.000000,0.000000,0.000000,0.000000,0.000000,0.000000,0.000000,0.000000,0.000000,0.000000,0,0,0,0
"-12,1",0,0,0,0,682,4,99999,99999,99999,99999,99999,99999,0.000000,0.000000,0.000000,0.000000,0.000000,0.000000,0.000000,0.000000,0.000000,0.000000,0.000000,0.000000,0.000000,0.000000,0,0,0,0
"-12,2",0,0,0,0,684,4,99999,99999,99999,99999,99999,99999,0.000000,0.000000,0.000000,0.000000,0.000000,0.000000,0.000000,0.000000,0.000000,0.000000,0.000000,0.000000,0.000000,0.000000,0,0,0,0
"-12,3",0,0,0,0,57,4,99999,99999,99999,99999,99999,99999,0.000000,0.000000,0.000000,0.000000,0.000000,0.000000,0.000000,0.000000,0.000000,0.000000,0.000000,0.000000,0.000000,0.000000,0,0,0,0
"-12,4",0,0,0,0,54,4,99999,99999,99999,99999,99999,99999,0.000000,0.000000,0.000000,0.000000,0.000000,0.000000,0.000000,0.000000,0.000000,0.000000,0.000000,0.000000,0.000000,0.000000,0,0,0,0
"-12,5",0,0,0,0,55,4,99999,99999,99999,99999,99999,99999,0.000000,0.000000,0.000000,0.000000,0.000000,0.000000,0.000000,0.000000,0.000000,0.000000,0.000000,0.000000,0.000000,0.000000,0,0,0,0
"-12,6",0,0,0,0,56,4,99999,99999,99999,99999,99999,99999,0.000000,0.000000,0.000000,0.000000,0.000000,0.000000,0.000000,0.000000,0.000000,0.000000,0.000000,0.000000,0.000000,0.000000,0,0,0,0
"-12,7",0,0,0,0,55,4,99999,99999,99999,99999,99999,99999,0.000000,0.000000,0.000000,0.000000,0.000000,0.000000,0.000000,0.000000,0.000000,0.000000,0.000000,0.000000,0.000000,0.000000,0,0,0,0
"-12,8",0,0,0,0,55,4,99999,99999,99999,99999,99999,99999,0.000000,0.000000,0.000000,0.000000,0.000000,0.000000,0.000000,0.000000,0.000000,0.000000,0.000000,0.000000,0.000000,0.000000,0,0,0,0
"-12,9",0,0,0,0,55,4,99999,99999,99999,99999,99999,99999,0.000000,0.000000,0.000000,0.000000,0.000000,0.000000,0.000000,0.000000,0.000000,0.000000,0.000000,0.000000,0.000000,0.000000,0,0,0,0
"-12,10",0,0,0,0,54,4,99999,99999,99999,99999,99999,99999,0.000000,0.000000,0.000000,0.000000,0.000000,0.000000,0.000000,0.000000,0.000000,0.000000,0.000000,0.000000,0.000000,0.000000,0,0,0,0
"-12,11",0,0,0,0,55,4,99999,99999,99999,99999,99999,99999,0.000000,0.000000,0.000000,0.000000,0.000000,0.000000,0.000000,0.000000,0.000000,0.000000,0.000000,0.000000,0.000000,0.000000,0,0,0,0
"-12,12",0,0,0,0,8,4,99999,99999,99999,99999,99999,99999,0.000000,0.000000,0.000000,0.000000,0.000000,0.000000,0.000000,0.000000,0.000000,0.000000,0.000000,0.000000,0.000000,0.000000,0,0,0,0
"-12,13",0,0,0,0,8,4,99999,99999,99999,99999,99999,99999,0.000000,0.000000,0.000000,0.000000,0.000000,0.000000,0.000000,0.000000,0.000000,0.000000,0.000000,0.000000,0.000000,0.000000,0,0,0,0
"-12,14",0,0,0,0,8,4,99999,99999,99999,99999,99999,99999,0.000000,0.000000,0.000000,0.000000,0.000000,0.000000,0.000000,0.000000,0.000000,0.000000,0.000000,0.000000,0.000000,0.000000,0,0,0,0
"-12,15",0,0,0,0,7,4,99999,99999,99999,99999,99999,99999,0.000000,0.000000,0.000000,0.000000,0.000000,0.000000,0.000000,0.000000,0.000000,0.000000,0.000000,0.000000,0.000000,0.000000,0,0,0,0
"-12,16",0,0,0,0,8,4,99999,99999,99999,99999,99999,99999,0.000000,0.000000,0.000000,0.000000,0.000000,0.000000,0.000000,0.000000,0.000000,0.000000,0.000000,0.000000,0.000000,0.000000,0,0,0,0
"-12,17",0,0,0,0,4,4,99999,99999,99999,99999,99999,99999,0.000000,0.000000,0.000000,0.000000,0.000000,0.000000,0.000000,0.000000,0.000000,0.000000,0.000000,0.000000,0.000000,0.000000,0,0,0,0
"-12,18",0,0,0,0,4,4,99999,99999,99999,99999,99999,99999,0.000000,0.000000,0.000000,0.000000,0.000000,0.000000,0.000000,0.000000,0.000000,0.000000,0.000000,0.000000,0.000000,0.000000,0,0,0,0
"-12,19",0,0,0,0,4,4,99999,99999,99999,99999,99999,99999,0.000000,0.000000,0.000000,0.000000,0.000000,0.000000,0.000000,0.000000,0.000000,0.000000,0.000000,0.000000,0.000000,0.000000,0,0,0,0
"-12,20",0,0,0,0,4,4,99999,99999,99999,99999,99999,99999,0.000000,0.000000,0.000000,0.000000,0.000000,0.000000,0.000000,0.000000,0.000000,0.000000,0.000000,0.000000,0.000000,0.000000,0,0,0,0
"-12,21",0,0,0,0,4,4,99999,99999,99999,99999,99999,99999,0.000000,0.000000,0.000000,0.000000,0.000000,0.000000,0.000000,0.000000,0.000000,0.000000,0.000000,0.000000,0.000000,0.000000,0,0,0,0
"-12,22",0,0,0,0,4,4,99999,99999,99999,99999,99999,99999,0.000000,0.000000,0.000000,0.000000,0.000000,0.000000,0.000000,0.000000,0.000000,0.000000,0.000000,0.000000,0.000000,0.000000,0,0,0,0
"-12,23",0,0,0,0,4,4,99999,99999,99999,99999,99999,99999,0.000000,0.000000,0.000000,0.000000,0.000000,0.000000,0.000000,0.000000,0.000000,0.000000,0.000000,0.000000,0.000000,0.000000,0,0,0,0
"-12,24",0,0,0,0,4,4,99999,99999,99999,99999,99999,99999,0.000000,0.000000,0.000000,0.000000,0.000000,0.000000,0.000000,0.000000,0.000000,0.000000,0.000000,0.000000,0.000000,0.000000,0,0,0,0
"-12,25",0,0,0,0,4,4,99999,99999,99999,99999,99999,99999,0.000000,0.000000,0.000000,0.000000,0.000000,0.000000,0.000000,0.000000,0.000000,0.000000,0.000000,0.000000,0.000000,0.000000,0,0,0,0
"-12,26",0,0,0,0,4,4,99999,99999,99999,99999,99999,99999,0.000000,0.000000,0.000000,0.000000,0.000000,0.000000,0.000000,0.000000,0.000000,0.000000,0.000000,0.000000,0.000000,0.000000,0,0,0,0
"-11,-26",0,0,0,0,685,4,99999,99999,99999,99999,99999,99999,0.000000,0.000000,0.000000,0.000000,0.000000,0.000000,0.000000,0.000000,0.000000,0.000000,0.000000,0.000000,0.000000,0.000000,0,0,0,0
"-11,-25",0,0,0,0,687,4,99999,99999,99999,99999,99999,99999,0.000000,0.000000,0.000000,0.000000,0.000000,0.000000,0.000000,0.000000,0.000000,0.000000,0.000000,0.000000,0.000000,0.000000,0,0,0,0
"-11,-24",0,0,0,0,679,4,99999,99999,99999,99999,99999,99999,0.000000,0.000000,0.000000,0.000000,0.000000,0.000000,0.000000,0.000000,0.000000,0.000000,0.000000,0.000000,0.000000,0.000000,0,0,0,0
"-11,-23",0,0,0,0,683,4,99999,99999,99999,99999,99999,99999,0.000000,0.000000,0.000000,0.000000,0.000000,0.000000,0.000000,0.000000,0.000000,0.000000,0.000000,0.000000,0.000000,0.000000,0,0,0,0
"-11,-22",0,0,0,0,684,4,99999,99999,99999,99999,99999,99999,0.000000,0.000000,0.000000,0.000000,0.000000,0.000000,0.000000,0.000000,0.000000,0.000000,0.000000,0.000000,0.000000,0.000000,0,0,0,0
"-11,-21",0,0,0,0,681,4,99999,99999,99999,99999,99999,99999,0.000000,0.000000,0.000000,0.000000,0.000000,0.000000,0.000000,0.000000,0.000000,0.000000,0.000000,0.000000,0.000000,0.000000,0,0,0,0
"-11,-20",0,0,0,0,677,4,99999,99999,99999,99999,99999,99999,0.000000,0.000000,0.000000,0.000000,0.000000,0.000000,0.000000,0.000000,0.000000,0.000000,0.000000,0.000000,0.000000,0.000000,0,0,0,0
"-11,-19",0,0,0,0,680,4,99999,99999,99999,99999,99999,99999,0.000000,0.000000,0.000000,0.000000,0.000000,0.000000,0.000000,0.000000,0.000000,0.000000,0.000000,0.000000,0.000000,0.000000,0,0,0,0
"-11,-18",0,0,0,0,686,4,99999,99999,99999,99999,99999,99999,0.000000,0.000000,0.000000,0.000000,0.000000,0.000000,0.000000,0.000000,0.000000,0.000000,0.000000,0.000000,0.000000,0.000000,0,0,0,0
"-11,-17",0,0,0,0,685,4,99999,99999,99999,99999,99999,99999,0.000000,0.000000,0.000000,0.000000,0.000000,0.000000,0.000000,0.000000,0.000000,0.000000,0.000000,0.000000,0.000000,0.000000,0,0,0,0
"-11,-16",0,0,0,0,685,4,99999,99999,99999,99999,99999,99999,0.000000,0.000000,0.000000,0.000000,0.000000,0.000000,0.000000,0.000000,0.000000,0.000000,0.000000,0.000000,0.000000,0.000000,0,0,0,0
"-11,-15",0,0,0,0,683,4,99999,99999,99999,99999,99999,99999,0.000000,0.000000,0.000000,0.000000,0.000000,0.000000,0.000000,0.000000,0.000000,0.000000,0.000000,0.000000,0.000000,0.000000,0,0,0,0
"-11,-14",0,0,0,0,685,4,99999,99999,99999,99999,99999,99999,0.000000,0.000000,0.000000,0.000000,0.000000,0.000000,0.000000,0.000000,0.000000,0.000000,0.000000,0.000000,0.000000,0.000000,0,0,0,0
"-11,-13",0,0,0,0,685,4,99999,99999,99999,99999,99999,99999,0.000000,0.000000,0.000000,0.000000,0.000000,0.000000,0.000000,0.000000,0.000000,0.000000,0.000000,0.000000,0.000000,0.000000,0,0,0,0
"-11,-12",0,0,0,0,661,4,99999,99999,99999,99999,99999,99999,0.000000,0.000000,0.000000,0.000000,0.000000,0.000000,0.000000,0.000000,0.000000,0.000000,0.000000,0.000000,0.000000,0.000000,0,0,0,0
"-11,-11",0,0,0,0,681,4,99999,99999,99999,99999,99999,99999,0.000000,0.000000,0.000000,0.000000,0.000000,0.000000,0.000000,0.000000,0.000000,0.000000,0.000000,0.000000,0.000000,0.000000,0,0,0,0
"-11,-10",0,0,0,0,682,4,99999,99999,99999,99999,99999,99999,0.000000,0.000000,0.000000,0.000000,0.000000,0.000000,0.000000,0.000000,0.000000,0.000000,0.000000,0.000000,0.000000,0.000000,0,0,0,0
"-11,-9",0,0,0,0,683,4,99999,99999,99999,99999,99999,99999,0.000000,0.000000,0.000000,0.000000,0.000000,0.000000,0.000000,0.000000,0.000000,0.000000,0.000000,0.000000,0.000000,0.000000,0,0,0,0
"-11,-8",0,0,0,0,679,4,99999,99999,99999,99999,99999,99999,0.000000,0.000000,0.000000,0.000000,0.000000,0.000000,0.000000,0.000000,0.000000,0.000000,0.000000,0.000000,0.000000,0.000000,0,0,0,0
"-11,-7",0,0,0,0,683,4,99999,99999,99999,99999,99999,99999,0.000000,0.000000,0.000000,0.000000,0.000000,0.000000,0.000000,0.000000,0.000000,0.000000,0.000000,0.000000,0.000000,0.000000,0,0,0,0
"-11,-6",0,0,0,0,684,4,99999,99999,99999,99999,99999,99999,0.000000,0.000000,0.000000,0.000000,0.000000,0.000000,0.000000,0.000000,0.000000,0.000000,0.000000,0.000000,0.000000,0.000000,0,0,0,0
"-11,-5",0,0,0,0,679,4,99999,99999,99999,99999,99999,99999,0.000000,0.000000,0.000000,0.000000,0.000000,0.000000,0.000000,0.000000,0.000000,0.000000,0.000000,0.000000,0.000000,0.000000,0,0,0,0
"-11,-4",0,0,0,0,680,4,99999,99999,99999,99999,99999,99999,0.000000,0.000000,0.000000,0.000000,0.000000,0.000000,0.000000,0.000000,0.000000,0.000000,0.000000,0.000000,0.000000,0.000000,0,0,0,0
"-11,-3",0,0,0,0,673,4,99999,99999,99999,99999,99999,99999,0.000000,0.000000,0.000000,0.000000,0.000000,0.000000,0.000000,0.000000,0.000000,0.000000,0.000000,0.000000,0.000000,0.000000,0,0,0,0
"-11,-2",0,0,0,0,685,4,99999,99999,99999,99999,99999,99999,0.000000,0.000000,0.000000,0.000000,0.000000,0.000000,0.000000,0.000000,0.000000,0.000000,0.000000,0.000000,0.000000,0.000000,0,0,0,0
"-11,-1",0,0,0,0,679,4,99999,99999,99999,99999,99999,99999,0.000000,0.000000,0.000000,0.000000,0.000000,0.000000,0.000000,0.000000,0.000000,0.000000,0.000000,0.000000,0.000000,0.000000,0,0,0,0
"-11,0",0,0,0,0,674,4,99999,99999,99999,99999,99999,99999,0.000000,0.000000,0.000000,0.000000,0.000000,0.000000,0.000000,0.000000,0.000000,0.000000,0.000000,0.000000,0.000000,0.000000,0,0,0,0
"-11,1",0,0,0,0,677,4,99999,99999,99999,99999,99999,99999,0.000000,0.000000,0.000000,0.000000,0.000000,0.000000,0.000000,0.000000,0.000000,0.000000,0.000000,0.000000,0.000000,0.000000,0,0,0,0
"-11,2",0,0,0,0,683,4,99999,99999,99999,99999,99999,99999,0.000000,0.000000,0.000000,0.000000,0.000000,0.000000,0.000000,0.000000,0.000000,0.000000,0.000000,0.000000,0.000000,0.000000,0,0,0,0
"-11,3",0,0,0,0,682,4,99999,99999,99999,99999,99999,99999,0.000000,0.000000,0.000000,0.000000,0.000000,0.000000,0.000000,0.000000,0.000000,0.000000,0.000000,0.000000,0.000000,0.000000,0,0,0,0
"-11,4",0,0,0,0,56,4,99999,99999,99999,99999,99999,99999,0.000000,0.000000,0.000000,0.000000,0.000000,0.000000,0.000000,0.000000,0.000000,0.000000,0.000000,0.000000,0.000000,0.000000,0,0,0,0
"-11,5",0,0,0,0,56,4,99999,99999,99999,99999,99999,99999,0.000000,0.000000,0.000000,0.000000,0.000000,0.000000,0.000000,0.000000,0.000000,0.000000,0.000000,0.000000,0.000000,0.000000,0,0,0,0
"-11,6",0,0,0,0,56,4,99999,99999,99999,99999,99999,99999,0.000000,0.000000,0.000000,0.000000,0.000000,0.000000,0.000000,0.000000,0.000000,0.000000,0.000000,0.000000,0.000000,0.000000,0,0,0,0
"-11,7",0,0,0,0,55,4,99999,99999,99999,99999,99999,99999,0.000000,0.000000,0.000000,0.000000,0.000000,0.000000,0.000000,0.000000,0.000000,0.000000,0.000000,0.000000,0.000000,0.000000,0,0,0,0
"-11,8",0,0,0,0,55,4,99999,99999,99999,99999,99999,99999,0.000000,0.000000,0.000000,0.000000,0.000000,0.000000,0.000000,0.000000,0.000000,0.000000,0.000000,0.000000,0.000000,0.000000,0,0,0,0
"-11,9",0,0,0,0,56,4,99999,99999,99999,99999,99999,99999,0.000000,0.000000,0.000000,0.000000,0.000000,0.000000,0.000000,0.000000,0.000000,0.000000,0.000000,0.000000,0.000000,0.000000,0,0,0,0
"-11,10",0,0,0,0,56,4,99999,99999,99999,99999,99999,99999,0.000000,0.000000,0.000000,0.000000,0.000000,0.000000,0.000000,0.000000,0.000000,0.000000,0.000000,0.000000,0.000000,0.000000,0,0,0,0
"-11,11",0,0,0,0,56,4,99999,99999,99999,99999,99999,99999,0.000000,0.000000,0.000000,0.000000,0.000000,0.000000,0.000000,0.000000,0.000000,0.000000,0.000000,0.000000,0.000000,0.000000,0,0,0,0
"-11,12",0,0,0,0,8,4,99999,99999,99999,99999,99999,99999,0.000000,0.000000,0.000000,0.000000,0.000000,0.000000,0.000000,0.000000,0.000000,0.000000,0.000000,0.000000,0.000000,0.000000,0,0,0,0
"-11,13",0,0,0,0,8,4,99999,99999,99999,99999,99999,99999,0.000000,0.000000,0.000000,0.000000,0.000000,0.000000,0.000000,0.000000,0.000000,0.000000,0.000000,0.000000,0.000000,0.000000,0,0,0,0
"-11,14",0,0,0,0,8,4,99999,99999,99999,99999,99999,99999,0.000000,0.000000,0.000000,0.000000,0.000000,0.000000,0.000000,0.000000,0.000000,0.000000,0.000000,0.000000,0.000000,0.000000,0,0,0,0
"-11,15",0,0,0,0,7,4,99999,99999,99999,99999,99999,99999,0.000000,0.000000,0.000000,0.000000,0.000000,0.000000,0.000000,0.000000,0.000000,0.000000,0.000000,0.000000,0.000000,0.000000,0,0,0,0
"-11,16",0,0,0,0,8,4,99999,99999,99999,99999,99999,99999,0.000000,0.000000,0.000000,0.000000,0.000000,0.000000,0.000000,0.000000,0.000000,0.000000,0.000000,0.000000,0.000000,0.000000,0,0,0,0
"-11,17",0,0,0,0,8,4,99999,99999,99999,99999,99999,99999,0.000000,0.000000,0.000000,0.000000,0.000000,0.000000,0.000000,0.000000,0.000000,0.000000,0.000000,0.000000,0.000000,0.000000,0,0,0,0
"-11,18",0,0,0,0,4,4,99999,99999,99999,99999,99999,99999,0.000000,0.000000,0.000000,0.000000,0.000000,0.000000,0.000000,0.000000,0.000000,0.000000,0.000000,0.000000,0.000000,0.000000,0,0,0,0
"-11,19",0,0,0,0,4,4,99999,99999,99999,99999,99999,99999,0.000000,0.000000,0.000000,0.000000,0.000000,0.000000,0.000000,0.000000,0.000000,0.000000,0.000000,0.000000,0.000000,0.000000,0,0,0,0
"-11,20",0,0,0,0,4,4,99999,99999,99999,99999,99999,99999,0.000000,0.000000,0.000000,0.000000,0.000000,0.000000,0.000000,0.000000,0.000000,0.000000,0.000000,0.000000,0.000000,0.000000,0,0,0,0
"-11,21",0,0,0,0,4,4,99999,99999,99999,99999,99999,99999,0.000000,0.000000,0.000000,0.000000,0.000000,0.000000,0.000000,0.000000,0.000000,0.000000,0.000000,0.000000,0.000000,0.000000,0,0,0,0
"-11,22",0,0,0,0,4,4,99999,99999,99999,99999,99999,99999,0.000000,0.000000,0.000000,0.000000,0.000000,0.000000,0.000000,0.000000,0.000000,0.000000,0.000000,0.000000,0.000000,0.000000,0,0,0,0
"-11,23",0,0,0,0,4,4,99999,99999,99999,99999,99999,99999,0.000000,0.000000,0.000000,0.000000,0.000000,0.000000,0.000000,0.000000,0.000000,0.000000,0.000000,0.000000,0.000000,0.000000,0,0,0,0
"-11,24",0,0,0,0,4,4,99999,99999,99999,99999,99999,99999,0.000000,0.000000,0.000000,0.000000,0.000000,0.000000,0.000000,0.000000,0.000000,0.000000,0.000000,0.000000,0.000000,0.000000,0,0,0,0
"-11,25",0,0,0,0,4,4,99999,99999,99999,99999,99999,99999,0.000000,0.000000,0.000000,0.000000,0.000000,0.000000,0.000000,0.000000,0.000000,0.000000,0.000000,0.000000,0.000000,0.000000,0,0,0,0
"-11,26",0,0,0,0,4,4,99999,99999,99999,99999,99999,99999,0.000000,0.000000,0.000000,0.000000,0.000000,0.000000,0.000000,0.000000,0.000000,0.000000,0.000000,0.000000,0.000000,0.000000,0,0,0,0
"-10,-26",0,0,0,0,678,4,99999,99999,99999,99999,99999,99999,0.000000,0.000000,0.000000,0.000000,0.000000,0.000000,0.000000,0.000000,0.000000,0.000000,0.000000,0.000000,0.000000,0.000000,0,0,0,0
"-10,-25",0,0,0,0,680,4,99999,99999,99999,99999,99999,99999,0.000000,0.000000,0.000000,0.000000,0.000000,0.000000,0.000000,0.000000,0.000000,0.000000,0.000000,0.000000,0.000000,0.000000,0,0,0,0
"-10,-24",0,0,0,0,681,4,99999,99999,99999,99999,99999,99999,0.000000,0.000000,0.000000,0.000000,0.000000,0.000000,0.000000,0.000000,0.000000,0.000000,0.000000,0.000000,0.000000,0.000000,0,0,0,0
"-10,-23",0,0,0,0,678,4,99999,99999,99999,99999,99999,99999,0.000000,0.000000,0.000000,0.000000,0.000000,0.000000,0.000000,0.000000,0.000000,0.000000,0.000000,0.000000,0.000000,0.000000,0,0,0,0
"-10,-22",0,0,0,0,676,4,99999,99999,99999,99999,99999,99999,0.000000,0.000000,0.000000,0.000000,0.000000,0.000000,0.000000,0.000000,0.000000,0.000000,0.000000,0.000000,0.000000,0.000000,0,0,0,0
"-10,-21",0,0,0,0,682,4,99999,99999,99999,99999,99999,99999,0.000000,0.000000,0.000000,0.000000,0.000000,0.000000,0.000000,0.000000,0.000000,0.000000,0.000000,0.000000,0.000000,0.000000,0,0,0,0
"-10,-20",0,0,0,0,687,4,99999,99999,99999,99999,99999,99999,0.000000,0.000000,0.000000,0.000000,0.000000,0.000000,0.000000,0.000000,0.000000,0.000000,0.000000,0.000000,0.000000,0.000000,0,0,0,0
"-10,-19",0,0,0,0,682,4,99999,99999,99999,99999,99999,99999,0.000000,0.000000,0.000000,0.000000,0.000000,0.000000,0.000000,0.000000,0.000000,0.000000,0.000000,0.000000,0.000000,0.000000,0,0,0,0
"-10,-18",0,0,0,0,683,4,99999,99999,99999,99999,99999,99999,0.000000,0.000000,0.000000,0.000000,0.000000,0.000000,0.000000,0.000000,0.000000,0.000000,0.000000,0.000000,0.000000,0.000000,0,0,0,0
"-10,-17",0,0,0,0,680,4,99999,99999,99999,99999,99999,99999,0.000000,0.000000,0.000000,0.000000,0.000000,0.000000,0.000000,0.000000,0.000000,0.000000,0.000000,0.000000,0.000000,0.000000,0,0,0,0
"-10,-16",0,0,0,0,676,4,99999,99999,99999,99999,99999,99999,0.000000,0.000000,0.000000,0.000000,0.000000,0.000000,0.000000,0.000000,0.000000,0.000000,0.000000,0.000000,0.000000,0.000000,0,0,0,0
"-10,-15",0,0,0,0,678,4,99999,99999,99999,99999,99999,99999,0.000000,0.000000,0.000000,0.000000,0.000000,0.000000,0.000000,0.000000,0.000000,0.000000,0.000000,0.000000,0.000000,0.000000,0,0,0,0
"-10,-14",0,0,0,0,680,4,99999,99999,99999,99999,99999,99999,0.000000,0.000000,0.000000,0.000000,0.000000,0.000000,0.000000,0.000000,0.000000,0.000000,0.000000,0.000000,0.000000,0.000000,0,0,0,0
"-10,-13",0,0,0,0,681,4,99999,99999,99999,99999,99999,99999,0.000000,0.000000,0.000000,0.000000,0.000000,0.000000,0.000000,0.000000,0.000000,0.000000,0.000000,0.000000,0.000000,0.000000,0,0,0,0
"-10,-12",0,0,0,0,681,4,99999,99999,99999,99999,99999,99999,0.000000,0.000000,0.000000,0.000000,0.000000,0.000000,0.000000,0.000000,0.000000,0.000000,0.000000,0.000000,0.000000,0.000000,0,0,0,0
"-10,-11",0,0,0,0,685,4,99999,99999,99999,99999,99999,99999,0.000000,0.000000,0.000000,0.000000,0.000000,0.000000,0.000000,0.000000,0.000000,0.000000,0.000000,0.000000,0.000000,0.000000,0,0,0,0
"-10,-10",0,0,0,0,682,4,99999,99999,99999,99999,99999,99999,0.000000,0.000000,0.000000,0.000000,0.000000,0.000000,0.000000,0.000000,0.000000,0.000000,0.000000,0.000000,0.000000,0.000000,0,0,0,0
"-10,-9",0,0,0,0,679,4,99999,99999,99999,99999,99999,99999,0.000000,0.000000,0.000000,0.000000,0.000000,0.000000,0.000000,0.000000,0.000000,0.000000,0.000000,0.000000,0.000000,0.000000,0,0,0,0
"-10,-8",0,0,0,0,682,4,99999,99999,99999,99999,99999,99999,0.000000,0.000000,0.000000,0.000000,0.000000,0.000000,0.000000,0.000000,0.000000,0.000000,0.000000,0.000000,0.000000,0.000000,0,0,0,0
"-10,-7",0,0,0,0,683,4,99999,99999,99999,99999,99999,99999,0.000000,0.000000,0.000000,0.000000,0.000000,0.000000,0.000000,0.000000,0.000000,0.000000,0.000000,0.000000,0.000000,0.000000,0,0,0,0
"-10,-6",0,0,0,0,682,4,99999,99999,99999,99999,99999,99999,0.000000,0.000000,0.000000,0.000000,0.000000,0.000000,0.000000,0.000000,0.000000,0.000000,0.000000,0.000000,0.000000,0.000000,0,0,0,0
"-10,-5",0,0,0,0,665,4,99999,99999,99999,99999,99999,99999,0.000000,0.000000,0.000000,0.000000,0.000000,0.000000,0.000000,0.000000,0.000000,0.000000,0.000000,0.000000,0.000000,0.000000,0,0,0,0
"-10,-4",0,0,0,0,683,4,99999,99999,99999,99999,99999,99999,0.000000,0.000000,0.000000,0.000000,0.000000,0.000000,0.000000,0.000000,0.000000,0.000000,0.000000,0.000000,0.000000,0.000000,0,0,0,0
"-10,-3",0,0,0,0,679,4,99999,99999,99999,99999,99999,99999,0.000000,0.000000,0.000000,0.000000,0.000000,0.000000,0.000000,0.000000,0.000000,0.000000,0.000000,0.000000,0.000000,0.000000,0,0,0,0
"-10,-2",0,0,0,0,683,4,99999,99999,99999,99999,99999,99999,0.000000,0.000000,0.000000,0.000000,0.000000,0.000000,0.000000,0.000000,0.000000,0.000000,0.000000,0.000000,0.000000,0.000000,0,0,0,0
"-10,-1",0,0,0,0,680,4,99999,99999,99999,99999,99999,99999,0.000000,0.000000,0.000000,0.000000,0.000000,0.000000,0.000000,0.000000,0.000000,0.000000,0.000000,0.000000,0.000000,0.000000,0,0,0,0
"-10,0",0,0,0,0,677,4,99999,99999,99999,99999,99999,99999,0.000000,0.000000,0.000000,0.000000,0.000000,0.000000,0.000000,0.000000,0.000000,0.000000,0.000000,0.000000,0.000000,0.000000,0,0,0,0
"-10,1",0,0,0,0,682,4,99999,99999,99999,99999,99999,99999,0.000000,0.000000,0.000000,0.000000,0.000000,0.000000,0.000000,0.000000,0.000000,0.000000,0.000000,0.000000,0.000000,0.000000,0,0,0,0
"-10,2",0,0,0,0,677,4,99999,99999,99999,99999,99999,99999,0.000000,0.000000,0.000000,0.000000,0.000000,0.000000,0.000000,0.000000,0.000000,0.000000,0.000000,0.000000,0.000000,0.000000,0,0,0,0
"-10,3",0,0,0,0,681,4,99999,99999,99999,99999,99999,99999,0.000000,0.000000,0.000000,0.000000,0.000000,0.000000,0.000000,0.000000,0.000000,0.000000,0.000000,0.000000,0.000000,0.000000,0,0,0,0
"-10,4",0,0,0,0,682,4,99999,99999,99999,99999,99999,99999,0.000000,0.000000,0.000000,0.000000,0.000000,0.000000,0.000000,0.000000,0.000000,0.000000,0.000000,0.000000,0.000000,0.000000,0,0,0,0
"-10,5",0,0,0,0,55,4,99999,99999,99999,99999,99999,99999,0.000000,0.000000,0.000000,0.000000,0.000000,0.000000,0.000000,0.000000,0.000000,0.000000,0.000000,0.000000,0.000000,0.000000,0,0,0,0
"-10,6",0,0,0,0,56,4,99999,99999,99999,99999,99999,99999,0.000000,0.000000,0.000000,0.000000,0.000000,0.000000,0.000000,0.000000,0.000000,0.000000,0.000000,0.000000,0.000000,0.000000,0,0,0,0
"-10,7",0,0,0,0,56,4,99999,99999,99999,99999,99999,99999,0.000000,0.000000,0.000000,0.000000,0.000000,0.000000,0.000000,0.000000,0.000000,0.000000,0.000000,0.000000,0.000000,0.000000,0,0,0,0
"-10,8",0,0,0,0,56,4,99999,99999,99999,99999,99999,99999,0.000000,0.000000,0.000000,0.000000,0.000000,0.000000,0.000000,0.000000,0.000000,0.000000,0.000000,0.000000,0.000000,0.000000,0,0,0,0
"-10,9",0,0,0,0,55,4,99999,99999,99999,99999,99999,99999,0.000000,0.000000,0.000000,0.000000,0.000000,0.000000,0.000000,0.000000,0.000000,0.000000,0.000000,0.000000,0.000000,0.000000,0,0,0,0
"-10,10",0,0,0,0,55,4,99999,99999,99999,99999,99999,99999,0.000000,0.000000,0.000000,0.000000,0.000000,0.000000,0.000000,0.000000,0.000000,0.000000,0.000000,0.000000,0.000000,0.000000,0,0,0,0
"-10,11",0,0,0,0,55,4,99999,99999,99999,99999,99999,99999,0.000000,0.000000,0.000000,0.000000,0.000000,0.000000,0.000000,0.000000,0.000000,0.000000,0.000000,0.000000,0.000000,0.000000,0,0,0,0
"-10,12",0,0,0,0,55,4,99999,99999,99999,99999,99999,99999,0.000000,0.000000,0.000000,0.000000,0.000000,0.000000,0.000000,0.000000,0.000000,0.000000,0.000000,0.000000,0.000000,0.000000,0,0,0,0
"-10,13",0,0,0,0,8,4,99999,99999,99999,99999,99999,99999,0.000000,0.000000,0.000000,0.000000,0.000000,0.000000,0.000000,0.000000,0.000000,0.000000,0.000000,0.000000,0.000000,0.000000,0,0,0,0
"-10,14",0,0,0,0,7,4,99999,99999,99999,99999,99999,99999,0.000000,0.000000,0.000000,0.000000,0.000000,0.000000,0.000000,0.000000,0.000000,0.000000,0.000000,0.000000,0.000000,0.000000,0,0,0,0
"-10,15",0,0,0,0,7,4,99999,99999,99999,99999,99999,99999,0.000000,0.000000,0.000000,0.000000,0.000000,0.000000,0.000000,0.000000,0.000000,0.000000,0.000000,0.000000,0.000000,0.000000,0,0,0,0
"-10,16",0,0,0,0,7,4,99999,99999,99999,99999,99999,99999,0.000000,0.000000,0.000000,0.000000,0.000000,0.000000,0.000000,0.000000,0.000000,0.000000,0.000000,0.000000,0.000000,0.000000,0,0,0,0
"-10,17",0,0,0,0,8,4,99999,99999,99999,99999,99999,99999,0.000000,0.000000,0.000000,0.000000,0.000000,0.000000,0.000000,0.000000,0.000000,0.000000,0.000000,0.000000,0.000000,0.000000,0,0,0,0
"-10,18",0,0,0,0,4,4,99999,99999,99999,99999,99999,99999,0.000000,0.000000,0.000000,0.000000,0.000000,0.000000,0.000000,0.000000,0.000000,0.000000,0.000000,0.000000,0.000000,0.000000,0,0,0,0
"-10,19",0,0,0,0,4,4,99999,99999,99999,99999,99999,99999,0.000000,0.000000,0.000000,0.000000,0.000000,0.000000,0.000000,0.000000,0.000000,0.000000,0.000000,0.000000,0.000000,0.000000,0,0,0,0
"-10,20",0,0,0,0,4,4,99999,99999,99999,99999,99999,99999,0.000000,0.000000,0.000000,0.000000,0.000000,0.000000,0.000000,0.000000,0.000000,0.000000,0.000000,0.000000,0.000000,0.000000,0,0,0,0
"-10,21",0,0,0,0,4,4,99999,99999,99999,99999,99999,99999,0.000000,0.000000,0.000000,0.000000,0.000000,0.000000,0.000000,0.000000,0.000000,0.000000,0.000000,0.000000,0.000000,0.000000,0,0,0,0
"-10,22",0,0,0,0,4,4,99999,99999,99999,99999,99999,99999,0.000000,0.000000,0.000000,0.000000,0.000000,0.000000,0.000000,0.000000,0.000000,0.000000,0.000000,0.000000,0.000000,0.000000,0,0,0,0
"-10,23",0,0,0,0,4,4,99999,99999,99999,99999,99999,99999,0.000000,0.000000,0.000000,0.000000,0.000000,0.000000,0.000000,0.000000,0.000000,0.000000,0.000000,0.000000,0.000000,0.000000,0,0,0,0
"-10,24",0,0,0,0,4,4,99999,99999,99999,99999,99999,99999,0.000000,0.000000,0.000000,0.000000,0.000000,0.000000,0.000000,0.000000,0.000000,0.000000,0.000000,0.000000,0.000000,0.000000,0,0,0,0
"-10,25",0,0,0,0,4,4,99999,99999,99999,99999,99999,99999,0.000000,0.000000,0.000000,0.000000,0.000000,0.000000,0.000000,0.000000,0.000000,0.000000,0.000000,0.000000,0.000000,0.000000,0,0,0,0
"-10,26",0,0,0,0,4,4,99999,99999,99999,99999,99999,99999,0.000000,0.000000,0.000000,0.000000,0.000000,0.000000,0.000000,0.000000,0.000000,0.000000,0.000000,0.000000,0.000000,0.000000,0,0,0,0
"-9,-26",0,0,0,0,685,4,99999,99999,99999,99999,99999,99999,0.000000,0.000000,0.000000,0.000000,0.000000,0.000000,0.000000,0.000000,0.000000,0.000000,0.000000,0.000000,0.000000,0.000000,0,0,0,0
"-9,-25",0,0,0,0,685,4,99999,99999,99999,99999,99999,99999,0.000000,0.000000,0.000000,0.000000,0.000000,0.000000,0.000000,0.000000,0.000000,0.000000,0.000000,0.000000,0.000000,0.000000,0,0,0,0
"-9,-24",0,0,0,0,660,4,99999,99999,99999,99999,99999,99999,0.000000,0.000000,0.000000,0.000000,0.000000,0.000000,0.000000,0.000000,0.000000,0.000000,0.000000,0.000000,0.000000,0.000000,0,0,0,0
"-9,-23",0,0,0,0,683,4,99999,99999,99999,99999,99999,99999,0.000000,0.000000,0.000000,0.000000,0.000000,0.000000,0.000000,0.000000,0.000000,0.000000,0.000000,0.000000,0.000000,0.000000,0,0,0,0
"-9,-22",0,0,0,0,677,4,99999,99999,99999,99999,99999,99999,0.000000,0.000000,0.000000,0.000000,0.000000,0.000000,0.000000,0.000000,0.000000,0.000000,0.000000,0.000000,0.000000,0.000000,0,0,0,0
"-9,-21",0,0,0,0,684,4,99999,99999,99999,99999,99999,99999,0.000000,0.000000,0.000000,0.000000,0.000000,0.000000,0.000000,0.000000,0.000000,0.000000,0.000000,0.000000,0.000000,0.000000,0,0,0,0
"-9,-20",0,0,0,0,681,4,99999,99999,99999,99999,99999,99999,0.000000,0.000000,0.000000,0.000000,0.000000,0.000000,0.000000,0.000000,0.000000,0.000000,0.000000,0.000000,0.000000,0.000000,0,0,0,0
"-9,-19",0,0,0,0,683,4,99999,99999,99999,99999,99999,99999,0.000000,0.000000,0.000000,0.000000,0.000000,0.000000,0.000000,0.000000,0.000000,0.000000,0.000000,0.000000,0.000000,0.000000,0,0,0,0
"-9,-18",0,0,0,0,682,4,99999,99999,99999,99999,99999,99999,0.000000,0.000000,0.000000,0.000000,0.000000,0.000000,0.000000,0.000000,0.000000,0.000000,0.000000,0.000000,0.000000,0.000000,0,0,0,0
"-9,-17",0,0,0,0,683,4,99999,99999,99999,99999,99999,99999,0.000000,0.000000,0.000000,0.000000,0.000000,0.000000,0.000000,0.000000,0.000000,0.000000,0.000000,0.000000,0.000000,0.000000,0,0,0,0
"-9,-16",0,0,0,0,682,4,99999,99999,99999,99999,99999,99999,0.000000,0.000000,0.000000,0.000000,0.000000,0.000000,0.000000,0.000000,0.000000,0.000000,0.000000,0.000000,0.000000,0.000000,0,0,0,0
"-9,-15",0,0,0,0,681,4,99999,99999,99999,99999,99999,99999,0.000000,0.000000,0.000000,0.000000,0.000000,0.000000,0.000000,0.000000,0.000000,0.000000,0.000000,0.000000,0.000000,0.000000,0,0,0,0
"-9,-14",0,0,0,0,683,4,99999,99999,99999,99999,99999,99999,0.000000,0.000000,0.000000,0.000000,0.000000,0.000000,0.000000,0.000000,0.000000,0.000000,0.000000,0.000000,0.000000,0.000000,0,0,0,0
"-9,-13",0,0,0,0,680,4,99999,99999,99999,99999,99999,99999,0.000000,0.000000,0.000000,0.000000,0.000000,0.000000,0.000000,0.000000,0.000000,0.000000,0.000000,0.000000,0.000000,0.000000,0,0,0,0
"-9,-12",0,0,0,0,683,4,99999,99999,99999,99999,99999,99999,0.000000,0.000000,0.000000,0.000000,0.000000,0.000000,0.000000,0.000000,0.000000,0.000000,0.000000,0.000000,0.000000,0.000000,0,0,0,0
"-9,-11",0,0,0,0,687,4,99999,99999,99999,99999,99999,99999,0.000000,0.000000,0.000000,0.000000,0.000000,0.000000,0.000000,0.000000,0.000000,0.000000,0.000000,0.000000,0.000000,0.000000,0,0,0,0
"-9,-10",0,0,0,0,681,4,99999,99999,99999,99999,99999,99999,0.000000,0.000000,0.000000,0.000000,0.000000,0.000000,0.000000,0.000000,0.000000,0.000000,0.000000,0.000000,0.000000,0.000000,0,0,0,0
"-9,-9",0,0,0,0,681,4,99999,99999,99999,99999,99999,99999,0.000000,0.000000,0.000000,0.000000,0.000000,0.000000,0.000000,0.000000,0.000000,0.000000,0.000000,0.000000,0.000000,0.000000,0,0,0,0
"-9,-8",0,0,0,0,687,4,99999,99999,99999,99999,99999,99999,0.000000,0.000000,0.000000,0.000000,0.000000,0.000000,0.000000,0.000000,0.000000,0.000000,0.000000,0.000000,0.000000,0.000000,0,0,0,0
"-9,-7",0,0,0,0,670,4,99999,99999,99999,99999,99999,99999,0.000000,0.000000,0.000000,0.000000,0.000000,0.000000,0.000000,0.000000,0.000000,0.000000,0.000000,0.000000,0.000000,0.000000,0,0,0,0
"-9,-6",0,0,0,0,685,4,99999,99999,99999,99999,99999,99999,0.000000,0.000000,0.000000,0.000000,0.000000,0.000000,0.000000,0.000000,0.000000,0.000000,0.000000,0.000000,0.000000,0.000000,0,0,0,0
"-9,-5",0,0,0,0,685,4,99999,99999,99999,99999,99999,99999,0.000000,0.000000,0.000000,0.000000,0.000000,0.000000,0.000000,0.000000,0.000000,0.000000,0.000000,0.000000,0.000000,0.000000,0,0,0,0
"-9,-4",0,0,0,0,683,4,99999,99999,99999,99999,99999,99999,0.000000,0.000000,0.000000,0.000000,0.000000,0.000000,0.000000,0.000000,0.000000,0.000000,0.000000,0.000000,0.000000,0.000000,0,0,0,0
"-9,-3",0,0,0,0,679,4,99999,99999,99999,99999,99999,99999,0.000000,0.000000,0.000000,0.000000,0.000000,0.000000,0.000000,0.000000,0.000000,0.000000,0.000000,0.000000,0.000000,0.000000,0,0,0,0
"-9,-2",0,0,0,0,686,4,99999,99999,99999,99999,99999,99999,0.000000,0.000000,0.000000,0.000000,0.000000,0.000000,0.000000,0.000000,0.000000,0.000000,0.000000,0.000000,0.000000,0.000000,0,0,0,0
"-9,-1",0,0,0,0,680,4,99999,99999,99999,99999,99999,99999,0.000000,0.000000,0.000000,0.000000,0.000000,0.000000,0.000000,0.000000,0.000000,0.000000,0.000000,0.000000,0.000000,0.000000,0,0,0,0
"-9,0",0,0,0,0,681,4,99999,99999,99999,99999,99999,99999,0.000000,0.000000,0.000000,0.000000,0.000000,0.000000,0.000000,0.000000,0.000000,0.000000,0.000000,0.000000,0.000000,0.000000,0,0,0,0
"-9,1",0,0,0,0,680,4,99999,99999,99999,99999,99999,99999,0.000000,0.000000,0.000000,0.000000,0.000000,0.000000,0.000000,0.000000,0.000000,0.000000,0.000000,0.000000,0.000000,0.000000,0,0,0,0
"-9,2",0,0,0,0,686,4,99999,99999,99999,99999,99999,99999,0.000000,0.000000,0.000000,0.000000,0.000000,0.000000,0.000000,0.000000,0.000000,0.000000,0.000000,0.000000,0.000000,0.000000,0,0,0,0
"-9,3",0,0,0,0,685,4,99999,99999,99999,99999,99999,99999,0.000000,0.000000,0.000000,0.000000,0.000000,0.000000,0.000000,0.000000,0.000000,0.000000,0.000000,0.000000,0.000000,0.000000,0,0,0,0
"-9,4",0,0,0,0,681,4,99999,99999,99999,99999,99999,99999,0.000000,0.000000,0.000000,0.000000,0.000000,0.000000,0.000000,0.000000,0.000000,0.000000,0.000000,0.000000,0.000000,0.000000,0,0,0,0
"-9,5",0,0,0,0,677,4,99999,99999,99999,99999,99999,99999,0.000000,0.000000,0.000000,0.000000,0.000000,0.000000,0.000000,0.000000,0.000000,0.000000,0.000000,0.000000,0.000000,0.000000,0,0,0,0
"-9,6",0,0,0,0,55,4,99999,99999,99999,99999,99999,99999,0.000000,0.000000,0.000000,0.000000,0.000000,0.000000,0.000000,0.000000,0.000000,0.000000,0.000000,0.000000,0.000000,0.000000,0,0,0,0
"-9,7",0,0,0,0,56,4,99999,99999,99999,99999,99999,99999,0.000000,0.000000,0.000000,0.000000,0.000000,0.000000,0.000000,0.000000,0.000000,0.000000,0.000000,0.000000,0.000000,0.000000,0,0,0,0
"-9,8",0,0,0,0,56,4,99999,99999,99999,99999,99999,99999,0.000000,0.000000,0.000000,0.000000,0.000000,0.000000,0.000000,0.000000,0.000000,0.000000,0.000000,0.000000,0.000000,0.000000,0,0,0,0
"-9,9",0,0,0,0,55,4,99999,99999,99999,99999,99999,99999,0.000000,0.000000,0.000000,0.000000,0.000000,0.000000,0.000000,0.000000,0.000000,0.000000,0.000000,0.000000,0.000000,0.000000,0,0,0,0
"-9,10",0,0,0,0,55,4,99999,99999,99999,99999,99999,99999,0.000000,0.000000,0.000000,0.000000,0.000000,0.000000,0.000000,0.000000,0.000000,0.000000,0.000000,0.000000,0.000000,0.000000,0,0,0,0
"-9,11",0,0,0,0,54,4,99999,99999,99999,99999,99999,99999,0.000000,0.000000,0.000000,0.000000,0.000000,0.000000,0.000000,0.000000,0.000000,0.000000,0.000000,0.000000,0.000000,0.000000,0,0,0,0
"-9,12",0,0,0,0,55,4,99999,99999,99999,99999,99999,99999,0.000000,0.000000,0.000000,0.000000,0.000000,0.000000,0.000000,0.000000,0.000000,0.000000,0.000000,0.000000,0.000000,0.000000,0,0,0,0
"-9,13",0,0,0,0,55,4,99999,99999,99999,99999,99999,99999,0.000000,0.000000,0.000000,0.000000,0.000000,0.000000,0.000000,0.000000,0.000000,0.000000,0.000000,0.000000,0.000000,0.000000,0,0,0,0
"-9,14",0,0,0,0,8,4,99999,99999,99999,99999,99999,99999,0.000000,0.000000,0.000000,0.000000,0.000000,0.000000,0.000000,0.000000,0.000000,0.000000,0.000000,0.000000,0.000000,0.000000,0,0,0,0
"-9,15",0,0,0,0,8,4,99999,99999,99999,99999,99999,99999,0.000000,0.000000,0.000000,0.000000,0.000000,0.000000,0.000000,0.000000,0.000000,0.000000,0.000000,0.000000,0.000000,0.000000,0,0,0,0
"-9,16",0,0,0,0,8,4,99999,99999,99999,99999,99999,99999,0.000000,0.000000,0.000000,0.000000,0.000000,0.000000,0.000000,0.000000,0.000000,0.000000,0.000000,0.000000,0.000000,0.000000,0,0,0,0
"-9,17",0,0,0,0,8,4,99999,99999,99999,99999,99999,99999,0.000000,0.000000,0.000000,0.000000,0.000000,0.000000,0.000000,0.000000,0.000000,0.000000,0.000000,0.000000,0.000000,0.000000,0,0,0,0
"-9,18",0,0,0,0,8,4,99999,99999,99999,99999,99999,99999,0.000000,0.000000,0.000000,0.000000,0.000000,0.000000,0.000000,0.000000,0.000000,0.000000,0.000000,0.000000,0.000000,0.000000,0,0,0,0
"-9,19",0,0,0,0,4,4,99999,99999,99999,99999,99999,99999,0.000000,0.000000,0.000000,0.000000,0.000000,0.000000,0.000000,0.000000,0.000000,0.000000,0.000000,0.000000,0.000000,0.000000,0,0,0,0
"-9,20",0,0,0,0,4,4,99999,99999,99999,99999,99999,99999,0.000000,0.000000,0.000000,0.000000,0.000000,0.000000,0.000000,0.000000,0.000000,0.000000,0.000000,0.000000,0.000000,0.000000,0,0,0,0
"-9,21",0,0,0,0,4,4,99999,99999,99999,99999,99999,99999,0.000000,0.000000,0.000000,0.000000,0.000000,0.000000,0.000000,0.000000,0.000000,0.000000,0.000000,0.000000,0.000000,0.000000,0,0,0,0
"-9,22",0,0,0,0,4,4,99999,99999,99999,99999,99999,99999,0.000000,0.000000,0.000000,0.000000,0.000000,0.000000,0.000000,0.000000,0.000000,0.000000,0.000000,0.000000,0.000000,0.000000,0,0,0,0
"-9,23",0,0,0,0,4,4,99999,99999,99999,99999,99999,99999,0.000000,0.000000,0.000000,0.000000,0.000000,0.000000,0.000000,0.000000,0.000000,0.000000,0.000000,0.000000,0.000000,0.000000,0,0,0,0
"-9,24",0,0,0,0,4,4,99999,99999,99999,99999,99999,99999,0.000000,0.000000,0.000000,0.000000,0.000000,0.000000,0.000000,0.000000,0.000000,0.000000,0.000000,0.000000,0.000000,0.000000,0,0,0,0
"-9,25",0,0,0,0,4,4,99999,99999,99999,99999,99999,99999,0.000000,0.000000,0.000000,0.000000,0.000000,0.000000,0.000000,0.000000,0.000000,0.000000,0.000000,0.000000,0.000000,0.000000,0,0,0,0
"-9,26",0,0,0,0,4,4,99999,99999,99999,99999,99999,99999,0.000000,0.000000,0.000000,0.000000,0.000000,0.000000,0.000000,0.000000,0.000000,0.000000,0.000000,0.000000,0.000000,0.000000,0,0,0,0
"-8,-26",0,0,0,0,679,4,99999,99999,99999,99999,99999,99999,0.000000,0.000000,0.000000,0.000000,0.000000,0.000000,0.000000,0.000000,0.000000,0.000000,0.000000,0.000000,0.000000,0.000000,0,0,0,0
"-8,-25",0,0,0,0,684,4,99999,99999,99999,99999,99999,99999,0.000000,0.000000,0.000000,0.000000,0.000000,0.000000,0.000000,0.000000,0.000000,0.000000,0.000000,0.000000,0.000000,0.000000,0,0,0,0
"-8,-24",0,0,0,0,682,4,99999,99999,99999,99999,99999,99999,0.000000,0.000000,0.000000,0.000000,0.000000,0.000000,0.000000,0.000000,0.000000,0.000000,0.000000,0.000000,0.000000,0.000000,0,0,0,0
"-8,-23",0,0,0,0,686,4,99999,99999,99999,99999,99999,99999,0.000000,0.000000,0.000000,0.000000,0.000000,0.000000,0.000000,0.000000,0.000000,0.000000,0.000000,0.000000,0.000000,0.000000,0,0,0,0
"-8,-22",0,0,0,0,682,4,99999,99999,99999,99999,99999,99999,0.000000,0.000000,0.000000,0.000000,0.000000,0.000000,0.000000,0.000000,0.000000,0.000000,0.000000,0.000000,0.000000,0.000000,0,0,0,0
"-8,-21",0,0,0,0,684,4,99999,99999,99999,99999,99999,99999,0.000000,0.000000,0.000000,0.000000,0.000000,0.000000,0.000000,0.000000,0.000000,0.000000,0.000000,0.000000,0.000000,0.000000,0,0,0,0
"-8,-20",0,0,0,0,680,4,99999,99999,99999,99999,99999,99999,0.000000,0.000000,0.000000,0.000000,0.000000,0.000000,0.000000,0.000000,0.000000,0.000000,0.000000,0.000000,0.000000,0.000000,0,0,0,0
"-8,-19",0,0,0,0,684,4,99999,99999,99999,99999,99999,99999,0.000000,0.000000,0.000000,0.000000,0.000000,0.000000,0.000000,0.000000,0.000000,0.000000,0.000000,0.000000,0.000000,0.000000,0,0,0,0
"-8,-18",0,0,0,0,680,4,99999,99999,99999,99999,99999,99999,0.000000,0.000000,0.000000,0.000000,0.000000,0.000000,0.000000,0.000000,0.000000,0.000000,0.000000,0.000000,0.000000,0.000000,0,0,0,0
"-8,-17",0,0,0,0,682,4,99999,99999,99999,99999,99999,99999,0.000000,0.000000,0.000000,0.000000,0.000000,0.000000,0.000000,0.000000,0.000000,0.000000,0.000000,0.000000,0.000000,0.000000,0,0,0,0
"-8,-16",0,0,0,0,686,4,99999,99999,99999,99999,99999,99999,0.000000,0.000000,0.000000,0.000000,0.000000,0.000000,0.000000,0.000000,0.000000,0.000000,0.000000,0.000000,0.000000,0.000000,0,0,0,0
"-8,-15",0,0,0,0,683,4,99999,99999,99999,99999,99999,99999,0.000000,0.000000,0.000000,0.000000,0.000000,0.000000,0.000000,0.000000,0.000000,0.000000,0.000000,0.000000,0.000000,0.000000,0,0,0,0
"-8,-14",0,0,0,0,689,4,99999,99999,99999,99999,99999,99999,0.000000,0.000000,0.000000,0.000000,0.000000,0.000000,0.000000,0.000000,0.000000,0.000000,0.000000,0.000000,0.000000,0.000000,0,0,0,0
"-8,-13",0,0,0,0,684,4,99999,99999,99999,99999,99999,99999,0.000000,0.000000,0.000000,0.000000,0.000000,0.000000,0.000000,0.000000,0.000000,0.000000,0.000000,0.000000,0.000000,0.000000,0,0,0,0
"-8,-12",0,0,0,0,682,4,99999,99999,99999,99999,99999,99999,0.000000,0.000000,0.000000,0.000000,0.000000,0.000000,0.000000,0.000000,0.000000,0.000000,0.000000,0.000000,0.000000,0.000000,0,0,0,0
"-8,-11",0,0,0,0,678,4,99999,99999,99999,99999,99999,99999,0.000000,0.000000,0.000000,0.000000,0.000000,0.000000,0.000000,0.000000,0.000000,0.000000,0.000000,0.000000,0.000000,0.000000,0,0,0,0
"-8,-10",0,0,0,0,679,4,99999,99999,99999,99999,99999,99999,0.000000,0.000000,0.000000,0.000000,0.000000,0.000000,0.000000,0.000000,0.000000,0.000000,0.000000,0.000000,0.000000,0.000000,0,0,0,0
"-8,-9",0,0,0,0,668,4,99999,99999,99999,99999,99999,99999,0.000000,0.000000,0.000000,0.000000,0.000000,0.000000,0.000000,0.000000,0.000000,0.000000,0.000000,0.000000,0.000000,0.000000,0,0,0,0
"-8,-8",0,0,0,0,682,4,99999,99999,99999,99999,99999,99999,0.000000,0.000000,0.000000,0.000000,0.000000,0.000000,0.000000,0.000000,0.000000,0.000000,0.000000,0.000000,0.000000,0.000000,0,0,0,0
"-8,-7",0,0,0,0,686,4,99999,99999,99999,99999,99999,99999,0.000000,0.000000,0.000000,0.000000,0.000000,0.000000,0.000000,0.000000,0.000000,0.000000,0.000000,0.000000,0.000000,0.000000,0,0,0,0
"-8,-6",0,0,0,0,679,4,99999,99999,99999,99999,99999,99999,0.000000,0.000000,0.000000,0.000000,0.000000,0.000000,0.000000,0.000000,0.000000,0.000000,0.000000,0.000000,0.000000,0.000000,0,0,0,0
"-8,-5",0,0,0,0,682,4,99999,99999,99999,99999,99999,99999,0.000000,0.000000,0.000000,0.000000,0.000000,0.000000,0.000000,0.000000,0.000000,0.000000,0.000000,0.000000,0.000000,0.000000,0,0,0,0
"-8,-4",0,0,0,0,684,4,99999,99999,99999,99999,99999,99999,0.000000,0.000000,0.000000,0.000000,0.000000,0.000000,0.000000,0.000000,0.000000,0.000000,0.000000,0.000000,0.000000,0.000000,0,0,0,0
"-8,-3",0,0,0,0,689,4,99999,99999,99999,99999,99999,99999,0.000000,0.000000,0.000000,0.000000,0.000000,0.000000,0.000000,0.000000,0.000000,0.000000,0.000000,0.000000,0.000000,0.000000,0,0,0,0
"-8,-2",0,0,0,0,683,4,99999,99999,99999,99999,99999,99999,0.000000,0.000000,0.000000,0.000000,0.000000,0.000000,0.000000,0.000000,0.000000,0.000000,0.000000,0.000000,0.000000,0.000000,0,0,0,0
"-8,-1",0,0,0,0,682,4,99999,99999,99999,99999,99999,99999,0.000000,0.000000,0.000000,0.000000,0.000000,0.000000,0.000000,0.000000,0.000000,0.000000,0.000000,0.000000,0.000000,0.000000,0,0,0,0
"-8,0",0,0,0,0,683,4,99999,99999,99999,99999,99999,99999,0.000000,0.000000,0.000000,0.000000,0.000000,0.000000,0.000000,0.000000,0.000000,0.000000,0.000000,0.000000,0.000000,0.000000,0,0,0,0
"-8,1",0,0,0,0,685,4,99999,99999,99999,99999,99999,99999,0.000000,0.000000,0.000000,0.000000,0.000000,0.000000,0.000000,0.000000,0.000000,0.000000,0.000000,0.000000,0.000000,0.000000,0,0,0,0
"-8,2",0,0,0,0,679,4,99999,99999,99999,99999,99999,99999,0.000000,0.000000,0.000000,0.000000,0.000000,0.000000,0.000000,0.000000,0.000000,0.000000,0.000000,0.000000,0.000000,0.000000,0,0,0,0
"-8,3",0,0,0,0,682,4,99999,99999,99999,99999,99999,99999,0.000000,0.000000,0.000000,0.000000,0.000000,0.000000,0.000000,0.000000,0.000000,0.000000,0.000000,0.000000,0.000000,0.000000,0,0,0,0
"-8,4",0,0,0,0,683,4,99999,99999,99999,99999,99999,99999,0.000000,0.000000,0.000000,0.000000,0.000000,0.000000,0.000000,0.000000,0.000000,0.000000,0.000000,0.000000,0.000000,0.000000,0,0,0,0
"-8,5",0,0,0,0,686,4,99999,99999,99999,99999,99999,99999,0.000000,0.000000,0.000000,0.000000,0.000000,0.000000,0.000000,0.000000,0.000000,0.000000,0.000000,0.000000,0.000000,0.000000,0,0,0,0
"-8,6",0,0,0,0,688,4,99999,99999,99999,99999,99999,99999,0.000000,0.000000,0.000000,0.000000,0.000000,0.000000,0.000000,0.000000,0.000000,0.000000,0.000000,0.000000,0.000000,0.000000,0,0,0,0
"-8,7",0,0,0,0,56,4,99999,99999,99999,99999,99999,99999,0.000000,0.000000,0.000000,0.000000,0.000000,0.000000,0.000000,0.000000,0.000000,0.000000,0.000000,0.000000,0.000000,0.000000,0,0,0,0
"-8,8",0,0,0,0,56,4,99999,99999,99999,99999,99999,99999,0.000000,0.000000,0.000000,0.000000,0.000000,0.000000,0.000000,0.000000,0.000000,0.000000,0.000000,0.000000,0.000000,0.000000,0,0,0,0
"-8,9",0,0,0,0,55,4,99999,99999,99999,99999,99999,99999,0.000000,0.000000,0.000000,0.000000,0.000000,0.000000,0.000000,0.000000,0.000000,0.000000,0.000000,0.000000,0.000000,0.000000,0,0,0,0
"-8,10",0,0,0,0,56,4,99999,99999,99999,99999,99999,99999,0.000000,0.000000,0.000000,0.000000,0.000000,0.000000,0.000000,0.000000,0.000000,0.000000,0.000000,0.000000,0.000000,0.000000,0,0,0,0
"-8,11",0,0,0,0,54,4,99999,99999,99999,99999,99999,99999,0.000000,0.000000,0.000000,0.000000,0.000000,0.000000,0.000000,0.000000,0.000000,0.000000,0.000000,0.000000,0.000000,0.000000,0,0,0,0
"-8,12",0,0,0,0,55,4,99999,99999,99999,99999,99999,99999,0.000000,0.000000,0.000000,0.000000,0.000000,0.000000,0.000000,0.000000,0.000000,0.000000,0.000000,0.000000,0.000000,0.000000,0,0,0,0
"-8,13",0,0,0,0,55,4,99999,99999,99999,99999,99999,99999,0.000000,0.000000,0.000000,0.000000,0.000000,0.000000,0.000000,0.000000,0.000000,0.000000,0.000000,0.000000,0.000000,0.000000,0,0,0,0
"-8,14",0,0,0,0,8,4,99999,99999,99999,99999,99999,99999,0.000000,0.000000,0.000000,0.000000,0.000000,0.000000,0.000000,0.000000,0.000000,0.000000,0.000000,0.000000,0.000000,0.000000,0,0,0,0
"-8,15",0,0,0,0,8,4,99999,99999,99999,99999,99999,99999,0.000000,0.000000,0.000000,0.000000,0.000000,0.000000,0.000000,0.000000,0.000000,0.000000,0.000000,0.000000,0.000000,0.000000,0,0,0,0
"-8,16",0,0,0,0,8,4,99999,99999,99999,99999,99999,99999,0.000000,0.000000,0.000000,0.000000,0.000000,0.000000,0.000000,0.000000,0.000000,0.000000,0.000000,0.000000,0.000000,0.000000,0,0,0,0
"-8,17",0,0,0,0,8,4,99999,99999,99999,99999,99999,99999,0.000000,0.000000,0.000000,0.000000,0.000000,0.000000,0.000000,0.000000,0.000000,0.000000,0.000000,0.000000,0.000000,0.000000,0,0,0,0
"-8,18",0,0,0,0,8,4,99999,99999,99999,99999,99999,99999,0.000000,0.000000,0.000000,0.000000,0.000000,0.000000,0.000000,0.000000,0.000000,0.000000,0.000000,0.000000,0.000000,0.000000,0,0,0,0
"-8,19",0,0,0,0,4,4,99999,99999,99999,99999,99999,99999,0.000000,0.000000,0.000000,0.000000,0.000000,0.000000,0.000000,0.000000,0.000000,0.000000,0.000000,0.000000,0.000000,0.000000,0,0,0,0
"-8,20",0,0,0,0,4,4,99999,99999,99999,99999,99999,99999,0.000000,0.000000,0.000000,0.000000,0.000000,0.000000,0.000000,0.000000,0.000000,0.000000,0.000000,0.000000,0.000000,0.000000,0,0,0,0
"-8,21",0,0,0,0,4,4,99999,99999,99999,99999,99999,99999,0.000000,0.000000,0.000000,0.000000,0.000000,0.000000,0.000000,0.000000,0.000000,0.000000,0.000000,0.000000,0.000000,0.000000,0,0,0,0
"-8,22",0,0,0,0,4,4,99999,99999,99999,99999,99999,99999,0.000000,0.000000,0.000000,0.000000,0.000000,0.000000,0.000000,0.000000,0.000000,0.000000,0.000000,0.000000,0.000000,0.000000,0,0,0,0
"-8,23",0,0,0,0,4,4,99999,99999,99999,99999,99999,99999,0.000000,0.000000,0.000000,0.000000,0.000000,0.000000,0.000000,0.000000,0.000000,0.000000,0.000000,0.000000,0.000000,0.000000,0,0,0,0
"-8,24",0,0,0,0,4,4,99999,99999,99999,99999,99999,99999,0.000000,0.000000,0.000000,0.000000,0.000000,0.000000,0.000000,0.000000,0.000000,0.000000,0.000000,0.000000,0.000000,0.000000,0,0,0,0
"-8,25",0,0,0,0,4,4,99999,99999,99999,99999,99999,99999,0.000000,0.000000,0.000000,0.000000,0.000000,0.000000,0.000000,0.000000,0.000000,0.000000,0.000000,0.000000,0.000000,0.000000,0,0,0,0
"-8,26",0,0,0,0,4,4,99999,99999,99999,99999,99999,99999,0.000000,0.000000,0.000000,0.000000,0.000000,0.000000,0.000000,0.000000,0.000000,0.000000,0.000000,0.000000,0.000000,0.000000,0,0,0,0
"-7,-26",0,0,0,0,686,4,99999,99999,99999,99999,99999,99999,0.000000,0.000000,0.000000,0.000000,0.000000,0.000000,0.000000,0.000000,0.000000,0.000000,0.000000,0.000000,0.000000,0.000000,0,0,0,0
"-7,-25",0,0,0,0,679,4,99999,99999,99999,99999,99999,99999,0.000000,0.000000,0.000000,0.000000,0.000000,0.000000,0.000000,0.000000,0.000000,0.000000,0.000000,0.000000,0.000000,0.000000,0,0,0,0
"-7,-24",0,0,0,0,683,4,99999,99999,99999,99999,99999,99999,0.000000,0.000000,0.000000,0.000000,0.000000,0.000000,0.000000,0.000000,0.000000,0.000000,0.000000,0.000000,0.000000,0.000000,0,0,0,0
"-7,-23",0,0,0,0,686,4,99999,99999,99999,99999,99999,99999,0.000000,0.000000,0.000000,0.000000,0.000000,0.000000,0.000000,0.000000,0.000000,0.000000,0.000000,0.000000,0.000000,0.000000,0,0,0,0
"-7,-22",0,0,0,0,687,4,99999,99999,99999,99999,99999,99999,0.000000,0.000000,0.000000,0.000000,0.000000,0.000000,0.000000,0.000000,0.000000,0.000000,0.000000,0.000000,0.000000,0.000000,0,0,0,0
"-7,-21",0,0,0,0,680,4,99999,99999,99999,99999,99999,99999,0.000000,0.000000,0.000000,0.000000,0.000000,0.000000,0.000000,0.000000,0.000000,0.000000,0.000000,0.000000,0.000000,0.000000,0,0,0,0
"-7,-20",0,0,0,0,683,4,99999,99999,99999,99999,99999,99999,0.000000,0.000000,0.000000,0.000000,0.000000,0.000000,0.000000,0.000000,0.000000,0.000000,0.000000,0.000000,0.000000,0.000000,0,0,0,0
"-7,-19",32,73125,7,1,794,2,1,15,55,0,0,0,0.994444,0.005556,0.000000,0.000000,0.000000,0.000000,0.000000,0.996078,0.003922,0.000000,0.000000,0.000000,0.000000,0.000000,27495,180,266,86
"-7,-18",33,73125,7,1,793,2,1,10,18,0,0,0,1.000000,0.000000,0.000000,0.000000,0.000000,0.000000,0.000000,0.992537,0.007463,0.000000,0.000000,0.000000,0.000000,0.000000,27495,180,272,92
"-7,-17",29,73125,7,1,792,2,1,8,12,0,0,0,1.000000,0.000000,0.000000,0.000000,0.000000,0.000000,0.000000,1.000000,0.000000,0.000000,0.000000,0.000000,0.000000,0.000000,27495,180,254,74
"-7,-16",40,73125,7,1,795,2,1,11,37,0,0,1,1.000000,0.000000,0.000000,0.000000,0.000000,0.000000,0.000000,0.986667,0.013333,0.000000,0.000000,0.000000,0.000000,0.000000,27495,180,304,124
"-7,-15",32,73125,7,1,791,2,1,7,13,0,0,1,1.000000,0.000000,0.000000,0.000000,0.000000,0.000000,0.000000,0.984791,0.015209,0.000000,0.000000,0.000000,0.000000,0.000000,27495,180,268,88
"-7,-14",0,73125,0,0,674,4,99999,99999,99999,99999,99999,99999,0.000000,0.000000,0.000000,0.000000,0.000000,0.000000,0.000000,0.000000,0.000000,0.000000,0.000000,0.000000,0.000000,0.000000,0,0,0,0
"-7,-13",0,73125,0,0,672,4,99999,99999,99999,99999,99999,99999,0.000000,0.000000,0.000000,0.000000,0.000000,0.000000,0.000000,0.000000,0.000000,0.000000,0.000000,0.000000,0.000000,0.000000,0,0,0,0
"-7,-12",0,73125,0,0,672,4,99999,99999,99999,99999,99999,99999,0.000000,0.000000,0.000000,0.000000,0.000000,0.000000,0.000000,0.000000,0.000000,0.000000,0.000000,0.000000,0.000000,0.000000,0,0,0,0
"-7,-11",0,73125,0,0,672,4,99999,99999,99999,99999,99999,99999,0.000000,0.000000,0.000000,0.000000,0.000000,0.000000,0.000000,0.000000,0.000000,0.000000,0.000000,0.000000,0.000000,0.000000,0,0,0,0
"-7,-10",0,73125,0,0,669,4,99999,99999,99999,99999,99999,99999,0.000000,0.000000,0.000000,0.000000,0.000000,0.000000,0.000000,0.000000,0.000000,0.000000,0.000000,0.000000,0.000000,0.000000,0,0,0,0
"-7,-9",0,73125,0,0,669,4,99999,99999,99999,99999,99999,99999,0.000000,0.000000,0.000000,0.000000,0.000000,0.000000,0.000000,0.000000,0.000000,0.000000,0.000000,0.000000,0.000000,0.000000,0,0,0,0
"-7,-8",0,73125,0,0,672,4,99999,99999,99999,99999,99999,99999,0.000000,0.000000,0.000000,0.000000,0.000000,0.000000,0.000000,0.000000,0.000000,0.000000,0.000000,0.000000,0.000000,0.000000,0,0,0,0
"-7,-7",0,73125,0,0,677,4,99999,99999,99999,99999,99999,99999,0.000000,0.000000,0.000000,0.000000,0.000000,0.000000,0.000000,0.000000,0.000000,0.000000,0.000000,0.000000,0.000000,0.000000,0,0,0,0
"-7,-6",0,73125,0,0,677,4,99999,99999,99999,99999,99999,99999,0.000000,0.000000,0.000000,0.000000,0.000000,0.000000,0.000000,0.000000,0.000000,0.000000,0.000000,0.000000,0.000000,0.000000,0,0,0,0
"-7,-5",0,73125,0,0,669,4,99999,99999,99999,99999,99999,99999,0.000000,0.000000,0.000000,0.000000,0.000000,0.000000,0.000000,0.000000,0.000000,0.000000,0.000000,0.000000,0.000000,0.000000,0,0,0,0
"-7,-4",0,73125,0,0,672,4,99999,99999,99999,99999,99999,99999,0.000000,0.000000,0.000000,0.000000,0.000000,0.000000,0.000000,0.000000,0.000000,0.000000,0.000000,0.000000,0.000000,0.000000,0,0,0,0
"-7,-3",0,73125,0,0,669,4,99999,99999,99999,99999,99999,99999,0.000000,0.000000,0.000000,0.000000,0.000000,0.000000,0.000000,0.000000,0.000000,0.000000,0.000000,0.000000,0.000000,0.000000,0,0,0,0
"-7,-2",0,73125,0,0,670,4,99999,99999,99999,99999,99999,99999,0.000000,0.000000,0.000000,0.000000,0.000000,0.000000,0.000000,0.000000,0.000000,0.000000,0.000000,0.000000,0.000000,0.000000,0,0,0,0
"-7,-1",0,73125,0,0,671,4,99999,99999,99999,99999,99999,99999,0.000000,0.000000,0.000000,0.000000,0.000000,0.000000,0.000000,0.000000,0.000000,0.000000,0.000000,0.000000,0.000000,0.000000,0,0,0,0
"-7,0",0,73125,0,0,679,4,99999,99999,99999,99999,99999,99999,0.000000,0.000000,0.000000,0.000000,0.000000,0.000000,0.000000,0.000000,0.000000,0.000000,0.000000,0.000000,0.000000,0.000000,0,0,0,0
"-7,1",0,73125,0,0,670,4,99999,99999,99999,99999,99999,99999,0.000000,0.000000,0.000000,0.000000,0.000000,0.000000,0.000000,0.000000,0.000000,0.000000,0.000000,0.000000,0.000000,0.000000,0,0,0,0
"-7,2",0,73125,0,0,672,4,99999,99999,99999,99999,99999,99999,0.000000,0.000000,0.000000,0.000000,0.000000,0.000000,0.000000,0.000000,0.000000,0.000000,0.000000,0.000000,0.000000,0.000000,0,0,0,0
"-7,3",0,73125,0,0,671,4,99999,99999,99999,99999,99999,99999,0.000000,0.000000,0.000000,0.000000,0.000000,0.000000,0.000000,0.000000,0.000000,0.000000,0.000000,0.000000,0.000000,0.000000,0,0,0,0
"-7,4",0,73125,0,0,663,4,99999,99999,99999,99999,99999,99999,0.000000,0.000000,0.000000,0.000000,0.000000,0.000000,0.000000,0.000000,0.000000,0.000000,0.000000,0.000000,0.000000,0.000000,0,0,0,0
"-7,5",0,73125,0,0,669,4,99999,99999,99999,99999,99999,99999,0.000000,0.000000,0.000000,0.000000,0.000000,0.000000,0.000000,0.000000,0.000000,0.000000,0.000000,0.000000,0.000000,0.000000,0,0,0,0
"-7,6",0,73125,0,0,676,4,99999,99999,99999,99999,99999,99999,0.000000,0.000000,0.000000,0.000000,0.000000,0.000000,0.000000,0.000000,0.000000,0.000000,0.000000,0.000000,0.000000,0.000000,0,0,0,0
"-7,7",0,73125,0,0,54,4,99999,99999,99999,99999,99999,99999,0.000000,0.000000,0.000000,0.000000,0.000000,0.000000,0.000000,0.000000,0.000000,0.000000,0.000000,0.000000,0.000000,0.000000,0,0,0,0
"-7,8",0,73125,0,0,55,4,99999,99999,99999,99999,99999,99999,0.000000,0.000000,0.000000,0.000000,0.000000,0.000000,0.000000,0.000000,0.000000,0.000000,0.000000,0.000000,0.000000,0.000000,0,0,0,0
"-7,9",0,73125,0,0,55,4,99999,99999,99999,99999,99999,99999,0.000000,0.000000,0.000000,0.000000,0.000000,0.000000,0.000000,0.000000,0.000000,0.000000,0.000000,0.000000,0.000000,0.000000,0,0,0,0
"-7,10",0,73125,0,0,55,4,99999,99999,99999,99999,99999,99999,0.000000,0.000000,0.000000,0.000000,0.000000,0.000000,0.000000,0.000000,0.000000,0.000000,0.000000,0.000000,0.000000,0.000000,0,0,0,0
"-7,11",0,73125,0,0,56,4,99999,99999,99999,99999,99999,99999,0.000000,0.000000,0.000000,0.000000,0.000000,0.000000,0.000000,0.000000,0.000000,0.000000,0.000000,0.000000,0.000000,0.000000,0,0,0,0
"-7,12",0,73125,0,0,55,4,99999,99999,99999,99999,99999,99999,0.000000,0.000000,0.000000,0.000000,0.000000,0.000000,0.000000,0.000000,0.000000,0.000000,0.000000,0.000000,0.000000,0.000000,0,0,0,0
"-7,13",0,73125,0,0,55,4,99999,99999,99999,99999,99999,99999,0.000000,0.000000,0.000000,0.000000,0.000000,0.000000,0.000000,0.000000,0.000000,0.000000,0.000000,0.000000,0.000000,0.000000,0,0,0,0
"-7,14",0,73125,0,0,56,4,99999,99999,99999,99999,99999,99999,0.000000,0.000000,0.000000,0.000000,0.000000,0.000000,0.000000,0.000000,0.000000,0.000000,0.000000,0.000000,0.000000,0.000000,0,0,0,0
"-7,15",0,73125,0,0,7,4,99999,99999,99999,99999,99999,99999,0.000000,0.000000,0.000000,0.000000,0.000000,0.000000,0.000000,0.000000,0.000000,0.000000,0.000000,0.000000,0.000000,0.000000,0,0,0,0
"-7,16",0,73125,0,0,8,4,99999,99999,99999,99999,99999,99999,0.000000,0.000000,0.000000,0.000000,0.000000,0.000000,0.000000,0.000000,0.000000,0.000000,0.000000,0.000000,0.000000,0.000000,0,0,0,0
"-7,17",0,73125,0,0,8,4,99999,99999,99999,99999,99999,99999,0.000000,0.000000,0.000000,0.000000,0.000000,0.000000,0.000000,0.000000,0.000000,0.000000,0.000000,0.000000,0.000000,0.000000,0,0,0,0
"-7,18",0,73125,0,0,8,4,99999,99999,99999,99999,99999,99999,0.000000,0.000000,0.000000,0.000000,0.000000,0.000000,0.000000,0.000000,0.000000,0.000000,0.000000,0.000000,0.000000,0.000000,0,0,0,0
"-7,19",0,73125,0,0,8,4,99999,99999,99999,99999,99999,99999,0.000000,0.000000,0.000000,0.000000,0.000000,0.000000,0.000000,0.000000,0.000000,0.000000,0.000000,0.000000,0.000000,0.000000,0,0,0,0
"-7,20",0,73125,0,0,4,4,99999,99999,99999,99999,99999,99999,0.000000,0.000000,0.000000,0.000000,0.000000,0.000000,0.000000,0.000000,0.000000,0.000000,0.000000,0.000000,0.000000,0.000000,0,0,0,0
"-7,21",0,73125,0,0,4,4,99999,99999,99999,99999,99999,99999,0.000000,0.000000,0.000000,0.000000,0.000000,0.000000,0.000000,0.000000,0.000000,0.000000,0.000000,0.000000,0.000000,0.000000,0,0,0,0
"-7,22",0,73125,0,0,4,4,99999,99999,99999,99999,99999,99999,0.000000,0.000000,0.000000,0.000000,0.000000,0.000000,0.000000,0.000000,0.000000,0.000000,0.000000,0.000000,0.000000,0.000000,0,0,0,0
"-7,23",0,73125,0,0,4,4,99999,99999,99999,99999,99999,99999,0.000000,0.000000,0.000000,0.000000,0.000000,0.000000,0.000000,0.000000,0.000000,0.000000,0.000000,0.000000,0.000000,0.000000,0,0,0,0
"-7,24",0,73125,0,0,4,4,99999,99999,99999,99999,99999,99999,0.000000,0.000000,0.000000,0.000000,0.000000,0.000000,0.000000,0.000000,0.000000,0.000000,0.000000,0.000000,0.000000,0.000000,0,0,0,0
"-7,25",0,73125,0,0,4,4,99999,99999,99999,99999,99999,99999,0.000000,0.000000,0.000000,0.000000,0.000000,0.000000,0.000000,0.000000,0.000000,0.000000,0.000000,0.000000,0.000000,0.000000,0,0,0,0
"-7,26",0,73125,0,0,4,4,99999,99999,99999,99999,99999,99999,0.000000,0.000000,0.000000,0.000000,0.000000,0.000000,0.000000,0.000000,0.000000,0.000000,0.000000,0.000000,0.000000,0.000000,0,0,0,0
"-6,-26",0,73125,0,0,668,4,99999,99999,99999,99999,99999,99999,0.000000,0.000000,0.000000,0.000000,0.000000,0.000000,0.000000,0.000000,0.000000,0.000000,0.000000,0.000000,0.000000,0.000000,0,0,0,0
"-6,-25",0,73125,0,0,671,4,99999,99999,99999,99999,99999,99999,0.000000,0.000000,0.000000,0.000000,0.000000,0.000000,0.000000,0.000000,0.000000,0.000000,0.000000,0.000000,0.000000,0.000000,0,0,0,0
"-6,-24",0,73125,0,0,669,4,99999,99999,99999,99999,99999,99999,0.000000,0.000000,0.000000,0.000000,0.000000,0.000000,0.000000,0.000000,0.000000,0.000000,0.000000,0.000000,0.000000,0.000000,0,0,0,0
"-6,-23",38,73125,7,1,792,2,1,13,29,0,0,1,1.000000,0.000000,0.000000,0.000000,0.000000,0.000000,0.000000,0.986207,0.013793,0.000000,0.000000,0.000000,0.000000,0.000000,27495,180,291,111
"-6,-22",35,73125,7,1,795,2,1,12,19,0,0,1,1.000000,0.000000,0.000000,0.000000,0.000000,0.000000,0.000000,0.982014,0.017986,0.000000,0.000000,0.000000,0.000000,0.000000,27495,180,279,99
"-6,-21",35,73125,7,1,799,2,1,9,33,0,0,1,1.000000,0.000000,0.000000,0.000000,0.000000,0.000000,0.000000,0.974729,0.025271,0.000000,0.000000,0.000000,0.000000,0.000000,27495,180,278,98
"-6,-20",36,73125,7,1,793,2,1,9,18,0,0,1,1.000000,0.000000,0.000000,0.000000,0.000000,0.000000,0.000000,0.985866,0.014134,0.000000,0.000000,0.000000,0.000000,0.000000,27495,180,285,105
"-6,-19",35,73125,7,1,793,2,1,11,22,0,0,0,1.000000,0.000000,0.000000,0.000000,0.000000,0.000000,0.000000,0.992754,0.007246,0.000000,0.000000,0.000000,0.000000,0.000000,27495,180,278,98
"-6,-18",32,73125,7,1,794,2,1,9,18,0,0,1,1.000000,0.000000,0.000000,0.000000,0.000000,0.000000,0.000000,0.980989,0.019011,0.000000,0.000000,0.000000,0.000000,0.000000,27495,180,268,88
"-6,-17",33,73125,7,1,795,2,1,6,22,0,0,1,1.000000,0.000000,0.000000,0.000000,0.000000,0.000000,0.000000,0.981203,0.018797,0.000000,0.000000,0.000000,0.000000,0.000000,27495,180,269,89
"-6,-16",32,73125,7,1,790,2,1,6,10,0,0,1,1.000000,0.000000,0.000000,0.000000,0.000000,0.000000,0.000000,0.980916,0.019084,0.000000,0.000000,0.000000,0.000000,0.000000,27495,180,266,86
"-6,-15",35,73125,7,1,795,2,1,10,16,0,0,1,1.000000,0.000000,0.000000,0.000000,0.000000,0.000000,0.000000,0.971429,0.028571,0.000000,0.000000,0.000000,0.000000,0.000000,27561,181,282,101
"-6,-14",29,73125,7,1,795,2,1,7,11,0,0,1,1.000000,0.000000,0.000000,0.000000,0.000000,0.000000,0.000000,0.984375,0.015625,0.000000,0.000000,0.000000,0.000000,0.000000,27495,180,256,76
"-6,-13",37,73125,7,1,795,2,1,13,67,0,0,0,0.988889,0.011111,0.000000,0.000000,0.000000,0.000000,0.000000,0.996466,0.003534,0.000000,0.000000,0.000000,0.000000,0.000000,27495,180,289,109
"-6,-12",37,73125,7,1,797,2,1,11,26,0,0,1,1.000000,0.000000,0.000000,0.000000,0.000000,0.000000,0.000000,0.985965,0.014035,0.000000,0.000000,0.000000,0.000000,0.000000,27495,180,288,108
"-6,-11",35,73125,7,1,796,2,1,9,14,0,0,0,1.000000,0.000000,0.000000,0.000000,0.000000,0.000000,0.000000,0.992701,0.007299,0.000000,0.000000,0.000000,0.000000,0.000000,27495,180,277,97
"-6,-10",0,73125,0,0,664,4,99999,99999,99999,99999,99999,99999,0.000000,0.000000,0.000000,0.000000,0.000000,0.000000,0.000000,0.000000,0.000000,0.000000,0.000000,0.000000,0.000000,0.000000,0,0,0,0
"-6,-9",0,73125,0,0,673,4,99999,99999,99999,99999,99999,99999,0.000000,0.000000,0.000000,0.000000,0.000000,0.000000,0.000000,0.000000,0.000000,0.000000,0.000000,0.000000,0.000000,0.000000,0,0,0,0
"-6,-8",0,73125,0,0,671,4,99999,99999,99999,99999,99999,99999,0.000000,0.000000,0.000000,0.000000,0.000000,0.000000,0.000000,0.000000,0.000000,0.000000,0.000000,0.000000,0.000000,0.000000,0,0,0,0
"-6,-7",0,73125,0,0,664,4,99999,99999,99999,99999,99999,99999,0.000000,0.000000,0.000000,0.000000,0.000000,0.000000,0.000000,0.000000,0.000000,0.000000,0.000000,0.000000,0.000000,0.000000,0,0,0,0
"-6,-6",0,73125,0,0,677,4,99999,99999,99999,99999,99999,99999,0.000000,0.000000,0.000000,0.000000,0.000000,0.000000,0.000000,0.000000,0.000000,0.000000,0.000000,0.000000,0.000000,0.000000,0,0,0,0
"-6,-5",0,73125,0,0,673,4,99999,99999,99999,99999,99999,99999,0.000000,0.000000,0.000000,0.000000,0.000000,0.000000,0.000000,0.000000,0.000000,0.000000,0.000000,0.000000,0.000000,0.000000,0,0,0,0
"-6,-4",0,73125,0,0,672,4,99999,99999,99999,99999,99999,99999,0.000000,0.000000,0.000000,0.000000,0.000000,0.000000,0.000000,0.000000,0.000000,0.000000,0.000000,0.000000,0.000000,0.000000,0,0,0,0
"-6,-3",0,73125,0,0,668,4,99999,99999,99999,99999,99999,99999,0.000000,0.000000,0.000000,0.000000,0.000000,0.000000,0.000000,0.000000,0.000000,0.000000,0.000000,0.000000,0.000000,0.000000,0,0,0,0
"-6,-2",0,73125,0,0,674,4,99999,99999,99999,99999,99999,99999,0.000000,0.000000,0.000000,0.000000,0.000000,0.000000,0.000000,0.000000,0.000000,0.000000,0.000000,0.000000,0.000000,0.000000,0,0,0,0
"-6,-1",0,73125,0,0,676,4,99999,99999,99999,99999,99999,99999,0.000000,0.000000,0.000000,0.000000,0.000000,0.000000,0.000000,0.000000,0.000000,0.000000,0.000000,0.000000,0.000000,0.000000,0,0,0,0
"-6,0",0,73125,0,0,670,4,99999,99999,99999,99999,99999,99999,0.000000,0.000000,0.000000,0.000000,0.000000,0.000000,0.000000,0.000000,0.000000,0.000000,0.000000,0.000000,0.000000,0.000000,0,0,0,0
"-6,1",0,73125,0,0,672,4,99999,99999,99999,99999,99999,99999,0.000000,0.000000,0.000000,0.000000,0.000000,0.000000,0.000000,0.000000,0.000000,0.000000,0.000000,0.000000,0.000000,0.000000,0,0,0,0
"-6,2",0,73125,0,0,671,4,99999,99999,99999,99999,99999,99999,0.000000,0.000000,0.000000,0.000000,0.000000,0.000000,0.000000,0.000000,0.000000,0.000000,0.000000,0.000000,0.000000,0.000000,0,0,0,0
"-6,3",0,73125,0,0,679,4,99999,99999,99999,99999,99999,99999,0.000000,0.000000,0.000000,0.000000,0.000000,0.000000,0.000000,0.000000,0.000000,0.000000,0.000000,0.000000,0.000000,0.000000,0,0,0,0
"-6,4",0,73125,0,0,671,4,99999,99999,99999,99999,99999,99999,0.000000,0.000000,0.000000,0.000000,0.000000,0.000000,0.000000,0.000000,0.000000,0.000000,0.000000,0.000000,0.000000,0.000000,0,0,0,0
"-6,5",0,73125,0,0,669,4,99999,99999,99999,99999,99999,99999,0.000000,0.000000,0.000000,0.000000,0.000000,0.000000,0.000000,0.000000,0.000000,0.000000,0.000000,0.000000,0.000000,0.000000,0,0,0,0
"-6,6",0,73125,0,0,673,4,99999,99999,99999,99999,99999,99999,0.000000,0.000000,0.000000,0.000000,0.000000,0.000000,0.000000,0.000000,0.000000,0.000000,0.000000,0.000000,0.000000,0.000000,0,0,0,0
"-6,7",0,73125,0,0,674,4,99999,99999,99999,99999,99999,99999,0.000000,0.000000,0.000000,0.000000,0.000000,0.000000,0.000000,0.000000,0.000000,0.000000,0.000000,0.000000,0.000000,0.000000,0,0,0,0
"-6,8",0,73125,0,0,56,4,99999,99999,99999,99999,99999,99999,0.000000,0.000000,0.000000,0.000000,0.000000,0.000000,0.000000,0.000000,0.000000,0.000000,0.000000,0.000000,0.000000,0.000000,0,0,0,0
"-6,9",0,73125,0,0,56,4,99999,99999,99999,99999,99999,99999,0.000000,0.000000,0.000000,0.000000,0.000000,0.000000,0.000000,0.000000,0.000000,0.000000,0.000000,0.000000,0.000000,0.000000,0,0,0,0
"-6,10",0,73125,0,0,55,4,99999,99999,99999,99999,99999,99999,0.000000,0.000000,0.000000,0.000000,0.000000,0.000000,0.000000,0.000000,0.000000,0.000000,0.000000,0.000000,0.000000,0.000000,0,0,0,0
"-6,11",0,73125,0,0,56,4,99999,99999,99999,99999,99999,99999,0.000000,0.000000,0.000000,0.000000,0.000000,0.000000,0.000000,0.000000,0.000000,0.000000,0.000000,0.000000,0.000000,0.000000,0,0,0,0
"-6,12",0,73125,0,0,55,4,99999,99999,99999,99999,99999,99999,0.000000,0.000000,0.000000,0.000000,0.000000,0.000000,0.000000,0.000000,0.000000,0.000000,0.000000,0.000000,0.000000,0.000000,0,0,0,0
"-6,13",0,73125,0,0,56,4,99999,99999,99999,99999,99999,99999,0.000000,0.000000,0.000000,0.000000,0.000000,0.000000,0.000000,0.000000,0.000000,0.000000,0.000000,0.000000,0.000000,0.000000,0,0,0,0
"-6,14",0,73125,0,0,56,4,99999,99999,99999,99999,99999,99999,0.000000,0.000000,0.000000,0.000000,0.000000,0.000000,0.000000,0.000000,0.000000,0.000000,0.000000,0.000000,0.000000,0.000000,0,0,0,0
"-6,15",0,73125,0,0,8,4,99999,99999,99999,99999,99999,99999,0.000000,0.000000,0.000000,0.000000,0.000000,0.000000,0.000000,0.000000,0.000000,0.000000,0.000000,0.000000,0.000000,0.000000,0,0,0,0
"-6,16",0,73125,0,0,8,4,99999,99999,99999,99999,99999,99999,0.000000,0.000000,0.000000,0.000000,0.000000,0.000000,0.000000,0.000000,0.000000,0.000000,0.000000,0.000000,0.000000,0.000000,0,0,0,0
"-6,17",0,73125,0,0,7,4,99999,99999,99999,99999,99999,99999,0.000000,0.000000,0.000000,0.000000,0.000000,0.000000,0.000000,0.000000,0.000000,0.000000,0.000000,0.000000,0.000000,0.000000,0,0,0,0
"-6,18",0,73125,0,0,8,4,99999,99999,99999,99999,99999,99999,0.000000,0.000000,0.000000,0.000000,0.000000,0.000000,0.000000,0.000000,0.000000,0.000000,0.000000,0.000000,0.000000,0.000000,0,0,0,0
"-6,19",0,73125,0,0,8,4,99999,99999,99999,99999,99999,99999,0.000000,0.000000,0.000000,0.000000,0.000000,0.000000,0.000000,0.000000,0.000000,0.000000,0.000000,0.000000,0.000000,0.000000,0,0,0,0
"-6,20",0,73125,0,0,4,4,99999,99999,99999,99999,99999,99999,0.000000,0.000000,0.000000,0.000000,0.000000,0.000000,0.000000,0.000000,0.000000,0.000000,0.000000,0.000000,0.000000,0.000000,0,0,0,0
"-6,21",0,73125,0,0,4,4,99999,99999,99999,99999,99999,99999,0.000000,0.000000,0.000000,0.000000,0.000000,0.000000,0.000000,0.000000,0.000000,0.000000,0.000000,0.000000,0.000000,0.000000,0,0,0,0
"-6,22",0,73125,0,0,4,4,99999,99999,99999,99999,99999,99999,0.000000,0.000000,0.000000,0.000000,0.000000,0.000000,0.000000,0.000000,0.000000,0.000000,0.000000,0.000000,0.000000,0.000000,0,0,0,0
"-6,23",0,73125,0,0,4,4,99999,99999,99999,99999,99999,99999,0.000000,0.000000,0.000000,0.000000,0.000000,0.000000,0.000000,0.000000,0.000000,0.000000,0.000000,0.000000,0.000000,0.000000,0,0,0,0
"-6,24",0,73125,0,0,4,4,99999,99999,99999,99999,99999,99999,0.000000,0.000000,0.000000,0.000000,0.000000,0.000000,0.000000,0.000000,0.000000,0.000000,0.000000,0.000000,0.000000,0.000000,0,0,0,0
"-6,25",0,73125,0,0,4,4,99999,99999,99999,99999,99999,99999,0.000000,0.000000,0.000000,0.000000,0.000000,0.000000,0.000000,0.000000,0.000000,0.000000,0.000000,0.000000,0.000000,0.000000,0,0,0,0
"-6,26",0,73125,0,0,4,4,99999,99999,99999,99999,99999,99999,0.000000,0.000000,0.000000,0.000000,0.000000,0.000000,0.000000,0.000000,0.000000,0.000000,0.000000,0.000000,0.000000,0.000000,0,0,0,0
"-5,-26",0,73125,0,0,667,4,99999,99999,99999,99999,99999,99999,0.000000,0.000000,0.000000,0.000000,0.000000,0.000000,0.000000,0.000000,0.000000,0.000000,0.000000,0.000000,0.000000,0.000000,0,0,0,0
"-5,-25",35,73125,7,1,793,2,1,10,19,0,0,0,1.000000,0.000000,0.000000,0.000000,0.000000,0.000000,0.000000,0.989247,0.010753,0.000000,0.000000,0.000000,0.000000,0.000000,27495,180,280,100
"-5,-24",30,73125,7,1,793,2,1,9,17,0,0,0,1.000000,0.000000,0.000000,0.000000,0.000000,0.000000,0.000000,0.992218,0.007782,0.000000,0.000000,0.000000,0.000000,0.000000,27495,180,259,79
"-5,-23",32,73125,7,1,790,2,1,9,25,0,0,1,1.000000,0.000000,0.000000,0.000000,0.000000,0.000000,0.000000,0.977273,0.022727,0.000000,0.000000,0.000000,0.000000,0.000000,27495,180,265,85
"-5,-22",31,73125,7,1,795,2,1,9,43,0,0,0,0.994444,0.005556,0.000000,0.000000,0.000000,0.000000,0.000000,0.992000,0.008000,0.000000,0.000000,0.000000,0.000000,0.000000,27495,180,264,84
"-5,-21",37,73125,7,1,797,2,1,19,66,0,0,1,0.988889,0.011111,0.000000,0.000000,0.000000,0.000000,0.000000,0.968085,0.031915,0.000000,0.000000,0.000000,0.000000,0.000000,27495,180,290,110
"-5,-20",33,73725,8,1,791,2,1,9,22,0,0,1,1.000000,0.000000,0.000000,0.000000,0.000000,0.000000,0.000000,0.973180,0.026820,0.000000,0.000000,0.000000,0.000000,0.000000,27495,180,269,89
"-5,-19",36,74300,8,1,794,2,1,12,27,0,0,1,1.000000,0.000000,0.000000,0.000000,0.000000,0.000000,0.000000,0.982206,0.017794,0.000000,0.000000,0.000000,0.000000,0.000000,27495,180,285,105
"-5,-18",40,74848,8,1,790,2,1,10,23,0,0,1,1.000000,0.000000,0.000000,0.000000,0.000000,0.000000,0.000000,0.986348,0.013652,0.000000,0.000000,0.000000,0.000000,0.000000,27495,180,301,121
"-5,-17",42,75376,8,1,792,2,1,16,30,0,0,1,1.000000,0.000000,0.000000,0.000000,0.000000,0.000000,0.000000,0.987220,0.012780,0.000000,0.000000,0.000000,0.000000,0.000000,27561,181,315,134
"-5,-16",30,75794,8,1,792,2,1,8,18,0,0,0,1.000000,0.000000,0.000000,0.000000,0.000000,0.000000,0.000000,0.988417,0.011583,0.000000,0.000000,0.000000,0.000000,0.000000,27495,180,260,80
"-5,-15",31,76182,8,1,790,2,1,8,13,0,0,0,1.000000,0.000000,0.000000,0.000000,0.000000,0.000000,0.000000,0.992248,0.007752,0.000000,0.000000,0.000000,0.000000,0.000000,27495,180,261,81
"-5,-14",30,76549,8,1,793,2,1,7,17,0,0,0,1.000000,0.000000,0.000000,0.000000,0.000000,0.000000,0.000000,0.992188,0.007812,0.000000,0.000000,0.000000,0.000000,0.000000,27495,180,259,79
"-5,-13",28,76450,7,1,790,2,1,7,15,0,0,0,1.000000,0.000000,0.000000,0.000000,0.000000,0.000000,0.000000,0.995984,0.004016,0.000000,0.000000,0.000000,0.000000,0.000000,27495,180,251,71
"-5,-12",38,76342,7,1,796,2,1,10,14,0,0,1,1.000000,0.000000,0.000000,0.000000,0.000000,0.000000,0.000000,0.982578,0.013937,0.003484,0.000000,0.000000,0.000000,0.000000,27495,180,293,113
"-5,-11",35,76244,7,1,790,2,1,9,67,0,0,0,0.988889,0.011111,0.000000,0.000000,0.000000,0.000000,0.000000,0.996350,0.003650,0.000000,0.000000,0.000000,0.000000,0.000000,27495,180,281,101
"-5,-10",32,76152,7,1,795,2,1,12,45,0,0,1,1.000000,0.000000,0.000000,0.000000,0.000000,0.000000,0.000000,0.980989,0.019011,0.000000,0.000000,0.000000,0.000000,0.000000,27777,182,269,88
"-5,-9",32,76069,7,1,790,2,1,8,12,0,0,0,1.000000,0.000000,0.000000,0.000000,0.000000,0.000000,0.000000,0.988764,0.011236,0.000000,0.000000,0.000000,0.000000,0.000000,27495,180,267,87
"-5,-8",0,76069,0,0,669,4,99999,99999,99999,99999,99999,99999,0.000000,0.000000,0.000000,0.000000,0.000000,0.000000,0.000000,0.000000,0.000000,0.000000,0.000000,0.000000,0.000000,0.000000,0,0,0,0
"-5,-7",0,76069,0,0,668,4,99999,99999,99999,99999,99999,99999,0.000000,0.000000,0.000000,0.000000,0.000000,0.000000,0.000000,0.000000,0.000000,0.000000,0.000000,0.000000,0.000000,0.000000,0,0,0,0
"-5,-6",0,76069,0,0,676,4,99999,99999,99999,99999,99999,99999,0.000000,0.000000,0.000000,0.000000,0.000000,0.000000,0.000000,0.000000,0.000000,0.000000,0.000000,0.000000,0.000000,0.000000,0,0,0,0
"-5,-5",0,76069,0,0,667,4,99999,99999,99999,99999,99999,99999,0.000000,0.000000,0.000000,0.000000,0.000000,0.000000,0.000000,0.000000,0.000000,0.000000,0.000000,0.000000,0.000000,0.000000,0,0,0,0
"-5,-4",0,76069,0,0,670,4,99999,99999,99999,99999,99999,99999,0.000000,0.000000,0.000000,0.000000,0.000000,0.000000,0.000000,0.000000,0.000000,0.000000,0.000000,0.000000,0.000000,0.000000,0,0,0,0
"-5,-3",0,76069,0,0,675,4,99999,99999,99999,99999,99999,99999,0.000000,0.000000,0.000000,0.000000,0.000000,0.000000,0.000000,0.000000,0.000000,0.000000,0.000000,0.000000,0.000000,0.000000,0,0,0,0
"-5,-2",0,76069,0,0,671,4,99999,99999,99999,99999,99999,99999,0.000000,0.000000,0.000000,0.000000,0.000000,0.000000,0.000000,0.000000,0.000000,0.000000,0.000000,0.000000,0.000000,0.000000,0,0,0,0
"-5,-1",0,76069,0,0,669,4,99999,99999,99999,99999,99999,99999,0.000000,0.000000,0.000000,0.000000,0.000000,0.000000,0.000000,0.000000,0.000000,0.000000,0.000000,0.000000,0.000000,0.000000,0,0,0,0
"-5,0",0,76069,0,0,679,4,99999,99999,99999,99999,99999,99999,0.000000,0.000000,0.000000,0.000000,0.000000,0.000000,0.000000,0.000000,0.000000,0.000000,0.000000,0.000000,0.000000,0.000000,0,0,0,0
"-5,1",0,76069,0,0,668,4,99999,99999,99999,99999,99999,99999,0.000000,0.000000,0.000000,0.000000,0.000000,0.000000,0.000000,0.000000,0.000000,0.000000,0.000000,0.000000,0.000000,0.000000,0,0,0,0
"-5,2",0,76069,0,0,675,4,99999,99999,99999,99999,99999,99999,0.000000,0.000000,0.000000,0.000000,0.000000,0.000000,0.000000,0.000000,0.000000,0.000000,0.000000,0.000000,0.000000,0.000000,0,0,0,0
"-5,3",0,76069,0,0,669,4,99999,99999,99999,99999,99999,99999,0.000000,0.000000,0.000000,0.000000,0.000000,0.000000,0.000000,0.000000,0.000000,0.000000,0.000000,0.000000,0.000000,0.000000,0,0,0,0
"-5,4",0,76069,0,0,671,4,99999,99999,99999,99999,99999,99999,0.000000,0.000000,0.000000,0.000000,0.000000,0.000000,0.000000,0.000000,0.000000,0.000000,0.000000,0.000000,0.000000,0.000000,0,0,0,0
"-5,5",0,76069,0,0,674,4,99999,99999,99999,99999,99999,99999,0.000000,0.000000,0.000000,0.000000,0.000000,0.000000,0.000000,0.000000,0.000000,0.000000,0.000000,0.000000,0.000000,0.000000,0,0,0,0
"-5,6",0,76069,0,0,677,4,99999,99999,99999,99999,99999,99999,0.000000,0.000000,0.000000,0.000000,0.000000,0.000000,0.000000,0.000000,0.000000,0.000000,0.000000,0.000000,0.000000,0.000000,0,0,0,0
"-5,7",0,76069,0,0,673,4,99999,99999,99999,99999,99999,99999,0.000000,0.000000,0.000000,0.000000,0.000000,0.000000,0.000000,0.000000,0.000000,0.000000,0.000000,0.000000,0.000000,0.000000,0,0,0,0
"-5,8",0,76069,0,0,675,4,99999,99999,99999,99999,99999,99999,0.000000,0.000000,0.000000,0.000000,0.000000,0.000000,0.000000,0.000000,0.000000,0.000000,0.000000,0.000000,0.000000,0.000000,0,0,0,0
"-5,9",0,76069,0,0,55,4,99999,99999,99999,99999,99999,99999,0.000000,0.000000,0.000000,0.000000,0.000000,0.000000,0.000000,0.000000,0.000000,0.000000,0.000000,0.000000,0.000000,0.000000,0,0,0,0
"-5,10",0,76069,0,0,55,4,99999,99999,99999,99999,99999,99999,0.000000,0.000000,0.000000,0.000000,0.000000,0.000000,0.000000,0.000000,0.000000,0.000000,0.000000,0.000000,0.000000,0.000000,0,0,0,0
"-5,11",0,76069,0,0,54,4,99999,99999,99999,99999,99999,99999,0.000000,0.000000,0.000000,0.000000,0.000000,0.000000,0.000000,0.000000,0.000000,0.000000,0.000000,0.000000,0.000000,0.000000,0,0,0,0
"-5,12",0,76069,0,0,56,4,99999,99999,99999,99999,99999,99999,0.000000,0.000000,0.000000,0.000000,0.000000,0.000000,0.000000,0.000000,0.000000,0.000000,0.000000,0.000000,0.000000,0.000000,0,0,0,0
"-5,13",0,76069,0,0,55,4,99999,99999,99999,99999,99999,99999,0.000000,0.000000,0.000000,0.000000,0.000000,0.000000,0.000000,0.000000,0.000000,0.000000,0.000000,0.000000,0.000000,0.000000,0,0,0,0
"-5,14",0,76069,0,0,55,4,99999,99999,99999,99999,99999,99999,0.000000,0.000000,0.000000,0.000000,0.000000,0.000000,0.000000,0.000000,0.000000,0.000000,0.000000,0.000000,0.000000,0.000000,0,0,0,0
"-5,15",0,76069,0,0,57,4,99999,99999,99999,99999,99999,99999,0.000000,0.000000,0.000000,0.000000,0.000000,0.000000,0.000000,0.000000,0.000000,0.000000,0.000000,0.000000,0.000000,0.000000,0,0,0,0
"-5,16",0,76069,0,0,8,4,99999,99999,99999,99999,99999,99999,0.000000,0.000000,0.000000,0.000000,0.000000,0.000000,0.000000,0.000000,0.000000,0.000000,0.000000,0.000000,0.000000,0.000000,0,0,0,0
"-5,17",0,76069,0,0,7,4,99999,99999,99999,99999,99999,99999,0.000000,0.000000,0.000000,0.000000,0.000000,0.000000,0.000000,0.000000,0.000000,0.000000,0.000000,0.000000,0.000000,0.000000,0,0,0,0
"-5,18",0,76069,0,0,8,4,99999,99999,99999,99999,99999,99999,0.000000,0.000000,0.000000,0.000000,0.000000,0.000000,0.000000,0.000000,0.000000,0.000000,0.000000,0.000000,0.000000,0.000000,0,0,0,0
"-5,19",0,76069,0,0,8,4,99999,99999,99999,99999,99999,99999,0.000000,0.000000,0.000000,0.000000,0.000000,0.000000,0.000000,0.000000,0.000000,0.000000,0.000000,0.000000,0.000000,0.000000,0,0,0,0
"-5,20",0,76069,0,0,8,4,99999,99999,99999,99999,99999,99999,0.000000,0.000000,0.000000,0.000000,0.000000,0.000000,0.000000,0.000000,0.000000,0.000000,0.000000,0.000000,0.000000,0.000000,0,0,0,0
"-5,21",0,76069,0,0,4,4,99999,99999,99999,99999,99999,99999,0.000000,0.000000,0.000000,0.000000,0.000000,0.000000,0.000000,0.000000,0.000000,0.000000,0.000000,0.000000,0.000000,0.000000,0,0,0,0
"-5,22",0,76069,0,0,4,4,99999,99999,99999,99999,99999,99999,0.000000,0.000000,0.000000,0.000000,0.000000,0.000000,0.000000,0.000000,0.000000,0.000000,0.000000,0.000000,0.000000,0.000000,0,0,0,0
"-5,23",0,76069,0,0,4,4,99999,99999,99999,99999,99999,99999,0.000000,0.000000,0.000000,0.000000,0.000000,0.000000,0.000000,0.000000,0.000000,0.000000,0.000000,0.000000,0.000000,0.000000,0,0,0,0
"-5,24",0,76069,0,0,4,4,99999,99999,99999,99999,99999,99999,0.000000,0.000000,0.000000,0.000000,0.000000,0.000000,0.000000,0.000000,0.000000,0.000000,0.000000,0.000000,0.000000,0.000000,0,0,0,0
"-5,25",0,76069,0,0,4,4,99999,99999,99999,99999,99999,99999,0.000000,0.000000,0.000000,0.000000,0.000000,0.000000,0.000000,0.000000,0.000000,0.000000,0.000000,0.000000,0.000000,0.000000,0,0,0,0
"-5,26",0,76069,0,0,4,4,99999,99999,99999,99999,99999,99999,0.000000,0.000000,0.000000,0.000000,0.000000,0.000000,0.000000,0.000000,0.000000,0.000000,0.000000,0.000000,0.000000,0.000000,0,0,0,0
"-4,-26",30,75990,7,1,799,2,1,6,9,0,0,0,1.000000,0.000000,0.000000,0.000000,0.000000,0.000000,0.000000,0.988372,0.011628,0.000000,0.000000,0.000000,0.000000,0.000000,27495,180,259,79
"-4,-25",31,75915,7,1,792,2,1,7,18,0,0,1,1.000000,0.000000,0.000000,0.000000,0.000000,0.000000,0.000000,0.980916,0.019084,0.000000,0.000000,0.000000,0.000000,0.000000,27495,180,263,83
"-4,-24",37,75840,7,1,794,2,1,12,22,0,0,1,1.000000,0.000000,0.000000,0.000000,0.000000,0.000000,0.000000,0.979167,0.020833,0.000000,0.000000,0.000000,0.000000,0.000000,27495,180,288,108
"-4,-23",28,76122,8,1,794,2,1,6,17,0,0,0,1.000000,0.000000,0.000000,0.000000,0.000000,0.000000,0.000000,0.996047,0.003953,0.000000,0.000000,0.000000,0.000000,0.000000,27495,180,253,73
"-4,-22",32,76410,8,1,800,2,1,8,16,0,0,1,1.000000,0.000000,0.000000,0.000000,0.000000,0.000000,0.000000,0.973282,0.026718,0.000000,0.000000,0.000000,0.000000,0.000000,27495,180,265,85
"-4,-21",32,76689,8,1,793,2,1,10,16,0,0,1,1.000000,0.000000,0.000000,0.000000,0.000000,0.000000,0.000000,0.984615,0.015385,0.000000,0.000000,0.000000,0.000000,0.000000,27495,180,267,87
"-4,-20",31,76942,8,1,793,2,1,6,32,0,0,1,1.000000,0.000000,0.000000,0.000000,0.000000,0.000000,0.000000,0.980843,0.019157,0.000000,0.000000,0.000000,0.000000,0.000000,27495,180,263,83
"-4,-19",35,77425,9,1,796,2,1,10,14,0,0,0,1.000000,0.000000,0.000000,0.000000,0.000000,0.000000,0.000000,0.989091,0.010909,0.000000,0.000000,0.000000,0.000000,0.000000,27495,180,281,101
"-4,-18",31,77862,9,1,796,2,1,9,12,0,0,1,1.000000,0.000000,0.000000,0.000000,0.000000,0.000000,0.000000,0.976834,0.023166,0.000000,0.000000,0.000000,0.000000,0.000000,27561,181,263,82
"-4,-17",34,78304,9,1,791,2,1,9,18,0,0,1,1.000000,0.000000,0.000000,0.000000,0.000000,0.000000,0.000000,0.985240,0.014760,0.000000,0.000000,0.000000,0.000000,0.000000,27495,180,275,95
"-4,-16",36,78731,9,1,791,2,1,11,25,0,0,0,1.000000,0.000000,0.000000,0.000000,0.000000,0.000000,0.000000,0.989437,0.010563,0.000000,0.000000,0.000000,0.000000,0.000000,27495,180,285,105
"-4,-15",38,79152,9,1,792,2,1,14,39,0,0,1,1.000000,0.000000,0.000000,0.000000,0.000000,0.000000,0.000000,0.965278,0.034722,0.000000,0.000000,0.000000,0.000000,0.000000,27495,180,291,111
"-4,-14",29,79321,8,1,794,2,1,8,16,0,0,1,1.000000,0.000000,0.000000,0.000000,0.000000,0.000000,0.000000,0.980315,0.019685,0.000000,0.000000,0.000000,0.000000,0.000000,27495,180,255,75
"-4,-13",32,79490,8,1,791,2,1,7,19,0,0,0,1.000000,0.000000,0.000000,0.000000,0.000000,0.000000,0.000000,0.996241,0.003759,0.000000,0.000000,0.000000,0.000000,0.000000,27495,180,267,87
"-4,-12",34,79654,8,1,798,2,1,10,21,0,0,1,1.000000,0.000000,0.000000,0.000000,0.000000,0.000000,0.000000,0.966667,0.033333,0.000000,0.000000,0.000000,0.000000,0.000000,27495,180,275,95
"-4,-11",35,79818,8,1,791,2,1,8,17,0,0,1,1.000000,0.000000,0.000000,0.000000,0.000000,0.000000,0.000000,0.981818,0.018182,0.000000,0.000000,0.000000,0.000000,0.000000,27495,180,277,97
"-4,-10",30,79693,7,1,795,2,1,7,11,0,0,1,1.000000,0.000000,0.000000,0.000000,0.000000,0.000000,0.000000,0.984436,0.015564,0.000000,0.000000,0.000000,0.000000,0.000000,27495,180,259,79
"-4,-9",34,79570,7,1,792,2,1,10,14,0,0,1,1.000000,0.000000,0.000000,0.000000,0.000000,0.000000,0.000000,0.958647,0.041353,0.000000,0.000000,0.000000,0.000000,0.000000,27495,180,273,93
"-4,-8",33,79450,7,1,793,2,1,6,13,0,0,1,1.000000,0.000000,0.000000,0.000000,0.000000,0.000000,0.000000,0.977444,0.022556,0.000000,0.000000,0.000000,0.000000,0.000000,27495,180,270,90
"-4,-7",0,79450,0,0,674,4,99999,99999,99999,99999,99999,99999,0.000000,0.000000,0.000000,0.000000,0.000000,0.000000,0.000000,0.000000,0.000000,0.000000,0.000000,0.000000,0.000000,0.000000,0,0,0,0
"-4,-6",0,79450,0,0,665,4,99999,99999,99999,99999,99999,99999,0.000000,0.000000,0.000000,0.000000,0.000000,0.000000,0.000000,0.000000,0.000000,0.000000,0.000000,0.000000,0.000000,0.000000,0,0,0,0
"-4,-5",0,79450,0,0,666,4,99999,99999,99999,99999,99999,99999,0.000000,0.000000,0.000000,0.000000,0.000000,0.000000,0.000000,0.000000,0.000000,0.000000,0.000000,0.000000,0.000000,0.000000,0,0,0,0
"-4,-4",0,79450,0,0,671,4,99999,99999,99999,99999,99999,99999,0.000000,0.000000,0.000000,0.000000,0.000000,0.000000,0.000000,0.000000,0.000000,0.000000,0.000000,0.000000,0.000000,0.000000,0,0,0,0
"-4,-3",0,79450,0,0,673,4,99999,99999,99999,99999,99999,99999,0.000000,0.000000,0.000000,0.000000,0.000000,0.000000,0.000000,0.000000,0.000000,0.000000,0.000000,0.000000,0.000000,0.000000,0,0,0,0
"-4,-2",0,79450,0,0,670,4,99999,99999,99999,99999,99999,99999,0.000000,0.000000,0.000000,0.000000,0.000000,0.000000,0.000000,0.000000,0.000000,0.000000,0.000000,0.000000,0.000000,0.000000,0,0,0,0
"-4,-1",0,79450,0,0,675,4,99999,99999,99999,99999,99999,99999,0.000000,0.000000,0.000000,0.000000,0.000000,0.000000,0.000000,0.000000,0.000000,0.000000,0.000000,0.000000,0.000000,0.000000,0,0,0,0
"-4,0",0,79450,0,0,674,4,99999,99999,99999,99999,99999,99999,0.000000,0.000000,0.000000,0.000000,0.000000,0.000000,0.000000,0.000000,0.000000,0.000000,0.000000,0.000000,0.000000,0.000000,0,0,0,0
"-4,1",0,79450,0,0,679,4,99999,99999,99999,99999,99999,99999,0.000000,0.000000,0.000000,0.000000,0.000000,0.000000,0.000000,0.000000,0.000000,0.000000,0.000000,0.000000,0.000000,0.000000,0,0,0,0
"-4,2",0,79450,0,0,676,4,99999,99999,99999,99999,99999,99999,0.000000,0.000000,0.000000,0.000000,0.000000,0.000000,0.000000,0.000000,0.000000,0.000000,0.000000,0.000000,0.000000,0.000000,0,0,0,0
"-4,3",0,79450,0,0,666,4,99999,99999,99999,99999,99999,99999,0.000000,0.000000,0.000000,0.000000,0.000000,0.000000,0.000000,0.000000,0.000000,0.000000,0.000000,0.000000,0.000000,0.000000,0,0,0,0
"-4,4",0,79450,0,0,668,4,99999,99999,99999,99999,99999,99999,0.000000,0.000000,0.000000,0.000000,0.000000,0.000000,0.000000,0.000000,0.000000,0.000000,0.000000,0.000000,0.000000,0.000000,0,0,0,0
"-4,5",0,79450,0,0,673,4,99999,99999,99999,99999,99999,99999,0.000000,0.000000,0.000000,0.000000,0.000000,0.000000,0.000000,0.000000,0.000000,0.000000,0.000000,0.000000,0.000000,0.000000,0,0,0,0
"-4,6",0,79450,0,0,665,4,99999,99999,99999,99999,99999,99999,0.000000,0.000000,0.000000,0.000000,0.000000,0.000000,0.000000,0.000000,0.000000,0.000000,0.000000,0.000000,0.000000,0.000000,0,0,0,0
"-4,7",0,79450,0,0,666,4,99999,99999,99999,99999,99999,99999,0.000000,0.000000,0.000000,0.000000,0.000000,0.000000,0.000000,0.000000,0.000000,0.000000,0.000000,0.000000,0.000000,0.000000,0,0,0,0
"-4,8",0,79450,0,0,675,4,99999,99999,99999,99999,99999,99999,0.000000,0.000000,0.000000,0.000000,0.000000,0.000000,0.000000,0.000000,0.000000,0.000000,0.000000,0.000000,0.000000,0.000000,0,0,0,0
"-4,9",0,79450,0,0,55,4,99999,99999,99999,99999,99999,99999,0.000000,0.000000,0.000000,0.000000,0.000000,0.000000,0.000000,0.000000,0.000000,0.000000,0.000000,0.000000,0.000000,0.000000,0,0,0,0
"-4,10",0,79450,0,0,55,4,99999,99999,99999,99999,99999,99999,0.000000,0.000000,0.000000,0.000000,0.000000,0.000000,0.000000,0.000000,0.000000,0.000000,0.000000,0.000000,0.000000,0.000000,0,0,0,0
"-4,11",0,79450,0,0,55,4,99999,99999,99999,99999,99999,99999,0.000000,0.000000,0.000000,0.000000,0.000000,0.000000,0.000000,0.000000,0.000000,0.000000,0.000000,0.000000,0.000000,0.000000,0,0,0,0
"-4,12",0,79450,0,0,55,4,99999,99999,99999,99999,99999,99999,0.000000,0.000000,0.000000,0.000000,0.000000,0.000000,0.000000,0.000000,0.000000,0.000000,0.000000,0.000000,0.000000,0.000000,0,0,0,0
"-4,13",0,79450,0,0,56,4,99999,99999,99999,99999,99999,99999,0.000000,0.000000,0.000000,0.000000,0.000000,0.000000,0.000000,0.000000,0.000000,0.000000,0.000000,0.000000,0.000000,0.000000,0,0,0,0
"-4,14",0,79450,0,0,55,4,99999,99999,99999,99999,99999,99999,0.000000,0.000000,0.000000,0.000000,0.000000,0.000000,0.000000,0.000000,0.000000,0.000000,0.000000,0.000000,0.000000,0.000000,0,0,0,0
"-4,15",0,79450,0,0,55,4,99999,99999,99999,99999,99999,99999,0.000000,0.000000,0.000000,0.000000,0.000000,0.000000,0.000000,0.000000,0.000000,0.000000,0.000000,0.000000,0.000000,0.000000,0,0,0,0
"-4,16",0,79450,0,0,8,4,99999,99999,99999,99999,99999,99999,0.000000,0.000000,0.000000,0.000000,0.000000,0.000000,0.000000,0.000000,0.000000,0.000000,0.000000,0.000000,0.000000,0.000000,0,0,0,0
"-4,17",0,79450,0,0,8,4,99999,99999,99999,99999,99999,99999,0.000000,0.000000,0.000000,0.000000,0.000000,0.000000,0.000000,0.000000,0.000000,0.000000,0.000000,0.000000,0.000000,0.000000,0,0,0,0
"-4,18",0,79450,0,0,8,4,99999,99999,99999,99999,99999,99999,0.000000,0.000000,0.000000,0.000000,0.000000,0.000000,0.000000,0.000000,0.000000,0.000000,0.000000,0.000000,0.000000,0.000000,0,0,0,0
"-4,19",0,79450,0,0,8,4,99999,99999,99999,99999,99999,99999,0.000000,0.000000,0.000000,0.000000,0.000000,0.000000,0.000000,0.000000,0.000000,0.000000,0.000000,0.000000,0.000000,0.000000,0,0,0,0
"-4,20",0,79450,0,0,8,4,99999,99999,99999,99999,99999,99999,0.000000,0.000000,0.000000,0.000000,0.000000,0.000000,0.000000,0.000000,0.000000,0.000000,0.000000,0.000000,0.000000,0.000000,0,0,0,0
"-4,21",0,79450,0,0,4,4,99999,99999,99999,99999,99999,99999,0.000000,0.000000,0.000000,0.000000,0.000000,0.000000,0.000000,0.000000,0.000000,0.000000,0.000000,0.000000,0.000000,0.000000,0,0,0,0
"-4,22",0,79450,0,0,4,4,99999,99999,99999,99999,99999,99999,0.000000,0.000000,0.000000,0.000000,0.000000,0.000000,0.000000,0.000000,0.000000,0.000000,0.000000,0.000000,0.000000,0.000000,0,0,0,0
"-4,23",0,79450,0,0,4,4,99999,99999,99999,99999,99999,99999,0.000000,0.000000,0.000000,0.000000,0.000000,0.000000,0.000000,0.000000,0.000000,0.000000,0.000000,0.000000,0.000000,0.000000,0,0,0,0
"-4,24",0,79450,0,0,4,4,99999,99999,99999,99999,99999,99999,0.000000,0.000000,0.000000,0.000000,0.000000,0.000000,0.000000,0.000000,0.000000,0.000000,0.000000,0.000000,0.000000,0.000000,0,0,0,0
"-4,25",0,79450,0,0,4,4,99999,99999,99999,99999,99999,99999,0.000000,0.000000,0.000000,0.000000,0.000000,0.000000,0.000000,0.000000,0.000000,0.000000,0.000000,0.000000,0.000000,0.000000,0,0,0,0
"-4,26",0,79450,0,0,4,4,99999,99999,99999,99999,99999,99999,0.000000,0.000000,0.000000,0.000000,0.000000,0.000000,0.000000,0.000000,0.000000,0.000000,0.000000,0.000000,0.000000,0.000000,0,0,0,0
"-3,-26",30,79341,7,1,794,2,1,9,17,0,0,2,1.000000,0.000000,0.000000,0.000000,0.000000,0.000000,0.000000,0.980315,0.019685,0.000000,0.000000,0.000000,0.000000,0.000000,27495,180,258,78
"-3,-25",40,79504,8,1,799,2,1,19,83,0,0,1,0.988889,0.011111,0.000000,0.000000,0.000000,0.000000,0.000000,0.979522,0.020478,0.000000,0.000000,0.000000,0.000000,0.000000,27495,180,303,123
"-3,-24",39,79660,8,1,795,2,2,11,30,0,0,0,1.000000,0.000000,0.000000,0.000000,0.000000,0.000000,0.000000,0.989726,0.010274,0.000000,0.000000,0.000000,0.000000,0.000000,27495,180,296,116
"-3,-23",31,79793,8,1,800,2,1,12,43,0,0,1,1.000000,0.000000,0.000000,0.000000,0.000000,0.000000,0.000000,0.980695,0.019305,0.000000,0.000000,0.000000,0.000000,0.000000,27495,180,261,81
"-3,-22",35,80094,9,1,791,2,1,8,26,0,0,1,1.000000,0.000000,0.000000,0.000000,0.000000,0.000000,0.000000,0.974453,0.025547,0.000000,0.000000,0.000000,0.000000,0.000000,27495,180,279,99
"-3,-21",26,80354,9,1,794,2,1,7,15,0,0,1,1.000000,0.000000,0.000000,0.000000,0.000000,0.000000,0.000000,0.970954,0.024896,0.004149,0.000000,0.000000,0.000000,0.000000,27495,180,244,64
"-3,-20",35,80641,9,1,793,2,1,8,13,0,0,1,1.000000,0.000000,0.000000,0.000000,0.000000,0.000000,0.000000,0.985507,0.014493,0.000000,0.000000,0.000000,0.000000,0.000000,27495,180,277,97
"-3,-19",35,80917,9,1,793,2,1,14,90,0,0,1,0.988889,0.011111,0.000000,0.000000,0.000000,0.000000,0.000000,0.973783,0.026217,0.000000,0.000000,0.000000,0.000000,0.000000,27495,180,280,100
"-3,-18",31,81171,9,1,794,2,1,11,17,0,0,1,1.000000,0.000000,0.000000,0.000000,0.000000,0.000000,0.000000,0.984906,0.015094,0.000000,0.000000,0.000000,0.000000,0.000000,27561,181,266,85
"-3,-17",36,81435,9,1,797,2,1,10,25,0,0,1,1.000000,0.000000,0.000000,0.000000,0.000000,0.000000,0.000000,0.985765,0.014235,0.000000,0.000000,0.000000,0.000000,0.000000,27495,180,285,105
"-3,-16",35,81686,9,1,799,2,1,7,12,0,0,1,1.000000,0.000000,0.000000,0.000000,0.000000,0.000000,0.000000,0.985401,0.014599,0.000000,0.000000,0.000000,0.000000,0.000000,27495,180,278,98
"-3,-15",33,81927,9,1,796,2,1,10,19,0,0,0,1.000000,0.000000,0.000000,0.000000,0.000000,0.000000,0.000000,0.992593,0.007407,0.000000,0.000000,0.000000,0.000000,0.000000,27495,180,272,92
"-3,-14",38,82174,9,1,792,2,1,25,100,0,0,1,0.988889,0.011111,0.000000,0.000000,0.000000,0.000000,0.000000,0.985612,0.014388,0.000000,0.000000,0.000000,0.000000,0.000000,27495,180,295,115
"-3,-13",36,82408,9,1,796,2,1,11,18,0,0,0,1.000000,0.000000,0.000000,0.000000,0.000000,0.000000,0.000000,0.989399,0.010601,0.000000,0.000000,0.000000,0.000000,0.000000,27495,180,285,105
"-3,-12",32,82622,9,1,796,2,1,9,21,0,0,1,1.000000,0.000000,0.000000,0.000000,0.000000,0.000000,0.000000,0.981132,0.018868,0.000000,0.000000,0.000000,0.000000,0.000000,27495,180,266,86
"-3,-11",39,82701,8,1,795,2,1,13,45,0,0,1,0.994444,0.005556,0.000000,0.000000,0.000000,0.000000,0.000000,0.958904,0.041096,0.000000,0.000000,0.000000,0.000000,0.000000,27495,180,298,118
"-3,-10",36,82774,8,1,796,2,1,10,31,0,0,1,1.000000,0.000000,0.000000,0.000000,0.000000,0.000000,0.000000,0.981618,0.014706,0.003676,0.000000,0.000000,0.000000,0.000000,27495,180,283,103
"-3,-9",39,82850,8,1,793,2,1,12,32,0,0,1,1.000000,0.000000,0.000000,0.000000,0.000000,0.000000,0.000000,0.983108,0.016892,0.000000,0.000000,0.000000,0.000000,0.000000,27495,180,298,118
"-3,-8",34,82718,7,1,798,2,1,12,35,0,0,1,1.000000,0.000000,0.000000,0.000000,0.000000,0.000000,0.000000,0.985240,0.014760,0.000000,0.000000,0.000000,0.000000,0.000000,27495,180,273,93
"-3,-7",35,82585,7,1,794,2,1,7,16,0,0,1,1.000000,0.000000,0.000000,0.000000,0.000000,0.000000,0.000000,0.985560,0.014440,0.000000,0.000000,0.000000,0.000000,0.000000,27495,180,278,98
"-3,-6",29,82466,7,1,794,2,1,7,27,0,0,0,1.000000,0.000000,0.000000,0.000000,0.000000,0.000000,0.000000,0.996094,0.003906,0.000000,0.000000,0.000000,0.000000,0.000000,27495,180,257,77
"-3,-5",0,82466,0,0,669,4,99999,99999,99999,99999,99999,99999,0.000000,0.000000,0.000000,0.000000,0.000000,0.000000,0.000000,0.000000,0.000000,0.000000,0.000000,0.000000,0.000000,0.000000,0,0,0,0
"-3,-4",0,82466,0,0,671,4,99999,99999,99999,99999,99999,99999,0.000000,0.000000,0.000000,0.000000,0.000000,0.000000,0.000000,0.000000,0.000000,0.000000,0.000000,0.000000,0.000000,0.000000,0,0,0,0
"-3,-3",0,82466,0,0,673,4,99999,99999,99999,99999,99999,99999,0.000000,0.000000,0.000000,0.000000,0.000000,0.000000,0.000000,0.000000,0.000000,0.000000,0.000000,0.000000,0.000000,0.000000,0,0,0,0
"-3,-2",0,82466,0,0,673,4,99999,99999,99999,99999,99999,99999,0.000000,0.000000,0.000000,0.000000,0.000000,0.000000,0.000000,0.000000,0.000000,0.000000,0.000000,0.000000,0.000000,0.000000,0,0,0,0
"-3,-1",0,82466,0,0,672,4,99999,99999,99999,99999,99999,99999,0.000000,0.000000,0.000000,0.000000,0.000000,0.000000,0.000000,0.000000,0.000000,0.000000,0.000000,0.000000,0.000000,0.000000,0,0,0,0
"-3,0",0,82466,0,0,671,4,99999,99999,99999,99999,99999,99999,0.000000,0.000000,0.000000,0.000000,0.000000,0.000000,0.000000,0.000000,0.000000,0.000000,0.000000,0.000000,0.000000,0.000000,0,0,0,0
"-3,1",0,82466,0,0,670,4,99999,99999,99999,99999,99999,99999,0.000000,0.000000,0.000000,0.000000,0.000000,0.000000,0.000000,0.000000,0.000000,0.000000,0.000000,0.000000,0.000000,0.000000,0,0,0,0
"-3,2",0,82466,0,0,668,4,99999,99999,99999,99999,99999,99999,0.000000,0.000000,0.000000,0.000000,0.000000,0.000000,0.000000,0.000000,0.000000,0.000000,0.000000,0.000000,0.000000,0.000000,0,0,0,0
"-3,3",0,82466,0,0,674,4,99999,99999,99999,99999,99999,99999,0.000000,0.000000,0.000000,0.000000,0.000000,0.000000,0.000000,0.000000,0.000000,0.000000,0.000000,0.000000,0.000000,0.000000,0,0,0,0
"-3,4",0,82466,0,0,669,4,99999,99999,99999,99999,99999,99999,0.000000,0.000000,0.000000,0.000000,0.000000,0.000000,0.000000,0.000000,0.000000,0.000000,0.000000,0.000000,0.000000,0.000000,0,0,0,0
"-3,5",0,82466,0,0,670,4,99999,99999,99999,99999,99999,99999,0.000000,0.000000,0.000000,0.000000,0.000000,0.000000,0.000000,0.000000,0.000000,0.000000,0.000000,0.000000,0.000000,0.000000,0,0,0,0
"-3,6",0,82466,0,0,674,4,99999,99999,99999,99999,99999,99999,0.000000,0.000000,0.000000,0.000000,0.000000,0.000000,0.000000,0.000000,0.000000,0.000000,0.000000,0.000000,0.000000,0.000000,0,0,0,0
"-3,7",0,82466,0,0,675,4,99999,99999,99999,99999,99999,99999,0.000000,0.000000,0.000000,0.000000,0.000000,0.000000,0.000000,0.000000,0.000000,0.000000,0.000000,0.000000,0.000000,0.000000,0,0,0,0
"-3,8",0,82466,0,0,676,4,99999,99999,99999,99999,99999,99999,0.000000,0.000000,0.000000,0.000000,0.000000,0.000000,0.000000,0.000000,0.000000,0.000000,0.000000,0.000000,0.000000,0.000000,0,0,0,0
"-3,9",0,82466,0,0,674,4,99999,99999,99999,99999,99999,99999,0.000000,0.000000,0.000000,0.000000,0.000000,0.000000,0.000000,0.000000,0.000000,0.000000,0.000000,0.000000,0.000000,0.000000,0,0,0,0
"-3,10",0,82466,0,0,53,4,99999,99999,99999,99999,99999,99999,0.000000,0.000000,0.000000,0.000000,0.000000,0.000000,0.000000,0.000000,0.000000,0.000000,0.000000,0.000000,0.000000,0.000000,0,0,0,0
"-3,11",0,82466,0,0,55,4,99999,99999,99999,99999,99999,99999,0.000000,0.000000,0.000000,0.000000,0.000000,0.000000,0.000000,0.000000,0.000000,0.000000,0.000000,0.000000,0.000000,0.000000,0,0,0,0
"-3,12",0,82466,0,0,56,4,99999,99999,99999,99999,99999,99999,0.000000,0.000000,0.000000,0.000000,0.000000,0.000000,0.000000,0.000000,0.000000,0.000000,0.000000,0.000000,0.000000,0.000000,0,0,0,0
"-3,13",0,82466,0,0,55,4,99999,99999,99999,99999,99999,99999,0.000000,0.000000,0.000000,0.000000,0.000000,0.000000,0.000000,0.000000,0.000000,0.000000,0.000000,0.000000,0.000000,0.000000,0,0,0,0
"-3,14",0,82466,0,0,55,4,99999,99999,99999,99999,99999,99999,0.000000,0.000000,0.000000,0.000000,0.000000,0.000000,0.000000,0.000000,0.000000,0.000000,0.000000,0.000000,0.000000,0.000000,0,0,0,0
"-3,15",0,82466,0,0,55,4,99999,99999,99999,99999,99999,99999,0.000000,0.000000,0.000000,0.000000,0.000000,0.000000,0.000000,0.000000,0.000000,0.000000,0.000000,0.000000,0.000000,0.000000,0,0,0,0
"-3,16",0,82466,0,0,54,4,99999,99999,99999,99999,99999,99999,0.000000,0.000000,0.000000,0.000000,0.000000,0.000000,0.000000,0.000000,0.000000,0.000000,0.000000,0.000000,0.000000,0.000000,0,0,0,0
"-3,17",0,82466,0,0,8,4,99999,99999,99999,99999,99999,99999,0.000000,0.000000,0.000000,0.000000,0.000000,0.000000,0.000000,0.000000,0.000000,0.000000,0.000000,0.000000,0.000000,0.000000,0,0,0,0
"-3,18",0,82466,0,0,7,4,99999,99999,99999,99999,99999,99999,0.000000,0.000000,0.000000,0.000000,0.000000,0.000000,0.000000,0.000000,0.000000,0.000000,0.000000,0.000000,0.000000,0.000000,0,0,0,0
"-3,19",0,82466,0,0,8,4,99999,99999,99999,99999,99999,99999,0.000000,0.000000,0.000000,0.000000,0.000000,0.000000,0.000000,0.000000,0.000000,0.000000,0.000000,0.000000,0.000000,0.000000,0,0,0,0
"-3,20",0,82466,0,0,8,4,99999,99999,99999,99999,99999,99999,0.000000,0.000000,0.000000,0.000000,0.000000,0.000000,0.000000,0.000000,0.000000,0.000000,0.000000,0.000000,0.000000,0.000000,0,0,0,0
"-3,21",0,82466,0,0,4,4,99999,99999,99999,99999,99999,99999,0.000000,0.000000,0.000000,0.000000,0.000000,0.000000,0.000000,0.000000,0.000000,0.000000,0.000000,0.000000,0.000000,0.000000,0,0,0,0
"-3,22",0,82466,0,0,4,4,99999,99999,99999,99999,99999,99999,0.000000,0.000000,0.000000,0.000000,0.000000,0.000000,0.000000,0.000000,0.000000,0.000000,0.000000,0.000000,0.000000,0.000000,0,0,0,0
"-3,23",0,82466,0,0,4,4,99999,99999,99999,99999,99999,99999,0.000000,0.000000,0.000000,0.000000,0.000000,0.000000,0.000000,0.000000,0.000000,0.000000,0.000000,0.000000,0.000000,0.000000,0,0,0,0
"-3,24",0,82466,0,0,4,4,99999,99999,99999,99999,99999,99999,0.000000,0.000000,0.000000,0.000000,0.000000,0.000000,0.000000,0.000000,0.000000,0.000000,0.000000,0.000000,0.000000,0.000000,0,0,0,0
"-3,25",0,82466,0,0,4,4,99999,99999,99999,99999,99999,99999,0.000000,0.000000,0.000000,0.000000,0.000000,0.000000,0.000000,0.000000,0.000000,0.000000,0.000000,0.000000,0.000000,0.000000,0,0,0,0
"-3,26",0,82466,0,0,4,4,99999,99999,99999,99999,99999,99999,0.000000,0.000000,0.000000,0.000000,0.000000,0.000000,0.000000,0.000000,0.000000,0.000000,0.000000,0.000000,0.000000,0.000000,0,0,0,0
"-2,-26",35,82537,8,1,795,2,1,10,38,0,0,1,0.994444,0.005556,0.000000,0.000000,0.000000,0.000000,0.000000,0.981818,0.018182,0.000000,0.000000,0.000000,0.000000,0.000000,27495,180,280,100
"-2,-25",37,82606,8,1,796,2,1,12,22,0,0,1,1.000000,0.000000,0.000000,0.000000,0.000000,0.000000,0.000000,0.978799,0.021201,0.000000,0.000000,0.000000,0.000000,0.000000,27495,180,287,107
"-2,-24",35,82801,9,1,793,2,1,9,28,0,0,0,1.000000,0.000000,0.000000,0.000000,0.000000,0.000000,0.000000,0.988971,0.011029,0.000000,0.000000,0.000000,0.000000,0.000000,27495,180,278,98
"-2,-23",33,82982,9,1,792,2,1,8,11,0,0,1,1.000000,0.000000,0.000000,0.000000,0.000000,0.000000,0.000000,0.985075,0.014925,0.000000,0.000000,0.000000,0.000000,0.000000,27495,180,270,90
"-2,-22",27,83144,9,1,795,2,1,8,13,0,0,1,1.000000,0.000000,0.000000,0.000000,0.000000,0.000000,0.000000,0.987654,0.012346,0.000000,0.000000,0.000000,0.000000,0.000000,27495,180,248,68
"-2,-21",36,83326,9,1,793,2,1,9,27,0,0,1,1.000000,0.000000,0.000000,0.000000,0.000000,0.000000,0.000000,0.978339,0.021661,0.000000,0.000000,0.000000,0.000000,0.000000,27495,180,283,103
"-2,-20",38,83510,9,1,791,2,1,11,38,0,0,1,1.000000,0.000000,0.000000,0.000000,0.000000,0.000000,0.000000,0.972222,0.027778,0.000000,0.000000,0.000000,0.000000,0.000000,27495,180,293,113
"-2,-19",33,83677,9,1,793,2,1,9,22,0,0,2,1.000000,0.000000,0.000000,0.000000,0.000000,0.000000,0.000000,0.977612,0.022388,0.000000,0.000000,0.000000,0.000000,0.000000,27495,180,272,92
"-2,-18",38,83851,9,1,794,2,1,12,21,0,0,1,1.000000,0.000000,0.000000,0.000000,0.000000,0.000000,0.000000,0.982935,0.017065,0.000000,0.000000,0.000000,0.000000,0.000000,27561,181,295,114
"-2,-17",35,84017,9,1,797,2,1,10,26,0,0,1,1.000000,0.000000,0.000000,0.000000,0.000000,0.000000,0.000000,0.981618,0.018382,0.000000,0.000000,0.000000,0.000000,0.000000,27495,180,279,99
"-2,-16",33,84170,9,1,791,2,1,8,38,0,0,0,1.000000,0.000000,0.000000,0.000000,0.000000,0.000000,0.000000,0.988764,0.011236,0.000000,0.000000,0.000000,0.000000,0.000000,27495,180,269,89
"-2,-15",35,84326,9,1,796,2,1,13,59,0,0,1,0.994444,0.005556,0.000000,0.000000,0.000000,0.000000,0.000000,0.981132,0.018868,0.000000,0.000000,0.000000,0.000000,0.000000,27495,180,277,97
"-2,-14",30,84465,9,1,796,2,1,7,19,0,0,0,1.000000,0.000000,0.000000,0.000000,0.000000,0.000000,0.000000,0.988281,0.011719,0.000000,0.000000,0.000000,0.000000,0.000000,27495,180,259,79
"-2,-13",39,84621,9,1,792,2,1,13,30,0,0,0,0.994444,0.005556,0.000000,0.000000,0.000000,0.000000,0.000000,0.993103,0.006897,0.000000,0.000000,0.000000,0.000000,0.000000,27495,180,298,118
"-2,-12",35,84763,9,1,797,2,1,10,15,0,0,1,1.000000,0.000000,0.000000,0.000000,0.000000,0.000000,0.000000,0.985401,0.014599,0.000000,0.000000,0.000000,0.000000,0.000000,27495,180,280,100
"-2,-11",40,84916,9,1,792,2,1,13,25,0,0,1,0.994444,0.005556,0.000000,0.000000,0.000000,0.000000,0.000000,0.986532,0.013468,0.000000,0.000000,0.000000,0.000000,0.000000,27495,180,303,123
"-2,-10",29,85044,9,1,793,2,1,8,18,0,0,1,1.000000,0.000000,0.000000,0.000000,0.000000,0.000000,0.000000,0.980000,0.020000,0.000000,0.000000,0.000000,0.000000,0.000000,27495,180,257,77
"-2,-9",33,85073,8,1,796,2,1,9,18,0,0,0,1.000000,0.000000,0.000000,0.000000,0.000000,0.000000,0.000000,0.992481,0.007519,0.000000,0.000000,0.000000,0.000000,0.000000,27495,180,270,90
"-2,-8",35,85103,8,1,791,2,1,8,20,0,0,0,1.000000,0.000000,0.000000,0.000000,0.000000,0.000000,0.000000,0.996377,0.003623,0.000000,0.000000,0.000000,0.000000,0.000000,27495,180,281,101
"-2,-7",34,84976,7,1,795,2,1,11,61,0,0,1,0.988889,0.011111,0.000000,0.000000,0.000000,0.000000,0.000000,0.985185,0.014815,0.000000,0.000000,0.000000,0.000000,0.000000,27495,180,276,96
"-2,-6",32,84851,7,1,799,2,1,9,19,0,0,1,1.000000,0.000000,0.000000,0.000000,0.000000,0.000000,0.000000,0.977099,0.022901,0.000000,0.000000,0.000000,0.000000,0.000000,27495,180,265,85
"-2,-5",38,84725,7,1,798,2,1,14,24,0,0,1,1.000000,0.000000,0.000000,0.000000,0.000000,0.000000,0.000000,0.968858,0.031142,0.000000,0.000000,0.000000,0.000000,0.000000,27495,180,294,114
"-2,-4",0,84725,0,0,670,4,99999,99999,99999,99999,99999,99999,0.000000,0.000000,0.000000,0.000000,0.000000,0.000000,0.000000,0.000000,0.000000,0.000000,0.000000,0.000000,0.000000,0.000000,0,0,0,0
"-2,-3",0,84725,0,0,672,4,99999,99999,99999,99999,99999,99999,0.000000,0.000000,0.000000,0.000000,0.000000,0.000000,0.000000,0.000000,0.000000,0.000000,0.000000,0.000000,0.000000,0.000000,0,0,0,0
"-2,-2",0,84725,0,0,679,4,99999,99999,99999,99999,99999,99999,0.000000,0.000000,0.000000,0.000000,0.000000,0.000000,0.000000,0.000000,0.000000,0.000000,0.000000,0.000000,0.000000,0.000000,0,0,0,0
"-2,-1",0,84725,0,0,668,4,99999,99999,99999,99999,99999,99999,0.000000,0.000000,0.000000,0.000000,0.000000,0.000000,0.000000,0.000000,0.000000,0.000000,0.000000,0.000000,0.000000,0.000000,0,0,0,0
"-2,0",0,84725,0,0,672,4,99999,99999,99999,99999,99999,99999,0.000000,0.000000,0.000000,0.000000,0.000000,0.000000,0.000000,0.000000,0.000000,0.000000,0.000000,0.000000,0.000000,0.000000,0,0,0,0
"-2,1",0,84725,0,0,676,4,99999,99999,99999,99999,99999,99999,0.000000,0.000000,0.000000,0.000000,0.000000,0.000000,0.000000,0.000000,0.000000,0.000000,0.000000,0.000000,0.000000,0.000000,0,0,0,0
"-2,2",0,84725,0,0,666,4,99999,99999,99999,99999,99999,99999,0.000000,0.000000,0.000000,0.000000,0.000000,0.000000,0.000000,0.000000,0.000000,0.000000,0.000000,0.000000,0.000000,0.000000,0,0,0,0
"-2,3",0,84725,0,0,672,4,99999,99999,99999,99999,99999,99999,0.000000,0.000000,0.000000,0.000000,0.000000,0.000000,0.000000,0.000000,0.000000,0.000000,0.000000,0.000000,0.000000,0.000000,0,0,0,0
"-2,4",0,84725,0,0,667,4,99999,99999,99999,99999,99999,99999,0.000000,0.000000,0.000000,0.000000,0.000000,0.000000,0.000000,0.000000,0.000000,0.000000,0.000000,0.000000,0.000000,0.000000,0,0,0,0
"-2,5",0,84725,0,0,669,4,99999,99999,99999,99999,99999,99999,0.000000,0.000000,0.000000,0.000000,0.000000,0.000000,0.000000,0.000000,0.000000,0.000000,0.000000,0.000000,0.000000,0.000000,0,0,0,0
"-2,6",0,84725,0,0,672,4,99999,99999,99999,99999,99999,99999,0.000000,0.000000,0.000000,0.000000,0.000000,0.000000,0.000000,0.000000,0.000000,0.000000,0.000000,0.000000,0.000000,0.000000,0,0,0,0
"-2,7",0,84725,0,0,672,4,99999,99999,99999,99999,99999,99999,0.000000,0.000000,0.000000,0.000000,0.000000,0.000000,0.000000,0.000000,0.000000,0.000000,0.000000,0.000000,0.000000,0.000000,0,0,0,0
"-2,8",0,84725,0,0,673,4,99999,99999,99999,99999,99999,99999,0.000000,0.000000,0.000000,0.000000,0.000000,0.000000,0.000000,0.000000,0.000000,0.000000,0.000000,0.000000,0.000000,0.000000,0,0,0,0
"-2,9",0,84725,0,0,669,4,99999,99999,99999,99999,99999,99999,0.000000,0.000000,0.000000,0.000000,0.000000,0.000000,0.000000,0.000000,0.000000,0.000000,0.000000,0.000000,0.000000,0.000000,0,0,0,0
"-2,10",0,84725,0,0,55,4,99999,99999,99999,99999,99999,99999,0.000000,0.000000,0.000000,0.000000,0.000000,0.000000,0.000000,0.000000,0.000000,0.000000,0.000000,0.000000,0.000000,0.000000,0,0,0,0
"-2,11",0,84725,0,0,55,4,99999,99999,99999,99999,99999,99999,0.000000,0.000000,0.000000,0.000000,0.000000,0.000000,0.000000,0.000000,0.000000,0.000000,0.000000,0.000000,0.000000,0.000000,0,0,0,0
"-2,12",0,84725,0,0,56,4,99999,99999,99999,99999,99999,99999,0.000000,0.000000,0.000000,0.000000,0.000000,0.000000,0.000000,0.000000,0.000000,0.000000,0.000000,0.000000,0.000000,0.000000,0,0,0,0
"-2,13",0,84725,0,0,56,4,99999,99999,99999,99999,99999,99999,0.000000,0.000000,0.000000,0.000000,0.000000,0.000000,0.000000,0.000000,0.000000,0.000000,0.000000,0.000000,0.000000,0.000000,0,0,0,0
"-2,14",0,84725,0,0,55,4,99999,99999,99999,99999,99999,99999,0.000000,0.000000,0.000000,0.000000,0.000000,0.000000,0.000000,0.000000,0.000000,0.000000,0.000000,0.000000,0.000000,0.000000,0,0,0,0
"-2,15",0,84725,0,0,56,4,99999,99999,99999,99999,99999,99999,0.000000,0.000000,0.000000,0.000000,0.000000,0.000000,0.000000,0.000000,0.000000,0.000000,0.000000,0.000000,0.000000,0.000000,0,0,0,0
"-2,16",0,84725,0,0,55,4,99999,99999,99999,99999,99999,99999,0.000000,0.000000,0.000000,0.000000,0.000000,0.000000,0.000000,0.000000,0.000000,0.000000,0.000000,0.000000,0.000000,0.000000,0,0,0,0
"-2,17",0,84725,0,0,8,4,99999,99999,99999,99999,99999,99999,0.000000,0.000000,0.000000,0.000000,0.000000,0.000000,0.000000,0.000000,0.000000,0.000000,0.000000,0.000000,0.000000,0.000000,0,0,0,0
"-2,18",0,84725,0,0,7,4,99999,99999,99999,99999,99999,99999,0.000000,0.000000,0.000000,0.000000,0.000000,0.000000,0.000000,0.000000,0.000000,0.000000,0.000000,0.000000,0.000000,0.000000,0,0,0,0
"-2,19",0,84725,0,0,7,4,99999,99999,99999,99999,99999,99999,0.000000,0.000000,0.000000,0.000000,0.000000,0.000000,0.000000,0.000000,0.000000,0.000000,0.000000,0.000000,0.000000,0.000000,0,0,0,0
"-2,20",0,84725,0,0,8,4,99999,99999,99999,99999,99999,99999,0.000000,0.000000,0.000000,0.000000,0.000000,0.000000,0.000000,0.000000,0.000000,0.000000,0.000000,0.000000,0.000000,0.000000,0,0,0,0
"-2,21",0,84725,0,0,8,4,99999,99999,99999,99999,99999,99999,0.000000,0.000000,0.000000,0.000000,0.000000,0.000000,0.000000,0.000000,0.000000,0.000000,0.000000,0.000000,0.000000,0.000000,0,0,0,0
"-2,22",0,84725,0,0,4,4,99999,99999,99999,99999,99999,99999,0.000000,0.000000,0.000000,0.000000,0.000000,0.000000,0.000000,0.000000,0.000000,0.000000,0.000000,0.000000,0.000000,0.000000,0,0,0,0
"-2,23",0,84725,0,0,4,4,99999,99999,99999,99999,99999,99999,0.000000,0.000000,0.000000,0.000000,0.000000,0.000000,0.000000,0.000000,0.000000,0.000000,0.000000,0.000000,0.000000,0.000000,0,0,0,0
"-2,24",0,84725,0,0,4,4,99999,99999,99999,99999,99999,99999,0.000000,0.000000,0.000000,0.000000,0.000000,0.000000,0.000000,0.000000,0.000000,0.000000,0.000000,0.000000,0.000000,0.000000,0,0,0,0
"-2,25",0,84725,0,0,4,4,99999,99999,99999,99999,99999,99999,0.000000,0.000000,0.000000,0.000000,0.000000,0.000000,0.000000,0.000000,0.000000,0.000000,0.000000,0.000000,0.000000,0.000000,0,0,0,0
"-2,26",0,84725,0,0,4,4,99999,99999,99999,99999,99999,99999,0.000000,0.000000,0.000000,0.000000,0.000000,0.000000,0.000000,0.000000,0.000000,0.000000,0.000000,0.000000,0.000000,0.000000,0,0,0,0
"-1,-26",31,84755,8,1,795,2,1,10,20,0,0,1,1.000000,0.000000,0.000000,0.000000,0.000000,0.000000,0.000000,0.980769,0.019231,0.000000,0.000000,0.000000,0.000000,0.000000,27495,180,264,84
"-1,-25",32,84881,9,1,794,2,1,8,14,0,0,1,1.000000,0.000000,0.000000,0.000000,0.000000,0.000000,0.000000,0.973077,0.026923,0.000000,0.000000,0.000000,0.000000,0.000000,27495,180,265,85
"-1,-24",31,85003,9,1,794,2,1,8,15,0,0,1,1.000000,0.000000,0.000000,0.000000,0.000000,0.000000,0.000000,0.976744,0.023256,0.000000,0.000000,0.000000,0.000000,0.000000,27495,180,262,82
"-1,-23",30,85118,9,1,791,2,1,7,18,0,0,1,1.000000,0.000000,0.000000,0.000000,0.000000,0.000000,0.000000,0.980469,0.019531,0.000000,0.000000,0.000000,0.000000,0.000000,27495,180,258,78
"-1,-22",36,85244,9,1,794,2,1,11,14,0,0,1,1.000000,0.000000,0.000000,0.000000,0.000000,0.000000,0.000000,0.982270,0.017730,0.000000,0.000000,0.000000,0.000000,0.000000,27495,180,285,105
"-1,-21",35,85364,9,1,794,2,1,8,11,0,0,0,1.000000,0.000000,0.000000,0.000000,0.000000,0.000000,0.000000,0.996324,0.003676,0.000000,0.000000,0.000000,0.000000,0.000000,27495,180,277,97
"-1,-20",32,85477,9,1,792,2,1,12,20,0,0,1,1.000000,0.000000,0.000000,0.000000,0.000000,0.000000,0.000000,0.984791,0.015209,0.000000,0.000000,0.000000,0.000000,0.000000,27495,180,265,85
"-1,-19",30,85586,9,1,796,2,1,5,23,0,0,1,1.000000,0.000000,0.000000,0.000000,0.000000,0.000000,0.000000,0.984252,0.015748,0.000000,0.000000,0.000000,0.000000,0.000000,27495,180,259,79
"-1,-18",35,85700,9,1,795,2,1,10,18,0,0,2,1.000000,0.000000,0.000000,0.000000,0.000000,0.000000,0.000000,0.971119,0.028881,0.000000,0.000000,0.000000,0.000000,0.000000,27561,181,282,101
"-1,-17",34,85811,9,1,796,2,1,7,17,0,0,1,1.000000,0.000000,0.000000,0.000000,0.000000,0.000000,0.000000,0.969925,0.030075,0.000000,0.000000,0.000000,0.000000,0.000000,27495,180,275,95
"-1,-16",32,85915,9,1,791,2,1,7,10,0,0,1,1.000000,0.000000,0.000000,0.000000,0.000000,0.000000,0.000000,0.980843,0.019157,0.000000,0.000000,0.000000,0.000000,0.000000,27495,180,266,86
"-1,-15",33,86020,9,1,794,2,1,8,19,0,0,1,1.000000,0.000000,0.000000,0.000000,0.000000,0.000000,0.000000,0.984962,0.015038,0.000000,0.000000,0.000000,0.000000,0.000000,27495,180,270,90
"-1,-14",35,86125,9,1,796,2,1,9,21,0,0,1,1.000000,0.000000,0.000000,0.000000,0.000000,0.000000,0.000000,0.970803,0.029197,0.000000,0.000000,0.000000,0.000000,0.000000,27495,180,278,98
"-1,-13",29,86223,9,1,793,2,1,8,32,0,0,1,0.994444,0.005556,0.000000,0.000000,0.000000,0.000000,0.000000,0.975806,0.024194,0.000000,0.000000,0.000000,0.000000,0.000000,27495,180,255,75
"-1,-12",33,86321,9,1,795,2,1,8,32,0,0,0,1.000000,0.000000,0.000000,0.000000,0.000000,0.000000,0.000000,0.996269,0.003731,0.000000,0.000000,0.000000,0.000000,0.000000,27495,180,271,91
"-1,-11",35,86427,9,1,794,2,1,11,31,0,0,0,0.994444,0.005556,0.000000,0.000000,0.000000,0.000000,0.000000,0.988971,0.011029,0.000000,0.000000,0.000000,0.000000,0.000000,27495,180,278,98
"-1,-10",33,86520,9,1,798,2,1,10,16,0,0,1,1.000000,0.000000,0.000000,0.000000,0.000000,0.000000,0.000000,0.985075,0.014925,0.000000,0.000000,0.000000,0.000000,0.000000,27495,180,269,89
"-1,-9",35,86617,9,1,796,2,1,10,28,0,0,1,1.000000,0.000000,0.000000,0.000000,0.000000,0.000000,0.000000,0.985455,0.014545,0.000000,0.000000,0.000000,0.000000,0.000000,27495,180,278,98
"-1,-8",36,86628,8,1,793,2,1,9,19,0,0,1,1.000000,0.000000,0.000000,0.000000,0.000000,0.000000,0.000000,0.985765,0.014235,0.000000,0.000000,0.000000,0.000000,0.000000,27495,180,283,103
"-1,-7",37,86638,8,1,792,2,1,12,22,0,0,1,1.000000,0.000000,0.000000,0.000000,0.000000,0.000000,0.000000,0.986063,0.013937,0.000000,0.000000,0.000000,0.000000,0.000000,27495,180,288,108
"-1,-6",35,86522,7,1,789,2,1,12,26,0,0,1,1.000000,0.000000,0.000000,0.000000,0.000000,0.000000,0.000000,0.985612,0.014388,0.000000,0.000000,0.000000,0.000000,0.000000,27495,180,280,100
"-1,-5",36,86406,7,1,793,2,1,10,34,0,0,0,1.000000,0.000000,0.000000,0.000000,0.000000,0.000000,0.000000,0.992780,0.007220,0.000000,0.000000,0.000000,0.000000,0.000000,27495,180,283,103
"-1,-4",33,86297,7,1,793,2,1,6,35,0,0,0,1.000000,0.000000,0.000000,0.000000,0.000000,0.000000,0.000000,0.988848,0.011152,0.000000,0.000000,0.000000,0.000000,0.000000,27495,180,269,89
"-1,-3",0,86297,0,0,667,4,99999,99999,99999,99999,99999,99999,0.000000,0.000000,0.000000,0.000000,0.000000,0.000000,0.000000,0.000000,0.000000,0.000000,0.000000,0.000000,0.000000,0.000000,0,0,0,0
"-1,-2",0,86297,0,0,674,4,99999,99999,99999,99999,99999,99999,0.000000,0.000000,0.000000,0.000000,0.000000,0.000000,0.000000,0.000000,0.000000,0.000000,0.000000,0.000000,0.000000,0.000000,0,0,0,0
"-1,-1",0,86297,0,0,669,4,99999,99999,99999,99999,99999,99999,0.000000,0.000000,0.000000,0.000000,0.000000,0.000000,0.000000,0.000000,0.000000,0.000000,0.000000,0.000000,0.000000,0.000000,0,0,0,0
"-1,0",0,86297,0,0,672,4,99999,99999,99999,99999,99999,99999,0.000000,0.000000,0.000000,0.000000,0.000000,0.000000,0.000000,0.000000,0.000000,0.000000,0.000000,0.000000,0.000000,0.000000,0,0,0,0
"-1,1",0,86297,0,0,668,4,99999,99999,99999,99999,99999,99999,0.000000,0.000000,0.000000,0.000000,0.000000,0.000000,0.000000,0.000000,0.000000,0.000000,0.000000,0.000000,0.000000,0.000000,0,0,0,0
"-1,2",0,86297,0,0,672,4,99999,99999,99999,99999,99999,99999,0.000000,0.000000,0.000000,0.000000,0.000000,0.000000,0.000000,0.000000,0.000000,0.000000,0.000000,0.000000,0.000000,0.000000,0,0,0,0
"-1,3",0,86297,0,0,667,4,99999,99999,99999,99999,99999,99999,0.000000,0.000000,0.000000,0.000000,0.000000,0.000000,0.000000,0.000000,0.000000,0.000000,0.000000,0.000000,0.000000,0.000000,0,0,0,0
"-1,4",0,86297,0,0,679,4,99999,99999,99999,99999,99999,99999,0.000000,0.000000,0.000000,0.000000,0.000000,0.000000,0.000000,0.000000,0.000000,0.000000,0.000000,0.000000,0.000000,0.000000,0,0,0,0
"-1,5",0,86297,0,0,672,4,99999,99999,99999,99999,99999,99999,0.000000,0.000000,0.000000,0.000000,0.000000,0.000000,0.000000,0.000000,0.000000,0.000000,0.000000,0.000000,0.000000,0.000000,0,0,0,0
"-1,6",0,86297,0,0,673,4,99999,99999,99999,99999,99999,99999,0.000000,0.000000,0.000000,0.000000,0.000000,0.000000,0.000000,0.000000,0.000000,0.000000,0.000000,0.000000,0.000000,0.000000,0,0,0,0
"-1,7",0,86297,0,0,672,4,99999,99999,99999,99999,99999,99999,0.000000,0.000000,0.000000,0.000000,0.000000,0.000000,0.000000,0.000000,0.000000,0.000000,0.000000,0.000000,0.000000,0.000000,0,0,0,0
"-1,8",0,86297,0,0,668,4,99999,99999,99999,99999,99999,99999,0.000000,0.000000,0.000000,0.000000,0.000000,0.000000,0.000000,0.000000,0.000000,0.000000,0.000000,0.000000,0.000000,0.000000,0,0,0,0
"-1,9",0,86297,0,0,669,4,99999,99999,99999,99999,99999,99999,0.000000,0.000000,0.000000,0.000000,0.000000,0.000000,0.000000,0.000000,0.000000,0.000000,0.000000,0.000000,0.000000,0.000000,0,0,0,0
"-1,10",0,86297,0,0,675,4,99999,99999,99999,99999,99999,99999,0.000000,0.000000,0.000000,0.000000,0.000000,0.000000,0.000000,0.000000,0.000000,0.000000,0.000000,0.000000,0.000000,0.000000,0,0,0,0
"-1,11",0,86297,0,0,55,4,99999,99999,99999,99999,99999,99999,0.000000,0.000000,0.000000,0.000000,0.000000,0.000000,0.000000,0.000000,0.000000,0.000000,0.000000,0.000000,0.000000,0.000000,0,0,0,0
"-1,12",0,86297,0,0,56,4,99999,99999,99999,99999,99999,99999,0.000000,0.000000,0.000000,0.000000,0.000000,0.000000,0.000000,0.000000,0.000000,0.000000,0.000000,0.000000,0.000000,0.000000,0,0,0,0
"-1,13",0,86297,0,0,55,4,99999,99999,99999,99999,99999,99999,0.000000,0.000000,0.000000,0.000000,0.000000,0.000000,0.000000,0.000000,0.000000,0.000000,0.000000,0.000000,0.000000,0.000000,0,0,0,0
"-1,14",0,86297,0,0,55,4,99999,99999,99999,99999,99999,99999,0.000000,0.000000,0.000000,0.000000,0.000000,0.000000,0.000000,0.000000,0.000000,0.000000,0.000000,0.000000,0.000000,0.000000,0,0,0,0
"-1,15",0,86297,0,0,55,4,99999,99999,99999,99999,99999,99999,0.000000,0.000000,0.000000,0.000000,0.000000,0.000000,0.000000,0.000000,0.000000,0.000000,0.000000,0.000000,0.000000,0.000000,0,0,0,0
"-1,16",0,86297,0,0,55,4,99999,99999,99999,99999,99999,99999,0.000000,0.000000,0.000000,0.000000,0.000000,0.000000,0.000000,0.000000,0.000000,0.000000,0.000000,0.000000,0.000000,0.000000,0,0,0,0
"-1,17",0,86297,0,0,8,4,99999,99999,99999,99999,99999,99999,0.000000,0.000000,0.000000,0.000000,0.000000,0.000000,0.000000,0.000000,0.000000,0.000000,0.000000,0.000000,0.000000,0.000000,0,0,0,0
"-1,18",0,86297,0,0,8,4,99999,99999,99999,99999,99999,99999,0.000000,0.000000,0.000000,0.000000,0.000000,0.000000,0.000000,0.000000,0.000000,0.000000,0.000000,0.000000,0.000000,0.000000,0,0,0,0
"-1,19",0,86297,0,0,8,4,99999,99999,99999,99999,99999,99999,0.000000,0.000000,0.000000,0.000000,0.000000,0.000000,0.000000,0.000000,0.000000,0.000000,0.000000,0.000000,0.000000,0.000000,0,0,0,0
"-1,20",0,86297,0,0,7,4,99999,99999,99999,99999,99999,99999,0.000000,0.000000,0.000000,0.000000,0.000000,0.000000,0.000000,0.000000,0.000000,0.000000,0.000000,0.000000,0.000000,0.000000,0,0,0,0
"-1,21",0,86297,0,0,7,4,99999,99999,99999,99999,99999,99999,0.000000,0.000000,0.000000,0.000000,0.000000,0.000000,0.000000,0.000000,0.000000,0.000000,0.000000,0.000000,0.000000,0.000000,0,0,0,0
"-1,22",0,86297,0,0,4,4,99999,99999,99999,99999,99999,99999,0.000000,0.000000,0.000000,0.000000,0.000000,0.000000,0.000000,0.000000,0.000000,0.000000,0.000000,0.000000,0.000000,0.000000,0,0,0,0
"-1,23",0,86297,0,0,4,4,99999,99999,99999,99999,99999,99999,0.000000,0.000000,0.000000,0.000000,0.000000,0.000000,0.000000,0.000000,0.000000,0.000000,0.000000,0.000000,0.000000,0.000000,0,0,0,0
"-1,24",0,86297,0,0,4,4,99999,99999,99999,99999,99999,99999,0.000000,0.000000,0.000000,0.000000,0.000000,0.000000,0.000000,0.000000,0.000000,0.000000,0.000000,0.000000,0.000000,0.000000,0,0,0,0
"-1,25",0,86297,0,0,4,4,99999,99999,99999,99999,99999,99999,0.000000,0.000000,0.000000,0.000000,0.000000,0.000000,0.000000,0.000000,0.000000,0.000000,0.000000,0.000000,0.000000,0.000000,0,0,0,0
"-1,26",0,86297,0,0,4,4,99999,99999,99999,99999,99999,99999,0.000000,0.000000,0.000000,0.000000,0.000000,0.000000,0.000000,0.000000,0.000000,0.000000,0.000000,0.000000,0.000000,0.000000,0,0,0,0
"0,-26",38,86397,9,1,797,2,1,16,39,0,0,0,1.000000,0.000000,0.000000,0.000000,0.000000,0.000000,0.000000,0.993103,0.006897,0.000000,0.000000,0.000000,0.000000,0.000000,27495,180,295,115
"0,-25",34,86488,9,1,793,2,1,13,24,0,0,0,1.000000,0.000000,0.000000,0.000000,0.000000,0.000000,0.000000,0.989011,0.010989,0.000000,0.000000,0.000000,0.000000,0.000000,27495,180,275,95
"0,-24",37,86581,9,1,792,2,1,10,38,0,0,1,1.000000,0.000000,0.000000,0.000000,0.000000,0.000000,0.000000,0.982456,0.017544,0.000000,0.000000,0.000000,0.000000,0.000000,27495,180,289,109
"0,-23",29,86662,9,1,796,2,1,8,33,0,0,1,1.000000,0.000000,0.000000,0.000000,0.000000,0.000000,0.000000,0.976285,0.023715,0.000000,0.000000,0.000000,0.000000,0.000000,27495,180,256,76
"0,-22",36,86751,9,1,793,2,1,13,57,0,0,1,0.994475,0.005525,0.000000,0.000000,0.000000,0.000000,0.000000,0.981550,0.018450,0.000000,0.000000,0.000000,0.000000,0.000000,27659,181,283,103
"0,-21",33,86835,9,1,795,2,1,10,41,0,0,1,0.994444,0.005556,0.000000,0.000000,0.000000,0.000000,0.000000,0.980769,0.019231,0.000000,0.000000,0.000000,0.000000,0.000000,27495,180,270,90
"0,-20",39,86923,9,1,799,2,1,14,38,0,0,1,0.994444,0.005556,0.000000,0.000000,0.000000,0.000000,0.000000,0.968421,0.031579,0.000000,0.000000,0.000000,0.000000,0.000000,27495,180,296,116
"0,-19",30,87002,9,1,795,2,1,8,50,0,0,1,1.000000,0.000000,0.000000,0.000000,0.000000,0.000000,0.000000,0.976096,0.019920,0.003984,0.000000,0.000000,0.000000,0.000000,27495,180,258,78
"0,-18",25,87076,9,1,796,2,1,6,11,0,0,1,1.000000,0.000000,0.000000,0.000000,0.000000,0.000000,0.000000,0.970464,0.029536,0.000000,0.000000,0.000000,0.000000,0.000000,27561,181,243,62
"0,-17",34,87155,9,1,789,2,1,12,38,0,0,1,1.000000,0.000000,0.000000,0.000000,0.000000,0.000000,0.000000,0.970588,0.029412,0.000000,0.000000,0.000000,0.000000,0.000000,27495,180,276,96
"0,-16",31,87233,9,1,796,2,1,8,17,0,0,1,1.000000,0.000000,0.000000,0.000000,0.000000,0.000000,0.000000,0.980769,0.019231,0.000000,0.000000,0.000000,0.000000,0.000000,27495,180,261,81
"0,-15",33,87308,9,1,793,2,1,8,31,0,0,1,1.000000,0.000000,0.000000,0.000000,0.000000,0.000000,0.000000,0.981132,0.018868,0.000000,0.000000,0.000000,0.000000,0.000000,27495,180,269,89
"0,-14",31,87382,9,1,795,2,1,7,63,0,0,0,0.988889,0.011111,0.000000,0.000000,0.000000,0.000000,0.000000,0.988095,0.011905,0.000000,0.000000,0.000000,0.000000,0.000000,27495,180,264,84
"0,-13",38,87462,9,1,794,2,1,30,98,0,0,1,0.988889,0.011111,0.000000,0.000000,0.000000,0.000000,0.000000,0.981752,0.018248,0.000000,0.000000,0.000000,0.000000,0.000000,27495,180,291,111
"0,-12",36,87537,9,1,796,2,1,12,48,0,0,2,1.000000,0.000000,0.000000,0.000000,0.000000,0.000000,0.000000,0.960000,0.040000,0.000000,0.000000,0.000000,0.000000,0.000000,27495,180,283,103
"0,-11",37,87613,9,1,793,2,1,12,45,0,0,0,1.000000,0.000000,0.000000,0.000000,0.000000,0.000000,0.000000,0.989362,0.010638,0.000000,0.000000,0.000000,0.000000,0.000000,27495,180,286,106
"0,-10",37,87687,9,1,796,2,1,10,28,0,0,1,1.000000,0.000000,0.000000,0.000000,0.000000,0.000000,0.000000,0.974910,0.025090,0.000000,0.000000,0.000000,0.000000,0.000000,27495,180,286,106
"0,-9",38,87762,9,1,791,2,1,9,23,0,0,0,1.000000,0.000000,0.000000,0.000000,0.000000,0.000000,0.000000,0.989691,0.010309,0.000000,0.000000,0.000000,0.000000,0.000000,27495,180,294,114
"0,-8",32,87830,9,1,797,2,1,9,16,0,0,1,1.000000,0.000000,0.000000,0.000000,0.000000,0.000000,0.000000,0.965779,0.034221,0.000000,0.000000,0.000000,0.000000,0.000000,27495,180,267,87
"0,-7",33,87899,9,1,790,2,1,10,24,0,0,1,1.000000,0.000000,0.000000,0.000000,0.000000,0.000000,0.000000,0.973684,0.026316,0.000000,0.000000,0.000000,0.000000,0.000000,27495,180,270,90
"0,-6",35,87898,8,1,796,2,1,8,17,0,0,1,1.000000,0.000000,0.000000,0.000000,0.000000,0.000000,0.000000,0.971014,0.028986,0.000000,0.000000,0.000000,0.000000,0.000000,27495,180,278,98
"0,-5",30,87799,7,1,795,2,1,7,27,0,0,1,1.000000,0.000000,0.000000,0.000000,0.000000,0.000000,0.000000,0.980315,0.019685,0.000000,0.000000,0.000000,0.000000,0.000000,27495,180,258,78
"0,-4",34,87691,7,1,796,2,1,9,17,0,0,1,1.000000,0.000000,0.000000,0.000000,0.000000,0.000000,0.000000,0.974359,0.025641,0.000000,0.000000,0.000000,0.000000,0.000000,27495,180,275,95
"0,-3",0,87691,0,0,670,4,99999,99999,99999,99999,99999,99999,0.000000,0.000000,0.000000,0.000000,0.000000,0.000000,0.000000,0.000000,0.000000,0.000000,0.000000,0.000000,0.000000,0.000000,0,0,0,0
"0,-2",0,87691,0,0,670,4,99999,99999,99999,99999,99999,99999,0.000000,0.000000,0.000000,0.000000,0.000000,0.000000,0.000000,0.000000,0.000000,0.000000,0.000000,0.000000,0.000000,0.000000,0,0,0,0
"0,-1",0,87691,0,0,668,4,99999,99999,99999,99999,99999,99999,0.000000,0.000000,0.000000,0.000000,0.000000,0.000000,0.000000,0.000000,0.000000,0.000000,0.000000,0.000000,0.000000,0.000000,0,0,0,0
"0,0",0,87691,0,0,671,4,99999,99999,99999,99999,99999,99999,0.000000,0.000000,0.000000,0.000000,0.000000,0.000000,0.000000,0.000000,0.000000,0.000000,0.000000,0.000000,0.000000,0.000000,0,0,0,0
"0,1",0,87691,0,0,672,4,99999,99999,99999,99999,99999,99999,0.000000,0.000000,0.000000,0.000000,0.000000,0.000000,0.000000,0.000000,0.000000,0.000000,0.000000,0.000000,0.000000,0.000000,0,0,0,0
"0,2",0,87691,0,0,669,4,99999,99999,99999,99999,99999,99999,0.000000,0.000000,0.000000,0.000000,0.000000,0.000000,0.000000,0.000000,0.000000,0.000000,0.000000,0.000000,0.000000,0.000000,0,0,0,0
"0,3",0,87691,0,0,666,4,99999,99999,99999,99999,99999,99999,0.000000,0.000000,0.000000,0.000000,0.000000,0.000000,0.000000,0.000000,0.000000,0.000000,0.000000,0.000000,0.000000,0.000000,0,0,0,0
"0,4",0,87691,0,0,669,4,99999,99999,99999,99999,99999,99999,0.000000,0.000000,0.000000,0.000000,0.000000,0.000000,0.000000,0.000000,0.000000,0.000000,0.000000,0.000000,0.000000,0.000000,0,0,0,0
"0,5",0,87691,0,0,670,4,99999,99999,99999,99999,99999,99999,0.000000,0.000000,0.000000,0.000000,0.000000,0.000000,0.000000,0.000000,0.000000,0.000000,0.000000,0.000000,0.000000,0.000000,0,0,0,0
"0,6",0,87691,0,0,677,4,99999,99999,99999,99999,99999,99999,0.000000,0.000000,0.000000,0.000000,0.000000,0.000000,0.000000,0.000000,0.000000,0.000000,0.000000,0.000000,0.000000,0.000000,0,0,0,0
"0,7",0,87691,0,0,669,4,99999,99999,99999,99999,99999,99999,0.000000,0.000000,0.000000,0.000000,0.000000,0.000000,0.000000,0.000000,0.000000,0.000000,0.000000,0.000000,0.000000,0.000000,0,0,0,0
"0,8",0,87691,0,0,678,4,99999,99999,99999,99999,99999,99999,0.000000,0.000000,0.000000,0.000000,0.000000,0.000000,0.000000,0.000000,0.000000,0.000000,0.000000,0.000000,0.000000,0.000000,0,0,0,0
"0,9",0,87691,0,0,672,4,99999,99999,99999,99999,99999,99999,0.000000,0.000000,0.000000,0.000000,0.000000,0.000000,0.000000,0.000000,0.000000,0.000000,0.000000,0.000000,0.000000,0.000000,0,0,0,0
"0,10",0,87691,0,0,670,4,99999,99999,99999,99999,99999,99999,0.000000,0.000000,0.000000,0.000000,0.000000,0.000000,0.000000,0.000000,0.000000,0.000000,0.000000,0.000000,0.000000,0.000000,0,0,0,0
"0,11",0,87691,0,0,54,4,99999,99999,99999,99999,99999,99999,0.000000,0.000000,0.000000,0.000000,0.000000,0.000000,0.000000,0.000000,0.000000,0.000000,0.000000,0.000000,0.000000,0.000000,0,0,0,0
"0,12",0,87691,0,0,55,4,99999,99999,99999,99999,99999,99999,0.000000,0.000000,0.000000,0.000000,0.000000,0.000000,0.000000,0.000000,0.000000,0.000000,0.000000,0.000000,0.000000,0.000000,0,0,0,0
"0,13",0,87691,0,0,55,4,99999,99999,99999,99999,99999,99999,0.000000,0.000000,0.000000,0.000000,0.000000,0.000000,0.000000,0.000000,0.000000,0.000000,0.000000,0.000000,0.000000,0.000000,0,0,0,0
"0,14",0,87691,0,0,55,4,99999,99999,99999,99999,99999,99999,0.000000,0.000000,0.000000,0.000000,0.000000,0.000000,0.000000,0.000000,0.000000,0.000000,0.000000,0.000000,0.000000,0.000000,0,0,0,0
"0,15",0,87691,0,0,55,4,99999,99999,99999,99999,99999,99999,0.000000,0.000000,0.000000,0.000000,0.000000,0.000000,0.000000,0.000000,0.000000,0.000000,0.000000,0.000000,0.000000,0.000000,0,0,0,0
"0,16",0,87691,0,0,56,4,99999,99999,99999,99999,99999,99999,0.000000,0.000000,0.000000,0.000000,0.000000,0.000000,0.000000,0.000000,0.000000,0.000000,0.000000,0.000000,0.000000,0.000000,0,0,0,0
"0,17",0,87691,0,0,55,4,99999,99999,99999,99999,99999,99999,0.000000,0.000000,0.000000,0.000000,0.000000,0.000000,0.000000,0.000000,0.000000,0.000000,0.000000,0.000000,0.000000,0.000000,0,0,0,0
"0,18",0,87691,0,0,8,4,99999,99999,99999,99999,99999,99999,0.000000,0.000000,0.000000,0.000000,0.000000,0.000000,0.000000,0.000000,0.000000,0.000000,0.000000,0.000000,0.000000,0.000000,0,0,0,0
"0,19",0,87691,0,0,8,4,99999,99999,99999,99999,99999,99999,0.000000,0.000000,0.000000,0.000000,0.000000,0.000000,0.000000,0.000000,0.000000,0.000000,0.000000,0.000000,0.000000,0.000000,0,0,0,0
"0,20",0,87691,0,0,8,4,99999,99999,99999,99999,99999,99999,0.000000,0.000000,0.000000,0.000000,0.000000,0.000000,0.000000,0.000000,0.000000,0.000000,0.000000,0.000000,0.000000,0.000000,0,0,0,0
"0,21",0,87691,0,0,7,4,99999,99999,99999,99999,99999,99999,0.000000,0.000000,0.000000,0.000000,0.000000,0.000000,0.000000,0.000000,0.000000,0.000000,0.000000,0.000000,0.000000,0.000000,0,0,0,0
"0,22",0,87691,0,0,4,4,99999,99999,99999,99999,99999,99999,0.000000,0.000000,0.000000,0.000000,0.000000,0.000000,0.000000,0.000000,0.000000,0.000000,0.000000,0.000000,0.000000,0.000000,0,0,0,0
"0,23",0,87691,0,0,4,4,99999,99999,99999,99999,99999,99999,0.000000,0.000000,0.000000,0.000000,0.000000,0.000000,0.000000,0.000000,0.000000,0.000000,0.000000,0.000000,0.000000,0.000000,0,0,0,0
"0,24",0,87691,0,0,4,4,99999,99999,99999,99999,99999,99999,0.000000,0.000000,0.000000,0.000000,0.000000,0.000000,0.000000,0.000000,0.000000,0.000000,0.000000,0.000000,0.000000,0.000000,0,0,0,0
"0,25",0,87691,0,0,4,4,99999,99999,99999,99999,99999,99999,0.000000,0.000000,0.000000,0.000000,0.000000,0.000000,0.000000,0.000000,0.000000,0.000000,0.000000,0.000000,0.000000,0.000000,0,0,0,0
"0,26",0,87691,0,0,4,4,99999,99999,99999,99999,99999,99999,0.000000,0.000000,0.000000,0.000000,0.000000,0.000000,0.000000,0.000000,0.000000,0.000000,0.000000,0.000000,0.000000,0.000000,0,0,0,0
"1,-26",29,87756,9,1,794,2,1,8,16,0,0,0,0.994444,0.005556,0.000000,0.000000,0.000000,0.000000,0.000000,0.991935,0.008065,0.000000,0.000000,0.000000,0.000000,0.000000,27495,180,254,74
"1,-25",35,87824,9,1,796,2,1,9,23,0,0,0,1.000000,0.000000,0.000000,0.000000,0.000000,0.000000,0.000000,0.989051,0.010949,0.000000,0.000000,0.000000,0.000000,0.000000,27495,180,279,99
"1,-24",35,87891,9,1,792,2,1,11,26,0,0,1,1.000000,0.000000,0.000000,0.000000,0.000000,0.000000,0.000000,0.981949,0.018051,0.000000,0.000000,0.000000,0.000000,0.000000,27495,180,281,101
"1,-23",28,87951,9,1,800,2,1,7,15,0,0,1,1.000000,0.000000,0.000000,0.000000,0.000000,0.000000,0.000000,0.963415,0.036585,0.000000,0.000000,0.000000,0.000000,0.000000,27495,180,252,72
"1,-22",30,88013,9,1,793,2,1,7,14,0,0,0,1.000000,0.000000,0.000000,0.000000,0.000000,0.000000,0.000000,0.991968,0.008032,0.000000,0.000000,0.000000,0.000000,0.000000,27495,180,259,79
"1,-21",39,88081,9,1,791,2,1,11,20,0,0,1,1.000000,0.000000,0.000000,0.000000,0.000000,0.000000,0.000000,0.965157,0.034843,0.000000,0.000000,0.000000,0.000000,0.000000,27495,180,298,118
"1,-20",32,88142,9,1,794,2,1,11,21,0,0,0,1.000000,0.000000,0.000000,0.000000,0.000000,0.000000,0.000000,0.988462,0.011538,0.000000,0.000000,0.000000,0.000000,0.000000,27495,180,268,88
"1,-19",34,88205,9,1,793,2,1,16,102,0,0,1,0.983333,0.016667,0.000000,0.000000,0.000000,0.000000,0.000000,0.976190,0.023810,0.000000,0.000000,0.000000,0.000000,0.000000,27495,180,276,96
"1,-18",41,88273,9,1,798,2,2,10,21,0,0,1,1.000000,0.000000,0.000000,0.000000,0.000000,0.000000,0.000000,0.976351,0.023649,0.000000,0.000000,0.000000,0.000000,0.000000,27561,181,310,129
"1,-17",32,88410,10,1,793,2,1,8,23,0,0,1,1.000000,0.000000,0.000000,0.000000,0.000000,0.000000,0.000000,0.980469,0.019531,0.000000,0.000000,0.000000,0.000000,0.000000,27495,180,267,87
"1,-16",35,88470,9,1,796,2,1,8,26,0,0,1,1.000000,0.000000,0.000000,0.000000,0.000000,0.000000,0.000000,0.984848,0.015152,0.000000,0.000000,0.000000,0.000000,0.000000,27495,180,279,99
"1,-15",33,88527,9,1,789,2,1,9,15,0,0,1,1.000000,0.000000,0.000000,0.000000,0.000000,0.000000,0.000000,0.977358,0.022642,0.000000,0.000000,0.000000,0.000000,0.000000,27495,180,271,91
"1,-14",32,88583,9,1,797,2,1,10,32,0,0,0,0.994444,0.005556,0.000000,0.000000,0.000000,0.000000,0.000000,0.988417,0.011583,0.000000,0.000000,0.000000,0.000000,0.000000,27495,180,267,87
"1,-13",33,88639,9,1,792,2,1,9,15,0,0,1,1.000000,0.000000,0.000000,0.000000,0.000000,0.000000,0.000000,0.981413,0.018587,0.000000,0.000000,0.000000,0.000000,0.000000,27495,180,272,92
"1,-12",35,88695,9,1,793,2,1,12,30,0,0,2,1.000000,0.000000,0.000000,0.000000,0.000000,0.000000,0.000000,0.970370,0.029630,0.000000,0.000000,0.000000,0.000000,0.000000,27495,180,277,97
"1,-11",32,88750,9,1,794,2,1,7,28,0,0,1,0.994444,0.005556,0.000000,0.000000,0.000000,0.000000,0.000000,0.976834,0.023166,0.000000,0.000000,0.000000,0.000000,0.000000,27495,180,268,88
"1,-10",27,88800,9,1,798,2,1,7,11,0,0,1,1.000000,0.000000,0.000000,0.000000,0.000000,0.000000,0.000000,0.975510,0.024490,0.000000,0.000000,0.000000,0.000000,0.000000,27495,180,249,69
"1,-9",35,88856,9,1,796,2,1,9,33,0,0,1,0.994444,0.005556,0.000000,0.000000,0.000000,0.000000,0.000000,0.985455,0.014545,0.000000,0.000000,0.000000,0.000000,0.000000,27495,180,280,100
"1,-8",34,88908,9,1,792,2,1,11,23,0,0,0,1.000000,0.000000,0.000000,0.000000,0.000000,0.000000,0.000000,0.989051,0.010949,0.000000,0.000000,0.000000,0.000000,0.000000,27495,180,276,96
"1,-7",33,88961,9,1,793,2,1,7,26,0,0,1,1.000000,0.000000,0.000000,0.000000,0.000000,0.000000,0.000000,0.985019,0.014981,0.000000,0.000000,0.000000,0.000000,0.000000,27495,180,270,90
"1,-6",32,88954,8,1,794,2,1,9,17,0,0,1,1.000000,0.000000,0.000000,0.000000,0.000000,0.000000,0.000000,0.981132,0.018868,0.000000,0.000000,0.000000,0.000000,0.000000,27495,180,268,88
"1,-5",30,88947,8,1,793,2,1,7,16,0,0,0,1.000000,0.000000,0.000000,0.000000,0.000000,0.000000,0.000000,0.992248,0.007752,0.000000,0.000000,0.000000,0.000000,0.000000,27495,180,260,80
"1,-4",30,88855,7,1,798,2,1,7,13,0,0,0,1.000000,0.000000,0.000000,0.000000,0.000000,0.000000,0.000000,0.988417,0.011583,0.000000,0.000000,0.000000,0.000000,0.000000,27495,180,259,79
"1,-3",32,88765,7,1,796,2,1,10,23,0,0,1,1.000000,0.000000,0.000000,0.000000,0.000000,0.000000,0.000000,0.984906,0.015094,0.000000,0.000000,0.000000,0.000000,0.000000,27495,180,267,87
"1,-2",0,88765,0,0,670,4,99999,99999,99999,99999,99999,99999,0.000000,0.000000,0.000000,0.000000,0.000000,0.000000,0.000000,0.000000,0.000000,0.000000,0.000000,0.000000,0.000000,0.000000,0,0,0,0
"1,-1",0,88765,0,0,670,4,99999,99999,99999,99999,99999,99999,0.000000,0.000000,0.000000,0.000000,0.000000,0.000000,0.000000,0.000000,0.000000,0.000000,0.000000,0.000000,0.000000,0.000000,0,0,0,0
"1,0",0,88765,0,0,669,4,99999,99999,99999,99999,99999,99999,0.000000,0.000000,0.000000,0.000000,0.000000,0.000000,0.000000,0.000000,0.000000,0.000000,0.000000,0.000000,0.000000,0.000000,0,0,0,0
"1,1",0,88765,0,0,667,4,99999,99999,99999,99999,99999,99999,0.000000,0.000000,0.000000,0.000000,0.000000,0.000000,0.000000,0.000000,0.000000,0.000000,0.000000,0.000000,0.000000,0.000000,0,0,0,0
"1,2",0,88765,0,0,673,4,99999,99999,99999,99999,99999,99999,0.000000,0.000000,0.000000,0.000000,0.000000,0.000000,0.000000,0.000000,0.000000,0.000000,0.000000,0.000000,0.000000,0.000000,0,0,0,0
"1,3",0,88765,0,0,668,4,99999,99999,99999,99999,99999,99999,0.000000,0.000000,0.000000,0.000000,0.000000,0.000000,0.000000,0.000000,0.000000,0.000000,0.000000,0.000000,0.000000,0.000000,0,0,0,0
"1,4",0,88765,0,0,673,4,99999,99999,99999,99999,99999,99999,0.000000,0.000000,0.000000,0.000000,0.000000,0.000000,0.000000,0.000000,0.000000,0.000000,0.000000,0.000000,0.000000,0.000000,0,0,0,0
"1,5",0,88765,0,0,668,4,99999,99999,99999,99999,99999,99999,0.000000,0.000000,0.000000,0.000000,0.000000,0.000000,0.000000,0.000000,0.000000,0.000000,0.000000,0.000000,0.000000,0.000000,0,0,0,0
"1,6",0,88765,0,0,671,4,99999,99999,99999,99999,99999,99999,0.000000,0.000000,0.000000,0.000000,0.000000,0.000000,0.000000,0.000000,0.000000,0.000000,0.000000,0.000000,0.000000,0.000000,0,0,0,0
"1,7",0,88765,0,0,667,4,99999,99999,99999,99999,99999,99999,0.000000,0.000000,0.000000,0.000000,0.000000,0.000000,0.000000,0.000000,0.000000,0.000000,0.000000,0.000000,0.000000,0.000000,0,0,0,0
"1,8",0,88765,0,0,675,4,99999,99999,99999,99999,99999,99999,0.000000,0.000000,0.000000,0.000000,0.000000,0.000000,0.000000,0.000000,0.000000,0.000000,0.000000,0.000000,0.000000,0.000000,0,0,0,0
"1,9",0,88765,0,0,675,4,99999,99999,99999,99999,99999,99999,0.000000,0.000000,0.000000,0.000000,0.000000,0.000000,0.000000,0.000000,0.000000,0.000000,0.000000,0.000000,0.000000,0.000000,0,0,0,0
"1,10",0,88765,0,0,668,4,99999,99999,99999,99999,99999,99999,0.000000,0.000000,0.000000,0.000000,0.000000,0.000000,0.000000,0.000000,0.000000,0.000000,0.000000,0.000000,0.000000,0.000000,0,0,0,0
"1,11",0,88765,0,0,54,4,99999,99999,99999,99999,99999,99999,0.000000,0.000000,0.000000,0.000000,0.000000,0.000000,0.000000,0.000000,0.000000,0.000000,0.000000,0.000000,0.000000,0.000000,0,0,0,0
"1,12",0,88765,0,0,56,4,99999,99999,99999,99999,99999,99999,0.000000,0.000000,0.000000,0.000000,0.000000,0.000000,0.000000,0.000000,0.000000,0.000000,0.000000,0.000000,0.000000,0.000000,0,0,0,0
"1,13",0,88765,0,0,55,4,99999,99999,99999,99999,99999,99999,0.000000,0.000000,0.000000,0.000000,0.000000,0.000000,0.000000,0.000000,0.000000,0.000000,0.000000,0.000000,0.000000,0.000000,0,0,0,0
"1,14",0,88765,0,0,56,4,99999,99999,99999,99999,99999,99999,0.000000,0.000000,0.000000,0.000000,0.000000,0.000000,0.000000,0.000000,0.000000,0.000000,0.000000,0.000000,0.000000,0.000000,0,0,0,0
"1,15",0,88765,0,0,55,4,99999,99999,99999,99999,99999,99999,0.000000,0.000000,0.000000,0.000000,0.000000,0.000000,0.000000,0.000000,0.000000,0.000000,0.000000,0.000000,0.000000,0.000000,0,0,0,0
"1,16",0,88765,0,0,56,4,99999,99999,99999,99999,99999,99999,0.000000,0.000000,0.000000,0.000000,0.000000,0.000000,0.000000,0.000000,0.000000,0.000000,0.000000,0.000000,0.000000,0.000000,0,0,0,0
"1,17",0,88765,0,0,56,4,99999,99999,99999,99999,99999,99999,0.000000,0.000000,0.000000,0.000000,0.000000,0.000000,0.000000,0.000000,0.000000,0.000000,0.000000,0.000000,0.000000,0.000000,0,0,0,0
"1,18",0,88765,0,0,7,4,99999,99999,99999,99999,99999,99999,0.000000,0.000000,0.000000,0.000000,0.000000,0.000000,0.000000,0.000000,0.000000,0.000000,0.000000,0.000000,0.000000,0.000000,0,0,0,0
"1,19",0,88765,0,0,8,4,99999,99999,99999,99999,99999,99999,0.000000,0.000000,0.000000,0.000000,0.000000,0.000000,0.000000,0.000000,0.000000,0.000000,0.000000,0.000000,0.000000,0.000000,0,0,0,0
"1,20",0,88765,0,0,8,4,99999,99999,99999,99999,99999,99999,0.000000,0.000000,0.000000,0.000000,0.000000,0.000000,0.000000,0.000000,0.000000,0.000000,0.000000,0.000000,0.000000,0.000000,0,0,0,0
"1,21",0,88765,0,0,8,4,99999,99999,99999,99999,99999,99999,0.000000,0.000000,0.000000,0.000000,0.000000,0.000000,0.000000,0.000000,0.000000,0.000000,0.000000,0.000000,0.000000,0.000000,0,0,0,0
"1,22",0,88765,0,0,8,4,99999,99999,99999,99999,99999,99999,0.000000,0.000000,0.000000,0.000000,0.000000,0.000000,0.000000,0.000000,0.000000,0.000000,0.000000,0.000000,0.000000,0.000000,0,0,0,0
"1,23",0,88765,0,0,4,4,99999,99999,99999,99999,99999,99999,0.000000,0.000000,0.000000,0.000000,0.000000,0.000000,0.000000,0.000000,0.000000,0.000000,0.000000,0.000000,0.000000,0.000000,0,0,0,0
"1,24",0,88765,0,0,4,4,99999,99999,99999,99999,99999,99999,0.000000,0.000000,0.000000,0.000000,0.000000,0.000000,0.000000,0.000000,0.000000,0.000000,0.000000,0.000000,0.000000,0.000000,0,0,0,0
"1,25",0,88765,0,0,4,4,99999,99999,99999,99999,99999,99999,0.000000,0.000000,0.000000,0.000000,0.000000,0.000000,0.000000,0.000000,0.000000,0.000000,0.000000,0.000000,0.000000,0.000000,0,0,0,0
"1,26",0,88765,0,0,4,4,99999,99999,99999,99999,99999,99999,0.000000,0.000000,0.000000,0.000000,0.000000,0.000000,0.000000,0.000000,0.000000,0.000000,0.000000,0.000000,0.000000,0.000000,0,0,0,0
"2,-26",34,88817,9,1,795,2,1,11,22,0,0,0,1.000000,0.000000,0.000000,0.000000,0.000000,0.000000,0.000000,0.988764,0.011236,0.000000,0.000000,0.000000,0.000000,0.000000,27495,180,273,93
"2,-25",31,88866,9,1,792,2,1,7,16,0,0,1,1.000000,0.000000,0.000000,0.000000,0.000000,0.000000,0.000000,0.976744,0.023256,0.000000,0.000000,0.000000,0.000000,0.000000,27495,180,263,83
"2,-24",32,88915,9,1,792,2,1,8,18,0,0,1,1.000000,0.000000,0.000000,0.000000,0.000000,0.000000,0.000000,0.980769,0.019231,0.000000,0.000000,0.000000,0.000000,0.000000,27495,180,268,88
"2,-23",35,88966,9,1,795,2,1,14,45,0,0,1,1.000000,0.000000,0.000000,0.000000,0.000000,0.000000,0.000000,0.970260,0.029740,0.000000,0.000000,0.000000,0.000000,0.000000,27495,180,281,101
"2,-22",33,89016,9,1,795,2,1,9,26,0,0,1,0.994444,0.005556,0.000000,0.000000,0.000000,0.000000,0.000000,0.968992,0.031008,0.000000,0.000000,0.000000,0.000000,0.000000,27495,180,269,89
"2,-21",32,89132,10,1,792,2,1,9,25,0,0,1,1.000000,0.000000,0.000000,0.000000,0.000000,0.000000,0.000000,0.969112,0.030888,0.000000,0.000000,0.000000,0.000000,0.000000,27495,180,265,85
"2,-20",34,89252,10,1,792,2,1,9,17,0,0,1,1.000000,0.000000,0.000000,0.000000,0.000000,0.000000,0.000000,0.980695,0.019305,0.000000,0.000000,0.000000,0.000000,0.000000,27495,180,276,96
"2,-19",35,89370,10,1,794,2,1,8,23,0,0,0,1.000000,0.000000,0.000000,0.000000,0.000000,0.000000,0.000000,0.988848,0.011152,0.000000,0.000000,0.000000,0.000000,0.000000,27495,180,280,100
"2,-18",27,89478,10,1,794,2,1,6,9,0,0,1,1.000000,0.000000,0.000000,0.000000,0.000000,0.000000,0.000000,0.987705,0.012295,0.000000,0.000000,0.000000,0.000000,0.000000,27561,181,248,67
"2,-17",35,89593,10,1,791,2,1,13,101,0,0,1,0.983333,0.016667,0.000000,0.000000,0.000000,0.000000,0.000000,0.980916,0.019084,0.000000,0.000000,0.000000,0.000000,0.000000,27495,180,279,99
"2,-16",31,89703,10,1,798,2,1,9,17,0,0,0,1.000000,0.000000,0.000000,0.000000,0.000000,0.000000,0.000000,0.996078,0.000000,0.003922,0.000000,0.000000,0.000000,0.000000,27495,180,264,84
"2,-15",33,89813,10,1,791,2,1,7,47,0,0,0,0.994444,0.005556,0.000000,0.000000,0.000000,0.000000,0.000000,0.988462,0.011538,0.000000,0.000000,0.000000,0.000000,0.000000,27495,180,271,91
"2,-14",33,89922,10,1,793,2,1,9,14,0,0,1,1.000000,0.000000,0.000000,0.000000,0.000000,0.000000,0.000000,0.984791,0.015209,0.000000,0.000000,0.000000,0.000000,0.000000,27495,180,269,89
"2,-13",35,90033,10,1,791,2,1,12,108,0,0,1,0.983333,0.016667,0.000000,0.000000,0.000000,0.000000,0.000000,0.984615,0.015385,0.000000,0.000000,0.000000,0.000000,0.000000,27495,180,279,99
"2,-12",39,90077,9,1,795,2,1,9,21,0,0,1,1.000000,0.000000,0.000000,0.000000,0.000000,0.000000,0.000000,0.965753,0.034247,0.000000,0.000000,0.000000,0.000000,0.000000,27495,180,296,116
"2,-11",31,90116,9,1,794,2,1,8,11,0,0,1,1.000000,0.000000,0.000000,0.000000,0.000000,0.000000,0.000000,0.972973,0.027027,0.000000,0.000000,0.000000,0.000000,0.000000,27495,180,262,82
"2,-10",34,90156,9,1,796,2,1,8,32,0,0,0,1.000000,0.000000,0.000000,0.000000,0.000000,0.000000,0.000000,0.992647,0.007353,0.000000,0.000000,0.000000,0.000000,0.000000,27495,180,275,95
"2,-9",33,90196,9,1,790,2,1,9,13,0,0,0,1.000000,0.000000,0.000000,0.000000,0.000000,0.000000,0.000000,0.988679,0.011321,0.000000,0.000000,0.000000,0.000000,0.000000,27495,180,271,91
"2,-8",31,90235,9,1,789,2,1,10,16,0,0,0,1.000000,0.000000,0.000000,0.000000,0.000000,0.000000,0.000000,0.988550,0.011450,0.000000,0.000000,0.000000,0.000000,0.000000,27495,180,264,84
"2,-7",38,90276,9,1,795,2,1,14,27,0,0,1,0.994444,0.005556,0.000000,0.000000,0.000000,0.000000,0.000000,0.975439,0.024561,0.000000,0.000000,0.000000,0.000000,0.000000,27495,180,294,114
"2,-6",33,90315,9,1,792,2,1,9,20,0,0,1,1.000000,0.000000,0.000000,0.000000,0.000000,0.000000,0.000000,0.973978,0.026022,0.000000,0.000000,0.000000,0.000000,0.000000,27495,180,272,92
"2,-5",29,90302,8,1,793,2,1,6,11,0,0,1,1.000000,0.000000,0.000000,0.000000,0.000000,0.000000,0.000000,0.980315,0.019685,0.000000,0.000000,0.000000,0.000000,0.000000,27495,180,257,77
"2,-4",37,90288,8,1,794,2,1,9,12,0,0,1,1.000000,0.000000,0.000000,0.000000,0.000000,0.000000,0.000000,0.978947,0.021053,0.000000,0.000000,0.000000,0.000000,0.000000,27495,180,286,106
"2,-3",34,90199,7,1,794,2,1,15,106,0,0,0,0.983425,0.016575,0.000000,0.000000,0.000000,0.000000,0.000000,0.992395,0.007605,0.000000,0.000000,0.000000,0.000000,0.000000,27659,181,274,94
"2,-2",35,90110,7,1,791,2,1,9,15,0,0,0,1.000000,0.000000,0.000000,0.000000,0.000000,0.000000,0.000000,0.992701,0.007299,0.000000,0.000000,0.000000,0.000000,0.000000,27495,180,279,99
"2,-1",0,90110,0,0,674,4,99999,99999,99999,99999,99999,99999,0.000000,0.000000,0.000000,0.000000,0.000000,0.000000,0.000000,0.000000,0.000000,0.000000,0.000000,0.000000,0.000000,0.000000,0,0,0,0
"2,0",0,90110,0,0,679,4,99999,99999,99999,99999,99999,99999,0.000000,0.000000,0.000000,0.000000,0.000000,0.000000,0.000000,0.000000,0.000000,0.000000,0.000000,0.000000,0.000000,0.000000,0,0,0,0
"2,1",0,90110,0,0,669,4,99999,99999,99999,99999,99999,99999,0.000000,0.000000,0.000000,0.000000,0.000000,0.000000,0.000000,0.000000,0.000000,0.000000,0.000000,0.000000,0.000000,0.000000,0,0,0,0
"2,2",0,90110,0,0,669,4,99999,99999,99999,99999,99999,99999,0.000000,0.000000,0.000000,0.000000,0.000000,0.000000,0.000000,0.000000,0.000000,0.000000,0.000000,0.000000,0.000000,0.000000,0,0,0,0
"2,3",0,90110,0,0,666,4,99999,99999,99999,99999,99999,99999,0.000000,0.000000,0.000000,0.000000,0.000000,0.000000,0.000000,0.000000,0.000000,0.000000,0.000000,0.000000,0.000000,0.000000,0,0,0,0
"2,4",0,90110,0,0,670,4,99999,99999,99999,99999,99999,99999,0.000000,0.000000,0.000000,0.000000,0.000000,0.000000,0.000000,0.000000,0.000000,0.000000,0.000000,0.000000,0.000000,0.000000,0,0,0,0
"2,5",0,90110,0,0,670,4,99999,99999,99999,99999,99999,99999,0.000000,0.000000,0.000000,0.000000,0.000000,0.000000,0.000000,0.000000,0.000000,0.000000,0.000000,0.000000,0.000000,0.000000,0,0,0,0
"2,6",0,90110,0,0,670,4,99999,99999,99999,99999,99999,99999,0.000000,0.000000,0.000000,0.000000,0.000000,0.000000,0.000000,0.000000,0.000000,0.000000,0.000000,0.000000,0.000000,0.000000,0,0,0,0
"2,7",0,90110,0,0,670,4,99999,99999,99999,99999,99999,99999,0.000000,0.000000,0.000000,0.000000,0.000000,0.000000,0.000000,0.000000,0.000000,0.000000,0.000000,0.000000,0.000000,0.000000,0,0,0,0
"2,8",0,90110,0,0,672,4,99999,99999,99999,99999,99999,99999,0.000000,0.000000,0.000000,0.000000,0.000000,0.000000,0.000000,0.000000,0.000000,0.000000,0.000000,0.000000,0.000000,0.000000,0,0,0,0
"2,9",0,90110,0,0,671,4,99999,99999,99999,99999,99999,99999,0.000000,0.000000,0.000000,0.000000,0.000000,0.000000,0.000000,0.000000,0.000000,0.000000,0.000000,0.000000,0.000000,0.000000,0,0,0,0
"2,10",0,90110,0,0,667,4,99999,99999,99999,99999,99999,99999,0.000000,0.000000,0.000000,0.000000,0.000000,0.000000,0.000000,0.000000,0.000000,0.000000,0.000000,0.000000,0.000000,0.000000,0,0,0,0
"2,11",0,90110,0,0,673,4,99999,99999,99999,99999,99999,99999,0.000000,0.000000,0.000000,0.000000,0.000000,0.000000,0.000000,0.000000,0.000000,0.000000,0.000000,0.000000,0.000000,0.000000,0,0,0,0
"2,12",0,90110,0,0,54,4,99999,99999,99999,99999,99999,99999,0.000000,0.000000,0.000000,0.000000,0.000000,0.000000,0.000000,0.000000,0.000000,0.000000,0.000000,0.000000,0.000000,0.000000,0,0,0,0
"2,13",0,90110,0,0,55,4,99999,99999,99999,99999,99999,99999,0.000000,0.000000,0.000000,0.000000,0.000000,0.000000,0.000000,0.000000,0.000000,0.000000,0.000000,0.000000,0.000000,0.000000,0,0,0,0
"2,14",0,90110,0,0,56,4,99999,99999,99999,99999,99999,99999,0.000000,0.000000,0.000000,0.000000,0.000000,0.000000,0.000000,0.000000,0.000000,0.000000,0.000000,0.000000,0.000000,0.000000,0,0,0,0
"2,15",0,90110,0,0,55,4,99999,99999,99999,99999,99999,99999,0.000000,0.000000,0.000000,0.000000,0.000000,0.000000,0.000000,0.000000,0.000000,0.000000,0.000000,0.000000,0.000000,0.000000,0,0,0,0
"2,16",0,90110,0,0,56,4,99999,99999,99999,99999,99999,99999,0.000000,0.000000,0.000000,0.000000,0.000000,0.000000,0.000000,0.000000,0.000000,0.000000,0.000000,0.000000,0.000000,0.000000,0,0,0,0
"2,17",0,90110,0,0,55,4,99999,99999,99999,99999,99999,99999,0.000000,0.000000,0.000000,0.000000,0.000000,0.000000,0.000000,0.000000,0.000000,0.000000,0.000000,0.000000,0.000000,0.000000,0,0,0,0
"2,18",0,90110,0,0,8,4,99999,99999,99999,99999,99999,99999,0.000000,0.000000,0.000000,0.000000,0.000000,0.000000,0.000000,0.000000,0.000000,0.000000,0.000000,0.000000,0.000000,0.000000,0,0,0,0
"2,19",0,90110,0,0,8,4,99999,99999,99999,99999,99999,99999,0.000000,0.000000,0.000000,0.000000,0.000000,0.000000,0.000000,0.000000,0.000000,0.000000,0.000000,0.000000,0.000000,0.000000,0,0,0,0
"2,20",0,90110,0,0,8,4,99999,99999,99999,99999,99999,99999,0.000000,0.000000,0.000000,0.000000,0.000000,0.000000,0.000000,0.000000,0.000000,0.000000,0.000000,0.000000,0.000000,0.000000,0,0,0,0
"2,21",0,90110,0,0,8,4,99999,99999,99999,99999,99999,99999,0.000000,0.000000,0.000000,0.000000,0.000000,0.000000,0.000000,0.000000,0.000000,0.000000,0.000000,0.000000,0.000000,0.000000,0,0,0,0
"2,22",0,90110,0,0,8,4,99999,99999,99999,99999,99999,99999,0.000000,0.000000,0.000000,0.000000,0.000000,0.000000,0.000000,0.000000,0.000000,0.000000,0.000000,0.000000,0.000000,0.000000,0,0,0,0
"2,23",0,90110,0,0,4,4,99999,99999,99999,99999,99999,99999,0.000000,0.000000,0.000000,0.000000,0.000000,0.000000,0.000000,0.000000,0.000000,0.000000,0.000000,0.000000,0.000000,0.000000,0,0,0,0
"2,24",0,90110,0,0,4,4,99999,99999,99999,99999,99999,99999,0.000000,0.000000,0.000000,0.000000,0.000000,0.000000,0.000000,0.000000,0.000000,0.000000,0.000000,0.000000,0.000000,0.000000,0,0,0,0
"2,25",0,90110,0,0,4,4,99999,99999,99999,99999,99999,99999,0.000000,0.000000,0.000000,0.000000,0.000000,0.000000,0.000000,0.000000,0.000000,0.000000,0.000000,0.000000,0.000000,0.000000,0,0,0,0
"2,26",0,90110,0,0,4,4,99999,99999,99999,99999,99999,99999,0.000000,0.000000,0.000000,0.000000,0.000000,0.000000,0.000000,0.000000,0.000000,0.000000,0.000000,0.000000,0.000000,0.000000,0,0,0,0
"3,-26",29,90147,9,1,794,2,1,7,17,0,0,1,1.000000,0.000000,0.000000,0.000000,0.000000,0.000000,0.000000,0.976285,0.023715,0.000000,0.000000,0.000000,0.000000,0.000000,27495,180,254,74
"3,-25",37,90186,9,1,790,2,2,10,16,0,0,1,1.000000,0.000000,0.000000,0.000000,0.000000,0.000000,0.000000,0.978799,0.021201,0.000000,0.000000,0.000000,0.000000,0.000000,27495,180,286,106
"3,-24",41,90228,9,1,789,2,2,14,61,0,0,1,0.988889,0.011111,0.000000,0.000000,0.000000,0.000000,0.000000,0.982759,0.017241,0.000000,0.000000,0.000000,0.000000,0.000000,27495,180,306,126
"3,-23",33,90264,9,1,798,2,1,11,28,0,0,0,1.000000,0.000000,0.000000,0.000000,0.000000,0.000000,0.000000,0.992337,0.007663,0.000000,0.000000,0.000000,0.000000,0.000000,27495,180,271,91
"3,-22",35,90361,10,1,796,2,1,12,50,0,0,1,0.994444,0.005556,0.000000,0.000000,0.000000,0.000000,0.000000,0.985019,0.014981,0.000000,0.000000,0.000000,0.000000,0.000000,27495,180,277,97
"3,-21",36,90462,10,1,796,2,1,9,14,0,0,1,1.000000,0.000000,0.000000,0.000000,0.000000,0.000000,0.000000,0.977941,0.022059,0.000000,0.000000,0.000000,0.000000,0.000000,27495,180,285,105
"3,-20",28,90606,11,1,797,2,1,7,13,0,0,1,1.000000,0.000000,0.000000,0.000000,0.000000,0.000000,0.000000,0.987755,0.012245,0.000000,0.000000,0.000000,0.000000,0.000000,27495,180,251,71
"3,-19",32,90759,11,1,788,2,1,8,12,0,0,1,1.000000,0.000000,0.000000,0.000000,0.000000,0.000000,0.000000,0.981061,0.018939,0.000000,0.000000,0.000000,0.000000,0.000000,27495,180,268,88
"3,-18",32,90912,11,1,796,2,1,9,40,0,0,1,1.000000,0.000000,0.000000,0.000000,0.000000,0.000000,0.000000,0.984733,0.015267,0.000000,0.000000,0.000000,0.000000,0.000000,27561,181,270,89
"3,-17",37,91074,11,1,795,2,1,16,75,0,0,2,0.988889,0.011111,0.000000,0.000000,0.000000,0.000000,0.000000,0.971429,0.028571,0.000000,0.000000,0.000000,0.000000,0.000000,27495,180,290,110
"3,-16",33,91221,11,1,794,2,1,8,10,0,0,1,1.000000,0.000000,0.000000,0.000000,0.000000,0.000000,0.000000,0.973077,0.026923,0.000000,0.000000,0.000000,0.000000,0.000000,27495,180,269,89
"3,-15",34,91371,11,1,794,2,1,10,15,0,0,1,1.000000,0.000000,0.000000,0.000000,0.000000,0.000000,0.000000,0.977528,0.022472,0.000000,0.000000,0.000000,0.000000,0.000000,27495,180,273,93
"3,-14",30,91510,11,1,799,2,1,9,20,0,0,1,1.000000,0.000000,0.000000,0.000000,0.000000,0.000000,0.000000,0.968750,0.031250,0.000000,0.000000,0.000000,0.000000,0.000000,27495,180,258,78
"3,-13",34,91599,10,1,795,2,1,10,21,0,0,1,1.000000,0.000000,0.000000,0.000000,0.000000,0.000000,0.000000,0.985019,0.014981,0.000000,0.000000,0.000000,0.000000,0.000000,27659,181,273,93
"3,-12",34,91686,10,1,795,2,1,9,84,0,0,1,1.000000,0.000000,0.000000,0.000000,0.000000,0.000000,0.000000,0.984496,0.015504,0.000000,0.000000,0.000000,0.000000,0.000000,27495,180,275,95
"3,-11",37,91715,9,1,795,2,1,15,64,0,0,0,1.000000,0.000000,0.000000,0.000000,0.000000,0.000000,0.000000,0.989091,0.010909,0.000000,0.000000,0.000000,0.000000,0.000000,27495,180,287,107
"3,-10",31,91741,9,1,792,2,1,8,12,0,0,1,1.000000,0.000000,0.000000,0.000000,0.000000,0.000000,0.000000,0.984436,0.015564,0.000000,0.000000,0.000000,0.000000,0.000000,27495,180,263,83
"3,-9",34,91769,9,1,793,2,1,11,22,0,0,1,1.000000,0.000000,0.000000,0.000000,0.000000,0.000000,0.000000,0.962825,0.037175,0.000000,0.000000,0.000000,0.000000,0.000000,27495,180,274,94
"3,-8",25,91793,9,1,794,2,1,7,13,0,0,1,1.000000,0.000000,0.000000,0.000000,0.000000,0.000000,0.000000,0.987448,0.012552,0.000000,0.000000,0.000000,0.000000,0.000000,27495,180,241,61
"3,-7",34,91820,9,1,795,2,1,11,81,0,0,1,0.988889,0.011111,0.000000,0.000000,0.000000,0.000000,0.000000,0.969582,0.030418,0.000000,0.000000,0.000000,0.000000,0.000000,27495,180,275,95
"3,-6",33,91847,9,1,792,2,1,14,34,0,0,1,1.000000,0.000000,0.000000,0.000000,0.000000,0.000000,0.000000,0.977612,0.018657,0.003731,0.000000,0.000000,0.000000,0.000000,27495,180,272,92
"3,-5",34,91873,9,1,794,2,1,10,77,0,0,1,0.994444,0.005556,0.000000,0.000000,0.000000,0.000000,0.000000,0.985019,0.014981,0.000000,0.000000,0.000000,0.000000,0.000000,27495,180,274,94
"3,-4",38,91853,8,1,791,2,1,9,20,0,0,1,1.000000,0.000000,0.000000,0.000000,0.000000,0.000000,0.000000,0.986348,0.013652,0.000000,0.000000,0.000000,0.000000,0.000000,27495,180,293,113
"3,-3",38,91762,7,1,790,2,1,12,27,0,0,1,1.000000,0.000000,0.000000,0.000000,0.000000,0.000000,0.000000,0.972509,0.027491,0.000000,0.000000,0.000000,0.000000,0.000000,27495,180,292,112
"3,-2",31,91678,7,1,794,2,1,7,22,0,0,0,1.000000,0.000000,0.000000,0.000000,0.000000,0.000000,0.000000,0.996139,0.003861,0.000000,0.000000,0.000000,0.000000,0.000000,27495,180,262,82
"3,-1",0,91678,0,0,678,4,99999,99999,99999,99999,99999,99999,0.000000,0.000000,0.000000,0.000000,0.000000,0.000000,0.000000,0.000000,0.000000,0.000000,0.000000,0.000000,0.000000,0.000000,0,0,0,0
"3,0",0,91678,0,0,667,4,99999,99999,99999,99999,99999,99999,0.000000,0.000000,0.000000,0.000000,0.000000,0.000000,0.000000,0.000000,0.000000,0.000000,0.000000,0.000000,0.000000,0.000000,0,0,0,0
"3,1",0,91678,0,0,672,4,99999,99999,99999,99999,99999,99999,0.000000,0.000000,0.000000,0.000000,0.000000,0.000000,0.000000,0.000000,0.000000,0.000000,0.000000,0.000000,0.000000,0.000000,0,0,0,0
"3,2",0,91678,0,0,673,4,99999,99999,99999,99999,99999,99999,0.000000,0.000000,0.000000,0.000000,0.000000,0.000000,0.000000,0.000000,0.000000,0.000000,0.000000,0.000000,0.000000,0.000000,0,0,0,0
"3,3",0,91678,0,0,670,4,99999,99999,99999,99999,99999,99999,0.000000,0.000000,0.000000,0.000000,0.000000,0.000000,0.000000,0.000000,0.000000,0.000000,0.000000,0.000000,0.000000,0.000000,0,0,0,0
"3,4",0,91678,0,0,674,4,99999,99999,99999,99999,99999,99999,0.000000,0.000000,0.000000,0.000000,0.000000,0.000000,0.000000,0.000000,0.000000,0.000000,0.000000,0.000000,0.000000,0.000000,0,0,0,0
"3,5",0,91678,0,0,668,4,99999,99999,99999,99999,99999,99999,0.000000,0.000000,0.000000,0.000000,0.000000,0.000000,0.000000,0.000000,0.000000,0.000000,0.000000,0.000000,0.000000,0.000000,0,0,0,0
"3,6",0,91678,0,0,667,4,99999,99999,99999,99999,99999,99999,0.000000,0.000000,0.000000,0.000000,0.000000,0.000000,0.000000,0.000000,0.000000,0.000000,0.000000,0.000000,0.000000,0.000000,0,0,0,0
"3,7",0,91678,0,0,668,4,99999,99999,99999,99999,99999,99999,0.000000,0.000000,0.000000,0.000000,0.000000,0.000000,0.000000,0.000000,0.000000,0.000000,0.000000,0.000000,0.000000,0.000000,0,0,0,0
"3,8",0,91678,0,0,670,4,99999,99999,99999,99999,99999,99999,0.000000,0.000000,0.000000,0.000000,0.000000,0.000000,0.000000,0.000000,0.000000,0.000000,0.000000,0.000000,0.000000,0.000000,0,0,0,0
"3,9",0,91678,0,0,665,4,99999,99999,99999,99999,99999,99999,0.000000,0.000000,0.000000,0.000000,0.000000,0.000000,0.000000,0.000000,0.000000,0.000000,0.000000,0.000000,0.000000,0.000000,0,0,0,0
"3,10",0,91678,0,0,669,4,99999,99999,99999,99999,99999,99999,0.000000,0.000000,0.000000,0.000000,0.000000,0.000000,0.000000,0.000000,0.000000,0.000000,0.000000,0.000000,0.000000,0.000000,0,0,0,0
"3,11",0,91678,0,0,662,4,99999,99999,99999,99999,99999,99999,0.000000,0.000000,0.000000,0.000000,0.000000,0.000000,0.000000,0.000000,0.000000,0.000000,0.000000,0.000000,0.000000,0.000000,0,0,0,0
"3,12",0,91678,0,0,53,4,99999,99999,99999,99999,99999,99999,0.000000,0.000000,0.000000,0.000000,0.000000,0.000000,0.000000,0.000000,0.000000,0.000000,0.000000,0.000000,0.000000,0.000000,0,0,0,0
"3,13",0,91678,0,0,55,4,99999,99999,99999,99999,99999,99999,0.000000,0.000000,0.000000,0.000000,0.000000,0.000000,0.000000,0.000000,0.000000,0.000000,0.000000,0.000000,0.000000,0.000000,0,0,0,0
"3,14",0,91678,0,0,56,4,99999,99999,99999,99999,99999,99999,0.000000,0.000000,0.000000,0.000000,0.000000,0.000000,0.000000,0.000000,0.000000,0.000000,0.000000,0.000000,0.000000,0.000000,0,0,0,0
"3,15",0,91678,0,0,56,4,99999,99999,99999,99999,99999,99999,0.000000,0.000000,0.000000,0.000000,0.000000,0.000000,0.000000,0.000000,0.000000,0.000000,0.000000,0.000000,0.000000,0.000000,0,0,0,0
"3,16",0,91678,0,0,55,4,99999,99999,99999,99999,99999,99999,0.000000,0.000000,0.000000,0.000000,0.000000,0.000000,0.000000,0.000000,0.000000,0.000000,0.000000,0.000000,0.000000,0.000000,0,0,0,0
"3,17",0,91678,0,0,55,4,99999,99999,99999,99999,99999,99999,0.000000,0.000000,0.000000,0.000000,0.000000,0.000000,0.000000,0.000000,0.000000,0.000000,0.000000,0.000000,0.000000,0.000000,0,0,0,0
"3,18",0,91678,0,0,42,4,99999,99999,99999,99999,99999,99999,0.000000,0.000000,0.000000,0.000000,0.000000,0.000000,0.000000,0.000000,0.000000,0.000000,0.000000,0.000000,0.000000,0.000000,0,0,0,0
"3,19",0,91678,0,0,8,4,99999,99999,99999,99999,99999,99999,0.000000,0.000000,0.000000,0.000000,0.000000,0.000000,0.000000,0.000000,0.000000,0.000000,0.000000,0.000000,0.000000,0.000000,0,0,0,0
"3,20",0,91678,0,0,8,4,99999,99999,99999,99999,99999,99999,0.000000,0.000000,0.000000,0.000000,0.000000,0.000000,0.000000,0.000000,0.000000,0.000000,0.000000,0.000000,0.000000,0.000000,0,0,0,0
"3,21",0,91678,0,0,8,4,99999,99999,99999,99999,99999,99999,0.000000,0.000000,0.000000,0.000000,0.000000,0.000000,0.000000,0.000000,0.000000,0.000000,0.000000,0.000000,0.000000,0.000000,0,0,0,0
"3,22",0,91678,0,0,8,4,99999,99999,99999,99999,99999,99999,0.000000,0.000000,0.000000,0.000000,0.000000,0.000000,0.000000,0.000000,0.000000,0.000000,0.000000,0.000000,0.000000,0.000000,0,0,0,0
"3,23",0,91678,0,0,4,4,99999,99999,99999,99999,99999,99999,0.000000,0.000000,0.000000,0.000000,0.000000,0.000000,0.000000,0.000000,0.000000,0.000000,0.000000,0.000000,0.000000,0.000000,0,0,0,0
"3,24",0,91678,0,0,4,4,99999,99999,99999,99999,99999,99999,0.000000,0.000000,0.000000,0.000000,0.000000,0.000000,0.000000,0.000000,0.000000,0.000000,0.000000,0.000000,0.000000,0.000000,0,0,0,0
"3,25",0,91678,0,0,4,4,99999,99999,99999,99999,99999,99999,0.000000,0.000000,0.000000,0.000000,0.000000,0.000000,0.000000,0.000000,0.000000,0.000000,0.000000,0.000000,0.000000,0.000000,0,0,0,0
"3,26",0,91678,0,0,4,4,99999,99999,99999,99999,99999,99999,0.000000,0.000000,0.000000,0.000000,0.000000,0.000000,0.000000,0.000000,0.000000,0.000000,0.000000,0.000000,0.000000,0.000000,0,0,0,0
"4,-26",37,91706,9,1,797,2,1,13,30,0,0,1,1.000000,0.000000,0.000000,0.000000,0.000000,0.000000,0.000000,0.985455,0.014545,0.000000,0.000000,0.000000,0.000000,0.000000,27495,180,288,108
"4,-25",36,91733,9,1,796,2,1,9,20,0,0,1,1.000000,0.000000,0.000000,0.000000,0.000000,0.000000,0.000000,0.985560,0.014440,0.000000,0.000000,0.000000,0.000000,0.000000,27495,180,282,102
"4,-24",28,91757,9,1,793,2,1,8,14,0,0,1,1.000000,0.000000,0.000000,0.000000,0.000000,0.000000,0.000000,0.987705,0.012295,0.000000,0.000000,0.000000,0.000000,0.000000,27495,180,252,72
"4,-23",34,91836,10,1,794,2,1,9,17,0,0,1,1.000000,0.000000,0.000000,0.000000,0.000000,0.000000,0.000000,0.980989,0.019011,0.000000,0.000000,0.000000,0.000000,0.000000,27495,180,275,95
"4,-22",38,91984,11,1,792,2,1,12,34,0,0,1,1.000000,0.000000,0.000000,0.000000,0.000000,0.000000,0.000000,0.985915,0.014085,0.000000,0.000000,0.000000,0.000000,0.000000,27495,180,291,111
"4,-21",31,92114,11,1,793,2,1,8,16,0,0,1,1.000000,0.000000,0.000000,0.000000,0.000000,0.000000,0.000000,0.977099,0.022901,0.000000,0.000000,0.000000,0.000000,0.000000,27495,180,264,84
"4,-20",38,92258,11,1,797,2,1,11,18,0,0,0,1.000000,0.000000,0.000000,0.000000,0.000000,0.000000,0.000000,0.989691,0.010309,0.000000,0.000000,0.000000,0.000000,0.000000,27495,180,293,113
"4,-19",31,92385,11,1,793,2,1,10,15,0,0,0,1.000000,0.000000,0.000000,0.000000,0.000000,0.000000,0.000000,0.988327,0.011673,0.000000,0.000000,0.000000,0.000000,0.000000,27495,180,263,83
"4,-18",36,92519,11,1,798,2,2,9,24,0,0,2,1.000000,0.000000,0.000000,0.000000,0.000000,0.000000,0.000000,0.971429,0.025000,0.003571,0.000000,0.000000,0.000000,0.000000,27561,181,286,105
"4,-17",34,92646,11,1,796,2,1,8,15,0,0,1,1.000000,0.000000,0.000000,0.000000,0.000000,0.000000,0.000000,0.973585,0.022642,0.003774,0.000000,0.000000,0.000000,0.000000,27495,180,273,93
"4,-16",35,92777,11,1,798,2,1,13,35,0,0,1,1.000000,0.000000,0.000000,0.000000,0.000000,0.000000,0.000000,0.963504,0.036496,0.000000,0.000000,0.000000,0.000000,0.000000,27495,180,278,98
"4,-15",37,92911,11,1,789,2,1,8,20,0,0,1,1.000000,0.000000,0.000000,0.000000,0.000000,0.000000,0.000000,0.971930,0.028070,0.000000,0.000000,0.000000,0.000000,0.000000,27495,180,289,109
"4,-14",32,93033,11,1,796,2,1,12,17,0,0,1,1.000000,0.000000,0.000000,0.000000,0.000000,0.000000,0.000000,0.977011,0.022989,0.000000,0.000000,0.000000,0.000000,0.000000,27495,180,267,87
"4,-13",31,93155,11,1,793,2,1,6,22,0,0,1,1.000000,0.000000,0.000000,0.000000,0.000000,0.000000,0.000000,0.976923,0.023077,0.000000,0.000000,0.000000,0.000000,0.000000,27495,180,264,84
"4,-12",35,93277,11,1,794,2,1,10,23,0,0,1,1.000000,0.000000,0.000000,0.000000,0.000000,0.000000,0.000000,0.974170,0.025830,0.000000,0.000000,0.000000,0.000000,0.000000,27495,180,279,99
"4,-11",36,93351,10,1,794,2,1,9,23,0,0,1,1.000000,0.000000,0.000000,0.000000,0.000000,0.000000,0.000000,0.974170,0.025830,0.000000,0.000000,0.000000,0.000000,0.000000,27659,181,282,102
"4,-10",32,93368,9,1,794,2,1,10,25,0,0,0,1.000000,0.000000,0.000000,0.000000,0.000000,0.000000,0.000000,0.988462,0.011538,0.000000,0.000000,0.000000,0.000000,0.000000,27495,180,266,86
"4,-9",39,93387,9,1,795,2,1,11,19,0,0,1,1.000000,0.000000,0.000000,0.000000,0.000000,0.000000,0.000000,0.982639,0.017361,0.000000,0.000000,0.000000,0.000000,0.000000,27495,180,296,116
"4,-8",27,93403,9,1,795,2,1,9,12,0,0,1,1.000000,0.000000,0.000000,0.000000,0.000000,0.000000,0.000000,0.987854,0.012146,0.000000,0.000000,0.000000,0.000000,0.000000,27495,180,250,70
"4,-7",34,93421,9,1,793,2,1,8,22,0,0,1,1.000000,0.000000,0.000000,0.000000,0.000000,0.000000,0.000000,0.974265,0.025735,0.000000,0.000000,0.000000,0.000000,0.000000,27495,180,276,96
"4,-6",33,93437,9,1,793,2,1,10,31,0,0,1,1.000000,0.000000,0.000000,0.000000,0.000000,0.000000,0.000000,0.981413,0.018587,0.000000,0.000000,0.000000,0.000000,0.000000,27495,180,271,91
"4,-5",30,93453,9,1,794,2,1,7,15,0,0,0,1.000000,0.000000,0.000000,0.000000,0.000000,0.000000,0.000000,0.988281,0.011719,0.000000,0.000000,0.000000,0.000000,0.000000,27495,180,258,78
"4,-4",33,93430,8,1,795,2,1,7,13,0,0,0,1.000000,0.000000,0.000000,0.000000,0.000000,0.000000,0.000000,0.988806,0.011194,0.000000,0.000000,0.000000,0.000000,0.000000,27495,180,269,89
"4,-3",31,93408,8,1,792,2,1,8,18,0,0,0,1.000000,0.000000,0.000000,0.000000,0.000000,0.000000,0.000000,0.988506,0.011494,0.000000,0.000000,0.000000,0.000000,0.000000,27495,180,264,84
"4,-2",34,93323,7,1,794,2,1,14,117,0,0,1,0.977778,0.022222,0.000000,0.000000,0.000000,0.000000,0.000000,0.984615,0.015385,0.000000,0.000000,0.000000,0.000000,0.000000,27495,180,275,95
"4,-1",35,93240,7,1,799,2,1,10,12,0,0,0,1.000000,0.000000,0.000000,0.000000,0.000000,0.000000,0.000000,0.989130,0.010870,0.000000,0.000000,0.000000,0.000000,0.000000,27561,181,279,98
"4,0",0,93240,0,0,668,4,99999,99999,99999,99999,99999,99999,0.000000,0.000000,0.000000,0.000000,0.000000,0.000000,0.000000,0.000000,0.000000,0.000000,0.000000,0.000000,0.000000,0.000000,0,0,0,0
"4,1",0,93240,0,0,669,4,99999,99999,99999,99999,99999,99999,0.000000,0.000000,0.000000,0.000000,0.000000,0.000000,0.000000,0.000000,0.000000,0.000000,0.000000,0.000000,0.000000,0.000000,0,0,0,0
"4,2",0,93240,0,0,669,4,99999,99999,99999,99999,99999,99999,0.000000,0.000000,0.000000,0.000000,0.000000,0.000000,0.000000,0.000000,0.000000,0.000000,0.000000,0.000000,0.000000,0.000000,0,0,0,0
"4,3",0,93240,0,0,679,4,99999,99999,99999,99999,99999,99999,0.000000,0.000000,0.000000,0.000000,0.000000,0.000000,0.000000,0.000000,0.000000,0.000000,0.000000,0.000000,0.000000,0.000000,0,0,0,0
"4,4",0,93240,0,0,665,4,99999,99999,99999,99999,99999,99999,0.000000,0.000000,0.000000,0.000000,0.000000,0.000000,0.000000,0.000000,0.000000,0.000000,0.000000,0.000000,0.000000,0.000000,0,0,0,0
"4,5",0,93240,0,0,679,4,99999,99999,99999,99999,99999,99999,0.000000,0.000000,0.000000,0.000000,0.000000,0.000000,0.000000,0.000000,0.000000,0.000000,0.000000,0.000000,0.000000,0.000000,0,0,0,0
"4,6",0,93240,0,0,669,4,99999,99999,99999,99999,99999,99999,0.000000,0.000000,0.000000,0.000000,0.000000,0.000000,0.000000,0.000000,0.000000,0.000000,0.000000,0.000000,0.000000,0.000000,0,0,0,0
"4,7",0,93240,0,0,670,4,99999,99999,99999,99999,99999,99999,0.000000,0.000000,0.000000,0.000000,0.000000,0.000000,0.000000,0.000000,0.000000,0.000000,0.000000,0.000000,0.000000,0.000000,0,0,0,0
"4,8",0,93240,0,0,665,4,99999,99999,99999,99999,99999,99999,0.000000,0.000000,0.000000,0.000000,0.000000,0.000000,0.000000,0.000000,0.000000,0.000000,0.000000,0.000000,0.000000,0.000000,0,0,0,0
"4,9",0,93240,0,0,673,4,99999,99999,99999,99999,99999,99999,0.000000,0.000000,0.000000,0.000000,0.000000,0.000000,0.000000,0.000000,0.000000,0.000000,0.000000,0.000000,0.000000,0.000000,0,0,0,0
"4,10",0,93240,0,0,673,4,99999,99999,99999,99999,99999,99999,0.000000,0.000000,0.000000,0.000000,0.000000,0.000000,0.000000,0.000000,0.000000,0.000000,0.000000,0.000000,0.000000,0.000000,0,0,0,0
"4,11",0,93240,0,0,673,4,99999,99999,99999,99999,99999,99999,0.000000,0.000000,0.000000,0.000000,0.000000,0.000000,0.000000,0.000000,0.000000,0.000000,0.000000,0.000000,0.000000,0.000000,0,0,0,0
"4,12",0,93240,0,0,56,4,99999,99999,99999,99999,99999,99999,0.000000,0.000000,0.000000,0.000000,0.000000,0.000000,0.000000,0.000000,0.000000,0.000000,0.000000,0.000000,0.000000,0.000000,0,0,0,0
"4,13",0,93240,0,0,55,4,99999,99999,99999,99999,99999,99999,0.000000,0.000000,0.000000,0.000000,0.000000,0.000000,0.000000,0.000000,0.000000,0.000000,0.000000,0.000000,0.000000,0.000000,0,0,0,0
"4,14",0,93240,0,0,57,4,99999,99999,99999,99999,99999,99999,0.000000,0.000000,0.000000,0.000000,0.000000,0.000000,0.000000,0.000000,0.000000,0.000000,0.000000,0.000000,0.000000,0.000000,0,0,0,0
"4,15",0,93240,0,0,56,4,99999,99999,99999,99999,99999,99999,0.000000,0.000000,0.000000,0.000000,0.000000,0.000000,0.000000,0.000000,0.000000,0.000000,0.000000,0.000000,0.000000,0.000000,0,0,0,0
"4,16",0,93240,0,0,56,4,99999,99999,99999,99999,99999,99999,0.000000,0.000000,0.000000,0.000000,0.000000,0.000000,0.000000,0.000000,0.000000,0.000000,0.000000,0.000000,0.000000,0.000000,0,0,0,0
"4,17",0,93240,0,0,56,4,99999,99999,99999,99999,99999,99999,0.000000,0.000000,0.000000,0.000000,0.000000,0.000000,0.000000,0.000000,0.000000,0.000000,0.000000,0.000000,0.000000,0.000000,0,0,0,0
"4,18",0,93240,0,0,56,4,99999,99999,99999,99999,99999,99999,0.000000,0.000000,0.000000,0.000000,0.000000,0.000000,0.000000,0.000000,0.000000,0.000000,0.000000,0.000000,0.000000,0.000000,0,0,0,0
"4,19",0,93240,0,0,8,4,99999,99999,99999,99999,99999,99999,0.000000,0.000000,0.000000,0.000000,0.000000,0.000000,0.000000,0.000000,0.000000,0.000000,0.000000,0.000000,0.000000,0.000000,0,0,0,0
"4,20",0,93240,0,0,8,4,99999,99999,99999,99999,99999,99999,0.000000,0.000000,0.000000,0.000000,0.000000,0.000000,0.000000,0.000000,0.000000,0.000000,0.000000,0.000000,0.000000,0.000000,0,0,0,0
"4,21",0,93240,0,0,8,4,99999,99999,99999,99999,99999,99999,0.000000,0.000000,0.000000,0.000000,0.000000,0.000000,0.000000,0.000000,0.000000,0.000000,0.000000,0.000000,0.000000,0.000000,0,0,0,0
"4,22",0,93240,0,0,8,4,99999,99999,99999,99999,99999,99999,0.000000,0.000000,0.000000,0.000000,0.000000,0.000000,0.000000,0.000000,0.000000,0.000000,0.000000,0.000000,0.000000,0.000000,0,0,0,0
"4,23",0,93240,0,0,4,4,99999,99999,99999,99999,99999,99999,0.000000,0.000000,0.000000,0.000000,0.000000,0.000000,0.000000,0.000000,0.000000,0.000000,0.000000,0.000000,0.000000,0.000000,0,0,0,0
"4,24",0,93240,0,0,4,4,99999,99999,99999,99999,99999,99999,0.000000,0.000000,0.000000,0.000000,0.000000,0.000000,0.000000,0.000000,0.000000,0.000000,0.000000,0.000000,0.000000,0.000000,0,0,0,0
"4,25",0,93240,0,0,4,4,99999,99999,99999,99999,99999,99999,0.000000,0.000000,0.000000,0.000000,0.000000,0.000000,0.000000,0.000000,0.000000,0.000000,0.000000,0.000000,0.000000,0.000000,0,0,0,0
"4,26",0,93240,0,0,4,4,99999,99999,99999,99999,99999,99999,0.000000,0.000000,0.000000,0.000000,0.000000,0.000000,0.000000,0.000000,0.000000,0.000000,0.000000,0.000000,0.000000,0.000000,0,0,0,0
"5,-26",32,93257,9,1,791,2,1,7,21,0,0,1,1.000000,0.000000,0.000000,0.000000,0.000000,0.000000,0.000000,0.984791,0.015209,0.000000,0.000000,0.000000,0.000000,0.000000,27495,180,267,87
"5,-25",41,93276,9,1,797,2,2,12,30,0,0,1,1.000000,0.000000,0.000000,0.000000,0.000000,0.000000,0.000000,0.973154,0.026846,0.000000,0.000000,0.000000,0.000000,0.000000,27495,180,307,127
"5,-24",34,93342,10,1,792,2,1,8,16,0,0,1,1.000000,0.000000,0.000000,0.000000,0.000000,0.000000,0.000000,0.973684,0.026316,0.000000,0.000000,0.000000,0.000000,0.000000,27495,180,273,93
"5,-23",40,93469,11,1,797,2,1,14,36,0,0,1,0.994444,0.005556,0.000000,0.000000,0.000000,0.000000,0.000000,0.975945,0.020619,0.003436,0.000000,0.000000,0.000000,0.000000,27495,180,301,121
"5,-22",34,93583,11,1,795,2,1,9,16,0,0,1,1.000000,0.000000,0.000000,0.000000,0.000000,0.000000,0.000000,0.985240,0.014760,0.000000,0.000000,0.000000,0.000000,0.000000,27495,180,273,93
"5,-21",34,93697,11,1,799,2,1,12,18,0,0,1,1.000000,0.000000,0.000000,0.000000,0.000000,0.000000,0.000000,0.985240,0.014760,0.000000,0.000000,0.000000,0.000000,0.000000,27495,180,276,96
"5,-20",38,93813,11,1,793,2,1,14,59,0,0,1,0.994444,0.005556,0.000000,0.000000,0.000000,0.000000,0.000000,0.971223,0.028777,0.000000,0.000000,0.000000,0.000000,0.000000,27495,180,291,111
"5,-19",35,93928,11,1,789,2,1,13,24,0,0,0,1.000000,0.000000,0.000000,0.000000,0.000000,0.000000,0.000000,0.992565,0.007435,0.000000,0.000000,0.000000,0.000000,0.000000,27495,180,278,98
"5,-18",35,94041,11,1,797,2,1,18,129,0,0,0,0.977901,0.022099,0.000000,0.000000,0.000000,0.000000,0.000000,1.000000,0.000000,0.000000,0.000000,0.000000,0.000000,0.000000,27561,181,279,98
"5,-17",34,94151,11,1,791,2,1,8,14,0,0,2,1.000000,0.000000,0.000000,0.000000,0.000000,0.000000,0.000000,0.970260,0.029740,0.000000,0.000000,0.000000,0.000000,0.000000,27495,180,275,95
"5,-16",35,94261,11,1,796,2,1,9,37,0,0,1,1.000000,0.000000,0.000000,0.000000,0.000000,0.000000,0.000000,0.985401,0.014599,0.000000,0.000000,0.000000,0.000000,0.000000,27495,180,280,100
"5,-15",32,94369,11,1,792,2,1,8,14,0,0,1,1.000000,0.000000,0.000000,0.000000,0.000000,0.000000,0.000000,0.973282,0.026718,0.000000,0.000000,0.000000,0.000000,0.000000,27495,180,267,87
"5,-14",36,94479,11,1,793,2,1,9,32,0,0,1,1.000000,0.000000,0.000000,0.000000,0.000000,0.000000,0.000000,0.974820,0.025180,0.000000,0.000000,0.000000,0.000000,0.000000,27495,180,283,103
"5,-13",37,94589,11,1,792,2,1,8,15,0,0,1,1.000000,0.000000,0.000000,0.000000,0.000000,0.000000,0.000000,0.968310,0.031690,0.000000,0.000000,0.000000,0.000000,0.000000,27495,180,288,108
"5,-12",39,94703,11,1,794,2,1,16,66,0,0,1,0.994444,0.005556,0.000000,0.000000,0.000000,0.000000,0.000000,0.972222,0.027778,0.000000,0.000000,0.000000,0.000000,0.000000,27495,180,299,119
"5,-11",35,94813,11,1,796,2,1,11,108,0,0,1,0.983333,0.016667,0.000000,0.000000,0.000000,0.000000,0.000000,0.962825,0.033457,0.003717,0.000000,0.000000,0.000000,0.000000,27495,180,280,100
"5,-10",33,94871,10,1,791,2,1,10,35,0,0,0,1.000000,0.000000,0.000000,0.000000,0.000000,0.000000,0.000000,0.992337,0.007663,0.000000,0.000000,0.000000,0.000000,0.000000,27495,180,270,90
"5,-9",34,94881,9,1,790,2,1,13,62,0,0,0,0.988889,0.011111,0.000000,0.000000,0.000000,0.000000,0.000000,0.988550,0.011450,0.000000,0.000000,0.000000,0.000000,0.000000,27495,180,276,96
"5,-8",32,94891,9,1,798,2,1,10,28,0,0,1,1.000000,0.000000,0.000000,0.000000,0.000000,0.000000,0.000000,0.980769,0.019231,0.000000,0.000000,0.000000,0.000000,0.000000,27495,180,265,85
"5,-7",33,94901,9,1,795,2,1,9,27,0,0,1,1.000000,0.000000,0.000000,0.000000,0.000000,0.000000,0.000000,0.966418,0.033582,0.000000,0.000000,0.000000,0.000000,0.000000,27495,180,271,91
"5,-6",33,94910,9,1,789,2,1,9,18,0,0,1,1.000000,0.000000,0.000000,0.000000,0.000000,0.000000,0.000000,0.977528,0.022472,0.000000,0.000000,0.000000,0.000000,0.000000,27495,180,272,92
"5,-5",38,94920,9,1,793,2,1,10,33,0,0,0,1.000000,0.000000,0.000000,0.000000,0.000000,0.000000,0.000000,0.989691,0.010309,0.000000,0.000000,0.000000,0.000000,0.000000,27495,180,292,112
"5,-4",32,94930,9,1,796,2,1,8,18,0,0,1,1.000000,0.000000,0.000000,0.000000,0.000000,0.000000,0.000000,0.980843,0.019157,0.000000,0.000000,0.000000,0.000000,0.000000,27495,180,265,85
"5,-3",27,94905,8,1,792,2,1,7,13,0,0,0,1.000000,0.000000,0.000000,0.000000,0.000000,0.000000,0.000000,0.991870,0.008130,0.000000,0.000000,0.000000,0.000000,0.000000,27659,181,250,70
"5,-2",33,94824,7,1,795,2,1,10,14,0,0,0,1.000000,0.000000,0.000000,0.000000,0.000000,0.000000,0.000000,0.992593,0.007407,0.000000,0.000000,0.000000,0.000000,0.000000,27495,180,272,92
"5,-1",34,94742,7,1,797,2,1,9,16,0,0,1,1.000000,0.000000,0.000000,0.000000,0.000000,0.000000,0.000000,0.974545,0.025455,0.000000,0.000000,0.000000,0.000000,0.000000,27561,181,275,94
"5,0",0,94742,0,0,671,4,99999,99999,99999,99999,99999,99999,0.000000,0.000000,0.000000,0.000000,0.000000,0.000000,0.000000,0.000000,0.000000,0.000000,0.000000,0.000000,0.000000,0.000000,0,0,0,0
"5,1",0,94742,0,0,668,4,99999,99999,99999,99999,99999,99999,0.000000,0.000000,0.000000,0.000000,0.000000,0.000000,0.000000,0.000000,0.000000,0.000000,0.000000,0.000000,0.000000,0.000000,0,0,0,0
"5,2",0,94742,0,0,681,4,99999,99999,99999,99999,99999,99999,0.000000,0.000000,0.000000,0.000000,0.000000,0.000000,0.000000,0.000000,0.000000,0.000000,0.000000,0.000000,0.000000,0.000000,0,0,0,0
"5,3",0,94742,0,0,668,4,99999,99999,99999,99999,99999,99999,0.000000,0.000000,0.000000,0.000000,0.000000,0.000000,0.000000,0.000000,0.000000,0.000000,0.000000,0.000000,0.000000,0.000000,0,0,0,0
"5,4",0,94742,0,0,665,4,99999,99999,99999,99999,99999,99999,0.000000,0.000000,0.000000,0.000000,0.000000,0.000000,0.000000,0.000000,0.000000,0.000000,0.000000,0.000000,0.000000,0.000000,0,0,0,0
"5,5",0,94742,0,0,674,4,99999,99999,99999,99999,99999,99999,0.000000,0.000000,0.000000,0.000000,0.000000,0.000000,0.000000,0.000000,0.000000,0.000000,0.000000,0.000000,0.000000,0.000000,0,0,0,0
"5,6",0,94742,0,0,672,4,99999,99999,99999,99999,99999,99999,0.000000,0.000000,0.000000,0.000000,0.000000,0.000000,0.000000,0.000000,0.000000,0.000000,0.000000,0.000000,0.000000,0.000000,0,0,0,0
"5,7",0,94742,0,0,672,4,99999,99999,99999,99999,99999,99999,0.000000,0.000000,0.000000,0.000000,0.000000,0.000000,0.000000,0.000000,0.000000,0.000000,0.000000,0.000000,0.000000,0.000000,0,0,0,0
"5,8",0,94742,0,0,672,4,99999,99999,99999,99999,99999,99999,0.000000,0.000000,0.000000,0.000000,0.000000,0.000000,0.000000,0.000000,0.000000,0.000000,0.000000,0.000000,0.000000,0.000000,0,0,0,0
"5,9",0,94742,0,0,671,4,99999,99999,99999,99999,99999,99999,0.000000,0.000000,0.000000,0.000000,0.000000,0.000000,0.000000,0.000000,0.000000,0.000000,0.000000,0.000000,0.000000,0.000000,0,0,0,0
"5,10",0,94742,0,0,668,4,99999,99999,99999,99999,99999,99999,0.000000,0.000000,0.000000,0.000000,0.000000,0.000000,0.000000,0.000000,0.000000,0.000000,0.000000,0.000000,0.000000,0.000000,0,0,0,0
"5,11",0,94742,0,0,673,4,99999,99999,99999,99999,99999,99999,0.000000,0.000000,0.000000,0.000000,0.000000,0.000000,0.000000,0.000000,0.000000,0.000000,0.000000,0.000000,0.000000,0.000000,0,0,0,0
"5,12",0,94742,0,0,54,4,99999,99999,99999,99999,99999,99999,0.000000,0.000000,0.000000,0.000000,0.000000,0.000000,0.000000,0.000000,0.000000,0.000000,0.000000,0.000000,0.000000,0.000000,0,0,0,0
"5,13",0,94742,0,0,56,4,99999,99999,99999,99999,99999,99999,0.000000,0.000000,0.000000,0.000000,0.000000,0.000000,0.000000,0.000000,0.000000,0.000000,0.000000,0.000000,0.000000,0.000000,0,0,0,0
"5,14",0,94742,0,0,55,4,99999,99999,99999,99999,99999,99999,0.000000,0.000000,0.000000,0.000000,0.000000,0.000000,0.000000,0.000000,0.000000,0.000000,0.000000,0.000000,0.000000,0.000000,0,0,0,0
"5,15",0,94742,0,0,55,4,99999,99999,99999,99999,99999,99999,0.000000,0.000000,0.000000,0.000000,0.000000,0.000000,0.000000,0.000000,0.000000,0.000000,0.000000,0.000000,0.000000,0.000000,0,0,0,0
"5,16",0,94742,0,0,55,4,99999,99999,99999,99999,99999,99999,0.000000,0.000000,0.000000,0.000000,0.000000,0.000000,0.000000,0.000000,0.000000,0.000000,0.000000,0.000000,0.000000,0.000000,0,0,0,0
"5,17",0,94742,0,0,54,4,99999,99999,99999,99999,99999,99999,0.000000,0.000000,0.000000,0.000000,0.000000,0.000000,0.000000,0.000000,0.000000,0.000000,0.000000,0.000000,0.000000,0.000000,0,0,0,0
"5,18",0,94742,0,0,55,4,99999,99999,99999,99999,99999,99999,0.000000,0.000000,0.000000,0.000000,0.000000,0.000000,0.000000,0.000000,0.000000,0.000000,0.000000,0.000000,0.000000,0.000000,0,0,0,0
"5,19",0,94742,0,0,8,4,99999,99999,99999,99999,99999,99999,0.000000,0.000000,0.000000,0.000000,0.000000,0.000000,0.000000,0.000000,0.000000,0.000000,0.000000,0.000000,0.000000,0.000000,0,0,0,0
"5,20",0,94742,0,0,8,4,99999,99999,99999,99999,99999,99999,0.000000,0.000000,0.000000,0.000000,0.000000,0.000000,0.000000,0.000000,0.000000,0.000000,0.000000,0.000000,0.000000,0.000000,0,0,0,0
"5,21",0,94742,0,0,7,4,99999,99999,99999,99999,99999,99999,0.000000,0.000000,0.000000,0.000000,0.000000,0.000000,0.000000,0.000000,0.000000,0.000000,0.000000,0.000000,0.000000,0.000000,0,0,0,0
"5,22",0,94742,0,0,8,4,99999,99999,99999,99999,99999,99999,0.000000,0.000000,0.000000,0.000000,0.000000,0.000000,0.000000,0.000000,0.000000,0.000000,0.000000,0.000000,0.000000,0.000000,0,0,0,0
"5,23",0,94742,0,0,4,4,99999,99999,99999,99999,99999,99999,0.000000,0.000000,0.000000,0.000000,0.000000,0.000000,0.000000,0.000000,0.000000,0.000000,0.000000,0.000000,0.000000,0.000000,0,0,0,0
"5,24",0,94742,0,0,4,4,99999,99999,99999,99999,99999,99999,0.000000,0.000000,0.000000,0.000000,0.000000,0.000000,0.000000,0.000000,0.000000,0.000000,0.000000,0.000000,0.000000,0.000000,0,0,0,0
"5,25",0,94742,0,0,4,4,99999,99999,99999,99999,99999,99999,0.000000,0.000000,0.000000,0.000000,0.000000,0.000000,0.000000,0.000000,0.000000,0.000000,0.000000,0.000000,0.000000,0.000000,0,0,0,0
"5,26",0,94742,0,0,4,4,99999,99999,99999,99999,99999,99999,0.000000,0.000000,0.000000,0.000000,0.000000,0.000000,0.000000,0.000000,0.000000,0.000000,0.000000,0.000000,0.000000,0.000000,0,0,0,0
"6,-26",32,94752,9,1,794,2,1,9,18,0,0,1,1.000000,0.000000,0.000000,0.000000,0.000000,0.000000,0.000000,0.980843,0.019157,0.000000,0.000000,0.000000,0.000000,0.000000,27495,180,266,86
"6,-25",35,94808,10,1,794,2,1,17,60,0,0,0,0.994444,0.005556,0.000000,0.000000,0.000000,0.000000,0.000000,0.992337,0.007663,0.000000,0.000000,0.000000,0.000000,0.000000,27495,180,277,97
"6,-24",39,94867,10,1,791,2,1,19,55,0,0,1,0.994444,0.005556,0.000000,0.000000,0.000000,0.000000,0.000000,0.979094,0.020906,0.000000,0.000000,0.000000,0.000000,0.000000,27495,180,299,119
"6,-23",31,94963,11,1,794,2,1,6,11,0,0,0,1.000000,0.000000,0.000000,0.000000,0.000000,0.000000,0.000000,1.000000,0.000000,0.000000,0.000000,0.000000,0.000000,0.000000,27495,180,263,83
"6,-22",37,95067,11,1,794,2,1,9,22,0,0,1,1.000000,0.000000,0.000000,0.000000,0.000000,0.000000,0.000000,0.967972,0.032028,0.000000,0.000000,0.000000,0.000000,0.000000,27495,180,290,110
"6,-21",36,95168,11,1,791,2,1,11,15,0,0,1,1.000000,0.000000,0.000000,0.000000,0.000000,0.000000,0.000000,0.974170,0.025830,0.000000,0.000000,0.000000,0.000000,0.000000,27495,180,282,102
"6,-20",32,95262,11,1,792,2,1,6,15,0,0,1,1.000000,0.000000,0.000000,0.000000,0.000000,0.000000,0.000000,0.977011,0.022989,0.000000,0.000000,0.000000,0.000000,0.000000,27495,180,265,85
"6,-19",34,95359,11,1,796,2,1,9,27,0,0,1,1.000000,0.000000,0.000000,0.000000,0.000000,0.000000,0.000000,0.985130,0.011152,0.003717,0.000000,0.000000,0.000000,0.000000,27495,180,275,95
"6,-18",33,95451,11,1,795,2,1,8,76,0,0,1,0.994475,0.005525,0.000000,0.000000,0.000000,0.000000,0.000000,0.980695,0.019305,0.000000,0.000000,0.000000,0.000000,0.000000,27561,181,271,90
"6,-17",34,95545,11,1,796,2,1,9,30,0,0,1,1.000000,0.000000,0.000000,0.000000,0.000000,0.000000,0.000000,0.970480,0.029520,0.000000,0.000000,0.000000,0.000000,0.000000,27495,180,274,94
"6,-16",35,95640,11,1,795,2,1,12,22,0,0,1,1.000000,0.000000,0.000000,0.000000,0.000000,0.000000,0.000000,0.981884,0.014493,0.003623,0.000000,0.000000,0.000000,0.000000,27495,180,281,101
"6,-15",35,95735,11,1,795,2,1,8,23,0,0,1,1.000000,0.000000,0.000000,0.000000,0.000000,0.000000,0.000000,0.981818,0.018182,0.000000,0.000000,0.000000,0.000000,0.000000,27495,180,281,101
"6,-14",35,95831,11,1,793,2,1,8,39,0,0,1,1.000000,0.000000,0.000000,0.000000,0.000000,0.000000,0.000000,0.974453,0.025547,0.000000,0.000000,0.000000,0.000000,0.000000,27495,180,280,100
"6,-13",36,95923,11,1,798,2,1,14,27,0,0,2,1.000000,0.000000,0.000000,0.000000,0.000000,0.000000,0.000000,0.967857,0.032143,0.000000,0.000000,0.000000,0.000000,0.000000,27495,180,282,102
"6,-12",31,96010,11,1,793,2,1,8,28,0,0,2,1.000000,0.000000,0.000000,0.000000,0.000000,0.000000,0.000000,0.965116,0.034884,0.000000,0.000000,0.000000,0.000000,0.000000,27495,180,261,81
"6,-11",35,96101,11,1,791,2,1,10,25,0,0,1,1.000000,0.000000,0.000000,0.000000,0.000000,0.000000,0.000000,0.978182,0.018182,0.003636,0.000000,0.000000,0.000000,0.000000,27495,180,281,101
"6,-10",39,96152,10,1,793,2,1,12,104,0,0,1,0.983333,0.016667,0.000000,0.000000,0.000000,0.000000,0.000000,0.985560,0.014440,0.000000,0.000000,0.000000,0.000000,0.000000,27495,180,299,119
"6,-9",32,96199,10,1,798,2,1,9,14,0,0,0,1.000000,0.000000,0.000000,0.000000,0.000000,0.000000,0.000000,0.988417,0.011583,0.000000,0.000000,0.000000,0.000000,0.000000,27495,180,267,87
"6,-8",39,96204,9,1,788,2,2,14,47,0,0,1,0.994444,0.005556,0.000000,0.000000,0.000000,0.000000,0.000000,0.979239,0.020761,0.000000,0.000000,0.000000,0.000000,0.000000,27495,180,296,116
"6,-7",35,96208,9,1,792,2,1,12,95,0,0,1,0.988889,0.011111,0.000000,0.000000,0.000000,0.000000,0.000000,0.977941,0.022059,0.000000,0.000000,0.000000,0.000000,0.000000,27495,180,280,100
"6,-6",37,96213,9,1,792,2,1,12,28,0,0,1,1.000000,0.000000,0.000000,0.000000,0.000000,0.000000,0.000000,0.985965,0.014035,0.000000,0.000000,0.000000,0.000000,0.000000,27495,180,287,107
"6,-5",28,96217,9,1,793,2,1,6,14,0,0,1,0.994444,0.005556,0.000000,0.000000,0.000000,0.000000,0.000000,0.987903,0.012097,0.000000,0.000000,0.000000,0.000000,0.000000,27495,180,252,72
"6,-4",37,96222,9,1,794,2,1,12,43,0,0,1,0.994444,0.005556,0.000000,0.000000,0.000000,0.000000,0.000000,0.978417,0.021583,0.000000,0.000000,0.000000,0.000000,0.000000,27495,180,286,106
"6,-3",36,96193,8,1,793,2,1,11,26,0,0,0,1.000000,0.000000,0.000000,0.000000,0.000000,0.000000,0.000000,0.989324,0.010676,0.000000,0.000000,0.000000,0.000000,0.000000,27495,180,283,103
"6,-2",34,96115,7,1,792,2,1,8,20,0,0,0,1.000000,0.000000,0.000000,0.000000,0.000000,0.000000,0.000000,0.988971,0.011029,0.000000,0.000000,0.000000,0.000000,0.000000,27495,180,275,95
"6,-1",30,96042,7,1,796,2,1,8,20,0,0,1,0.994475,0.005525,0.000000,0.000000,0.000000,0.000000,0.000000,0.976378,0.023622,0.000000,0.000000,0.000000,0.000000,0.000000,27561,181,260,79
"6,0",0,96042,0,0,672,4,99999,99999,99999,99999,99999,99999,0.000000,0.000000,0.000000,0.000000,0.000000,0.000000,0.000000,0.000000,0.000000,0.000000,0.000000,0.000000,0.000000,0.000000,0,0,0,0
"6,1",0,96042,0,0,670,4,99999,99999,99999,99999,99999,99999,0.000000,0.000000,0.000000,0.000000,0.000000,0.000000,0.000000,0.000000,0.000000,0.000000,0.000000,0.000000,0.000000,0.000000,0,0,0,0
"6,2",0,96042,0,0,678,4,99999,99999,99999,99999,99999,99999,0.000000,0.000000,0.000000,0.000000,0.000000,0.000000,0.000000,0.000000,0.000000,0.000000,0.000000,0.000000,0.000000,0.000000,0,0,0,0
"6,3",0,96042,0,0,676,4,99999,99999,99999,99999,99999,99999,0.000000,0.000000,0.000000,0.000000,0.000000,0.000000,0.000000,0.000000,0.000000,0.000000,0.000000,0.000000,0.000000,0.000000,0,0,0,0
"6,4",0,96042,0,0,670,4,99999,99999,99999,99999,99999,99999,0.000000,0.000000,0.000000,0.000000,0.000000,0.000000,0.000000,0.000000,0.000000,0.000000,0.000000,0.000000,0.000000,0.000000,0,0,0,0
"6,5",0,96042,0,0,673,4,99999,99999,99999,99999,99999,99999,0.000000,0.000000,0.000000,0.000000,0.000000,0.000000,0.000000,0.000000,0.000000,0.000000,0.000000,0.000000,0.000000,0.000000,0,0,0,0
"6,6",0,96042,0,0,673,4,99999,99999,99999,99999,99999,99999,0.000000,0.000000,0.000000,0.000000,0.000000,0.000000,0.000000,0.000000,0.000000,0.000000,0.000000,0.000000,0.000000,0.000000,0,0,0,0
"6,7",0,96042,0,0,668,4,99999,99999,99999,99999,99999,99999,0.000000,0.000000,0.000000,0.000000,0.000000,0.000000,0.000000,0.000000,0.000000,0.000000,0.000000,0.000000,0.000000,0.000000,0,0,0,0
"6,8",0,96042,0,0,670,4,99999,99999,99999,99999,99999,99999,0.000000,0.000000,0.000000,0.000000,0.000000,0.000000,0.000000,0.000000,0.000000,0.000000,0.000000,0.000000,0.000000,0.000000,0,0,0,0
"6,9",0,96042,0,0,674,4,99999,99999,99999,99999,99999,99999,0.000000,0.000000,0.000000,0.000000,0.000000,0.000000,0.000000,0.000000,0.000000,0.000000,0.000000,0.000000,0.000000,0.000000,0,0,0,0
"6,10",0,96042,0,0,675,4,99999,99999,99999,99999,99999,99999,0.000000,0.000000,0.000000,0.000000,0.000000,0.000000,0.000000,0.000000,0.000000,0.000000,0.000000,0.000000,0.000000,0.000000,0,0,0,0
"6,11",0,96042,0,0,667,4,99999,99999,99999,99999,99999,99999,0.000000,0.000000,0.000000,0.000000,0.000000,0.000000,0.000000,0.000000,0.000000,0.000000,0.000000,0.000000,0.000000,0.000000,0,0,0,0
"6,12",0,96042,0,0,576,4,99999,99999,99999,99999,99999,99999,0.000000,0.000000,0.000000,0.000000,0.000000,0.000000,0.000000,0.000000,0.000000,0.000000,0.000000,0.000000,0.000000,0.000000,0,0,0,0
"6,13",0,96042,0,0,55,4,99999,99999,99999,99999,99999,99999,0.000000,0.000000,0.000000,0.000000,0.000000,0.000000,0.000000,0.000000,0.000000,0.000000,0.000000,0.000000,0.000000,0.000000,0,0,0,0
"6,14",0,96042,0,0,55,4,99999,99999,99999,99999,99999,99999,0.000000,0.000000,0.000000,0.000000,0.000000,0.000000,0.000000,0.000000,0.000000,0.000000,0.000000,0.000000,0.000000,0.000000,0,0,0,0
"6,15",0,96042,0,0,56,4,99999,99999,99999,99999,99999,99999,0.000000,0.000000,0.000000,0.000000,0.000000,0.000000,0.000000,0.000000,0.000000,0.000000,0.000000,0.000000,0.000000,0.000000,0,0,0,0
"6,16",0,96042,0,0,56,4,99999,99999,99999,99999,99999,99999,0.000000,0.000000,0.000000,0.000000,0.000000,0.000000,0.000000,0.000000,0.000000,0.000000,0.000000,0.000000,0.000000,0.000000,0,0,0,0
"6,17",0,96042,0,0,55,4,99999,99999,99999,99999,99999,99999,0.000000,0.000000,0.000000,0.000000,0.000000,0.000000,0.000000,0.000000,0.000000,0.000000,0.000000,0.000000,0.000000,0.000000,0,0,0,0
"6,18",0,96042,0,0,56,4,99999,99999,99999,99999,99999,99999,0.000000,0.000000,0.000000,0.000000,0.000000,0.000000,0.000000,0.000000,0.000000,0.000000,0.000000,0.000000,0.000000,0.000000,0,0,0,0
"6,19",0,96042,0,0,8,4,99999,99999,99999,99999,99999,99999,0.000000,0.000000,0.000000,0.000000,0.000000,0.000000,0.000000,0.000000,0.000000,0.000000,0.000000,0.000000,0.000000,0.000000,0,0,0,0
"6,20",0,96042,0,0,8,4,99999,99999,99999,99999,99999,99999,0.000000,0.000000,0.000000,0.000000,0.000000,0.000000,0.000000,0.000000,0.000000,0.000000,0.000000,0.000000,0.000000,0.000000,0,0,0,0
"6,21",0,96042,0,0,8,4,99999,99999,99999,99999,99999,99999,0.000000,0.000000,0.000000,0.000000,0.000000,0.000000,0.000000,0.000000,0.000000,0.000000,0.000000,0.000000,0.000000,0.000000,0,0,0,0
"6,22",0,96042,0,0,8,4,99999,99999,99999,99999,99999,99999,0.000000,0.000000,0.000000,0.000000,0.000000,0.000000,0.000000,0.000000,0.000000,0.000000,0.000000,0.000000,0.000000,0.000000,0,0,0,0
"6,23",0,96042,0,0,4,4,99999,99999,99999,99999,99999,99999,0.000000,0.000000,0.000000,0.000000,0.000000,0.000000,0.000000,0.000000,0.000000,0.000000,0.000000,0.000000,0.000000,0.000000,0,0,0,0
"6,24",0,96042,0,0,4,4,99999,99999,99999,99999,99999,99999,0.000000,0.000000,0.000000,0.000000,0.000000,0.000000,0.000000,0.000000,0.000000,0.000000,0.000000,0.000000,0.000000,0.000000,0,0,0,0
"6,25",0,96042,0,0,4,4,99999,99999,99999,99999,99999,99999,0.000000,0.000000,0.000000,0.000000,0.000000,0.000000,0.000000,0.000000,0.000000,0.000000,0.000000,0.000000,0.000000,0.000000,0,0,0,0
"6,26",0,96042,0,0,4,4,99999,99999,99999,99999,99999,99999,0.000000,0.000000,0.000000,0.000000,0.000000,0.000000,0.000000,0.000000,0.000000,0.000000,0.000000,0.000000,0.000000,0.000000,0,0,0,0
"7,-26",32,96046,9,1,790,2,1,9,67,0,0,1,0.994444,0.005556,0.000000,0.000000,0.000000,0.000000,0.000000,0.972441,0.027559,0.000000,0.000000,0.000000,0.000000,0.000000,27495,180,267,87
"7,-25",31,96090,10,1,798,2,1,7,10,0,0,2,1.000000,0.000000,0.000000,0.000000,0.000000,0.000000,0.000000,0.972763,0.027237,0.000000,0.000000,0.000000,0.000000,0.000000,27495,180,264,84
"7,-24",34,96175,11,1,795,2,1,8,16,0,0,1,1.000000,0.000000,0.000000,0.000000,0.000000,0.000000,0.000000,0.977860,0.022140,0.000000,0.000000,0.000000,0.000000,0.000000,27495,180,273,93
"7,-23",32,96258,11,1,793,2,1,9,17,0,0,1,1.000000,0.000000,0.000000,0.000000,0.000000,0.000000,0.000000,0.985019,0.014981,0.000000,0.000000,0.000000,0.000000,0.000000,27495,180,268,88
"7,-22",27,96336,11,1,792,2,1,12,42,0,0,1,1.000000,0.000000,0.000000,0.000000,0.000000,0.000000,0.000000,0.987654,0.012346,0.000000,0.000000,0.000000,0.000000,0.000000,27495,180,249,69
"7,-21",34,96424,11,1,795,2,1,10,41,0,0,1,1.000000,0.000000,0.000000,0.000000,0.000000,0.000000,0.000000,0.974453,0.025547,0.000000,0.000000,0.000000,0.000000,0.000000,27495,180,276,96
"7,-20",29,96503,11,1,792,2,1,8,12,0,0,1,1.000000,0.000000,0.000000,0.000000,0.000000,0.000000,0.000000,0.968504,0.031496,0.000000,0.000000,0.000000,0.000000,0.000000,27495,180,257,77
"7,-19",32,96585,11,1,795,2,1,8,20,0,0,0,1.000000,0.000000,0.000000,0.000000,0.000000,0.000000,0.000000,0.992424,0.007576,0.000000,0.000000,0.000000,0.000000,0.000000,27495,180,267,87
"7,-18",32,96666,11,1,791,2,1,10,16,0,0,1,1.000000,0.000000,0.000000,0.000000,0.000000,0.000000,0.000000,0.981203,0.018797,0.000000,0.000000,0.000000,0.000000,0.000000,27561,181,270,89
"7,-17",27,96742,11,1,793,2,1,7,14,0,0,1,1.000000,0.000000,0.000000,0.000000,0.000000,0.000000,0.000000,0.987603,0.012397,0.000000,0.000000,0.000000,0.000000,0.000000,27495,180,249,69
"7,-16",35,96825,11,1,797,2,1,11,59,0,0,1,0.994444,0.005556,0.000000,0.000000,0.000000,0.000000,0.000000,0.973783,0.026217,0.000000,0.000000,0.000000,0.000000,0.000000,27495,180,277,97
"7,-15",35,96907,11,1,792,2,1,12,67,0,0,1,0.994444,0.005556,0.000000,0.000000,0.000000,0.000000,0.000000,0.985130,0.014870,0.000000,0.000000,0.000000,0.000000,0.000000,27495,180,277,97
"7,-14",37,96993,11,1,793,2,1,18,28,0,0,2,0.994444,0.005556,0.000000,0.000000,0.000000,0.000000,0.000000,0.968310,0.024648,0.003521,0.003521,0.000000,0.000000,0.000000,27495,180,289,109
"7,-13",32,97071,11,1,797,2,1,8,13,0,0,1,1.000000,0.000000,0.000000,0.000000,0.000000,0.000000,0.000000,0.976834,0.023166,0.000000,0.000000,0.000000,0.000000,0.000000,27495,180,265,85
"7,-12",36,97151,11,1,798,2,1,8,11,0,0,1,1.000000,0.000000,0.000000,0.000000,0.000000,0.000000,0.000000,0.978339,0.021661,0.000000,0.000000,0.000000,0.000000,0.000000,27495,180,282,102
"7,-11",35,97234,11,1,795,2,1,8,20,0,0,0,1.000000,0.000000,0.000000,0.000000,0.000000,0.000000,0.000000,0.996390,0.003610,0.000000,0.000000,0.000000,0.000000,0.000000,27495,180,280,100
"7,-10",32,97312,11,1,798,2,1,9,15,0,0,1,1.000000,0.000000,0.000000,0.000000,0.000000,0.000000,0.000000,0.977358,0.022642,0.000000,0.000000,0.000000,0.000000,0.000000,27495,180,267,87
"7,-9",31,97349,10,1,796,2,1,7,13,0,0,1,1.000000,0.000000,0.000000,0.000000,0.000000,0.000000,0.000000,0.984496,0.015504,0.000000,0.000000,0.000000,0.000000,0.000000,27495,180,262,82
"7,-8",34,97350,9,1,794,2,1,11,40,0,0,1,1.000000,0.000000,0.000000,0.000000,0.000000,0.000000,0.000000,0.984906,0.015094,0.000000,0.000000,0.000000,0.000000,0.000000,27495,180,274,94
"7,-7",31,97350,9,1,788,2,1,7,13,0,0,0,1.000000,0.000000,0.000000,0.000000,0.000000,0.000000,0.000000,0.988417,0.011583,0.000000,0.000000,0.000000,0.000000,0.000000,27495,180,261,81
"7,-6",30,97351,9,1,794,2,1,9,20,0,0,2,1.000000,0.000000,0.000000,0.000000,0.000000,0.000000,0.000000,0.980469,0.019531,0.000000,0.000000,0.000000,0.000000,0.000000,27495,180,258,78
"7,-5",34,97351,9,1,792,2,1,9,32,0,0,1,1.000000,0.000000,0.000000,0.000000,0.000000,0.000000,0.000000,0.981685,0.018315,0.000000,0.000000,0.000000,0.000000,0.000000,27495,180,275,95
"7,-4",38,97352,9,1,796,2,1,12,66,0,0,1,0.988889,0.011111,0.000000,0.000000,0.000000,0.000000,0.000000,0.975089,0.024911,0.000000,0.000000,0.000000,0.000000,0.000000,27495,180,293,113
"7,-3",34,97323,8,1,799,2,1,13,29,0,0,1,1.000000,0.000000,0.000000,0.000000,0.000000,0.000000,0.000000,0.985185,0.014815,0.000000,0.000000,0.000000,0.000000,0.000000,27495,180,274,94
"7,-2",34,97293,8,1,797,2,1,10,15,0,0,1,1.000000,0.000000,0.000000,0.000000,0.000000,0.000000,0.000000,0.981685,0.018315,0.000000,0.000000,0.000000,0.000000,0.000000,27495,180,276,96
"7,-1",32,97220,7,1,793,2,1,7,13,0,0,0,1.000000,0.000000,0.000000,0.000000,0.000000,0.000000,0.000000,0.992509,0.007491,0.000000,0.000000,0.000000,0.000000,0.000000,27561,181,269,88
"7,0",0,97220,0,0,672,4,99999,99999,99999,99999,99999,99999,0.000000,0.000000,0.000000,0.000000,0.000000,0.000000,0.000000,0.000000,0.000000,0.000000,0.000000,0.000000,0.000000,0.000000,0,0,0,0
"7,1",0,97220,0,0,668,4,99999,99999,99999,99999,99999,99999,0.000000,0.000000,0.000000,0.000000,0.000000,0.000000,0.000000,0.000000,0.000000,0.000000,0.000000,0.000000,0.000000,0.000000,0,0,0,0
"7,2",0,97220,0,0,673,4,99999,99999,99999,99999,99999,99999,0.000000,0.000000,0.000000,0.000000,0.000000,0.000000,0.000000,0.000000,0.000000,0.000000,0.000000,0.000000,0.000000,0.000000,0,0,0,0
"7,3",0,97220,0,0,673,4,99999,99999,99999,99999,99999,99999,0.000000,0.000000,0.000000,0.000000,0.000000,0.000000,0.000000,0.000000,0.000000,0.000000,0.000000,0.000000,0.000000,0.000000,0,0,0,0
"7,4",0,97220,0,0,676,4,99999,99999,99999,99999,99999,99999,0.000000,0.000000,0.000000,0.000000,0.000000,0.000000,0.000000,0.000000,0.000000,0.000000,0.000000,0.000000,0.000000,0.000000,0,0,0,0
"7,5",0,97220,0,0,674,4,99999,99999,99999,99999,99999,99999,0.000000,0.000000,0.000000,0.000000,0.000000,0.000000,0.000000,0.000000,0.000000,0.000000,0.000000,0.000000,0.000000,0.000000,0,0,0,0
"7,6",0,97220,0,0,664,4,99999,99999,99999,99999,99999,99999,0.000000,0.000000,0.000000,0.000000,0.000000,0.000000,0.000000,0.000000,0.000000,0.000000,0.000000,0.000000,0.000000,0.000000,0,0,0,0
"7,7",0,97220,0,0,675,4,99999,99999,99999,99999,99999,99999,0.000000,0.000000,0.000000,0.000000,0.000000,0.000000,0.000000,0.000000,0.000000,0.000000,0.000000,0.000000,0.000000,0.000000,0,0,0,0
"7,8",0,97220,0,0,677,4,99999,99999,99999,99999,99999,99999,0.000000,0.000000,0.000000,0.000000,0.000000,0.000000,0.000000,0.000000,0.000000,0.000000,0.000000,0.000000,0.000000,0.000000,0,0,0,0
"7,9",0,97220,0,0,672,4,99999,99999,99999,99999,99999,99999,0.000000,0.000000,0.000000,0.000000,0.000000,0.000000,0.000000,0.000000,0.000000,0.000000,0.000000,0.000000,0.000000,0.000000,0,0,0,0
"7,10",0,97220,0,0,668,4,99999,99999,99999,99999,99999,99999,0.000000,0.000000,0.000000,0.000000,0.000000,0.000000,0.000000,0.000000,0.000000,0.000000,0.000000,0.000000,0.000000,0.000000,0,0,0,0
"7,11",0,97220,0,0,677,4,99999,99999,99999,99999,99999,99999,0.000000,0.000000,0.000000,0.000000,0.000000,0.000000,0.000000,0.000000,0.000000,0.000000,0.000000,0.000000,0.000000,0.000000,0,0,0,0
"7,12",0,97220,0,0,672,4,99999,99999,99999,99999,99999,99999,0.000000,0.000000,0.000000,0.000000,0.000000,0.000000,0.000000,0.000000,0.000000,0.000000,0.000000,0.000000,0.000000,0.000000,0,0,0,0
"7,13",0,97220,0,0,54,4,99999,99999,99999,99999,99999,99999,0.000000,0.000000,0.000000,0.000000,0.000000,0.000000,0.000000,0.000000,0.000000,0.000000,0.000000,0.000000,0.000000,0.000000,0,0,0,0
"7,14",0,97220,0,0,56,4,99999,99999,99999,99999,99999,99999,0.000000,0.000000,0.000000,0.000000,0.000000,0.000000,0.000000,0.000000,0.000000,0.000000,0.000000,0.000000,0.000000,0.000000,0,0,0,0
"7,15",0,97220,0,0,56,4,99999,99999,99999,99999,99999,99999,0.000000,0.000000,0.000000,0.000000,0.000000,0.000000,0.000000,0.000000,0.000000,0.000000,0.000000,0.000000,0.000000,0.000000,0,0,0,0
"7,16",0,97220,0,0,56,4,99999,99999,99999,99999,99999,99999,0.000000,0.000000,0.000000,0.000000,0.000000,0.000000,0.000000,0.000000,0.000000,0.000000,0.000000,0.000000,0.000000,0.000000,0,0,0,0
"7,17",0,97220,0,0,56,4,99999,99999,99999,99999,99999,99999,0.000000,0.000000,0.000000,0.000000,0.000000,0.000000,0.000000,0.000000,0.000000,0.000000,0.000000,0.000000,0.000000,0.000000,0,0,0,0
"7,18",0,97220,0,0,54,4,99999,99999,99999,99999,99999,99999,0.000000,0.000000,0.000000,0.000000,0.000000,0.000000,0.000000,0.000000,0.000000,0.000000,0.000000,0.000000,0.000000,0.000000,0,0,0,0
"7,19",0,97220,0,0,8,4,99999,99999,99999,99999,99999,99999,0.000000,0.000000,0.000000,0.000000,0.000000,0.000000,0.000000,0.000000,0.000000,0.000000,0.000000,0.000000,0.000000,0.000000,0,0,0,0
"7,20",0,97220,0,0,8,4,99999,99999,99999,99999,99999,99999,0.000000,0.000000,0.000000,0.000000,0.000000,0.000000,0.000000,0.000000,0.000000,0.000000,0.000000,0.000000,0.000000,0.000000,0,0,0,0
"7,21",0,97220,0,0,7,4,99999,99999,99999,99999,99999,99999,0.000000,0.000000,0.000000,0.000000,0.000000,0.000000,0.000000,0.000000,0.000000,0.000000,0.000000,0.000000,0.000000,0.000000,0,0,0,0
"7,22",0,97220,0,0,8,4,99999,99999,99999,99999,99999,99999,0.000000,0.000000,0.000000,0.000000,0.000000,0.000000,0.000000,0.000000,0.000000,0.000000,0.000000,0.000000,0.000000,0.000000,0,0,0,0
"7,23",0,97220,0,0,4,4,99999,99999,99999,99999,99999,99999,0.000000,0.000000,0.000000,0.000000,0.000000,0.000000,0.000000,0.000000,0.000000,0.000000,0.000000,0.000000,0.000000,0.000000,0,0,0,0
"7,24",0,97220,0,0,4,4,99999,99999,99999,99999,99999,99999,0.000000,0.000000,0.000000,0.000000,0.000000,0.000000,0.000000,0.000000,0.000000,0.000000,0.000000,0.000000,0.000000,0.000000,0,0,0,0
"7,25",0,97220,0,0,4,4,99999,99999,99999,99999,99999,99999,0.000000,0.000000,0.000000,0.000000,0.000000,0.000000,0.000000,0.000000,0.000000,0.000000,0.000000,0.000000,0.000000,0.000000,0,0,0,0
"7,26",0,97220,0,0,4,4,99999,99999,99999,99999,99999,99999,0.000000,0.000000,0.000000,0.000000,0.000000,0.000000,0.000000,0.000000,0.000000,0.000000,0.000000,0.000000,0.000000,0.000000,0,0,0,0
"8,-26",37,97220,9,1,793,2,1,9,26,0,0,1,1.000000,0.000000,0.000000,0.000000,0.000000,0.000000,0.000000,0.981949,0.018051,0.000000,0.000000,0.000000,0.000000,0.000000,27495,180,286,106
"8,-25",36,97261,10,1,793,2,1,13,114,0,0,1,0.983333,0.016667,0.000000,0.000000,0.000000,0.000000,0.000000,0.981413,0.018587,0.000000,0.000000,0.000000,0.000000,0.000000,27495,180,284,104
"8,-24",35,97336,11,1,794,2,1,20,121,0,0,1,0.983333,0.016667,0.000000,0.000000,0.000000,0.000000,0.000000,0.974074,0.025926,0.000000,0.000000,0.000000,0.000000,0.000000,27495,180,277,97
"8,-23",33,97412,11,1,792,2,1,6,12,0,0,1,1.000000,0.000000,0.000000,0.000000,0.000000,0.000000,0.000000,0.977273,0.022727,0.000000,0.000000,0.000000,0.000000,0.000000,27495,180,269,89
"8,-22",31,97484,11,1,791,2,1,8,25,0,0,1,1.000000,0.000000,0.000000,0.000000,0.000000,0.000000,0.000000,0.972656,0.027344,0.000000,0.000000,0.000000,0.000000,0.000000,27495,180,264,84
"8,-21",31,97555,11,1,789,2,1,11,22,0,0,0,1.000000,0.000000,0.000000,0.000000,0.000000,0.000000,0.000000,0.992308,0.007692,0.000000,0.000000,0.000000,0.000000,0.000000,27495,180,263,83
"8,-20",31,97626,11,1,792,2,1,10,14,0,0,1,1.000000,0.000000,0.000000,0.000000,0.000000,0.000000,0.000000,0.976654,0.023346,0.000000,0.000000,0.000000,0.000000,0.000000,27495,180,262,82
"8,-19",32,97697,11,1,789,2,1,7,16,0,0,0,1.000000,0.000000,0.000000,0.000000,0.000000,0.000000,0.000000,0.992337,0.007663,0.000000,0.000000,0.000000,0.000000,0.000000,27495,180,265,85
"8,-18",36,97771,11,1,793,2,1,9,19,0,0,0,1.000000,0.000000,0.000000,0.000000,0.000000,0.000000,0.000000,0.992701,0.007299,0.000000,0.000000,0.000000,0.000000,0.000000,27561,181,283,102
"8,-17",35,97845,11,1,793,2,1,8,34,0,0,1,0.994444,0.005556,0.000000,0.000000,0.000000,0.000000,0.000000,0.974359,0.025641,0.000000,0.000000,0.000000,0.000000,0.000000,27495,180,279,99
"8,-16",31,97914,11,1,793,2,1,9,14,0,0,0,1.000000,0.000000,0.000000,0.000000,0.000000,0.000000,0.000000,0.992308,0.007692,0.000000,0.000000,0.000000,0.000000,0.000000,27495,180,264,84
"8,-15",31,97983,11,1,795,2,1,8,17,0,0,1,1.000000,0.000000,0.000000,0.000000,0.000000,0.000000,0.000000,0.980545,0.019455,0.000000,0.000000,0.000000,0.000000,0.000000,27495,180,264,84
"8,-14",32,98053,11,1,793,2,1,8,13,0,0,0,1.000000,0.000000,0.000000,0.000000,0.000000,0.000000,0.000000,0.988462,0.011538,0.000000,0.000000,0.000000,0.000000,0.000000,27495,180,266,86
"8,-13",37,98129,11,1,794,2,1,9,29,0,0,1,1.000000,0.000000,0.000000,0.000000,0.000000,0.000000,0.000000,0.982578,0.017422,0.000000,0.000000,0.000000,0.000000,0.000000,27495,180,290,110
"8,-12",34,98202,11,1,797,2,1,15,74,0,0,1,0.988889,0.011111,0.000000,0.000000,0.000000,0.000000,0.000000,0.985019,0.014981,0.000000,0.000000,0.000000,0.000000,0.000000,27495,180,275,95
"8,-11",39,98276,11,1,795,2,1,12,96,0,0,1,0.988889,0.011111,0.000000,0.000000,0.000000,0.000000,0.000000,0.975779,0.024221,0.000000,0.000000,0.000000,0.000000,0.000000,27495,180,300,120
"8,-10",31,98344,11,1,791,2,1,7,19,0,0,0,1.000000,0.000000,0.000000,0.000000,0.000000,0.000000,0.000000,0.988281,0.011719,0.000000,0.000000,0.000000,0.000000,0.000000,27495,180,263,83
"8,-9",34,98378,10,1,795,2,1,10,21,0,0,1,1.000000,0.000000,0.000000,0.000000,0.000000,0.000000,0.000000,0.969925,0.030075,0.000000,0.000000,0.000000,0.000000,0.000000,27495,180,276,96
"8,-8",36,98375,9,1,796,2,1,9,13,0,0,0,1.000000,0.000000,0.000000,0.000000,0.000000,0.000000,0.000000,0.989011,0.010989,0.000000,0.000000,0.000000,0.000000,0.000000,27495,180,285,105
"8,-7",34,98373,9,1,798,2,1,10,17,0,0,1,1.000000,0.000000,0.000000,0.000000,0.000000,0.000000,0.000000,0.977444,0.022556,0.000000,0.000000,0.000000,0.000000,0.000000,27495,180,275,95
"8,-6",32,98370,9,1,795,2,1,9,16,0,0,0,1.000000,0.000000,0.000000,0.000000,0.000000,0.000000,0.000000,0.992424,0.003788,0.003788,0.000000,0.000000,0.000000,0.000000,27495,180,265,85
"8,-5",31,98368,9,1,793,2,1,8,13,0,0,0,1.000000,0.000000,0.000000,0.000000,0.000000,0.000000,0.000000,0.988417,0.011583,0.000000,0.000000,0.000000,0.000000,0.000000,27495,180,262,82
"8,-4",40,98365,9,1,795,2,1,23,120,0,0,1,0.983333,0.016667,0.000000,0.000000,0.000000,0.000000,0.000000,0.979452,0.020548,0.000000,0.000000,0.000000,0.000000,0.000000,27495,180,303,123
"8,-3",25,98363,9,1,793,2,1,6,8,0,0,1,1.000000,0.000000,0.000000,0.000000,0.000000,0.000000,0.000000,0.979253,0.020747,0.000000,0.000000,0.000000,0.000000,0.000000,27495,180,241,61
"8,-2",31,98334,8,1,796,2,1,9,15,0,0,0,1.000000,0.000000,0.000000,0.000000,0.000000,0.000000,0.000000,0.988462,0.011538,0.000000,0.000000,0.000000,0.000000,0.000000,27495,180,264,84
"8,-1",37,98257,7,1,794,2,1,9,16,0,0,1,1.000000,0.000000,0.000000,0.000000,0.000000,0.000000,0.000000,0.982578,0.017422,0.000000,0.000000,0.000000,0.000000,0.000000,27561,181,288,107
"8,0",35,98185,7,1,793,2,2,8,16,0,0,1,1.000000,0.000000,0.000000,0.000000,0.000000,0.000000,0.000000,0.974359,0.025641,0.000000,0.000000,0.000000,0.000000,0.000000,27495,180,277,97
"8,1",0,98185,0,0,665,4,99999,99999,99999,99999,99999,99999,0.000000,0.000000,0.000000,0.000000,0.000000,0.000000,0.000000,0.000000,0.000000,0.000000,0.000000,0.000000,0.000000,0.000000,0,0,0,0
"8,2",0,98185,0,0,674,4,99999,99999,99999,99999,99999,99999,0.000000,0.000000,0.000000,0.000000,0.000000,0.000000,0.000000,0.000000,0.000000,0.000000,0.000000,0.000000,0.000000,0.000000,0,0,0,0
"8,3",0,98185,0,0,673,4,99999,99999,99999,99999,99999,99999,0.000000,0.000000,0.000000,0.000000,0.000000,0.000000,0.000000,0.000000,0.000000,0.000000,0.000000,0.000000,0.000000,0.000000,0,0,0,0
"8,4",0,98185,0,0,671,4,99999,99999,99999,99999,99999,99999,0.000000,0.000000,0.000000,0.000000,0.000000,0.000000,0.000000,0.000000,0.000000,0.000000,0.000000,0.000000,0.000000,0.000000,0,0,0,0
"8,5",0,98185,0,0,671,4,99999,99999,99999,99999,99999,99999,0.000000,0.000000,0.000000,0.000000,0.000000,0.000000,0.000000,0.000000,0.000000,0.000000,0.000000,0.000000,0.000000,0.000000,0,0,0,0
"8,6",0,98185,0,0,670,4,99999,99999,99999,99999,99999,99999,0.000000,0.000000,0.000000,0.000000,0.000000,0.000000,0.000000,0.000000,0.000000,0.000000,0.000000,0.000000,0.000000,0.000000,0,0,0,0
"8,7",0,98185,0,0,675,4,99999,99999,99999,99999,99999,99999,0.000000,0.000000,0.000000,0.000000,0.000000,0.000000,0.000000,0.000000,0.000000,0.000000,0.000000,0.000000,0.000000,0.000000,0,0,0,0
"8,8",0,98185,0,0,673,4,99999,99999,99999,99999,99999,99999,0.000000,0.000000,0.000000,0.000000,0.000000,0.000000,0.000000,0.000000,0.000000,0.000000,0.000000,0.000000,0.000000,0.000000,0,0,0,0
"8,9",0,98185,0,0,672,4,99999,99999,99999,99999,99999,99999,0.000000,0.000000,0.000000,0.000000,0.000000,0.000000,0.000000,0.000000,0.000000,0.000000,0.000000,0.000000,0.000000,0.000000,0,0,0,0
"8,10",0,98185,0,0,670,4,99999,99999,99999,99999,99999,99999,0.000000,0.000000,0.000000,0.000000,0.000000,0.000000,0.000000,0.000000,0.000000,0.000000,0.000000,0.000000,0.000000,0.000000,0,0,0,0
"8,11",0,98185,0,0,666,4,99999,99999,99999,99999,99999,99999,0.000000,0.000000,0.000000,0.000000,0.000000,0.000000,0.000000,0.000000,0.000000,0.000000,0.000000,0.000000,0.000000,0.000000,0,0,0,0
"8,12",0,98185,0,0,677,4,99999,99999,99999,99999,99999,99999,0.000000,0.000000,0.000000,0.000000,0.000000,0.000000,0.000000,0.000000,0.000000,0.000000,0.000000,0.000000,0.000000,0.000000,0,0,0,0
"8,13",0,98185,0,0,55,4,99999,99999,99999,99999,99999,99999,0.000000,0.000000,0.000000,0.000000,0.000000,0.000000,0.000000,0.000000,0.000000,0.000000,0.000000,0.000000,0.000000,0.000000,0,0,0,0
"8,14",0,98185,0,0,55,4,99999,99999,99999,99999,99999,99999,0.000000,0.000000,0.000000,0.000000,0.000000,0.000000,0.000000,0.000000,0.000000,0.000000,0.000000,0.000000,0.000000,0.000000,0,0,0,0
"8,15",0,98185,0,0,55,4,99999,99999,99999,99999,99999,99999,0.000000,0.000000,0.000000,0.000000,0.000000,0.000000,0.000000,0.000000,0.000000,0.000000,0.000000,0.000000,0.000000,0.000000,0,0,0,0
"8,16",0,98185,0,0,55,4,99999,99999,99999,99999,99999,99999,0.000000,0.000000,0.000000,0.000000,0.000000,0.000000,0.000000,0.000000,0.000000,0.000000,0.000000,0.000000,0.000000,0.000000,0,0,0,0
"8,17",0,98185,0,0,56,4,99999,99999,99999,99999,99999,99999,0.000000,0.000000,0.000000,0.000000,0.000000,0.000000,0.000000,0.000000,0.000000,0.000000,0.000000,0.000000,0.000000,0.000000,0,0,0,0
"8,18",0,98185,0,0,56,4,99999,99999,99999,99999,99999,99999,0.000000,0.000000,0.000000,0.000000,0.000000,0.000000,0.000000,0.000000,0.000000,0.000000,0.000000,0.000000,0.000000,0.000000,0,0,0,0
"8,19",0,98185,0,0,8,4,99999,99999,99999,99999,99999,99999,0.000000,0.000000,0.000000,0.000000,0.000000,0.000000,0.000000,0.000000,0.000000,0.000000,0.000000,0.000000,0.000000,0.000000,0,0,0,0
"8,20",0,98185,0,0,8,4,99999,99999,99999,99999,99999,99999,0.000000,0.000000,0.000000,0.000000,0.000000,0.000000,0.000000,0.000000,0.000000,0.000000,0.000000,0.000000,0.000000,0.000000,0,0,0,0
"8,21",0,98185,0,0,8,4,99999,99999,99999,99999,99999,99999,0.000000,0.000000,0.000000,0.000000,0.000000,0.000000,0.000000,0.000000,0.000000,0.000000,0.000000,0.000000,0.000000,0.000000,0,0,0,0
"8,22",0,98185,0,0,8,4,99999,99999,99999,99999,99999,99999,0.000000,0.000000,0.000000,0.000000,0.000000,0.000000,0.000000,0.000000,0.000000,0.000000,0.000000,0.000000,0.000000,0.000000,0,0,0,0
"8,23",0,98185,0,0,8,4,99999,99999,99999,99999,99999,99999,0.000000,0.000000,0.000000,0.000000,0.000000,0.000000,0.000000,0.000000,0.000000,0.000000,0.000000,0.000000,0.000000,0.000000,0,0,0,0
"8,24",0,98185,0,0,4,4,99999,99999,99999,99999,99999,99999,0.000000,0.000000,0.000000,0.000000,0.000000,0.000000,0.000000,0.000000,0.000000,0.000000,0.000000,0.000000,0.000000,0.000000,0,0,0,0
"8,25",0,98185,0,0,4,4,99999,99999,99999,99999,99999,99999,0.000000,0.000000,0.000000,0.000000,0.000000,0.000000,0.000000,0.000000,0.000000,0.000000,0.000000,0.000000,0.000000,0.000000,0,0,0,0
"8,26",0,98185,0,0,4,4,99999,99999,99999,99999,99999,99999,0.000000,0.000000,0.000000,0.000000,0.000000,0.000000,0.000000,0.000000,0.000000,0.000000,0.000000,0.000000,0.000000,0.000000,0,0,0,0
"9,-26",35,98183,9,1,796,2,1,10,19,0,0,0,1.000000,0.000000,0.000000,0.000000,0.000000,0.000000,0.000000,0.989051,0.010949,0.000000,0.000000,0.000000,0.000000,0.000000,27495,180,280,100
"9,-25",35,98215,10,1,790,2,1,8,58,0,0,1,0.994444,0.005556,0.000000,0.000000,0.000000,0.000000,0.000000,0.965779,0.034221,0.000000,0.000000,0.000000,0.000000,0.000000,27495,180,277,97
"9,-24",36,98286,11,1,793,2,1,10,35,0,0,1,1.000000,0.000000,0.000000,0.000000,0.000000,0.000000,0.000000,0.978339,0.021661,0.000000,0.000000,0.000000,0.000000,0.000000,27495,180,282,102
"9,-23",35,98354,11,1,789,2,1,9,26,0,0,1,0.994444,0.005556,0.000000,0.000000,0.000000,0.000000,0.000000,0.981481,0.018519,0.000000,0.000000,0.000000,0.000000,0.000000,27495,180,277,97
"9,-22",33,98419,11,1,795,2,1,11,21,0,0,1,1.000000,0.000000,0.000000,0.000000,0.000000,0.000000,0.000000,0.973282,0.026718,0.000000,0.000000,0.000000,0.000000,0.000000,27495,180,269,89
"9,-21",26,98478,11,1,795,2,1,8,23,0,0,0,1.000000,0.000000,0.000000,0.000000,0.000000,0.000000,0.000000,0.995816,0.004184,0.000000,0.000000,0.000000,0.000000,0.000000,27495,180,245,65
"9,-20",36,98546,11,1,792,2,1,8,15,0,0,1,1.000000,0.000000,0.000000,0.000000,0.000000,0.000000,0.000000,0.978339,0.021661,0.000000,0.000000,0.000000,0.000000,0.000000,27495,180,282,102
"9,-19",31,98608,11,1,793,2,1,6,9,0,0,0,1.000000,0.000000,0.000000,0.000000,0.000000,0.000000,0.000000,0.988327,0.011673,0.000000,0.000000,0.000000,0.000000,0.000000,27495,180,264,84
"9,-18",29,98668,11,1,795,2,1,10,23,0,0,1,1.000000,0.000000,0.000000,0.000000,0.000000,0.000000,0.000000,0.980237,0.019763,0.000000,0.000000,0.000000,0.000000,0.000000,27561,181,255,74
"9,-17",29,98731,11,1,794,2,1,6,10,0,0,0,1.000000,0.000000,0.000000,0.000000,0.000000,0.000000,0.000000,0.996047,0.003953,0.000000,0.000000,0.000000,0.000000,0.000000,27495,180,256,76
"9,-16",40,98802,11,1,792,2,1,15,91,0,0,1,0.988889,0.011111,0.000000,0.000000,0.000000,0.000000,0.000000,0.986159,0.013841,0.000000,0.000000,0.000000,0.000000,0.000000,27495,180,304,124
"9,-15",34,98867,11,1,797,2,1,8,18,0,0,0,1.000000,0.000000,0.000000,0.000000,0.000000,0.000000,0.000000,0.988971,0.011029,0.000000,0.000000,0.000000,0.000000,0.000000,27495,180,274,94
"9,-14",37,98933,11,1,795,2,1,10,25,0,0,1,1.000000,0.000000,0.000000,0.000000,0.000000,0.000000,0.000000,0.982394,0.017606,0.000000,0.000000,0.000000,0.000000,0.000000,27495,180,287,107
"9,-13",35,98997,11,1,798,2,1,10,25,0,0,1,1.000000,0.000000,0.000000,0.000000,0.000000,0.000000,0.000000,0.978102,0.018248,0.003650,0.000000,0.000000,0.000000,0.000000,27495,180,280,100
"9,-12",36,99061,11,1,793,2,1,12,20,0,0,0,1.000000,0.000000,0.000000,0.000000,0.000000,0.000000,0.000000,0.992754,0.007246,0.000000,0.000000,0.000000,0.000000,0.000000,27495,180,282,102
"9,-11",39,99128,11,1,795,2,2,13,23,0,0,1,1.000000,0.000000,0.000000,0.000000,0.000000,0.000000,0.000000,0.976271,0.023729,0.000000,0.000000,0.000000,0.000000,0.000000,27495,180,297,117
"9,-10",31,99188,11,1,797,2,1,12,123,0,0,1,0.983333,0.016667,0.000000,0.000000,0.000000,0.000000,0.000000,0.972332,0.027668,0.000000,0.000000,0.000000,0.000000,0.000000,27495,180,262,82
"9,-9",37,99218,10,1,795,2,1,9,42,0,0,0,1.000000,0.000000,0.000000,0.000000,0.000000,0.000000,0.000000,0.989091,0.010909,0.000000,0.000000,0.000000,0.000000,0.000000,27495,180,290,110
"9,-8",33,99214,9,1,795,2,1,7,19,0,0,0,1.000000,0.000000,0.000000,0.000000,0.000000,0.000000,0.000000,0.996109,0.003891,0.000000,0.000000,0.000000,0.000000,0.000000,27495,180,272,92
"9,-7",35,99209,9,1,797,2,1,10,35,0,0,1,1.000000,0.000000,0.000000,0.000000,0.000000,0.000000,0.000000,0.981884,0.018116,0.000000,0.000000,0.000000,0.000000,0.000000,27495,180,280,100
"9,-6",33,99205,9,1,793,2,1,8,29,0,0,1,1.000000,0.000000,0.000000,0.000000,0.000000,0.000000,0.000000,0.973485,0.026515,0.000000,0.000000,0.000000,0.000000,0.000000,27495,180,272,92
"9,-5",29,99200,9,1,797,2,1,7,20,0,0,1,1.000000,0.000000,0.000000,0.000000,0.000000,0.000000,0.000000,0.984314,0.015686,0.000000,0.000000,0.000000,0.000000,0.000000,27495,180,255,75
"9,-4",35,99196,9,1,793,2,1,9,39,0,0,1,1.000000,0.000000,0.000000,0.000000,0.000000,0.000000,0.000000,0.985560,0.014440,0.000000,0.000000,0.000000,0.000000,0.000000,27495,180,280,100
"9,-3",29,99191,9,1,792,2,1,6,10,0,0,0,1.000000,0.000000,0.000000,0.000000,0.000000,0.000000,0.000000,0.992126,0.007874,0.000000,0.000000,0.000000,0.000000,0.000000,27495,180,256,76
"9,-2",29,99162,8,1,790,2,1,5,14,0,0,0,1.000000,0.000000,0.000000,0.000000,0.000000,0.000000,0.000000,0.992095,0.007905,0.000000,0.000000,0.000000,0.000000,0.000000,27495,180,257,77
"9,-1",38,99088,7,1,792,2,1,13,23,0,0,1,1.000000,0.000000,0.000000,0.000000,0.000000,0.000000,0.000000,0.982877,0.017123,0.000000,0.000000,0.000000,0.000000,0.000000,27561,181,295,114
"9,0",33,99020,7,1,794,2,1,11,21,0,0,1,1.000000,0.000000,0.000000,0.000000,0.000000,0.000000,0.000000,0.984962,0.015038,0.000000,0.000000,0.000000,0.000000,0.000000,27495,180,270,90
"9,1",0,99020,0,0,679,4,99999,99999,99999,99999,99999,99999,0.000000,0.000000,0.000000,0.000000,0.000000,0.000000,0.000000,0.000000,0.000000,0.000000,0.000000,0.000000,0.000000,0.000000,0,0,0,0
"9,2",0,99020,0,0,669,4,99999,99999,99999,99999,99999,99999,0.000000,0.000000,0.000000,0.000000,0.000000,0.000000,0.000000,0.000000,0.000000,0.000000,0.000000,0.000000,0.000000,0.000000,0,0,0,0
"9,3",0,99020,0,0,668,4,99999,99999,99999,99999,99999,99999,0.000000,0.000000,0.000000,0.000000,0.000000,0.000000,0.000000,0.000000,0.000000,0.000000,0.000000,0.000000,0.000000,0.000000,0,0,0,0
"9,4",0,99020,0,0,673,4,99999,99999,99999,99999,99999,99999,0.000000,0.000000,0.000000,0.000000,0.000000,0.000000,0.000000,0.000000,0.000000,0.000000,0.000000,0.000000,0.000000,0.000000,0,0,0,0
"9,5",0,99020,0,0,673,4,99999,99999,99999,99999,99999,99999,0.000000,0.000000,0.000000,0.000000,0.000000,0.000000,0.000000,0.000000,0.000000,0.000000,0.000000,0.000000,0.000000,0.000000,0,0,0,0
"9,6",0,99020,0,0,670,4,99999,99999,99999,99999,99999,99999,0.000000,0.000000,0.000000,0.000000,0.000000,0.000000,0.000000,0.000000,0.000000,0.000000,0.000000,0.000000,0.000000,0.000000,0,0,0,0
"9,7",0,99020,0,0,671,4,99999,99999,99999,99999,99999,99999,0.000000,0.000000,0.000000,0.000000,0.000000,0.000000,0.000000,0.000000,0.000000,0.000000,0.000000,0.000000,0.000000,0.000000,0,0,0,0
"9,8",0,99020,0,0,671,4,99999,99999,99999,99999,99999,99999,0.000000,0.000000,0.000000,0.000000,0.000000,0.000000,0.000000,0.000000,0.000000,0.000000,0.000000,0.000000,0.000000,0.000000,0,0,0,0
"9,9",0,99020,0,0,671,4,99999,99999,99999,99999,99999,99999,0.000000,0.000000,0.000000,0.000000,0.000000,0.000000,0.000000,0.000000,0.000000,0.000000,0.000000,0.000000,0.000000,0.000000,0,0,0,0
"9,10",0,99020,0,0,670,4,99999,99999,99999,99999,99999,99999,0.000000,0.000000,0.000000,0.000000,0.000000,0.000000,0.000000,0.000000,0.000000,0.000000,0.000000,0.000000,0.000000,0.000000,0,0,0,0
"9,11",0,99020,0,0,674,4,99999,99999,99999,99999,99999,99999,0.000000,0.000000,0.000000,0.000000,0.000000,0.000000,0.000000,0.000000,0.000000,0.000000,0.000000,0.000000,0.000000,0.000000,0,0,0,0
"9,12",0,99020,0,0,670,4,99999,99999,99999,99999,99999,99999,0.000000,0.000000,0.000000,0.000000,0.000000,0.000000,0.000000,0.000000,0.000000,0.000000,0.000000,0.000000,0.000000,0.000000,0,0,0,0
"9,13",0,99020,0,0,55,4,99999,99999,99999,99999,99999,99999,0.000000,0.000000,0.000000,0.000000,0.000000,0.000000,0.000000,0.000000,0.000000,0.000000,0.000000,0.000000,0.000000,0.000000,0,0,0,0
"9,14",0,99020,0,0,56,4,99999,99999,99999,99999,99999,99999,0.000000,0.000000,0.000000,0.000000,0.000000,0.000000,0.000000,0.000000,0.000000,0.000000,0.000000,0.000000,0.000000,0.000000,0,0,0,0
"9,15",0,99020,0,0,56,4,99999,99999,99999,99999,99999,99999,0.000000,0.000000,0.000000,0.000000,0.000000,0.000000,0.000000,0.000000,0.000000,0.000000,0.000000,0.000000,0.000000,0.000000,0,0,0,0
"9,16",0,99020,0,0,54,4,99999,99999,99999,99999,99999,99999,0.000000,0.000000,0.000000,0.000000,0.000000,0.000000,0.000000,0.000000,0.000000,0.000000,0.000000,0.000000,0.000000,0.000000,0,0,0,0
"9,17",0,99020,0,0,56,4,99999,99999,99999,99999,99999,99999,0.000000,0.000000,0.000000,0.000000,0.000000,0.000000,0.000000,0.000000,0.000000,0.000000,0.000000,0.000000,0.000000,0.000000,0,0,0,0
"9,18",0,99020,0,0,54,4,99999,99999,99999,99999,99999,99999,0.000000,0.000000,0.000000,0.000000,0.000000,0.000000,0.000000,0.000000,0.000000,0.000000,0.000000,0.000000,0.000000,0.000000,0,0,0,0
"9,19",0,99020,0,0,8,4,99999,99999,99999,99999,99999,99999,0.000000,0.000000,0.000000,0.000000,0.000000,0.000000,0.000000,0.000000,0.000000,0.000000,0.000000,0.000000,0.000000,0.000000,0,0,0,0
"9,20",0,99020,0,0,8,4,99999,99999,99999,99999,99999,99999,0.000000,0.000000,0.000000,0.000000,0.000000,0.000000,0.000000,0.000000,0.000000,0.000000,0.000000,0.000000,0.000000,0.000000,0,0,0,0
"9,21",0,99020,0,0,8,4,99999,99999,99999,99999,99999,99999,0.000000,0.000000,0.000000,0.000000,0.000000,0.000000,0.000000,0.000000,0.000000,0.000000,0.000000,0.000000,0.000000,0.000000,0,0,0,0
"9,22",0,99020,0,0,8,4,99999,99999,99999,99999,99999,99999,0.000000,0.000000,0.000000,0.000000,0.000000,0.000000,0.000000,0.000000,0.000000,0.000000,0.000000,0.000000,0.000000,0.000000,0,0,0,0
"9,23",0,99020,0,0,8,4,99999,99999,99999,99999,99999,99999,0.000000,0.000000,0.000000,0.000000,0.000000,0.000000,0.000000,0.000000,0.000000,0.000000,0.000000,0.000000,0.000000,0.000000,0,0,0,0
"9,24",0,99020,0,0,4,4,99999,99999,99999,99999,99999,99999,0.000000,0.000000,0.000000,0.000000,0.000000,0.000000,0.000000,0.000000,0.000000,0.000000,0.000000,0.000000,0.000000,0.000000,0,0,0,0
"9,25",0,99020,0,0,4,4,99999,99999,99999,99999,99999,99999,0.000000,0.000000,0.000000,0.000000,0.000000,0.000000,0.000000,0.000000,0.000000,0.000000,0.000000,0.000000,0.000000,0.000000,0,0,0,0
"9,26",0,99020,0,0,4,4,99999,99999,99999,99999,99999,99999,0.000000,0.000000,0.000000,0.000000,0.000000,0.000000,0.000000,0.000000,0.000000,0.000000,0.000000,0.000000,0.000000,0.000000,0,0,0,0
"10,-26",33,109688,10,1,792,2,1,10,15,0,0,0,1.000000,0.000000,0.000000,0.000000,0.000000,0.000000,0.000000,0.992218,0.007782,0.000000,0.000000,0.000000,0.000000,0.000000,27495,180,270,90
"10,-25",31,109688,10,1,795,2,1,6,22,0,0,1,1.000000,0.000000,0.000000,0.000000,0.000000,0.000000,0.000000,0.980315,0.019685,0.000000,0.000000,0.000000,0.000000,0.000000,27495,180,262,82
"10,-24",37,114009,11,1,794,2,1,12,23,0,0,2,1.000000,0.000000,0.000000,0.000000,0.000000,0.000000,0.000000,0.960854,0.039146,0.000000,0.000000,0.000000,0.000000,0.000000,27495,180,287,107
"10,-23",39,116078,11,1,793,2,1,14,21,0,0,1,1.000000,0.000000,0.000000,0.000000,0.000000,0.000000,0.000000,0.985965,0.010526,0.003509,0.000000,0.000000,0.000000,0.000000,27495,180,297,117
"10,-22",40,117329,11,1,796,2,2,12,42,0,0,1,0.994444,0.005556,0.000000,0.000000,0.000000,0.000000,0.000000,0.979522,0.020478,0.000000,0.000000,0.000000,0.000000,0.000000,27495,180,301,121
"10,-21",35,118062,11,1,791,2,1,9,50,0,0,2,1.000000,0.000000,0.000000,0.000000,0.000000,0.000000,0.000000,0.963370,0.036630,0.000000,0.000000,0.000000,0.000000,0.000000,27495,180,279,99
"10,-20",40,118626,11,1,798,2,1,16,22,0,0,1,1.000000,0.000000,0.000000,0.000000,0.000000,0.000000,0.000000,0.972973,0.027027,0.000000,0.000000,0.000000,0.000000,0.000000,27495,180,301,121
"10,-19",33,119013,11,1,795,2,1,9,29,0,0,1,0.994444,0.005556,0.000000,0.000000,0.000000,0.000000,0.000000,0.977099,0.022901,0.000000,0.000000,0.000000,0.000000,0.000000,27495,180,271,91
"10,-18",39,119342,11,1,792,2,1,10,72,0,0,1,0.988950,0.011050,0.000000,0.000000,0.000000,0.000000,0.000000,0.975862,0.024138,0.000000,0.000000,0.000000,0.000000,0.000000,27561,181,297,116
"10,-17",29,119580,11,1,793,2,1,7,17,0,0,1,1.000000,0.000000,0.000000,0.000000,0.000000,0.000000,0.000000,0.988000,0.012000,0.000000,0.000000,0.000000,0.000000,0.000000,27495,180,255,75
"10,-16",32,119781,11,1,794,2,1,8,16,0,0,0,1.000000,0.000000,0.000000,0.000000,0.000000,0.000000,0.000000,0.988636,0.011364,0.000000,0.000000,0.000000,0.000000,0.000000,27495,180,266,86
"10,-15",33,119952,11,1,791,2,1,8,17,0,0,1,1.000000,0.000000,0.000000,0.000000,0.000000,0.000000,0.000000,0.970149,0.029851,0.000000,0.000000,0.000000,0.000000,0.000000,27495,180,269,89
"10,-14",31,120091,11,1,789,2,1,7,13,0,0,1,1.000000,0.000000,0.000000,0.000000,0.000000,0.000000,0.000000,0.984375,0.011719,0.003906,0.000000,0.000000,0.000000,0.000000,27495,180,263,83
"10,-13",36,120221,11,1,794,2,1,10,16,0,0,1,1.000000,0.000000,0.000000,0.000000,0.000000,0.000000,0.000000,0.978495,0.021505,0.000000,0.000000,0.000000,0.000000,0.000000,27495,180,284,104
"10,-12",36,120333,11,1,795,2,1,12,20,0,0,1,1.000000,0.000000,0.000000,0.000000,0.000000,0.000000,0.000000,0.975177,0.024823,0.000000,0.000000,0.000000,0.000000,0.000000,27495,180,285,105
"10,-11",34,120429,11,1,797,2,1,10,16,0,0,0,1.000000,0.000000,0.000000,0.000000,0.000000,0.000000,0.000000,0.992537,0.007463,0.000000,0.000000,0.000000,0.000000,0.000000,27495,180,273,93
"10,-10",39,120520,11,1,792,2,1,12,38,0,0,1,1.000000,0.000000,0.000000,0.000000,0.000000,0.000000,0.000000,0.965753,0.034247,0.000000,0.000000,0.000000,0.000000,0.000000,27495,180,296,116
"10,-9",29,119964,10,1,795,2,1,7,20,0,0,1,1.000000,0.000000,0.000000,0.000000,0.000000,0.000000,0.000000,0.983871,0.016129,0.000000,0.000000,0.000000,0.000000,0.000000,27495,180,255,75
"10,-8",34,119435,10,1,796,2,1,10,43,0,0,1,0.988889,0.011111,0.000000,0.000000,0.000000,0.000000,0.000000,0.977099,0.022901,0.000000,0.000000,0.000000,0.000000,0.000000,27495,180,273,93
"10,-7",35,118353,9,1,794,2,1,15,62,0,0,1,0.988889,0.011111,0.000000,0.000000,0.000000,0.000000,0.000000,0.981061,0.018939,0.000000,0.000000,0.000000,0.000000,0.000000,27495,180,280,100
"10,-6",32,117388,9,1,794,2,1,8,20,0,0,1,1.000000,0.000000,0.000000,0.000000,0.000000,0.000000,0.000000,0.965517,0.034483,0.000000,0.000000,0.000000,0.000000,0.000000,27495,180,266,86
"10,-5",37,116453,9,1,797,2,1,13,28,0,0,1,1.000000,0.000000,0.000000,0.000000,0.000000,0.000000,0.000000,0.982639,0.017361,0.000000,0.000000,0.000000,0.000000,0.000000,27495,180,289,109
"10,-4",32,115668,9,1,794,2,1,7,14,0,0,1,1.000000,0.000000,0.000000,0.000000,0.000000,0.000000,0.000000,0.981061,0.018939,0.000000,0.000000,0.000000,0.000000,0.000000,27495,180,265,85
"10,-3",37,114867,9,1,794,2,1,11,21,0,0,1,1.000000,0.000000,0.000000,0.000000,0.000000,0.000000,0.000000,0.975439,0.024561,0.000000,0.000000,0.000000,0.000000,0.000000,27495,180,288,108
"10,-2",35,113758,8,1,795,2,1,9,13,0,0,1,1.000000,0.000000,0.000000,0.000000,0.000000,0.000000,0.000000,0.985714,0.014286,0.000000,0.000000,0.000000,0.000000,0.000000,27495,180,281,101
"10,-1",31,112254,7,1,794,2,1,8,17,0,0,1,1.000000,0.000000,0.000000,0.000000,0.000000,0.000000,0.000000,0.984615,0.015385,0.000000,0.000000,0.000000,0.000000,0.000000,27561,181,266,85
"10,0",32,110860,7,1,795,2,1,8,18,0,0,0,1.000000,0.000000,0.000000,0.000000,0.000000,0.000000,0.000000,1.000000,0.000000,0.000000,0.000000,0.000000,0.000000,0.000000,27495,180,267,87
"10,1",0,110860,0,0,664,4,99999,99999,99999,99999,99999,99999,0.000000,0.000000,0.000000,0.000000,0.000000,0.000000,0.000000,0.000000,0.000000,0.000000,0.000000,0.000000,0.000000,0.000000,0,0,0,0
"10,2",0,110860,0,0,670,4,99999,99999,99999,99999,99999,99999,0.000000,0.000000,0.000000,0.000000,0.000000,0.000000,0.000000,0.000000,0.000000,0.000000,0.000000,0.000000,0.000000,0.000000,0,0,0,0
"10,3",0,110860,0,0,672,4,99999,99999,99999,99999,99999,99999,0.000000,0.000000,0.000000,0.000000,0.000000,0.000000,0.000000,0.000000,0.000000,0.000000,0.000000,0.000000,0.000000,0.000000,0,0,0,0
"10,4",0,110860,0,0,674,4,99999,99999,99999,99999,99999,99999,0.000000,0.000000,0.000000,0.000000,0.000000,0.000000,0.000000,0.000000,0.000000,0.000000,0.000000,0.000000,0.000000,0.000000,0,0,0,0
"10,5",0,110860,0,0,674,4,99999,99999,99999,99999,99999,99999,0.000000,0.000000,0.000000,0.000000,0.000000,0.000000,0.000000,0.000000,0.000000,0.000000,0.000000,0.000000,0.000000,0.000000,0,0,0,0
"10,6",0,110860,0,0,676,4,99999,99999,99999,99999,99999,99999,0.000000,0.000000,0.000000,0.000000,0.000000,0.000000,0.000000,0.000000,0.000000,0.000000,0.000000,0.000000,0.000000,0.000000,0,0,0,0
"10,7",0,110860,0,0,672,4,99999,99999,99999,99999,99999,99999,0.000000,0.000000,0.000000,0.000000,0.000000,0.000000,0.000000,0.000000,0.000000,0.000000,0.000000,0.000000,0.000000,0.000000,0,0,0,0
"10,8",0,110860,0,0,666,4,99999,99999,99999,99999,99999,99999,0.000000,0.000000,0.000000,0.000000,0.000000,0.000000,0.000000,0.000000,0.000000,0.000000,0.000000,0.000000,0.000000,0.000000,0,0,0,0
"10,9",0,110860,0,0,666,4,99999,99999,99999,99999,99999,99999,0.000000,0.000000,0.000000,0.000000,0.000000,0.000000,0.000000,0.000000,0.000000,0.000000,0.000000,0.000000,0.000000,0.000000,0,0,0,0
"10,10",0,110860,0,0,666,4,99999,99999,99999,99999,99999,99999,0.000000,0.000000,0.000000,0.000000,0.000000,0.000000,0.000000,0.000000,0.000000,0.000000,0.000000,0.000000,0.000000,0.000000,0,0,0,0
"10,11",0,110860,0,0,666,4,99999,99999,99999,99999,99999,99999,0.000000,0.000000,0.000000,0.000000,0.000000,0.000000,0.000000,0.000000,0.000000,0.000000,0.000000,0.000000,0.000000,0.000000,0,0,0,0
"10,12",0,110860,0,0,668,4,99999,99999,99999,99999,99999,99999,0.000000,0.000000,0.000000,0.000000,0.000000,0.000000,0.000000,0.000000,0.000000,0.000000,0.000000,0.000000,0.000000,0.000000,0,0,0,0
"10,13",0,110860,0,0,56,4,99999,99999,99999,99999,99999,99999,0.000000,0.000000,0.000000,0.000000,0.000000,0.000000,0.000000,0.000000,0.000000,0.000000,0.000000,0.000000,0.000000,0.000000,0,0,0,0
"10,14",0,110860,0,0,55,4,99999,99999,99999,99999,99999,99999,0.000000,0.000000,0.000000,0.000000,0.000000,0.000000,0.000000,0.000000,0.000000,0.000000,0.000000,0.000000,0.000000,0.000000,0,0,0,0
"10,15",0,110860,0,0,56,4,99999,99999,99999,99999,99999,99999,0.000000,0.000000,0.000000,0.000000,0.000000,0.000000,0.000000,0.000000,0.000000,0.000000,0.000000,0.000000,0.000000,0.000000,0,0,0,0
"10,16",0,110860,0,0,55,4,99999,99999,99999,99999,99999,99999,0.000000,0.000000,0.000000,0.000000,0.000000,0.000000,0.000000,0.000000,0.000000,0.000000,0.000000,0.000000,0.000000,0.000000,0,0,0,0
"10,17",0,110860,0,0,57,4,99999,99999,99999,99999,99999,99999,0.000000,0.000000,0.000000,0.000000,0.000000,0.000000,0.000000,0.000000,0.000000,0.000000,0.000000,0.000000,0.000000,0.000000,0,0,0,0
"10,18",0,110860,0,0,56,4,99999,99999,99999,99999,99999,99999,0.000000,0.000000,0.000000,0.000000,0.000000,0.000000,0.000000,0.000000,0.000000,0.000000,0.000000,0.000000,0.000000,0.000000,0,0,0,0
"10,19",0,110860,0,0,8,4,99999,99999,99999,99999,99999,99999,0.000000,0.000000,0.000000,0.000000,0.000000,0.000000,0.000000,0.000000,0.000000,0.000000,0.000000,0.000000,0.000000,0.000000,0,0,0,0
"10,20",0,110860,0,0,8,4,99999,99999,99999,99999,99999,99999,0.000000,0.000000,0.000000,0.000000,0.000000,0.000000,0.000000,0.000000,0.000000,0.000000,0.000000,0.000000,0.000000,0.000000,0,0,0,0
"10,21",0,110860,0,0,8,4,99999,99999,99999,99999,99999,99999,0.000000,0.000000,0.000000,0.000000,0.000000,0.000000,0.000000,0.000000,0.000000,0.000000,0.000000,0.000000,0.000000,0.000000,0,0,0,0
"10,22",0,110860,0,0,7,4,99999,99999,99999,99999,99999,99999,0.000000,0.000000,0.000000,0.000000,0.000000,0.000000,0.000000,0.000000,0.000000,0.000000,0.000000,0.000000,0.000000,0.000000,0,0,0,0
"10,23",0,110860,0,0,8,4,99999,99999,99999,99999,99999,99999,0.000000,0.000000,0.000000,0.000000,0.000000,0.000000,0.000000,0.000000,0.000000,0.000000,0.000000,0.000000,0.000000,0.000000,0,0,0,0
"10,24",0,110860,0,0,4,4,99999,99999,99999,99999,99999,99999,0.000000,0.000000,0.000000,0.000000,0.000000,0.000000,0.000000,0.000000,0.000000,0.000000,0.000000,0.000000,0.000000,0.000000,0,0,0,0
"10,25",0,110860,0,0,4,4,99999,99999,99999,99999,99999,99999,0.000000,0.000000,0.000000,0.000000,0.000000,0.000000,0.000000,0.000000,0.000000,0.000000,0.000000,0.000000,0.000000,0.000000,0,0,0,0
"10,26",0,110860,0,0,4,4,99999,99999,99999,99999,99999,99999,0.000000,0.000000,0.000000,0.000000,0.000000,0.000000,0.000000,0.000000,0.000000,0.000000,0.000000,0.000000,0.000000,0.000000,0,0,0,0
"11,-26",32,110400,9,1,797,2,1,7,20,0,0,0,1.000000,0.000000,0.000000,0.000000,0.000000,0.000000,0.000000,0.992308,0.007692,0.000000,0.000000,0.000000,0.000000,0.000000,27495,180,267,87
"11,-25",34,110375,10,1,794,2,1,13,88,0,0,0,0.988889,0.011111,0.000000,0.000000,0.000000,0.000000,0.000000,0.992248,0.007752,0.000000,0.000000,0.000000,0.000000,0.000000,27495,180,276,96
"11,-24",31,110733,11,1,795,2,1,7,12,0,0,0,1.000000,0.000000,0.000000,0.000000,0.000000,0.000000,0.000000,0.988281,0.011719,0.000000,0.000000,0.000000,0.000000,0.000000,27495,180,262,82
"11,-23",37,111109,11,1,793,2,1,13,31,0,0,1,1.000000,0.000000,0.000000,0.000000,0.000000,0.000000,0.000000,0.975352,0.024648,0.000000,0.000000,0.000000,0.000000,0.000000,27495,180,288,108
"11,-22",32,111437,11,1,796,2,1,8,19,0,0,1,1.000000,0.000000,0.000000,0.000000,0.000000,0.000000,0.000000,0.969349,0.030651,0.000000,0.000000,0.000000,0.000000,0.000000,27495,180,265,85
"11,-21",36,111758,11,1,797,2,1,10,13,0,0,1,1.000000,0.000000,0.000000,0.000000,0.000000,0.000000,0.000000,0.982079,0.017921,0.000000,0.000000,0.000000,0.000000,0.000000,27495,180,282,102
"11,-20",36,112065,11,1,798,2,1,9,17,0,0,0,1.000000,0.000000,0.000000,0.000000,0.000000,0.000000,0.000000,0.996390,0.003610,0.000000,0.000000,0.000000,0.000000,0.000000,27495,180,283,103
"11,-19",37,112348,11,1,790,2,1,10,33,0,0,1,1.000000,0.000000,0.000000,0.000000,0.000000,0.000000,0.000000,0.975089,0.024911,0.000000,0.000000,0.000000,0.000000,0.000000,27495,180,287,107
"11,-18",37,112623,11,1,799,2,1,14,52,0,0,1,1.000000,0.000000,0.000000,0.000000,0.000000,0.000000,0.000000,0.985714,0.014286,0.000000,0.000000,0.000000,0.000000,0.000000,27561,181,288,107
"11,-17",30,112861,11,1,793,2,1,6,33,0,0,1,1.000000,0.000000,0.000000,0.000000,0.000000,0.000000,0.000000,0.980620,0.019380,0.000000,0.000000,0.000000,0.000000,0.000000,27495,180,260,80
"11,-16",32,113094,11,1,793,2,1,8,15,0,0,1,1.000000,0.000000,0.000000,0.000000,0.000000,0.000000,0.000000,0.969697,0.030303,0.000000,0.000000,0.000000,0.000000,0.000000,27495,180,268,88
"11,-15",32,113309,11,1,789,2,1,7,16,0,0,0,1.000000,0.000000,0.000000,0.000000,0.000000,0.000000,0.000000,0.988462,0.011538,0.000000,0.000000,0.000000,0.000000,0.000000,27495,180,265,85
"11,-14",29,113512,11,1,797,2,1,9,18,0,0,0,1.000000,0.000000,0.000000,0.000000,0.000000,0.000000,0.000000,0.992095,0.007905,0.000000,0.000000,0.000000,0.000000,0.000000,27495,180,257,77
"11,-13",37,113720,11,1,795,2,1,16,39,0,0,1,0.994444,0.005556,0.000000,0.000000,0.000000,0.000000,0.000000,0.961268,0.038732,0.000000,0.000000,0.000000,0.000000,0.000000,27495,180,289,109
"11,-12",26,113897,11,1,794,2,1,6,12,0,0,0,1.000000,0.000000,0.000000,0.000000,0.000000,0.000000,0.000000,0.995868,0.004132,0.000000,0.000000,0.000000,0.000000,0.000000,27495,180,245,65
"11,-11",33,114083,11,1,792,2,1,11,24,0,0,1,1.000000,0.000000,0.000000,0.000000,0.000000,0.000000,0.000000,0.969811,0.030189,0.000000,0.000000,0.000000,0.000000,0.000000,27495,180,271,91
"11,-10",29,114250,11,1,795,2,1,8,11,0,0,1,1.000000,0.000000,0.000000,0.000000,0.000000,0.000000,0.000000,0.972000,0.028000,0.000000,0.000000,0.000000,0.000000,0.000000,27495,180,254,74
"11,-9",28,114157,10,1,792,2,1,7,15,0,0,1,1.000000,0.000000,0.000000,0.000000,0.000000,0.000000,0.000000,0.987603,0.012397,0.000000,0.000000,0.000000,0.000000,0.000000,27495,180,251,71
"11,-8",31,113812,9,1,796,2,1,9,24,0,0,1,1.000000,0.000000,0.000000,0.000000,0.000000,0.000000,0.000000,0.976190,0.023810,0.000000,0.000000,0.000000,0.000000,0.000000,27495,180,261,81
"11,-7",34,113462,9,1,792,2,1,9,16,0,0,1,1.000000,0.000000,0.000000,0.000000,0.000000,0.000000,0.000000,0.981413,0.018587,0.000000,0.000000,0.000000,0.000000,0.000000,27495,180,275,95
"11,-6",35,113122,9,1,798,2,1,7,17,0,0,1,1.000000,0.000000,0.000000,0.000000,0.000000,0.000000,0.000000,0.970370,0.029630,0.000000,0.000000,0.000000,0.000000,0.000000,27495,180,277,97
"11,-5",35,112800,9,1,791,2,1,8,20,0,0,0,1.000000,0.000000,0.000000,0.000000,0.000000,0.000000,0.000000,0.989130,0.010870,0.000000,0.000000,0.000000,0.000000,0.000000,27495,180,280,100
"11,-4",35,112495,9,1,796,2,1,10,25,0,0,1,1.000000,0.000000,0.000000,0.000000,0.000000,0.000000,0.000000,0.982079,0.017921,0.000000,0.000000,0.000000,0.000000,0.000000,27495,180,279,99
"11,-3",40,112180,9,1,794,2,2,13,35,0,0,1,1.000000,0.000000,0.000000,0.000000,0.000000,0.000000,0.000000,0.969697,0.030303,0.000000,0.000000,0.000000,0.000000,0.000000,27495,180,301,121
"11,-2",38,111680,8,1,795,2,2,11,44,0,0,1,0.994444,0.005556,0.000000,0.000000,0.000000,0.000000,0.000000,0.986014,0.013986,0.000000,0.000000,0.000000,0.000000,0.000000,27495,180,293,113
"11,-1",26,111037,7,1,790,2,1,6,8,0,0,0,1.000000,0.000000,0.000000,0.000000,0.000000,0.000000,0.000000,0.995902,0.004098,0.000000,0.000000,0.000000,0.000000,0.000000,27561,181,246,65
"11,0",35,110328,7,1,795,2,1,8,22,0,0,0,1.000000,0.000000,0.000000,0.000000,0.000000,0.000000,0.000000,0.992754,0.007246,0.000000,0.000000,0.000000,0.000000,0.000000,27495,180,279,99
"11,1",0,110328,0,0,671,4,99999,99999,99999,99999,99999,99999,0.000000,0.000000,0.000000,0.000000,0.000000,0.000000,0.000000,0.000000,0.000000,0.000000,0.000000,0.000000,0.000000,0.000000,0,0,0,0
"11,2",0,110328,0,0,669,4,99999,99999,99999,99999,99999,99999,0.000000,0.000000,0.000000,0.000000,0.000000,0.000000,0.000000,0.000000,0.000000,0.000000,0.000000,0.000000,0.000000,0.000000,0,0,0,0
"11,3",0,110328,0,0,672,4,99999,99999,99999,99999,99999,99999,0.000000,0.000000,0.000000,0.000000,0.000000,0.000000,0.000000,0.000000,0.000000,0.000000,0.000000,0.000000,0.000000,0.000000,0,0,0,0
"11,4",0,110328,0,0,671,4,99999,99999,99999,99999,99999,99999,0.000000,0.000000,0.000000,0.000000,0.000000,0.000000,0.000000,0.000000,0.000000,0.000000,0.000000,0.000000,0.000000,0.000000,0,0,0,0
"11,5",0,110328,0,0,671,4,99999,99999,99999,99999,99999,99999,0.000000,0.000000,0.000000,0.000000,0.000000,0.000000,0.000000,0.000000,0.000000,0.000000,0.000000,0.000000,0.000000,0.000000,0,0,0,0
"11,6",0,110328,0,0,672,4,99999,99999,99999,99999,99999,99999,0.000000,0.000000,0.000000,0.000000,0.000000,0.000000,0.000000,0.000000,0.000000,0.000000,0.000000,0.000000,0.000000,0.000000,0,0,0,0
"11,7",0,110328,0,0,672,4,99999,99999,99999,99999,99999,99999,0.000000,0.000000,0.000000,0.000000,0.000000,0.000000,0.000000,0.000000,0.000000,0.000000,0.000000,0.000000,0.000000,0.000000,0,0,0,0
"11,8",0,110328,0,0,668,4,99999,99999,99999,99999,99999,99999,0.000000,0.000000,0.000000,0.000000,0.000000,0.000000,0.000000,0.000000,0.000000,0.000000,0.000000,0.000000,0.000000,0.000000,0,0,0,0
"11,9",0,110328,0,0,679,4,99999,99999,99999,99999,99999,99999,0.000000,0.000000,0.000000,0.000000,0.000000,0.000000,0.000000,0.000000,0.000000,0.000000,0.000000,0.000000,0.000000,0.000000,0,0,0,0
"11,10",0,110328,0,0,672,4,99999,99999,99999,99999,99999,99999,0.000000,0.000000,0.000000,0.000000,0.000000,0.000000,0.000000,0.000000,0.000000,0.000000,0.000000,0.000000,0.000000,0.000000,0,0,0,0
"11,11",0,110328,0,0,672,4,99999,99999,99999,99999,99999,99999,0.000000,0.000000,0.000000,0.000000,0.000000,0.000000,0.000000,0.000000,0.000000,0.000000,0.000000,0.000000,0.000000,0.000000,0,0,0,0
"11,12",0,110328,0,0,670,4,99999,99999,99999,99999,99999,99999,0.000000,0.000000,0.000000,0.000000,0.000000,0.000000,0.000000,0.000000,0.000000,0.000000,0.000000,0.000000,0.000000,0.000000,0,0,0,0
"11,13",0,110328,0,0,56,4,99999,99999,99999,99999,99999,99999,0.000000,0.000000,0.000000,0.000000,0.000000,0.000000,0.000000,0.000000,0.000000,0.000000,0.000000,0.000000,0.000000,0.000000,0,0,0,0
"11,14",0,110328,0,0,56,4,99999,99999,99999,99999,99999,99999,0.000000,0.000000,0.000000,0.000000,0.000000,0.000000,0.000000,0.000000,0.000000,0.000000,0.000000,0.000000,0.000000,0.000000,0,0,0,0
"11,15",0,110328,0,0,55,4,99999,99999,99999,99999,99999,99999,0.000000,0.000000,0.000000,0.000000,0.000000,0.000000,0.000000,0.000000,0.000000,0.000000,0.000000,0.000000,0.000000,0.000000,0,0,0,0
"11,16",0,110328,0,0,55,4,99999,99999,99999,99999,99999,99999,0.000000,0.000000,0.000000,0.000000,0.000000,0.000000,0.000000,0.000000,0.000000,0.000000,0.000000,0.000000,0.000000,0.000000,0,0,0,0
"11,17",0,110328,0,0,56,4,99999,99999,99999,99999,99999,99999,0.000000,0.000000,0.000000,0.000000,0.000000,0.000000,0.000000,0.000000,0.000000,0.000000,0.000000,0.000000,0.000000,0.000000,0,0,0,0
"11,18",0,110328,0,0,54,4,99999,99999,99999,99999,99999,99999,0.000000,0.000000,0.000000,0.000000,0.000000,0.000000,0.000000,0.000000,0.000000,0.000000,0.000000,0.000000,0.000000,0.000000,0,0,0,0
"11,19",0,110328,0,0,8,4,99999,99999,99999,99999,99999,99999,0.000000,0.000000,0.000000,0.000000,0.000000,0.000000,0.000000,0.000000,0.000000,0.000000,0.000000,0.000000,0.000000,0.000000,0,0,0,0
"11,20",0,110328,0,0,8,4,99999,99999,99999,99999,99999,99999,0.000000,0.000000,0.000000,0.000000,0.000000,0.000000,0.000000,0.000000,0.000000,0.000000,0.000000,0.000000,0.000000,0.000000,0,0,0,0
"11,21",0,110328,0,0,7,4,99999,99999,99999,99999,99999,99999,0.000000,0.000000,0.000000,0.000000,0.000000,0.000000,0.000000,0.000000,0.000000,0.000000,0.000000,0.000000,0.000000,0.000000,0,0,0,0
"11,22",0,110328,0,0,7,4,99999,99999,99999,99999,99999,99999,0.000000,0.000000,0.000000,0.000000,0.000000,0.000000,0.000000,0.000000,0.000000,0.000000,0.000000,0.000000,0.000000,0.000000,0,0,0,0
"11,23",0,110328,0,0,8,4,99999,99999,99999,99999,99999,99999,0.000000,0.000000,0.000000,0.000000,0.000000,0.000000,0.000000,0.000000,0.000000,0.000000,0.000000,0.000000,0.000000,0.000000,0,0,0,0
"11,24",0,110328,0,0,4,4,99999,99999,99999,99999,99999,99999,0.000000,0.000000,0.000000,0.000000,0.000000,0.000000,0.000000,0.000000,0.000000,0.000000,0.000000,0.000000,0.000000,0.000000,0,0,0,0
"11,25",0,110328,0,0,4,4,99999,99999,99999,99999,99999,99999,0.000000,0.000000,0.000000,0.000000,0.000000,0.000000,0.000000,0.000000,0.000000,0.000000,0.000000,0.000000,0.000000,0.000000,0,0,0,0
"11,26",0,110328,0,0,4,4,99999,99999,99999,99999,99999,99999,0.000000,0.000000,0.000000,0.000000,0.000000,0.000000,0.000000,0.000000,0.000000,0.000000,0.000000,0.000000,0.000000,0.000000,0,0,0,0
"12,-26",37,110082,9,1,792,2,1,10,15,0,0,1,1.000000,0.000000,0.000000,0.000000,0.000000,0.000000,0.000000,0.970803,0.029197,0.000000,0.000000,0.000000,0.000000,0.000000,27495,180,287,107
"12,-25",38,110073,10,1,797,2,1,11,54,0,0,1,1.000000,0.000000,0.000000,0.000000,0.000000,0.000000,0.000000,0.982143,0.017857,0.000000,0.000000,0.000000,0.000000,0.000000,27495,180,293,113
"12,-24",34,110279,11,1,795,2,1,16,27,0,0,1,1.000000,0.000000,0.000000,0.000000,0.000000,0.000000,0.000000,0.977860,0.022140,0.000000,0.000000,0.000000,0.000000,0.000000,27495,180,275,95
"12,-23",30,110470,11,1,792,2,1,7,13,0,0,1,1.000000,0.000000,0.000000,0.000000,0.000000,0.000000,0.000000,0.980237,0.019763,0.000000,0.000000,0.000000,0.000000,0.000000,27495,180,258,78
"12,-22",35,110665,11,1,794,2,1,7,32,0,0,2,1.000000,0.000000,0.000000,0.000000,0.000000,0.000000,0.000000,0.959559,0.040441,0.000000,0.000000,0.000000,0.000000,0.000000,27495,180,280,100
"12,-21",34,110855,11,1,793,2,1,10,33,0,0,1,1.000000,0.000000,0.000000,0.000000,0.000000,0.000000,0.000000,0.977528,0.022472,0.000000,0.000000,0.000000,0.000000,0.000000,27495,180,276,96
"12,-20",30,111026,11,1,792,2,1,7,13,0,0,0,1.000000,0.000000,0.000000,0.000000,0.000000,0.000000,0.000000,1.000000,0.000000,0.000000,0.000000,0.000000,0.000000,0.000000,27495,180,259,79
"12,-19",35,111203,11,1,792,2,1,9,20,0,0,1,1.000000,0.000000,0.000000,0.000000,0.000000,0.000000,0.000000,0.985240,0.014760,0.000000,0.000000,0.000000,0.000000,0.000000,27495,180,277,97
"12,-18",32,111366,11,1,794,2,1,10,20,0,0,1,1.000000,0.000000,0.000000,0.000000,0.000000,0.000000,0.000000,0.977186,0.022814,0.000000,0.000000,0.000000,0.000000,0.000000,27561,181,267,86
"12,-17",35,111534,11,1,795,2,1,11,28,0,0,0,1.000000,0.000000,0.000000,0.000000,0.000000,0.000000,0.000000,0.988971,0.011029,0.000000,0.000000,0.000000,0.000000,0.000000,27495,180,280,100
"12,-16",33,111696,11,1,791,2,1,11,29,0,0,0,0.994444,0.005556,0.000000,0.000000,0.000000,0.000000,0.000000,0.992424,0.007576,0.000000,0.000000,0.000000,0.000000,0.000000,27495,180,272,92
"12,-15",32,111845,11,1,797,2,1,6,14,0,0,1,1.000000,0.000000,0.000000,0.000000,0.000000,0.000000,0.000000,0.984848,0.015152,0.000000,0.000000,0.000000,0.000000,0.000000,27495,180,267,87
"12,-14",31,111989,11,1,790,2,1,8,17,0,0,0,1.000000,0.000000,0.000000,0.000000,0.000000,0.000000,0.000000,0.988417,0.011583,0.000000,0.000000,0.000000,0.000000,0.000000,27495,180,263,83
"12,-13",36,112137,11,1,794,2,2,7,13,0,0,1,1.000000,0.000000,0.000000,0.000000,0.000000,0.000000,0.000000,0.963636,0.036364,0.000000,0.000000,0.000000,0.000000,0.000000,27495,180,285,105
"12,-12",34,112278,11,1,794,2,1,15,128,0,0,1,0.983333,0.016667,0.000000,0.000000,0.000000,0.000000,0.000000,0.977186,0.022814,0.000000,0.000000,0.000000,0.000000,0.000000,27495,180,273,93
"12,-11",31,112407,11,1,794,2,1,9,18,0,0,1,1.000000,0.000000,0.000000,0.000000,0.000000,0.000000,0.000000,0.968750,0.031250,0.000000,0.000000,0.000000,0.000000,0.000000,27495,180,261,81
"12,-10",38,112548,11,1,797,2,1,13,30,0,0,1,1.000000,0.000000,0.000000,0.000000,0.000000,0.000000,0.000000,0.982639,0.017361,0.000000,0.000000,0.000000,0.000000,0.000000,27495,180,292,112
"12,-9",37,112508,10,1,792,2,1,12,33,0,0,1,1.000000,0.000000,0.000000,0.000000,0.000000,0.000000,0.000000,0.981550,0.018450,0.000000,0.000000,0.000000,0.000000,0.000000,27495,180,286,106
"12,-8",34,112297,9,1,793,2,1,9,26,0,0,0,1.000000,0.000000,0.000000,0.000000,0.000000,0.000000,0.000000,0.996255,0.003745,0.000000,0.000000,0.000000,0.000000,0.000000,27495,180,276,96
"12,-7",35,112094,9,1,794,2,1,10,14,0,0,1,1.000000,0.000000,0.000000,0.000000,0.000000,0.000000,0.000000,0.981884,0.018116,0.000000,0.000000,0.000000,0.000000,0.000000,27495,180,279,99
"12,-6",33,111901,9,1,790,2,1,9,11,0,0,1,1.000000,0.000000,0.000000,0.000000,0.000000,0.000000,0.000000,0.980545,0.019455,0.000000,0.000000,0.000000,0.000000,0.000000,27495,180,269,89
"12,-5",36,111709,9,1,795,2,1,10,24,0,0,1,1.000000,0.000000,0.000000,0.000000,0.000000,0.000000,0.000000,0.967626,0.032374,0.000000,0.000000,0.000000,0.000000,0.000000,27495,180,285,105
"12,-4",32,111528,9,1,798,2,1,9,23,0,0,2,1.000000,0.000000,0.000000,0.000000,0.000000,0.000000,0.000000,0.977358,0.022642,0.000000,0.000000,0.000000,0.000000,0.000000,27495,180,266,86
"12,-3",34,111343,9,1,796,2,1,10,17,0,0,1,1.000000,0.000000,0.000000,0.000000,0.000000,0.000000,0.000000,0.973978,0.026022,0.000000,0.000000,0.000000,0.000000,0.000000,27495,180,273,93
"12,-2",34,111039,8,1,790,2,1,9,21,0,0,1,1.000000,0.000000,0.000000,0.000000,0.000000,0.000000,0.000000,0.974359,0.025641,0.000000,0.000000,0.000000,0.000000,0.000000,27495,180,274,94
"12,-1",34,110561,7,1,794,2,1,10,20,0,0,1,1.000000,0.000000,0.000000,0.000000,0.000000,0.000000,0.000000,0.966912,0.029412,0.003676,0.000000,0.000000,0.000000,0.000000,27561,181,276,95
"12,0",31,110119,7,1,793,2,1,6,21,0,0,0,1.000000,0.000000,0.000000,0.000000,0.000000,0.000000,0.000000,0.992278,0.003861,0.003861,0.000000,0.000000,0.000000,0.000000,27495,180,262,82
"12,1",0,110119,0,0,670,4,99999,99999,99999,99999,99999,99999,0.000000,0.000000,0.000000,0.000000,0.000000,0.000000,0.000000,0.000000,0.000000,0.000000,0.000000,0.000000,0.000000,0.000000,0,0,0,0
"12,2",0,110119,0,0,671,4,99999,99999,99999,99999,99999,99999,0.000000,0.000000,0.000000,0.000000,0.000000,0.000000,0.000000,0.000000,0.000000,0.000000,0.000000,0.000000,0.000000,0.000000,0,0,0,0
"12,3",0,110119,0,0,671,4,99999,99999,99999,99999,99999,99999,0.000000,0.000000,0.000000,0.000000,0.000000,0.000000,0.000000,0.000000,0.000000,0.000000,0.000000,0.000000,0.000000,0.000000,0,0,0,0
"12,4",0,110119,0,0,672,4,99999,99999,99999,99999,99999,99999,0.000000,0.000000,0.000000,0.000000,0.000000,0.000000,0.000000,0.000000,0.000000,0.000000,0.000000,0.000000,0.000000,0.000000,0,0,0,0
"12,5",0,110119,0,0,675,4,99999,99999,99999,99999,99999,99999,0.000000,0.000000,0.000000,0.000000,0.000000,0.000000,0.000000,0.000000,0.000000,0.000000,0.000000,0.000000,0.000000,0.000000,0,0,0,0
"12,6",0,110119,0,0,670,4,99999,99999,99999,99999,99999,99999,0.000000,0.000000,0.000000,0.000000,0.000000,0.000000,0.000000,0.000000,0.000000,0.000000,0.000000,0.000000,0.000000,0.000000,0,0,0,0
"12,7",0,110119,0,0,673,4,99999,99999,99999,99999,99999,99999,0.000000,0.000000,0.000000,0.000000,0.000000,0.000000,0.000000,0.000000,0.000000,0.000000,0.000000,0.000000,0.000000,0.000000,0,0,0,0
"12,8",0,110119,0,0,671,4,99999,99999,99999,99999,99999,99999,0.000000,0.000000,0.000000,0.000000,0.000000,0.000000,0.000000,0.000000,0.000000,0.000000,0.000000,0.000000,0.000000,0.000000,0,0,0,0
"12,9",0,110119,0,0,674,4,99999,99999,99999,99999,99999,99999,0.000000,0.000000,0.000000,0.000000,0.000000,0.000000,0.000000,0.000000,0.000000,0.000000,0.000000,0.000000,0.000000,0.000000,0,0,0,0
"12,10",0,110119,0,0,674,4,99999,99999,99999,99999,99999,99999,0.000000,0.000000,0.000000,0.000000,0.000000,0.000000,0.000000,0.000000,0.000000,0.000000,0.000000,0.000000,0.000000,0.000000,0,0,0,0
"12,11",0,110119,0,0,669,4,99999,99999,99999,99999,99999,99999,0.000000,0.000000,0.000000,0.000000,0.000000,0.000000,0.000000,0.000000,0.000000,0.000000,0.000000,0.000000,0.000000,0.000000,0,0,0,0
"12,12",0,110119,0,0,672,4,99999,99999,99999,99999,99999,99999,0.000000,0.000000,0.000000,0.000000,0.000000,0.000000,0.000000,0.000000,0.000000,0.000000,0.000000,0.000000,0.000000,0.000000,0,0,0,0
"12,13",0,110119,0,0,55,4,99999,99999,99999,99999,99999,99999,0.000000,0.000000,0.000000,0.000000,0.000000,0.000000,0.000000,0.000000,0.000000,0.000000,0.000000,0.000000,0.000000,0.000000,0,0,0,0
"12,14",0,110119,0,0,55,4,99999,99999,99999,99999,99999,99999,0.000000,0.000000,0.000000,0.000000,0.000000,0.000000,0.000000,0.000000,0.000000,0.000000,0.000000,0.000000,0.000000,0.000000,0,0,0,0
"12,15",0,110119,0,0,55,4,99999,99999,99999,99999,99999,99999,0.000000,0.000000,0.000000,0.000000,0.000000,0.000000,0.000000,0.000000,0.000000,0.000000,0.000000,0.000000,0.000000,0.000000,0,0,0,0
"12,16",0,110119,0,0,56,4,99999,99999,99999,99999,99999,99999,0.000000,0.000000,0.000000,0.000000,0.000000,0.000000,0.000000,0.000000,0.000000,0.000000,0.000000,0.000000,0.000000,0.000000,0,0,0,0
"12,17",0,110119,0,0,56,4,99999,99999,99999,99999,99999,99999,0.000000,0.000000,0.000000,0.000000,0.000000,0.000000,0.000000,0.000000,0.000000,0.000000,0.000000,0.000000,0.000000,0.000000,0,0,0,0
"12,18",0,110119,0,0,54,4,99999,99999,99999,99999,99999,99999,0.000000,0.000000,0.000000,0.000000,0.000000,0.000000,0.000000,0.000000,0.000000,0.000000,0.000000,0.000000,0.000000,0.000000,0,0,0,0
"12,19",0,110119,0,0,8,4,99999,99999,99999,99999,99999,99999,0.000000,0.000000,0.000000,0.000000,0.000000,0.000000,0.000000,0.000000,0.000000,0.000000,0.000000,0.000000,0.000000,0.000000,0,0,0,0
"12,20",0,110119,0,0,8,4,99999,99999,99999,99999,99999,99999,0.000000,0.000000,0.000000,0.000000,0.000000,0.000000,0.000000,0.000000,0.000000,0.000000,0.000000,0.000000,0.000000,0.000000,0,0,0,0
"12,21",0,110119,0,0,8,4,99999,99999,99999,99999,99999,99999,0.000000,0.000000,0.000000,0.000000,0.000000,0.000000,0.000000,0.000000,0.000000,0.000000,0.000000,0.000000,0.000000,0.000000,0,0,0,0
"12,22",0,110119,0,0,8,4,99999,99999,99999,99999,99999,99999,0.000000,0.000000,0.000000,0.000000,0.000000,0.000000,0.000000,0.000000,0.000000,0.000000,0.000000,0.000000,0.000000,0.000000,0,0,0,0
"12,23",0,110119,0,0,8,4,99999,99999,99999,99999,99999,99999,0.000000,0.000000,0.000000,0.000000,0.000000,0.000000,0.000000,0.000000,0.000000,0.000000,0.000000,0.000000,0.000000,0.000000,0,0,0,0
"12,24",0,110119,0,0,4,4,99999,99999,99999,99999,99999,99999,0.000000,0.000000,0.000000,0.000000,0.000000,0.000000,0.000000,0.000000,0.000000,0.000000,0.000000,0.000000,0.000000,0.000000,0,0,0,0
"12,25",0,110119,0,0,4,4,99999,99999,99999,99999,99999,99999,0.000000,0.000000,0.000000,0.000000,0.000000,0.000000,0.000000,0.000000,0.000000,0.000000,0.000000,0.000000,0.000000,0.000000,0,0,0,0
"12,26",0,110119,0,0,4,4,99999,99999,99999,99999,99999,99999,0.000000,0.000000,0.000000,0.000000,0.000000,0.000000,0.000000,0.000000,0.000000,0.000000,0.000000,0.000000,0.000000,0.000000,0,0,0,0
"13,-26",31,109971,9,1,793,2,1,8,18,0,0,0,1.000000,0.000000,0.000000,0.000000,0.000000,0.000000,0.000000,0.988550,0.011450,0.000000,0.000000,0.000000,0.000000,0.000000,27495,180,263,83
"13,-25",31,109967,10,1,790,2,1,8,12,0,0,1,1.000000,0.000000,0.000000,0.000000,0.000000,0.000000,0.000000,0.984190,0.015810,0.000000,0.000000,0.000000,0.000000,0.000000,27495,180,262,82
"13,-24",33,110106,11,1,791,2,1,8,17,0,0,0,1.000000,0.000000,0.000000,0.000000,0.000000,0.000000,0.000000,0.992620,0.007380,0.000000,0.000000,0.000000,0.000000,0.000000,27495,180,272,92
"13,-23",37,110251,11,1,793,2,1,10,17,0,0,1,1.000000,0.000000,0.000000,0.000000,0.000000,0.000000,0.000000,0.975177,0.024823,0.000000,0.000000,0.000000,0.000000,0.000000,27495,180,290,110
"13,-22",32,110382,11,1,793,2,1,10,21,0,0,0,1.000000,0.000000,0.000000,0.000000,0.000000,0.000000,0.000000,0.992278,0.007722,0.000000,0.000000,0.000000,0.000000,0.000000,27495,180,266,86
"13,-21",34,110511,11,1,791,2,1,7,17,0,0,1,1.000000,0.000000,0.000000,0.000000,0.000000,0.000000,0.000000,0.981273,0.018727,0.000000,0.000000,0.000000,0.000000,0.000000,27495,180,273,93
"13,-20",36,110643,11,1,795,2,1,12,58,0,0,1,0.988889,0.011111,0.000000,0.000000,0.000000,0.000000,0.000000,0.956204,0.040146,0.003650,0.000000,0.000000,0.000000,0.000000,27495,180,284,104
"13,-19",29,110765,11,1,794,2,1,6,17,0,0,0,1.000000,0.000000,0.000000,0.000000,0.000000,0.000000,0.000000,0.996047,0.003953,0.000000,0.000000,0.000000,0.000000,0.000000,27495,180,257,77
"13,-18",33,110887,11,1,794,2,1,7,21,0,0,1,1.000000,0.000000,0.000000,0.000000,0.000000,0.000000,0.000000,0.977695,0.022305,0.000000,0.000000,0.000000,0.000000,0.000000,27561,181,272,91
"13,-17",31,111001,11,1,794,2,1,6,10,0,0,0,1.000000,0.000000,0.000000,0.000000,0.000000,0.000000,0.000000,0.996094,0.003906,0.000000,0.000000,0.000000,0.000000,0.000000,27495,180,262,82
"13,-16",30,111113,11,1,794,2,1,9,17,0,0,1,1.000000,0.000000,0.000000,0.000000,0.000000,0.000000,0.000000,0.984314,0.015686,0.000000,0.000000,0.000000,0.000000,0.000000,27495,180,258,78
"13,-15",26,111216,11,1,797,2,1,7,9,0,0,0,1.000000,0.000000,0.000000,0.000000,0.000000,0.000000,0.000000,0.991597,0.008403,0.000000,0.000000,0.000000,0.000000,0.000000,27495,180,245,65
"13,-14",35,111333,11,1,800,2,1,13,18,0,0,3,1.000000,0.000000,0.000000,0.000000,0.000000,0.000000,0.000000,0.967153,0.029197,0.003650,0.000000,0.000000,0.000000,0.000000,27495,180,280,100
"13,-13",32,111439,11,1,793,2,1,8,35,0,0,1,0.994444,0.005556,0.000000,0.000000,0.000000,0.000000,0.000000,0.973485,0.026515,0.000000,0.000000,0.000000,0.000000,0.000000,27495,180,268,88
"13,-12",31,111545,11,1,793,2,1,8,26,0,0,0,1.000000,0.000000,0.000000,0.000000,0.000000,0.000000,0.000000,0.992366,0.007634,0.000000,0.000000,0.000000,0.000000,0.000000,27495,180,264,84
"13,-11",42,111665,11,1,789,2,2,14,31,0,0,1,1.000000,0.000000,0.000000,0.000000,0.000000,0.000000,0.000000,0.970588,0.029412,0.000000,0.000000,0.000000,0.000000,0.000000,27495,180,312,132
"13,-10",37,111772,11,1,797,2,1,13,42,0,0,1,0.994444,0.005556,0.000000,0.000000,0.000000,0.000000,0.000000,0.985612,0.014388,0.000000,0.000000,0.000000,0.000000,0.000000,27495,180,286,106
"13,-9",38,111751,10,1,793,2,1,10,23,0,0,1,1.000000,0.000000,0.000000,0.000000,0.000000,0.000000,0.000000,0.972318,0.027682,0.000000,0.000000,0.000000,0.000000,0.000000,27495,180,293,113
"13,-8",32,111615,9,1,796,2,1,7,23,0,0,1,1.000000,0.000000,0.000000,0.000000,0.000000,0.000000,0.000000,0.984556,0.015444,0.000000,0.000000,0.000000,0.000000,0.000000,27495,180,266,86
"13,-7",39,111464,9,1,795,2,1,14,47,0,0,2,1.000000,0.000000,0.000000,0.000000,0.000000,0.000000,0.000000,0.966102,0.033898,0.000000,0.000000,0.000000,0.000000,0.000000,27495,180,299,119
"13,-6",36,111323,9,1,798,2,1,9,18,0,0,0,1.000000,0.000000,0.000000,0.000000,0.000000,0.000000,0.000000,0.992806,0.007194,0.000000,0.000000,0.000000,0.000000,0.000000,27495,180,283,103
"13,-5",42,111170,9,1,788,2,1,17,73,0,0,1,0.988889,0.011111,0.000000,0.000000,0.000000,0.000000,0.000000,0.976898,0.023102,0.000000,0.000000,0.000000,0.000000,0.000000,27495,180,313,133
"13,-4",32,111045,9,1,793,2,1,6,16,0,0,1,1.000000,0.000000,0.000000,0.000000,0.000000,0.000000,0.000000,0.984733,0.015267,0.000000,0.000000,0.000000,0.000000,0.000000,27495,180,265,85
"13,-3",30,110834,8,1,794,2,1,7,10,0,0,0,1.000000,0.000000,0.000000,0.000000,0.000000,0.000000,0.000000,0.988327,0.011673,0.000000,0.000000,0.000000,0.000000,0.000000,27495,180,260,80
"13,-2",40,110600,8,1,791,2,1,16,38,0,0,1,1.000000,0.000000,0.000000,0.000000,0.000000,0.000000,0.000000,0.982993,0.017007,0.000000,0.000000,0.000000,0.000000,0.000000,27495,180,304,124
"13,-1",31,110262,7,1,796,2,1,10,35,0,0,1,1.000000,0.000000,0.000000,0.000000,0.000000,0.000000,0.000000,0.984615,0.015385,0.000000,0.000000,0.000000,0.000000,0.000000,27561,181,263,82
"13,0",0,110262,0,0,674,4,99999,99999,99999,99999,99999,99999,0.000000,0.000000,0.000000,0.000000,0.000000,0.000000,0.000000,0.000000,0.000000,0.000000,0.000000,0.000000,0.000000,0.000000,0,0,0,0
"13,1",0,110262,0,0,668,4,99999,99999,99999,99999,99999,99999,0.000000,0.000000,0.000000,0.000000,0.000000,0.000000,0.000000,0.000000,0.000000,0.000000,0.000000,0.000000,0.000000,0.000000,0,0,0,0
"13,2",0,110262,0,0,671,4,99999,99999,99999,99999,99999,99999,0.000000,0.000000,0.000000,0.000000,0.000000,0.000000,0.000000,0.000000,0.000000,0.000000,0.000000,0.000000,0.000000,0.000000,0,0,0,0
"13,3",0,110262,0,0,676,4,99999,99999,99999,99999,99999,99999,0.000000,0.000000,0.000000,0.000000,0.000000,0.000000,0.000000,0.000000,0.000000,0.000000,0.000000,0.000000,0.000000,0.000000,0,0,0,0
"13,4",0,110262,0,0,665,4,99999,99999,99999,99999,99999,99999,0.000000,0.000000,0.000000,0.000000,0.000000,0.000000,0.000000,0.000000,0.000000,0.000000,0.000000,0.000000,0.000000,0.000000,0,0,0,0
"13,5",0,110262,0,0,672,4,99999,99999,99999,99999,99999,99999,0.000000,0.000000,0.000000,0.000000,0.000000,0.000000,0.000000,0.000000,0.000000,0.000000,0.000000,0.000000,0.000000,0.000000,0,0,0,0
"13,6",0,110262,0,0,666,4,99999,99999,99999,99999,99999,99999,0.000000,0.000000,0.000000,0.000000,0.000000,0.000000,0.000000,0.000000,0.000000,0.000000,0.000000,0.000000,0.000000,0.000000,0,0,0,0
"13,7",0,110262,0,0,669,4,99999,99999,99999,99999,99999,99999,0.000000,0.000000,0.000000,0.000000,0.000000,0.000000,0.000000,0.000000,0.000000,0.000000,0.000000,0.000000,0.000000,0.000000,0,0,0,0
"13,8",0,110262,0,0,678,4,99999,99999,99999,99999,99999,99999,0.000000,0.000000,0.000000,0.000000,0.000000,0.000000,0.000000,0.000000,0.000000,0.000000,0.000000,0.000000,0.000000,0.000000,0,0,0,0
"13,9",0,110262,0,0,670,4,99999,99999,99999,99999,99999,99999,0.000000,0.000000,0.000000,0.000000,0.000000,0.000000,0.000000,0.000000,0.000000,0.000000,0.000000,0.000000,0.000000,0.000000,0,0,0,0
"13,10",0,110262,0,0,667,4,99999,99999,99999,99999,99999,99999,0.000000,0.000000,0.000000,0.000000,0.000000,0.000000,0.000000,0.000000,0.000000,0.000000,0.000000,0.000000,0.000000,0.000000,0,0,0,0
"13,11",0,110262,0,0,671,4,99999,99999,99999,99999,99999,99999,0.000000,0.000000,0.000000,0.000000,0.000000,0.000000,0.000000,0.000000,0.000000,0.000000,0.000000,0.000000,0.000000,0.000000,0,0,0,0
"13,12",0,110262,0,0,665,4,99999,99999,99999,99999,99999,99999,0.000000,0.000000,0.000000,0.000000,0.000000,0.000000,0.000000,0.000000,0.000000,0.000000,0.000000,0.000000,0.000000,0.000000,0,0,0,0
"13,13",0,110262,0,0,54,4,99999,99999,99999,99999,99999,99999,0.000000,0.000000,0.000000,0.000000,0.000000,0.000000,0.000000,0.000000,0.000000,0.000000,0.000000,0.000000,0.000000,0.000000,0,0,0,0
"13,14",0,110262,0,0,55,4,99999,99999,99999,99999,99999,99999,0.000000,0.000000,0.000000,0.000000,0.000000,0.000000,0.000000,0.000000,0.000000,0.000000,0.000000,0.000000,0.000000,0.000000,0,0,0,0
"13,15",0,110262,0,0,56,4,99999,99999,99999,99999,99999,99999,0.000000,0.000000,0.000000,0.000000,0.000000,0.000000,0.000000,0.000000,0.000000,0.000000,0.000000,0.000000,0.000000,0.000000,0,0,0,0
"13,16",0,110262,0,0,55,4,99999,99999,99999,99999,99999,99999,0.000000,0.000000,0.000000,0.000000,0.000000,0.000000,0.000000,0.000000,0.000000,0.000000,0.000000,0.000000,0.000000,0.000000,0,0,0,0
"13,17",0,110262,0,0,55,4,99999,99999,99999,99999,99999,99999,0.000000,0.000000,0.000000,0.000000,0.000000,0.000000,0.000000,0.000000,0.000000,0.000000,0.000000,0.000000,0.000000,0.000000,0,0,0,0
"13,18",0,110262,0,0,55,4,99999,99999,99999,99999,99999,99999,0.000000,0.000000,0.000000,0.000000,0.000000,0.000000,0.000000,0.000000,0.000000,0.000000,0.000000,0.000000,0.000000,0.000000,0,0,0,0
"13,19",0,110262,0,0,8,4,99999,99999,99999,99999,99999,99999,0.000000,0.000000,0.000000,0.000000,0.000000,0.000000,0.000000,0.000000,0.000000,0.000000,0.000000,0.000000,0.000000,0.000000,0,0,0,0
"13,20",0,110262,0,0,8,4,99999,99999,99999,99999,99999,99999,0.000000,0.000000,0.000000,0.000000,0.000000,0.000000,0.000000,0.000000,0.000000,0.000000,0.000000,0.000000,0.000000,0.000000,0,0,0,0
"13,21",0,110262,0,0,8,4,99999,99999,99999,99999,99999,99999,0.000000,0.000000,0.000000,0.000000,0.000000,0.000000,0.000000,0.000000,0.000000,0.000000,0.000000,0.000000,0.000000,0.000000,0,0,0,0
"13,22",0,110262,0,0,8,4,99999,99999,99999,99999,99999,99999,0.000000,0.000000,0.000000,0.000000,0.000000,0.000000,0.000000,0.000000,0.000000,0.000000,0.000000,0.000000,0.000000,0.000000,0,0,0,0
"13,23",0,110262,0,0,6,4,99999,99999,99999,99999,99999,99999,0.000000,0.000000,0.000000,0.000000,0.000000,0.000000,0.000000,0.000000,0.000000,0.000000,0.000000,0.000000,0.000000,0.000000,0,0,0,0
"13,24",0,110262,0,0,4,4,99999,99999,99999,99999,99999,99999,0.000000,0.000000,0.000000,0.000000,0.000000,0.000000,0.000000,0.000000,0.000000,0.000000,0.000000,0.000000,0.000000,0.000000,0,0,0,0
"13,25",0,110262,0,0,4,4,99999,99999,99999,99999,99999,99999,0.000000,0.000000,0.000000,0.000000,0.000000,0.000000,0.000000,0.000000,0.000000,0.000000,0.000000,0.000000,0.000000,0.000000,0,0,0,0
"13,26",0,110262,0,0,4,4,99999,99999,99999,99999,99999,99999,0.000000,0.000000,0.000000,0.000000,0.000000,0.000000,0.000000,0.000000,0.000000,0.000000,0.000000,0.000000,0.000000,0.000000,0,0,0,0
"14,-26",39,110134,9,1,793,2,1,14,119,0,0,0,0.983333,0.016667,0.000000,0.000000,0.000000,0.000000,0.000000,0.989247,0.010753,0.000000,0.000000,0.000000,0.000000,0.000000,27495,180,297,117
"14,-25",33,110129,10,1,793,2,1,9,18,0,0,1,1.000000,0.000000,0.000000,0.000000,0.000000,0.000000,0.000000,0.984556,0.015444,0.000000,0.000000,0.000000,0.000000,0.000000,27495,180,272,92
"14,-24",35,110125,10,1,792,2,1,15,48,0,0,1,1.000000,0.000000,0.000000,0.000000,0.000000,0.000000,0.000000,0.970149,0.029851,0.000000,0.000000,0.000000,0.000000,0.000000,27495,180,281,101
"14,-23",31,110226,11,1,794,2,1,11,31,0,0,1,1.000000,0.000000,0.000000,0.000000,0.000000,0.000000,0.000000,0.969349,0.030651,0.000000,0.000000,0.000000,0.000000,0.000000,27495,180,263,83
"14,-22",30,110324,11,1,791,2,1,7,12,0,0,1,1.000000,0.000000,0.000000,0.000000,0.000000,0.000000,0.000000,0.972549,0.027451,0.000000,0.000000,0.000000,0.000000,0.000000,27495,180,260,80
"14,-21",34,110426,11,1,794,2,1,9,15,0,0,1,1.000000,0.000000,0.000000,0.000000,0.000000,0.000000,0.000000,0.970480,0.029520,0.000000,0.000000,0.000000,0.000000,0.000000,27495,180,274,94
"14,-20",31,110522,11,1,794,2,1,9,16,0,0,1,1.000000,0.000000,0.000000,0.000000,0.000000,0.000000,0.000000,0.984252,0.015748,0.000000,0.000000,0.000000,0.000000,0.000000,27495,180,261,81
"14,-19",37,110626,11,1,793,2,1,10,30,0,0,1,1.000000,0.000000,0.000000,0.000000,0.000000,0.000000,0.000000,0.975000,0.025000,0.000000,0.000000,0.000000,0.000000,0.000000,27495,180,286,106
"14,-18",33,110723,11,1,787,2,1,9,17,0,0,1,1.000000,0.000000,0.000000,0.000000,0.000000,0.000000,0.000000,0.966292,0.033708,0.000000,0.000000,0.000000,0.000000,0.000000,27561,181,272,91
"14,-17",36,110819,11,1,797,2,1,12,35,0,0,1,1.000000,0.000000,0.000000,0.000000,0.000000,0.000000,0.000000,0.975089,0.024911,0.000000,0.000000,0.000000,0.000000,0.000000,27495,180,284,104
"14,-13",33,110911,11,1,793,2,1,8,19,0,0,1,1.000000,0.000000,0.000000,0.000000,0.000000,0.000000,0.000000,0.985075,0.014925,0.000000,0.000000,0.000000,0.000000,0.000000,27495,180,272,92
"14,-12",34,111003,11,1,796,2,1,8,17,0,0,3,1.000000,0.000000,0.000000,0.000000,0.000000,0.000000,0.000000,0.977612,0.018657,0.003731,0.000000,0.000000,0.000000,0.000000,27495,180,274,94
"14,-11",34,111095,11,1,798,2,1,10,20,0,0,0,1.000000,0.000000,0.000000,0.000000,0.000000,0.000000,0.000000,0.992620,0.007380,0.000000,0.000000,0.000000,0.000000,0.000000,27495,180,275,95
"14,-10",32,111083,10,1,791,2,1,8,15,0,0,0,1.000000,0.000000,0.000000,0.000000,0.000000,0.000000,0.000000,0.992218,0.007782,0.000000,0.000000,0.000000,0.000000,0.000000,27495,180,268,88
"14,-9",38,111072,10,1,793,2,1,12,26,0,0,1,1.000000,0.000000,0.000000,0.000000,0.000000,0.000000,0.000000,0.982079,0.017921,0.000000,0.000000,0.000000,0.000000,0.000000,27495,180,295,115
"14,-8",32,110965,9,1,796,2,1,8,12,0,0,1,1.000000,0.000000,0.000000,0.000000,0.000000,0.000000,0.000000,0.981061,0.018939,0.000000,0.000000,0.000000,0.000000,0.000000,27495,180,268,88
"14,-7",33,110857,9,1,795,2,1,9,32,0,0,2,1.000000,0.000000,0.000000,0.000000,0.000000,0.000000,0.000000,0.973881,0.026119,0.000000,0.000000,0.000000,0.000000,0.000000,27495,180,271,91
"14,-6",40,110738,9,1,791,2,1,15,65,0,0,1,1.000000,0.000000,0.000000,0.000000,0.000000,0.000000,0.000000,0.979239,0.020761,0.000000,0.000000,0.000000,0.000000,0.000000,27495,180,301,121
"14,-5",31,110639,9,1,794,2,1,7,19,0,0,0,1.000000,0.000000,0.000000,0.000000,0.000000,0.000000,0.000000,0.988550,0.011450,0.000000,0.000000,0.000000,0.000000,0.000000,27495,180,263,83
"14,-4",33,110538,9,1,795,2,1,7,12,0,0,0,1.000000,0.000000,0.000000,0.000000,0.000000,0.000000,0.000000,0.988636,0.011364,0.000000,0.000000,0.000000,0.000000,0.000000,27495,180,269,89
"14,-3",32,110365,8,1,790,2,1,9,46,0,0,0,0.994444,0.005556,0.000000,0.000000,0.000000,0.000000,0.000000,0.988636,0.011364,0.000000,0.000000,0.000000,0.000000,0.000000,27495,180,268,88
"14,-2",40,110040,7,1,795,2,1,13,26,0,0,1,1.000000,0.000000,0.000000,0.000000,0.000000,0.000000,0.000000,0.979798,0.020202,0.000000,0.000000,0.000000,0.000000,0.000000,27495,180,305,125
"14,-1",37,109747,7,1,791,2,1,10,55,0,0,0,0.994444,0.005556,0.000000,0.000000,0.000000,0.000000,0.000000,0.996491,0.003509,0.000000,0.000000,0.000000,0.000000,0.000000,27495,180,290,110
"14,0",0,109747,0,0,670,4,99999,99999,99999,99999,99999,99999,0.000000,0.000000,0.000000,0.000000,0.000000,0.000000,0.000000,0.000000,0.000000,0.000000,0.000000,0.000000,0.000000,0.000000,0,0,0,0
"14,1",0,109747,0,0,670,4,99999,99999,99999,99999,99999,99999,0.000000,0.000000,0.000000,0.000000,0.000000,0.000000,0.000000,0.000000,0.000000,0.000000,0.000000,0.000000,0.000000,0.000000,0,0,0,0
"14,2",0,109747,0,0,672,4,99999,99999,99999,99999,99999,99999,0.000000,0.000000,0.000000,0.000000,0.000000,0.000000,0.000000,0.000000,0.000000,0.000000,0.000000,0.000000,0.000000,0.000000,0,0,0,0
"14,3",0,109747,0,0,676,4,99999,99999,99999,99999,99999,99999,0.000000,0.000000,0.000000,0.000000,0.000000,0.000000,0.000000,0.000000,0.000000,0.000000,0.000000,0.000000,0.000000,0.000000,0,0,0,0
"14,4",0,109747,0,0,666,4,99999,99999,99999,99999,99999,99999,0.000000,0.000000,0.000000,0.000000,0.000000,0.000000,0.000000,0.000000,0.000000,0.000000,0.000000,0.000000,0.000000,0.000000,0,0,0,0
"14,5",0,109747,0,0,673,4,99999,99999,99999,99999,99999,99999,0.000000,0.000000,0.000000,0.000000,0.000000,0.000000,0.000000,0.000000,0.000000,0.000000,0.000000,0.000000,0.000000,0.000000,0,0,0,0
"14,6",0,109747,0,0,673,4,99999,99999,99999,99999,99999,99999,0.000000,0.000000,0.000000,0.000000,0.000000,0.000000,0.000000,0.000000,0.000000,0.000000,0.000000,0.000000,0.000000,0.000000,0,0,0,0
"14,7",0,109747,0,0,669,4,99999,99999,99999,99999,99999,99999,0.000000,0.000000,0.000000,0.000000,0.000000,0.000000,0.000000,0.000000,0.000000,0.000000,0.000000,0.000000,0.000000,0.000000,0,0,0,0
"14,8",0,109747,0,0,675,4,99999,99999,99999,99999,99999,99999,0.000000,0.000000,0.000000,0.000000,0.000000,0.000000,0.000000,0.000000,0.000000,0.000000,0.000000,0.000000,0.000000,0.000000,0,0,0,0
"14,9",0,109747,0,0,671,4,99999,99999,99999,99999,99999,99999,0.000000,0.000000,0.000000,0.000000,0.000000,0.000000,0.000000,0.000000,0.000000,0.000000,0.000000,0.000000,0.000000,0.000000,0,0,0,0
"14,10",0,109747,0,0,674,4,99999,99999,99999,99999,99999,99999,0.000000,0.000000,0.000000,0.000000,0.000000,0.000000,0.000000,0.000000,0.000000,0.000000,0.000000,0.000000,0.000000,0.000000,0,0,0,0
"14,11",0,109747,0,0,672,4,99999,99999,99999,99999,99999,99999,0.000000,0.000000,0.000000,0.000000,0.000000,0.000000,0.000000,0.000000,0.000000,0.000000,0.000000,0.000000,0.000000,0.000000,0,0,0,0
"14,12",0,109747,0,0,683,4,99999,99999,99999,99999,99999,99999,0.000000,0.000000,0.000000,0.000000,0.000000,0.000000,0.000000,0.000000,0.000000,0.000000,0.000000,0.000000,0.000000,0.000000,0,0,0,0
"14,13",0,109747,0,0,56,4,99999,99999,99999,99999,99999,99999,0.000000,0.000000,0.000000,0.000000,0.000000,0.000000,0.000000,0.000000,0.000000,0.000000,0.000000,0.000000,0.000000,0.000000,0,0,0,0
"14,17",0,109747,0,0,56,4,99999,99999,99999,99999,99999,99999,0.000000,0.000000,0.000000,0.000000,0.000000,0.000000,0.000000,0.000000,0.000000,0.000000,0.000000,0.000000,0.000000,0.000000,0,0,0,0
"14,18",0,109747,0,0,57,4,99999,99999,99999,99999,99999,99999,0.000000,0.000000,0.000000,0.000000,0.000000,0.000000,0.000000,0.000000,0.000000,0.000000,0.000000,0.000000,0.000000,0.000000,0,0,0,0
"14,19",0,109747,0,0,8,4,99999,99999,99999,99999,99999,99999,0.000000,0.000000,0.000000,0.000000,0.000000,0.000000,0.000000,0.000000,0.000000,0.000000,0.000000,0.000000,0.000000,0.000000,0,0,0,0
"14,20",0,109747,0,0,7,4,99999,99999,99999,99999,99999,99999,0.000000,0.000000,0.000000,0.000000,0.000000,0.000000,0.000000,0.000000,0.000000,0.000000,0.000000,0.000000,0.000000,0.000000,0,0,0,0
"14,21",0,109747,0,0,8,4,99999,99999,99999,99999,99999,99999,0.000000,0.000000,0.000000,0.000000,0.000000,0.000000,0.000000,0.000000,0.000000,0.000000,0.000000,0.000000,0.000000,0.000000,0,0,0,0
"14,22",0,109747,0,0,7,4,99999,99999,99999,99999,99999,99999,0.000000,0.000000,0.000000,0.000000,0.000000,0.000000,0.000000,0.000000,0.000000,0.000000,0.000000,0.000000,0.000000,0.000000,0,0,0,0
"14,23",0,109747,0,0,4,4,99999,99999,99999,99999,99999,99999,0.000000,0.000000,0.000000,0.000000,0.000000,0.000000,0.000000,0.000000,0.000000,0.000000,0.000000,0.000000,0.000000,0.000000,0,0,0,0
"14,24",0,109747,0,0,4,4,99999,99999,99999,99999,99999,99999,0.000000,0.000000,0.000000,0.000000,0.000000,0.000000,0.000000,0.000000,0.000000,0.000000,0.000000,0.000000,0.000000,0.000000,0,0,0,0
"14,25",0,109747,0,0,4,4,99999,99999,99999,99999,99999,99999,0.000000,0.000000,0.000000,0.000000,0.000000,0.000000,0.000000,0.000000,0.000000,0.000000,0.000000,0.000000,0.000000,0.000000,0,0,0,0
"14,26",0,109747,0,0,4,4,99999,99999,99999,99999,99999,99999,0.000000,0.000000,0.000000,0.000000,0.000000,0.000000,0.000000,0.000000,0.000000,0.000000,0.000000,0.000000,0.000000,0.000000,0,0,0,0
"15,-26",36,109650,9,1,792,2,1,21,95,0,0,0,0.988889,0.011111,0.000000,0.000000,0.000000,0.000000,0.000000,0.989051,0.010949,0.000000,0.000000,0.000000,0.000000,0.000000,27495,180,283,103
"15,-25",34,109557,9,1,792,2,1,9,18,0,0,0,1.000000,0.000000,0.000000,0.000000,0.000000,0.000000,0.000000,0.992424,0.007576,0.000000,0.000000,0.000000,0.000000,0.000000,27495,180,273,93
"15,-24",34,109558,10,1,798,2,1,9,22,0,0,0,1.000000,0.000000,0.000000,0.000000,0.000000,0.000000,0.000000,0.996212,0.003788,0.000000,0.000000,0.000000,0.000000,0.000000,27495,180,274,94
"15,-23",39,109656,11,1,791,2,1,22,42,0,0,1,0.994444,0.005556,0.000000,0.000000,0.000000,0.000000,0.000000,0.982639,0.017361,0.000000,0.000000,0.000000,0.000000,0.000000,27495,180,298,118
"15,-22",36,109747,11,1,793,2,1,12,31,0,0,1,1.000000,0.000000,0.000000,0.000000,0.000000,0.000000,0.000000,0.974820,0.025180,0.000000,0.000000,0.000000,0.000000,0.000000,27495,180,282,102
"15,-21",36,109837,11,1,794,2,2,10,20,0,0,0,1.000000,0.000000,0.000000,0.000000,0.000000,0.000000,0.000000,0.989362,0.010638,0.000000,0.000000,0.000000,0.000000,0.000000,27495,180,285,105
"15,-20",35,109926,11,1,798,2,1,10,18,0,0,2,1.000000,0.000000,0.000000,0.000000,0.000000,0.000000,0.000000,0.974170,0.025830,0.000000,0.000000,0.000000,0.000000,0.000000,27495,180,279,99
"15,-19",39,110018,11,1,791,2,1,17,90,0,0,1,0.988889,0.011111,0.000000,0.000000,0.000000,0.000000,0.000000,0.975610,0.024390,0.000000,0.000000,0.000000,0.000000,0.000000,27495,180,296,116
"15,-18",35,110104,11,1,796,2,1,9,22,0,0,1,1.000000,0.000000,0.000000,0.000000,0.000000,0.000000,0.000000,0.985507,0.014493,0.000000,0.000000,0.000000,0.000000,0.000000,27561,181,282,101
"15,-17",33,110185,11,1,791,2,1,13,55,0,0,1,1.000000,0.000000,0.000000,0.000000,0.000000,0.000000,0.000000,0.965779,0.034221,0.000000,0.000000,0.000000,0.000000,0.000000,27495,180,272,92
"15,-13",32,110264,11,1,798,2,1,9,18,0,0,1,1.000000,0.000000,0.000000,0.000000,0.000000,0.000000,0.000000,0.984674,0.015326,0.000000,0.000000,0.000000,0.000000,0.000000,27495,180,266,86
"15,-12",37,110349,11,1,794,2,1,13,71,0,0,1,0.988889,0.011111,0.000000,0.000000,0.000000,0.000000,0.000000,0.971223,0.028777,0.000000,0.000000,0.000000,0.000000,0.000000,27495,180,289,109
"15,-11",31,110426,11,1,798,2,1,11,30,0,0,1,0.994444,0.005556,0.000000,0.000000,0.000000,0.000000,0.000000,0.968872,0.031128,0.000000,0.000000,0.000000,0.000000,0.000000,27495,180,263,83
"15,-10",31,110421,10,1,795,2,1,7,16,0,0,0,1.000000,0.000000,0.000000,0.000000,0.000000,0.000000,0.000000,0.996047,0.003953,0.000000,0.000000,0.000000,0.000000,0.000000,27495,180,263,83
"15,-9",42,110324,9,1,795,2,1,11,63,0,0,1,0.994444,0.005556,0.000000,0.000000,0.000000,0.000000,0.000000,0.979661,0.020339,0.000000,0.000000,0.000000,0.000000,0.000000,27495,180,312,132
"15,-8",31,110239,9,1,792,2,1,8,13,0,0,1,1.000000,0.000000,0.000000,0.000000,0.000000,0.000000,0.000000,0.980695,0.019305,0.000000,0.000000,0.000000,0.000000,0.000000,27495,180,263,83
"15,-7",32,110157,9,1,796,2,1,12,42,0,0,1,1.000000,0.000000,0.000000,0.000000,0.000000,0.000000,0.000000,0.972656,0.023438,0.003906,0.000000,0.000000,0.000000,0.000000,27495,180,268,88
"15,-6",33,110073,9,1,794,2,1,10,16,0,0,1,1.000000,0.000000,0.000000,0.000000,0.000000,0.000000,0.000000,0.970149,0.029851,0.000000,0.000000,0.000000,0.000000,0.000000,27495,180,270,90
"15,-5",34,109989,9,1,792,2,1,9,17,0,0,0,1.000000,0.000000,0.000000,0.000000,0.000000,0.000000,0.000000,0.989011,0.010989,0.000000,0.000000,0.000000,0.000000,0.000000,27495,180,273,93
"15,-4",38,109903,9,1,798,2,1,11,34,0,0,0,1.000000,0.000000,0.000000,0.000000,0.000000,0.000000,0.000000,0.989619,0.010381,0.000000,0.000000,0.000000,0.000000,0.000000,27495,180,291,111
"15,-3",36,109752,8,1,792,2,1,12,32,0,0,1,1.000000,0.000000,0.000000,0.000000,0.000000,0.000000,0.000000,0.985714,0.014286,0.000000,0.000000,0.000000,0.000000,0.000000,27495,180,285,105
"15,-2",38,109492,7,1,792,2,1,10,18,0,0,1,1.000000,0.000000,0.000000,0.000000,0.000000,0.000000,0.000000,0.979452,0.020548,0.000000,0.000000,0.000000,0.000000,0.000000,27495,180,294,114
"15,-1",36,109250,7,1,791,2,1,14,70,0,0,1,0.988889,0.011111,0.000000,0.000000,0.000000,0.000000,0.000000,0.978417,0.021583,0.000000,0.000000,0.000000,0.000000,0.000000,27495,180,285,105
"15,0",0,109250,0,0,663,4,99999,99999,99999,99999,99999,99999,0.000000,0.000000,0.000000,0.000000,0.000000,0.000000,0.000000,0.000000,0.000000,0.000000,0.000000,0.000000,0.000000,0.000000,0,0,0,0
"15,1",0,109250,0,0,669,4,99999,99999,99999,99999,99999,99999,0.000000,0.000000,0.000000,0.000000,0.000000,0.000000,0.000000,0.000000,0.000000,0.000000,0.000000,0.000000,0.000000,0.000000,0,0,0,0
"15,2",0,109250,0,0,672,4,99999,99999,99999,99999,99999,99999,0.000000,0.000000,0.000000,0.000000,0.000000,0.000000,0.000000,0.000000,0.000000,0.000000,0.000000,0.000000,0.000000,0.000000,0,0,0,0
"15,3",0,109250,0,0,670,4,99999,99999,99999,99999,99999,99999,0.000000,0.000000,0.000000,0.000000,0.000000,0.000000,0.000000,0.000000,0.000000,0.000000,0.000000,0.000000,0.000000,0.000000,0,0,0,0
"15,4",0,109250,0,0,671,4,99999,99999,99999,99999,99999,99999,0.000000,0.000000,0.000000,0.000000,0.000000,0.000000,0.000000,0.000000,0.000000,0.000000,0.000000,0.000000,0.000000,0.000000,0,0,0,0
"15,5",0,109250,0,0,674,4,99999,99999,99999,99999,99999,99999,0.000000,0.000000,0.000000,0.000000,0.000000,0.000000,0.000000,0.000000,0.000000,0.000000,0.000000,0.000000,0.000000,0.000000,0,0,0,0
"15,6",0,109250,0,0,671,4,99999,99999,99999,99999,99999,99999,0.000000,0.000000,0.000000,0.000000,0.000000,0.000000,0.000000,0.000000,0.000000,0.000000,0.000000,0.000000,0.000000,0.000000,0,0,0,0
"15,7",0,109250,0,0,669,4,99999,99999,99999,99999,99999,99999,0.000000,0.000000,0.000000,0.000000,0.000000,0.000000,0.000000,0.000000,0.000000,0.000000,0.000000,0.000000,0.000000,0.000000,0,0,0,0
"15,8",0,109250,0,0,675,4,99999,99999,99999,99999,99999,99999,0.000000,0.000000,0.000000,0.000000,0.000000,0.000000,0.000000,0.000000,0.000000,0.000000,0.000000,0.000000,0.000000,0.000000,0,0,0,0
"15,9",0,109250,0,0,668,4,99999,99999,99999,99999,99999,99999,0.000000,0.000000,0.000000,0.000000,0.000000,0.000000,0.000000,0.000000,0.000000,0.000000,0.000000,0.000000,0.000000,0.000000,0,0,0,0
"15,10",0,109250,0,0,672,4,99999,99999,99999,99999,99999,99999,0.000000,0.000000,0.000000,0.000000,0.000000,0.000000,0.000000,0.000000,0.000000,0.000000,0.000000,0.000000,0.000000,0.000000,0,0,0,0
"15,11",0,109250,0,0,667,4,99999,99999,99999,99999,99999,99999,0.000000,0.000000,0.000000,0.000000,0.000000,0.000000,0.000000,0.000000,0.000000,0.000000,0.000000,0.000000,0.000000,0.000000,0,0,0,0
"15,12",0,109250,0,0,56,4,99999,99999,99999,99999,99999,99999,0.000000,0.000000,0.000000,0.000000,0.000000,0.000000,0.000000,0.000000,0.000000,0.000000,0.000000,0.000000,0.000000,0.000000,0,0,0,0
"15,13",0,109250,0,0,56,4,99999,99999,99999,99999,99999,99999,0.000000,0.000000,0.000000,0.000000,0.000000,0.000000,0.000000,0.000000,0.000000,0.000000,0.000000,0.000000,0.000000,0.000000,0,0,0,0
"15,17",0,109250,0,0,56,4,99999,99999,99999,99999,99999,99999,0.000000,0.000000,0.000000,0.000000,0.000000,0.000000,0.000000,0.000000,0.000000,0.000000,0.000000,0.000000,0.000000,0.000000,0,0,0,0
"15,18",0,109250,0,0,54,4,99999,99999,99999,99999,99999,99999,0.000000,0.000000,0.000000,0.000000,0.000000,0.000000,0.000000,0.000000,0.000000,0.000000,0.000000,0.000000,0.000000,0.000000,0,0,0,0
"15,19",0,109250,0,0,8,4,99999,99999,99999,99999,99999,99999,0.000000,0.000000,0.000000,0.000000,0.000000,0.000000,0.000000,0.000000,0.000000,0.000000,0.000000,0.000000,0.000000,0.000000,0,0,0,0
"15,20",0,109250,0,0,8,4,99999,99999,99999,99999,99999,99999,0.000000,0.000000,0.000000,0.000000,0.000000,0.000000,0.000000,0.000000,0.000000,0.000000,0.000000,0.000000,0.000000,0.000000,0,0,0,0
"15,21",0,109250,0,0,8,4,99999,99999,99999,99999,99999,99999,0.000000,0.000000,0.000000,0.000000,0.000000,0.000000,0.000000,0.000000,0.000000,0.000000,0.000000,0.000000,0.000000,0.000000,0,0,0,0
"15,22",0,109250,0,0,7,4,99999,99999,99999,99999,99999,99999,0.000000,0.000000,0.000000,0.000000,0.000000,0.000000,0.000000,0.000000,0.000000,0.000000,0.000000,0.000000,0.000000,0.000000,0,0,0,0
"15,23",0,109250,0,0,4,4,99999,99999,99999,99999,99999,99999,0.000000,0.000000,0.000000,0.000000,0.000000,0.000000,0.000000,0.000000,0.000000,0.000000,0.000000,0.000000,0.000000,0.000000,0,0,0,0
"15,24",0,109250,0,0,4,4,99999,99999,99999,99999,99999,99999,0.000000,0.000000,0.000000,0.000000,0.000000,0.000000,0.000000,0.000000,0.000000,0.000000,0.000000,0.000000,0.000000,0.000000,0,0,0,0
"15,25",0,109250,0,0,4,4,99999,99999,99999,99999,99999,99999,0.000000,0.000000,0.000000,0.000000,0.000000,0.000000,0.000000,0.000000,0.000000,0.000000,0.000000,0.000000,0.000000,0.000000,0,0,0,0
"15,26",0,109250,0,0,4,4,99999,99999,99999,99999,99999,99999,0.000000,0.000000,0.000000,0.000000,0.000000,0.000000,0.000000,0.000000,0.000000,0.000000,0.000000,0.000000,0.000000,0.000000,0,0,0,0
"16,-26",34,109174,9,1,791,2,1,10,36,0,0,0,0.994444,0.005556,0.000000,0.000000,0.000000,0.000000,0.000000,0.988848,0.011152,0.000000,0.000000,0.000000,0.000000,0.000000,27495,180,275,95
"16,-25",39,109093,9,1,790,2,1,11,29,0,0,0,1.000000,0.000000,0.000000,0.000000,0.000000,0.000000,0.000000,0.989547,0.010453,0.000000,0.000000,0.000000,0.000000,0.000000,27495,180,296,116
"16,-24",37,109017,9,1,791,2,1,9,17,0,0,1,1.000000,0.000000,0.000000,0.000000,0.000000,0.000000,0.000000,0.982014,0.017986,0.000000,0.000000,0.000000,0.000000,0.000000,27495,180,288,108
"16,-23",37,109021,10,1,792,2,1,11,22,0,0,1,1.000000,0.000000,0.000000,0.000000,0.000000,0.000000,0.000000,0.977941,0.022059,0.000000,0.000000,0.000000,0.000000,0.000000,27495,180,286,106
"16,-22",32,109101,11,1,796,2,1,10,35,0,0,1,0.994444,0.005556,0.000000,0.000000,0.000000,0.000000,0.000000,0.961832,0.034351,0.003817,0.000000,0.000000,0.000000,0.000000,27495,180,265,85
"16,-21",36,109183,11,1,793,2,1,11,56,0,0,1,0.988889,0.011111,0.000000,0.000000,0.000000,0.000000,0.000000,0.981949,0.018051,0.000000,0.000000,0.000000,0.000000,0.000000,27495,180,284,104
"16,-20",36,109263,11,1,793,2,1,11,18,0,0,1,1.000000,0.000000,0.000000,0.000000,0.000000,0.000000,0.000000,0.985612,0.014388,0.000000,0.000000,0.000000,0.000000,0.000000,27495,180,282,102
"16,-19",33,109341,11,1,794,2,1,9,21,0,0,1,1.000000,0.000000,0.000000,0.000000,0.000000,0.000000,0.000000,0.985019,0.014981,0.000000,0.000000,0.000000,0.000000,0.000000,27495,180,269,89
"16,-18",37,109419,11,1,791,2,1,8,16,0,0,1,1.000000,0.000000,0.000000,0.000000,0.000000,0.000000,0.000000,0.985765,0.014235,0.000000,0.000000,0.000000,0.000000,0.000000,27561,181,288,107
"16,-17",39,109501,11,1,796,2,1,10,38,0,0,1,1.000000,0.000000,0.000000,0.000000,0.000000,0.000000,0.000000,0.979381,0.020619,0.000000,0.000000,0.000000,0.000000,0.000000,27495,180,296,116
"16,-13",33,109577,11,1,792,2,1,7,14,0,0,0,1.000000,0.000000,0.000000,0.000000,0.000000,0.000000,0.000000,1.000000,0.000000,0.000000,0.000000,0.000000,0.000000,0.000000,27495,180,272,92
"16,-12",39,109657,11,1,795,2,1,24,78,0,0,1,0.994444,0.005556,0.000000,0.000000,0.000000,0.000000,0.000000,0.979452,0.020548,0.000000,0.000000,0.000000,0.000000,0.000000,27495,180,299,119
"16,-11",32,109657,10,1,795,2,1,9,53,0,0,1,0.988889,0.011111,0.000000,0.000000,0.000000,0.000000,0.000000,0.980989,0.019011,0.000000,0.000000,0.000000,0.000000,0.000000,27495,180,265,85
"16,-10",33,109585,9,1,793,2,1,11,18,0,0,0,1.000000,0.000000,0.000000,0.000000,0.000000,0.000000,0.000000,0.992218,0.007782,0.000000,0.000000,0.000000,0.000000,0.000000,27495,180,270,90
"16,-9",35,109513,9,1,794,2,1,9,34,0,0,1,1.000000,0.000000,0.000000,0.000000,0.000000,0.000000,0.000000,0.977941,0.022059,0.000000,0.000000,0.000000,0.000000,0.000000,27495,180,279,99
"16,-8",32,109442,9,1,798,2,1,8,17,0,0,1,1.000000,0.000000,0.000000,0.000000,0.000000,0.000000,0.000000,0.973282,0.026718,0.000000,0.000000,0.000000,0.000000,0.000000,27495,180,265,85
"16,-7",34,109371,9,1,794,2,1,9,16,0,0,1,1.000000,0.000000,0.000000,0.000000,0.000000,0.000000,0.000000,0.985075,0.014925,0.000000,0.000000,0.000000,0.000000,0.000000,27495,180,275,95
"16,-6",35,109300,9,1,794,2,1,12,17,0,0,0,1.000000,0.000000,0.000000,0.000000,0.000000,0.000000,0.000000,0.992806,0.007194,0.000000,0.000000,0.000000,0.000000,0.000000,27495,180,279,99
"16,-5",31,109235,9,1,795,2,1,8,11,0,0,0,1.000000,0.000000,0.000000,0.000000,0.000000,0.000000,0.000000,0.992188,0.007812,0.000000,0.000000,0.000000,0.000000,0.000000,27495,180,262,82
"16,-4",35,109110,8,1,796,2,1,9,17,0,0,3,1.000000,0.000000,0.000000,0.000000,0.000000,0.000000,0.000000,0.974638,0.021739,0.003623,0.000000,0.000000,0.000000,0.000000,27495,180,279,99
"16,-3",34,108992,8,1,796,2,1,10,24,0,0,0,1.000000,0.000000,0.000000,0.000000,0.000000,0.000000,0.000000,0.996226,0.003774,0.000000,0.000000,0.000000,0.000000,0.000000,27495,180,275,95
"16,-2",33,108793,7,1,793,2,1,9,11,0,0,1,1.000000,0.000000,0.000000,0.000000,0.000000,0.000000,0.000000,0.977695,0.022305,0.000000,0.000000,0.000000,0.000000,0.000000,27495,180,272,92
"16,-1",32,108600,7,1,798,2,1,7,27,0,0,0,1.000000,0.000000,0.000000,0.000000,0.000000,0.000000,0.000000,0.996212,0.003788,0.000000,0.000000,0.000000,0.000000,0.000000,27495,180,265,85
"16,0",0,108600,0,0,671,4,99999,99999,99999,99999,99999,99999,0.000000,0.000000,0.000000,0.000000,0.000000,0.000000,0.000000,0.000000,0.000000,0.000000,0.000000,0.000000,0.000000,0.000000,0,0,0,0
"16,1",0,108600,0,0,667,4,99999,99999,99999,99999,99999,99999,0.000000,0.000000,0.000000,0.000000,0.000000,0.000000,0.000000,0.000000,0.000000,0.000000,0.000000,0.000000,0.000000,0.000000,0,0,0,0
"16,2",0,108600,0,0,668,4,99999,99999,99999,99999,99999,99999,0.000000,0.000000,0.000000,0.000000,0.000000,0.000000,0.000000,0.000000,0.000000,0.000000,0.000000,0.000000,0.000000,0.000000,0,0,0,0
"16,3",0,108600,0,0,673,4,99999,99999,99999,99999,99999,99999,0.000000,0.000000,0.000000,0.000000,0.000000,0.000000,0.000000,0.000000,0.000000,0.000000,0.000000,0.000000,0.000000,0.000000,0,0,0,0
"16,4",0,108600,0,0,671,4,99999,99999,99999,99999,99999,99999,0.000000,0.000000,0.000000,0.000000,0.000000,0.000000,0.000000,0.000000,0.000000,0.000000,0.000000,0.000000,0.000000,0.000000,0,0,0,0
"16,5",0,108600,0,0,670,4,99999,99999,99999,99999,99999,99999,0.000000,0.000000,0.000000,0.000000,0.000000,0.000000,0.000000,0.000000,0.000000,0.000000,0.000000,0.000000,0.000000,0.000000,0,0,0,0
"16,6",0,108600,0,0,672,4,99999,99999,99999,99999,99999,99999,0.000000,0.000000,0.000000,0.000000,0.000000,0.000000,0.000000,0.000000,0.000000,0.000000,0.000000,0.000000,0.000000,0.000000,0,0,0,0
"16,7",0,108600,0,0,670,4,99999,99999,99999,99999,99999,99999,0.000000,0.000000,0.000000,0.000000,0.000000,0.000000,0.000000,0.000000,0.000000,0.000000,0.000000,0.000000,0.000000,0.000000,0,0,0,0
"16,8",0,108600,0,0,666,4,99999,99999,99999,99999,99999,99999,0.000000,0.000000,0.000000,0.000000,0.000000,0.000000,0.000000,0.000000,0.000000,0.000000,0.000000,0.000000,0.000000,0.000000,0,0,0,0
"16,9",0,108600,0,0,676,4,99999,99999,99999,99999,99999,99999,0.000000,0.000000,0.000000,0.000000,0.000000,0.000000,0.000000,0.000000,0.000000,0.000000,0.000000,0.000000,0.000000,0.000000,0,0,0,0
"16,10",0,108600,0,0,674,4,99999,99999,99999,99999,99999,99999,0.000000,0.000000,0.000000,0.000000,0.000000,0.000000,0.000000,0.000000,0.000000,0.000000,0.000000,0.000000,0.000000,0.000000,0,0,0,0
"16,11",0,108600,0,0,672,4,99999,99999,99999,99999,99999,99999,0.000000,0.000000,0.000000,0.000000,0.000000,0.000000,0.000000,0.000000,0.000000,0.000000,0.000000,0.000000,0.000000,0.000000,0,0,0,0
"16,12",0,108600,0,0,56,4,99999,99999,99999,99999,99999,99999,0.000000,0.000000,0.000000,0.000000,0.000000,0.000000,0.000000,0.000000,0.000000,0.000000,0.000000,0.000000,0.000000,0.000000,0,0,0,0
"16,13",0,108600,0,0,55,4,99999,99999,99999,99999,99999,99999,0.000000,0.000000,0.000000,0.000000,0.000000,0.000000,0.000000,0.000000,0.000000,0.000000,0.000000,0.000000,0.000000,0.000000,0,0,0,0
"16,17",0,108600,0,0,55,4,99999,99999,99999,99999,99999,99999,0.000000,0.000000,0.000000,0.000000,0.000000,0.000000,0.000000,0.000000,0.000000,0.000000,0.000000,0.000000,0.000000,0.000000,0,0,0,0
"16,18",0,108600,0,0,56,4,99999,99999,99999,99999,99999,99999,0.000000,0.000000,0.000000,0.000000,0.000000,0.000000,0.000000,0.000000,0.000000,0.000000,0.000000,0.000000,0.000000,0.000000,0,0,0,0
"16,19",0,108600,0,0,8,4,99999,99999,99999,99999,99999,99999,0.000000,0.000000,0.000000,0.000000,0.000000,0.000000,0.000000,0.000000,0.000000,0.000000,0.000000,0.000000,0.000000,0.000000,0,0,0,0
"16,20",0,108600,0,0,8,4,99999,99999,99999,99999,99999,99999,0.000000,0.000000,0.000000,0.000000,0.000000,0.000000,0.000000,0.000000,0.000000,0.000000,0.000000,0.000000,0.000000,0.000000,0,0,0,0
"16,21",0,108600,0,0,8,4,99999,99999,99999,99999,99999,99999,0.000000,0.000000,0.000000,0.000000,0.000000,0.000000,0.000000,0.000000,0.000000,0.000000,0.000000,0.000000,0.000000,0.000000,0,0,0,0
"16,22",0,108600,0,0,7,4,99999,99999,99999,99999,99999,99999,0.000000,0.000000,0.000000,0.000000,0.000000,0.000000,0.000000,0.000000,0.000000,0.000000,0.000000,0.000000,0.000000,0.000000,0,0,0,0
"16,23",0,108600,0,0,4,4,99999,99999,99999,99999,99999,99999,0.000000,0.000000,0.000000,0.000000,0.000000,0.000000,0.000000,0.000000,0.000000,0.000000,0.000000,0.000000,0.000000,0.000000,0,0,0,0
"16,24",0,108600,0,0,4,4,99999,99999,99999,99999,99999,99999,0.000000,0.000000,0.000000,0.000000,0.000000,0.000000,0.000000,0.000000,0.000000,0.000000,0.000000,0.000000,0.000000,0.000000,0,0,0,0
"16,25",0,108600,0,0,4,4,99999,99999,99999,99999,99999,99999,0.000000,0.000000,0.000000,0.000000,0.000000,0.000000,0.000000,0.000000,0.000000,0.000000,0.000000,0.000000,0.000000,0.000000,0,0,0,0
"16,26",0,108600,0,0,4,4,99999,99999,99999,99999,99999,99999,0.000000,0.000000,0.000000,0.000000,0.000000,0.000000,0.000000,0.000000,0.000000,0.000000,0.000000,0.000000,0.000000,0.000000,0,0,0,0
"17,-26",38,108535,9,1,796,2,1,14,27,0,0,0,1.000000,0.000000,0.000000,0.000000,0.000000,0.000000,0.000000,0.993031,0.006969,0.000000,0.000000,0.000000,0.000000,0.000000,27495,180,292,112
"17,-25",33,108474,9,1,797,2,1,10,38,0,0,1,1.000000,0.000000,0.000000,0.000000,0.000000,0.000000,0.000000,0.970037,0.029963,0.000000,0.000000,0.000000,0.000000,0.000000,27495,180,271,91
"17,-24",32,108415,9,1,792,2,1,8,14,0,0,1,1.000000,0.000000,0.000000,0.000000,0.000000,0.000000,0.000000,0.961977,0.038023,0.000000,0.000000,0.000000,0.000000,0.000000,27495,180,266,86
"17,-23",34,108354,9,1,792,2,1,9,19,0,0,0,1.000000,0.000000,0.000000,0.000000,0.000000,0.000000,0.000000,0.992620,0.007380,0.000000,0.000000,0.000000,0.000000,0.000000,27495,180,276,96
"17,-22",31,108361,10,1,796,2,1,10,21,0,0,0,1.000000,0.000000,0.000000,0.000000,0.000000,0.000000,0.000000,0.988372,0.011628,0.000000,0.000000,0.000000,0.000000,0.000000,27495,180,262,82
"17,-21",38,108368,10,1,793,2,1,23,82,0,0,1,0.994444,0.005556,0.000000,0.000000,0.000000,0.000000,0.000000,0.973282,0.026718,0.000000,0.000000,0.000000,0.000000,0.000000,27495,180,291,111
"17,-20",33,108440,11,1,792,2,1,9,22,0,0,1,1.000000,0.000000,0.000000,0.000000,0.000000,0.000000,0.000000,0.977778,0.022222,0.000000,0.000000,0.000000,0.000000,0.000000,27495,180,272,92
"17,-19",31,108510,11,1,792,2,1,8,47,0,0,0,1.000000,0.000000,0.000000,0.000000,0.000000,0.000000,0.000000,0.988235,0.011765,0.000000,0.000000,0.000000,0.000000,0.000000,27495,180,262,82
"17,-18",35,108584,11,1,796,2,1,10,27,0,0,0,1.000000,0.000000,0.000000,0.000000,0.000000,0.000000,0.000000,0.992727,0.007273,0.000000,0.000000,0.000000,0.000000,0.000000,27561,181,281,100
"17,-17",33,108655,11,1,795,2,1,8,14,0,0,1,1.000000,0.000000,0.000000,0.000000,0.000000,0.000000,0.000000,0.973485,0.026515,0.000000,0.000000,0.000000,0.000000,0.000000,27495,180,269,89
"17,-16",35,108727,11,1,790,2,1,16,26,0,0,1,0.994444,0.005556,0.000000,0.000000,0.000000,0.000000,0.000000,0.963504,0.036496,0.000000,0.000000,0.000000,0.000000,0.000000,27495,180,280,100
"17,-15",35,108800,11,1,795,2,1,34,143,0,0,1,0.977778,0.022222,0.000000,0.000000,0.000000,0.000000,0.000000,0.977695,0.022305,0.000000,0.000000,0.000000,0.000000,0.000000,27495,180,281,101
"17,-14",30,108867,11,1,792,2,1,8,18,0,0,1,1.000000,0.000000,0.000000,0.000000,0.000000,0.000000,0.000000,0.984252,0.015748,0.000000,0.000000,0.000000,0.000000,0.000000,27495,180,258,78
"17,-13",33,108872,10,1,794,2,1,10,21,0,0,0,1.000000,0.000000,0.000000,0.000000,0.000000,0.000000,0.000000,0.992453,0.007547,0.000000,0.000000,0.000000,0.000000,0.000000,27495,180,271,91
"17,-12",38,108876,10,1,791,2,1,12,24,0,0,1,1.000000,0.000000,0.000000,0.000000,0.000000,0.000000,0.000000,0.975610,0.024390,0.000000,0.000000,0.000000,0.000000,0.000000,27495,180,295,115
"17,-11",35,108818,9,1,794,2,1,10,57,0,0,1,0.994444,0.005556,0.000000,0.000000,0.000000,0.000000,0.000000,0.969582,0.030418,0.000000,0.000000,0.000000,0.000000,0.000000,27495,180,277,97
"17,-10",36,108757,9,1,792,2,1,10,19,0,0,1,1.000000,0.000000,0.000000,0.000000,0.000000,0.000000,0.000000,0.953571,0.046429,0.000000,0.000000,0.000000,0.000000,0.000000,27495,180,283,103
"17,-9",37,108696,9,1,795,2,1,10,28,0,0,1,1.000000,0.000000,0.000000,0.000000,0.000000,0.000000,0.000000,0.975177,0.024823,0.000000,0.000000,0.000000,0.000000,0.000000,27495,180,287,107
"17,-8",31,108640,9,1,793,2,1,7,12,0,0,0,1.000000,0.000000,0.000000,0.000000,0.000000,0.000000,0.000000,0.988417,0.011583,0.000000,0.000000,0.000000,0.000000,0.000000,27495,180,261,81
"17,-7",31,108585,9,1,793,2,1,8,16,0,0,1,1.000000,0.000000,0.000000,0.000000,0.000000,0.000000,0.000000,0.980916,0.019084,0.000000,0.000000,0.000000,0.000000,0.000000,27495,180,263,83
"17,-6",32,108531,9,1,793,2,1,8,36,0,0,0,0.994444,0.005556,0.000000,0.000000,0.000000,0.000000,0.000000,0.988372,0.011628,0.000000,0.000000,0.000000,0.000000,0.000000,27495,180,265,85
"17,-5",35,108475,9,1,790,2,1,10,22,0,0,1,1.000000,0.000000,0.000000,0.000000,0.000000,0.000000,0.000000,0.981685,0.018315,0.000000,0.000000,0.000000,0.000000,0.000000,27495,180,277,97
"17,-4",39,108362,8,1,795,2,1,16,44,0,0,1,1.000000,0.000000,0.000000,0.000000,0.000000,0.000000,0.000000,0.986111,0.013889,0.000000,0.000000,0.000000,0.000000,0.000000,27495,180,300,120
"17,-3",30,108194,7,1,792,2,1,8,13,0,0,0,1.000000,0.000000,0.000000,0.000000,0.000000,0.000000,0.000000,0.992188,0.007812,0.000000,0.000000,0.000000,0.000000,0.000000,27495,180,259,79
"17,-2",31,108025,7,1,794,2,1,8,12,0,0,0,1.000000,0.000000,0.000000,0.000000,0.000000,0.000000,0.000000,0.996198,0.003802,0.000000,0.000000,0.000000,0.000000,0.000000,27495,180,263,83
"17,-1",0,108025,0,0,667,4,99999,99999,99999,99999,99999,99999,0.000000,0.000000,0.000000,0.000000,0.000000,0.000000,0.000000,0.000000,0.000000,0.000000,0.000000,0.000000,0.000000,0.000000,0,0,0,0
"17,0",0,108025,0,0,672,4,99999,99999,99999,99999,99999,99999,0.000000,0.000000,0.000000,0.000000,0.000000,0.000000,0.000000,0.000000,0.000000,0.000000,0.000000,0.000000,0.000000,0.000000,0,0,0,0
"17,1",0,108025,0,0,669,4,99999,99999,99999,99999,99999,99999,0.000000,0.000000,0.000000,0.000000,0.000000,0.000000,0.000000,0.000000,0.000000,0.000000,0.000000,0.000000,0.000000,0.000000,0,0,0,0
"17,2",0,108025,0,0,672,4,99999,99999,99999,99999,99999,99999,0.000000,0.000000,0.000000,0.000000,0.000000,0.000000,0.000000,0.000000,0.000000,0.000000,0.000000,0.000000,0.000000,0.000000,0,0,0,0
"17,3",0,108025,0,0,675,4,99999,99999,99999,99999,99999,99999,0.000000,0.000000,0.000000,0.000000,0.000000,0.000000,0.000000,0.000000,0.000000,0.000000,0.000000,0.000000,0.000000,0.000000,0,0,0,0
"17,4",0,108025,0,0,672,4,99999,99999,99999,99999,99999,99999,0.000000,0.000000,0.000000,0.000000,0.000000,0.000000,0.000000,0.000000,0.000000,0.000000,0.000000,0.000000,0.000000,0.000000,0,0,0,0
"17,5",0,108025,0,0,673,4,99999,99999,99999,99999,99999,99999,0.000000,0.000000,0.000000,0.000000,0.000000,0.000000,0.000000,0.000000,0.000000,0.000000,0.000000,0.000000,0.000000,0.000000,0,0,0,0
"17,6",0,108025,0,0,672,4,99999,99999,99999,99999,99999,99999,0.000000,0.000000,0.000000,0.000000,0.000000,0.000000,0.000000,0.000000,0.000000,0.000000,0.000000,0.000000,0.000000,0.000000,0,0,0,0
"17,7",0,108025,0,0,669,4,99999,99999,99999,99999,99999,99999,0.000000,0.000000,0.000000,0.000000,0.000000,0.000000,0.000000,0.000000,0.000000,0.000000,0.000000,0.000000,0.000000,0.000000,0,0,0,0
"17,8",0,108025,0,0,672,4,99999,99999,99999,99999,99999,99999,0.000000,0.000000,0.000000,0.000000,0.000000,0.000000,0.000000,0.000000,0.000000,0.000000,0.000000,0.000000,0.000000,0.000000,0,0,0,0
"17,9",0,108025,0,0,668,4,99999,99999,99999,99999,99999,99999,0.000000,0.000000,0.000000,0.000000,0.000000,0.000000,0.000000,0.000000,0.000000,0.000000,0.000000,0.000000,0.000000,0.000000,0,0,0,0
"17,10",0,108025,0,0,679,4,99999,99999,99999,99999,99999,99999,0.000000,0.000000,0.000000,0.000000,0.000000,0.000000,0.000000,0.000000,0.000000,0.000000,0.000000,0.000000,0.000000,0.000000,0,0,0,0
"17,11",0,108025,0,0,674,4,99999,99999,99999,99999,99999,99999,0.000000,0.000000,0.000000,0.000000,0.000000,0.000000,0.000000,0.000000,0.000000,0.000000,0.000000,0.000000,0.000000,0.000000,0,0,0,0
"17,12",0,108025,0,0,55,4,99999,99999,99999,99999,99999,99999,0.000000,0.000000,0.000000,0.000000,0.000000,0.000000,0.000000,0.000000,0.000000,0.000000,0.000000,0.000000,0.000000,0.000000,0,0,0,0
"17,13",0,108025,0,0,56,4,99999,99999,99999,99999,99999,99999,0.000000,0.000000,0.000000,0.000000,0.000000,0.000000,0.000000,0.000000,0.000000,0.000000,0.000000,0.000000,0.000000,0.000000,0,0,0,0
"17,14",0,108025,0,0,54,4,99999,99999,99999,99999,99999,99999,0.000000,0.000000,0.000000,0.000000,0.000000,0.000000,0.000000,0.000000,0.000000,0.000000,0.000000,0.000000,0.000000,0.000000,0,0,0,0
"17,15",0,108025,0,0,55,4,99999,99999,99999,99999,99999,99999,0.000000,0.000000,0.000000,0.000000,0.000000,0.000000,0.000000,0.000000,0.000000,0.000000,0.000000,0.000000,0.000000,0.000000,0,0,0,0
"17,16",0,108025,0,0,56,4,99999,99999,99999,99999,99999,99999,0.000000,0.000000,0.000000,0.000000,0.000000,0.000000,0.000000,0.000000,0.000000,0.000000,0.000000,0.000000,0.000000,0.000000,0,0,0,0
"17,17",0,108025,0,0,56,4,99999,99999,99999,99999,99999,99999,0.000000,0.000000,0.000000,0.000000,0.000000,0.000000,0.000000,0.000000,0.000000,0.000000,0.000000,0.000000,0.000000,0.000000,0,0,0,0
"17,18",0,108025,0,0,55,4,99999,99999,99999,99999,99999,99999,0.000000,0.000000,0.000000,0.000000,0.000000,0.000000,0.000000,0.000000,0.000000,0.000000,0.000000,0.000000,0.000000,0.000000,0,0,0,0
"17,19",0,108025,0,0,8,4,99999,99999,99999,99999,99999,99999,0.000000,0.000000,0.000000,0.000000,0.000000,0.000000,0.000000,0.000000,0.000000,0.000000,0.000000,0.000000,0.000000,0.000000,0,0,0,0
"17,20",0,108025,0,0,8,4,99999,99999,99999,99999,99999,99999,0.000000,0.000000,0.000000,0.000000,0.000000,0.000000,0.000000,0.000000,0.000000,0.000000,0.000000,0.000000,0.000000,0.000000,0,0,0,0
"17,21",0,108025,0,0,8,4,99999,99999,99999,99999,99999,99999,0.000000,0.000000,0.000000,0.000000,0.000000,0.000000,0.000000,0.000000,0.000000,0.000000,0.000000,0.000000,0.000000,0.000000,0,0,0,0
"17,22",0,108025,0,0,8,4,99999,99999,99999,99999,99999,99999,0.000000,0.000000,0.000000,0.000000,0.000000,0.000000,0.000000,0.000000,0.000000,0.000000,0.000000,0.000000,0.000000,0.000000,0,0,0,0
"17,23",0,108025,0,0,4,4,99999,99999,99999,99999,99999,99999,0.000000,0.000000,0.000000,0.000000,0.000000,0.000000,0.000000,0.000000,0.000000,0.000000,0.000000,0.000000,0.000000,0.000000,0,0,0,0
"17,24",0,108025,0,0,4,4,99999,99999,99999,99999,99999,99999,0.000000,0.000000,0.000000,0.000000,0.000000,0.000000,0.000000,0.000000,0.000000,0.000000,0.000000,0.000000,0.000000,0.000000,0,0,0,0
"17,25",0,108025,0,0,4,4,99999,99999,99999,99999,99999,99999,0.000000,0.000000,0.000000,0.000000,0.000000,0.000000,0.000000,0.000000,0.000000,0.000000,0.000000,0.000000,0.000000,0.000000,0,0,0,0
"17,26",0,108025,0,0,4,4,99999,99999,99999,99999,99999,99999,0.000000,0.000000,0.000000,0.000000,0.000000,0.000000,0.000000,0.000000,0.000000,0.000000,0.000000,0.000000,0.000000,0.000000,0,0,0,0
"18,-26",31,107975,9,1,795,2,1,7,20,0,0,1,1.000000,0.000000,0.000000,0.000000,0.000000,0.000000,0.000000,0.980469,0.019531,0.000000,0.000000,0.000000,0.000000,0.000000,27495,180,261,81
"18,-25",31,107926,9,1,796,2,1,10,18,0,0,1,1.000000,0.000000,0.000000,0.000000,0.000000,0.000000,0.000000,0.984674,0.015326,0.000000,0.000000,0.000000,0.000000,0.000000,27495,180,263,83
"18,-24",36,107874,9,1,792,2,1,12,22,0,0,1,1.000000,0.000000,0.000000,0.000000,0.000000,0.000000,0.000000,0.978102,0.021898,0.000000,0.000000,0.000000,0.000000,0.000000,27495,180,282,102
"18,-23",30,107825,9,1,795,2,1,8,23,0,0,0,1.000000,0.000000,0.000000,0.000000,0.000000,0.000000,0.000000,0.996094,0.003906,0.000000,0.000000,0.000000,0.000000,0.000000,27495,180,259,79
"18,-22",38,107773,9,1,792,2,1,17,36,0,0,1,1.000000,0.000000,0.000000,0.000000,0.000000,0.000000,0.000000,0.985714,0.014286,0.000000,0.000000,0.000000,0.000000,0.000000,27495,180,293,113
"18,-21",37,107782,10,1,795,2,1,13,22,0,0,1,1.000000,0.000000,0.000000,0.000000,0.000000,0.000000,0.000000,0.961131,0.038869,0.000000,0.000000,0.000000,0.000000,0.000000,27495,180,290,110
"18,-20",33,107791,10,1,795,2,1,9,32,0,0,0,0.994444,0.005556,0.000000,0.000000,0.000000,0.000000,0.000000,0.988417,0.011583,0.000000,0.000000,0.000000,0.000000,0.000000,27495,180,270,90
"18,-19",37,107800,10,1,795,2,1,11,31,0,0,0,1.000000,0.000000,0.000000,0.000000,0.000000,0.000000,0.000000,0.989051,0.010949,0.000000,0.000000,0.000000,0.000000,0.000000,27495,180,287,107
"18,-18",32,107809,10,1,794,2,1,14,22,0,0,1,1.000000,0.000000,0.000000,0.000000,0.000000,0.000000,0.000000,0.972868,0.027132,0.000000,0.000000,0.000000,0.000000,0.000000,27561,181,268,87
"18,-17",32,107818,10,1,789,2,1,7,11,0,0,0,1.000000,0.000000,0.000000,0.000000,0.000000,0.000000,0.000000,0.996124,0.003876,0.000000,0.000000,0.000000,0.000000,0.000000,27495,180,267,87
"18,-16",35,107826,10,1,793,2,1,8,27,0,0,0,1.000000,0.000000,0.000000,0.000000,0.000000,0.000000,0.000000,0.988722,0.011278,0.000000,0.000000,0.000000,0.000000,0.000000,27495,180,281,101
"18,-15",36,107836,10,1,797,2,1,11,30,0,0,1,1.000000,0.000000,0.000000,0.000000,0.000000,0.000000,0.000000,0.978182,0.021818,0.000000,0.000000,0.000000,0.000000,0.000000,27495,180,284,104
"18,-14",38,107845,10,1,793,2,1,14,40,0,0,0,1.000000,0.000000,0.000000,0.000000,0.000000,0.000000,0.000000,0.989474,0.010526,0.000000,0.000000,0.000000,0.000000,0.000000,27495,180,294,114
"18,-13",37,107854,10,1,792,2,1,12,17,0,0,1,1.000000,0.000000,0.000000,0.000000,0.000000,0.000000,0.000000,0.971326,0.028674,0.000000,0.000000,0.000000,0.000000,0.000000,27495,180,286,106
"18,-12",35,107805,9,1,798,2,1,11,20,0,0,1,1.000000,0.000000,0.000000,0.000000,0.000000,0.000000,0.000000,0.974074,0.025926,0.000000,0.000000,0.000000,0.000000,0.000000,27495,180,278,98
"18,-11",29,107760,9,1,793,2,1,7,17,0,0,1,1.000000,0.000000,0.000000,0.000000,0.000000,0.000000,0.000000,0.980237,0.019763,0.000000,0.000000,0.000000,0.000000,0.000000,27495,180,254,74
"18,-10",33,107715,9,1,794,2,1,9,17,0,0,1,1.000000,0.000000,0.000000,0.000000,0.000000,0.000000,0.000000,0.977358,0.022642,0.000000,0.000000,0.000000,0.000000,0.000000,27495,180,270,90
"18,-9",37,107667,9,1,797,2,1,12,27,0,0,1,1.000000,0.000000,0.000000,0.000000,0.000000,0.000000,0.000000,0.985612,0.014388,0.000000,0.000000,0.000000,0.000000,0.000000,27495,180,287,107
"18,-8",35,107620,9,1,796,2,1,8,19,0,0,1,1.000000,0.000000,0.000000,0.000000,0.000000,0.000000,0.000000,0.981685,0.018315,0.000000,0.000000,0.000000,0.000000,0.000000,27495,180,277,97
"18,-7",30,107577,9,1,799,2,1,8,14,0,0,1,1.000000,0.000000,0.000000,0.000000,0.000000,0.000000,0.000000,0.972656,0.027344,0.000000,0.000000,0.000000,0.000000,0.000000,27495,180,260,80
"18,-6",35,107532,9,1,794,2,1,10,39,0,0,1,0.994444,0.005556,0.000000,0.000000,0.000000,0.000000,0.000000,0.977778,0.022222,0.000000,0.000000,0.000000,0.000000,0.000000,27495,180,277,97
"18,-5",29,107449,8,1,794,2,1,9,18,0,0,1,1.000000,0.000000,0.000000,0.000000,0.000000,0.000000,0.000000,0.984252,0.015748,0.000000,0.000000,0.000000,0.000000,0.000000,27495,180,256,76
"18,-4",29,107367,8,1,795,2,1,7,15,0,0,0,1.000000,0.000000,0.000000,0.000000,0.000000,0.000000,0.000000,0.988281,0.011719,0.000000,0.000000,0.000000,0.000000,0.000000,27495,180,257,77
"18,-3",34,107215,7,1,797,2,1,11,36,0,0,0,1.000000,0.000000,0.000000,0.000000,0.000000,0.000000,0.000000,0.992565,0.007435,0.000000,0.000000,0.000000,0.000000,0.000000,27495,180,274,94
"18,-2",37,107059,7,1,794,2,1,12,50,0,0,1,0.994444,0.005556,0.000000,0.000000,0.000000,0.000000,0.000000,0.978571,0.021429,0.000000,0.000000,0.000000,0.000000,0.000000,27495,180,287,107
"18,-1",0,107059,0,0,671,4,99999,99999,99999,99999,99999,99999,0.000000,0.000000,0.000000,0.000000,0.000000,0.000000,0.000000,0.000000,0.000000,0.000000,0.000000,0.000000,0.000000,0.000000,0,0,0,0
"18,0",0,107059,0,0,675,4,99999,99999,99999,99999,99999,99999,0.000000,0.000000,0.000000,0.000000,0.000000,0.000000,0.000000,0.000000,0.000000,0.000000,0.000000,0.000000,0.000000,0.000000,0,0,0,0
"18,1",0,107059,0,0,666,4,99999,99999,99999,99999,99999,99999,0.000000,0.000000,0.000000,0.000000,0.000000,0.000000,0.000000,0.000000,0.000000,0.000000,0.000000,0.000000,0.000000,0.000000,0,0,0,0
"18,2",0,107059,0,0,672,4,99999,99999,99999,99999,99999,99999,0.000000,0.000000,0.000000,0.000000,0.000000,0.000000,0.000000,0.000000,0.000000,0.000000,0.000000,0.000000,0.000000,0.000000,0,0,0,0
"18,3",0,107059,0,0,670,4,99999,99999,99999,99999,99999,99999,0.000000,0.000000,0.000000,0.000000,0.000000,0.000000,0.000000,0.000000,0.000000,0.000000,0.000000,0.000000,0.000000,0.000000,0,0,0,0
"18,4",0,107059,0,0,669,4,99999,99999,99999,99999,99999,99999,0.000000,0.000000,0.000000,0.000000,0.000000,0.000000,0.000000,0.000000,0.000000,0.000000,0.000000,0.000000,0.000000,0.000000,0,0,0,0
"18,5",0,107059,0,0,674,4,99999,99999,99999,99999,99999,99999,0.000000,0.000000,0.000000,0.000000,0.000000,0.000000,0.000000,0.000000,0.000000,0.000000,0.000000,0.000000,0.000000,0.000000,0,0,0,0
"18,6",0,107059,0,0,672,4,99999,99999,99999,99999,99999,99999,0.000000,0.000000,0.000000,0.000000,0.000000,0.000000,0.000000,0.000000,0.000000,0.000000,0.000000,0.000000,0.000000,0.000000,0,0,0,0
"18,7",0,107059,0,0,666,4,99999,99999,99999,99999,99999,99999,0.000000,0.000000,0.000000,0.000000,0.000000,0.000000,0.000000,0.000000,0.000000,0.000000,0.000000,0.000000,0.000000,0.000000,0,0,0,0
"18,8",0,107059,0,0,677,4,99999,99999,99999,99999,99999,99999,0.000000,0.000000,0.000000,0.000000,0.000000,0.000000,0.000000,0.000000,0.000000,0.000000,0.000000,0.000000,0.000000,0.000000,0,0,0,0
"18,9",0,107059,0,0,673,4,99999,99999,99999,99999,99999,99999,0.000000,0.000000,0.000000,0.000000,0.000000,0.000000,0.000000,0.000000,0.000000,0.000000,0.000000,0.000000,0.000000,0.000000,0,0,0,0
"18,10",0,107059,0,0,676,4,99999,99999,99999,99999,99999,99999,0.000000,0.000000,0.000000,0.000000,0.000000,0.000000,0.000000,0.000000,0.000000,0.000000,0.000000,0.000000,0.000000,0.000000,0,0,0,0
"18,11",0,107059,0,0,673,4,99999,99999,99999,99999,99999,99999,0.000000,0.000000,0.000000,0.000000,0.000000,0.000000,0.000000,0.000000,0.000000,0.000000,0.000000,0.000000,0.000000,0.000000,0,0,0,0
"18,12",0,107059,0,0,54,4,99999,99999,99999,99999,99999,99999,0.000000,0.000000,0.000000,0.000000,0.000000,0.000000,0.000000,0.000000,0.000000,0.000000,0.000000,0.000000,0.000000,0.000000,0,0,0,0
"18,13",0,107059,0,0,54,4,99999,99999,99999,99999,99999,99999,0.000000,0.000000,0.000000,0.000000,0.000000,0.000000,0.000000,0.000000,0.000000,0.000000,0.000000,0.000000,0.000000,0.000000,0,0,0,0
"18,14",0,107059,0,0,54,4,99999,99999,99999,99999,99999,99999,0.000000,0.000000,0.000000,0.000000,0.000000,0.000000,0.000000,0.000000,0.000000,0.000000,0.000000,0.000000,0.000000,0.000000,0,0,0,0
"18,15",0,107059,0,0,56,4,99999,99999,99999,99999,99999,99999,0.000000,0.000000,0.000000,0.000000,0.000000,0.000000,0.000000,0.000000,0.000000,0.000000,0.000000,0.000000,0.000000,0.000000,0,0,0,0
"18,16",0,107059,0,0,55,4,99999,99999,99999,99999,99999,99999,0.000000,0.000000,0.000000,0.000000,0.000000,0.000000,0.000000,0.000000,0.000000,0.000000,0.000000,0.000000,0.000000,0.000000,0,0,0,0
"18,17",0,107059,0,0,56,4,99999,99999,99999,99999,99999,99999,0.000000,0.000000,0.000000,0.000000,0.000000,0.000000,0.000000,0.000000,0.000000,0.000000,0.000000,0.000000,0.000000,0.000000,0,0,0,0
"18,18",0,107059,0,0,8,4,99999,99999,99999,99999,99999,99999,0.000000,0.000000,0.000000,0.000000,0.000000,0.000000,0.000000,0.000000,0.000000,0.000000,0.000000,0.000000,0.000000,0.000000,0,0,0,0
"18,19",0,107059,0,0,8,4,99999,99999,99999,99999,99999,99999,0.000000,0.000000,0.000000,0.000000,0.000000,0.000000,0.000000,0.000000,0.000000,0.000000,0.000000,0.000000,0.000000,0.000000,0,0,0,0
"18,20",0,107059,0,0,8,4,99999,99999,99999,99999,99999,99999,0.000000,0.000000,0.000000,0.000000,0.000000,0.000000,0.000000,0.000000,0.000000,0.000000,0.000000,0.000000,0.000000,0.000000,0,0,0,0
"18,21",0,107059,0,0,8,4,99999,99999,99999,99999,99999,99999,0.000000,0.000000,0.000000,0.000000,0.000000,0.000000,0.000000,0.000000,0.000000,0.000000,0.000000,0.000000,0.000000,0.000000,0,0,0,0
"18,22",0,107059,0,0,8,4,99999,99999,99999,99999,99999,99999,0.000000,0.000000,0.000000,0.000000,0.000000,0.000000,0.000000,0.000000,0.000000,0.000000,0.000000,0.000000,0.000000,0.000000,0,0,0,0
"18,23",0,107059,0,0,4,4,99999,99999,99999,99999,99999,99999,0.000000,0.000000,0.000000,0.000000,0.000000,0.000000,0.000000,0.000000,0.000000,0.000000,0.000000,0.000000,0.000000,0.000000,0,0,0,0
"18,24",0,107059,0,0,4,4,99999,99999,99999,99999,99999,99999,0.000000,0.000000,0.000000,0.000000,0.000000,0.000000,0.000000,0.000000,0.000000,0.000000,0.000000,0.000000,0.000000,0.000000,0,0,0,0
"18,25",0,107059,0,0,4,4,99999,99999,99999,99999,99999,99999,0.000000,0.000000,0.000000,0.000000,0.000000,0.000000,0.000000,0.000000,0.000000,0.000000,0.000000,0.000000,0.000000,0.000000,0,0,0,0
"18,26",0,107059,0,0,4,4,99999,99999,99999,99999,99999,99999,0.000000,0.000000,0.000000,0.000000,0.000000,0.000000,0.000000,0.000000,0.000000,0.000000,0.000000,0.000000,0.000000,0.000000,0,0,0,0
"19,-26",37,97500,9,1,799,2,1,9,15,0,0,1,1.000000,0.000000,0.000000,0.000000,0.000000,0.000000,0.000000,0.975177,0.024823,0.000000,0.000000,0.000000,0.000000,0.000000,27495,180,286,106
"19,-25",39,97500,9,1,790,2,2,9,20,0,0,1,1.000000,0.000000,0.000000,0.000000,0.000000,0.000000,0.000000,0.986254,0.013746,0.000000,0.000000,0.000000,0.000000,0.000000,27495,180,296,116
"19,-24",33,97500,9,1,797,2,1,9,19,0,0,0,1.000000,0.000000,0.000000,0.000000,0.000000,0.000000,0.000000,0.988550,0.011450,0.000000,0.000000,0.000000,0.000000,0.000000,27495,180,270,90
"19,-23",30,97500,9,1,793,2,1,7,18,0,0,0,1.000000,0.000000,0.000000,0.000000,0.000000,0.000000,0.000000,0.988235,0.011765,0.000000,0.000000,0.000000,0.000000,0.000000,27495,180,259,79
"19,-22",32,97500,9,1,796,2,1,9,29,0,0,1,1.000000,0.000000,0.000000,0.000000,0.000000,0.000000,0.000000,0.973180,0.026820,0.000000,0.000000,0.000000,0.000000,0.000000,27495,180,265,85
"19,-21",36,97500,9,1,795,2,1,11,21,0,0,1,1.000000,0.000000,0.000000,0.000000,0.000000,0.000000,0.000000,0.978417,0.021583,0.000000,0.000000,0.000000,0.000000,0.000000,27495,180,282,102
"19,-20",34,97500,9,1,792,2,1,12,24,0,0,1,1.000000,0.000000,0.000000,0.000000,0.000000,0.000000,0.000000,0.970370,0.029630,0.000000,0.000000,0.000000,0.000000,0.000000,27495,180,276,96
"19,-19",30,97500,9,1,795,2,1,8,16,0,0,0,1.000000,0.000000,0.000000,0.000000,0.000000,0.000000,0.000000,0.992157,0.007843,0.000000,0.000000,0.000000,0.000000,0.000000,27495,180,260,80
"19,-18",36,97500,9,1,793,2,1,10,21,0,0,1,1.000000,0.000000,0.000000,0.000000,0.000000,0.000000,0.000000,0.982014,0.017986,0.000000,0.000000,0.000000,0.000000,0.000000,27561,181,287,106
"19,-17",37,98765,10,1,795,2,1,10,24,0,0,1,1.000000,0.000000,0.000000,0.000000,0.000000,0.000000,0.000000,0.982079,0.017921,0.000000,0.000000,0.000000,0.000000,0.000000,27495,180,287,107
"19,-16",36,98652,9,1,796,2,2,10,34,0,0,1,1.000000,0.000000,0.000000,0.000000,0.000000,0.000000,0.000000,0.985348,0.014652,0.000000,0.000000,0.000000,0.000000,0.000000,27495,180,284,104
"19,-15",36,98555,9,1,794,2,2,10,26,0,0,1,1.000000,0.000000,0.000000,0.000000,0.000000,0.000000,0.000000,0.967033,0.032967,0.000000,0.000000,0.000000,0.000000,0.000000,27495,180,283,103
"19,-14",39,98468,9,1,789,2,1,23,66,0,0,1,0.988889,0.011111,0.000000,0.000000,0.000000,0.000000,0.000000,0.974265,0.025735,0.000000,0.000000,0.000000,0.000000,0.000000,27495,180,297,117
"19,-13",37,98397,9,1,797,2,1,10,37,0,0,1,1.000000,0.000000,0.000000,0.000000,0.000000,0.000000,0.000000,0.978495,0.021505,0.000000,0.000000,0.000000,0.000000,0.000000,27495,180,289,109
"19,-12",33,98338,9,1,793,2,1,11,35,0,0,1,0.994444,0.005556,0.000000,0.000000,0.000000,0.000000,0.000000,0.958647,0.041353,0.000000,0.000000,0.000000,0.000000,0.000000,27495,180,271,91
"19,-11",26,98291,9,1,794,2,1,6,11,0,0,1,1.000000,0.000000,0.000000,0.000000,0.000000,0.000000,0.000000,0.983402,0.016598,0.000000,0.000000,0.000000,0.000000,0.000000,27495,180,246,66
"19,-10",34,98246,9,1,797,2,1,10,34,0,0,2,1.000000,0.000000,0.000000,0.000000,0.000000,0.000000,0.000000,0.970803,0.029197,0.000000,0.000000,0.000000,0.000000,0.000000,27495,180,276,96
"19,-9",30,98207,9,1,796,2,1,8,30,0,0,1,0.994444,0.005556,0.000000,0.000000,0.000000,0.000000,0.000000,0.984252,0.015748,0.000000,0.000000,0.000000,0.000000,0.000000,27495,180,260,80
"19,-8",27,98174,9,1,795,2,1,6,38,0,0,0,0.994444,0.005556,0.000000,0.000000,0.000000,0.000000,0.000000,1.000000,0.000000,0.000000,0.000000,0.000000,0.000000,0.000000,27495,180,248,68
"19,-7",31,98142,9,1,793,2,1,9,23,0,0,0,1.000000,0.000000,0.000000,0.000000,0.000000,0.000000,0.000000,0.988550,0.011450,0.000000,0.000000,0.000000,0.000000,0.000000,27495,180,264,84
"19,-6",31,97665,8,1,793,2,1,8,16,0,0,1,1.000000,0.000000,0.000000,0.000000,0.000000,0.000000,0.000000,0.965385,0.034615,0.000000,0.000000,0.000000,0.000000,0.000000,27495,180,263,83
"19,-5",37,97193,8,1,792,2,1,10,57,0,0,1,0.994444,0.005556,0.000000,0.000000,0.000000,0.000000,0.000000,0.978571,0.021429,0.000000,0.000000,0.000000,0.000000,0.000000,27495,180,286,106
"19,-4",31,96187,7,1,790,2,1,8,19,0,0,0,1.000000,0.000000,0.000000,0.000000,0.000000,0.000000,0.000000,0.988550,0.011450,0.000000,0.000000,0.000000,0.000000,0.000000,27495,180,264,84
"19,-3",36,95194,7,1,790,2,1,8,15,0,0,0,1.000000,0.000000,0.000000,0.000000,0.000000,0.000000,0.000000,0.996416,0.003584,0.000000,0.000000,0.000000,0.000000,0.000000,27495,180,285,105
"19,-2",0,95194,0,0,668,4,99999,99999,99999,99999,99999,99999,0.000000,0.000000,0.000000,0.000000,0.000000,0.000000,0.000000,0.000000,0.000000,0.000000,0.000000,0.000000,0.000000,0.000000,0,0,0,0
"19,-1",0,95194,0,0,677,4,99999,99999,99999,99999,99999,99999,0.000000,0.000000,0.000000,0.000000,0.000000,0.000000,0.000000,0.000000,0.000000,0.000000,0.000000,0.000000,0.000000,0.000000,0,0,0,0
"19,0",0,95194,0,0,672,4,99999,99999,99999,99999,99999,99999,0.000000,0.000000,0.000000,0.000000,0.000000,0.000000,0.000000,0.000000,0.000000,0.000000,0.000000,0.000000,0.000000,0.000000,0,0,0,0
"19,1",0,95194,0,0,670,4,99999,99999,99999,99999,99999,99999,0.000000,0.000000,0.000000,0.000000,0.000000,0.000000,0.000000,0.000000,0.000000,0.000000,0.000000,0.000000,0.000000,0.000000,0,0,0,0
"19,2",0,95194,0,0,673,4,99999,99999,99999,99999,99999,99999,0.000000,0.000000,0.000000,0.000000,0.000000,0.000000,0.000000,0.000000,0.000000,0.000000,0.000000,0.000000,0.000000,0.000000,0,0,0,0
"19,3",0,95194,0,0,671,4,99999,99999,99999,99999,99999,99999,0.000000,0.000000,0.000000,0.000000,0.000000,0.000000,0.000000,0.000000,0.000000,0.000000,0.000000,0.000000,0.000000,0.000000,0,0,0,0
"19,4",0,95194,0,0,671,4,99999,99999,99999,99999,99999,99999,0.000000,0.000000,0.000000,0.000000,0.000000,0.000000,0.000000,0.000000,0.000000,0.000000,0.000000,0.000000,0.000000,0.000000,0,0,0,0
"19,5",0,95194,0,0,676,4,99999,99999,99999,99999,99999,99999,0.000000,0.000000,0.000000,0.000000,0.000000,0.000000,0.000000,0.000000,0.000000,0.000000,0.000000,0.000000,0.000000,0.000000,0,0,0,0
"19,6",0,95194,0,0,675,4,99999,99999,99999,99999,99999,99999,0.000000,0.000000,0.000000,0.000000,0.000000,0.000000,0.000000,0.000000,0.000000,0.000000,0.000000,0.000000,0.000000,0.000000,0,0,0,0
"19,7",0,95194,0,0,675,4,99999,99999,99999,99999,99999,99999,0.000000,0.000000,0.000000,0.000000,0.000000,0.000000,0.000000,0.000000,0.000000,0.000000,0.000000,0.000000,0.000000,0.000000,0,0,0,0
"19,8",0,95194,0,0,672,4,99999,99999,99999,99999,99999,99999,0.000000,0.000000,0.000000,0.000000,0.000000,0.000000,0.000000,0.000000,0.000000,0.000000,0.000000,0.000000,0.000000,0.000000,0,0,0,0
"19,9",0,95194,0,0,673,4,99999,99999,99999,99999,99999,99999,0.000000,0.000000,0.000000,0.000000,0.000000,0.000000,0.000000,0.000000,0.000000,0.000000,0.000000,0.000000,0.000000,0.000000,0,0,0,0
"19,10",0,95194,0,0,670,4,99999,99999,99999,99999,99999,99999,0.000000,0.000000,0.000000,0.000000,0.000000,0.000000,0.000000,0.000000,0.000000,0.000000,0.000000,0.000000,0.000000,0.000000,0,0,0,0
"19,11",0,95194,0,0,55,4,99999,99999,99999,99999,99999,99999,0.000000,0.000000,0.000000,0.000000,0.000000,0.000000,0.000000,0.000000,0.000000,0.000000,0.000000,0.000000,0.000000,0.000000,0,0,0,0
"19,12",0,95194,0,0,56,4,99999,99999,99999,99999,99999,99999,0.000000,0.000000,0.000000,0.000000,0.000000,0.000000,0.000000,0.000000,0.000000,0.000000,0.000000,0.000000,0.000000,0.000000,0,0,0,0
"19,13",0,95194,0,0,56,4,99999,99999,99999,99999,99999,99999,0.000000,0.000000,0.000000,0.000000,0.000000,0.000000,0.000000,0.000000,0.000000,0.000000,0.000000,0.000000,0.000000,0.000000,0,0,0,0
"19,14",0,95194,0,0,55,4,99999,99999,99999,99999,99999,99999,0.000000,0.000000,0.000000,0.000000,0.000000,0.000000,0.000000,0.000000,0.000000,0.000000,0.000000,0.000000,0.000000,0.000000,0,0,0,0
"19,15",0,95194,0,0,55,4,99999,99999,99999,99999,99999,99999,0.000000,0.000000,0.000000,0.000000,0.000000,0.000000,0.000000,0.000000,0.000000,0.000000,0.000000,0.000000,0.000000,0.000000,0,0,0,0
"19,16",0,95194,0,0,56,4,99999,99999,99999,99999,99999,99999,0.000000,0.000000,0.000000,0.000000,0.000000,0.000000,0.000000,0.000000,0.000000,0.000000,0.000000,0.000000,0.000000,0.000000,0,0,0,0
"19,17",0,95194,0,0,56,4,99999,99999,99999,99999,99999,99999,0.000000,0.000000,0.000000,0.000000,0.000000,0.000000,0.000000,0.000000,0.000000,0.000000,0.000000,0.000000,0.000000,0.000000,0,0,0,0
"19,18",0,95194,0,0,8,4,99999,99999,99999,99999,99999,99999,0.000000,0.000000,0.000000,0.000000,0.000000,0.000000,0.000000,0.000000,0.000000,0.000000,0.000000,0.000000,0.000000,0.000000,0,0,0,0
"19,19",0,95194,0,0,7,4,99999,99999,99999,99999,99999,99999,0.000000,0.000000,0.000000,0.000000,0.000000,0.000000,0.000000,0.000000,0.000000,0.000000,0.000000,0.000000,0.000000,0.000000,0,0,0,0
"19,20",0,95194,0,0,8,4,99999,99999,99999,99999,99999,99999,0.000000,0.000000,0.000000,0.000000,0.000000,0.000000,0.000000,0.000000,0.000000,0.000000,0.000000,0.000000,0.000000,0.000000,0,0,0,0
"19,21",0,95194,0,0,8,4,99999,99999,99999,99999,99999,99999,0.000000,0.000000,0.000000,0.000000,0.000000,0.000000,0.000000,0.000000,0.000000,0.000000,0.000000,0.000000,0.000000,0.000000,0,0,0,0
"19,22",0,95194,0,0,8,4,99999,99999,99999,99999,99999,99999,0.000000,0.000000,0.000000,0.000000,0.000000,0.000000,0.000000,0.000000,0.000000,0.000000,0.000000,0.000000,0.000000,0.000000,0,0,0,0
"19,23",0,95194,0,0,4,4,99999,99999,99999,99999,99999,99999,0.000000,0.000000,0.000000,0.000000,0.000000,0.000000,0.000000,0.000000,0.000000,0.000000,0.000000,0.000000,0.000000,0.000000,0,0,0,0
"19,24",0,95194,0,0,4,4,99999,99999,99999,99999,99999,99999,0.000000,0.000000,0.000000,0.000000,0.000000,0.000000,0.000000,0.000000,0.000000,0.000000,0.000000,0.000000,0.000000,0.000000,0,0,0,0
"19,25",0,95194,0,0,4,4,99999,99999,99999,99999,99999,99999,0.000000,0.000000,0.000000,0.000000,0.000000,0.000000,0.000000,0.000000,0.000000,0.000000,0.000000,0.000000,0.000000,0.000000,0,0,0,0
"19,26",0,95194,0,0,4,4,99999,99999,99999,99999,99999,99999,0.000000,0.000000,0.000000,0.000000,0.000000,0.000000,0.000000,0.000000,0.000000,0.000000,0.000000,0.000000,0.000000,0.000000,0,0,0,0
"20,-26",34,95285,9,1,791,2,1,12,20,0,0,1,1.000000,0.000000,0.000000,0.000000,0.000000,0.000000,0.000000,0.981618,0.018382,0.000000,0.000000,0.000000,0.000000,0.000000,27495,180,275,95
"20,-25",35,95372,9,1,796,2,1,15,90,0,0,0,0.988889,0.011111,0.000000,0.000000,0.000000,0.000000,0.000000,0.988889,0.011111,0.000000,0.000000,0.000000,0.000000,0.000000,27495,180,278,98
"20,-24",35,95451,9,1,797,2,1,11,35,0,0,1,1.000000,0.000000,0.000000,0.000000,0.000000,0.000000,0.000000,0.963504,0.036496,0.000000,0.000000,0.000000,0.000000,0.000000,27495,180,281,101
"20,-23",34,95527,9,1,795,2,1,9,26,0,0,1,1.000000,0.000000,0.000000,0.000000,0.000000,0.000000,0.000000,0.962825,0.037175,0.000000,0.000000,0.000000,0.000000,0.000000,27495,180,275,95
"20,-22",35,95595,9,1,800,2,1,12,26,0,0,2,1.000000,0.000000,0.000000,0.000000,0.000000,0.000000,0.000000,0.974545,0.025455,0.000000,0.000000,0.000000,0.000000,0.000000,27495,180,280,100
"20,-21",35,95659,9,1,793,2,1,9,22,0,0,1,1.000000,0.000000,0.000000,0.000000,0.000000,0.000000,0.000000,0.985401,0.014599,0.000000,0.000000,0.000000,0.000000,0.000000,27495,180,277,97
"20,-20",33,95718,9,1,793,2,1,9,14,0,0,0,1.000000,0.000000,0.000000,0.000000,0.000000,0.000000,0.000000,0.992481,0.007519,0.000000,0.000000,0.000000,0.000000,0.000000,27495,180,272,92
"20,-19",31,95771,9,1,793,2,1,9,23,0,0,0,1.000000,0.000000,0.000000,0.000000,0.000000,0.000000,0.000000,0.992248,0.007752,0.000000,0.000000,0.000000,0.000000,0.000000,27495,180,263,83
"20,-18",32,95822,9,1,793,2,1,8,17,0,0,0,1.000000,0.000000,0.000000,0.000000,0.000000,0.000000,0.000000,0.996226,0.003774,0.000000,0.000000,0.000000,0.000000,0.000000,27561,181,269,88
"20,-17",33,95870,9,1,795,2,1,10,25,0,0,1,1.000000,0.000000,0.000000,0.000000,0.000000,0.000000,0.000000,0.981273,0.018727,0.000000,0.000000,0.000000,0.000000,0.000000,27495,180,272,92
"20,-16",33,95916,9,1,795,2,1,9,14,0,0,1,1.000000,0.000000,0.000000,0.000000,0.000000,0.000000,0.000000,0.984848,0.015152,0.000000,0.000000,0.000000,0.000000,0.000000,27495,180,269,89
"20,-15",32,95959,9,1,793,2,1,8,21,0,0,0,1.000000,0.000000,0.000000,0.000000,0.000000,0.000000,0.000000,0.992366,0.007634,0.000000,0.000000,0.000000,0.000000,0.000000,27495,180,267,87
"20,-14",40,96004,9,1,796,2,1,24,179,0,0,0,0.977778,0.022222,0.000000,0.000000,0.000000,0.000000,0.000000,0.989130,0.010870,0.000000,0.000000,0.000000,0.000000,0.000000,27495,180,301,121
"20,-13",37,96046,9,1,793,2,1,10,19,0,0,1,1.000000,0.000000,0.000000,0.000000,0.000000,0.000000,0.000000,0.982394,0.017606,0.000000,0.000000,0.000000,0.000000,0.000000,27495,180,290,110
"20,-12",36,96085,9,1,794,2,1,12,22,0,0,1,1.000000,0.000000,0.000000,0.000000,0.000000,0.000000,0.000000,0.974820,0.025180,0.000000,0.000000,0.000000,0.000000,0.000000,27495,180,285,105
"20,-11",27,96117,9,1,795,2,1,9,31,0,0,2,0.994444,0.005556,0.000000,0.000000,0.000000,0.000000,0.000000,0.979757,0.020243,0.000000,0.000000,0.000000,0.000000,0.000000,27495,180,249,69
"20,-10",34,96151,9,1,791,2,1,10,24,0,0,1,1.000000,0.000000,0.000000,0.000000,0.000000,0.000000,0.000000,0.974265,0.025735,0.000000,0.000000,0.000000,0.000000,0.000000,27495,180,276,96
"20,-9",35,96183,9,1,789,2,1,6,13,0,0,0,1.000000,0.000000,0.000000,0.000000,0.000000,0.000000,0.000000,0.996324,0.003676,0.000000,0.000000,0.000000,0.000000,0.000000,27495,180,280,100
"20,-8",33,96213,9,1,794,2,1,9,18,0,0,0,1.000000,0.000000,0.000000,0.000000,0.000000,0.000000,0.000000,0.992537,0.007463,0.000000,0.000000,0.000000,0.000000,0.000000,27495,180,272,92
"20,-7",30,96240,9,1,794,2,1,9,18,0,0,0,1.000000,0.000000,0.000000,0.000000,0.000000,0.000000,0.000000,0.996124,0.003876,0.000000,0.000000,0.000000,0.000000,0.000000,27495,180,260,80
"20,-6",31,96056,8,1,795,2,1,7,11,0,0,0,1.000000,0.000000,0.000000,0.000000,0.000000,0.000000,0.000000,0.992278,0.007722,0.000000,0.000000,0.000000,0.000000,0.000000,27495,180,262,82
"20,-5",35,95558,7,1,799,2,1,13,27,0,0,1,1.000000,0.000000,0.000000,0.000000,0.000000,0.000000,0.000000,0.985560,0.014440,0.000000,0.000000,0.000000,0.000000,0.000000,27495,180,280,100
"20,-4",35,95083,7,1,791,2,2,8,13,0,0,1,1.000000,0.000000,0.000000,0.000000,0.000000,0.000000,0.000000,0.974545,0.021818,0.003636,0.000000,0.000000,0.000000,0.000000,27495,180,277,97
"20,-3",0,95083,0,0,667,4,99999,99999,99999,99999,99999,99999,0.000000,0.000000,0.000000,0.000000,0.000000,0.000000,0.000000,0.000000,0.000000,0.000000,0.000000,0.000000,0.000000,0.000000,0,0,0,0
"20,-2",0,95083,0,0,674,4,99999,99999,99999,99999,99999,99999,0.000000,0.000000,0.000000,0.000000,0.000000,0.000000,0.000000,0.000000,0.000000,0.000000,0.000000,0.000000,0.000000,0.000000,0,0,0,0
"20,-1",0,95083,0,0,676,4,99999,99999,99999,99999,99999,99999,0.000000,0.000000,0.000000,0.000000,0.000000,0.000000,0.000000,0.000000,0.000000,0.000000,0.000000,0.000000,0.000000,0.000000,0,0,0,0
"20,0",0,95083,0,0,676,4,99999,99999,99999,99999,99999,99999,0.000000,0.000000,0.000000,0.000000,0.000000,0.000000,0.000000,0.000000,0.000000,0.000000,0.000000,0.000000,0.000000,0.000000,0,0,0,0
"20,1",0,95083,0,0,668,4,99999,99999,99999,99999,99999,99999,0.000000,0.000000,0.000000,0.000000,0.000000,0.000000,0.000000,0.000000,0.000000,0.000000,0.000000,0.000000,0.000000,0.000000,0,0,0,0
"20,2",0,95083,0,0,675,4,99999,99999,99999,99999,99999,99999,0.000000,0.000000,0.000000,0.000000,0.000000,0.000000,0.000000,0.000000,0.000000,0.000000,0.000000,0.000000,0.000000,0.000000,0,0,0,0
"20,3",0,95083,0,0,673,4,99999,99999,99999,99999,99999,99999,0.000000,0.000000,0.000000,0.000000,0.000000,0.000000,0.000000,0.000000,0.000000,0.000000,0.000000,0.000000,0.000000,0.000000,0,0,0,0
"20,4",0,95083,0,0,668,4,99999,99999,99999,99999,99999,99999,0.000000,0.000000,0.000000,0.000000,0.000000,0.000000,0.000000,0.000000,0.000000,0.000000,0.000000,0.000000,0.000000,0.000000,0,0,0,0
"20,5",0,95083,0,0,669,4,99999,99999,99999,99999,99999,99999,0.000000,0.000000,0.000000,0.000000,0.000000,0.000000,0.000000,0.000000,0.000000,0.000000,0.000000,0.000000,0.000000,0.000000,0,0,0,0
"20,6",0,95083,0,0,673,4,99999,99999,99999,99999,99999,99999,0.000000,0.000000,0.000000,0.000000,0.000000,0.000000,0.000000,0.000000,0.000000,0.000000,0.000000,0.000000,0.000000,0.000000,0,0,0,0
"20,7",0,95083,0,0,673,4,99999,99999,99999,99999,99999,99999,0.000000,0.000000,0.000000,0.000000,0.000000,0.000000,0.000000,0.000000,0.000000,0.000000,0.000000,0.000000,0.000000,0.000000,0,0,0,0
"20,8",0,95083,0,0,664,4,99999,99999,99999,99999,99999,99999,0.000000,0.000000,0.000000,0.000000,0.000000,0.000000,0.000000,0.000000,0.000000,0.000000,0.000000,0.000000,0.000000,0.000000,0,0,0,0
"20,9",0,95083,0,0,674,4,99999,99999,99999,99999,99999,99999,0.000000,0.000000,0.000000,0.000000,0.000000,0.000000,0.000000,0.000000,0.000000,0.000000,0.000000,0.000000,0.000000,0.000000,0,0,0,0
"20,10",0,95083,0,0,669,4,99999,99999,99999,99999,99999,99999,0.000000,0.000000,0.000000,0.000000,0.000000,0.000000,0.000000,0.000000,0.000000,0.000000,0.000000,0.000000,0.000000,0.000000,0,0,0,0
"20,11",0,95083,0,0,57,4,99999,99999,99999,99999,99999,99999,0.000000,0.000000,0.000000,0.000000,0.000000,0.000000,0.000000,0.000000,0.000000,0.000000,0.000000,0.000000,0.000000,0.000000,0,0,0,0
"20,12",0,95083,0,0,57,4,99999,99999,99999,99999,99999,99999,0.000000,0.000000,0.000000,0.000000,0.000000,0.000000,0.000000,0.000000,0.000000,0.000000,0.000000,0.000000,0.000000,0.000000,0,0,0,0
"20,13",0,95083,0,0,55,4,99999,99999,99999,99999,99999,99999,0.000000,0.000000,0.000000,0.000000,0.000000,0.000000,0.000000,0.000000,0.000000,0.000000,0.000000,0.000000,0.000000,0.000000,0,0,0,0
"20,14",0,95083,0,0,56,4,99999,99999,99999,99999,99999,99999,0.000000,0.000000,0.000000,0.000000,0.000000,0.000000,0.000000,0.000000,0.000000,0.000000,0.000000,0.000000,0.000000,0.000000,0,0,0,0
"20,15",0,95083,0,0,56,4,99999,99999,99999,99999,99999,99999,0.000000,0.000000,0.000000,0.000000,0.000000,0.000000,0.000000,0.000000,0.000000,0.000000,0.000000,0.000000,0.000000,0.000000,0,0,0,0
"20,16",0,95083,0,0,55,4,99999,99999,99999,99999,99999,99999,0.000000,0.000000,0.000000,0.000000,0.000000,0.000000,0.000000,0.000000,0.000000,0.000000,0.000000,0.000000,0.000000,0.000000,0,0,0,0
"20,17",0,95083,0,0,56,4,99999,99999,99999,99999,99999,99999,0.000000,0.000000,0.000000,0.000000,0.000000,0.000000,0.000000,0.000000,0.000000,0.000000,0.000000,0.000000,0.000000,0.000000,0,0,0,0
"20,18",0,95083,0,0,8,4,99999,99999,99999,99999,99999,99999,0.000000,0.000000,0.000000,0.000000,0.000000,0.000000,0.000000,0.000000,0.000000,0.000000,0.000000,0.000000,0.000000,0.000000,0,0,0,0
"20,19",0,95083,0,0,8,4,99999,99999,99999,99999,99999,99999,0.000000,0.000000,0.000000,0.000000,0.000000,0.000000,0.000000,0.000000,0.000000,0.000000,0.000000,0.000000,0.000000,0.000000,0,0,0,0
"20,20",0,95083,0,0,8,4,99999,99999,99999,99999,99999,99999,0.000000,0.000000,0.000000,0.000000,0.000000,0.000000,0.000000,0.000000,0.000000,0.000000,0.000000,0.000000,0.000000,0.000000,0,0,0,0
"20,21",0,95083,0,0,8,4,99999,99999,99999,99999,99999,99999,0.000000,0.000000,0.000000,0.000000,0.000000,0.000000,0.000000,0.000000,0.000000,0.000000,0.000000,0.000000,0.000000,0.000000,0,0,0,0
"20,22",0,95083,0,0,4,4,99999,99999,99999,99999,99999,99999,0.000000,0.000000,0.000000,0.000000,0.000000,0.000000,0.000000,0.000000,0.000000,0.000000,0.000000,0.000000,0.000000,0.000000,0,0,0,0
"20,23",0,95083,0,0,4,4,99999,99999,99999,99999,99999,99999,0.000000,0.000000,0.000000,0.000000,0.000000,0.000000,0.000000,0.000000,0.000000,0.000000,0.000000,0.000000,0.000000,0.000000,0,0,0,0
"20,24",0,95083,0,0,4,4,99999,99999,99999,99999,99999,99999,0.000000,0.000000,0.000000,0.000000,0.000000,0.000000,0.000000,0.000000,0.000000,0.000000,0.000000,0.000000,0.000000,0.000000,0,0,0,0
"20,25",0,95083,0,0,4,4,99999,99999,99999,99999,99999,99999,0.000000,0.000000,0.000000,0.000000,0.000000,0.000000,0.000000,0.000000,0.000000,0.000000,0.000000,0.000000,0.000000,0.000000,0,0,0,0
"20,26",0,95083,0,0,4,4,99999,99999,99999,99999,99999,99999,0.000000,0.000000,0.000000,0.000000,0.000000,0.000000,0.000000,0.000000,0.000000,0.000000,0.000000,0.000000,0.000000,0.000000,0,0,0,0
"21,-26",37,94924,8,1,794,2,1,11,17,0,0,1,1.000000,0.000000,0.000000,0.000000,0.000000,0.000000,0.000000,0.982456,0.017544,0.000000,0.000000,0.000000,0.000000,0.000000,27495,180,286,106
"21,-25",33,94974,9,1,795,2,1,8,50,0,0,1,1.000000,0.000000,0.000000,0.000000,0.000000,0.000000,0.000000,0.977358,0.022642,0.000000,0.000000,0.000000,0.000000,0.000000,27495,180,269,89
"21,-24",36,95025,9,1,794,2,1,9,24,0,0,1,1.000000,0.000000,0.000000,0.000000,0.000000,0.000000,0.000000,0.978648,0.021352,0.000000,0.000000,0.000000,0.000000,0.000000,27495,180,283,103
"21,-23",36,95075,9,1,792,2,1,12,28,0,0,1,1.000000,0.000000,0.000000,0.000000,0.000000,0.000000,0.000000,0.974729,0.025271,0.000000,0.000000,0.000000,0.000000,0.000000,27495,180,282,102
"21,-22",33,95120,9,1,793,2,1,9,20,0,0,1,1.000000,0.000000,0.000000,0.000000,0.000000,0.000000,0.000000,0.981203,0.018797,0.000000,0.000000,0.000000,0.000000,0.000000,27495,180,271,91
"21,-21",34,95165,9,1,794,2,1,9,25,0,0,1,1.000000,0.000000,0.000000,0.000000,0.000000,0.000000,0.000000,0.985240,0.014760,0.000000,0.000000,0.000000,0.000000,0.000000,27495,180,275,95
"21,-20",30,95206,9,1,791,2,1,7,16,0,0,0,1.000000,0.000000,0.000000,0.000000,0.000000,0.000000,0.000000,0.988372,0.011628,0.000000,0.000000,0.000000,0.000000,0.000000,27495,180,260,80
"21,-19",35,95248,9,1,794,2,1,10,56,0,0,1,0.988889,0.011111,0.000000,0.000000,0.000000,0.000000,0.000000,0.981752,0.018248,0.000000,0.000000,0.000000,0.000000,0.000000,27495,180,278,98
"21,-18",30,95286,9,1,792,2,1,7,11,0,0,1,1.000000,0.000000,0.000000,0.000000,0.000000,0.000000,0.000000,0.984375,0.015625,0.000000,0.000000,0.000000,0.000000,0.000000,27561,181,261,80
"21,-17",38,95327,9,1,799,2,2,13,47,0,0,1,1.000000,0.000000,0.000000,0.000000,0.000000,0.000000,0.000000,0.982699,0.017301,0.000000,0.000000,0.000000,0.000000,0.000000,27495,180,295,115
"21,-16",32,95364,9,1,795,2,1,8,14,0,0,1,1.000000,0.000000,0.000000,0.000000,0.000000,0.000000,0.000000,0.980695,0.019305,0.000000,0.000000,0.000000,0.000000,0.000000,27495,180,265,85
"21,-15",40,95404,9,1,794,2,1,13,37,0,0,1,1.000000,0.000000,0.000000,0.000000,0.000000,0.000000,0.000000,0.982877,0.017123,0.000000,0.000000,0.000000,0.000000,0.000000,27495,180,301,121
"21,-14",36,95440,9,1,798,2,1,15,67,0,0,1,0.989071,0.010929,0.000000,0.000000,0.000000,0.000000,0.000000,0.966912,0.033088,0.000000,0.000000,0.000000,0.000000,0.000000,27951,183,283,103
"21,-13",35,95474,9,1,794,2,1,12,40,0,0,1,1.000000,0.000000,0.000000,0.000000,0.000000,0.000000,0.000000,0.977941,0.018382,0.003676,0.000000,0.000000,0.000000,0.000000,27495,180,281,101
"21,-12",35,95507,9,1,792,2,1,8,14,0,0,1,1.000000,0.000000,0.000000,0.000000,0.000000,0.000000,0.000000,0.967273,0.032727,0.000000,0.000000,0.000000,0.000000,0.000000,27495,180,279,99
"21,-11",35,95539,9,1,795,2,1,14,33,0,0,1,1.000000,0.000000,0.000000,0.000000,0.000000,0.000000,0.000000,0.981884,0.018116,0.000000,0.000000,0.000000,0.000000,0.000000,27495,180,279,99
"21,-10",29,95568,9,1,794,2,1,7,14,0,0,1,1.000000,0.000000,0.000000,0.000000,0.000000,0.000000,0.000000,0.980315,0.019685,0.000000,0.000000,0.000000,0.000000,0.000000,27495,180,255,75
"21,-9",37,95600,9,1,796,2,1,9,18,0,0,1,1.000000,0.000000,0.000000,0.000000,0.000000,0.000000,0.000000,0.982394,0.017606,0.000000,0.000000,0.000000,0.000000,0.000000,27495,180,287,107
"21,-8",32,95485,8,1,792,2,1,9,32,0,0,0,1.000000,0.000000,0.000000,0.000000,0.000000,0.000000,0.000000,0.992308,0.007692,0.000000,0.000000,0.000000,0.000000,0.000000,27495,180,267,87
"21,-7",37,95366,8,1,796,2,2,10,16,0,0,1,1.000000,0.000000,0.000000,0.000000,0.000000,0.000000,0.000000,0.975610,0.024390,0.000000,0.000000,0.000000,0.000000,0.000000,27495,180,288,108
"21,-6",31,95049,7,1,792,2,1,7,18,0,0,0,1.000000,0.000000,0.000000,0.000000,0.000000,0.000000,0.000000,0.996094,0.003906,0.000000,0.000000,0.000000,0.000000,0.000000,27495,180,261,81
"21,-5",35,94724,7,1,791,2,1,8,16,0,0,1,1.000000,0.000000,0.000000,0.000000,0.000000,0.000000,0.000000,0.985455,0.014545,0.000000,0.000000,0.000000,0.000000,0.000000,27495,180,279,99
"21,-4",34,94414,7,1,795,2,1,12,46,0,0,1,0.994444,0.005556,0.000000,0.000000,0.000000,0.000000,0.000000,0.981413,0.018587,0.000000,0.000000,0.000000,0.000000,0.000000,27495,180,275,95
"21,-3",0,94414,0,0,673,4,99999,99999,99999,99999,99999,99999,0.000000,0.000000,0.000000,0.000000,0.000000,0.000000,0.000000,0.000000,0.000000,0.000000,0.000000,0.000000,0.000000,0.000000,0,0,0,0
"21,-2",0,94414,0,0,673,4,99999,99999,99999,99999,99999,99999,0.000000,0.000000,0.000000,0.000000,0.000000,0.000000,0.000000,0.000000,0.000000,0.000000,0.000000,0.000000,0.000000,0.000000,0,0,0,0
"21,-1",0,94414,0,0,673,4,99999,99999,99999,99999,99999,99999,0.000000,0.000000,0.000000,0.000000,0.000000,0.000000,0.000000,0.000000,0.000000,0.000000,0.000000,0.000000,0.000000,0.000000,0,0,0,0
"21,0",0,94414,0,0,670,4,99999,99999,99999,99999,99999,99999,0.000000,0.000000,0.000000,0.000000,0.000000,0.000000,0.000000,0.000000,0.000000,0.000000,0.000000,0.000000,0.000000,0.000000,0,0,0,0
"21,1",0,94414,0,0,675,4,99999,99999,99999,99999,99999,99999,0.000000,0.000000,0.000000,0.000000,0.000000,0.000000,0.000000,0.000000,0.000000,0.000000,0.000000,0.000000,0.000000,0.000000,0,0,0,0
"21,2",0,94414,0,0,669,4,99999,99999,99999,99999,99999,99999,0.000000,0.000000,0.000000,0.000000,0.000000,0.000000,0.000000,0.000000,0.000000,0.000000,0.000000,0.000000,0.000000,0.000000,0,0,0,0
"21,3",0,94414,0,0,671,4,99999,99999,99999,99999,99999,99999,0.000000,0.000000,0.000000,0.000000,0.000000,0.000000,0.000000,0.000000,0.000000,0.000000,0.000000,0.000000,0.000000,0.000000,0,0,0,0
"21,4",0,94414,0,0,669,4,99999,99999,99999,99999,99999,99999,0.000000,0.000000,0.000000,0.000000,0.000000,0.000000,0.000000,0.000000,0.000000,0.000000,0.000000,0.000000,0.000000,0.000000,0,0,0,0
"21,5",0,94414,0,0,672,4,99999,99999,99999,99999,99999,99999,0.000000,0.000000,0.000000,0.000000,0.000000,0.000000,0.000000,0.000000,0.000000,0.000000,0.000000,0.000000,0.000000,0.000000,0,0,0,0
"21,6",0,94414,0,0,672,4,99999,99999,99999,99999,99999,99999,0.000000,0.000000,0.000000,0.000000,0.000000,0.000000,0.000000,0.000000,0.000000,0.000000,0.000000,0.000000,0.000000,0.000000,0,0,0,0
"21,7",0,94414,0,0,667,4,99999,99999,99999,99999,99999,99999,0.000000,0.000000,0.000000,0.000000,0.000000,0.000000,0.000000,0.000000,0.000000,0.000000,0.000000,0.000000,0.000000,0.000000,0,0,0,0
"21,8",0,94414,0,0,671,4,99999,99999,99999,99999,99999,99999,0.000000,0.000000,0.000000,0.000000,0.000000,0.000000,0.000000,0.000000,0.000000,0.000000,0.000000,0.000000,0.000000,0.000000,0,0,0,0
"21,9",0,94414,0,0,668,4,99999,99999,99999,99999,99999,99999,0.000000,0.000000,0.000000,0.000000,0.000000,0.000000,0.000000,0.000000,0.000000,0.000000,0.000000,0.000000,0.000000,0.000000,0,0,0,0
"21,10",0,94414,0,0,668,4,99999,99999,99999,99999,99999,99999,0.000000,0.000000,0.000000,0.000000,0.000000,0.000000,0.000000,0.000000,0.000000,0.000000,0.000000,0.000000,0.000000,0.000000,0,0,0,0
"21,11",0,94414,0,0,57,4,99999,99999,99999,99999,99999,99999,0.000000,0.000000,0.000000,0.000000,0.000000,0.000000,0.000000,0.000000,0.000000,0.000000,0.000000,0.000000,0.000000,0.000000,0,0,0,0
"21,12",0,94414,0,0,55,4,99999,99999,99999,99999,99999,99999,0.000000,0.000000,0.000000,0.000000,0.000000,0.000000,0.000000,0.000000,0.000000,0.000000,0.000000,0.000000,0.000000,0.000000,0,0,0,0
"21,13",0,94414,0,0,55,4,99999,99999,99999,99999,99999,99999,0.000000,0.000000,0.000000,0.000000,0.000000,0.000000,0.000000,0.000000,0.000000,0.000000,0.000000,0.000000,0.000000,0.000000,0,0,0,0
"21,14",0,94414,0,0,54,4,99999,99999,99999,99999,99999,99999,0.000000,0.000000,0.000000,0.000000,0.000000,0.000000,0.000000,0.000000,0.000000,0.000000,0.000000,0.000000,0.000000,0.000000,0,0,0,0
"21,15",0,94414,0,0,55,4,99999,99999,99999,99999,99999,99999,0.000000,0.000000,0.000000,0.000000,0.000000,0.000000,0.000000,0.000000,0.000000,0.000000,0.000000,0.000000,0.000000,0.000000,0,0,0,0
"21,16",0,94414,0,0,56,4,99999,99999,99999,99999,99999,99999,0.000000,0.000000,0.000000,0.000000,0.000000,0.000000,0.000000,0.000000,0.000000,0.000000,0.000000,0.000000,0.000000,0.000000,0,0,0,0
"21,17",0,94414,0,0,36,4,99999,99999,99999,99999,99999,99999,0.000000,0.000000,0.000000,0.000000,0.000000,0.000000,0.000000,0.000000,0.000000,0.000000,0.000000,0.000000,0.000000,0.000000,0,0,0,0
"21,18",0,94414,0,0,8,4,99999,99999,99999,99999,99999,99999,0.000000,0.000000,0.000000,0.000000,0.000000,0.000000,0.000000,0.000000,0.000000,0.000000,0.000000,0.000000,0.000000,0.000000,0,0,0,0
"21,19",0,94414,0,0,8,4,99999,99999,99999,99999,99999,99999,0.000000,0.000000,0.000000,0.000000,0.000000,0.000000,0.000000,0.000000,0.000000,0.000000,0.000000,0.000000,0.000000,0.000000,0,0,0,0
"21,20",0,94414,0,0,8,4,99999,99999,99999,99999,99999,99999,0.000000,0.000000,0.000000,0.000000,0.000000,0.000000,0.000000,0.000000,0.000000,0.000000,0.000000,0.000000,0.000000,0.000000,0,0,0,0
"21,21",0,94414,0,0,8,4,99999,99999,99999,99999,99999,99999,0.000000,0.000000,0.000000,0.000000,0.000000,0.000000,0.000000,0.000000,0.000000,0.000000,0.000000,0.000000,0.000000,0.000000,0,0,0,0
"21,22",0,94414,0,0,4,4,99999,99999,99999,99999,99999,99999,0.000000,0.000000,0.000000,0.000000,0.000000,0.000000,0.000000,0.000000,0.000000,0.000000,0.000000,0.000000,0.000000,0.000000,0,0,0,0
"21,23",0,94414,0,0,4,4,99999,99999,99999,99999,99999,99999,0.000000,0.000000,0.000000,0.000000,0.000000,0.000000,0.000000,0.000000,0.000000,0.000000,0.000000,0.000000,0.000000,0.000000,0,0,0,0
"21,24",0,94414,0,0,4,4,99999,99999,99999,99999,99999,99999,0.000000,0.000000,0.000000,0.000000,0.000000,0.000000,0.000000,0.000000,0.000000,0.000000,0.000000,0.000000,0.000000,0.000000,0,0,0,0
"21,25",0,94414,0,0,4,4,99999,99999,99999,99999,99999,99999,0.000000,0.000000,0.000000,0.000000,0.000000,0.000000,0.000000,0.000000,0.000000,0.000000,0.000000,0.000000,0.000000,0.000000,0,0,0,0
"21,26",0,94414,0,0,4,4,99999,99999,99999,99999,99999,99999,0.000000,0.000000,0.000000,0.000000,0.000000,0.000000,0.000000,0.000000,0.000000,0.000000,0.000000,0.000000,0.000000,0.000000,0,0,0,0
"22,-26",38,94315,8,1,791,2,1,10,54,0,0,1,0.994444,0.005556,0.000000,0.000000,0.000000,0.000000,0.000000,0.968085,0.031915,0.000000,0.000000,0.000000,0.000000,0.000000,27495,180,294,114
"22,-25",33,94225,8,1,797,2,1,10,22,0,0,1,1.000000,0.000000,0.000000,0.000000,0.000000,0.000000,0.000000,0.970370,0.029630,0.000000,0.000000,0.000000,0.000000,0.000000,27495,180,270,90
"22,-24",33,94269,9,1,794,2,1,9,23,0,0,0,1.000000,0.000000,0.000000,0.000000,0.000000,0.000000,0.000000,0.988722,0.011278,0.000000,0.000000,0.000000,0.000000,0.000000,27495,180,272,92
"22,-23",36,94314,9,1,794,2,1,9,25,0,0,2,1.000000,0.000000,0.000000,0.000000,0.000000,0.000000,0.000000,0.978648,0.021352,0.000000,0.000000,0.000000,0.000000,0.000000,27495,180,284,104
"22,-22",33,94355,9,1,795,2,1,10,29,0,0,1,1.000000,0.000000,0.000000,0.000000,0.000000,0.000000,0.000000,0.981273,0.018727,0.000000,0.000000,0.000000,0.000000,0.000000,27495,180,271,91
"22,-21",29,94394,9,1,790,2,1,7,15,0,0,0,1.000000,0.000000,0.000000,0.000000,0.000000,0.000000,0.000000,0.996078,0.003922,0.000000,0.000000,0.000000,0.000000,0.000000,27495,180,257,77
"22,-20",38,94436,9,1,792,2,1,16,156,0,0,0,0.977778,0.022222,0.000000,0.000000,0.000000,0.000000,0.000000,0.989130,0.010870,0.000000,0.000000,0.000000,0.000000,0.000000,27495,180,294,114
"22,-19",40,94479,9,1,797,2,2,20,71,0,0,1,0.988889,0.011111,0.000000,0.000000,0.000000,0.000000,0.000000,0.979167,0.020833,0.000000,0.000000,0.000000,0.000000,0.000000,27495,180,303,123
"22,-18",34,94519,9,1,796,2,1,9,20,0,0,1,1.000000,0.000000,0.000000,0.000000,0.000000,0.000000,0.000000,0.966912,0.033088,0.000000,0.000000,0.000000,0.000000,0.000000,27561,181,278,97
"22,-17",36,94556,9,1,789,2,1,8,17,0,0,0,1.000000,0.000000,0.000000,0.000000,0.000000,0.000000,0.000000,0.989286,0.010714,0.000000,0.000000,0.000000,0.000000,0.000000,27495,180,282,102
"22,-16",36,94593,9,1,794,2,1,11,28,0,0,1,1.000000,0.000000,0.000000,0.000000,0.000000,0.000000,0.000000,0.975265,0.024735,0.000000,0.000000,0.000000,0.000000,0.000000,27495,180,285,105
"22,-15",35,94629,9,1,791,2,1,10,58,0,0,0,0.994444,0.005556,0.000000,0.000000,0.000000,0.000000,0.000000,0.992537,0.007463,0.000000,0.000000,0.000000,0.000000,0.000000,27495,180,278,98
"22,-14",33,94662,9,1,789,2,1,7,12,0,0,0,1.000000,0.000000,0.000000,0.000000,0.000000,0.000000,0.000000,0.992537,0.007463,0.000000,0.000000,0.000000,0.000000,0.000000,27495,180,270,90
"22,-13",33,94695,9,1,795,2,1,18,88,0,0,1,0.988889,0.011111,0.000000,0.000000,0.000000,0.000000,0.000000,0.977358,0.022642,0.000000,0.000000,0.000000,0.000000,0.000000,27495,180,272,92
"22,-12",29,94726,9,1,796,2,1,8,22,0,0,1,1.000000,0.000000,0.000000,0.000000,0.000000,0.000000,0.000000,0.984190,0.015810,0.000000,0.000000,0.000000,0.000000,0.000000,27495,180,257,77
"22,-11",32,94757,9,1,791,2,1,6,24,0,0,1,1.000000,0.000000,0.000000,0.000000,0.000000,0.000000,0.000000,0.980769,0.019231,0.000000,0.000000,0.000000,0.000000,0.000000,27495,180,265,85
"22,-10",33,94788,9,1,794,2,1,13,30,0,0,2,1.000000,0.000000,0.000000,0.000000,0.000000,0.000000,0.000000,0.974074,0.025926,0.000000,0.000000,0.000000,0.000000,0.000000,27495,180,272,92
"22,-9",31,94712,8,1,796,2,1,8,39,0,0,0,1.000000,0.000000,0.000000,0.000000,0.000000,0.000000,0.000000,0.988235,0.011765,0.000000,0.000000,0.000000,0.000000,0.000000,27495,180,262,82
"22,-8",35,94632,8,1,793,2,1,11,32,0,0,1,0.994444,0.005556,0.000000,0.000000,0.000000,0.000000,0.000000,0.977778,0.022222,0.000000,0.000000,0.000000,0.000000,0.000000,27495,180,281,101
"22,-7",31,94407,7,1,794,2,1,8,16,0,0,1,1.000000,0.000000,0.000000,0.000000,0.000000,0.000000,0.000000,0.984674,0.015326,0.000000,0.000000,0.000000,0.000000,0.000000,27495,180,261,81
"22,-6",33,94171,7,1,793,2,1,8,16,0,0,0,1.000000,0.000000,0.000000,0.000000,0.000000,0.000000,0.000000,0.988848,0.011152,0.000000,0.000000,0.000000,0.000000,0.000000,27495,180,272,92
"22,-5",28,93961,7,1,791,2,1,6,9,0,0,0,1.000000,0.000000,0.000000,0.000000,0.000000,0.000000,0.000000,0.988095,0.011905,0.000000,0.000000,0.000000,0.000000,0.000000,27495,180,252,72
"22,-4",0,93961,0,0,668,4,99999,99999,99999,99999,99999,99999,0.000000,0.000000,0.000000,0.000000,0.000000,0.000000,0.000000,0.000000,0.000000,0.000000,0.000000,0.000000,0.000000,0.000000,0,0,0,0
"22,-3",0,93961,0,0,672,4,99999,99999,99999,99999,99999,99999,0.000000,0.000000,0.000000,0.000000,0.000000,0.000000,0.000000,0.000000,0.000000,0.000000,0.000000,0.000000,0.000000,0.000000,0,0,0,0
"22,-2",0,93961,0,0,671,4,99999,99999,99999,99999,99999,99999,0.000000,0.000000,0.000000,0.000000,0.000000,0.000000,0.000000,0.000000,0.000000,0.000000,0.000000,0.000000,0.000000,0.000000,0,0,0,0
"22,-1",0,93961,0,0,674,4,99999,99999,99999,99999,99999,99999,0.000000,0.000000,0.000000,0.000000,0.000000,0.000000,0.000000,0.000000,0.000000,0.000000,0.000000,0.000000,0.000000,0.000000,0,0,0,0
"22,0",0,93961,0,0,671,4,99999,99999,99999,99999,99999,99999,0.000000,0.000000,0.000000,0.000000,0.000000,0.000000,0.000000,0.000000,0.000000,0.000000,0.000000,0.000000,0.000000,0.000000,0,0,0,0
"22,1",0,93961,0,0,674,4,99999,99999,99999,99999,99999,99999,0.000000,0.000000,0.000000,0.000000,0.000000,0.000000,0.000000,0.000000,0.000000,0.000000,0.000000,0.000000,0.000000,0.000000,0,0,0,0
"22,2",0,93961,0,0,673,4,99999,99999,99999,99999,99999,99999,0.000000,0.000000,0.000000,0.000000,0.000000,0.000000,0.000000,0.000000,0.000000,0.000000,0.000000,0.000000,0.000000,0.000000,0,0,0,0
"22,3",0,93961,0,0,671,4,99999,99999,99999,99999,99999,99999,0.000000,0.000000,0.000000,0.000000,0.000000,0.000000,0.000000,0.000000,0.000000,0.000000,0.000000,0.000000,0.000000,0.000000,0,0,0,0
"22,4",0,93961,0,0,674,4,99999,99999,99999,99999,99999,99999,0.000000,0.000000,0.000000,0.000000,0.000000,0.000000,0.000000,0.000000,0.000000,0.000000,0.000000,0.000000,0.000000,0.000000,0,0,0,0
"22,5",0,93961,0,0,669,4,99999,99999,99999,99999,99999,99999,0.000000,0.000000,0.000000,0.000000,0.000000,0.000000,0.000000,0.000000,0.000000,0.000000,0.000000,0.000000,0.000000,0.000000,0,0,0,0
"22,6",0,93961,0,0,671,4,99999,99999,99999,99999,99999,99999,0.000000,0.000000,0.000000,0.000000,0.000000,0.000000,0.000000,0.000000,0.000000,0.000000,0.000000,0.000000,0.000000,0.000000,0,0,0,0
"22,7",0,93961,0,0,666,4,99999,99999,99999,99999,99999,99999,0.000000,0.000000,0.000000,0.000000,0.000000,0.000000,0.000000,0.000000,0.000000,0.000000,0.000000,0.000000,0.000000,0.000000,0,0,0,0
"22,8",0,93961,0,0,677,4,99999,99999,99999,99999,99999,99999,0.000000,0.000000,0.000000,0.000000,0.000000,0.000000,0.000000,0.000000,0.000000,0.000000,0.000000,0.000000,0.000000,0.000000,0,0,0,0
"22,9",0,93961,0,0,673,4,99999,99999,99999,99999,99999,99999,0.000000,0.000000,0.000000,0.000000,0.000000,0.000000,0.000000,0.000000,0.000000,0.000000,0.000000,0.000000,0.000000,0.000000,0,0,0,0
"22,10",0,93961,0,0,54,4,99999,99999,99999,99999,99999,99999,0.000000,0.000000,0.000000,0.000000,0.000000,0.000000,0.000000,0.000000,0.000000,0.000000,0.000000,0.000000,0.000000,0.000000,0,0,0,0
"22,11",0,93961,0,0,56,4,99999,99999,99999,99999,99999,99999,0.000000,0.000000,0.000000,0.000000,0.000000,0.000000,0.000000,0.000000,0.000000,0.000000,0.000000,0.000000,0.000000,0.000000,0,0,0,0
"22,12",0,93961,0,0,55,4,99999,99999,99999,99999,99999,99999,0.000000,0.000000,0.000000,0.000000,0.000000,0.000000,0.000000,0.000000,0.000000,0.000000,0.000000,0.000000,0.000000,0.000000,0,0,0,0
"22,13",0,93961,0,0,56,4,99999,99999,99999,99999,99999,99999,0.000000,0.000000,0.000000,0.000000,0.000000,0.000000,0.000000,0.000000,0.000000,0.000000,0.000000,0.000000,0.000000,0.000000,0,0,0,0
"22,14",0,93961,0,0,54,4,99999,99999,99999,99999,99999,99999,0.000000,0.000000,0.000000,0.000000,0.000000,0.000000,0.000000,0.000000,0.000000,0.000000,0.000000,0.000000,0.000000,0.000000,0,0,0,0
"22,15",0,93961,0,0,56,4,99999,99999,99999,99999,99999,99999,0.000000,0.000000,0.000000,0.000000,0.000000,0.000000,0.000000,0.000000,0.000000,0.000000,0.000000,0.000000,0.000000,0.000000,0,0,0,0
"22,16",0,93961,0,0,55,4,99999,99999,99999,99999,99999,99999,0.000000,0.000000,0.000000,0.000000,0.000000,0.000000,0.000000,0.000000,0.000000,0.000000,0.000000,0.000000,0.000000,0.000000,0,0,0,0
"22,17",0,93961,0,0,8,4,99999,99999,99999,99999,99999,99999,0.000000,0.000000,0.000000,0.000000,0.000000,0.000000,0.000000,0.000000,0.000000,0.000000,0.000000,0.000000,0.000000,0.000000,0,0,0,0
"22,18",0,93961,0,0,8,4,99999,99999,99999,99999,99999,99999,0.000000,0.000000,0.000000,0.000000,0.000000,0.000000,0.000000,0.000000,0.000000,0.000000,0.000000,0.000000,0.000000,0.000000,0,0,0,0
"22,19",0,93961,0,0,8,4,99999,99999,99999,99999,99999,99999,0.000000,0.000000,0.000000,0.000000,0.000000,0.000000,0.000000,0.000000,0.000000,0.000000,0.000000,0.000000,0.000000,0.000000,0,0,0,0
"22,20",0,93961,0,0,8,4,99999,99999,99999,99999,99999,99999,0.000000,0.000000,0.000000,0.000000,0.000000,0.000000,0.000000,0.000000,0.000000,0.000000,0.000000,0.000000,0.000000,0.000000,0,0,0,0
"22,21",0,93961,0,0,8,4,99999,99999,99999,99999,99999,99999,0.000000,0.000000,0.000000,0.000000,0.000000,0.000000,0.000000,0.000000,0.000000,0.000000,0.000000,0.000000,0.000000,0.000000,0,0,0,0
"22,22",0,93961,0,0,4,4,99999,99999,99999,99999,99999,99999,0.000000,0.000000,0.000000,0.000000,0.000000,0.000000,0.000000,0.000000,0.000000,0.000000,0.000000,0.000000,0.000000,0.000000,0,0,0,0
"22,23",0,93961,0,0,4,4,99999,99999,99999,99999,99999,99999,0.000000,0.000000,0.000000,0.000000,0.000000,0.000000,0.000000,0.000000,0.000000,0.000000,0.000000,0.000000,0.000000,0.000000,0,0,0,0
"22,24",0,93961,0,0,4,4,99999,99999,99999,99999,99999,99999,0.000000,0.000000,0.000000,0.000000,0.000000,0.000000,0.000000,0.000000,0.000000,0.000000,0.000000,0.000000,0.000000,0.000000,0,0,0,0
"22,25",0,93961,0,0,4,4,99999,99999,99999,99999,99999,99999,0.000000,0.000000,0.000000,0.000000,0.000000,0.000000,0.000000,0.000000,0.000000,0.000000,0.000000,0.000000,0.000000,0.000000,0,0,0,0
"22,26",0,93961,0,0,4,4,99999,99999,99999,99999,99999,99999,0.000000,0.000000,0.000000,0.000000,0.000000,0.000000,0.000000,0.000000,0.000000,0.000000,0.000000,0.000000,0.000000,0.000000,0,0,0,0
"23,-26",30,93747,7,1,791,2,1,8,22,0,0,1,1.000000,0.000000,0.000000,0.000000,0.000000,0.000000,0.000000,0.980545,0.019455,0.000000,0.000000,0.000000,0.000000,0.000000,27495,180,260,80
"23,-25",37,93681,8,1,795,2,2,12,74,0,0,1,0.994444,0.005556,0.000000,0.000000,0.000000,0.000000,0.000000,0.978723,0.021277,0.000000,0.000000,0.000000,0.000000,0.000000,27495,180,290,110
"23,-24",35,93619,8,1,790,2,1,12,44,0,0,0,1.000000,0.000000,0.000000,0.000000,0.000000,0.000000,0.000000,0.992674,0.007326,0.000000,0.000000,0.000000,0.000000,0.000000,27495,180,278,98
"23,-23",34,93559,8,1,793,2,1,10,27,0,0,0,1.000000,0.000000,0.000000,0.000000,0.000000,0.000000,0.000000,0.992509,0.007491,0.000000,0.000000,0.000000,0.000000,0.000000,27495,180,273,93
"23,-22",37,93601,9,1,791,2,1,10,23,0,0,1,1.000000,0.000000,0.000000,0.000000,0.000000,0.000000,0.000000,0.982332,0.017668,0.000000,0.000000,0.000000,0.000000,0.000000,27495,180,288,108
"23,-21",31,93639,9,1,796,2,1,9,13,0,0,1,1.000000,0.000000,0.000000,0.000000,0.000000,0.000000,0.000000,0.984615,0.015385,0.000000,0.000000,0.000000,0.000000,0.000000,27495,180,263,83
"23,-20",38,93681,9,1,798,2,2,14,28,0,0,1,1.000000,0.000000,0.000000,0.000000,0.000000,0.000000,0.000000,0.975779,0.024221,0.000000,0.000000,0.000000,0.000000,0.000000,27495,180,293,113
"23,-19",35,93720,9,1,793,2,1,13,21,0,0,1,1.000000,0.000000,0.000000,0.000000,0.000000,0.000000,0.000000,0.974820,0.025180,0.000000,0.000000,0.000000,0.000000,0.000000,27495,180,280,100
"23,-18",35,93758,9,1,792,2,1,12,17,0,0,1,1.000000,0.000000,0.000000,0.000000,0.000000,0.000000,0.000000,0.981752,0.018248,0.000000,0.000000,0.000000,0.000000,0.000000,27561,181,280,99
"23,-17",32,93794,9,1,794,2,1,8,22,0,0,1,1.000000,0.000000,0.000000,0.000000,0.000000,0.000000,0.000000,0.984962,0.015038,0.000000,0.000000,0.000000,0.000000,0.000000,27495,180,267,87
"23,-16",30,93828,9,1,793,2,1,6,23,0,0,0,1.000000,0.000000,0.000000,0.000000,0.000000,0.000000,0.000000,0.988462,0.011538,0.000000,0.000000,0.000000,0.000000,0.000000,27495,180,260,80
"23,-15",31,93863,9,1,791,2,1,8,15,0,0,1,1.000000,0.000000,0.000000,0.000000,0.000000,0.000000,0.000000,0.977099,0.022901,0.000000,0.000000,0.000000,0.000000,0.000000,27495,180,264,84
"23,-14",41,93901,9,1,791,2,2,13,57,0,0,1,0.994444,0.005556,0.000000,0.000000,0.000000,0.000000,0.000000,0.966667,0.033333,0.000000,0.000000,0.000000,0.000000,0.000000,27495,180,310,130
"23,-13",42,93939,9,1,795,2,1,13,42,0,0,1,0.994444,0.005556,0.000000,0.000000,0.000000,0.000000,0.000000,0.983221,0.016779,0.000000,0.000000,0.000000,0.000000,0.000000,27495,180,311,131
"23,-12",37,93973,9,1,796,2,1,10,24,0,0,0,1.000000,0.000000,0.000000,0.000000,0.000000,0.000000,0.000000,0.996416,0.003584,0.000000,0.000000,0.000000,0.000000,0.000000,27495,180,286,106
"23,-11",32,93918,8,1,794,2,1,10,20,0,0,0,1.000000,0.000000,0.000000,0.000000,0.000000,0.000000,0.000000,0.996139,0.003861,0.000000,0.000000,0.000000,0.000000,0.000000,27495,180,266,86
"23,-10",34,93862,8,1,797,2,1,7,16,0,0,0,1.000000,0.000000,0.000000,0.000000,0.000000,0.000000,0.000000,0.992647,0.007353,0.000000,0.000000,0.000000,0.000000,0.000000,27495,180,273,93
"23,-9",36,93806,8,1,792,2,1,14,50,0,0,0,0.994444,0.005556,0.000000,0.000000,0.000000,0.000000,0.000000,0.996377,0.003623,0.000000,0.000000,0.000000,0.000000,0.000000,27495,180,282,102
"23,-8",27,93635,7,1,797,2,1,7,11,0,0,0,1.000000,0.000000,0.000000,0.000000,0.000000,0.000000,0.000000,0.995935,0.004065,0.000000,0.000000,0.000000,0.000000,0.000000,27495,180,249,69
"23,-7",35,93453,7,1,790,2,1,10,22,0,0,1,1.000000,0.000000,0.000000,0.000000,0.000000,0.000000,0.000000,0.963768,0.036232,0.000000,0.000000,0.000000,0.000000,0.000000,27495,180,277,97
"23,-6",31,93277,7,1,795,2,1,10,54,0,0,0,0.994444,0.005556,0.000000,0.000000,0.000000,0.000000,0.000000,0.992188,0.007812,0.000000,0.000000,0.000000,0.000000,0.000000,27495,180,264,84
"23,-5",0,93277,0,0,671,4,99999,99999,99999,99999,99999,99999,0.000000,0.000000,0.000000,0.000000,0.000000,0.000000,0.000000,0.000000,0.000000,0.000000,0.000000,0.000000,0.000000,0.000000,0,0,0,0
"23,-4",0,93277,0,0,664,4,99999,99999,99999,99999,99999,99999,0.000000,0.000000,0.000000,0.000000,0.000000,0.000000,0.000000,0.000000,0.000000,0.000000,0.000000,0.000000,0.000000,0.000000,0,0,0,0
"23,-3",0,93277,0,0,662,4,99999,99999,99999,99999,99999,99999,0.000000,0.000000,0.000000,0.000000,0.000000,0.000000,0.000000,0.000000,0.000000,0.000000,0.000000,0.000000,0.000000,0.000000,0,0,0,0
"23,-2",0,93277,0,0,675,4,99999,99999,99999,99999,99999,99999,0.000000,0.000000,0.000000,0.000000,0.000000,0.000000,0.000000,0.000000,0.000000,0.000000,0.000000,0.000000,0.000000,0.000000,0,0,0,0
"23,-1",0,93277,0,0,666,4,99999,99999,99999,99999,99999,99999,0.000000,0.000000,0.000000,0.000000,0.000000,0.000000,0.000000,0.000000,0.000000,0.000000,0.000000,0.000000,0.000000,0.000000,0,0,0,0
"23,0",0,93277,0,0,673,4,99999,99999,99999,99999,99999,99999,0.000000,0.000000,0.000000,0.000000,0.000000,0.000000,0.000000,0.000000,0.000000,0.000000,0.000000,0.000000,0.000000,0.000000,0,0,0,0
"23,1",0,93277,0,0,672,4,99999,99999,99999,99999,99999,99999,0.000000,0.000000,0.000000,0.000000,0.000000,0.000000,0.000000,0.000000,0.000000,0.000000,0.000000,0.000000,0.000000,0.000000,0,0,0,0
"23,2",0,93277,0,0,668,4,99999,99999,99999,99999,99999,99999,0.000000,0.000000,0.000000,0.000000,0.000000,0.000000,0.000000,0.000000,0.000000,0.000000,0.000000,0.000000,0.000000,0.000000,0,0,0,0
"23,3",0,93277,0,0,673,4,99999,99999,99999,99999,99999,99999,0.000000,0.000000,0.000000,0.000000,0.000000,0.000000,0.000000,0.000000,0.000000,0.000000,0.000000,0.000000,0.000000,0.000000,0,0,0,0
"23,4",0,93277,0,0,678,4,99999,99999,99999,99999,99999,99999,0.000000,0.000000,0.000000,0.000000,0.000000,0.000000,0.000000,0.000000,0.000000,0.000000,0.000000,0.000000,0.000000,0.000000,0,0,0,0
"23,5",0,93277,0,0,675,4,99999,99999,99999,99999,99999,99999,0.000000,0.000000,0.000000,0.000000,0.000000,0.000000,0.000000,0.000000,0.000000,0.000000,0.000000,0.000000,0.000000,0.000000,0,0,0,0
"23,6",0,93277,0,0,672,4,99999,99999,99999,99999,99999,99999,0.000000,0.000000,0.000000,0.000000,0.000000,0.000000,0.000000,0.000000,0.000000,0.000000,0.000000,0.000000,0.000000,0.000000,0,0,0,0
"23,7",0,93277,0,0,669,4,99999,99999,99999,99999,99999,99999,0.000000,0.000000,0.000000,0.000000,0.000000,0.000000,0.000000,0.000000,0.000000,0.000000,0.000000,0.000000,0.000000,0.000000,0,0,0,0
"23,8",0,93277,0,0,672,4,99999,99999,99999,99999,99999,99999,0.000000,0.000000,0.000000,0.000000,0.000000,0.000000,0.000000,0.000000,0.000000,0.000000,0.000000,0.000000,0.000000,0.000000,0,0,0,0
"23,9",0,93277,0,0,670,4,99999,99999,99999,99999,99999,99999,0.000000,0.000000,0.000000,0.000000,0.000000,0.000000,0.000000,0.000000,0.000000,0.000000,0.000000,0.000000,0.000000,0.000000,0,0,0,0
"23,10",0,93277,0,0,56,4,99999,99999,99999,99999,99999,99999,0.000000,0.000000,0.000000,0.000000,0.000000,0.000000,0.000000,0.000000,0.000000,0.000000,0.000000,0.000000,0.000000,0.000000,0,0,0,0
"23,11",0,93277,0,0,54,4,99999,99999,99999,99999,99999,99999,0.000000,0.000000,0.000000,0.000000,0.000000,0.000000,0.000000,0.000000,0.000000,0.000000,0.000000,0.000000,0.000000,0.000000,0,0,0,0
"23,12",0,93277,0,0,56,4,99999,99999,99999,99999,99999,99999,0.000000,0.000000,0.000000,0.000000,0.000000,0.000000,0.000000,0.000000,0.000000,0.000000,0.000000,0.000000,0.000000,0.000000,0,0,0,0
"23,13",0,93277,0,0,55,4,99999,99999,99999,99999,99999,99999,0.000000,0.000000,0.000000,0.000000,0.000000,0.000000,0.000000,0.000000,0.000000,0.000000,0.000000,0.000000,0.000000,0.000000,0,0,0,0
"23,14",0,93277,0,0,57,4,99999,99999,99999,99999,99999,99999,0.000000,0.000000,0.000000,0.000000,0.000000,0.000000,0.000000,0.000000,0.000000,0.000000,0.000000,0.000000,0.000000,0.000000,0,0,0,0
"23,15",0,93277,0,0,55,4,99999,99999,99999,99999,99999,99999,0.000000,0.000000,0.000000,0.000000,0.000000,0.000000,0.000000,0.000000,0.000000,0.000000,0.000000,0.000000,0.000000,0.000000,0,0,0,0
"23,16",0,93277,0,0,56,4,99999,99999,99999,99999,99999,99999,0.000000,0.000000,0.000000,0.000000,0.000000,0.000000,0.000000,0.000000,0.000000,0.000000,0.000000,0.000000,0.000000,0.000000,0,0,0,0
"23,17",0,93277,0,0,8,4,99999,99999,99999,99999,99999,99999,0.000000,0.000000,0.000000,0.000000,0.000000,0.000000,0.000000,0.000000,0.000000,0.000000,0.000000,0.000000,0.000000,0.000000,0,0,0,0
"23,18",0,93277,0,0,7,4,99999,99999,99999,99999,99999,99999,0.000000,0.000000,0.000000,0.000000,0.000000,0.000000,0.000000,0.000000,0.000000,0.000000,0.000000,0.000000,0.000000,0.000000,0,0,0,0
"23,19",0,93277,0,0,8,4,99999,99999,99999,99999,99999,99999,0.000000,0.000000,0.000000,0.000000,0.000000,0.000000,0.000000,0.000000,0.000000,0.000000,0.000000,0.000000,0.000000,0.000000,0,0,0,0
"23,20",0,93277,0,0,8,4,99999,99999,99999,99999,99999,99999,0.000000,0.000000,0.000000,0.000000,0.000000,0.000000,0.000000,0.000000,0.000000,0.000000,0.000000,0.000000,0.000000,0.000000,0,0,0,0
"23,21",0,93277,0,0,4,4,99999,99999,99999,99999,99999,99999,0.000000,0.000000,0.000000,0.000000,0.000000,0.000000,0.000000,0.000000,0.000000,0.000000,0.000000,0.000000,0.000000,0.000000,0,0,0,0
"23,22",0,93277,0,0,4,4,99999,99999,99999,99999,99999,99999,0.000000,0.000000,0.000000,0.000000,0.000000,0.000000,0.000000,0.000000,0.000000,0.000000,0.000000,0.000000,0.000000,0.000000,0,0,0,0
"23,23",0,93277,0,0,4,4,99999,99999,99999,99999,99999,99999,0.000000,0.000000,0.000000,0.000000,0.000000,0.000000,0.000000,0.000000,0.000000,0.000000,0.000000,0.000000,0.000000,0.000000,0,0,0,0
"23,24",0,93277,0,0,4,4,99999,99999,99999,99999,99999,99999,0.000000,0.000000,0.000000,0.000000,0.000000,0.000000,0.000000,0.000000,0.000000,0.000000,0.000000,0.000000,0.000000,0.000000,0,0,0,0
"23,25",0,93277,0,0,4,4,99999,99999,99999,99999,99999,99999,0.000000,0.000000,0.000000,0.000000,0.000000,0.000000,0.000000,0.000000,0.000000,0.000000,0.000000,0.000000,0.000000,0.000000,0,0,0,0
"23,26",0,93277,0,0,4,4,99999,99999,99999,99999,99999,99999,0.000000,0.000000,0.000000,0.000000,0.000000,0.000000,0.000000,0.000000,0.000000,0.000000,0.000000,0.000000,0.000000,0.000000,0,0,0,0
"24,-26",29,93114,7,1,792,2,1,6,10,0,0,1,1.000000,0.000000,0.000000,0.000000,0.000000,0.000000,0.000000,0.972222,0.027778,0.000000,0.000000,0.000000,0.000000,0.000000,27495,180,254,74
"24,-25",34,92942,7,1,795,2,1,9,21,0,0,0,1.000000,0.000000,0.000000,0.000000,0.000000,0.000000,0.000000,0.988848,0.011152,0.000000,0.000000,0.000000,0.000000,0.000000,27495,180,275,95
"24,-24",27,92787,7,1,793,2,1,6,10,0,0,0,1.000000,0.000000,0.000000,0.000000,0.000000,0.000000,0.000000,0.991903,0.008097,0.000000,0.000000,0.000000,0.000000,0.000000,27495,180,247,67
"24,-23",37,92742,8,1,798,2,1,11,39,0,0,1,1.000000,0.000000,0.000000,0.000000,0.000000,0.000000,0.000000,0.982270,0.017730,0.000000,0.000000,0.000000,0.000000,0.000000,27495,180,286,106
"24,-22",34,92700,8,1,793,2,1,8,18,0,0,1,1.000000,0.000000,0.000000,0.000000,0.000000,0.000000,0.000000,0.977941,0.022059,0.000000,0.000000,0.000000,0.000000,0.000000,27495,180,274,94
"24,-21",35,92658,8,1,793,2,1,11,24,0,0,1,1.000000,0.000000,0.000000,0.000000,0.000000,0.000000,0.000000,0.981949,0.018051,0.000000,0.000000,0.000000,0.000000,0.000000,27495,180,279,99
"24,-20",33,92618,8,1,796,2,1,8,14,0,0,0,1.000000,0.000000,0.000000,0.000000,0.000000,0.000000,0.000000,0.988806,0.011194,0.000000,0.000000,0.000000,0.000000,0.000000,27495,180,270,90
"24,-19",35,92659,9,1,793,2,1,9,38,0,0,0,1.000000,0.000000,0.000000,0.000000,0.000000,0.000000,0.000000,0.989130,0.010870,0.000000,0.000000,0.000000,0.000000,0.000000,27495,180,280,100
"24,-18",36,92700,9,1,792,2,1,9,13,0,0,1,1.000000,0.000000,0.000000,0.000000,0.000000,0.000000,0.000000,0.982014,0.017986,0.000000,0.000000,0.000000,0.000000,0.000000,27561,181,285,104
"24,-17",35,92740,9,1,794,2,1,11,25,0,0,1,1.000000,0.000000,0.000000,0.000000,0.000000,0.000000,0.000000,0.981949,0.018051,0.000000,0.000000,0.000000,0.000000,0.000000,27495,180,279,99
"24,-16",37,92779,9,1,791,2,1,13,32,0,0,1,1.000000,0.000000,0.000000,0.000000,0.000000,0.000000,0.000000,0.975265,0.024735,0.000000,0.000000,0.000000,0.000000,0.000000,27495,180,287,107
"24,-15",35,92818,9,1,791,2,1,9,26,0,0,0,1.000000,0.000000,0.000000,0.000000,0.000000,0.000000,0.000000,0.989130,0.010870,0.000000,0.000000,0.000000,0.000000,0.000000,27495,180,280,100
"24,-14",28,92781,8,1,790,2,1,9,23,0,0,1,1.000000,0.000000,0.000000,0.000000,0.000000,0.000000,0.000000,0.988048,0.011952,0.000000,0.000000,0.000000,0.000000,0.000000,27495,180,252,72
"24,-13",30,92743,8,1,790,2,1,10,24,0,0,0,1.000000,0.000000,0.000000,0.000000,0.000000,0.000000,0.000000,0.996124,0.003876,0.000000,0.000000,0.000000,0.000000,0.000000,27495,180,260,80
"24,-12",36,92703,8,1,792,2,1,8,18,0,0,0,1.000000,0.000000,0.000000,0.000000,0.000000,0.000000,0.000000,0.992832,0.007168,0.000000,0.000000,0.000000,0.000000,0.000000,27495,180,283,103
"24,-11",31,92666,8,1,793,2,1,7,11,0,0,1,1.000000,0.000000,0.000000,0.000000,0.000000,0.000000,0.000000,0.968992,0.031008,0.000000,0.000000,0.000000,0.000000,0.000000,27495,180,262,82
"24,-10",38,92506,7,1,796,2,1,10,23,0,0,0,1.000000,0.000000,0.000000,0.000000,0.000000,0.000000,0.000000,0.996540,0.003460,0.000000,0.000000,0.000000,0.000000,0.000000,27495,180,293,113
"24,-9",29,92369,7,1,798,2,1,8,19,0,0,0,1.000000,0.000000,0.000000,0.000000,0.000000,0.000000,0.000000,0.988235,0.011765,0.000000,0.000000,0.000000,0.000000,0.000000,27495,180,257,77
"24,-8",30,92229,7,1,794,2,1,6,35,0,0,0,0.994444,0.005556,0.000000,0.000000,0.000000,0.000000,0.000000,0.988095,0.011905,0.000000,0.000000,0.000000,0.000000,0.000000,27495,180,258,78
"24,-7",0,92229,0,0,668,4,99999,99999,99999,99999,99999,99999,0.000000,0.000000,0.000000,0.000000,0.000000,0.000000,0.000000,0.000000,0.000000,0.000000,0.000000,0.000000,0.000000,0.000000,0,0,0,0
"24,-6",0,92229,0,0,671,4,99999,99999,99999,99999,99999,99999,0.000000,0.000000,0.000000,0.000000,0.000000,0.000000,0.000000,0.000000,0.000000,0.000000,0.000000,0.000000,0.000000,0.000000,0,0,0,0
"24,-5",0,92229,0,0,666,4,99999,99999,99999,99999,99999,99999,0.000000,0.000000,0.000000,0.000000,0.000000,0.000000,0.000000,0.000000,0.000000,0.000000,0.000000,0.000000,0.000000,0.000000,0,0,0,0
"24,-4",0,92229,0,0,678,4,99999,99999,99999,99999,99999,99999,0.000000,0.000000,0.000000,0.000000,0.000000,0.000000,0.000000,0.000000,0.000000,0.000000,0.000000,0.000000,0.000000,0.000000,0,0,0,0
"24,-3",0,92229,0,0,674,4,99999,99999,99999,99999,99999,99999,0.000000,0.000000,0.000000,0.000000,0.000000,0.000000,0.000000,0.000000,0.000000,0.000000,0.000000,0.000000,0.000000,0.000000,0,0,0,0
"24,-2",0,92229,0,0,673,4,99999,99999,99999,99999,99999,99999,0.000000,0.000000,0.000000,0.000000,0.000000,0.000000,0.000000,0.000000,0.000000,0.000000,0.000000,0.000000,0.000000,0.000000,0,0,0,0
"24,-1",0,92229,0,0,674,4,99999,99999,99999,99999,99999,99999,0.000000,0.000000,0.000000,0.000000,0.000000,0.000000,0.000000,0.000000,0.000000,0.000000,0.000000,0.000000,0.000000,0.000000,0,0,0,0
"24,0",0,92229,0,0,674,4,99999,99999,99999,99999,99999,99999,0.000000,0.000000,0.000000,0.000000,0.000000,0.000000,0.000000,0.000000,0.000000,0.000000,0.000000,0.000000,0.000000,0.000000,0,0,0,0
"24,1",0,92229,0,0,670,4,99999,99999,99999,99999,99999,99999,0.000000,0.000000,0.000000,0.000000,0.000000,0.000000,0.000000,0.000000,0.000000,0.000000,0.000000,0.000000,0.000000,0.000000,0,0,0,0
"24,2",0,92229,0,0,670,4,99999,99999,99999,99999,99999,99999,0.000000,0.000000,0.000000,0.000000,0.000000,0.000000,0.000000,0.000000,0.000000,0.000000,0.000000,0.000000,0.000000,0.000000,0,0,0,0
"24,3",0,92229,0,0,672,4,99999,99999,99999,99999,99999,99999,0.000000,0.000000,0.000000,0.000000,0.000000,0.000000,0.000000,0.000000,0.000000,0.000000,0.000000,0.000000,0.000000,0.000000,0,0,0,0
"24,4",0,92229,0,0,665,4,99999,99999,99999,99999,99999,99999,0.000000,0.000000,0.000000,0.000000,0.000000,0.000000,0.000000,0.000000,0.000000,0.000000,0.000000,0.000000,0.000000,0.000000,0,0,0,0
"24,5",0,92229,0,0,667,4,99999,99999,99999,99999,99999,99999,0.000000,0.000000,0.000000,0.000000,0.000000,0.000000,0.000000,0.000000,0.000000,0.000000,0.000000,0.000000,0.000000,0.000000,0,0,0,0
"24,6",0,92229,0,0,669,4,99999,99999,99999,99999,99999,99999,0.000000,0.000000,0.000000,0.000000,0.000000,0.000000,0.000000,0.000000,0.000000,0.000000,0.000000,0.000000,0.000000,0.000000,0,0,0,0
"24,7",0,92229,0,0,671,4,99999,99999,99999,99999,99999,99999,0.000000,0.000000,0.000000,0.000000,0.000000,0.000000,0.000000,0.000000,0.000000,0.000000,0.000000,0.000000,0.000000,0.000000,0,0,0,0
"24,8",0,92229,0,0,666,4,99999,99999,99999,99999,99999,99999,0.000000,0.000000,0.000000,0.000000,0.000000,0.000000,0.000000,0.000000,0.000000,0.000000,0.000000,0.000000,0.000000,0.000000,0,0,0,0
"24,9",0,92229,0,0,56,4,99999,99999,99999,99999,99999,99999,0.000000,0.000000,0.000000,0.000000,0.000000,0.000000,0.000000,0.000000,0.000000,0.000000,0.000000,0.000000,0.000000,0.000000,0,0,0,0
"24,10",0,92229,0,0,57,4,99999,99999,99999,99999,99999,99999,0.000000,0.000000,0.000000,0.000000,0.000000,0.000000,0.000000,0.000000,0.000000,0.000000,0.000000,0.000000,0.000000,0.000000,0,0,0,0
"24,11",0,92229,0,0,56,4,99999,99999,99999,99999,99999,99999,0.000000,0.000000,0.000000,0.000000,0.000000,0.000000,0.000000,0.000000,0.000000,0.000000,0.000000,0.000000,0.000000,0.000000,0,0,0,0
"24,12",0,92229,0,0,55,4,99999,99999,99999,99999,99999,99999,0.000000,0.000000,0.000000,0.000000,0.000000,0.000000,0.000000,0.000000,0.000000,0.000000,0.000000,0.000000,0.000000,0.000000,0,0,0,0
"24,13",0,92229,0,0,55,4,99999,99999,99999,99999,99999,99999,0.000000,0.000000,0.000000,0.000000,0.000000,0.000000,0.000000,0.000000,0.000000,0.000000,0.000000,0.000000,0.000000,0.000000,0,0,0,0
"24,14",0,92229,0,0,56,4,99999,99999,99999,99999,99999,99999,0.000000,0.000000,0.000000,0.000000,0.000000,0.000000,0.000000,0.000000,0.000000,0.000000,0.000000,0.000000,0.000000,0.000000,0,0,0,0
"24,15",0,92229,0,0,56,4,99999,99999,99999,99999,99999,99999,0.000000,0.000000,0.000000,0.000000,0.000000,0.000000,0.000000,0.000000,0.000000,0.000000,0.000000,0.000000,0.000000,0.000000,0,0,0,0
"24,16",0,92229,0,0,8,4,99999,99999,99999,99999,99999,99999,0.000000,0.000000,0.000000,0.000000,0.000000,0.000000,0.000000,0.000000,0.000000,0.000000,0.000000,0.000000,0.000000,0.000000,0,0,0,0
"24,17",0,92229,0,0,7,4,99999,99999,99999,99999,99999,99999,0.000000,0.000000,0.000000,0.000000,0.000000,0.000000,0.000000,0.000000,0.000000,0.000000,0.000000,0.000000,0.000000,0.000000,0,0,0,0
"24,18",0,92229,0,0,8,4,99999,99999,99999,99999,99999,99999,0.000000,0.000000,0.000000,0.000000,0.000000,0.000000,0.000000,0.000000,0.000000,0.000000,0.000000,0.000000,0.000000,0.000000,0,0,0,0
"24,19",0,92229,0,0,7,4,99999,99999,99999,99999,99999,99999,0.000000,0.000000,0.000000,0.000000,0.000000,0.000000,0.000000,0.000000,0.000000,0.000000,0.000000,0.000000,0.000000,0.000000,0,0,0,0
"24,20",0,92229,0,0,8,4,99999,99999,99999,99999,99999,99999,0.000000,0.000000,0.000000,0.000000,0.000000,0.000000,0.000000,0.000000,0.000000,0.000000,0.000000,0.000000,0.000000,0.000000,0,0,0,0
"24,21",0,92229,0,0,4,4,99999,99999,99999,99999,99999,99999,0.000000,0.000000,0.000000,0.000000,0.000000,0.000000,0.000000,0.000000,0.000000,0.000000,0.000000,0.000000,0.000000,0.000000,0,0,0,0
"24,22",0,92229,0,0,4,4,99999,99999,99999,99999,99999,99999,0.000000,0.000000,0.000000,0.000000,0.000000,0.000000,0.000000,0.000000,0.000000,0.000000,0.000000,0.000000,0.000000,0.000000,0,0,0,0
"24,23",0,92229,0,0,4,4,99999,99999,99999,99999,99999,99999,0.000000,0.000000,0.000000,0.000000,0.000000,0.000000,0.000000,0.000000,0.000000,0.000000,0.000000,0.000000,0.000000,0.000000,0,0,0,0
"24,24",0,92229,0,0,4,4,99999,99999,99999,99999,99999,99999,0.000000,0.000000,0.000000,0.000000,0.000000,0.000000,0.000000,0.000000,0.000000,0.000000,0.000000,0.000000,0.000000,0.000000,0,0,0,0
"24,25",0,92229,0,0,4,4,99999,99999,99999,99999,99999,99999,0.000000,0.000000,0.000000,0.000000,0.000000,0.000000,0.000000,0.000000,0.000000,0.000000,0.000000,0.000000,0.000000,0.000000,0,0,0,0
"24,26",0,92229,0,0,4,4,99999,99999,99999,99999,99999,99999,0.000000,0.000000,0.000000,0.000000,0.000000,0.000000,0.000000,0.000000,0.000000,0.000000,0.000000,0.000000,0.000000,0.000000,0,0,0,0
"25,-26",0,92229,0,0,667,4,99999,99999,99999,99999,99999,99999,0.000000,0.000000,0.000000,0.000000,0.000000,0.000000,0.000000,0.000000,0.000000,0.000000,0.000000,0.000000,0.000000,0.000000,0,0,0,0
"25,-25",34,92086,7,1,796,2,1,8,17,0,0,1,1.000000,0.000000,0.000000,0.000000,0.000000,0.000000,0.000000,0.985401,0.014599,0.000000,0.000000,0.000000,0.000000,0.000000,27495,180,275,95
"25,-24",32,91949,7,1,797,2,1,7,31,0,0,1,1.000000,0.000000,0.000000,0.000000,0.000000,0.000000,0.000000,0.977099,0.022901,0.000000,0.000000,0.000000,0.000000,0.000000,27495,180,267,87
"25,-23",32,91814,7,1,790,2,1,10,40,0,0,0,1.000000,0.000000,0.000000,0.000000,0.000000,0.000000,0.000000,0.988636,0.011364,0.000000,0.000000,0.000000,0.000000,0.000000,27495,180,267,87
"25,-22",32,91677,7,1,791,2,1,7,21,0,0,0,1.000000,0.000000,0.000000,0.000000,0.000000,0.000000,0.000000,0.988636,0.011364,0.000000,0.000000,0.000000,0.000000,0.000000,27495,180,266,86
"25,-21",34,91542,7,1,791,2,1,10,32,0,0,0,0.994444,0.005556,0.000000,0.000000,0.000000,0.000000,0.000000,0.988679,0.011321,0.000000,0.000000,0.000000,0.000000,0.000000,27495,180,273,93
"25,-20",32,91516,8,1,792,2,1,8,20,0,0,1,1.000000,0.000000,0.000000,0.000000,0.000000,0.000000,0.000000,0.984848,0.015152,0.000000,0.000000,0.000000,0.000000,0.000000,27495,180,265,85
"25,-19",33,91489,8,1,793,2,1,10,37,0,0,1,1.000000,0.000000,0.000000,0.000000,0.000000,0.000000,0.000000,0.980989,0.019011,0.000000,0.000000,0.000000,0.000000,0.000000,27495,180,272,92
"25,-18",30,91464,8,1,795,2,1,7,20,0,0,1,1.000000,0.000000,0.000000,0.000000,0.000000,0.000000,0.000000,0.980392,0.019608,0.000000,0.000000,0.000000,0.000000,0.000000,27495,180,258,78
"25,-17",40,91435,8,1,796,2,1,17,55,0,0,0,0.994475,0.005525,0.000000,0.000000,0.000000,0.000000,0.000000,0.996633,0.003367,0.000000,0.000000,0.000000,0.000000,0.000000,27561,181,302,121
"25,-16",37,91407,8,1,793,2,1,9,20,0,0,0,1.000000,0.000000,0.000000,0.000000,0.000000,0.000000,0.000000,0.993031,0.006969,0.000000,0.000000,0.000000,0.000000,0.000000,27495,180,289,109
"25,-15",32,91383,8,1,797,2,1,9,21,0,0,1,1.000000,0.000000,0.000000,0.000000,0.000000,0.000000,0.000000,0.973585,0.026415,0.000000,0.000000,0.000000,0.000000,0.000000,27495,180,266,86
"25,-14",38,91357,8,1,793,2,1,10,19,0,0,0,1.000000,0.000000,0.000000,0.000000,0.000000,0.000000,0.000000,0.993080,0.006920,0.000000,0.000000,0.000000,0.000000,0.000000,27495,180,293,113
"25,-13",40,91219,7,1,788,2,1,17,79,0,0,1,0.988889,0.011111,0.000000,0.000000,0.000000,0.000000,0.000000,0.969492,0.030508,0.000000,0.000000,0.000000,0.000000,0.000000,27495,180,301,121
"25,-12",32,91096,7,1,797,2,1,8,15,0,0,0,1.000000,0.000000,0.000000,0.000000,0.000000,0.000000,0.000000,0.992509,0.007491,0.000000,0.000000,0.000000,0.000000,0.000000,27495,180,268,88
"25,-11",37,90969,7,1,793,2,1,11,29,0,0,1,1.000000,0.000000,0.000000,0.000000,0.000000,0.000000,0.000000,0.975265,0.024735,0.000000,0.000000,0.000000,0.000000,0.000000,27495,180,288,108
"25,-10",36,90846,7,1,792,2,1,9,31,0,0,1,1.000000,0.000000,0.000000,0.000000,0.000000,0.000000,0.000000,0.981949,0.018051,0.000000,0.000000,0.000000,0.000000,0.000000,27495,180,285,105
"25,-9",34,90724,7,1,796,2,1,9,34,0,0,1,1.000000,0.000000,0.000000,0.000000,0.000000,0.000000,0.000000,0.978102,0.021898,0.000000,0.000000,0.000000,0.000000,0.000000,27495,180,275,95
"25,-8",0,90724,0,0,672,4,99999,99999,99999,99999,99999,99999,0.000000,0.000000,0.000000,0.000000,0.000000,0.000000,0.000000,0.000000,0.000000,0.000000,0.000000,0.000000,0.000000,0.000000,0,0,0,0
"25,-7",0,90724,0,0,671,4,99999,99999,99999,99999,99999,99999,0.000000,0.000000,0.000000,0.000000,0.000000,0.000000,0.000000,0.000000,0.000000,0.000000,0.000000,0.000000,0.000000,0.000000,0,0,0,0
"25,-6",0,90724,0,0,671,4,99999,99999,99999,99999,99999,99999,0.000000,0.000000,0.000000,0.000000,0.000000,0.000000,0.000000,0.000000,0.000000,0.000000,0.000000,0.000000,0.000000,0.000000,0,0,0,0
"25,-5",0,90724,0,0,674,4,99999,99999,99999,99999,99999,99999,0.000000,0.000000,0.000000,0.000000,0.000000,0.000000,0.000000,0.000000,0.000000,0.000000,0.000000,0.000000,0.000000,0.000000,0,0,0,0
"25,-4",0,90724,0,0,671,4,99999,99999,99999,99999,99999,99999,0.000000,0.000000,0.000000,0.000000,0.000000,0.000000,0.000000,0.000000,0.000000,0.000000,0.000000,0.000000,0.000000,0.000000,0,0,0,0
"25,-3",0,90724,0,0,674,4,99999,99999,99999,99999,99999,99999,0.000000,0.000000,0.000000,0.000000,0.000000,0.000000,0.000000,0.000000,0.000000,0.000000,0.000000,0.000000,0.000000,0.000000,0,0,0,0
"25,-2",0,90724,0,0,676,4,99999,99999,99999,99999,99999,99999,0.000000,0.000000,0.000000,0.000000,0.000000,0.000000,0.000000,0.000000,0.000000,0.000000,0.000000,0.000000,0.000000,0.000000,0,0,0,0
"25,-1",0,90724,0,0,671,4,99999,99999,99999,99999,99999,99999,0.000000,0.000000,0.000000,0.000000,0.000000,0.000000,0.000000,0.000000,0.000000,0.000000,0.000000,0.000000,0.000000,0.000000,0,0,0,0
"25,0",0,90724,0,0,673,4,99999,99999,99999,99999,99999,99999,0.000000,0.000000,0.000000,0.000000,0.000000,0.000000,0.000000,0.000000,0.000000,0.000000,0.000000,0.000000,0.000000,0.000000,0,0,0,0
"25,1",0,90724,0,0,676,4,99999,99999,99999,99999,99999,99999,0.000000,0.000000,0.000000,0.000000,0.000000,0.000000,0.000000,0.000000,0.000000,0.000000,0.000000,0.000000,0.000000,0.000000,0,0,0,0
"25,2",0,90724,0,0,667,4,99999,99999,99999,99999,99999,99999,0.000000,0.000000,0.000000,0.000000,0.000000,0.000000,0.000000,0.000000,0.000000,0.000000,0.000000,0.000000,0.000000,0.000000,0,0,0,0
"25,3",0,90724,0,0,678,4,99999,99999,99999,99999,99999,99999,0.000000,0.000000,0.000000,0.000000,0.000000,0.000000,0.000000,0.000000,0.000000,0.000000,0.000000,0.000000,0.000000,0.000000,0,0,0,0
"25,4",0,90724,0,0,669,4,99999,99999,99999,99999,99999,99999,0.000000,0.000000,0.000000,0.000000,0.000000,0.000000,0.000000,0.000000,0.000000,0.000000,0.000000,0.000000,0.000000,0.000000,0,0,0,0
"25,5",0,90724,0,0,671,4,99999,99999,99999,99999,99999,99999,0.000000,0.000000,0.000000,0.000000,0.000000,0.000000,0.000000,0.000000,0.000000,0.000000,0.000000,0.000000,0.000000,0.000000,0,0,0,0
"25,6",0,90724,0,0,672,4,99999,99999,99999,99999,99999,99999,0.000000,0.000000,0.000000,0.000000,0.000000,0.000000,0.000000,0.000000,0.000000,0.000000,0.000000,0.000000,0.000000,0.000000,0,0,0,0
"25,7",0,90724,0,0,672,4,99999,99999,99999,99999,99999,99999,0.000000,0.000000,0.000000,0.000000,0.000000,0.000000,0.000000,0.000000,0.000000,0.000000,0.000000,0.000000,0.000000,0.000000,0,0,0,0
"25,8",0,90724,0,0,674,4,99999,99999,99999,99999,99999,99999,0.000000,0.000000,0.000000,0.000000,0.000000,0.000000,0.000000,0.000000,0.000000,0.000000,0.000000,0.000000,0.000000,0.000000,0,0,0,0
"25,9",0,90724,0,0,56,4,99999,99999,99999,99999,99999,99999,0.000000,0.000000,0.000000,0.000000,0.000000,0.000000,0.000000,0.000000,0.000000,0.000000,0.000000,0.000000,0.000000,0.000000,0,0,0,0
"25,10",0,90724,0,0,54,4,99999,99999,99999,99999,99999,99999,0.000000,0.000000,0.000000,0.000000,0.000000,0.000000,0.000000,0.000000,0.000000,0.000000,0.000000,0.000000,0.000000,0.000000,0,0,0,0
"25,11",0,90724,0,0,56,4,99999,99999,99999,99999,99999,99999,0.000000,0.000000,0.000000,0.000000,0.000000,0.000000,0.000000,0.000000,0.000000,0.000000,0.000000,0.000000,0.000000,0.000000,0,0,0,0
"25,12",0,90724,0,0,55,4,99999,99999,99999,99999,99999,99999,0.000000,0.000000,0.000000,0.000000,0.000000,0.000000,0.000000,0.000000,0.000000,0.000000,0.000000,0.000000,0.000000,0.000000,0,0,0,0
"25,13",0,90724,0,0,54,4,99999,99999,99999,99999,99999,99999,0.000000,0.000000,0.000000,0.000000,0.000000,0.000000,0.000000,0.000000,0.000000,0.000000,0.000000,0.000000,0.000000,0.000000,0,0,0,0
"25,14",0,90724,0,0,55,4,99999,99999,99999,99999,99999,99999,0.000000,0.000000,0.000000,0.000000,0.000000,0.000000,0.000000,0.000000,0.000000,0.000000,0.000000,0.000000,0.000000,0.000000,0,0,0,0
"25,15",0,90724,0,0,57,4,99999,99999,99999,99999,99999,99999,0.000000,0.000000,0.000000,0.000000,0.000000,0.000000,0.000000,0.000000,0.000000,0.000000,0.000000,0.000000,0.000000,0.000000,0,0,0,0
"25,16",0,90724,0,0,7,4,99999,99999,99999,99999,99999,99999,0.000000,0.000000,0.000000,0.000000,0.000000,0.000000,0.000000,0.000000,0.000000,0.000000,0.000000,0.000000,0.000000,0.000000,0,0,0,0
"25,17",0,90724,0,0,8,4,99999,99999,99999,99999,99999,99999,0.000000,0.000000,0.000000,0.000000,0.000000,0.000000,0.000000,0.000000,0.000000,0.000000,0.000000,0.000000,0.000000,0.000000,0,0,0,0
"25,18",0,90724,0,0,8,4,99999,99999,99999,99999,99999,99999,0.000000,0.000000,0.000000,0.000000,0.000000,0.000000,0.000000,0.000000,0.000000,0.000000,0.000000,0.000000,0.000000,0.000000,0,0,0,0
"25,19",0,90724,0,0,8,4,99999,99999,99999,99999,99999,99999,0.000000,0.000000,0.000000,0.000000,0.000000,0.000000,0.000000,0.000000,0.000000,0.000000,0.000000,0.000000,0.000000,0.000000,0,0,0,0
"25,20",0,90724,0,0,8,4,99999,99999,99999,99999,99999,99999,0.000000,0.000000,0.000000,0.000000,0.000000,0.000000,0.000000,0.000000,0.000000,0.000000,0.000000,0.000000,0.000000,0.000000,0,0,0,0
"25,21",0,90724,0,0,4,4,99999,99999,99999,99999,99999,99999,0.000000,0.000000,0.000000,0.000000,0.000000,0.000000,0.000000,0.000000,0.000000,0.000000,0.000000,0.000000,0.000000,0.000000,0,0,0,0
"25,22",0,90724,0,0,4,4,99999,99999,99999,99999,99999,99999,0.000000,0.000000,0.000000,0.000000,0.000000,0.000000,0.000000,0.000000,0.000000,0.000000,0.000000,0.000000,0.000000,0.000000,0,0,0,0
"25,23",0,90724,0,0,4,4,99999,99999,99999,99999,99999,99999,0.000000,0.000000,0.000000,0.000000,0.000000,0.000000,0.000000,0.000000,0.000000,0.000000,0.000000,0.000000,0.000000,0.000000,0,0,0,0
"25,24",0,90724,0,0,4,4,99999,99999,99999,99999,99999,99999,0.000000,0.000000,0.000000,0.000000,0.000000,0.000000,0.000000,0.000000,0.000000,0.000000,0.000000,0.000000,0.000000,0.000000,0,0,0,0
"25,25",0,90724,0,0,4,4,99999,99999,99999,99999,99999,99999,0.000000,0.000000,0.000000,0.000000,0.000000,0.000000,0.000000,0.000000,0.000000,0.000000,0.000000,0.000000,0.000000,0.000000,0,0,0,0
"25,26",0,90724,0,0,4,4,99999,99999,99999,99999,99999,99999,0.000000,0.000000,0.000000,0.000000,0.000000,0.000000,0.000000,0.000000,0.000000,0.000000,0.000000,0.000000,0.000000,0.000000,0,0,0,0
"26,-26",0,90724,0,0,677,4,99999,99999,99999,99999,99999,99999,0.000000,0.000000,0.000000,0.000000,0.000000,0.000000,0.000000,0.000000,0.000000,0.000000,0.000000,0.000000,0.000000,0.000000,0,0,0,0
"26,-25",0,90724,0,0,668,4,99999,99999,99999,99999,99999,99999,0.000000,0.000000,0.000000,0.000000,0.000000,0.000000,0.000000,0.000000,0.000000,0.000000,0.000000,0.000000,0.000000,0.000000,0,0,0,0
"26,-24",0,90724,0,0,677,4,99999,99999,99999,99999,99999,99999,0.000000,0.000000,0.000000,0.000000,0.000000,0.000000,0.000000,0.000000,0.000000,0.000000,0.000000,0.000000,0.000000,0.000000,0,0,0,0
"26,-23",37,90603,7,1,791,2,1,12,47,0,0,0,0.994444,0.005556,0.000000,0.000000,0.000000,0.000000,0.000000,0.992908,0.007092,0.000000,0.000000,0.000000,0.000000,0.000000,27495,180,288,108
"26,-22",36,90486,7,1,790,2,1,13,18,0,0,1,1.000000,0.000000,0.000000,0.000000,0.000000,0.000000,0.000000,0.985765,0.014235,0.000000,0.000000,0.000000,0.000000,0.000000,27495,180,284,104
"26,-21",40,90363,7,1,798,2,1,12,25,0,0,0,1.000000,0.000000,0.000000,0.000000,0.000000,0.000000,0.000000,0.990000,0.010000,0.000000,0.000000,0.000000,0.000000,0.000000,27495,180,301,121
"26,-20",34,90251,7,1,795,2,1,7,19,0,0,1,1.000000,0.000000,0.000000,0.000000,0.000000,0.000000,0.000000,0.981618,0.018382,0.000000,0.000000,0.000000,0.000000,0.000000,27495,180,276,96
"26,-19",38,90134,7,1,796,2,2,11,17,0,0,1,1.000000,0.000000,0.000000,0.000000,0.000000,0.000000,0.000000,0.986254,0.013746,0.000000,0.000000,0.000000,0.000000,0.000000,27495,180,295,115
"26,-18",31,90030,7,1,796,2,1,8,20,0,0,1,1.000000,0.000000,0.000000,0.000000,0.000000,0.000000,0.000000,0.980769,0.019231,0.000000,0.000000,0.000000,0.000000,0.000000,27495,180,264,84
"26,-17",33,89924,7,1,792,2,1,10,18,0,0,0,0.994444,0.005556,0.000000,0.000000,0.000000,0.000000,0.000000,0.988930,0.011070,0.000000,0.000000,0.000000,0.000000,0.000000,27495,180,272,92
"26,-16",36,89816,7,1,796,2,1,9,16,0,0,0,1.000000,0.000000,0.000000,0.000000,0.000000,0.000000,0.000000,0.992832,0.007168,0.000000,0.000000,0.000000,0.000000,0.000000,27495,180,283,103
"26,-15",33,89713,7,1,793,2,1,8,11,0,0,1,1.000000,0.000000,0.000000,0.000000,0.000000,0.000000,0.000000,0.985130,0.014870,0.000000,0.000000,0.000000,0.000000,0.000000,27561,181,271,90
"26,-14",28,89617,7,1,791,2,1,6,10,0,0,1,1.000000,0.000000,0.000000,0.000000,0.000000,0.000000,0.000000,0.979757,0.020243,0.000000,0.000000,0.000000,0.000000,0.000000,27495,180,251,71
"26,-13",35,89512,7,1,790,2,1,10,23,0,0,1,1.000000,0.000000,0.000000,0.000000,0.000000,0.000000,0.000000,0.978339,0.021661,0.000000,0.000000,0.000000,0.000000,0.000000,27495,180,278,98
"26,-12",33,89410,7,1,795,2,1,12,29,0,0,2,1.000000,0.000000,0.000000,0.000000,0.000000,0.000000,0.000000,0.977358,0.022642,0.000000,0.000000,0.000000,0.000000,0.000000,27495,180,271,91
"26,-11",32,89313,7,1,790,2,1,10,19,0,0,1,1.000000,0.000000,0.000000,0.000000,0.000000,0.000000,0.000000,0.973384,0.026616,0.000000,0.000000,0.000000,0.000000,0.000000,27495,180,266,86
"26,-10",0,89313,0,0,677,4,99999,99999,99999,99999,99999,99999,0.000000,0.000000,0.000000,0.000000,0.000000,0.000000,0.000000,0.000000,0.000000,0.000000,0.000000,0.000000,0.000000,0.000000,0,0,0,0
"26,-9",0,89313,0,0,670,4,99999,99999,99999,99999,99999,99999,0.000000,0.000000,0.000000,0.000000,0.000000,0.000000,0.000000,0.000000,0.000000,0.000000,0.000000,0.000000,0.000000,0.000000,0,0,0,0
"26,-8",0,89313,0,0,666,4,99999,99999,99999,99999,99999,99999,0.000000,0.000000,0.000000,0.000000,0.000000,0.000000,0.000000,0.000000,0.000000,0.000000,0.000000,0.000000,0.000000,0.000000,0,0,0,0
"26,-7",0,89313,0,0,673,4,99999,99999,99999,99999,99999,99999,0.000000,0.000000,0.000000,0.000000,0.000000,0.000000,0.000000,0.000000,0.000000,0.000000,0.000000,0.000000,0.000000,0.000000,0,0,0,0
"26,-6",0,89313,0,0,675,4,99999,99999,99999,99999,99999,99999,0.000000,0.000000,0.000000,0.000000,0.000000,0.000000,0.000000,0.000000,0.000000,0.000000,0.000000,0.000000,0.000000,0.000000,0,0,0,0
"26,-5",0,89313,0,0,667,4,99999,99999,99999,99999,99999,99999,0.000000,0.000000,0.000000,0.000000,0.000000,0.000000,0.000000,0.000000,0.000000,0.000000,0.000000,0.000000,0.000000,0.000000,0,0,0,0
"26,-4",0,89313,0,0,670,4,99999,99999,99999,99999,99999,99999,0.000000,0.000000,0.000000,0.000000,0.000000,0.000000,0.000000,0.000000,0.000000,0.000000,0.000000,0.000000,0.000000,0.000000,0,0,0,0
"26,-3",0,89313,0,0,675,4,99999,99999,99999,99999,99999,99999,0.000000,0.000000,0.000000,0.000000,0.000000,0.000000,0.000000,0.000000,0.000000,0.000000,0.000000,0.000000,0.000000,0.000000,0,0,0,0
"26,-2",0,89313,0,0,668,4,99999,99999,99999,99999,99999,99999,0.000000,0.000000,0.000000,0.000000,0.000000,0.000000,0.000000,0.000000,0.000000,0.000000,0.000000,0.000000,0.000000,0.000000,0,0,0,0
"26,-1",0,89313,0,0,669,4,99999,99999,99999,99999,99999,99999,0.000000,0.000000,0.000000,0.000000,0.000000,0.000000,0.000000,0.000000,0.000000,0.000000,0.000000,0.000000,0.000000,0.000000,0,0,0,0
"26,0",0,89313,0,0,673,4,99999,99999,99999,99999,99999,99999,0.000000,0.000000,0.000000,0.000000,0.000000,0.000000,0.000000,0.000000,0.000000,0.000000,0.000000,0.000000,0.000000,0.000000,0,0,0,0
"26,1",0,89313,0,0,668,4,99999,99999,99999,99999,99999,99999,0.000000,0.000000,0.000000,0.000000,0.000000,0.000000,0.000000,0.000000,0.000000,0.000000,0.000000,0.000000,0.000000,0.000000,0,0,0,0
"26,2",0,89313,0,0,670,4,99999,99999,99999,99999,99999,99999,0.000000,0.000000,0.000000,0.000000,0.000000,0.000000,0.000000,0.000000,0.000000,0.000000,0.000000,0.000000,0.000000,0.000000,0,0,0,0
"26,3",0,89313,0,0,669,4,99999,99999,99999,99999,99999,99999,0.000000,0.000000,0.000000,0.000000,0.000000,0.000000,0.000000,0.000000,0.000000,0.000000,0.000000,0.000000,0.000000,0.000000,0,0,0,0
"26,4",0,89313,0,0,669,4,99999,99999,99999,99999,99999,99999,0.000000,0.000000,0.000000,0.000000,0.000000,0.000000,0.000000,0.000000,0.000000,0.000000,0.000000,0.000000,0.000000,0.000000,0,0,0,0
"26,5",0,89313,0,0,674,4,99999,99999,99999,99999,99999,99999,0.000000,0.000000,0.000000,0.000000,0.000000,0.000000,0.000000,0.000000,0.000000,0.000000,0.000000,0.000000,0.000000,0.000000,0,0,0,0
"26,6",0,89313,0,0,673,4,99999,99999,99999,99999,99999,99999,0.000000,0.000000,0.000000,0.000000,0.000000,0.000000,0.000000,0.000000,0.000000,0.000000,0.000000,0.000000,0.000000,0.000000,0,0,0,0
"26,7",0,89313,0,0,669,4,99999,99999,99999,99999,99999,99999,0.000000,0.000000,0.000000,0.000000,0.000000,0.000000,0.000000,0.000000,0.000000,0.000000,0.000000,0.000000,0.000000,0.000000,0,0,0,0
"26,8",0,89313,0,0,56,4,99999,99999,99999,99999,99999,99999,0.000000,0.000000,0.000000,0.000000,0.000000,0.000000,0.000000,0.000000,0.000000,0.000000,0.000000,0.000000,0.000000,0.000000,0,0,0,0
"26,9",0,89313,0,0,55,4,99999,99999,99999,99999,99999,99999,0.000000,0.000000,0.000000,0.000000,0.000000,0.000000,0.000000,0.000000,0.000000,0.000000,0.000000,0.000000,0.000000,0.000000,0,0,0,0
"26,10",0,89313,0,0,56,4,99999,99999,99999,99999,99999,99999,0.000000,0.000000,0.000000,0.000000,0.000000,0.000000,0.000000,0.000000,0.000000,0.000000,0.000000,0.000000,0.000000,0.000000,0,0,0,0
"26,11",0,89313,0,0,55,4,99999,99999,99999,99999,99999,99999,0.000000,0.000000,0.000000,0.000000,0.000000,0.000000,0.000000,0.000000,0.000000,0.000000,0.000000,0.000000,0.000000,0.000000,0,0,0,0
"26,12",0,89313,0,0,56,4,99999,99999,99999,99999,99999,99999,0.000000,0.000000,0.000000,0.000000,0.000000,0.000000,0.000000,0.000000,0.000000,0.000000,0.000000,0.000000,0.000000,0.000000,0,0,0,0
"26,13",0,89313,0,0,57,4,99999,99999,99999,99999,99999,99999,0.000000,0.000000,0.000000,0.000000,0.000000,0.000000,0.000000,0.000000,0.000000,0.000000,0.000000,0.000000,0.000000,0.000000,0,0,0,0
"26,14",0,89313,0,0,54,4,99999,99999,99999,99999,99999,99999,0.000000,0.000000,0.000000,0.000000,0.000000,0.000000,0.000000,0.000000,0.000000,0.000000,0.000000,0.000000,0.000000,0.000000,0,0,0,0
"26,15",0,89313,0,0,19,4,99999,99999,99999,99999,99999,99999,0.000000,0.000000,0.000000,0.000000,0.000000,0.000000,0.000000,0.000000,0.000000,0.000000,0.000000,0.000000,0.000000,0.000000,0,0,0,0
"26,16",0,89313,0,0,8,4,99999,99999,99999,99999,99999,99999,0.000000,0.000000,0.000000,0.000000,0.000000,0.000000,0.000000,0.000000,0.000000,0.000000,0.000000,0.000000,0.000000,0.000000,0,0,0,0
"26,17",0,89313,0,0,8,4,99999,99999,99999,99999,99999,99999,0.000000,0.000000,0.000000,0.000000,0.000000,0.000000,0.000000,0.000000,0.000000,0.000000,0.000000,0.000000,0.000000,0.000000,0,0,0,0
"26,18",0,89313,0,0,8,4,99999,99999,99999,99999,99999,99999,0.000000,0.000000,0.000000,0.000000,0.000000,0.000000,0.000000,0.000000,0.000000,0.000000,0.000000,0.000000,0.000000,0.000000,0,0,0,0
"26,19",0,89313,0,0,7,4,99999,99999,99999,99999,99999,99999,0.000000,0.000000,0.000000,0.000000,0.000000,0.000000,0.000000,0.000000,0.000000,0.000000,0.000000,0.000000,0.000000,0.000000,0,0,0,0
"26,20",0,89313,0,0,4,4,99999,99999,99999,99999,99999,99999,0.000000,0.000000,0.000000,0.000000,0.000000,0.000000,0.000000,0.000000,0.000000,0.000000,0.000000,0.000000,0.000000,0.000000,0,0,0,0
"26,21",0,89313,0,0,4,4,99999,99999,99999,99999,99999,99999,0.000000,0.000000,0.000000,0.000000,0.000000,0.000000,0.000000,0.000000,0.000000,0.000000,0.000000,0.000000,0.000000,0.000000,0,0,0,0
"26,22",0,89313,0,0,4,4,99999,99999,99999,99999,99999,99999,0.000000,0.000000,0.000000,0.000000,0.000000,0.000000,0.000000,0.000000,0.000000,0.000000,0.000000,0.000000,0.000000,0.000000,0,0,0,0
"26,23",0,89313,0,0,4,4,99999,99999,99999,99999,99999,99999,0.000000,0.000000,0.000000,0.000000,0.000000,0.000000,0.000000,0.000000,0.000000,0.000000,0.000000,0.000000,0.000000,0.000000,0,0,0,0
"26,24",0,89313,0,0,4,4,99999,99999,99999,99999,99999,99999,0.000000,0.000000,0.000000,0.000000,0.000000,0.000000,0.000000,0.000000,0.000000,0.000000,0.000000,0.000000,0.000000,0.000000,0,0,0,0
"26,25",0,89313,0,0,4,4,99999,99999,99999,99999,99999,99999,0.000000,0.000000,0.000000,0.000000,0.000000,0.000000,0.000000,0.000000,0.000000,0.000000,0.000000,0.000000,0.000000,0.000000,0,0,0,0
"26,26",0,89313,0,0,4,4,99999,99999,99999,99999,99999,99999,0.000000,0.000000,0.000000,0.000000,0.000000,0.000000,0.000000,0.000000,0.000000,0.000000,0.000000,0.000000,0.000000,0.000000,0,0,0,0
